case_id,citation,case_title,court_name,decision_date,word_count,effective_stored_type,detected_type,parsed_outcome
2004_YLR_206,2004 YLR 206,"65	2004 YLR 206	HABIB alias HABIBUR REHMAN VS THE STATE - Honorable Justice AZIZULLAH M. MEMON - Mehmood A. Qureshi , Jawed Akhtar	KARACHI-HIGH-COURT-SINDH",High Court of Sindh,2004-01-01,294,headnote_only,headnote_only,unknown
2006_YLR_151,2006 YLR 151,"58	2006 YLR 151	Malik SARDAR MUHAMMAD VS ATA MUHAMMAD - Honorable Justice Maulvi Anwarul Haq - Mian Muhammad Akram , Umar Kamal Khan,Nemo	LAHORE-HIGH-COURT-LAHORE",Lahore High Court,2006-01-01,285,headnote_only,headnote_only,unknown
2006_YLR_1783,2006 YLR 1783,"605	2006 YLR 1783	Mst. BHAGAN VS SULTAN - Honorable Justice Pervez Ahmed - Rana Muzaffar Hussain , Zahid Hussain Khan	LAHORE-HIGH-COURT-LAHORE",Supreme Court of Pakistan,2006-01-01,86,headnote_only,headnote_only,unknown
2006_YLR_1948,2006 YLR 1948,"665	2006 YLR 1948	IMRAN VS State - Honorable Justice Asif Saeed Khan Khosa - Rai Muhammad Tufail Khan Kharal , M. Ishfaq Ahmad Chaudhry for the State with Ghulam Shabbir Khan	LAHORE-HIGH-COURT-LAHORE",Supreme Court of Pakistan,2006-01-01,297,headnote_only,headnote_only,petition_dismissed
2006_YLR_1936,2006 YLR 1936,"661	2006 YLR 1936	State VS ABID HUSSAIN - Honorable Justice KHAWAJA MUHAMMAD SHARIF - Mehmood ul Hassan Qureshi , Mian Abbas Ahmad	LAHORE-HIGH-COURT-LAHORE",Lahore High Court,2006-01-01,223,headnote_only,headnote_only,disposed_of
2006_YLR_1904,2006 YLR 1904,"648	2006 YLR 1904	Mst. NAJMA BIBI VS S. H. O. - Honorable Justice Muhammad Farrukh Mahmud - Sardar Mahmood Iqbal Khakwani , Syed Shaheen Masood Rizvi, A. A.-G., Punjab with Maqbool Ahmad	LAHORE-HIGH-COURT-LAHORE",Lahore High Court,2006-01-01,224,headnote_only,headnote_only,petition_allowed
2006_YLR_1919,2006 YLR 1919,"653	2006 YLR 1919	MUHAMMAD AFZAAL VS State - Honorable Justice M. A. SHAHID SIDDIQUI - Rana Habib-ur-Rehman Khan , Muhammad Sharif	LAHORE-HIGH-COURT-LAHORE",Lahore High Court,2006-01-01,105,headnote_only,headnote_only,unknown
2006_YLR_1964,2006 YLR 1964,"674	2006 YLR 1964	GHULAM FARID VS State - Honorable Justice KHAWAJA MUHAMMAD SHARIF - Malik Muhammad Saleem , Masood Sabir	LAHORE-HIGH-COURT-LAHORE",Supreme Court of Pakistan,2006-01-01,268,headnote_only,headnote_only,unknown
2006_YLR_1859,2006 YLR 1859,"631	2006 YLR 1859	AYUB VS State - Honorable Justice Muhammad Farrukh Mahmud - Abid Hussain Bhutta , M. Sabir Qureshi	LAHORE-HIGH-COURT-LAHORE",Lahore High Court,2006-01-01,121,headnote_only,headnote_only,unknown
2006_YLR_1864,2006 YLR 1864,"634	2006 YLR 1864	ALLAH LOK through Legal Heirs VS ZAKA ULLAH - Honorable Justice Muhammad Sair Ali - C.M. Latif Rawn , Muhammad Hussain Ch. and Khalid Mian	LAHORE-HIGH-COURT-LAHORE",Lahore High Court,2006-01-01,81,headnote_only,headnote_only,revision_dismissed
2006_YLR_1867,2006 YLR 1867,"636	2006 YLR 1867	Mst. ZAMEERAN BIBI VS State - Honorable Justice Ijaz Ahmad Chaudhry - Tariq Zulfiqar Ahmad Chaudhry , M. Shahzad Khan Afridi	LAHORE-HIGH-COURT-LAHORE",Lahore High Court,2006-01-01,139,headnote_only,headnote_only,unknown
2006_YLR_1824,2006 YLR 1824,"615	2006 YLR 1824	GHULAM RASOOL VS Mst. GHULAM FATIMA - Honorable Justice Syed Sakhi Hussain Bokhari - Abdur Rasheed Rashid , Saleem-ud-Din Aftab	LAHORE-HIGH-COURT-LAHORE",Lahore High Court,2006-01-01,275,headnote_only,headnote_only,unknown
2006_YLR_1829,2006 YLR 1829,"618	2006 YLR 1829	MUHAMMAD ASLAM RANA VS Syed ABUZER HUSNAIN BOKHARI - Honorable Justice CH. IJAZ AHMAD - Riasat Ali Chaudhry , M.D. Tahir	LAHORE-HIGH-COURT-LAHORE",Lahore High Court,2006-01-01,247,headnote_only,headnote_only,unknown
2006_YLR_2682,2006 YLR 2682,"909	2006 YLR 2682	LAL DIN VS MUHAMMAD RAFIQUE - Honorable Justice Sheikh Azmat Saeed - Amir Majid Rana , Sakhawat Ali Khan	LAHORE-HIGH-COURT-LAHORE",Supreme Court of Pakistan,2006-01-01,237,headnote_only,headnote_only,revision_dismissed
2006_YLR_2701,2006 YLR 2701,"915	2006 YLR 2701	Mst. IQBAL BIBI VS NOOR DIN - Honorable Justice M.A. Shahid Siddiqui - Ch. Muhammad Yaqoob Sidhu , Syed Ijaz Hussain Rizvi	LAHORE-HIGH-COURT-LAHORE",Supreme Court of Pakistan,2006-01-01,132,headnote_only,headnote_only,unknown
2006_YLR_2938,2006 YLR 2938,"996	2006 YLR 2938	CITIBANK N.A. through Branch Manager VS MUNIR AHMAD GILL - Honorable Justice SYED HAMID ALI SHAH - Shahid Ikram Siddiqui , Aamar Zahoor Chowhan	LAHORE-HIGH-COURT-LAHORE",Supreme Court of Pakistan,2006-01-01,230,headnote_only,headnote_only,unknown
2006_YLR_856,2006 YLR 856,"254	2006 YLR 856	AMAN ULLAH VS HAMEED ULLAH - Honorable Justice Muhammad Akhtar Shabbir - Muhammad Farooq Qureshi Chishti , Mubeen-ud-Din Qazi	LAHORE-HIGH-COURT-LAHORE",Lahore High Court,2006-01-01,150,headnote_only,headnote_only,unknown
2007_YLR_218,2007 YLR 218,"60	2007 YLR 218	SHER MUHAMMAD VS State - Honorable Justice Rahmat Hussain Jafferi - Qurban Ali Malano , Abdul Sattar Soomro	KARACHI-HIGH-COURT-SINDH",High Court of Sindh,2007-01-01,231,headnote_only,headnote_only,unknown
2007_YLR_3009,2007 YLR 3009,"997	2007 YLR 3009	MUHAMMAD NAZEER VS LAHORE DEVELOPMENT AUTHORITY through Director General - Honorable Justice Maulvi Anwarul Haq - Muhammad Saleem Shahnazi , Muhammad Rasheed Ahmad	LAHORE-HIGH-COURT-LAHORE",Lahore High Court,2007-01-01,170,headnote_only,headnote_only,disposed_of
2007_YLR_2890,2007 YLR 2890,"943	2007 YLR 2890	ZAHID NISAR VS State - Honorable Justice Syed Shabbar Raza Rizvi - M.A. Zafar , Asif Mahmood Cheema	LAHORE-HIGH-COURT-LAHORE",Lahore High Court,2007-01-01,114,headnote_only,headnote_only,unknown
2007_YLR_3130,2007 YLR 3130,"1041	2007 YLR 3130	OBIAQWU EZEKEKE VS State - Honorable Justice Asif Saeed Khan Khosa and Sardar Muhammad Aslam - Aftab Ahmed Bajwa , Muhammad Sharif	LAHORE-HIGH-COURT-LAHORE",Lahore High Court,2007-01-01,167,headnote_only,headnote_only,unknown
2007_YLR_441,2007 YLR 441,"152	2007 YLR 441	GOHAR JAVED VS State - Honorable Justice Sh. Hakim Ali - Muhammad Aslam Chaudhry , Ch. Riaz Abroad	LAHORE-HIGH-COURT-LAHORE",Lahore High Court,2007-01-01,280,headnote_only,headnote_only,unknown
2007_YLR_393,2007 YLR 393,"133	2007 YLR 393	Mst. SAIMA VS STATION HOUSE OFFICER, POLICE STATION GHULAM MUHAMMAD ABAD, FAISALABAD - Honorable Justice Ali Nawaz Chowhan - Malik Muhammad Imtiaz Mahl , Ch. Imtiaz Ahmad Loona	LAHORE-HIGH-COURT-LAHORE",Lahore High Court,2007-01-01,18,headnote_only,headnote_only,unknown
2007_YLR_383,2007 YLR 383,"125	2007 YLR 383	RANI BIBI VS NOOR KHAN - Honorable Justice Muhammad Akhtar Shabbir - Syed Ali Raza Gillani , Malik Muhammad Imtiaz Mahl	LAHORE-HIGH-COURT-LAHORE",Supreme Court of Pakistan,2007-01-01,111,headnote_only,headnote_only,unknown
2026_SCMR_812,2026 SCMR 812,MUHAMMAD RIAZ VS ALLAH DITTA & others,Supreme Court of Pakistan,2026-01-15,243,headnote_only,headnote_only,petition_dismissed
2026_SCMR_901,2026 SCMR 901,TARIQ MEHMOOD VS PROVINCE OF PUNJAB & others,Supreme Court of Pakistan,2026-02-02,146,headnote_only,headnote_only,appeal_dismissed
2007_PLD_302,PLD 2007 SC 302,Mian Pir Muhammad and another v. Faqir Muhammad through L.Rs.,Supreme Court of Pakistan,2007,265,headnote_only,headnote_only,appeal_dismissed
2011_SCMR_1062,2011 SCMR 1062,Bashir Ahmed v. Ghulam Rasool,Supreme Court of Pakistan,2011,255,headnote_only,headnote_only,appeal_allowed
2013_SCMR_866,2013 SCMR 866,Allah Ditta v. Muhammad Anar,Supreme Court of Pakistan,2013,195,headnote_only,headnote_only,appeal_allowed
2009_MLD_1204,2009 MLD 1204,"Muhammad Riaz v. Judge Family Court, Rawalpindi and others",Lahore High Court,2009,171,headnote_only,headnote_only,petition_dismissed
2002_CLC_1600,2002 CLC 1600,Muhammad Din v. Mst. Kaneez Fatima and others,Lahore High Court,2002,224,headnote_only,headnote_only,unknown
2021_CLC_123,2021 CLC 123,Muhammad Irfan v. Mst. Shazia Parveen and others,Lahore High Court,2021,213,headnote_only,headnote_only,petition_dismissed
2018_MLD_1148_EXEC,2018 MLD 1148,"Tariq Mehmood v. Additional District Judge, Rawalpindi and others",Lahore High Court,2018,154,headnote_only,headnote_only,unknown
2021_SCMR_1214,2021 SCMR 1214,Shahtaj Sugar Mills Ltd. v. Bank Alfalah Ltd.,Supreme Court of Pakistan,2021,270,headnote_only,headnote_only,appeal_dismissed
2026_SCMR_197,2026 SCMR 197,JAHANGIR alias Jangu VS State - Honorable Justice Malik Shahzad Ahmad Khan - Rehan Iftikhar,Supreme Court of Pakistan,2026,144,headnote_only,headnote_only,appeal_dismissed
2026_SCMR_145,2026 SCMR 145,MUHAMMAD RASHID VS State - Honorable Justice Irfan Saadat Khan - Aftab Alam Yasir,Supreme Court of Pakistan,2026,121,headnote_only,headnote_only,appeal_allowed
2026_SCMR_390,2026 SCMR 390,"ABDUL MAJEED SOHAIL VS MUHAMMAD MEHBOOB-UZ-ZAMAN KHAN - Honorable Justice Irfan Saadat Khan - Abdul Abid , Nemo",Supreme Court of Pakistan,2026,123,headnote_only,headnote_only,leave_refused
2026_SCMR_365,2026 SCMR 365,USMAN MEHBOOB VS State - Honorable Justice Irfan Saadat Khan - Fakhar Hayat,Supreme Court of Pakistan,2026,186,headnote_only,headnote_only,unknown
2026_CLD_39,2026 CLD 39,"Haji ABDUL RAZZAK (DECEASED) VS MCB BANK LIMITED - Honorable Justice Muhammad Osman Ali Hadi - Asim Mansoor Khan and Zeeshan Bashir Khan , Salman Aslam Butt",High Court of Sindh,2026,165,headnote_only,headnote_only,appeal_dismissed
2026_CLD_64,2026 CLD 64,"FIRST NATIONAL EQUITIES LIMITED VS EXECUTIVE DIRECTOR, ADJUDICATION-I - Arsalan Tahir , Mahboob Ahmed",High Court,2026,127,headnote_only,headnote_only,appeal_dismissed
2026_CLD_68,2026 CLD 68,"NOOR HAYAT COTTON GINNERS VS The BANK OF PUNJAB - Honorable Justice Abid Hussain Chattha - Muhammad Sulaman Bhatti , Muhammad Saleem Iqbal",Lahore High Court,2026,175,headnote_only,headnote_only,appeal_dismissed
2026_CLD_102,2026 CLD 102,"HABIB BANK LIMITED VS GHAZI STEEL INDUSTRIES (PRIVATE) LIMITED - Honorable Justice Gul Hassan Tareen - Ajmal Khan Kasi , Zayyad Khan Abbasi",High Court of Balochistan,2026,263,headnote_only,headnote_only,unknown
2026_CLD_260,2026 CLD 260,"SAIF POWER LIMITED VS SUI NORTHERN GAS PIPELINES LIMITED - Honorable Justice Ch. Muhammad Iqbal - Waleed Khalid , Ch. Muhammad Usman",Lahore High Court,2026,213,headnote_only,headnote_only,appeal_dismissed
2026_SCMR_333,2026 SCMR 333,MUHAMMAD ABDULLAH VS State - Honorable Justice Malik Shahzad Ahmad Khan - Agha Intizar Ali Imran,Supreme Court of Pakistan,2026,262,headnote_only,headnote_only,disposed_of
2026_SCMR_317,2026 SCMR 317,MUHAMMAD ALI VS State - Honorable Justice Malik Shahzad Ahmad Khan - Mushtaq Ahmad Mohal,Supreme Court of Pakistan,2026,167,headnote_only,headnote_only,leave_refused
2026_SCMR_480,2026 SCMR 480,"SANOOBER KHAN VS State - Honorable Justice Malik Shahzad Ahmad Khan - Zia-ur-Rehman Tajik , Shah Faisal Nosapi",Supreme Court of Pakistan,2026,189,headnote_only,headnote_only,unknown
2026_SCMR_297,2026 SCMR 297,"MUHAMMAD ARIF KHAN VS COLLECTOR CUSTOMS MODEL CUSTOMS COLLECTORATE (ENFORCEMENT AND COMPLIANCE) CUSTOM HOUSE, JAMRUD, ROAD, PESHAWAR - Honorable Justice Muhammad Shafi Siddiqui - Farhat Nawaz Lodhi , Abdul Rauf Rohaila",Supreme Court of Pakistan,2026,264,headnote_only,headnote_only,unknown
2026_SCMR_1193,2026 SCMR 1193,MUHAMMAD ZUBAIR VS State - Honorable Justice Muhammad Hashim Khan Kakar - Salman Safdar,Supreme Court of Pakistan,2026,173,headnote_only,headnote_only,appeal_allowed
2026_SCMR_582,2026 SCMR 582,ASIF VS State - Honorable Justice Athar Minallah - Arshad Hussain Yousafzai,Supreme Court of Pakistan,2026,198,headnote_only,headnote_only,unknown
2026_SCMR_1125,2026 SCMR 1125,"Malik LIAQUAT ALI (decd.) VS Mst. SHARIFAN BEGUM (decd.) - Honorable Justice Naeem Akhter Afghan - Malik Noor Muhammad Awan , Malik Amjad Pervaiz",Supreme Court of Pakistan,2026,295,headnote_only,headnote_only,leave_refused
2026_SCMR_1095,2026 SCMR 1095,"FEDERAL BOARD OF REVENUE, through Chairman/Secretary, Revenue VS IRSHAD HUSSAIN QAISRANI - Honorable Justice Shakeel Ahmad - Riaz Hussain Azam",Supreme Court of Pakistan,2026,234,headnote_only,headnote_only,leave_refused
2026_SCMR_638,2026 SCMR 638,"ABDUL GHANI VS Mst. ALAM BIBI - Honorable Justice Syed Hasan Azhar Rizvi - Syed Najam-ud-Din Agha , S. Mumtaz H. Baqri",Supreme Court of Pakistan,2026,288,headnote_only,headnote_only,leave_refused
2026_SCMR_445,2026 SCMR 445,MUHAMMAD RAEES VS State - Honorable Justice Athar Minallah - Astaghfirullah,Supreme Court of Pakistan,2026,292,headnote_only,headnote_only,leave_refused
2026_SCMR_406,2026 SCMR 406,"JAMAAT ALI VS BAHADUR - Honorable Justice Shahid Bilal Hassan - Sheikh Naveed Shehryar and Sh. Usman Karim Ud Din , Imran Humayun Cheema and Khawaja Waseem Abbas",Supreme Court of Pakistan,2026,182,headnote_only,headnote_only,appeal_allowed
2026_SCMR_584,2026 SCMR 584,RAHAM GUL VS State - Honorable Justice Muhammad Hashim Khan Kakar - Arshad Hussain Yousafzai,Supreme Court of Pakistan,2026,288,headnote_only,headnote_only,unknown
2026_SCMR_442,2026 SCMR 442,MANAN ALI VS State - Honorable Justice Muhammad Ali Mazhar - Khurram Mahmood Qureshi,Supreme Court of Pakistan,2026,284,headnote_only,headnote_only,unknown
2026_SCMR_429,2026 SCMR 429,"MUHAMMAD USMAN VS FEDERATION OF PAKISTAN through Secretary Finance, Finance Division, Islamabad - Honorable Justice Muhammad Shafi Siddiqui - Ms. Shireen Imran , Rashideen Nawaz Qasoori",Supreme Court of Pakistan,2026,270,headnote_only,headnote_only,appeal_allowed
2026_SCMR_610,2026 SCMR 610,"COMMISSIONER INLAND REVENUE, LAHORE VS SALMAN BUTT - Honorable Justice Muhammad Shafi Siddiqui - Muhammad Saeed Tahir",Supreme Court of Pakistan,2026,181,headnote_only,headnote_only,appeal_allowed
2026_SCMR_1003,2026 SCMR 1003,"PROVINCE OF SINDH VS ALI MUHAMMAD MEMON, CONTRACTOR - Honorable Justice Aqeel Ahmed Abbasi - Sagheer Abbasi , Hussain Bux Baloch",Supreme Court of Pakistan,2026,264,headnote_only,headnote_only,leave_refused
2026_SCMR_792,2026 SCMR 792,HAKEEM VS State - Honorable Justice Athar Minallah - Arshad Hussain Yousafzai,Supreme Court of Pakistan,2026,289,headnote_only,headnote_only,unknown
2026_PTD_286,2026 PTD 286,"DIRECTOR, DIRECTORATE OF INTELLIGENCE AND INVESTIGATION, CUSTOMS, MULTAN VS CUSTOMS APPELLATE TRIBUNAL - Syed Naveed-ul-Hasan Bukhari , Rana Asif Saeed",Lahore High Court,2026,274,headnote_only,headnote_only,unknown
2026_PTD_336,2026 PTD 336,"F.C. SECURITY SERVICES (PVT.) LIMITED, PESHAWAR VS COMMISSIONER INLAND REVENUE, ZONE I, REGIONAL TAX OFFICE, PESHAWAR - Honorable Justice Muhammad Shafi Siddiqui - Jahanzeb Masud , Shahid Raza Malik",Supreme Court of Pakistan,2026,287,headnote_only,headnote_only,leave_refused
2026_CLD_336,2026 CLD 336,"NUNCHI MARINE PTE LTD. VS CNERGYICO PK LIMITED (formerly Byco Petroleum) - Honorable Justice Muhammad Junaid Ghaffar - Abdallah Azzaam Naqvi and Waqar Ahmed , Abdul Ahad Nadeem Ammar Suria",High Court of Sindh,2026,195,headnote_only,headnote_only,unknown
2026_CLD_395,2026 CLD 395,"ADVOCATE MUHAMMAD WASEEM MUKHTAR KHAN VS GOVERNMENT OF THE PUNJAB - Honorable Justice Malik Muhammad Awais Khalid - Muhammad Farooq Warind and Muhammad Asif , Muhammad Azfal Ch., Sardar Abdul Basit Balouch and Rai Shujaat Hussain",Lahore High Court,2026,163,headnote_only,headnote_only,petition_allowed
2026_CLD_444,2026 CLD 444,"Syed SAEED AHMED VS MEHRAN OILS (PVT.) LTD. - Honorable Justice Adnan Iqbal Chaudhry - Ms. Fareeda Mangrio , Shahenshah Hussain, Muhammad Hanif Faisal Alam and Syed Arshad Ali",High Court of Sindh,2026,286,headnote_only,headnote_only,unknown
2026_CLD_583,2026 CLD 583,VS - Honorable Justice Ch. Sultan Mahmood - Barrister Ahmad Pervaiz and Maryam Rasheed,Lahore High Court,2026,279,headnote_only,headnote_only,petition_allowed
2026_CLD_638,2026 CLD 638,"FIRST NATIONAL EQUITIES LIMITED VS DIRECTOR/HOD, ADJUDICATION-I - Arslan Tahir , Mahboob Ahmed",High Court,2026,290,headnote_only,headnote_only,appeal_dismissed
2026_CLD_656,2026 CLD 656,"ALI HAMZA TRADING COMPANY through Managing Partner VS ALLIED BANK LIMITED - Honorable Justice Muhammad Raza Qureshi - Muhammad Suleman Bhatti, Iftikhar Majid and Muhammad Saqib Aziz , Saleem Iqbal",Lahore High Court,2026,204,headnote_only,headnote_only,appeal_allowed
2026_CLD_677,2026 CLD 677,"NEXT CAPITAL LIMITED VS EXECUTIVE DIRECTOR, ADJUDICATION DEPARTMENT-I, SECP - Muhammad Najam Ali , Sohail Qadri",High Court,2026,266,headnote_only,headnote_only,disposed_of
2026_CLD_737,2026 CLD 737,"NPI CONSTRUCTION AND ENGINEERING CONTRACTORS BUILDERS AND MANUFACTURERS VS CHIEF ENGINEER (WEST) PAKISTAN PUBLIC WORKS DEPARTMENT (PWD), QUETTA - Honorable Justice Muhammad Ejaz Swati - Muhammad Masood Khan, Barrister Zahoor Hassan Jamoot and Barrister Atique Muhammad Hassani , Naik Muhammad Lehri",High Court of Balochistan,2026,187,headnote_only,headnote_only,appeal_dismissed
2026_CLD_745,2026 CLD 745,"SALAAM TAKAFUL LIMITED VS DIRECTOR/HOD, ADJUDICATION DEPARTMENT-I, SECP, ISLAMABAD - Christopher Charles and Syed Nayyar Hussain Zaidi , Mubasher Saeed Saddozai",Islamabad High Court,2026,252,headnote_only,headnote_only,unknown
2026_CLD_792,2026 CLD 792,"RASHID AYUB VS TANVIR AHMED KHAN - Honorable Justice Mirza Viqas Rauf - Muhammad Zafar ul Hassan Joya , Nemo",Lahore High Court,2026,266,headnote_only,headnote_only,petition_dismissed
2025_CLD_6,2025 CLD 6,"POPULAR SUGAR MILLS LIMITED VS DISTRICT COLLECTOR, SARGODHA - Honorable Justice Sultan Tanvir Ahmad - Dr. Muhammad Farogh Naseem , Ms. Samia Khalid",Lahore High Court,2025,257,headnote_only,headnote_only,petition_allowed
2025_CLD_86,2025 CLD 86,"UNITY FOODS LTD. VS SECURITIES AND EXCHANGE COMMISSION OF PAKISTAN through Chairman - Honorable Justice Muhammad Shafi Siddiqui, CJ and Omar Sial - Abdul Ahad Nadeem , Arshad Tayebally along with Raja Qasit Nawaz Khan",High Court of Sindh,2025,166,headnote_only,headnote_only,disposed_of
2025_CLD_150,2025 CLD 150,"MUGHALS PAKISTAN (PVT.) LIMITED VS EMPLOYEES OLD AGE BENEFITS INSTITUTION through Director Law, Lahore - Honorable Justice Syed Mansoor Ali Shah - Ahmer Bilal Soofi , Salman Mansoor",Supreme Court of Pakistan,2025,289,headnote_only,headnote_only,disposed_of
2025_CLD_184,2025 CLD 184,"NOORUDDIN FEERASTA VS LAHORE DEVELOPMENT AUTHORITY (LDA) - Honorable Justice Shahid Karim - Syed Ali Zafar, Jahanzeb Sukhaira, Talib Hussain, Asfand Waheed, Muhammad Adeel Chaudhry and Abdul Latif , Muhammad Iftikhar ud Din Riaz, Ahmad Abdul Rehman and Muhammad Umer Rafiq",Lahore High Court,2025,284,headnote_only,headnote_only,petition_dismissed
2025_CLD_217,2025 CLD 217,"JAMIL TARIQ VS NEW JUBILEE INSURANCE COMPANY LIMITED - Honorable Justice Ch. Muhammad Iqbal - Ibrar Ahmed , Barrister Tariq Saeed Rana and Rao Usama",Lahore High Court,2025,263,headnote_only,headnote_only,unknown
2025_CLD_230,2025 CLD 230,"NATIONAL HIGHWAY AUTHORITY VS SARDAR MUHAMMAD ASHRAF D BALOCH (PRIVATE) LIMITED - Honorable Justice Miangul Hassan Aurangzeb - Barrister Muhammad Hassan Alam , Jawad-ur-Rahim Malik",Islamabad High Court,2025,284,headnote_only,headnote_only,appeal_dismissed
2025_CLD_270,2025 CLD 270,"NATIONAL BANK OF PAKISTAN LIMITED VS SAUDI PAK INDUSTRIAL AND AGRICULTURAL INVESTMENT COMPANY (PVT.) LIMITED - Honorable Justice Arbab Ali Hakro - Ms. Naheed A. Shahid , Abdul Qayyum Abbasi",High Court of Sindh,2025,143,headnote_only,headnote_only,appeal_dismissed
1986_PLD_275,1986 PLD 275,Azam Khan v. Azad Khan -  Lahore-High-Court-Lahore,Court of Record,1986-01-01,211,headnote_only,headnote_only,unknown
1986_PLD_279,1986 PLD 279,Nazeer Ahmad v. Hussain Bibi -  Lahore-High-Court-Lahore,Court of Record,1986-01-01,269,headnote_only,headnote_only,unknown
1986_PLD_280,1986 PLD 280,Abdur Rashid v. Member Board Of Revenue Baluchistan -  Quetta-High-Court-Balochistan,Court of Record,1986-01-01,244,headnote_only,headnote_only,remanded
1986_PLD_282,1986 PLD 282,Vs -  Federal-Shariat-Court,Court of Record,1986-01-01,31,headnote_only,headnote_only,unknown
1986_PLD_283,1986 PLD 283,Rehmat Ali Khokar v. Sardaran Bibi -  Lahore-High-Court-Lahore,Court of Record,1986-01-01,174,headnote_only,headnote_only,unknown
1986_PLD_301,1986 PLD 301,Nazar Muhammad Khan v. Pakistan -  Karachi-High-Court-Sindh,Court of Record,1986-01-01,224,headnote_only,headnote_only,unknown
1986_PLD_306,1986 PLD 306,Kamaluddin v. Ahmad Ali Kazmi,Court of Record,1986-01-01,142,headnote_only,headnote_only,unknown
1986_PLD_309,1986 PLD 309,Barkatuallah Khan v. Muhammad Hasan -  Karachi-High-Court-Sindh,Court of Record,1986-01-01,162,headnote_only,headnote_only,unknown
1986_PLD_330,1986 PLD 330,Begum Zaheerul Haq v. Muhammad Younus,Court of Record,1986-01-01,136,headnote_only,headnote_only,unknown
1986_PLD_332,1986 PLD 332,Muhammad Rafique v. Faqir Muhammad,Court of Record,1986-01-01,284,headnote_only,headnote_only,leave_granted
1986_PLD_343,1986 PLD 343,Zafar Iqbal v. Deputy Commissioner,Court of Record,1986-01-01,191,headnote_only,headnote_only,leave_granted
1986_PLD_344,1986 PLD 344,Suleman v. Karim,Court of Record,1986-01-01,137,headnote_only,headnote_only,unknown
1986_PLD_347,1986 PLD 347,The State v. Abdul Wahid -  Karachi-High-Court-Sindh,Court of Record,1986-01-01,142,headnote_only,headnote_only,unknown
1986_PLD_348,1986 PLD 348,Aftab Ali v. The State -  Karachi-High-Court-Sindh,Court of Record,1986-01-01,124,headnote_only,headnote_only,unknown
1986_PLD_349,1986 PLD 349,Imdad Ali Khan v. Pakistan,Court of Record,1986-01-01,275,headnote_only,headnote_only,leave_granted
1986_PLD_351,1986 PLD 351,Ibrahim Abdul Rehman Muhammad v. The State -  Karachi-High-Court-Sindh,Court of Record,1986-01-01,205,headnote_only,headnote_only,unknown
1986_PLD_353,1986 PLD 353,Abu Bakar Khan v. Qamruddin,Court of Record,1986-01-01,84,headnote_only,headnote_only,unknown
1986_PLD_355,1986 PLD 355,The State v. Piass Ali -  Karachi-High-Court-Sindh,Court of Record,1986-01-01,261,headnote_only,headnote_only,unknown
1986_PLD_358,1986 PLD 358,Mobinul Haq Siddiqi v. Miss Hajra Farooqi -  Karachi-High-Court-Sindh,Court of Record,1986-01-01,272,headnote_only,headnote_only,unknown
1986_PLD_371,1986 PLD 371,"Wurttembergische Parfumerie Gmbh v. Assistant Registrar (I) Of Trade Marks, Government Of Pakistan",Court of Record,1986-01-01,90,headnote_only,headnote_only,unknown
1986_PLD_373,1986 PLD 373,Sikandar & Brothers v. Government Of Pakistan -  Karachi-High-Court-Sindh,Court of Record,1986-01-01,274,headnote_only,headnote_only,unknown
1986_PLD_381,1986 PLD 381,Abdul Waris v. Javed Hanif -  Lahore-High-Court-Lahore,Court of Record,1986-01-01,127,headnote_only,headnote_only,unknown
1986_PLD_385,1986 PLD 385,Dilbar v. The State,Court of Record,1986-01-01,193,headnote_only,headnote_only,unknown
1986_PLD_386,1986 PLD 386,Lahore Municipal Corporation v. D.P. Edulji -  Lahore-High-Court-Lahore,Court of Record,1986-01-01,194,headnote_only,headnote_only,unknown
1986_PLD_391,1986 PLD 391,Qasim Al v. Zulfiqar Ali -  Lahore-High-Court-Lahore,Court of Record,1986-01-01,196,headnote_only,headnote_only,unknown
1977_PLD_1077,1977 PLD 1077,Nusrat Elahi v. Chairman Board Of Intermediate And Secondary Education Lahore -  Lahore-High-Court-Lahore,Court of Record,1977-01-01,121,headnote_only,headnote_only,unknown
1986_PLD_399,1986 PLD 399,Zafar Ahma v. Hajran Bibi -  Lahore-High-Court-Lahore,Court of Record,1986-01-01,221,headnote_only,headnote_only,unknown
1986_PLD_407,1986 PLD 407,M. S. Baroba v. Manzoor Ahmed -  Karachi-High-Court-Sindh,Court of Record,1986-01-01,186,headnote_only,headnote_only,unknown
1983_PLD_6,1983 PLD 6,Vs -  Supreme-Court-Azad-Kashmir,Court of Record,1983-01-01,31,headnote_only,headnote_only,unknown
1986_PLD_409,1986 PLD 409,"Federation Of Pakistan v. Standard Insurance Company Ltd., Karachi -  Karachi-High-Court-Sindh",Court of Record,1986-01-01,79,headnote_only,headnote_only,unknown
1986_PLD_418,1986 PLD 418,Tariq v. The State -  Lahore-High-Court-Lahore,Court of Record,1986-01-01,279,headnote_only,headnote_only,unknown
1986_PLD_437,1986 PLD 437,Muhammad Hanif v. The State -  Karachi-High-Court-Sindh,Court of Record,1986-01-01,173,headnote_only,headnote_only,unknown
1986_PLD_444,1986 PLD 444,Bilqees Fatima v. Abdul Razzaq -  Karachi-High-Court-Sindh,Court of Record,1986-01-01,145,headnote_only,headnote_only,unknown
1986_PLD_446,1986 PLD 446,Asif Anwar v. Nishibe Kaike Manufacturing Company Ltd,Court of Record,1986-01-01,185,headnote_only,headnote_only,appeal_dismissed
2011_PLD_490,2011 PLD 490,"Ashiq Hussain Sabri v. Secretary Health, Government Of The Punjab",Court of Record,2011-01-01,219,headnote_only,headnote_only,appeal_dismissed
2011_PLD_473,2011 PLD 473,Chand Bagh Foundation v. Standard Chartered Bank Limited,Court of Record,2011-01-01,284,headnote_only,headnote_only,appeal_allowed
2011_PLD_512,2011 PLD 512,Khalil-Ur-Rehman v. Dr. Manzoor Ahmed,Court of Record,2011-01-01,206,headnote_only,headnote_only,unknown
2011_PLD_516,2011 PLD 516,Ghulam Shabbir v. Muhammad Munir Abbasi,Court of Record,2011-01-01,178,headnote_only,headnote_only,unknown
2011_PLD_511,2011 PLD 511,Muhammad Tanveer v. Muhammad Jamil,Court of Record,2011-01-01,231,headnote_only,headnote_only,unknown
2011_PLD_520,2011 PLD 520,Mst. Niaz Bibi v. Ghulam Mustafa,Court of Record,2011-01-01,287,headnote_only,headnote_only,unknown
2011_PLD_521,2011 PLD 521,Chec-Millwala Dredging Co. (Pvt..) Ltd. v. Allied Bank Of Pakistan Ltd.,Court of Record,2011-01-01,206,headnote_only,headnote_only,unknown
2011_PLD_531,2011 PLD 531,Muhammad Nawaz Sheikh v. Manzar Hassan,Court of Record,2011-01-01,272,headnote_only,headnote_only,unknown
2011_PLD_542,2011 PLD 542,Asif S. Sajan v. Rehan Associates,Court of Record,2011-01-01,279,headnote_only,headnote_only,unknown
1977_PLD_1079,1977 PLD 1079,Ataullah Jahanis v. Abdul Ghani Ghuman -  Lahore-High-Court-Lahore,Court of Record,1977-01-01,116,headnote_only,headnote_only,unknown
2011_PLD_550,2011 PLD 550,"Province Of Punjab Through District Officer (Revenue), District Collector, Kasur v. Border Area Committee Through Chairman",Court of Record,2011-01-01,267,headnote_only,headnote_only,unknown
2011_PLD_555,2011 PLD 555,"Muhammad Abdullah Riaz v. University Of Health Sciences (Uhs), Lahore",Court of Record,2011-01-01,283,headnote_only,headnote_only,petition_dismissed
1985_PLD_54,1985 PLD 54,Sharaf Khatoon v. Abdul Majeed -  Quetta-High-Court-Balochistan,Court of Record,1985-01-01,147,headnote_only,headnote_only,unknown
1985_PLD_55,1985 PLD 55,Vs -  Supreme-Court-Azad-Kashmir,Court of Record,1985-01-01,31,headnote_only,headnote_only,unknown
1985_PLD_56,1985 PLD 56,Vs -  Supreme-Court-Azad-Kashmir,Court of Record,1985-01-01,31,headnote_only,headnote_only,unknown
1985_PLD_60,1985 PLD 60,Vs -  Supreme-Court-Azad-Kashmir,Court of Record,1985-01-01,31,headnote_only,headnote_only,unknown
1985_PLD_61,1985 PLD 61,Vs -  Supreme-Court-Azad-Kashmir,Court of Record,1985-01-01,31,headnote_only,headnote_only,unknown
1985_PLD_62,1985 PLD 62,Vs -  Supreme-Court-Azad-Kashmir,Court of Record,1985-01-01,31,headnote_only,headnote_only,unknown
2011_PLD_671,2011 PLD 671,"Sindh High Court Bar Association Through Secretary v. Federation Of Pakistan Through Secretary, Ministry Of Law And Justice, Islamabad - Rashid A. Rizvi, Muhammad Akram Sheikh , Sardar Muhammad Latif Khan Khosa",Court of Record,2011-01-01,295,headnote_only,headnote_only,unknown
2011_PLD_796,2011 PLD 796,Faqir Muhammad v. The State,Court of Record,2011-01-01,222,headnote_only,headnote_only,appeal_allowed
1986_PLD_477,1986 PLD 477,Zulfiqar Ahmad v. The State,Court of Record,1986-01-01,175,headnote_only,headnote_only,leave_granted
1983_PLD_7,1983 PLD 7,Vs -  Supreme-Court-Azad-Kashmir,Court of Record,1983-01-01,31,headnote_only,headnote_only,unknown
2011_PLD_961,2011 PLD 961,Ch. Muhammad Ilyas Gujjar v. Chief Election Commissioner Of Pakistan,Court of Record,2011-01-01,259,headnote_only,headnote_only,unknown
1986_PLD_497,1986 PLD 497,Muhammad Yaqub v. Muhammad Nasrullah Khan,Court of Record,1986-01-01,88,headnote_only,headnote_only,unknown
1985_PLD_77,1985 PLD 77,Vs -  Supreme-Court-Azad-Kashmir,Court of Record,1985-01-01,31,headnote_only,headnote_only,unknown
2010_PLD_1,2010 PLD 1,"Ameen General Enterprises Through Managing Director v. Azad Jammu And Kashmir Govenrment Through Chief Secretary, Muzaffarabad",Court of Record,2010-01-01,278,headnote_only,headnote_only,unknown
2010_PLD_4,2010 PLD 4,"Chairman, Evacuee Trust Property Board, Government Of Pakistan, Lahore v. President Of Quetta Hindu Punchayat Masjid Road, Quetta",Court of Record,2010-01-01,272,headnote_only,headnote_only,revision_dismissed
2010_PLD_7,2010 PLD 7,Aurangzaib Shah Alias Aurang Shah v. The State,Court of Record,2010-01-01,246,headnote_only,headnote_only,disposed_of
1986_PLD_560,1986 PLD 560,S. M. Rehmatullah v. The State -  Karachi-High-Court-Sindh,Court of Record,1986-01-01,105,headnote_only,headnote_only,remanded
1986_PLD_447,1986 PLD 447,Compagine Continental (France) S. A. v. Pakistan National Shipping Corporation,Court of Record,1986-01-01,105,headnote_only,headnote_only,unknown
1984_PLC(CS)_771,1984 PLC(CS) 1526,"MUHAMMAD RIAZ SHAHID v. ASSISTANT COMMISSIONER, BAHAWALNAGAR",Honorable Justice S. Abdul Jabbar Khan - Service-Tribunal-Punjab,1984-01-01,70,headnote_only,headnote_only,unknown
2010_PLD_19,2010 PLD 19,Sikandar Hayat v. Hasina Sheikh,Court of Record,2010-01-01,242,headnote_only,headnote_only,unknown
2010_PLD_30,2010 PLD 30,Muhammad Azam Alias Aslam v. The State,Court of Record,2010-01-01,240,headnote_only,headnote_only,unknown
1986_PLD_452,1986 PLD 452,United Distributors Ltd. v. Monopoly Control Authority -  Karachi-High-Court-Sindh,Court of Record,1986-01-01,245,headnote_only,headnote_only,unknown
1986_PLD_473,1986 PLD 473,Bijan Mubashar v. The State -  Karachi-High-Court-Sindh,Court of Record,1986-01-01,173,headnote_only,headnote_only,remanded
1986_PLD_476,1986 PLD 476,"Abdul Razzak v. Abdul Rauf - , Munawar Abbas Karachi-High-Court-Sindh",Court of Record,1986-01-01,197,headnote_only,headnote_only,unknown
1986_PLD_561,1986 PLD 561,Rustam v. The State,Court of Record,1986-01-01,98,headnote_only,headnote_only,unknown
1986_PLD_481,1986 PLD 481,Muhammad Zulfiqar v. The State,Court of Record,1986-01-01,282,headnote_only,headnote_only,leave_granted
1986_PLD_483,1986 PLD 483,Kanwar Ijaz Ali v. Irshad Ali,Court of Record,1986-01-01,268,headnote_only,headnote_only,unknown
1986_PLD_487,1986 PLD 487,Muhammad Abdullah v. Abdul Wakil,Court of Record,1986-01-01,156,headnote_only,headnote_only,unknown
1986_PLD_499,1986 PLD 499,A. Ismailjee & Sons Ltd v. Pakistan,Court of Record,1986-01-01,224,headnote_only,headnote_only,unknown
1986_PLD_516,1986 PLD 516,Nazar Muhammad Khan v. Pakistan -  Karachi-High-Court-Sindh,Court of Record,1986-01-01,110,headnote_only,headnote_only,unknown
1986_PLD_519,1986 PLD 519,Muhammad Shaf v. Allah Dad Khan,Court of Record,1986-01-01,188,headnote_only,headnote_only,unknown
1986_PLD_525,1986 PLD 525,Abdul Ghaffar Lakhani v. Federal Government Of Pakistan -  Karachi-High-Court-Sindh,Court of Record,1986-01-01,255,headnote_only,headnote_only,unknown
1986_PLD_563,1986 PLD 563,National Insurance Corporation v. Juma Khan -  Karachi-High-Court-Sindh,Court of Record,1986-01-01,158,headnote_only,headnote_only,unknown
1986_PLD_539,1986 PLD 539,Aisha Khanum v. Ehsanullah Khan,Court of Record,1986-01-01,234,headnote_only,headnote_only,leave_granted
1986_PLD_542,1986 PLD 542,Muhammad Asgha v. Shah Muhammad Awan,Court of Record,1986-01-01,132,headnote_only,headnote_only,unknown
1986_PLD_550,1986 PLD 550,The State v. Afaq Ali,Court of Record,1986-01-01,213,headnote_only,headnote_only,unknown
1986_PLD_556,1986 PLD 556,Commissioner Of Income-Tax East Zone Karachi v. Iqbal Engineering Works,Court of Record,1986-01-01,143,headnote_only,headnote_only,unknown
1986_PLD_564,1986 PLD 564,Abu Dawood Muhammad Sadiq v. Registration Officer,Court of Record,1986-01-01,238,headnote_only,headnote_only,unknown
1986_PLD_567,1986 PLD 567,Muhammad Riaz v. The State -  Karachi-High-Court-Sindh,Court of Record,1986-01-01,137,headnote_only,headnote_only,unknown
1986_PLD_570,1986 PLD 570,Alley Hassan v. The State -  Karachi-High-Court-Sindh,Court of Record,1986-01-01,162,headnote_only,headnote_only,unknown
1986_PLD_616,1986 PLD 616,Pakistan Industrial Development Corporation v. Nizamuddin -  Karachi-High-Court-Sindh,Court of Record,1986-01-01,115,headnote_only,headnote_only,unknown
1986_PLD_621,1986 PLD 621,Husna v. Mushtaq Ali -  Karachi-High-Court-Sindh,Court of Record,1986-01-01,165,headnote_only,headnote_only,remanded
1986_PLD_623,1986 PLD 623,"Khushi Muhammad v. Chief Land Commissioner, Sindh -  Karachi-High-Court-Sindh",Court of Record,1986-01-01,267,headnote_only,headnote_only,disposed_of
1986_PLD_629,1986 PLD 629,"Gul Khan v. The State - , Zawar Hussain Jafferi, A. A.-G. Karachi-High-Court-Sindh",Court of Record,1986-01-01,187,headnote_only,headnote_only,unknown
1986_PLD_633,1986 PLD 633,"Fakir Muhammad v. Meeran Bux - , Shaikh Ayaz Karachi-High-Court-Sindh",Court of Record,1986-01-01,108,headnote_only,headnote_only,unknown
1986_PLD_637,1986 PLD 637,Manzoor Ahmad v. Karim Bux -  Karachi-High-Court-Sindh,Court of Record,1986-01-01,221,headnote_only,headnote_only,unknown
1986_PLD_646,1986 PLD 646,Wazir v. The State -  Karachi-High-Court-Sindh,Court of Record,1986-01-01,189,headnote_only,headnote_only,unknown
1986_PLD_648,1986 PLD 648,Noor Ahmad Alias Shishoo v. Station House Officer -  Karachi-High-Court-Sindh,Court of Record,1986-01-01,213,headnote_only,headnote_only,unknown
1986_PLD_684,1986 PLD 684,Vs,Court of Record,1986-01-01,199,headnote_only,headnote_only,leave_granted
1985_PLD_78,1985 PLD 78,Muhammad Sarwar v. Niaz Ahmad -  Lahore-High-Court-Lahore,Court of Record,1985-01-01,195,headnote_only,headnote_only,unknown
1986_PLD_717,1986 PLD 717,Muhammad Khan v. Abdul Khaliq,Court of Record,1986-01-01,124,headnote_only,headnote_only,unknown
1986_PLD_731,1986 PLD 731,Commissioner Of Sales Tax v. Shaiq Corporation Limited,Court of Record,1986-01-01,231,headnote_only,headnote_only,leave_granted
1986_PLD_737,1986 PLD 737,Rashid Ahmad v. Asghar Ali,Court of Record,1986-01-01,212,headnote_only,headnote_only,unknown
1985_PLD_1,1985 PLD 1,Vs -  Supreme-Court-Azad-Kashmir,Court of Record,1985-01-01,31,headnote_only,headnote_only,unknown
1985_PLD_4,1985 PLD 4,The Stat v. Khaliq Dad -  Karachi-High-Court-Sindh,Court of Record,1985-01-01,116,headnote_only,headnote_only,unknown
1985_PLD_6,1985 PLD 6,Vs -  Federal-Shariat-Court,Court of Record,1985-01-01,31,headnote_only,headnote_only,unknown
1985_PLD_8,1985 PLD 8,Vs -  Federal-Shariat-Court,Court of Record,1985-01-01,31,headnote_only,headnote_only,unknown
1985_PLD_24,1985 PLD 24,Vs -  Supreme-Court-Azad-Kashmir,Court of Record,1985-01-01,31,headnote_only,headnote_only,unknown
1985_PLD_27,1985 PLD 27,The State v. Aziz -  Karachi-High-Court-Sindh,Court of Record,1985-01-01,275,headnote_only,headnote_only,unknown
1985_PLD_28,1985 PLD 28,Govt. Of The Punjab v. Ijaz Hasan Qureshi,Court of Record,1985-01-01,203,headnote_only,headnote_only,leave_granted
1985_PLD_29,1985 PLD 29,Dawoo v. Jamilur Rehman -  Quetta-High-Court-Balochistan,Court of Record,1985-01-01,233,headnote_only,headnote_only,unknown
1985_PLD_36,1985 PLD 36,The State v. Mukhtar Alias Mokhi,Court of Record,1985-01-01,281,headnote_only,headnote_only,leave_granted
1985_PLD_37,1985 PLD 37,Volkervam (Pakistan) Ltd. v. Sind Employees' Social Security Institution -  Karachi-High-Court-Sindh,Court of Record,1985-01-01,219,headnote_only,headnote_only,remanded
1985_PLD_38,1985 PLD 38,Arshad Umar v. Begum Nazrul Askari,Court of Record,1985-01-01,218,headnote_only,headnote_only,leave_granted
1985_PLD_39,1985 PLD 39,Vs -  Supreme-Court-Azad-Kashmir,Court of Record,1985-01-01,31,headnote_only,headnote_only,unknown
1985_PLD_41,1985 PLD 41,Vs -  Supreme-Court-Azad-Kashmir,Court of Record,1985-01-01,31,headnote_only,headnote_only,unknown
1985_PLD_65,1985 PLD 65,Vs -  Supreme-Court-Azad-Kashmir,Court of Record,1985-01-01,31,headnote_only,headnote_only,unknown
1985_PLD_69,1985 PLD 69,Vs -  Supreme-Court-Azad-Kashmir,Court of Record,1985-01-01,31,headnote_only,headnote_only,unknown
1985_PLD_71,1985 PLD 71,Industrial Development Bank Of Pakistan v. Haji Dossa Ltd. -  Karachi-High-Court-Sindh,Court of Record,1985-01-01,243,headnote_only,headnote_only,unknown
1985_PLD_74,1985 PLD 74,Vs -  Supreme-Court-Azad-Kashmir,Court of Record,1985-01-01,31,headnote_only,headnote_only,unknown
1985_PLD_80,1985 PLD 80,Sher Muhammad Kha v. Province Of Sind -  Karachi-High-Court-Sindh,Court of Record,1985-01-01,209,headnote_only,headnote_only,unknown
1985_PLD_81,1985 PLD 81,"Amin Jan v. Director-General, T & T -  Lahore-High-Court-Lahore",Court of Record,1985-01-01,229,headnote_only,headnote_only,unknown
1985_PLD_83,1985 PLD 83,Vs -  Supreme-Court-Azad-Kashmir,Court of Record,1985-01-01,31,headnote_only,headnote_only,unknown
1985_PLD_85,1985 PLD 85,Vs -  Supreme-Court-Azad-Kashmir,Court of Record,1985-01-01,31,headnote_only,headnote_only,unknown
1985_PLD_512,1985 PLD 512,Pathani v. Murtaza -  Lahore-High-Court-Lahore,Court of Record,1985-01-01,141,headnote_only,headnote_only,unknown
1985_PLD_86,1985 PLD 86,Muhammad Ismail v. Mussarat Zamamni,Court of Record,1985-01-01,214,headnote_only,headnote_only,leave_granted
1985_PLD_89,1985 PLD 89,A. B .P. v. Kohinoor Cotton Mills Ltd. -  Lahore-High-Court-Lahore,Court of Record,1985-01-01,261,headnote_only,headnote_only,unknown
1985_PLD_91,1985 PLD 91,Vs -  Supreme-Court-Azad-Kashmir,Court of Record,1985-01-01,31,headnote_only,headnote_only,unknown
1985_PLD_93,1985 PLD 93,Vs -  Supreme-Court-Azad-Kashmir,Court of Record,1985-01-01,31,headnote_only,headnote_only,unknown
1985_PLD_105,1985 PLD 105,Muhammad Kha v. Khan Bibi -  Quetta-High-Court-Balochistan,Court of Record,1985-01-01,172,headnote_only,headnote_only,unknown
1985_PLD_94,1985 PLD 94,Shalay v. Memberii Board Of Revenue Baluchistan Quetta -  Quetta-High-Court-Balochistan,Court of Record,1985-01-01,266,headnote_only,headnote_only,unknown
1985_PLD_95,1985 PLD 95,Vs -  Supreme-Court-Azad-Kashmir,Court of Record,1985-01-01,31,headnote_only,headnote_only,unknown
1985_PLD_97,1985 PLD 97,Vs -  Supreme-Court-Azad-Kashmir,Court of Record,1985-01-01,31,headnote_only,headnote_only,unknown
1985_PLD_100,1985 PLD 100,N. B. P. v. Muhammad Asif Ahmed -  Quetta-High-Court-Balochistan,Court of Record,1985-01-01,221,headnote_only,headnote_only,unknown
1985_PLD_101,1985 PLD 101,Chiragh v. Nizam Din -  Lahore-High-Court-Lahore,Court of Record,1985-01-01,297,headnote_only,headnote_only,unknown
1985_PLD_103,1985 PLD 103,Vs -  Supreme-Court-Azad-Kashmir,Court of Record,1985-01-01,31,headnote_only,headnote_only,unknown
1985_PLD_109,1985 PLD 109,"Habib Insurance Co. Ltd. v. Commissioner Of Income-Tax (Central), Karachi",Court of Record,1985-01-01,274,headnote_only,headnote_only,leave_granted
1985_PLD_112,1985 PLD 112,Bibi Abida v. Sind Labour Appellate Tribunal -  Karachi-High-Court-Sindh,Court of Record,1985-01-01,244,headnote_only,headnote_only,unknown
1985_PLD_113,1985 PLD 113,Vs -  Supreme-Court-Azad-Kashmir,Court of Record,1985-01-01,31,headnote_only,headnote_only,unknown
1985_PLD_115,1985 PLD 115,Shanaz Bibi v. Zulfiqal Ali -  Lahore-High-Court-Lahore,Court of Record,1985-01-01,213,headnote_only,headnote_only,unknown
1985_PLD_117,1985 PLD 117,Akbar Ali v. Assandas -  Karachi-High-Court-Sindh,Court of Record,1985-01-01,207,headnote_only,headnote_only,unknown
1985_PLD_118,1985 PLD 118,Commissioner Of Income-Tax Karachi v. Shennihen Steamshipco. Ltd.,Court of Record,1985-01-01,280,headnote_only,headnote_only,unknown
1985_PLD_119,1985 PLD 119,Vs -  Supreme-Court-Azad-Kashmir,Court of Record,1985-01-01,31,headnote_only,headnote_only,unknown
1985_PLD_120,1985 PLD 120,Vs -  Federal-Shariat-Court,Court of Record,1985-01-01,31,headnote_only,headnote_only,unknown
1985_PLD_132,1985 PLD 132,"Universal Brushes Ltd. v. Superintendent, Central Excise & Land Customs -  Karachi-High-Court-Sindh",Court of Record,1985-01-01,171,headnote_only,headnote_only,unknown
1985_PLD_133,1985 PLD 133,Ali Hassa v. The State -  Quetta-High-Court-Balochistan,Court of Record,1985-01-01,119,headnote_only,headnote_only,unknown
1985_PLD_134,1985 PLD 134,Vs -  Federal-Shariat-Court,Court of Record,1985-01-01,31,headnote_only,headnote_only,unknown
1985_PLD_135,1985 PLD 135,Muhammad Saleem v. Provincial Election Authority Sind -  Karachi-High-Court-Sindh,Court of Record,1985-01-01,249,headnote_only,headnote_only,unknown
1985_PLD_139,1985 PLD 139,Ghulam Muhammad v. Assistant Commissioner -  Quetta-High-Court-Balochistan,Court of Record,1985-01-01,106,headnote_only,headnote_only,remanded
1985_PLD_140,1985 PLD 140,Vs -  Supreme-Court-Azad-Kashmir,Court of Record,1985-01-01,31,headnote_only,headnote_only,unknown
1985_PLD_142,1985 PLD 142,Malik Din v. Manzoor Ali -  Quetta-High-Court-Balochistan,Court of Record,1985-01-01,203,headnote_only,headnote_only,unknown
1985_PLD_144,1985 PLD 144,Sher Zaman v. Muhammad Ishaq,Court of Record,1985-01-01,260,headnote_only,headnote_only,unknown
1985_PLD_145,1985 PLD 145,Mayfair Consultancy Services Overseas Employment Promoter v. Islamic Republic Of Paksitan -  Karachi-High-Court-Sindh,Court of Record,1985-01-01,105,headnote_only,headnote_only,unknown
1985_PLD_148,1985 PLD 148,Abdus Sttar v. Muhammad Afzal,Court of Record,1985-01-01,290,headnote_only,headnote_only,unknown
1985_PLD_150,1985 PLD 150,"Crescent Factories Vegetable Ghee Mills v. N. B. P. District Courts Branch, Sahiwal -  Lahore-High-Court-Lahore",Court of Record,1985-01-01,227,headnote_only,headnote_only,unknown
1985_PLD_158,1985 PLD 158,Bashir Ahma v. The State -  Lahore-High-Court-Lahore,Court of Record,1985-01-01,238,headnote_only,headnote_only,unknown
1985_PLD_160,1985 PLD 160,Vs -  Federal-Shariat-Court,Court of Record,1985-01-01,31,headnote_only,headnote_only,unknown
1985_PLD_167,1985 PLD 167,Sardar Khan v. Abdul Ghaffar -  Quetta-High-Court-Balochistan,Court of Record,1985-01-01,224,headnote_only,headnote_only,unknown
1985_PLD_173,1985 PLD 173,Muhammad Shafi v. The State -  Lahore-High-Court-Lahore,Court of Record,1985-01-01,177,headnote_only,headnote_only,unknown
1985_PLD_174,1985 PLD 174,"Saeeda Nighat Madni v. Member, Federal Land Commission -  Lahore-High-Court-Lahore",Court of Record,1985-01-01,212,headnote_only,headnote_only,unknown
1985_PLD_178,1985 PLD 178,Orient Fashions Ltd. v. N. B. P. -  Karachi-High-Court-Sindh,Court of Record,1985-01-01,245,headnote_only,headnote_only,unknown
1985_PLD_181,1985 PLD 181,Abdus Sttar v. Muhammad Afzal -  Lahore-High-Court-Lahore,Court of Record,1985-01-01,286,headnote_only,headnote_only,unknown
1985_PLD_182,1985 PLD 182,Muhammad Sadi v. Sadiq,Court of Record,1985-01-01,182,headnote_only,headnote_only,leave_granted
1985_PLD_594,1985 PLD 594,Salimuddin v. The State -  Karachi-High-Court-Sindh,Court of Record,1985-01-01,119,headnote_only,headnote_only,unknown
1985_PLD_188,1985 PLD 188,A. B. L. v. Faiz Ahmad Manzoor Ahmad -  Lahore-High-Court-Lahore,Court of Record,1985-01-01,162,headnote_only,headnote_only,unknown
1985_PLD_192,1985 PLD 192,"Salahuddin Khan v. Member, Board Of Revenue Iii - , Tahir Muhammad Khan Quetta-High-Court-Balochistan",Court of Record,1985-01-01,145,headnote_only,headnote_only,unknown
1985_PLD_193,1985 PLD 193,Vs -  Federal-Shariat-Court,Court of Record,1985-01-01,31,headnote_only,headnote_only,unknown
1985_PLD_195,1985 PLD 195,Khalilur Rehman Khan v. Province Of Punjab,Court of Record,1985-01-01,272,headnote_only,headnote_only,leave_granted
1985_PLD_202,1985 PLD 202,"Muhammad Yamin v. Military Estate Officer - , Muhammad Nawaz Ahmed Marri Quetta-High-Court-Balochistan",Court of Record,1985-01-01,118,headnote_only,headnote_only,unknown
1985_PLD_203,1985 PLD 203,Abdul Aziz Khan v. Abdur Rehman -  Lahore-High-Court-Lahore,Court of Record,1985-01-01,83,headnote_only,headnote_only,unknown
1985_PLD_205,1985 PLD 205,Aidoo v. Collector/Deputy Commissioner Lasbella District Uthal -  Quetta-High-Court-Balochistan,Court of Record,1985-01-01,110,headnote_only,headnote_only,unknown
1985_PLD_207,1985 PLD 207,Muhammad Rafique v. The State,Court of Record,1985-01-01,216,headnote_only,headnote_only,unknown
1984_PLD_8,1984 PLD 8,Jamia Industries Ltd. v. Caltex Oil (Pak.) Ltd.,Court of Record,1984-01-01,220,headnote_only,headnote_only,leave_granted
1984_PLD_9,1984 PLD 9,Vs -  Supreme-Court-Azad-Kashmir,Court of Record,1984-01-01,31,headnote_only,headnote_only,unknown
1984_PLD_11,1984 PLD 11,"Habibullah Khan v. Collector, Quetta -  Quetta-High-Court-Balochistan",Court of Record,1984-01-01,254,headnote_only,headnote_only,unknown
1984_PLD_12,1984 PLD 12,Samundar Khan v. Ali Zaman,Court of Record,1984-01-01,158,headnote_only,headnote_only,unknown
1984_PLD_13,1984 PLD 13,Vs -  Supreme-Court-Azad-Kashmir,Court of Record,1984-01-01,31,headnote_only,headnote_only,unknown
1984_PLD_20,1984 PLD 20,Sarwar v. The State -  Federal-Shariat-Court,Court of Record,1984-01-01,198,headnote_only,headnote_only,unknown
1984_PLD_15,1984 PLD 15,Vs -  Supreme-Court-Azad-Kashmir,Court of Record,1984-01-01,31,headnote_only,headnote_only,unknown
1984_PLD_16,1984 PLD 16,Vs -  Supreme-Court-Azad-Kashmir,Court of Record,1984-01-01,31,headnote_only,headnote_only,unknown
1984_PLD_18,1984 PLD 18,"Kh. Muhammad Khan v. Member, Board Of Revenue, N.W. F. P., Peshawar",Court of Record,1984-01-01,145,headnote_only,headnote_only,unknown
1984_PLD_19,1984 PLD 19,Vs -  Supreme-Court-Azad-Kashmir,Court of Record,1984-01-01,31,headnote_only,headnote_only,unknown
1984_PLD_21,1984 PLD 21,Vs -  Supreme-Court-Azad-Kashmir,Court of Record,1984-01-01,31,headnote_only,headnote_only,unknown
1984_PLD_25,1984 PLD 25,Mst. Noor-Un-Nisa v. Muhammad Sarwar,Court of Record,1984-01-01,97,headnote_only,headnote_only,unknown
1984_PLD_26,1984 PLD 26,Zahoor Ahmad v. Nazir Ahmad -  Lahore-High-Court-Lahore,Court of Record,1984-01-01,107,headnote_only,headnote_only,unknown
1984_PLD_27,1984 PLD 27,Vs -  Supreme-Court-Azad-Kashmir,Court of Record,1984-01-01,31,headnote_only,headnote_only,unknown
1984_PLD_28,1984 PLD 28,Paksitan Pipe & Construction Co Ltd. v. City Mukhtiaraka -  Karachi-High-Court-Sindh,Court of Record,1984-01-01,205,headnote_only,headnote_only,unknown
1984_PLD_29,1984 PLD 29,Vs -  Supreme-Court-Azad-Kashmir,Court of Record,1984-01-01,31,headnote_only,headnote_only,unknown
1984_PLD_30,1984 PLD 30,Vs -  Supreme-Court-Azad-Kashmir,Court of Record,1984-01-01,31,headnote_only,headnote_only,unknown
1984_PLD_32,1984 PLD 32,"Aftab Hussain, C. J, All Hussain Qazilbash, Ch. Muhammad Siddiqi And Malik Ghulam Ali v. The Evacuee Trust Properties Management And Disposal) Act (Xui Of 1975) -  Federal-Shariat-Court",Court of Record,1984-01-01,144,headnote_only,headnote_only,unknown
1984_PLD_33,1984 PLD 33,"Aftab Hussain, C J., Ali Hussain Qazilbash, Ch. Muhammad Siddiq And Malik Ghulam Ali v. The Evacuee Property And Displaced Persons Laws (Repeal) Act -  Federal-Shariat-Court",Court of Record,1984-01-01,115,headnote_only,headnote_only,unknown
1984_PLD_34,1984 PLD 34,"Aftab Hussain, C. J., Ali Hussain Qazilbash, Ch. Muhammad Siddiq And Malik Ghulam All v. The Civil Servants Act (Lxxi Of 1973) -  Federal-Shariat-Court",Court of Record,1984-01-01,265,headnote_only,headnote_only,unknown
1984_PLD_35,1984 PLD 35,Humayun Khan v. Ghee Corporation Of Paksitan Ltd. -  Lahore-High-Court-Lahore,Court of Record,1984-01-01,284,headnote_only,headnote_only,unknown
1984_PLD_36,1984 PLD 36,Vs -  Supreme-Court-Azad-Kashmir,Court of Record,1984-01-01,31,headnote_only,headnote_only,unknown
1984_PLD_38,1984 PLD 38,Vs -  Supreme-Court-Azad-Kashmir,Court of Record,1984-01-01,31,headnote_only,headnote_only,unknown
1984_PLD_46,1984 PLD 46,Lal Zarin v. Niaz Muhammad Khan,Court of Record,1984-01-01,171,headnote_only,headnote_only,unknown
1984_PLD_47,1984 PLD 47,Vs -  Supreme-Court-Azad-Kashmir,Court of Record,1984-01-01,31,headnote_only,headnote_only,unknown
1984_PLD_49,1984 PLD 49,Aurangzeb v. Ejazul Hassan Khan,Court of Record,1984-01-01,173,headnote_only,headnote_only,unknown
1984_PLD_51,1984 PLD 51,Vs -  Supreme-Court-Azad-Kashmir,Court of Record,1984-01-01,31,headnote_only,headnote_only,unknown
1977_PLD_1063,1977 PLD 1063,The State v. Rab Nawaz -  Lahore-High-Court-Lahore,Court of Record,1977-01-01,115,headnote_only,headnote_only,unknown
1984_PLD_52,1984 PLD 52,Samad v. Muhammad Jamal -  Quetta-High-Court-Balochistan,Court of Record,1984-01-01,259,headnote_only,headnote_only,unknown
1984_PLD_54,1984 PLD 54,Sher Muhammad Khan v. Abdullah,Court of Record,1984-01-01,221,headnote_only,headnote_only,unknown
1984_PLD_55,1984 PLD 55,Muhammad Hafeez v. The State -  Federal-Shariat-Court,Court of Record,1984-01-01,276,headnote_only,headnote_only,unknown
1984_PLD_56,1984 PLD 56,Vs -  Supreme-Court-Azad-Kashmir,Court of Record,1984-01-01,31,headnote_only,headnote_only,unknown
1984_PLD_57,1984 PLD 57,Muhammad Ashraf v. The State -  Federal-Shariat-Court,Court of Record,1984-01-01,166,headnote_only,headnote_only,unknown
1984_PLD_59,1984 PLD 59,Mian Abdul Qadus v. Sahib Ali -  Federal-Shariat-Court,Court of Record,1984-01-01,215,headnote_only,headnote_only,unknown
1984_PLD_61,1984 PLD 61,Vs -  Supreme-Court-Azad-Kashmir,Court of Record,1984-01-01,31,headnote_only,headnote_only,unknown
1984_PLD_63,1984 PLD 63,Vs -  Supreme-Court-Azad-Kashmir,Court of Record,1984-01-01,31,headnote_only,headnote_only,unknown
2010_PLD_221,2010 PLD 221,Syed Muhammad Jamaluddin Kazmi v. Federation Of Pakistan Through President Of Pakistan,Court of Record,2010-01-01,159,headnote_only,headnote_only,unknown
1984_PLD_64,1984 PLD 64,Taj Muhammad Khan v. N.W. F. P. Forest Development Corporation,Court of Record,1984-01-01,230,headnote_only,headnote_only,unknown
1984_PLD_67,1984 PLD 67,Naseer Hussain v. The State -  Lahore-High-Court-Lahore,Court of Record,1984-01-01,209,headnote_only,headnote_only,unknown
1984_PLD_68,1984 PLD 68,"Mst. Shah Sultan v. Controller Of Rents, Peshawar Cantonment",Court of Record,1984-01-01,283,headnote_only,headnote_only,unknown
1984_PLD_69,1984 PLD 69,Mst. Siani v. The State -  Federal-Shariat-Court,Court of Record,1984-01-01,192,headnote_only,headnote_only,unknown
1984_PLD_70,1984 PLD 70,Vs -  Supreme-Court-Azad-Kashmir,Court of Record,1984-01-01,31,headnote_only,headnote_only,unknown
1984_PLD_71,1984 PLD 71,Muhammad Muslim v. Federal Investigation Agency -  Karachi-High-Court-Sindh,Court of Record,1984-01-01,168,headnote_only,headnote_only,unknown
1984_PLD_72,1984 PLD 72,Obaidur Rehman v. The State -  Federal-Shariat-Court,Court of Record,1984-01-01,35,headnote_only,headnote_only,unknown
1984_PLD_74,1984 PLD 74,Sarwar Shah v. Jamshid Khan,Court of Record,1984-01-01,217,headnote_only,headnote_only,remanded
1984_PLD_75,1984 PLD 75,Nurul Ha v. Islamic Republic Of Pakistan,Court of Record,1984-01-01,246,headnote_only,headnote_only,leave_granted
1984_PLD_81,1984 PLD 81,Abdul Rashid v. This State -  Federal-Shariat-Court,Court of Record,1984-01-01,35,headnote_only,headnote_only,unknown
1984_PLD_82,1984 PLD 82,Vs -  Supreme-Court-Azad-Kashmir,Court of Record,1984-01-01,31,headnote_only,headnote_only,unknown
1984_PLD_84,1984 PLD 84,Khan Afsa v. The State -  Karachi-High-Court-Sindh,Court of Record,1984-01-01,105,headnote_only,headnote_only,unknown
1984_PLD_85,1984 PLD 85,Muhammad Kabir Khan v. Settlement Commissioner (Lands) -  Karachi-High-Court-Sindh,Court of Record,1984-01-01,163,headnote_only,headnote_only,unknown
1984_PLD_86,1984 PLD 86,Qureshi Noor Hussain v. Ghulam Jan,Court of Record,1984-01-01,121,headnote_only,headnote_only,unknown
1984_PLD_87,1984 PLD 87,Sitaldas v. Muhammad Saffar -  Karachi-High-Court-Sindh,Court of Record,1984-01-01,211,headnote_only,headnote_only,unknown
1984_PLD_88,1984 PLD 88,Sardar Ali Khan v. Muhammad Rauf Khan,Court of Record,1984-01-01,191,headnote_only,headnote_only,unknown
1984_PLD_89,1984 PLD 89,Vs -  Supreme-Court-Azad-Kashmir,Court of Record,1984-01-01,31,headnote_only,headnote_only,unknown
1984_PLD_91,1984 PLD 91,Muslim Sher v. Mst. Qudrat Bibi,Court of Record,1984-01-01,255,headnote_only,headnote_only,unknown
1984_PLD_99,1984 PLD 99,Rabia Begum v. Khan Talwala -  Quetta-High-Court-Balochistan,Court of Record,1984-01-01,113,headnote_only,headnote_only,remanded
1984_PLD_101,1984 PLD 101,Vs -  Supreme-Court-Azad-Kashmir,Court of Record,1984-01-01,31,headnote_only,headnote_only,unknown
1984_PLD_102,1984 PLD 102,Roshan Khan v. Haji Said Khan,Court of Record,1984-01-01,217,headnote_only,headnote_only,unknown
1984_PLD_103,1984 PLD 103,Abdul Qadir v. Election Tribunal -  Lahore-High-Court-Lahore,Court of Record,1984-01-01,152,headnote_only,headnote_only,unknown
1984_PLD_104,1984 PLD 104,Vs -  Supreme-Court-Azad-Kashmir,Court of Record,1984-01-01,31,headnote_only,headnote_only,unknown
1984_PLD_106,1984 PLD 106,Fateh Khan v. Sharaaf Khan -  Lahore-High-Court-Lahore,Court of Record,1984-01-01,293,headnote_only,headnote_only,unknown
1984_PLD_107,1984 PLD 107,Vs -  Supreme-Court-Azad-Kashmir,Court of Record,1984-01-01,31,headnote_only,headnote_only,unknown
1984_PLD_111,1984 PLD 111,Vs -  Supreme-Court-Azad-Kashmir,Court of Record,1984-01-01,31,headnote_only,headnote_only,unknown
1984_PLD_113,1984 PLD 113,Muhammad Anwar v. The State -  Lahore-High-Court-Lahore,Court of Record,1984-01-01,140,headnote_only,headnote_only,unknown
1984_PLD_114,1984 PLD 114,Muhammad Afzal Khan v. Karachi Development Authority -  Karachi-High-Court-Sindh,Court of Record,1984-01-01,209,headnote_only,headnote_only,unknown
1984_PLD_115,1984 PLD 115,Vs -  Supreme-Court-Azad-Kashmir,Court of Record,1984-01-01,31,headnote_only,headnote_only,unknown
1984_PLD_117,1984 PLD 117,Sher Muhammad v. Muhammad Sharif -  Lahore-High-Court-Lahore,Court of Record,1984-01-01,88,headnote_only,headnote_only,unknown
1984_PLD_122,1984 PLD 122,Vs -  Supreme-Court-Azad-Kashmir,Court of Record,1984-01-01,31,headnote_only,headnote_only,unknown
2010_PLD_214,2010 PLD 214,"Before Dr. Shamshad Hussain Syed v. District Consumer Court, Lahore",Court of Record,2010-01-01,257,headnote_only,headnote_only,petition_dismissed
2010_PLD_219,2010 PLD 219,Muhammad Ali Nawaz v. Sh. Muhammad Aslam,Court of Record,2010-01-01,281,headnote_only,headnote_only,revision_allowed
2010_PLD_318,2010 PLD 318,"Province Of Punjab Through Secretary Colonies, Punjab v. Mst. Waziran Bibi",Court of Record,2010-01-01,221,headnote_only,headnote_only,petition_dismissed
2010_PLD_341,2010 PLD 341,Saifullah v. Mehr Muhammad,Court of Record,2010-01-01,184,headnote_only,headnote_only,unknown
2010_PLD_291,2010 PLD 291,Zeeran Gul Alias Zareen Gul v. The State,Court of Record,2010-01-01,281,headnote_only,headnote_only,unknown
2010_PLD_419,2010 PLD 419,Abdul Sattar v. Station House Officer,Court of Record,2010-01-01,292,headnote_only,headnote_only,petition_dismissed
2010_PLD_361,2010 PLD 361,Ali Hassan v. The State,Court of Record,2010-01-01,174,headnote_only,headnote_only,unknown
2010_PLD_390,2010 PLD 390,Pakistan Steel Mills Corporation Through Authorized Officer v. Razo (Pvt.) Ltd. Through Director,Court of Record,2010-01-01,231,headnote_only,headnote_only,appeal_dismissed
2010_PLD_466,2010 PLD 466,"Pil Company (Pvt.) Ltd. Through Chief Executive/Director v. Additional District And Sessions Jduge, Lahroe",Court of Record,2010-01-01,221,headnote_only,headnote_only,appeal_dismissed
1977_PLD_1066,1977 PLD 1066,Muhammad Nazi v. Muhammad Yousaf -  Lahore-High-Court-Lahore,Court of Record,1977-01-01,115,headnote_only,headnote_only,unknown
2010_PLD_484,2010 PLD 484,"Abdul Sattar v. Judge Family Court, Toba Tek Singh",Court of Record,2010-01-01,245,headnote_only,headnote_only,petition_dismissed
2010_PLD_573,2010 PLD 573,Sheikh Rashid Ahmed v. Government Of Punjab,Court of Record,2010-01-01,275,headnote_only,headnote_only,appeal_allowed
2010_PLD_582,2010 PLD 582,Province Of Punjab Through Collector v. Muhammad Farooq,Court of Record,2010-01-01,278,headnote_only,headnote_only,unknown
1983_PLD_3,1983 PLD 3,Vs -  Supreme-Court-Azad-Kashmir,Court of Record,1983-01-01,31,headnote_only,headnote_only,unknown
2010_PLD_580,2010 PLD 580,Allah Dad v. Abdul Ghani,Court of Record,2010-01-01,168,headnote_only,headnote_only,unknown
2010_PLD_719,2010 PLD 719,Land Acquisition Collector v. Mst. Iqbal Begum,Court of Record,2010-01-01,190,headnote_only,headnote_only,unknown
1984_PLD_124,1984 PLD 124,Noor Muhammad v. Tasneem -  Karachi-High-Court-Sindh,Court of Record,1984-01-01,165,headnote_only,headnote_only,unknown
1984_PLD_125,1984 PLD 125,Emmanual Masih v. Punjab Lcoal Councils Election Authority Lahore -  Lahore-High-Court-Lahore,Court of Record,1984-01-01,282,headnote_only,headnote_only,unknown
1984_PLD_126,1984 PLD 126,Muhammad Jaffar v. The State -  Karachi-High-Court-Sindh,Court of Record,1984-01-01,125,headnote_only,headnote_only,unknown
1984_PLD_127,1984 PLD 127,Vs -  Supreme-Court-Azad-Kashmir,Court of Record,1984-01-01,31,headnote_only,headnote_only,unknown
1977_PLD_1091,1977 PLD 1091,Saeedudin v. Commissioner Of Income-Tax Lahore -  Lahore-High-Court-Lahore,Court of Record,1977-01-01,116,headnote_only,headnote_only,unknown
2010_PLD_803,2010 PLD 803,Muhammad Hussain v. Muhammad Through Legal Heirs,Court of Record,2010-01-01,270,headnote_only,headnote_only,revision_allowed
1984_PLD_128,1984 PLD 128,Vs -  Federal-Shariat-Court,Court of Record,1984-01-01,230,headnote_only,headnote_only,unknown
1984_PLD_129,1984 PLD 129,Vs -  Supreme-Court-Azad-Kashmir,Court of Record,1984-01-01,31,headnote_only,headnote_only,unknown
1984_PLD_131,1984 PLD 131,"Wali Muhammad v. Member, Iii, Board Of Revenu -  Quetta-High-Court-Balochistan",Court of Record,1984-01-01,231,headnote_only,headnote_only,unknown
1984_PLD_132,1984 PLD 132,Vs -  Federal-Shariat-Court,Court of Record,1984-01-01,236,headnote_only,headnote_only,unknown
1984_PLD_133,1984 PLD 133,Packages Ltd. v. Electric Lamps Manufacturing Company Ltd.,Court of Record,1984-01-01,38,headnote_only,headnote_only,unknown
1984_PLD_134,1984 PLD 134,Mst. Faroshia v. Mst. Zarina,Court of Record,1984-01-01,35,headnote_only,headnote_only,unknown
1984_PLD_135,1984 PLD 135,Vs -  Federal-Shariat-Court,Court of Record,1984-01-01,234,headnote_only,headnote_only,unknown
1984_PLD_136,1984 PLD 136,Vs -  Federal-Shariat-Court,Court of Record,1984-01-01,97,headnote_only,headnote_only,unknown
1984_PLD_137,1984 PLD 137,Shah Din v. The State -  Lahore-High-Court-Lahore,Court of Record,1984-01-01,189,headnote_only,headnote_only,unknown
1984_PLD_138,1984 PLD 138,Vs -  Supreme-Court-Azad-Kashmir,Court of Record,1984-01-01,31,headnote_only,headnote_only,unknown
1984_PLD_139,1984 PLD 139,Masood Jan v. Muhammad Shahban -  Karachi-High-Court-Sindh,Court of Record,1984-01-01,137,headnote_only,headnote_only,unknown
1984_PLD_141,1984 PLD 141,Shakir Hussain Chishty v. E. A. Breganza -  Karachi-High-Court-Sindh,Court of Record,1984-01-01,157,headnote_only,headnote_only,unknown
1984_PLD_143,1984 PLD 143,"Paramount Hosiery Mills Ltd, Karachi v. Mustafa Hyder -  Karachi-High-Court-Sindh",Court of Record,1984-01-01,190,headnote_only,headnote_only,remanded
1984_PLD_144,1984 PLD 144,Shaman v. The State -  Quetta-High-Court-Balochistan,Court of Record,1984-01-01,190,headnote_only,headnote_only,unknown
1984_PLD_145,1984 PLD 145,Abdul Hasan Azad v. Provincial Election Authority -  Karachi-High-Court-Sindh,Court of Record,1984-01-01,127,headnote_only,headnote_only,unknown
1984_PLD_146,1984 PLD 146,Abdul Sattar v. The State,Court of Record,1984-01-01,35,headnote_only,headnote_only,unknown
1984_PLD_177,1984 PLD 177,Nadi v. The State -  Lahore-High-Court-Lahore,Court of Record,1984-01-01,160,headnote_only,headnote_only,unknown
1984_PLD_149,1984 PLD 149,Nazir Ahmad v. Muhammad Fiaz -  Lahore-High-Court-Lahore,Court of Record,1984-01-01,135,headnote_only,headnote_only,unknown
1984_PLD_150,1984 PLD 150,Vs -  Supreme-Court-Azad-Kashmir,Court of Record,1984-01-01,31,headnote_only,headnote_only,unknown
1984_PLD_153,1984 PLD 153,Rasool Bux Talpur v. Oficer-On-Special Dtuy Federal Land Commission -  Karachi-High-Court-Sindh,Court of Record,1984-01-01,219,headnote_only,headnote_only,petition_allowed
1984_PLD_154,1984 PLD 154,Janat Gul v. Mulki Zaman,Court of Record,1984-01-01,35,headnote_only,headnote_only,unknown
1977_PLD_1070,1977 PLD 1070,"Majid Nizami, Editor, Printerand Publisher, ""Nawai Waqt"" Lahore v. Administration And Co-Ordination Pakistan National Centre Rawalpindi -  Lahore-High-Court-Lahore",Court of Record,1977-01-01,126,headnote_only,headnote_only,unknown
1984_PLD_156,1984 PLD 156,Pasham Khan v. The State,Court of Record,1984-01-01,35,headnote_only,headnote_only,unknown
1984_PLD_157,1984 PLD 157,Vs -  Supreme-Court-Azad-Kashmir,Court of Record,1984-01-01,31,headnote_only,headnote_only,unknown
1984_PLD_162,1984 PLD 162,"Obyar v. Federation Of Paksitan, Rawalpindi -  Lahore-High-Court-Lahore",Court of Record,1984-01-01,291,headnote_only,headnote_only,unknown
1984_PLD_173,1984 PLD 173,Shahu v. Muhammad Ismail -  Karachi-High-Court-Sindh,Court of Record,1984-01-01,213,headnote_only,headnote_only,unknown
1984_PLD_163,1984 PLD 163,Abbas Raza v. Govt. Of Baluchistan -  Quetta-High-Court-Balochistan,Court of Record,1984-01-01,222,headnote_only,headnote_only,unknown
1984_PLD_164,1984 PLD 164,Abdul Aziz v. Abdul Rahim,Court of Record,1984-01-01,112,headnote_only,headnote_only,unknown
1984_PLD_166,1984 PLD 166,Vs -  Supreme-Court-Azad-Kashmir,Court of Record,1984-01-01,31,headnote_only,headnote_only,unknown
1984_PLD_168,1984 PLD 168,Abdul Aziz v. Hassan Muhammad -  Karachi-High-Court-Sindh,Court of Record,1984-01-01,132,headnote_only,headnote_only,unknown
1984_PLD_169,1984 PLD 169,"Khurshid Ahmad v. Additional District Judge, Rawalpindi -  Lahore-High-Court-Lahore",Court of Record,1984-01-01,37,headnote_only,headnote_only,unknown
1984_PLD_176,1984 PLD 176,Hassan Noor v. Shahzada Burhanuddin,Court of Record,1984-01-01,35,headnote_only,headnote_only,unknown
1984_PLD_178,1984 PLD 178,Abdullah Khan v. Abdul Majeed -  Karachi-High-Court-Sindh,Court of Record,1984-01-01,195,headnote_only,headnote_only,unknown
1984_PLD_180,1984 PLD 180,"N: W. F. P. Through Collector, Mardan v. Faiz Muhammad",Court of Record,1984-01-01,40,headnote_only,headnote_only,unknown
1984_PLD_181,1984 PLD 181,Ghulam Sarwar v. The State,Court of Record,1984-01-01,275,headnote_only,headnote_only,unknown
1984_PLD_192,1984 PLD 192,Muhammad Yousaf v. The State,Court of Record,1984-01-01,35,headnote_only,headnote_only,unknown
1983_PLD_4,1983 PLD 4,Vs -  Supreme-Court-Azad-Kashmir,Court of Record,1983-01-01,31,headnote_only,headnote_only,unknown
1984_PLD_183,1984 PLD 183,M. Iqbal v. Karachi Electric Supply Corporation Ltd. -  Karachi-High-Court-Sindh,Court of Record,1984-01-01,224,headnote_only,headnote_only,unknown
1984_PLD_184,1984 PLD 184,"Muhammad Sadiq v. Islamic Republic Of Pakistan, Islamabad",Court of Record,1984-01-01,38,headnote_only,headnote_only,unknown
1984_PLD_187,1984 PLD 187,Ali Muhammad Shah v. Muhammad Munawar -  Karachi-High-Court-Sindh,Court of Record,1984-01-01,170,headnote_only,headnote_only,unknown
1984_PLD_188,1984 PLD 188,Mrs. Yasmeen Nighat v. National Bank Of Pakistan,Court of Record,1984-01-01,38,headnote_only,headnote_only,unknown
1984_PLD_190,1984 PLD 190,West Pakistan Agriculture Development Corporation v. Soomar -  Karachi-High-Court-Sindh,Court of Record,1984-01-01,142,headnote_only,headnote_only,unknown
1984_PLD_191,1984 PLD 191,"National Police Foundation Co-Operative Housing Society Ltd. v. Board Of Revenue, Govt. Of Punjab, Lahore -  Lahore-High-Court-Lahore",Court of Record,1984-01-01,171,headnote_only,headnote_only,unknown
1984_PLD_194,1984 PLD 194,Anwar Hussain v. Adbp,Court of Record,1984-01-01,177,headnote_only,headnote_only,unknown
1984_PLD_196,1984 PLD 196,Muhammad Tufail v. The State -  Lahore-High-Court-Lahore,Court of Record,1984-01-01,74,headnote_only,headnote_only,unknown
1984_PLD_197,1984 PLD 197,"Pakistan Paper Corporation Ltd., Charsadda v. Director N: W. F. P. Employees' Social Security Institution",Court of Record,1984-01-01,45,headnote_only,headnote_only,unknown
1984_PLD_199,1984 PLD 199,"Sardar Abdul Hamid Complainant/Petitioner v. Momin Khan - , Mufti Muhammad Idris & Muhammad Tariq Khan",Court of Record,1984-01-01,37,headnote_only,headnote_only,unknown
1984_PLD_200,1984 PLD 200,Abdul Ahad Kha v. Muhammad Yasin & Bros.,Court of Record,1984-01-01,248,headnote_only,headnote_only,leave_granted
1984_PLD_273,1984 PLD 273,Syed Noor Ul Hassan v. The State,Court of Record,1984-01-01,37,headnote_only,headnote_only,unknown
1984_PLD_202,1984 PLD 202,Mehrban Khan v. Fayyaz Begum -  Lahore-High-Court-Lahore,Court of Record,1984-01-01,202,headnote_only,headnote_only,unknown
1984_PLD_205,1984 PLD 205,Muhammad Hussain v. Settlement And Rehabilitaion Commissioner -  Karachi-High-Court-Sindh,Court of Record,1984-01-01,282,headnote_only,headnote_only,unknown
1984_PLD_207,1984 PLD 207,Maulvi Muhammad Jan v. The State,Court of Record,1984-01-01,36,headnote_only,headnote_only,unknown
1984_PLD_208,1984 PLD 208,Jamila Khatoon v. Tajunnisa,Court of Record,1984-01-01,285,headnote_only,headnote_only,leave_granted
1984_PLD_211,1984 PLD 211,Dr. M. A. Qadir Khan v. Bank Of Bahawalpur Ltd. -  Karachi-High-Court-Sindh,Court of Record,1984-01-01,198,headnote_only,headnote_only,unknown
1984_PLD_218,1984 PLD 218,Ghulam Sarwar v. The State,Court of Record,1984-01-01,296,headnote_only,headnote_only,unknown
1984_PLD_219,1984 PLD 219,Saifur Rehman v. Fazlur Rehman,Court of Record,1984-01-01,35,headnote_only,headnote_only,unknown
1984_PLD_222,1984 PLD 222,Shah Ahmad Noorani v. Govt. Of The Punjab -  Lahore-High-Court-Lahore,Court of Record,1984-01-01,118,headnote_only,headnote_only,unknown
1984_PLD_278,1984 PLD 278,Ghulam Hassan v. Soharu,Court of Record,1984-01-01,34,headnote_only,headnote_only,unknown
1984_PLD_228,1984 PLD 228,Mahmoona v. Ilam Din -  Lahore-High-Court-Lahore,Court of Record,1984-01-01,169,headnote_only,headnote_only,petition_dismissed
1984_PLD_230,1984 PLD 230,Muhammad Ramzan v. Muhammad Asghar Ali -  Lahore-High-Court-Lahore,Court of Record,1984-01-01,272,headnote_only,headnote_only,unknown
1984_PLD_233,1984 PLD 233,Karachi Gas Company Ltd. v. Fancy Foundation -  Karachi-High-Court-Sindh,Court of Record,1984-01-01,281,headnote_only,headnote_only,unknown
1984_PLD_234,1984 PLD 234,Chuhar v. Ghulam Fatima -  Lahore-High-Court-Lahore,Court of Record,1984-01-01,258,headnote_only,headnote_only,unknown
1984_PLD_235,1984 PLD 235,Fazal Dad v. Abdul Karim,Court of Record,1984-01-01,35,headnote_only,headnote_only,unknown
1984_PLD_238,1984 PLD 238,Azam Khan v. The State,Court of Record,1984-01-01,35,headnote_only,headnote_only,unknown
1984_PLD_239,1984 PLD 239,Noor Muhamma v. Muhammad Sadiq -  Lahore-High-Court-Lahore,Court of Record,1984-01-01,275,headnote_only,headnote_only,unknown
1984_PLD_241,1984 PLD 241,Sakina Bibi v. Cresent Textile Mills Ltd.,Court of Record,1984-01-01,290,headnote_only,headnote_only,leave_granted
1984_PLD_283,1984 PLD 283,Mushtaq Ahmad Qureshi v. The State -  Lahore-High-Court-Lahore,Court of Record,1984-01-01,139,headnote_only,headnote_only,unknown
1984_PLD_245,1984 PLD 245,Ghulam Nabi v. Khuda Bkahsh -  Karachi-High-Court-Sindh,Court of Record,1984-01-01,150,headnote_only,headnote_only,unknown
1984_PLD_252,1984 PLD 252,Ali Akbar v. Gulzar Ali Shah -  Karachi-High-Court-Sindh,Court of Record,1984-01-01,126,headnote_only,headnote_only,unknown
1984_PLD_253,1984 PLD 253,Abdul Samad Khan v. Fazal Haq Khan,Court of Record,1984-01-01,37,headnote_only,headnote_only,unknown
1984_PLD_255,1984 PLD 255,Nadir Khan v. Pakistan International Airlines Corporation -  Karachi-High-Court-Sindh,Court of Record,1984-01-01,147,headnote_only,headnote_only,petition_dismissed
1984_PLD_285,1984 PLD 285,"The Chairman, Railway Board, Lahore v. Hajiz Abdul Qayyum",Court of Record,1984-01-01,39,headnote_only,headnote_only,unknown
1984_PLD_260,1984 PLD 260,"Sardar Ikramullah Khan v. Federal Land Commissioner, Pakistan",Court of Record,1984-01-01,38,headnote_only,headnote_only,unknown
1984_PLD_265,1984 PLD 265,Rahim Shah v. Muhammad Din,Court of Record,1984-01-01,35,headnote_only,headnote_only,unknown
1984_PLD_270,1984 PLD 270,Muhammad Akram v. Haji Nawab,Court of Record,1984-01-01,35,headnote_only,headnote_only,unknown
1984_PLD_287,1984 PLD 287,Mahboob Ali v. Sharifan Bibi -  Lahore-High-Court-Lahore,Court of Record,1984-01-01,190,headnote_only,headnote_only,unknown
1984_PLD_291,1984 PLD 291,Iqbal Siddiqui v. Assistant Setttlement Commissioner (Urban) -  Lahore-High-Court-Lahore,Court of Record,1984-01-01,128,headnote_only,headnote_only,unknown
1984_PLD_292,1984 PLD 292,"Jang Publications Ltd. v. Registrar Of Trade Unions, Sind -  Karachi-High-Court-Sindh",Court of Record,1984-01-01,191,headnote_only,headnote_only,unknown
1977_PLD_761,1977 PLD 761,Ahmad Din v. Deputy Settlement Commissioner Lahore -  Lahore-High-Court-Lahore,Court of Record,1977-01-01,117,headnote_only,headnote_only,unknown
1984_PLD_294,1984 PLD 294,Wasiq Ali Khan v. Mahmood Afzal Khan -  Lahore-High-Court-Lahore,Court of Record,1984-01-01,110,headnote_only,headnote_only,unknown
1977_PLD_763,1977 PLD 763,Sheikhupura Central Co-Opersative Bank Ltd v. Tawakkal Ullah -  Lahore-High-Court-Lahore,Court of Record,1977-01-01,118,headnote_only,headnote_only,unknown
1977_PLD_779,1977 PLD 779,Zeenat Textile Mills Ltd Lahore v. Controller Of Capital Issues Government Of Pakistan -  Lahore-High-Court-Lahore,Court of Record,1977-01-01,123,headnote_only,headnote_only,unknown
1984_PLD_319,1984 PLD 319,Farid v. The State -  Lahore-High-Court-Lahore,Court of Record,1984-01-01,292,headnote_only,headnote_only,unknown
1984_PLD_326,1984 PLD 326,Amin v. The State -  Lahore-High-Court-Lahore,Court of Record,1984-01-01,190,headnote_only,headnote_only,unknown
1977_PLD_787,1977 PLD 787,Pakistan Industrial Credit & Investment Corporation Ltd Karachi v. United Textile Mills Ltd Multan -  Lahore-High-Court-Lahore,Court of Record,1977-01-01,124,headnote_only,headnote_only,unknown
1984_PLD_332,1984 PLD 332,Abdul Ghafoor Gill v. Mussarat Khan -  Lahore-High-Court-Lahore,Court of Record,1984-01-01,127,headnote_only,headnote_only,unknown
1984_PLD_334,1984 PLD 334,Muhammad Bakhsh Rind v. Govt. Of Sind -  Karachi-High-Court-Sindh,Court of Record,1984-01-01,268,headnote_only,headnote_only,unknown
1977_PLD_794,1977 PLD 794,Muhammad Saleem v. Muhammad Sadiq -  Lahore-High-Court-Lahore,Court of Record,1977-01-01,115,headnote_only,headnote_only,unknown
1984_PLD_337,1984 PLD 337,"Nadeem Manzar Malik v. Station House Officer, Police Station, A Division Sahiwal -  Lahore-High-Court-Lahore",Court of Record,1984-01-01,196,headnote_only,headnote_only,unknown
1977_PLD_797,1977 PLD 797,Highway Petroleum Service (Regd) Lahore v. Islamic Republic Of Pakistan -  Lahore-High-Court-Lahore,Court of Record,1977-01-01,120,headnote_only,headnote_only,unknown
1977_PLD_1072,1977 PLD 1072,Muhammad Shafi v. Abdul Ghafoor -  Lahore-High-Court-Lahore,Court of Record,1977-01-01,115,headnote_only,headnote_only,unknown
1984_PLD_344,1984 PLD 344,Karim Bibi v. Hussain Bukhsh,Court of Record,1984-01-01,254,headnote_only,headnote_only,unknown
1977_PLD_817,1977 PLD 817,Khair Din v. Muhammad Amin -  Lahore-High-Court-Lahore,Court of Record,1977-01-01,115,headnote_only,headnote_only,unknown
1977_PLD_820,1977 PLD 820,Miss Imrana Malik v. Chairman Selection Committee For Admission In Medical Colleges Lahore -  Lahore-High-Court-Lahore,Court of Record,1977-01-01,123,headnote_only,headnote_only,unknown
1984_PLD_353,1984 PLD 353,Shakir Muhammad v. The State,Court of Record,1984-01-01,252,headnote_only,headnote_only,leave_granted
1984_PLD_354,1984 PLD 354,Pakista v. Ali Kausar,Court of Record,1984-01-01,250,headnote_only,headnote_only,leave_granted
1984_PLD_358,1984 PLD 358,Salim Akbar v. Govt. Of Sind -  Karachi-High-Court-Sindh,Court of Record,1984-01-01,113,headnote_only,headnote_only,unknown
1982_PLD_22,1982 PLD 22,Vs -  Supreme-Court-Azad-Kashmir,Court of Record,1982-01-01,31,headnote_only,headnote_only,unknown
1982_PLD_24,1982 PLD 24,Vs -  Supreme-Court-Azad-Kashmir,Court of Record,1982-01-01,31,headnote_only,headnote_only,unknown
1982_PLD_41,1982 PLD 41,Wajdad v. Muhammad Baluch -  Quetta-High-Court-Balochistan,Court of Record,1982-01-01,244,headnote_only,headnote_only,unknown
1982_PLD_42,1982 PLD 42,Vs -  Supreme-Court-Azad-Kashmir,Court of Record,1982-01-01,31,headnote_only,headnote_only,unknown
1982_PLD_43,1982 PLD 43,Muhammad Sadiq v. Ghulam Sakina,Court of Record,1982-01-01,132,headnote_only,headnote_only,unknown
1982_PLD_45,1982 PLD 45,Vs -  Supreme-Court-Azad-Kashmir,Court of Record,1982-01-01,31,headnote_only,headnote_only,unknown
1982_PLD_46,1982 PLD 46,Maqbool Begum v. Gullam,Court of Record,1982-01-01,96,headnote_only,headnote_only,unknown
1982_PLD_47,1982 PLD 47,Muhammad Umar v. Fatima Begum -  Lahore-High-Court-Lahore,Court of Record,1982-01-01,184,headnote_only,headnote_only,unknown
1982_PLD_48,1982 PLD 48,Muhammad Shah Khisro Khan v. The State Through Deputy Commissioner,Court of Record,1982-01-01,283,headnote_only,headnote_only,unknown
1982_PLD_49,1982 PLD 49,Vs -  Supreme-Court-Azad-Kashmir,Court of Record,1982-01-01,31,headnote_only,headnote_only,unknown
1982_PLD_51,1982 PLD 51,"Saeed Amer v. Principal Khyber Medical College, Peshawar",Court of Record,1982-01-01,179,headnote_only,headnote_only,unknown
1982_PLD_52,1982 PLD 52,Province Of Baluchistan v. Gul Hassan -  Quetta-High-Court-Balochistan,Court of Record,1982-01-01,154,headnote_only,headnote_only,unknown
1982_PLD_53,1982 PLD 53,Vs -  Supreme-Court-Azad-Kashmir,Court of Record,1982-01-01,31,headnote_only,headnote_only,unknown
1982_PLD_54,1982 PLD 54,Vs -  Supreme-Court-Azad-Kashmir,Court of Record,1982-01-01,31,headnote_only,headnote_only,unknown
1982_PLD_60,1982 PLD 60,Javed Khali v. The State -  Lahore-High-Court-Lahore,Court of Record,1982-01-01,184,headnote_only,headnote_only,unknown
1982_PLD_62,1982 PLD 62,Vs -  Supreme-Court-Azad-Kashmir,Court of Record,1982-01-01,31,headnote_only,headnote_only,unknown
1982_PLD_63,1982 PLD 63,"Safdar Ali Khan Syal v. District Judge/Election Tribunal, Zilla Council, Jhang -  Lahore-High-Court-Lahore",Court of Record,1982-01-01,200,headnote_only,headnote_only,unknown
1982_PLD_64,1982 PLD 64,Vs -  Supreme-Court-Azad-Kashmir,Court of Record,1982-01-01,31,headnote_only,headnote_only,unknown
1982_PLD_66,1982 PLD 66,Vs -  Supreme-Court-Azad-Kashmir,Court of Record,1982-01-01,31,headnote_only,headnote_only,unknown
1982_PLD_68,1982 PLD 68,Vs -  Supreme-Court-Azad-Kashmir,Court of Record,1982-01-01,31,headnote_only,headnote_only,unknown
1982_PLD_69,1982 PLD 69,Ghulam Lai v. Muhammad Siddique -  Lahore-High-Court-Lahore,Court of Record,1982-01-01,173,headnote_only,headnote_only,unknown
1982_PLD_71,1982 PLD 71,Vs -  Supreme-Court-Azad-Kashmir,Court of Record,1982-01-01,31,headnote_only,headnote_only,unknown
1982_PLD_72,1982 PLD 72,Vs -  Supreme-Court-Azad-Kashmir,Court of Record,1982-01-01,31,headnote_only,headnote_only,unknown
1982_PLD_73,1982 PLD 73,Vs -  Supreme-Court-Azad-Kashmir,Court of Record,1982-01-01,31,headnote_only,headnote_only,unknown
1982_PLD_74,1982 PLD 74,Vs -  Supreme-Court-Azad-Kashmir,Court of Record,1982-01-01,31,headnote_only,headnote_only,unknown
1982_PLD_75,1982 PLD 75,Muhammad Ramzan v. Muhammad Saeed -  Lahore-High-Court-Lahore,Court of Record,1982-01-01,73,headnote_only,headnote_only,unknown
1982_PLD_76,1982 PLD 76,Vs -  Supreme-Court-Azad-Kashmir,Court of Record,1982-01-01,31,headnote_only,headnote_only,unknown
1982_PLD_77,1982 PLD 77,Vs -  Supreme-Court-Azad-Kashmir,Court of Record,1982-01-01,31,headnote_only,headnote_only,unknown
1982_PLD_84,1982 PLD 84,Mahboob Shah v. Baluchistan -  Quetta-High-Court-Balochistan,Court of Record,1982-01-01,209,headnote_only,headnote_only,unknown
1982_PLD_85,1982 PLD 85,Vs -  Supreme-Court-Azad-Kashmir,Court of Record,1982-01-01,31,headnote_only,headnote_only,unknown
1982_PLD_87,1982 PLD 87,Vs -  Supreme-Court-Azad-Kashmir,Court of Record,1982-01-01,31,headnote_only,headnote_only,unknown
1982_PLD_88,1982 PLD 88,Abdul Ghafar v. Mumtaz,Court of Record,1982-01-01,191,headnote_only,headnote_only,unknown
1982_PLD_89,1982 PLD 89,Vs -  Supreme-Court-Azad-Kashmir,Court of Record,1982-01-01,31,headnote_only,headnote_only,unknown
1982_PLD_90,1982 PLD 90,Vs -  Supreme-Court-Azad-Kashmir,Court of Record,1982-01-01,31,headnote_only,headnote_only,unknown
1982_PLD_91,1982 PLD 91,Mubarik Ahmad v. Muhammad Ilyas And 2 Others,Court of Record,1982-01-01,206,headnote_only,headnote_only,unknown
1982_PLD_94,1982 PLD 94,"Parke Davis & Co, Ltd. v. Bliss & Co Ltd. -  Karachi-High-Court-Sindh",Court of Record,1982-01-01,210,headnote_only,headnote_only,unknown
1982_PLD_96,1982 PLD 96,Ziarat Gul v. Ahmad Khan,Court of Record,1982-01-01,246,headnote_only,headnote_only,unknown
1982_PLD_98,1982 PLD 98,Inayat Bibi v. Settlement Commissioner -  Lahore-High-Court-Lahore,Court of Record,1982-01-01,186,headnote_only,headnote_only,unknown
1982_PLD_100,1982 PLD 100,Vs -  Supreme-Court-Azad-Kashmir,Court of Record,1982-01-01,31,headnote_only,headnote_only,unknown
1982_PLD_106,1982 PLD 106,Shujaat Ali v. Muhammad Asghar -  Lahore-High-Court-Lahore,Court of Record,1982-01-01,196,headnote_only,headnote_only,unknown
1982_PLD_107,1982 PLD 107,Vs -  Supreme-Court-Azad-Kashmir,Court of Record,1982-01-01,31,headnote_only,headnote_only,unknown
1982_PLD_109,1982 PLD 109,Vs -  Supreme-Court-Azad-Kashmir,Court of Record,1982-01-01,31,headnote_only,headnote_only,unknown
1982_PLD_110,1982 PLD 110,Muhammad Azim v. Sikandar Khan,Court of Record,1982-01-01,109,headnote_only,headnote_only,unknown
1982_PLD_111,1982 PLD 111,Vs -  Supreme-Court-Azad-Kashmir,Court of Record,1982-01-01,31,headnote_only,headnote_only,unknown
1982_PLD_112,1982 PLD 112,Vs -  Supreme-Court-Azad-Kashmir,Court of Record,1982-01-01,31,headnote_only,headnote_only,unknown
1982_PLD_113,1982 PLD 113,Vs -  Supreme-Court-Azad-Kashmir,Court of Record,1982-01-01,31,headnote_only,headnote_only,unknown
1982_PLD_115,1982 PLD 115,Vs -  Supreme-Court-Azad-Kashmir,Court of Record,1982-01-01,31,headnote_only,headnote_only,unknown
1982_PLD_121,1982 PLD 121,"Canal Petrol Sevice, Larkana Sind v. Pakistan Burmah-Shell Oil Storage & Distillation Co Ltd. -  Karachi-High-Court-Sindh",Court of Record,1982-01-01,257,headnote_only,headnote_only,unknown
1982_PLD_123,1982 PLD 123,Vs -  Supreme-Court-Azad-Kashmir,Court of Record,1982-01-01,31,headnote_only,headnote_only,unknown
1982_PLD_124,1982 PLD 124,Vs -  Supreme-Court-Azad-Kashmir,Court of Record,1982-01-01,31,headnote_only,headnote_only,unknown
1982_PLD_763,1982 PLD 763,Inam Ahmad v. Nurunnisa Mirza -  Karachi-High-Court-Sindh,Court of Record,1982-01-01,127,headnote_only,headnote_only,unknown
1982_PLD_128,1982 PLD 128,Khair Shah v. Hyder Shah -  Karachi-High-Court-Sindh,Court of Record,1982-01-01,111,headnote_only,headnote_only,unknown
1982_PLD_129,1982 PLD 129,Muhammad Yaqoob v. Muhammad Sharif -  Quetta-High-Court-Balochistan,Court of Record,1982-01-01,107,headnote_only,headnote_only,unknown
1982_PLD_131,1982 PLD 131,"Muhammad Ashraf Qadri v. Principal, King Edward Dedical College",Court of Record,1982-01-01,211,headnote_only,headnote_only,unknown
1979_PLD_50,1979 PLD 50,Farhat Shamsa v. Mushtaq Ahmad -  Lahore-High-Court-Lahore,Court of Record,1979-01-01,129,headnote_only,headnote_only,unknown
1979_PLD_63,1979 PLD 63,"Azuz Ahmad v. Income-Tax Officer, Circle H, Lahore -  Lahore-High-Court-Lahore",Court of Record,1979-01-01,157,headnote_only,headnote_only,unknown
1998_PLC(CS)_119,1998 PLC(CS) 592,MUFTI,"Ul- Qamar Shahzad Vs Government Of Punjab - , Muhammad Hassan Lahore-High-Court-Lahore",1998-01-01,70,headnote_only,headnote_only,unknown
1982_PLD_136,1982 PLD 136,Jehanzeb v. The State,Court of Record,1982-01-01,232,headnote_only,headnote_only,unknown
1979_PLD_54,1979 PLD 54,"Govt. Of West Pakistan v. Land Acqusistion Collector, District Gujranwala -  Lahore-High-Court-Lahore",Court of Record,1979-01-01,158,headnote_only,headnote_only,unknown
1998_PLC(CS)_120,1998 PLC(CS) 597,NADEEM ARIF v. FEDERATION OF PAKISTAN,High Court of Sindh,1998-01-01,67,headnote_only,headnote_only,unknown
1979_PLD_58,1979 PLD 58,The State v. Muhammad Ashraf -  Lahore-High-Court-Lahore,Court of Record,1979-01-01,148,headnote_only,headnote_only,unknown
1982_PLD_148,1982 PLD 148,Lal Zarif v. The State,Court of Record,1982-01-01,195,headnote_only,headnote_only,unknown
1982_PLD_149,1982 PLD 149,Abdul Ghani v. The State -  Karachi-High-Court-Sindh,Court of Record,1982-01-01,118,headnote_only,headnote_only,unknown
1982_PLD_151,1982 PLD 151,Evacuee Trust Property Board v. Muhammad Sharif -  Lahore-High-Court-Lahore,Court of Record,1982-01-01,108,headnote_only,headnote_only,appeal_dismissed
1979_PLD_67,1979 PLD 67,Saeen Muhammad v. Govt. Of The Punjab -  Lahore-High-Court-Lahore,Court of Record,1979-01-01,276,headnote_only,headnote_only,unknown
1982_PLD_152,1982 PLD 152,Buria v. The State -  Karachi-High-Court-Sindh,Court of Record,1982-01-01,101,headnote_only,headnote_only,unknown
1982_PLD_153,1982 PLD 153,Dilshad Hussain v. Province Of Punjab -  Lahore-High-Court-Lahore,Court of Record,1982-01-01,151,headnote_only,headnote_only,remanded
1982_PLD_171,1982 PLD 171,Javed Jan v. The State -  Lahore-High-Court-Lahore,Court of Record,1982-01-01,184,headnote_only,headnote_only,unknown
1982_PLD_154,1982 PLD 154,Abdul Ghani v. The State -  Lahore-High-Court-Lahore,Court of Record,1982-01-01,257,headnote_only,headnote_only,unknown
1979_PLD_74,1979 PLD 74,"Shamas Din v. Deputy Martial Law Administrator, Lahore -  Lahore-High-Court-Lahore",Court of Record,1979-01-01,268,headnote_only,headnote_only,unknown
1982_PLD_155,1982 PLD 155,"Ishrat Yar Khan v. Senior Civil Judge, Mardan",Court of Record,1982-01-01,175,headnote_only,headnote_only,unknown
1982_PLD_157,1982 PLD 157,Haji Harifullah v. The State,Court of Record,1982-01-01,203,headnote_only,headnote_only,unknown
1979_PLD_79,1979 PLD 79,Bashi v. The State -  Lahore-High-Court-Lahore,Court of Record,1979-01-01,198,headnote_only,headnote_only,unknown
1982_PLD_159,1982 PLD 159,"Siemens A. G. v. Commissioner Of Income-Tax, Rawalpindi-Zone",Court of Record,1982-01-01,231,headnote_only,headnote_only,unknown
1979_PLD_85,1979 PLD 85,Abdus Salman Khan v. Salim-Ud-Din Ahmad Siddiqui -  Lahore-High-Court-Lahore,Court of Record,1979-01-01,243,headnote_only,headnote_only,unknown
1982_PLD_163,1982 PLD 163,Muhammad Afzal v. The State -  Karachi-High-Court-Sindh,Court of Record,1982-01-01,117,headnote_only,headnote_only,unknown
2009_PLD_278,2009 PLD 278,Hakim Ali v. Province Of Sindh Through Secretary,Court of Record,2009-01-01,139,headnote_only,headnote_only,unknown
1982_PLD_165,1982 PLD 165,S. Ajmal Shah v. Government Of N.W. F. P.,Court of Record,1982-01-01,241,headnote_only,headnote_only,unknown
1979_PLD_91,1979 PLD 91,Begum Nusrat Bhutto v. Deputy Martial Law Administarator -  Lahore-High-Court-Lahore,Court of Record,1979-01-01,293,headnote_only,headnote_only,unknown
1982_PLD_166,1982 PLD 166,Bashir Ahmad v. District Magistrate Sheikhupura -  Lahore-High-Court-Lahore,Court of Record,1982-01-01,107,headnote_only,headnote_only,unknown
1982_PLD_167,1982 PLD 167,Hayat v. Amir,Court of Record,1982-01-01,136,headnote_only,headnote_only,unknown
1982_PLD_168,1982 PLD 168,Abdul Wahid v. Din Muhammad -  Lahore-High-Court-Lahore,Court of Record,1982-01-01,144,headnote_only,headnote_only,unknown
1982_PLD_179,1982 PLD 179,Amanat Khan v. Ghulam Sarwar -  Lahore-High-Court-Lahore,Court of Record,1982-01-01,68,headnote_only,headnote_only,unknown
2009_PLD_166,2009 PLD 166,"Sufi Muhammad Alam v. City District Government, Faisalabad Through District Coordination Officer",Court of Record,2009-01-01,140,headnote_only,headnote_only,unknown
2009_PLD_140,2009 PLD 140,Syed Khurram Shah v. Mian Muhammad Shahbaz Sharif - Kh. Haris Ahmad Lahore-High-Court-Lahore,Court of Record,2009-01-01,234,headnote_only,headnote_only,unknown
2009_PLD_147,2009 PLD 147,Manzar Latif Mian v. Ms. Masarrat Misbah,Court of Record,2009-01-01,272,headnote_only,headnote_only,unknown
Control of Narcotic Substances Act 1997--6_CONTROL OF NARCOTIC SUBSTANCES ACT 1997--25_1,Control of Narcotic Substances Act 1997--6 CONTROL OF NARCOTIC SUBSTANCES ACT 1997--25 1,Criminal Procedure Code (Cr.P.C) 1898--497,Court of Record,,2,headnote_only,headnote_only,unknown
2009_PLD_168,2009 PLD 168,Zahida Bibi v. Near Sultana,Court of Record,2009-01-01,291,headnote_only,headnote_only,unknown
2009_PLD_178,2009 PLD 178,Muhammad Farooq v. Mst. Noor Bibi,Court of Record,2009-01-01,247,headnote_only,headnote_only,appeal_dismissed
1982_PLD_180,1982 PLD 180,Nazak Hussain v. The State -  Lahore-High-Court-Lahore,Court of Record,1982-01-01,284,headnote_only,headnote_only,unknown
2009_PLD_191,2009 PLD 191,Sardar Masih Through Legal Heirs v. Jhon Anderias Sardar,Court of Record,2009-01-01,228,headnote_only,headnote_only,leave_refused
2009_PLD_197,2009 PLD 197,Zaheer Hussain Adil v. Punjab Council Of The Arts Through Executive Director,Court of Record,2009-01-01,146,headnote_only,headnote_only,unknown
2009_PLD_203,2009 PLD 203,"Mufti Muhammad Sharif Sarki v. Province Of Sindh Through Secretary, Government Of Sindh, Auqaf, Religious, Minorities Affairs, Zakat And Ushr Department",Court of Record,2009-01-01,200,headnote_only,headnote_only,unknown
2009_PLD_227,2009 PLD 227,"Rana Shahnawaz Khan v. Judge, Family Court, Lahore",Court of Record,2009-01-01,128,headnote_only,headnote_only,unknown
2009_PLD_245,2009 PLD 245,"Punjab Electrical Contractors Organization (Registered) Through Vice-President v. Province Of Punjab Through Secretary Irrigation And Power, Lahore",Court of Record,2009-01-01,130,headnote_only,headnote_only,unknown
1982_PLD_182,1982 PLD 182,Muhammad Hanif v. Sara -  Karachi-High-Court-Sindh,Court of Record,1982-01-01,87,headnote_only,headnote_only,unknown
2009_PLD_218,2009 PLD 218,"Noor Hussain v. Chief Prosecutor General, Punjab",Court of Record,2009-01-01,277,headnote_only,headnote_only,petition_allowed
2009_PLD_243,2009 PLD 243,"Habibullah Niazi v. Federation Of Pakistan Through Federal Secretary, Ministry Of Interior, Pakistan Secretariat, Islamabad",Court of Record,2009-01-01,172,headnote_only,headnote_only,unknown
2009_PLD_247,2009 PLD 247,"Haji Umer v. Province Of Sindh Through Secretary, Revenue Department, Karachi",Court of Record,2009-01-01,251,headnote_only,headnote_only,unknown
1979_PLD_116,1979 PLD 116,Bashir Ahmad v. Rashid Ehsan -  Lahore-High-Court-Lahore,Court of Record,1979-01-01,282,headnote_only,headnote_only,unknown
1982_PLD_187,1982 PLD 187,Lal Din v. Kariman Bibi -  Lahore-High-Court-Lahore,Court of Record,1982-01-01,118,headnote_only,headnote_only,unknown
2009_PLD_261,2009 PLD 261,Ms. Mahnaz Bakhtiar v. Farookh R. Mehri,Court of Record,2009-01-01,217,headnote_only,headnote_only,unknown
1982_PLD_174,1982 PLD 174,Sattan v. Ghulam Muhammad Station House Officer -  Lahore-High-Court-Lahore,Court of Record,1982-01-01,279,headnote_only,headnote_only,unknown
1982_PLD_177,1982 PLD 177,Taj Din v. Ghulam Muhammad -  Lahore-High-Court-Lahore,Court of Record,1982-01-01,178,headnote_only,headnote_only,unknown
2009_PLD_273,2009 PLD 273,Hasan Ali v. Muhammad Farhan Ahmed,Court of Record,2009-01-01,278,headnote_only,headnote_only,unknown
2009_PLD_303,2009 PLD 303,"Bank Of Credit And Commerce International, S.A. Through Special Attorney v. Mrs. Shahida Jam Sadiq Ali",Court of Record,2009-01-01,291,headnote_only,headnote_only,unknown
2009_PLD_315,2009 PLD 315,Pakistan Refinery Limited v. Barret Hodgson Pakistan (Pvt.) Ltd,Court of Record,2009-01-01,170,headnote_only,headnote_only,unknown
1982_PLD_194,1982 PLD 194,Muhammad Yaqub Ali v. Muhammad Fayyaz -  Lahore-High-Court-Lahore,Court of Record,1982-01-01,241,headnote_only,headnote_only,unknown
1979_PLD_127,1979 PLD 127,Iqbal Ahmad v. Mehrban Ali -  Lahore-High-Court-Lahore,Court of Record,1979-01-01,216,headnote_only,headnote_only,unknown
1982_PLD_197,1982 PLD 197,Muhammad Ismail v. Muhammad Ashraf -  Lahore-High-Court-Lahore,Court of Record,1982-01-01,135,headnote_only,headnote_only,unknown
1982_PLD_200,1982 PLD 200,Fancy Investments Ltd. v. U. B. L. -  Karachi-High-Court-Sindh,Court of Record,1982-01-01,102,headnote_only,headnote_only,unknown
1982_PLD_201,1982 PLD 201,Muhamamd Sharif v. Muhammad Hussain -  Lahore-High-Court-Lahore,Court of Record,1982-01-01,102,headnote_only,headnote_only,unknown
1982_PLD_204,1982 PLD 204,Arokey Ltd. v. Munir Ahmad Mughal,Court of Record,1982-01-01,172,headnote_only,headnote_only,unknown
1982_PLD_205,1982 PLD 205,"Muhammad Ali v. Chairman, Pakistan Railways -  Karachi-High-Court-Sindh",Court of Record,1982-01-01,120,headnote_only,headnote_only,unknown
1982_PLD_208,1982 PLD 208,Allah Wasaya v. The State,Court of Record,1982-01-01,243,headnote_only,headnote_only,unknown
1982_PLD_210,1982 PLD 210,Nasim Ahmad v. Senior Civil Judge & Rent Controller -  Karachi-High-Court-Sindh,Court of Record,1982-01-01,131,headnote_only,headnote_only,unknown
1982_PLD_212,1982 PLD 212,Makhdooma v. Muhammad Arif -  Karachi-High-Court-Sindh,Court of Record,1982-01-01,172,headnote_only,headnote_only,unknown
1982_PLD_213,1982 PLD 213,"Muhammad Ashraf v. Director, Mlitary Lands",Court of Record,1982-01-01,179,headnote_only,headnote_only,unknown
1982_PLD_214,1982 PLD 214,Noor Ahmad v. The State -  Lahore-High-Court-Lahore,Court of Record,1982-01-01,146,headnote_only,headnote_only,unknown
1982_PLD_216,1982 PLD 216,Zubeda Bano v. S. M. Anwar Sethi -  Karachi-High-Court-Sindh,Court of Record,1982-01-01,142,headnote_only,headnote_only,unknown
1982_PLD_217,1982 PLD 217,Muhammad Yaseen v. James Masih -  Lahore-High-Court-Lahore,Court of Record,1982-01-01,147,headnote_only,headnote_only,unknown
1982_PLD_218,1982 PLD 218,Khuda Bakhsh v. Sultan Ahmad -  Lahore-High-Court-Lahore,Court of Record,1982-01-01,287,headnote_only,headnote_only,unknown
1982_PLD_226,1982 PLD 226,Muhammad Sharif v. Khurshid Ahmad -  Lahore-High-Court-Lahore,Court of Record,1982-01-01,175,headnote_only,headnote_only,unknown
1982_PLD_227,1982 PLD 227,Dawood v. Muhammad Yasin,Court of Record,1982-01-01,138,headnote_only,headnote_only,unknown
1982_PLD_232,1982 PLD 232,Anjuman Jamia Ahli Hadith v. Abdul Qadir -  Lahore-High-Court-Lahore,Court of Record,1982-01-01,108,headnote_only,headnote_only,unknown
1982_PLD_233,1982 PLD 233,Balagamwala Oil Mills Ltd v. Pakistan -  Karachi-High-Court-Sindh,Court of Record,1982-01-01,141,headnote_only,headnote_only,petition_dismissed
1982_PLD_234,1982 PLD 234,Piran Ditta v. Habib Ashraf -  Lahore-High-Court-Lahore,Court of Record,1982-01-01,151,headnote_only,headnote_only,unknown
1982_PLD_255,1982 PLD 255,Aijaz Hussain v. The State -  Karachi-High-Court-Sindh,Court of Record,1982-01-01,152,headnote_only,headnote_only,unknown
1982_PLD_236,1982 PLD 236,Asma Ibrahim v. Sind Road Transport Corporation -  Karachi-High-Court-Sindh,Court of Record,1982-01-01,186,headnote_only,headnote_only,unknown
1982_PLD_239,1982 PLD 239,"Muhammad Hanif v. Collector/Deputy Commissioner, Kasur -  Lahore-High-Court-Lahore",Court of Record,1982-01-01,213,headnote_only,headnote_only,unknown
1982_PLD_240,1982 PLD 240,Muneeruddin v. The State -  Karachi-High-Court-Sindh,Court of Record,1982-01-01,153,headnote_only,headnote_only,unknown
1982_PLD_241,1982 PLD 241,Zareen Akhtar Khan v. Muhammad Ashraq Rana -  Lahore-High-Court-Lahore,Court of Record,1982-01-01,82,headnote_only,headnote_only,unknown
1982_PLD_242,1982 PLD 242,N. A. Qureshi v. Govt. Of The Punjab -  Lahore-High-Court-Lahore,Court of Record,1982-01-01,214,headnote_only,headnote_only,unknown
1982_PLD_244,1982 PLD 244,Sky Rooms Ltd. v. Assistant Collector Of Central Excise Land Customs -  Karachi-High-Court-Sindh,Court of Record,1982-01-01,279,headnote_only,headnote_only,unknown
1982_PLD_247,1982 PLD 247,"Commissioner Of Income-Tax, Karachi v. Estern Federal Union Insurance Co.",Court of Record,1982-01-01,203,headnote_only,headnote_only,unknown
1982_PLD_248,1982 PLD 248,Masood Akhtar v. Muhammad Iqbla -  Lahore-High-Court-Lahore,Court of Record,1982-01-01,123,headnote_only,headnote_only,unknown
1982_PLD_250,1982 PLD 250,Office Reference In Re: v. Office Reference In Re: -  Karachi-High-Court-Sindh,Court of Record,1982-01-01,131,headnote_only,headnote_only,disposed_of
1982_PLD_254,1982 PLD 254,Gul Salub Din v. Sultan Jan,Court of Record,1982-01-01,152,headnote_only,headnote_only,unknown
1982_PLD_259,1982 PLD 259,"M. Ilyas & Sons v. Commissioner Of Income-Tax, Lahore Cone",Court of Record,1982-01-01,187,headnote_only,headnote_only,unknown
1982_PLD_260,1982 PLD 260,Ghandhara Insustries Ltd. v. Govt. Of Pakistan -  Karachi-High-Court-Sindh,Court of Record,1982-01-01,149,headnote_only,headnote_only,unknown
1982_PLD_262,1982 PLD 262,Muhammad Siddique v. Fazla Din -  Lahore-High-Court-Lahore,Court of Record,1982-01-01,96,headnote_only,headnote_only,unknown
1982_PLD_263,1982 PLD 263,Muhammad Saeed Jehangir v. Sanjida Bano -  Karachi-High-Court-Sindh,Court of Record,1982-01-01,118,headnote_only,headnote_only,disposed_of
1982_PLD_276,1982 PLD 276,Sanyal Shah v. Asghar Ali -  Karachi-High-Court-Sindh,Court of Record,1982-01-01,133,headnote_only,headnote_only,unknown
1982_PLD_267,1982 PLD 267,Allah Dittan v. The State,Court of Record,1982-01-01,278,headnote_only,headnote_only,unknown
1982_PLD_271,1982 PLD 271,Shamsuddin v. The State -  Karachi-High-Court-Sindh,Court of Record,1982-01-01,78,headnote_only,headnote_only,unknown
1982_PLD_272,1982 PLD 272,Zarina Rauf Butt v. Malik Aziz Ahmad,Court of Record,1982-01-01,199,headnote_only,headnote_only,disposed_of
1982_PLD_273,1982 PLD 273,"Muhammad Saeed Khan v. Returning Officer, Karachi Municipal Corporation -  Karachi-High-Court-Sindh",Court of Record,1982-01-01,136,headnote_only,headnote_only,unknown
1982_PLD_280,1982 PLD 280,Shaukat Ali v. The State,Court of Record,1982-01-01,237,headnote_only,headnote_only,unknown
1982_PLD_281,1982 PLD 281,Shah Nawaz v. The State -  Karachi-High-Court-Sindh,Court of Record,1982-01-01,126,headnote_only,headnote_only,unknown
1982_PLD_282,1982 PLD 282,Ghulam Muhammad v. Irshad Ahmad,Court of Record,1982-01-01,283,headnote_only,headnote_only,unknown
1982_PLD_284,1982 PLD 284,Shahid Nazir v. University Of The Punjab -  Lahore-High-Court-Lahore,Court of Record,1982-01-01,148,headnote_only,headnote_only,unknown
1982_PLD_303,1982 PLD 303,"Ghulam Rasul v. Additional District Judge, Lahore -  Lahore-High-Court-Lahore",Court of Record,1982-01-01,115,headnote_only,headnote_only,unknown
1982_PLD_287,1982 PLD 287,Forest Department v. Inayat Begum -  Lahore-High-Court-Lahore,Court of Record,1982-01-01,184,headnote_only,headnote_only,unknown
1982_PLD_288,1982 PLD 288,Hussain v. The State -  Karachi-High-Court-Sindh,Court of Record,1982-01-01,196,headnote_only,headnote_only,unknown
1982_PLD_290,1982 PLD 290,"Indus Valley Construction Company Ltd., v. Pakistan Water And Power Development Authority -  Lahore-High-Court-Lahore",Court of Record,1982-01-01,180,headnote_only,headnote_only,unknown
1982_PLD_291,1982 PLD 291,The State v. Allah Bachayo -  Karachi-High-Court-Sindh,Court of Record,1982-01-01,143,headnote_only,headnote_only,unknown
1982_PLD_293,1982 PLD 293,Zahid Baig v. Ghaffar Ahmed -  Karachi-High-Court-Sindh,Court of Record,1982-01-01,171,headnote_only,headnote_only,unknown
1982_PLD_295,1982 PLD 295,Khushi Muhammad v. Anwar Begum -  Lahore-High-Court-Lahore,Court of Record,1982-01-01,232,headnote_only,headnote_only,unknown
1982_PLD_297,1982 PLD 297,"Muhammad Siddiq v. District Magistrate And Tribunal (South), Karachi -  Karachi-High-Court-Sindh",Court of Record,1982-01-01,142,headnote_only,headnote_only,unknown
1982_PLD_301,1982 PLD 301,"Sunshine Estate Ltd., v. Abdul Rehman, Assistant Registrar, Joint Stock Companies, Lahore -  Lahore-High-Court-Lahore",Court of Record,1982-01-01,169,headnote_only,headnote_only,unknown
1982_PLD_302,1982 PLD 302,Aitbar Ali v. The State -  Karachi-High-Court-Sindh,Court of Record,1982-01-01,148,headnote_only,headnote_only,unknown
1982_PLD_306,1982 PLD 306,"Fazal Karim v. Additional District Judge, Lahore",Court of Record,1982-01-01,250,headnote_only,headnote_only,unknown
1982_PLD_308,1982 PLD 308,"Anjuman Araian, Bhera v. Abdul Rashid",Court of Record,1982-01-01,185,headnote_only,headnote_only,unknown
1982_PLD_309,1982 PLD 309,Amir Bux v. The State -  Karachi-High-Court-Sindh,Court of Record,1982-01-01,125,headnote_only,headnote_only,unknown
1982_PLD_313,1982 PLD 313,Agricultural Development Bank Of Pakistan v. Anwar Hussain Jatoi -  Karachi-High-Court-Sindh,Court of Record,1982-01-01,97,headnote_only,headnote_only,unknown
1982_PLD_314,1982 PLD 314,"Muhammad Younis Malik v. District Judge, Lahore -  Lahore-High-Court-Lahore",Court of Record,1982-01-01,247,headnote_only,headnote_only,unknown
1982_PLD_321,1982 PLD 321,Shamshad Ahmad v. The State -  Lahore-High-Court-Lahore,Court of Record,1982-01-01,207,headnote_only,headnote_only,unknown
1982_PLD_322,1982 PLD 322,Muhammad Sarfraz Khan v. Noor Muhammad,Court of Record,1982-01-01,185,headnote_only,headnote_only,unknown
1982_PLD_323,1982 PLD 323,Hassan v. The State -  Karachi-High-Court-Sindh,Court of Record,1982-01-01,130,headnote_only,headnote_only,unknown
1982_PLD_325,1982 PLD 325,Muhammad Siddiq v. Muhammad Munis,Court of Record,1982-01-01,115,headnote_only,headnote_only,unknown
1982_PLD_326,1982 PLD 326,Govt. Of Baluchistan v. Muhammad Safdar,Court of Record,1982-01-01,162,headnote_only,headnote_only,unknown
1982_PLD_380,1982 PLD 380,Muhammad Rafi v. Sharif Ahmad -  Lahore-High-Court-Lahore,Court of Record,1982-01-01,126,headnote_only,headnote_only,unknown
1982_PLD_327,1982 PLD 327,Shamsuddin v. Imamuddin -  Karachi-High-Court-Sindh,Court of Record,1982-01-01,170,headnote_only,headnote_only,unknown
1982_PLD_330,1982 PLD 330,Begum Darab Sultana v. Custodian,Court of Record,1982-01-01,196,headnote_only,headnote_only,unknown
1982_PLD_332,1982 PLD 332,Feroze Khan v. Meraj Begum -  Lahore-High-Court-Lahore,Court of Record,1982-01-01,264,headnote_only,headnote_only,unknown
1982_PLD_336,1982 PLD 336,Shaikh Haider v. Govt. Of Sind -  Karachi-High-Court-Sindh,Court of Record,1982-01-01,227,headnote_only,headnote_only,unknown
1982_PLD_342,1982 PLD 342,Pakistan v. Sardar Ali,Court of Record,1982-01-01,184,headnote_only,headnote_only,unknown
1982_PLD_344,1982 PLD 344,Khaqan v. The State -  Lahore-High-Court-Lahore,Court of Record,1982-01-01,264,headnote_only,headnote_only,unknown
1982_PLD_347,1982 PLD 347,Pakistan v. Muhammad Abdullah Bajwa,Court of Record,1982-01-01,183,headnote_only,headnote_only,leave_granted
1982_PLD_349,1982 PLD 349,Province Of Punjab v. Ramzan Ali Khan,Court of Record,1982-01-01,201,headnote_only,headnote_only,unknown
1982_PLD_414,1982 PLD 414,"Mehar Cotton Factory, Rahimyarkhan v. Abdul Shakoor & Brothers Karachi -  Karachi-High-Court-Sindh",Court of Record,1982-01-01,122,headnote_only,headnote_only,unknown
1982_PLD_350,1982 PLD 350,Shahnaz Kausar v. Muhamamd Boota -  Lahore-High-Court-Lahore,Court of Record,1982-01-01,163,headnote_only,headnote_only,unknown
1982_PLD_352,1982 PLD 352,Maqsood Ali v. The State -  Karachi-High-Court-Sindh,Court of Record,1982-01-01,146,headnote_only,headnote_only,unknown
1982_PLD_353,1982 PLD 353,"Salman Mehmood Cotton Ginners, Kabirwala v. Special Judge, Banking (Ii) -  Lahore-High-Court-Lahore",Court of Record,1982-01-01,170,headnote_only,headnote_only,unknown
1982_PLD_355,1982 PLD 355,Qamar Sultana v. Abdul Hussain -  Karachi-High-Court-Sindh,Court of Record,1982-01-01,201,headnote_only,headnote_only,unknown
1982_PLD_357,1982 PLD 357,Nisar Ahmad Sheikh v. Secretary Of Govt. Of Punjab,Court of Record,1982-01-01,159,headnote_only,headnote_only,unknown
1982_PLD_358,1982 PLD 358,Asad Ali Alvi v. Nazir -  Lahore-High-Court-Lahore,Court of Record,1982-01-01,293,headnote_only,headnote_only,unknown
1982_PLD_360,1982 PLD 360,Dad v. The State -  Karachi-High-Court-Sindh,Court of Record,1982-01-01,221,headnote_only,headnote_only,unknown
1982_PLD_362,1982 PLD 362,M. Saeed Ahmad Dar v. Shahabuddin -  Lahore-High-Court-Lahore,Court of Record,1982-01-01,116,headnote_only,headnote_only,unknown
1982_PLD_363,1982 PLD 363,"Jodha v. Addl. Distt. Judge, Sheikhupura -  Lahore-High-Court-Lahore",Court of Record,1982-01-01,195,headnote_only,headnote_only,unknown
1982_PLD_364,1982 PLD 364,(Colony) Thal Textile Mills Ltd. v. Pakistan -  Lahore-High-Court-Lahore,Court of Record,1982-01-01,150,headnote_only,headnote_only,unknown
1982_PLD_367,1982 PLD 367,Govt. Of Pakistan v. Nawab Muhammad Abbas Khan Abbasi,Court of Record,1982-01-01,275,headnote_only,headnote_only,unknown
1982_PLD_368,1982 PLD 368,Ghulam Muhammad v. Habib-Ur-Rahman -  Lahore-High-Court-Lahore,Court of Record,1982-01-01,174,headnote_only,headnote_only,unknown
1982_PLD_371,1982 PLD 371,Mohammad Ikramul Haq v. Province Of The Punjab -  Lahore-High-Court-Lahore,Court of Record,1982-01-01,287,headnote_only,headnote_only,unknown
1982_PLD_373,1982 PLD 373,Zulfiqar Ahmad ` v. The State -  Lahore-High-Court-Lahore,Court of Record,1982-01-01,101,headnote_only,headnote_only,unknown
1982_PLD_374,1982 PLD 374,Kaneez Fatima v. Abdul Waheed -  Karachi-High-Court-Sindh,Court of Record,1982-01-01,297,headnote_only,headnote_only,unknown
1982_PLD_378,1982 PLD 378,Taj Construction Company v. Federation Of Pakistan -  Karachi-High-Court-Sindh,Court of Record,1982-01-01,171,headnote_only,headnote_only,unknown
1982_PLD_396,1982 PLD 396,Laleesa Begum v. Iqbal Ahmad Qureshi,Court of Record,1982-01-01,181,headnote_only,headnote_only,unknown
1982_PLD_398,1982 PLD 398,Ally Brothers & Co (Pak) Ltd. v. Fedrn Of Pakistan -  Lahore-High-Court-Lahore,Court of Record,1982-01-01,169,headnote_only,headnote_only,unknown
1982_PLD_399,1982 PLD 399,Abdul Saeed Khan v. Saeeda Khanum -  Karachi-High-Court-Sindh,Court of Record,1982-01-01,84,headnote_only,headnote_only,unknown
1982_PLD_401,1982 PLD 401,Abdul Ghani v. Zahida Begum -  Lahore-High-Court-Lahore,Court of Record,1982-01-01,251,headnote_only,headnote_only,unknown
1982_PLD_402,1982 PLD 402,Muhammad Arif v. The State,Court of Record,1982-01-01,182,headnote_only,headnote_only,unknown
1982_PLD_403,1982 PLD 403,Ghafoor Ahmad v. Anwar Baig -  Karachi-High-Court-Sindh,Court of Record,1982-01-01,60,headnote_only,headnote_only,unknown
1982_PLD_405,1982 PLD 405,Muhammad Shaf v. Nizam Din -  Lahore-High-Court-Lahore,Court of Record,1982-01-01,286,headnote_only,headnote_only,unknown
1982_PLD_406,1982 PLD 406,A. S. Mughal v. Khurshid Azmat Ali -  Karachi-High-Court-Sindh,Court of Record,1982-01-01,195,headnote_only,headnote_only,unknown
2008_PLD_71,2008 PLD 71,Human Rights Case No. 4115 Of 2007 Vs,Court of Record,2008-01-01,138,headnote_only,headnote_only,unknown
2008_PLD_73,2008 PLD 73,"Allah Diwaya v. Ghulam Fatima, Represented By Ahmad Sher",Court of Record,2008-01-01,186,headnote_only,headnote_only,unknown
2008_PLD_76,2008 PLD 76,"Niaz Muhammad v. District Returning Officer/District And Sessions Judge, Peshawar",Court of Record,2008-01-01,286,headnote_only,headnote_only,unknown
2008_PLD_84,2008 PLD 84,Muhammd Ibrahim Qasmi v. Election Commission Of Pakistan Through Secretary,Court of Record,2008-01-01,286,headnote_only,headnote_only,unknown
1971_PLD_616,1971 PLD 616,Abdul Ghafoor v. Abdul Karim -  Lahore-High-Court-Lahore,Court of Record,1971-01-01,153,headnote_only,headnote_only,disposed_of
2008_PLD_104,2008 PLD 104,Muhammad Azhar v. United Textile Mills Through Manager,Court of Record,2008-01-01,255,headnote_only,headnote_only,petition_dismissed
2008_PLD_88,2008 PLD 88,Hafiz Hamad Ullah Farooq v. Abdul Qayyum,Court of Record,2008-01-01,240,headnote_only,headnote_only,petition_dismissed
2008_PLD_90,2008 PLD 90,Maulana Atta-Ur-Rehman v. Al-Hajj Sardar Umar Farooq Miankhel,Court of Record,2008-01-01,297,headnote_only,headnote_only,unknown
1971_PLD_619,1971 PLD 619,Vs -  Lahore-High-Court-Lahore,Court of Record,1971-01-01,162,headnote_only,headnote_only,unknown
1971_PLD_597,1971 PLD 597,Vs -  Karachi-High-Court-Sindh,Court of Record,1971-01-01,136,headnote_only,headnote_only,unknown
1971_PLD_598,1971 PLD 598,Vs -  Lahore-High-Court-Lahore,Court of Record,1971-01-01,220,headnote_only,headnote_only,unknown
1971_PLD_605,1971 PLD 605,Vs -  Karachi-High-Court-Sindh,Court of Record,1971-01-01,143,headnote_only,headnote_only,unknown
1971_PLD_708,1971 PLD 708,Vs -  Karachi-High-Court-Sindh,Court of Record,1971-01-01,56,headnote_only,headnote_only,unknown
1971_PLD_625,1971 PLD 625,Vs -  Karachi-High-Court-Sindh,Court of Record,1971-01-01,177,headnote_only,headnote_only,unknown
1971_PLD_632,1971 PLD 632,Vs -  Karachi-High-Court-Sindh,Court of Record,1971-01-01,111,headnote_only,headnote_only,unknown
1971_PLD_649,1971 PLD 649,Vs -  Karachi-High-Court-Sindh,Court of Record,1971-01-01,139,headnote_only,headnote_only,unknown
1971_PLD_652,1971 PLD 652,Vs -  Karachi-High-Court-Sindh,Court of Record,1971-01-01,101,headnote_only,headnote_only,unknown
1971_PLD_654,1971 PLD 654,Vs -  Karachi-High-Court-Sindh,Court of Record,1971-01-01,117,headnote_only,headnote_only,petition_dismissed
S. 3(3)(a)---Balochistan Service Tribunals Act (V of 1974)_S. 3(3)(A)--- PUNJAB SERVICE TRIBUNALS ACT (IX OF 1974)_1,S. 3(3)(a)---Balochistan Service Tribunals Act (V of 1974) S. 3(3)(A)--- PUNJAB SERVICE TRIBUNALS ACT (IX OF 1974) 1,S. 3(3)(A)-,Court of Record,,5,headnote_only,headnote_only,unknown
1971_PLD_664,1971 PLD 664,"Muhammad Yaqub And 13 Others--- v. The Municipal Committee, Lyallpur---- -  Lahore-High-Court-Lahore",Court of Record,1971-01-01,249,headnote_only,headnote_only,unknown
1971_PLD_666,1971 PLD 666,Vs -  Karachi-High-Court-Sindh,Court of Record,1971-01-01,191,headnote_only,headnote_only,unknown
1971_PLD_669,1971 PLD 669,S. Anwar Hussain San v. Sarfraz Ahmad,Court of Record,1971-01-01,143,headnote_only,headnote_only,unknown
1971_PLD_671,1971 PLD 671,Vs -  Karachi-High-Court-Sindh,Court of Record,1971-01-01,260,headnote_only,headnote_only,unknown
S. 3(3)(b)---Balochistan Service Tribunals Act (V of 1974)_S. 3(3)(B)---PUNJAB SERVICE TRIBUNALS ACT (IX OF 1974)_1,S. 3(3)(b)---Balochistan Service Tribunals Act (V of 1974) S. 3(3)(B)---PUNJAB SERVICE TRIBUNALS ACT (IX OF 1974) 1,S. 3(3)(B)-,Court of Record,,5,headnote_only,headnote_only,unknown
1971_PLD_678,1971 PLD 678,Masood Qureshi v. Azizul Hameed -  Lahore-High-Court-Lahore,Court of Record,1971-01-01,143,headnote_only,headnote_only,unknown
1971_PLD_687,1971 PLD 687,Vs -  Karachi-High-Court-Sindh,Court of Record,1971-01-01,161,headnote_only,headnote_only,unknown
1971_PLD_692,1971 PLD 692,Vs -  Karachi-High-Court-Sindh,Court of Record,1971-01-01,149,headnote_only,headnote_only,unknown
1971_PLD_726,1971 PLD 726,Vs -  Karachi-High-Court-Sindh,Court of Record,1971-01-01,290,headnote_only,headnote_only,unknown
1971_PLD_693,1971 PLD 693,Muhammad Sharif v. Taj Din -  Lahore-High-Court-Lahore,Court of Record,1971-01-01,195,headnote_only,headnote_only,unknown
1971_PLD_698,1971 PLD 698,Vs -  Lahore-High-Court-Lahore,Court of Record,1971-01-01,288,headnote_only,headnote_only,unknown
1971_PLD_700,1971 PLD 700,Ansari Brothers v. Holy Trinthy Church Trust,Court of Record,1971-01-01,181,headnote_only,headnote_only,appeal_dismissed
1971_PLD_701,1971 PLD 701,Vs -  Karachi-High-Court-Sindh,Court of Record,1971-01-01,292,headnote_only,headnote_only,unknown
1971_PLD_703,1971 PLD 703,Muhammad Nawaz v. The State -  Lahore-High-Court-Lahore,Court of Record,1971-01-01,107,headnote_only,headnote_only,unknown
1971_PLD_709,1971 PLD 709,Rashid Ahmad v. The State,Court of Record,1971-01-01,205,headnote_only,headnote_only,remanded
1971_PLD_713,1971 PLD 713,Muhammad Sadiq v. The State,Court of Record,1971-01-01,191,headnote_only,headnote_only,disposed_of
1971_PLD_721,1971 PLD 721,Vs -  Karachi-High-Court-Sindh,Court of Record,1971-01-01,150,headnote_only,headnote_only,unknown
1971_PLD_725,1971 PLD 725,Mukhtar Ali v. The State,Court of Record,1971-01-01,173,headnote_only,headnote_only,unknown
1971_PLD_727,1971 PLD 727,Mst. Imam Hussain Bibi v. Muhammad Latif -  Lahore-High-Court-Lahore,Court of Record,1971-01-01,221,headnote_only,headnote_only,unknown
1971_PLD_729,1971 PLD 729,Vs -  Karachi-High-Court-Sindh,Court of Record,1971-01-01,173,headnote_only,headnote_only,unknown
1971_PLD_730,1971 PLD 730,Sikandar Hayat v. Fazal Karim,Court of Record,1971-01-01,156,headnote_only,headnote_only,unknown
1971_PLD_732,1971 PLD 732,Abdul Aziz v. The State -  Lahore-High-Court-Lahore,Court of Record,1971-01-01,131,headnote_only,headnote_only,unknown
1971_PLD_733,1971 PLD 733,Vs -  Karachi-High-Court-Sindh,Court of Record,1971-01-01,209,headnote_only,headnote_only,petition_dismissed
1971_PLD_734,1971 PLD 734,Vs -  Lahore-High-Court-Lahore,Court of Record,1971-01-01,155,headnote_only,headnote_only,unknown
1971_PLD_737,1971 PLD 737,Vs -  Lahore-High-Court-Lahore,Court of Record,1971-01-01,247,headnote_only,headnote_only,unknown
1971_PLD_739,1971 PLD 739,Vs -  Karachi-High-Court-Sindh,Court of Record,1971-01-01,241,headnote_only,headnote_only,unknown
1971_PLD_741,1971 PLD 741,Ghulam Rubbani v. The State -  Lahore-High-Court-Lahore,Court of Record,1971-01-01,119,headnote_only,headnote_only,unknown
1971_PLD_743,1971 PLD 743,Messrs Dada Ltd. v. Province Of West Pakistan -  Lahore-High-Court-Lahore,Court of Record,1971-01-01,104,headnote_only,headnote_only,unknown
1971_PLD_747,1971 PLD 747,Vs -  Karachi-High-Court-Sindh,Court of Record,1971-01-01,124,headnote_only,headnote_only,unknown
1971_PLD_751,1971 PLD 751,Suleman Shah v. Ayub,Court of Record,1971-01-01,178,headnote_only,headnote_only,unknown
1971_PLD_756,1971 PLD 756,Vs -  Karachi-High-Court-Sindh,Court of Record,1971-01-01,181,headnote_only,headnote_only,unknown
1971_PLD_759,1971 PLD 759,Vs -  Karachi-High-Court-Sindh,Court of Record,1971-01-01,243,headnote_only,headnote_only,unknown
1971_PLD_762,1971 PLD 762,Ahmad Din v. Muhammad Shafi,Court of Record,1971-01-01,234,headnote_only,headnote_only,unknown
1971_PLD_839,1971 PLD 839,Muhammad Ishtiaq v. The Government Of West Pakistan -  Lahore-High-Court-Lahore,Court of Record,1971-01-01,58,headnote_only,headnote_only,unknown
1971_PLD_763,1971 PLD 763,Vs -  Karachi-High-Court-Sindh,Court of Record,1971-01-01,195,headnote_only,headnote_only,unknown
1971_PLD_766,1971 PLD 766,Vs -  Lahore-High-Court-Lahore,Court of Record,1971-01-01,251,headnote_only,headnote_only,unknown
1971_PLD_771,1971 PLD 771,Dr. Fasihullah v. The State,Court of Record,1971-01-01,103,headnote_only,headnote_only,unknown
1971_PLD_772,1971 PLD 772,Vs -  Karachi-High-Court-Sindh,Court of Record,1971-01-01,193,headnote_only,headnote_only,unknown
1971_PLD_776,1971 PLD 776,Khadim Alias Khooni v. The State -  Lahore-High-Court-Lahore,Court of Record,1971-01-01,267,headnote_only,headnote_only,unknown
1971_PLD_779,1971 PLD 779,"Fazal Din v. Custodian, Evacuee Property",Court of Record,1971-01-01,194,headnote_only,headnote_only,unknown
1971_PLD_781,1971 PLD 781,Muhammad Ramzan v. Mst. Khalida Perveen -  Lahore-High-Court-Lahore,Court of Record,1971-01-01,118,headnote_only,headnote_only,unknown
1971_PLD_784,1971 PLD 784,Jamal Jute Bailing & Co v. M. Sarkies & Sons,Court of Record,1971-01-01,191,headnote_only,headnote_only,unknown
1971_PLD_879,1971 PLD 879,"Muhammad Yar And 2 Others v. Chief Land Commissioner, West Pakistan, -  Lahore-High-Court-Lahore",Court of Record,1971-01-01,78,headnote_only,headnote_only,unknown
1971_PLD_793,1971 PLD 793,Vs -  Karachi-High-Court-Sindh,Court of Record,1971-01-01,158,headnote_only,headnote_only,unknown
1971_PLD_799,1971 PLD 799,Muhammad Saleem v. The State -  Lahore-High-Court-Lahore,Court of Record,1971-01-01,203,headnote_only,headnote_only,unknown
1971_PLD_806,1971 PLD 806,Vs -  Karachi-High-Court-Sindh,Court of Record,1971-01-01,95,headnote_only,headnote_only,unknown
1971_PLD_817,1971 PLD 817,Vs -  Karachi-High-Court-Sindh,Court of Record,1971-01-01,125,headnote_only,headnote_only,unknown
1971_PLD_825,1971 PLD 825,Ghazi And 8 Others v. Mst. Nighat Ara Begum -  Lahore-High-Court-Lahore,Court of Record,1971-01-01,181,headnote_only,headnote_only,unknown
1971_PLD_829,1971 PLD 829,Alauddin v. Board Of Intermediate And Secondary -  Lahore-High-Court-Lahore,Court of Record,1971-01-01,213,headnote_only,headnote_only,unknown
1971_PLD_834,1971 PLD 834,Mehra v. Zahur Ahmad -  Lahore-High-Court-Lahore,Court of Record,1971-01-01,297,headnote_only,headnote_only,unknown
1971_PLD_846,1971 PLD 846,Mukhtar Ahmad v. Government Of West Pakistan,Court of Record,1971-01-01,199,headnote_only,headnote_only,unknown
1971_PLD_848,1971 PLD 848,Vs -  Karachi-High-Court-Sindh,Court of Record,1971-01-01,250,headnote_only,headnote_only,unknown
1971_PLD_850,1971 PLD 850,Ghulam Muhammad v. The State -  Lahore-High-Court-Lahore,Court of Record,1971-01-01,206,headnote_only,headnote_only,unknown
1971_PLD_857,1971 PLD 857,Abdur Rab v. Mobarakullah,Court of Record,1971-01-01,123,headnote_only,headnote_only,unknown
1971_PLD_1053,1971 PLD 1053,"Ghulam Muhammad v. Chief Settlement Commissioner, -  Lahore-High-Court-Lahore",Court of Record,1971-01-01,99,headnote_only,headnote_only,unknown
1971_PLD_861,1971 PLD 861,"Messrs Colony Textile Mills Ltd., Lahore v. The Income-Tax Appellate Tribunal -  Lahore-High-Court-Lahore",Court of Record,1971-01-01,114,headnote_only,headnote_only,unknown
1971_PLD_866,1971 PLD 866,Mst. Tahira Begum- v. Ch. Matiullah -  Lahore-High-Court-Lahore,Court of Record,1971-01-01,264,headnote_only,headnote_only,unknown
1971_PLD_871,1971 PLD 871,"M. Abdul Aziz And 3 Others v. The Settlement And Rehabilitation Commissioner, -  Lahore-High-Court-Lahore",Court of Record,1971-01-01,269,headnote_only,headnote_only,unknown
1971_PLD_875,1971 PLD 875,Mst. Tehseen Akhtar v. Mahmood-Ul-Hassan -  Lahore-High-Court-Lahore,Court of Record,1971-01-01,164,headnote_only,headnote_only,unknown
1971_PLD_883,1971 PLD 883,Fazal-Ur-Rahman And 2 Others v. The State -  Lahore-High-Court-Lahore,Court of Record,1971-01-01,241,headnote_only,headnote_only,unknown
1971_PLD_887,1971 PLD 887,Vs -  Karachi-High-Court-Sindh,Court of Record,1971-01-01,231,headnote_only,headnote_only,unknown
1971_PLD_895,1971 PLD 895,Vs -  Karachi-High-Court-Sindh,Court of Record,1971-01-01,62,headnote_only,headnote_only,unknown
1971_PLD_897,1971 PLD 897,Vs -  Karachi-High-Court-Sindh,Court of Record,1971-01-01,158,headnote_only,headnote_only,unknown
1971_PLD_920,1971 PLD 920,Vs -  Karachi-High-Court-Sindh,Court of Record,1971-01-01,124,headnote_only,headnote_only,unknown
1971_PLD_925,1971 PLD 925,Vs -  Karachi-High-Court-Sindh,Court of Record,1971-01-01,57,headnote_only,headnote_only,unknown
1971_PLD_929,1971 PLD 929,Faqir Muhammad v. The State -  Lahore-High-Court-Lahore,Court of Record,1971-01-01,143,headnote_only,headnote_only,unknown
1971_PLD_931,1971 PLD 931,"Muhammad Hidayatullah v. The Settlement And Rehabilitation Commissioner, -  Lahore-High-Court-Lahore",Court of Record,1971-01-01,295,headnote_only,headnote_only,unknown
1971_PLD_937,1971 PLD 937,Vs -  Karachi-High-Court-Sindh,Court of Record,1971-01-01,262,headnote_only,headnote_only,unknown
1971_PLD_938,1971 PLD 938,Inayat And Others v. Nawab Khan -  Lahore-High-Court-Lahore,Court of Record,1971-01-01,113,headnote_only,headnote_only,unknown
1971_PLD_944,1971 PLD 944,"Mst. Zohra v. The District Magistrate, Bahawalnagar -  Lahore-High-Court-Lahore",Court of Record,1971-01-01,108,headnote_only,headnote_only,unknown
1971_PLD_947,1971 PLD 947,Vs -  Lahore-High-Court-Lahore,Court of Record,1971-01-01,227,headnote_only,headnote_only,unknown
1971_PLD_952,1971 PLD 952,"Ghulam Haider v. Discipline Committee, Board Of Intermediate -  Lahore-High-Court-Lahore",Court of Record,1971-01-01,105,headnote_only,headnote_only,unknown
1971_PLD_972,1971 PLD 972,Azhar Ali v. The Chairman Board Of Intermediate -  Lahore-High-Court-Lahore,Court of Record,1971-01-01,228,headnote_only,headnote_only,unknown
1971_PLD_989,1971 PLD 989,Muhammad Anwar Khan v. The Punjab Province -  Lahore-High-Court-Lahore,Court of Record,1971-01-01,174,headnote_only,headnote_only,unknown
1971_PLD_994,1971 PLD 994,Vs -  Lahore-High-Court-Lahore,Court of Record,1971-01-01,295,headnote_only,headnote_only,unknown
1969_PLD_398,1969 PLD 398,Ghulam Muhammad v. Muhammad Sharif,Court of Record,1969-01-01,154,headnote_only,headnote_only,unknown
1971_PLD_999,1971 PLD 999,"Messrs Everlast Enterprises Ltd., Lahore--- v. Government Of Pakistan And Another--- -  Lahore-High-Court-Lahore",Court of Record,1971-01-01,184,headnote_only,headnote_only,unknown
1971_PLD_1007,1971 PLD 1007,Vs -  Lahore-High-Court-Lahore,Court of Record,1971-01-01,296,headnote_only,headnote_only,unknown
1971_PLD_1020,1971 PLD 1020,"Warris Iqbal And Another v. Settlement Commissioner, Lahore Division, -  Lahore-High-Court-Lahore",Court of Record,1971-01-01,293,headnote_only,headnote_only,unknown
1971_PLD_1040,1971 PLD 1040,Dilmeer Khan v. Subhan Khan -  Lahore-High-Court-Lahore,Court of Record,1971-01-01,49,headnote_only,headnote_only,unknown
1969_PLD_399,1969 PLD 399,Malina Rani Das v. Gopal Chandra Roy -  Dhaka,Court of Record,1969-01-01,68,headnote_only,headnote_only,unknown
1971_PLD_1056,1971 PLD 1056,Vs -  Lahore-High-Court-Lahore,Court of Record,1971-01-01,218,headnote_only,headnote_only,unknown
1969_PLD_384,1969 PLD 384,Gul Muhammad v. Mst. Saira Bibi Arm Another -  Karachi-High-Court-Sindh,Court of Record,1969-01-01,38,headnote_only,headnote_only,unknown
1969_PLD_386,1969 PLD 386,"Md. Shamsul Haque v. Managing Director, Pfizer Laboratories Ltd. -  Dhaka",Court of Record,1969-01-01,82,headnote_only,headnote_only,unknown
1969_PLD_389,1969 PLD 389,The Province Of West Pakistan Through The Chief Secretary Of West Pakistan v. Abdul Razzaq Shah -  Karachi-High-Court-Sindh,Court of Record,1969-01-01,108,headnote_only,headnote_only,unknown
1969_PLD_390,1969 PLD 390,Farok Ahmed v. Abdul Jalil -  Dhaka,Court of Record,1969-01-01,164,headnote_only,headnote_only,unknown
1969_PLD_391,1969 PLD 391,"Works Co-Operative Housing Society v. The Karachi Development Authority, Karachi",Court of Record,1969-01-01,274,headnote_only,headnote_only,unknown
1969_PLD_395,1969 PLD 395,"Tawhid Ali Sardar,Abdus Sattar v. The State,The State Bank Of Pakistan -  Dhaka",Court of Record,1969-01-01,143,headnote_only,headnote_only,unknown
1969_PLD_401,1969 PLD 401,Mst. Kaneez Fatima v. Chief Settlement Commissioner And Others -  Karachi-High-Court-Sindh,Court of Record,1969-01-01,59,headnote_only,headnote_only,unknown
1969_PLD_407,1969 PLD 407,"Pakistan, Through The Secretary, Ministry Of Finance v. Muhammad Himayatullah Farukhi",Court of Record,1969-01-01,165,headnote_only,headnote_only,unknown
1969_PLD_408,1969 PLD 408,Messrs Ralli Brothers Ltd. v. Messrs Shaikh Muhammad Din Abdul Rahman -  Karachi-High-Court-Sindh,Court of Record,1969-01-01,122,headnote_only,headnote_only,unknown
1969_PLD_410,1969 PLD 410,"Messrs Luxury House (Firm) Dacca v. First Labour Court, East Pakistan, Dacca -  Dhaka",Court of Record,1969-01-01,85,headnote_only,headnote_only,unknown
1969_PLD_412,1969 PLD 412,"Ram And Another v. Settlement And Rehabilitation Commissioner, Khairpur Division, Khairpur And Others -  Karachi-High-Court-Sindh",Court of Record,1969-01-01,192,headnote_only,headnote_only,petition_dismissed
1969_PLD_417,1969 PLD 417,Makramullah v. Province Of East Pakistan -  Dhaka,Court of Record,1969-01-01,164,headnote_only,headnote_only,disposed_of
1969_PLD_418,1969 PLD 418,"Industrial Sales And Service, Karachi And Another v. Archifar Opal Laboratories Ltd., Karachi -  Karachi-High-Court-Sindh",Court of Record,1969-01-01,144,headnote_only,headnote_only,unknown
1969_PLD_427,1969 PLD 427,Manik Chand Sarda v. Secretary To The Government Of East Pakistan Of Revenue Department -  Dhaka,Court of Record,1969-01-01,182,headnote_only,headnote_only,unknown
1969_PLD_433,1969 PLD 433,Said Muhammad v. Talib Hussain -  Lahore-High-Court-Lahore,Court of Record,1969-01-01,79,headnote_only,headnote_only,unknown
1969_PLD_436,1969 PLD 436,Asghar Jehan Begum v. Syed Jalilur Rehman And Others -  Karachi-High-Court-Sindh,Court of Record,1969-01-01,210,headnote_only,headnote_only,unknown
1969_PLD_448,1969 PLD 448,Mst. Sardar Bang v. Saifullah Khan -  Lahore-High-Court-Lahore,Court of Record,1969-01-01,142,headnote_only,headnote_only,unknown
1969_PLD_451,1969 PLD 451,"B. S. Industries v. The Deputy Registrar, Trade Marks -  Dhaka",Court of Record,1969-01-01,188,headnote_only,headnote_only,unknown
1969_PLD_452,1969 PLD 452,"Fatoomal v. Rehabilitation. Commissioner, Khairpur Division",Court of Record,1969-01-01,274,headnote_only,headnote_only,unknown
1969_PLD_453,1969 PLD 453,Mian Fazal Muhammad Nizam-Ud-Din Baig & Co v. The Province Of West Pakistan -  Lahore-High-Court-Lahore,Court of Record,1969-01-01,246,headnote_only,headnote_only,unknown
1969_PLD_454,1969 PLD 454,"Messrs Dada Ltd., Karachi v. Commissioner Of Income-Tax -  Karachi-High-Court-Sindh",Court of Record,1969-01-01,291,headnote_only,headnote_only,unknown
1969_PLD_456,1969 PLD 456,Kartik Mondal Alias Kartick Chandra Mondal v. Sreemati Pagali Dasi -  Dhaka,Court of Record,1969-01-01,101,headnote_only,headnote_only,unknown
1969_PLD_461,1969 PLD 461,Muhammad Sharif v. S. R. Rahmatullah -  Lahore-High-Court-Lahore,Court of Record,1969-01-01,205,headnote_only,headnote_only,unknown
1969_PLD_463,1969 PLD 463,"The Sangbad Ltd,Khandker Nurul Haque v. The Deputy Commissioner, Dacca,The Province Of East Pakistan,Additional Deputy Commissioner, -  Dhaka",Court of Record,1969-01-01,247,headnote_only,headnote_only,unknown
1969_PLD_467,1969 PLD 467,Asghar Ali Alias Zafar Alam v. Mst. Naseem Akhtar -  Lahore-High-Court-Lahore,Court of Record,1969-01-01,168,headnote_only,headnote_only,unknown
1969_PLD_469,1969 PLD 469,Bashir Ahmad v. Abdul Aziz,Court of Record,1969-01-01,141,headnote_only,headnote_only,unknown
1969_PLD_471,1969 PLD 471,Sher Muhammad v. Rajada And Another -  Lahore-High-Court-Lahore,Court of Record,1969-01-01,292,headnote_only,headnote_only,unknown
1969_PLD_474,1969 PLD 474,"The Pakistan Employees Co-Operative Housing Society Ltd., Karachi-Defendants v. Mst. Anwar Sultana And Others-Plaintiffs -  Karachi-High-Court-Sindh",Court of Record,1969-01-01,166,headnote_only,headnote_only,unknown
1969_PLD_495,1969 PLD 495,Messrs Tar Muhammad Janoo & Co.---Applicant- v. Messrs Maldivian National Corporation (Ceylon) Ltd. And Another-Opponents -  Karachi-High-Court-Sindh,Court of Record,1969-01-01,165,headnote_only,headnote_only,unknown
1969_PLD_515,1969 PLD 515,Haji Shamsuddin Ismail And Others v. The State And Others -  Karachi-High-Court-Sindh,Court of Record,1969-01-01,125,headnote_only,headnote_only,unknown
1969_PLD_499,1969 PLD 499,Javed Ali Bepari v. Abdul Bari Bepari -  Dhaka,Court of Record,1969-01-01,198,headnote_only,headnote_only,unknown
1969_PLD_506,1969 PLD 506,Syed Muzaffar Ali Shah v. Settlement Commissioner (Industries) -  Karachi-High-Court-Sindh,Court of Record,1969-01-01,149,headnote_only,headnote_only,unknown
1969_PLD_512,1969 PLD 512,Muhammad Amin v. Mst. Surraya Begum -  Lahore-High-Court-Lahore,Court of Record,1969-01-01,116,headnote_only,headnote_only,unknown
1969_PLD_514,1969 PLD 514,"Messrs Macneill & Barry Ltd v. Commissioner Of Income-Tax, East Pakistan",Court of Record,1969-01-01,211,headnote_only,headnote_only,unknown
1965_PLD_39,1965 PLD 39,Mst. Alam Bibi v. Munshi -  West-Pakistan-Board-Of-Revenue,Court of Record,1965-01-01,93,headnote_only,headnote_only,unknown
1969_PLD_516,1969 PLD 516,"Md. Juran Mondal Alias Md. Juran Ali Mondal v. A. H. Chowdhury, District Judge, Jessore -  Dhaka",Court of Record,1969-01-01,291,headnote_only,headnote_only,unknown
1969_PLD_517,1969 PLD 517,"Messrs Ata Hossain Khan Ltd v. Commissioner Of Income-Tax, East Pakistan, Dacca",Court of Record,1969-01-01,222,headnote_only,headnote_only,unknown
1969_PLD_522,1969 PLD 522,Province Of East Pakistan v. Md. Atiqullah -  Dhaka,Court of Record,1969-01-01,212,headnote_only,headnote_only,unknown
1969_PLD_523,1969 PLD 523,Messrs M. Muhammad Said v. Ch. Muhammad Tufail & Co. And Others -  Karachi-High-Court-Sindh,Court of Record,1969-01-01,75,headnote_only,headnote_only,unknown
1969_PLD_524,1969 PLD 524,Messrs Badri Narayan Agarwala v. Messrs Pak. Jute Balers Ltd,Court of Record,1969-01-01,67,headnote_only,headnote_only,unknown
1969_PLD_529,1969 PLD 529,"Nabadwip Chandra Podder v. S. D. Ahmed, Official Receiver, Official Liquidator, Dass Bank Ltd. (In Liquidation) -  Dhaka",Court of Record,1969-01-01,210,headnote_only,headnote_only,unknown
1969_PLD_532,1969 PLD 532,Mst. Meraj Fatima v. Settlement Commissioner -  Lahore-High-Court-Lahore,Court of Record,1969-01-01,186,headnote_only,headnote_only,unknown
1969_PLD_535,1969 PLD 535,Abdul Hamid v. Muhammad Shahidullah,Court of Record,1969-01-01,180,headnote_only,headnote_only,unknown
1969_PLD_537,1969 PLD 537,Khan Muhammad v. Said -  Lahore-High-Court-Lahore,Court of Record,1969-01-01,113,headnote_only,headnote_only,unknown
1969_PLD_540,1969 PLD 540,"The Commissioner Of Income-Tax Central, Karachi v. Messrs Pestonji Bhicaji, Stevedores And Dubashes, Karachi -  Karachi-High-Court-Sindh",Court of Record,1969-01-01,232,headnote_only,headnote_only,unknown
1969_PLD_541,1969 PLD 541,"Mazharul Huq v. Additional Commissioner, Chittagong -  Dhaka",Court of Record,1969-01-01,202,headnote_only,headnote_only,unknown
1969_PLD_546,1969 PLD 546,Roshan Din v. S. M. Badruddin -  Karachi-High-Court-Sindh,Court of Record,1969-01-01,191,headnote_only,headnote_only,unknown
1969_PLD_552,1969 PLD 552,Gul Muhammad v. Haji Ghulam Rasul -  Lahore-High-Court-Lahore,Court of Record,1969-01-01,204,headnote_only,headnote_only,unknown
1965_PLD_56,1965 PLD 56,Muqaddar Shah v. Inayatullah Khan -  West-Pakistan-Board-Of-Revenue,Court of Record,1965-01-01,85,headnote_only,headnote_only,unknown
1969_PLD_557,1969 PLD 557,Messrs M. A. Vakil & Co v. The Province Of West Pakistan Through The Secretary To The Government Of West Pakistan -  Lahore-High-Court-Lahore,Court of Record,1969-01-01,191,headnote_only,headnote_only,unknown
1969_PLD_560,1969 PLD 560,Bashir Ahmad v. Mst. Kaniz Begum -  Lahore-High-Court-Lahore,Court of Record,1969-01-01,159,headnote_only,headnote_only,unknown
1969_PLD_563,1969 PLD 563,Mst. Subhan Bibi And Another v. Mst. Musarrat Jabeen And Others -  Karachi-High-Court-Sindh,Court of Record,1969-01-01,121,headnote_only,headnote_only,unknown
1969_PLD_565,1969 PLD 565,Sri Manmatha Nath Kuri v. Moulvi Muhammad Mokhlesur Rehman,Court of Record,1969-01-01,203,headnote_only,headnote_only,unknown
1969_PLD_603,1969 PLD 603,"Fida Ali And Another v. The Settlement Commissioner, Karachi And 4 Others -  Karachi-High-Court-Sindh",Court of Record,1969-01-01,125,headnote_only,headnote_only,unknown
1969_PLD_567,1969 PLD 567,"Adamjee Jute Mills Ltd v. Chairman, Industrial Court, East Pakistan -  Dhaka",Court of Record,1969-01-01,118,headnote_only,headnote_only,unknown
1969_PLD_571,1969 PLD 571,James Finlay & Co. Ltd. v. Aminul Islam -  Dhaka,Court of Record,1969-01-01,221,headnote_only,headnote_only,unknown
1969_PLD_575,1969 PLD 575,"Dr. Hussain Ali v. S. Ghulam Samdani,Settlement And Rehabilitation Commissioner, Lahore -  Lahore-High-Court-Lahore",Court of Record,1969-01-01,111,headnote_only,headnote_only,unknown
1969_PLD_582,1969 PLD 582,"Messrs Essential Industries, Dacca v. The Commissioner Of Income-Tax, East Pakistan, Dacca -  Dhaka",Court of Record,1969-01-01,162,headnote_only,headnote_only,unknown
1969_PLD_585,1969 PLD 585,"The Commissioner Of Income-Tax, East Pakistan, Dacca v. Messrs Pak. Trading Co., Dacca -  Dhaka",Court of Record,1969-01-01,124,headnote_only,headnote_only,unknown
1969_PLD_587,1969 PLD 587,"Chief Administrator Of Auqaf, West Pakistan, Lahore v. Hameeda Khan -  Lahore-High-Court-Lahore",Court of Record,1969-01-01,261,headnote_only,headnote_only,unknown
1969_PLD_589,1969 PLD 589,Tofazzal Hussain v. Province Of East Pakistan -  Dhaka,Court of Record,1969-01-01,237,headnote_only,headnote_only,unknown
1969_PLD_599,1969 PLD 599,The Bank Of Bahawalpur Ltd. v. Siddiq Textiles Ltd. And Others -  Karachi-High-Court-Sindh,Court of Record,1969-01-01,131,headnote_only,headnote_only,unknown
1969_PLD_614,1969 PLD 614,The Commissioner Of Income-Tax v. Haji Ali Muhammad H. K. Dada -  Karachi-High-Court-Sindh,Court of Record,1969-01-01,173,headnote_only,headnote_only,unknown
1969_PLD_615,1969 PLD 615,Syed Amir Hussain Shah v. Progressive Papers Ltd -  Lahore-High-Court-Lahore,Court of Record,1969-01-01,200,headnote_only,headnote_only,unknown
1969_PLD_617,1969 PLD 617,Commissioner Of Income-Tax v. Messrs Agha Yusuf & Sons -  Karachi-High-Court-Sindh,Court of Record,1969-01-01,135,headnote_only,headnote_only,unknown
1969_PLD_622,1969 PLD 622,"Mrs. Nema v. West Pakistan Through Chief Secretary, To The Government Of West Pakistan -  Karachi-High-Court-Sindh",Court of Record,1969-01-01,194,headnote_only,headnote_only,unknown
1969_PLD_623,1969 PLD 623,Messrs Haider Automobile Ltd v. Pakistan,Court of Record,1969-01-01,113,headnote_only,headnote_only,unknown
1969_PLD_636,1969 PLD 636,Messrs Azad And Publications Ltd. v. Azad Press Karmachari Union -  Dhaka,Court of Record,1969-01-01,118,headnote_only,headnote_only,unknown
1969_PLD_743,1969 PLD 743,Umar Din v. Government Of West Pakistan -  Lahore-High-Court-Lahore,Court of Record,1969-01-01,62,headnote_only,headnote_only,unknown
1969_PLD_642,1969 PLD 642,Muhammad Bakhsh v. Jamal -  Lahore-High-Court-Lahore,Court of Record,1969-01-01,166,headnote_only,headnote_only,unknown
1969_PLD_644,1969 PLD 644,"Nawabganj Thana Fishermen Co Operative Society Ltd. v. Member, Board Of Revenue, Government Of East Pakistan -  Dhaka",Court of Record,1969-01-01,82,headnote_only,headnote_only,unknown
1969_PLD_646,1969 PLD 646,Khialdas And Another v. Mahraj Gopi Krishin -  Karachi-High-Court-Sindh,Court of Record,1969-01-01,204,headnote_only,headnote_only,unknown
1969_PLD_647,1969 PLD 647,Rahenuddin Mallik v. Province Of East Pakistan -  Dhaka,Court of Record,1969-01-01,171,headnote_only,headnote_only,unknown
1969_PLD_648,1969 PLD 648,Muhammad Yasin v. The State -  Lahore-High-Court-Lahore,Court of Record,1969-01-01,110,headnote_only,headnote_only,unknown
1969_PLD_649,1969 PLD 649,Province Of East Pakistan v. Hajee Muslimullah -  Dhaka,Court of Record,1969-01-01,294,headnote_only,headnote_only,unknown
1969_PLD_781,1969 PLD 781,"Malik Ghulam Rasool v. The Superintendent Of Police, Mianwali -  Lahore-High-Court-Lahore",Court of Record,1969-01-01,88,headnote_only,headnote_only,unknown
1969_PLD_651,1969 PLD 651,Sh. Amir-Ud-Din v. Ch. Hassan Din -  Lahore-High-Court-Lahore,Court of Record,1969-01-01,173,headnote_only,headnote_only,unknown
1969_PLD_653,1969 PLD 653,"Province Of West Pakistan v. Sind Purchasing Board, Karachi -  Karachi-High-Court-Sindh",Court of Record,1969-01-01,206,headnote_only,headnote_only,unknown
1969_PLD_654,1969 PLD 654,"Nuruddin Mridha v. District Judge, Faridpur -  Dhaka",Court of Record,1969-01-01,84,headnote_only,headnote_only,unknown
1969_PLD_657,1969 PLD 657,"Abdul Rahim v. Officer-In-Charge, Army Stores Inspection Depot, Dacca -  Dhaka",Court of Record,1969-01-01,102,headnote_only,headnote_only,unknown
1969_PLD_658,1969 PLD 658,Ainuddin Bepari v. Banessa Bibi -  Dhaka,Court of Record,1969-01-01,260,headnote_only,headnote_only,unknown
1969_PLD_666,1969 PLD 666,Meherunnessa Khatoon v. Md. Hafizur Rahman -  Dhaka,Court of Record,1969-01-01,106,headnote_only,headnote_only,unknown
1969_PLD_670,1969 PLD 670,Abdul Halim v. Faizunnessa Bibi Alias Sarada -  Dhaka,Court of Record,1969-01-01,76,headnote_only,headnote_only,unknown
1969_PLD_673,1969 PLD 673,"Zeenat Textile Mills (E. Pak.) Ltd. v. The Commissioner Of Income-Tax, Dacca Zone -  Dhaka",Court of Record,1969-01-01,190,headnote_only,headnote_only,unknown
1969_PLD_675,1969 PLD 675,Nazir Ahmad Bhutta v. Settlement Authorities -  Lahore-High-Court-Lahore,Court of Record,1969-01-01,239,headnote_only,headnote_only,unknown
1969_PLD_680,1969 PLD 680,"The State v. N. A. Farooqi, Manager, Crushing (Pakistan) Ltd -  Lahore-High-Court-Lahore",Court of Record,1969-01-01,112,headnote_only,headnote_only,unknown
1969_PLD_681,1969 PLD 681,"Jaban Ali Khan v. Commissioner Of Income-Tax, East Pakistan -  Dhaka",Court of Record,1969-01-01,265,headnote_only,headnote_only,unknown
1969_PLD_686,1969 PLD 686,"Abdul Aziz v. The Settlement And Rehabilitation Commissioner, Lahore Division, Lahore -  Lahore-High-Court-Lahore",Court of Record,1969-01-01,177,headnote_only,headnote_only,unknown
1969_PLD_687,1969 PLD 687,"Commissioner Of Income-Tax, Dacca Zone, Dacca v. Amin Jute Baling Company, Dacca -  Dhaka",Court of Record,1969-01-01,109,headnote_only,headnote_only,unknown
1969_PLD_690,1969 PLD 690,K. B. Ch. Ghulam Ahmad v. G. L. Whitelay -  Lahore-High-Court-Lahore,Court of Record,1969-01-01,119,headnote_only,headnote_only,remanded
1969_PLD_691,1969 PLD 691,"Jack D'Cruz v. The Collector Of Customs, Chittagong -  Dhaka",Court of Record,1969-01-01,87,headnote_only,headnote_only,unknown
1969_PLD_694,1969 PLD 694,Muhammad Hussain v. Fazal Karim -  Lahore-High-Court-Lahore,Court of Record,1969-01-01,215,headnote_only,headnote_only,unknown
1969_PLD_696,1969 PLD 696,Star Shipping Lines Ltd. v. Messrs Eastern Pakistan Commercial Corporation -  Dhaka,Court of Record,1969-01-01,95,headnote_only,headnote_only,unknown
1969_PLD_710,1969 PLD 710,Messrs Allied International Corporation v. Mst. Rashida Bibi -  Lahore-High-Court-Lahore,Court of Record,1969-01-01,118,headnote_only,headnote_only,unknown
1969_PLD_717,1969 PLD 717,"Chairman, Brooke Bond (Pakistan) Ltd., Karachi v. General Secretary, Union Karkunane Brook Bond (Pakistan) Ltd., Rawalpindi -  Lahore-High-Court-Lahore",Court of Record,1969-01-01,220,headnote_only,headnote_only,unknown
1969_PLD_719,1969 PLD 719,Md. Esack v. Raja Miah -  Dhaka,Court of Record,1969-01-01,191,headnote_only,headnote_only,unknown
1969_PLD_725,1969 PLD 725,Maqsood Alias Suda v. The State -  Lahore-High-Court-Lahore,Court of Record,1969-01-01,128,headnote_only,headnote_only,unknown
1969_PLD_733,1969 PLD 733,Muhammad Hussain v. The State -  Lahore-High-Court-Lahore,Court of Record,1969-01-01,138,headnote_only,headnote_only,unknown
1969_PLD_734,1969 PLD 734,Master Thread Ball Works v. H. A. Karim -  Dhaka,Court of Record,1969-01-01,125,headnote_only,headnote_only,unknown
1969_PLD_738,1969 PLD 738,Azmat Khan v. The State -  Lahore-High-Court-Lahore,Court of Record,1969-01-01,175,headnote_only,headnote_only,unknown
1969_PLD_741,1969 PLD 741,Mahbubul Huq v. The Chief Election Commissioner Of Pakistan -  Dhaka,Court of Record,1969-01-01,256,headnote_only,headnote_only,petition_allowed
1969_PLD_751,1969 PLD 751,"Messrs Ithad Textile Mills, Multan v. The Commissioner Of Income-Tax, West Pakistan (North Zone), Lahore -  Lahore-High-Court-Lahore",Court of Record,1969-01-01,209,headnote_only,headnote_only,unknown
1969_PLD_762,1969 PLD 762,Malik Muhammad Ishaque v. Mirza Almas Ali Beg -  Lahore-High-Court-Lahore,Court of Record,1969-01-01,253,headnote_only,headnote_only,unknown
1969_PLD_764,1969 PLD 764,Province Of East Pakistan v. Ashraf Ali -  Dhaka,Court of Record,1969-01-01,193,headnote_only,headnote_only,unknown
1969_PLD_767,1969 PLD 767,Ch. Ghulam Muhammad v. The State -  Lahore-High-Court-Lahore,Court of Record,1969-01-01,181,headnote_only,headnote_only,unknown
1969_PLD_795,1969 PLD 795,Jagat Chandra Das v. Assistant Custodian Of Enemy Property -  Dhaka,Court of Record,1969-01-01,221,headnote_only,headnote_only,unknown
1969_PLD_823,1969 PLD 823,"Muhammad Din & Sons Shahdara Mills, Lahore v. The Province Of West Pakistan -  Lahore-High-Court-Lahore",Court of Record,1969-01-01,68,headnote_only,headnote_only,unknown
1969_PLD_830,1969 PLD 830,"Messrs K. S. B. Pumps Co. Ltd v. Pakistan Through The Secretary, Ministry Of Finance, Government Of Pakistan, -  Lahore-High-Court-Lahore",Court of Record,1969-01-01,94,headnote_only,headnote_only,unknown
1969_PLD_832,1969 PLD 832,East Pakistan Inland Water Transport Authority v. Haji Abdul Jalil Bepari -  Dhaka,Court of Record,1969-01-01,180,headnote_only,headnote_only,disposed_of
1969_PLD_834,1969 PLD 834,Muhammad Ismail v. Fazal Ahmad -  Lahore-High-Court-Lahore,Court of Record,1969-01-01,143,headnote_only,headnote_only,unknown
1965_PLD_92,1965 PLD 92,Dil Muhammad Mondal v. The State -  Dhaka,Court of Record,1965-01-01,87,headnote_only,headnote_only,unknown
1969_PLD_841,1969 PLD 841,"Guru Das Saha v. The Deputy Custodian, Enemy Property (Lands And Buildings), East Pakistan -  Dhaka",Court of Record,1969-01-01,240,headnote_only,headnote_only,unknown
1969_PLD_849,1969 PLD 849,Chowdhury Muhammad Sarwar v. Sakhawat Hossain -  Dhaka,Court of Record,1969-01-01,104,headnote_only,headnote_only,unknown
1969_PLD_850,1969 PLD 850,"Zahid Ali v. Chief Settlement Commissioner, Lahore -  Lahore-High-Court-Lahore",Court of Record,1969-01-01,231,headnote_only,headnote_only,unknown
1969_PLD_860,1969 PLD 860,Narain Das Nathu Ram Cotton Ginning Factory v. The Province Of West Pakistan -  Lahore-High-Court-Lahore,Court of Record,1969-01-01,118,headnote_only,headnote_only,unknown
1969_PLD_871,1969 PLD 871,"Shaukat Ali v. The Deputy Settlement Commissioner, Centre Iii, Lahore -  Lahore-High-Court-Lahore",Court of Record,1969-01-01,192,headnote_only,headnote_only,unknown
1969_PLD_880,1969 PLD 880,"Nabi Bakhsh v. Malik Muhammad Akram, Settlement Commissioner -  Lahore-High-Court-Lahore",Court of Record,1969-01-01,166,headnote_only,headnote_only,unknown
1969_PLD_886,1969 PLD 886,Mumtaz Humayun v. Major Habib-Ur-Rehman -  Lahore-High-Court-Lahore,Court of Record,1969-01-01,78,headnote_only,headnote_only,unknown
1969_PLD_979,1969 PLD 979,Mst. Lutfun Nahar v. Syeeda Hashmat Ara Begum -  Dhaka,Court of Record,1969-01-01,141,headnote_only,headnote_only,unknown
1969_PLD_905,1969 PLD 905,"The Commissioner Of Income-Tax, East Pakistan v. Tar Muhammad Haji Hamed -  Dhaka",Court of Record,1969-01-01,99,headnote_only,headnote_only,unknown
1969_PLD_910,1969 PLD 910,"Mst. Akbari Begum v. The Commissioner Of Income-Tax, East Pakistan, Dacca -  Dhaka",Court of Record,1969-01-01,81,headnote_only,headnote_only,unknown
1969_PLD_913,1969 PLD 913,Md. Rafique v. Md. Siddique -  Dhaka,Court of Record,1969-01-01,192,headnote_only,headnote_only,unknown
1969_PLD_923,1969 PLD 923,Abul Hossain v. Md. Masim Ali Gaze -  Dhaka,Court of Record,1969-01-01,180,headnote_only,headnote_only,unknown
1969_PLD_927,1969 PLD 927,Jaffar Hossain v. Dacca Municipal Committee -  Dhaka,Court of Record,1969-01-01,190,headnote_only,headnote_only,unknown
1969_PLD_946,1969 PLD 946,Hajee Nurul Islam Chowdhury v. The Patiy Tea Co. Ltd. -  Dhaka,Court of Record,1969-01-01,219,headnote_only,headnote_only,unknown
1969_PLD_948,1969 PLD 948,"A. B. M. Habibar Rehman v. The Director Of Technical Education, East Pakistan, Dacca -  Dhaka",Court of Record,1969-01-01,216,headnote_only,headnote_only,unknown
1969_PLD_950,1969 PLD 950,Bashirullah Munshi v. Abdul Bari Bepari -  Dhaka,Court of Record,1969-01-01,193,headnote_only,headnote_only,unknown
1969_PLD_951,1969 PLD 951,Ali Muhammad v. Thb Province Of West Pakistan -  Lahore-High-Court-Lahore,Court of Record,1969-01-01,226,headnote_only,headnote_only,revision_allowed
1969_PLD_954,1969 PLD 954,"The Manager, Swiss Boring (Overseas) Corporation Ltd., Dacca v. Shamsul Huq -  Dhaka",Court of Record,1969-01-01,106,headnote_only,headnote_only,unknown
1969_PLD_957,1969 PLD 957,Nazimuddin Khan v. Province Of East Pakistan -  Dhaka,Court of Record,1969-01-01,166,headnote_only,headnote_only,unknown
1969_PLD_961,1969 PLD 961,Farid Ahmed v. Province Of East Pakistan -  Dhaka,Court of Record,1969-01-01,249,headnote_only,headnote_only,unknown
1969_PLD_965,1969 PLD 965,Abdul Jabbar Khan v. The State -  Dhaka,Court of Record,1969-01-01,98,headnote_only,headnote_only,unknown
1969_PLD_966,1969 PLD 966,"Messrs Ludlow Pakistan Co. Ltd. v. The Commissioner Of Income-Tax, Dacca -  Dhaka",Court of Record,1969-01-01,81,headnote_only,headnote_only,unknown
1969_PLD_991,1969 PLD 991,Tota Mia And 9 Others v. The State -  Dhaka,Court of Record,1969-01-01,195,headnote_only,headnote_only,unknown
1969_PLD_1032,1969 PLD 1032,"Taj Muhammad v. Zafar Ali Shah,The State -  Lahore-High-Court-Lahore",Court of Record,1969-01-01,122,headnote_only,headnote_only,unknown
1969_PLD_1049,1969 PLD 1049,Noor Muhammad v. The State -  Lahore-High-Court-Lahore,Court of Record,1969-01-01,286,headnote_only,headnote_only,unknown
1969_PLD_1066,1969 PLD 1066,"Abdul Hamid v. The Deputy Commissioner/Chairman, District Evacuee Trust Committee, Gujranwala -  Lahore-High-Court-Lahore",Court of Record,1969-01-01,181,headnote_only,headnote_only,unknown
1969_PLD_1071,1969 PLD 1071,Aziz-Convict v. The State -  Lahore-High-Court-Lahore,Court of Record,1969-01-01,188,headnote_only,headnote_only,unknown
1969_PLD_1080,1969 PLD 1080,"General Secretary, P. W. R. Union (Workshop), Lahore v. The Registrar, Trade Unions -  Lahore-High-Court-Lahore",Court of Record,1969-01-01,198,headnote_only,headnote_only,unknown
1965_PLD_22,1965 PLD 22,Rahim Bux v. Nur Din -  West-Pakistan-Board-Of-Revenue,Court of Record,1965-01-01,190,headnote_only,headnote_only,unknown
1965_PLD_23,1965 PLD 23,Karam Din v. Mst. Jeeo -  Supreme-Court-Azad-Kashmir,Court of Record,1965-01-01,94,headnote_only,headnote_only,unknown
1965_PLD_25,1965 PLD 25,Abdur Rehman v. Suleman -  West-Pakistan-Board-Of-Revenue,Court of Record,1965-01-01,101,headnote_only,headnote_only,unknown
1965_PLD_26,1965 PLD 26,Matwali Khan v. Shah Zaman -  Supreme-Court-Azad-Kashmir,Court of Record,1965-01-01,242,headnote_only,headnote_only,unknown
1965_PLD_27,1965 PLD 27,Muhammad Aslam v. Mir Dad -  West-Pakistan-Board-Of-Revenue,Court of Record,1965-01-01,102,headnote_only,headnote_only,unknown
1965_PLD_28,1965 PLD 28,Sultan Muqarrab v. Salah-Ud-Din -  West-Pakistan-Board-Of-Revenue,Court of Record,1965-01-01,99,headnote_only,headnote_only,unknown
1965_PLD_29,1965 PLD 29,Hashmat Ali v. Chiragh Din -  West-Pakistan-Board-Of-Revenue,Court of Record,1965-01-01,70,headnote_only,headnote_only,unknown
1965_PLD_32,1965 PLD 32,Najib Ali Khan v. The Azad J & K Government -  Supreme-Court-Azad-Kashmir,Court of Record,1965-01-01,178,headnote_only,headnote_only,unknown
1965_PLD_33,1965 PLD 33,"M. Y. Reza Baig v. Regional Transport Authority, Dacca -  Dhaka",Court of Record,1965-01-01,164,headnote_only,headnote_only,unknown
1965_PLD_34,1965 PLD 34,Mst. Bibi Aisha v. Mst. Nurul Baha -  West-Pakistan-Board-Of-Revenue,Court of Record,1965-01-01,87,headnote_only,headnote_only,unknown
1965_PLD_35,1965 PLD 35,Maula Bakhsh v. Subedar Major Baz Khan -  West-Pakistan-Board-Of-Revenue,Court of Record,1965-01-01,86,headnote_only,headnote_only,unknown
1965_PLD_36,1965 PLD 36,Fateh Muhammad v. Abdul Haq -  West-Pakistan-Board-Of-Revenue,Court of Record,1965-01-01,113,headnote_only,headnote_only,appeal_dismissed
1965_PLD_37,1965 PLD 37,Mst. Hamid-Un-Nisa v. Ghulam Rasool -  West-Pakistan-Board-Of-Revenue,Court of Record,1965-01-01,166,headnote_only,headnote_only,revision_dismissed
1965_PLD_38,1965 PLD 38,Azad J. & K. Government v. Inayat Ullah -  Supreme-Court-Azad-Kashmir,Court of Record,1965-01-01,183,headnote_only,headnote_only,unknown
1965_PLD_42,1965 PLD 42,Muhammad Sidiq v. Shabbir Muhammad -  West-Pakistan-Board-Of-Revenue,Court of Record,1965-01-01,202,headnote_only,headnote_only,unknown
1965_PLD_43,1965 PLD 43,Pasmarat Ahmed Sheikh v. Azad J & K Government -  Supreme-Court-Azad-Kashmir,Court of Record,1965-01-01,148,headnote_only,headnote_only,unknown
1965_PLD_44,1965 PLD 44,Azim v. The State,Court of Record,1965-01-01,243,headnote_only,headnote_only,unknown
1965_PLD_46,1965 PLD 46,Srinagar-Rawalpindi Transport Co. v. Muhammad Azeem Khan -  Supreme-Court-Azad-Kashmir,Court of Record,1965-01-01,262,headnote_only,headnote_only,unknown
1965_PLD_49,1965 PLD 49,Muhammad Ashraf v. Tikke Khan -  West-Pakistan-Board-Of-Revenue,Court of Record,1965-01-01,164,headnote_only,headnote_only,unknown
1965_PLD_50,1965 PLD 50,Muhammad Ishaq v. Sh. Manloor-Ul-Hassan & Bros. -  Lahore-High-Court-Lahore,Court of Record,1965-01-01,150,headnote_only,headnote_only,unknown
1965_PLD_51,1965 PLD 51,Muhammad Shafi Etc v. Roshan -  West-Pakistan-Board-Of-Revenue,Court of Record,1965-01-01,110,headnote_only,headnote_only,unknown
1965_PLD_52,1965 PLD 52,Mir Alam v. Ghulam Haider -  West-Pakistan-Board-Of-Revenue,Court of Record,1965-01-01,78,headnote_only,headnote_only,unknown
1965_PLD_53,1965 PLD 53,Mst. Ata Elahi v. Mst. Karam Elahi -  West-Pakistan-Board-Of-Revenue,Court of Record,1965-01-01,220,headnote_only,headnote_only,revision_dismissed
1965_PLD_54,1965 PLD 54,Sardar Khan v. Sardar -  West-Pakistan-Board-Of-Revenue,Court of Record,1965-01-01,166,headnote_only,headnote_only,unknown
1965_PLD_55,1965 PLD 55,Haidar Khan v. The State,Court of Record,1965-01-01,105,headnote_only,headnote_only,unknown
1965_PLD_57,1965 PLD 57,Mst. Mubarak Khatun v. Ghulam Hussain -  West-Pakistan-Board-Of-Revenue,Court of Record,1965-01-01,140,headnote_only,headnote_only,unknown
1965_PLD_58,1965 PLD 58,Khabbar v. Wadero Abdur Rehman -  West-Pakistan-Board-Of-Revenue,Court of Record,1965-01-01,164,headnote_only,headnote_only,unknown
1965_PLD_59,1965 PLD 59,Yar Muhammad v. Muhammad Akbar -  West-Pakistan-Board-Of-Revenue,Court of Record,1965-01-01,88,headnote_only,headnote_only,unknown
1965_PLD_60,1965 PLD 60,Dr. Sar Anjam Khan v. Mir Muhammad Khan -  West-Pakistan-Board-Of-Revenue,Court of Record,1965-01-01,126,headnote_only,headnote_only,unknown
1965_PLD_61,1965 PLD 61,Sher Muhammad v. The State -  Karachi-High-Court-Sindh,Court of Record,1965-01-01,181,headnote_only,headnote_only,unknown
1965_PLD_63,1965 PLD 63,Mansabdar v. Boota -  West-Pakistan-Board-Of-Revenue,Court of Record,1965-01-01,124,headnote_only,headnote_only,unknown
1965_PLD_64,1965 PLD 64,Ali Gohar v. Yaqoob -  West-Pakistan-Board-Of-Revenue,Court of Record,1965-01-01,133,headnote_only,headnote_only,unknown
1965_PLD_66,1965 PLD 66,Mst. Sharifan v. Niaz Muhammad Etc -  West-Pakistan-Board-Of-Revenue,Court of Record,1965-01-01,159,headnote_only,headnote_only,unknown
1965_PLD_67,1965 PLD 67,Allah Ditta v. Khan -  West-Pakistan-Board-Of-Revenue,Court of Record,1965-01-01,232,headnote_only,headnote_only,revision_allowed
1965_PLD_68,1965 PLD 68,Banaras Khan v. Bahadur Shah -  West-Pakistan-Board-Of-Revenue,Court of Record,1965-01-01,74,headnote_only,headnote_only,unknown
1965_PLD_69,1965 PLD 69,Khan Shah v. Mst. Sat Bhari -  West-Pakistan-Board-Of-Revenue,Court of Record,1965-01-01,123,headnote_only,headnote_only,unknown
1965_PLD_71,1965 PLD 71,Shamshuddin v. Fazaluddin -  West-Pakistan-Board-Of-Revenue,Court of Record,1965-01-01,152,headnote_only,headnote_only,unknown
1965_PLD_72,1965 PLD 72,Dr. Lal Faqir v. Mst. Malka Bibi -  West-Pakistan-Board-Of-Revenue,Court of Record,1965-01-01,147,headnote_only,headnote_only,unknown
1965_PLD_73,1965 PLD 73,Mst. Alam Khatun v. Ghulam Muhammad -  Lahore-High-Court-Lahore,Court of Record,1965-01-01,69,headnote_only,headnote_only,unknown
1965_PLD_78,1965 PLD 78,Mirza Nisar Ali v. Babu Hussain Ali,Court of Record,1965-01-01,211,headnote_only,headnote_only,unknown
1965_PLD_82,1965 PLD 82,Malik Abdul Aziz v. West Pakistan Publishing Company (Private) Ltd. -  Lahore-High-Court-Lahore,Court of Record,1965-01-01,138,headnote_only,headnote_only,unknown
1965_PLD_83,1965 PLD 83,Messrs Ahmad Bros v. Mahmoodul Hassan Khan -  Karachi-High-Court-Sindh,Court of Record,1965-01-01,87,headnote_only,headnote_only,unknown
1965_PLD_84,1965 PLD 84,Syed Widhal Shah v. Syed Ghulam Nabi Shah -  Karachi-High-Court-Sindh,Court of Record,1965-01-01,215,headnote_only,headnote_only,unknown
1965_PLD_86,1965 PLD 86,"Golam Sarwar Molla v. Chairman And Members Of Election Tribunal, East Pakistan, Dacca -  Dhaka",Court of Record,1965-01-01,289,headnote_only,headnote_only,unknown
1965_PLD_90,1965 PLD 90,The State v. Abdul Rehman -  Karachi-High-Court-Sindh,Court of Record,1965-01-01,223,headnote_only,headnote_only,unknown
1965_PLD_93,1965 PLD 93,"Syed Ibrar Hussain Shah v. The Provincial Election Authority, West Pakistan, Through Its Secretary, Mr. Anayatullah, Lahore",Court of Record,1965-01-01,144,headnote_only,headnote_only,unknown
1965_PLD_95,1965 PLD 95,Syed Amir Abbas v. Mazhar Ali Shaikh -  Karachi-High-Court-Sindh,Court of Record,1965-01-01,205,headnote_only,headnote_only,unknown
1965_PLD_98,1965 PLD 98,Abdul Aziz v. The State -  Dhaka,Court of Record,1965-01-01,47,headnote_only,headnote_only,unknown
1965_PLD_100,1965 PLD 100,Muhammad Alam v. Pakistan -  Karachi-High-Court-Sindh,Court of Record,1965-01-01,218,headnote_only,headnote_only,unknown
1965_PLD_102,1965 PLD 102,Mubarak Ali v. The State -  Lahore-High-Court-Lahore,Court of Record,1965-01-01,275,headnote_only,headnote_only,unknown
1965_PLD_104,1965 PLD 104,Mohammad Abbasuddin v. Province Of East Pakistan -  Dhaka,Court of Record,1965-01-01,166,headnote_only,headnote_only,unknown
S.9(b)---Suspension of sentence---Petition for suspension of sentence was filed by the petitioner on the ground that since he had been granted leave to appeal by Supreme Court_SS. 426(2-B) & 497---NATIONAL ACCOUNTABILITY ORDINANCE (XVIII OF 1999)_1,S.9(b)---Suspension of sentence---Petition for suspension of sentence was filed by the petitioner on the ground that since he had been granted leave to appeal by Supreme Court SS. 426(2-B) & 497---NATIONAL ACCOUNTABILITY ORDINANCE (XVIII OF 1999) 1,Cr.P.C.,Court of Record,,20,headnote_only,headnote_only,unknown
1965_PLD_105,1965 PLD 105,Qazi Fazlullah v. The State -  Karachi-High-Court-Sindh,Court of Record,1965-01-01,232,headnote_only,headnote_only,unknown
1965_PLD_108,1965 PLD 108,Nasrullah v. Mukarram Khan,Court of Record,1965-01-01,111,headnote_only,headnote_only,unknown
1965_PLD_110,1965 PLD 110,Province Of West Pakistan v. Mushtaq Ahmad Gurmani -  Karachi-High-Court-Sindh,Court of Record,1965-01-01,245,headnote_only,headnote_only,unknown
1965_PLD_111,1965 PLD 111,Sohni v. Bahaduri,Court of Record,1965-01-01,262,headnote_only,headnote_only,unknown
1965_PLD_114,1965 PLD 114,Brij Lal Jajoo v. Commissioner Of Incom Tax,Court of Record,1965-01-01,276,headnote_only,headnote_only,unknown
1965_PLD_119,1965 PLD 119,Araz Muhammad v. The State -  Karachi-High-Court-Sindh,Court of Record,1965-01-01,86,headnote_only,headnote_only,unknown
1965_PLD_120,1965 PLD 120,"Begum Shamsunnehar v. The Speaker, East Pakistan Provincial Assembly",Court of Record,1965-01-01,227,headnote_only,headnote_only,unknown
1965_PLD_122,1965 PLD 122,Zakir Ahmad v. University Of Dacca -  Dhaka,Court of Record,1965-01-01,253,headnote_only,headnote_only,unknown
1965_PLD_126,1965 PLD 126,Bashir Ahmad v. Mumtaz Khan -  Lahore-High-Court-Lahore,Court of Record,1965-01-01,237,headnote_only,headnote_only,unknown
1965_PLD_127,1965 PLD 127,Mst. Zebunnisa v. Muhammad -  Karachi-High-Court-Sindh,Court of Record,1965-01-01,129,headnote_only,headnote_only,unknown
1965_PLD_129,1965 PLD 129,Haji Ghulavi Muhammad Khan v. M. Mutiullah Khan,Court of Record,1965-01-01,137,headnote_only,headnote_only,unknown
1965_PLD_133,1965 PLD 133,Ali Muhammad v. The State -  Karachi-High-Court-Sindh,Court of Record,1965-01-01,223,headnote_only,headnote_only,unknown
1965_PLD_135,1965 PLD 135,Maulvi Farid Ahmad v. Government Of West Pakistan -  Lahore-High-Court-Lahore,Court of Record,1965-01-01,244,headnote_only,headnote_only,unknown
1965_PLD_139,1965 PLD 139,Altaf Hussain Shah v. The State -  Karachi-High-Court-Sindh,Court of Record,1965-01-01,88,headnote_only,headnote_only,unknown
1965_PLD_144,1965 PLD 144,Imtizaj Husain v. Settlement And Rehabilitation Commissioner -  Karachi-High-Court-Sindh,Court of Record,1965-01-01,207,headnote_only,headnote_only,unknown
1965_PLD_146,1965 PLD 146,Commissioner Of Sales Tax v. Dada Plastic Works,Court of Record,1965-01-01,78,headnote_only,headnote_only,unknown
1965_PLD_149,1965 PLD 149,Mst. Said Khanam v. Abdul Jabbar,Court of Record,1965-01-01,132,headnote_only,headnote_only,unknown
1965_PLD_150,1965 PLD 150,Kefatullah Pramanik v. The State -  Dhaka,Court of Record,1965-01-01,181,headnote_only,headnote_only,unknown
1965_PLD_155,1965 PLD 155,"Public Prosecutor, Karachi v. Tahir Beg -  Karachi-High-Court-Sindh",Court of Record,1965-01-01,113,headnote_only,headnote_only,unknown
1965_PLD_157,1965 PLD 157,Ghaus Muhammad Shah v. Administrator Of Auqaf,Court of Record,1965-01-01,167,headnote_only,headnote_only,unknown
1965_PLD_170,1965 PLD 170,"Court Of Wards, Hyderabad v. Muhammad Kaim -  Karachi-High-Court-Sindh",Court of Record,1965-01-01,217,headnote_only,headnote_only,unknown
1965_PLD_171,1965 PLD 171,Commissioner Of Income-Tax v. Wahiduzzaman,Court of Record,1965-01-01,240,headnote_only,headnote_only,unknown
1965_PLD_172,1965 PLD 172,Mian Niaz Hussain v. Imdad Hussain -  Lahore-High-Court-Lahore,Court of Record,1965-01-01,237,headnote_only,headnote_only,unknown
1965_PLD_197,1965 PLD 197,Abdul Hamid v. Khurshid Begum -  Lahore-High-Court-Lahore,Court of Record,1965-01-01,134,headnote_only,headnote_only,unknown
1965_PLD_178,1965 PLD 178,Mir Pio v. Mir Nawaz,Court of Record,1965-01-01,179,headnote_only,headnote_only,unknown
1965_PLD_179,1965 PLD 179,Muhammad Hussain v. Mehraj Din -  Lahore-High-Court-Lahore,Court of Record,1965-01-01,132,headnote_only,headnote_only,unknown
1965_PLD_180,1965 PLD 180,Zaheer Ali v. The State -  Karachi-High-Court-Sindh,Court of Record,1965-01-01,97,headnote_only,headnote_only,unknown
1965_PLD_182,1965 PLD 182,Abdul Rahim v. The State -  Karachi-High-Court-Sindh,Court of Record,1965-01-01,150,headnote_only,headnote_only,unknown
1965_PLD_183,1965 PLD 183,"Nasar Ahmed v. Returning Officer, (Unit No. 1734), Karachi -  Karachi-High-Court-Sindh",Court of Record,1965-01-01,172,headnote_only,headnote_only,unknown
1965_PLD_185,1965 PLD 185,The State v. Syedda Salma Begum And Another -  Karachi-High-Court-Sindh,Court of Record,1965-01-01,81,headnote_only,headnote_only,unknown
1965_PLD_187,1965 PLD 187,The State v. Suleman -  Karachi-High-Court-Sindh,Court of Record,1965-01-01,90,headnote_only,headnote_only,unknown
1965_PLD_189,1965 PLD 189,Ghulam Rasool v. The State -  Karachi-High-Court-Sindh,Court of Record,1965-01-01,282,headnote_only,headnote_only,unknown
1965_PLD_192,1965 PLD 192,Muhammad Ishaq v. The State -  Karachi-High-Court-Sindh,Court of Record,1965-01-01,117,headnote_only,headnote_only,unknown
1965_PLD_193,1965 PLD 193,Maynarbap Alias Abdul Gafur v. The State -  Dhaka,Court of Record,1965-01-01,144,headnote_only,headnote_only,unknown
1965_PLD_196,1965 PLD 196,Ghulam Haider v. The State,Court of Record,1965-01-01,287,headnote_only,headnote_only,unknown
1965_PLD_200,1965 PLD 200,Ghulam Qadir v. Ghulam Hussain -  Lahore-High-Court-Lahore,Court of Record,1965-01-01,181,headnote_only,headnote_only,unknown
1965_PLD_202,1965 PLD 202,Pakistan Industrial Development Corporation v. Aziz Qureshi -  Karachi-High-Court-Sindh,Court of Record,1965-01-01,294,headnote_only,headnote_only,unknown
1965_PLD_204,1965 PLD 204,Nur Muhammad Alias Nur Ahmad v. The State -  Dhaka,Court of Record,1965-01-01,111,headnote_only,headnote_only,unknown
1965_PLD_206,1965 PLD 206,"Muhammad Sher v. Union Council, Dhudial -  Lahore-High-Court-Lahore",Court of Record,1965-01-01,97,headnote_only,headnote_only,unknown
1965_PLD_211,1965 PLD 211,"East Pakistan Aluminium & Iron Manufacturing Co., Tejgaon v. Chairman, Industrial Court, East Pakistan -  Dhaka",Court of Record,1965-01-01,176,headnote_only,headnote_only,unknown
1965_PLD_215,1965 PLD 215,"The Commissioner Of Income-Tax, East Pakistan, Dacca v. Messrs The Engineers Ltd -  Dhaka",Court of Record,1965-01-01,79,headnote_only,headnote_only,unknown
1965_PLD_217,1965 PLD 217,M/S. Bengal River Service Co. Ltd v. The Income-Tax Officer Companies Circle Ii And Others -  Dhaka,Court of Record,1965-01-01,73,headnote_only,headnote_only,unknown
1965_PLD_219,1965 PLD 219,Hunting Clan Air Transport Ltd v. Pakistan International Airlines Corporation -  Karachi-High-Court-Sindh,Court of Record,1965-01-01,73,headnote_only,headnote_only,unknown
1965_PLD_220,1965 PLD 220,Ensan Matbar Alias Ensanuddin Matbar v. The State -  Dhaka,Court of Record,1965-01-01,86,headnote_only,headnote_only,unknown
1965_PLD_221,1965 PLD 221,Ladli Prasad Jaiswal v. Karnal Distillery Co. Ltd,Court of Record,1965-01-01,272,headnote_only,headnote_only,unknown
1965_PLD_224,1965 PLD 224,Naqi Hanna Khabbaz v. Messrs Dalmia Cement Ltd -  Karachi-High-Court-Sindh,Court of Record,1965-01-01,228,headnote_only,headnote_only,unknown
1965_PLD_225,1965 PLD 225,Muhammad Arshad Khan v. Murad Khan,Court of Record,1965-01-01,152,headnote_only,headnote_only,unknown
1965_PLD_231,1965 PLD 231,"Muhammad Abdus Salam v. Chairman, East Pakistan Election Authorty -  Dhaka",Court of Record,1965-01-01,137,headnote_only,headnote_only,unknown
1965_PLD_236,1965 PLD 236,Raja Muhammad v. The State,Court of Record,1965-01-01,208,headnote_only,headnote_only,unknown
1965_PLD_238,1965 PLD 238,The State v. Syed Mahejabeen Hussain Naqvi -  Karachi-High-Court-Sindh,Court of Record,1965-01-01,176,headnote_only,headnote_only,unknown
1965_PLD_240,1965 PLD 240,Nur Illahi v. The State,Court of Record,1965-01-01,138,headnote_only,headnote_only,unknown
1965_PLD_244,1965 PLD 244,Malik Raza Khan v. Pakistan -  Karachi-High-Court-Sindh,Court of Record,1965-01-01,255,headnote_only,headnote_only,unknown
1965_PLD_248,1965 PLD 248,West Pakistan Transport Co. v. Transport Appellate Authority,Court of Record,1965-01-01,254,headnote_only,headnote_only,disposed_of
1965_PLD_250,1965 PLD 250,"Ch. Khushi Muhammad v. The Commissioner, Multan Division, Multan -  Lahore-High-Court-Lahore",Court of Record,1965-01-01,273,headnote_only,headnote_only,unknown
1965_PLD_252,1965 PLD 252,"Issar Bai Alias Kishan Bai v. Settlement Commissioner, Hyderabad And Khairpur Divisions -  Karachi-High-Court-Sindh",Court of Record,1965-01-01,158,headnote_only,headnote_only,unknown
1965_PLD_259,1965 PLD 259,Mst. Hanifa Bai v. Muhammad Siddiq-Abdul Sattar -  Karachi-High-Court-Sindh,Court of Record,1965-01-01,174,headnote_only,headnote_only,unknown
1965_PLD_260,1965 PLD 260,Muhammad Idris v. Tobarak Hussain -  Dhaka,Court of Record,1965-01-01,84,headnote_only,headnote_only,unknown
2007_PLD_566,2007 PLD 566,Zain Ullah Khan v. Additional Director,Court of Record,2007-01-01,250,headnote_only,headnote_only,petition_dismissed
S.2(a)---Constitution of Pakistan (1973)_S. 12---CIVIL SERVANTS ACT (LXXI OF 1973)_1,S.2(a)---Constitution of Pakistan (1973) S. 12---CIVIL SERVANTS ACT (LXXI OF 1973) 1,199,Court of Record,,38,headnote_only,headnote_only,petition_dismissed
S.2(a)---Constitution of Pakistan (1973)_CONSTITUTION OF PAKISTAN 1973 S. 12---CIVIL SERVANTS ACT (LXXI OF 1973)_1,S.2(a)---Constitution of Pakistan (1973) CONSTITUTION OF PAKISTAN 1973 S. 12---CIVIL SERVANTS ACT (LXXI OF 1973) 1,199,Court of Record,,38,headnote_only,headnote_only,petition_dismissed
S.2(a)---Constitution of Pakistan (1973)_NATIONAL ASSEMBLY SECRETARIAT (RECRUITMENT AND CONDITIONS OF SERVICE) RULES 1973 S. 12---CIVIL SERVANTS ACT (LXXI OF 1973)_1,S.2(a)---Constitution of Pakistan (1973) NATIONAL ASSEMBLY SECRETARIAT (RECRUITMENT AND CONDITIONS OF SERVICE) RULES 1973 S. 12---CIVIL SERVANTS ACT (LXXI OF 1973) 1,199,Court of Record,,38,headnote_only,headnote_only,petition_dismissed
OXXXVII_BANKING COMPANIES (RECOVERY OF LOANS) ORDINANCE 1979 R. 8---CIVIL PROCEDURE CODE (V OF 1908)_1,OXXXVII BANKING COMPANIES (RECOVERY OF LOANS) ORDINANCE 1979 R. 8---CIVIL PROCEDURE CODE (V OF 1908) 1,R.20,Court of Record,,37,headnote_only,headnote_only,unknown
OXXXVII_R. 8---CIVIL PROCEDURE CODE (V OF 1908)_1,OXXXVII R. 8---CIVIL PROCEDURE CODE (V OF 1908) 1,R.20,Court of Record,,37,headnote_only,headnote_only,unknown
OXXXVII_LIMITATION ACT 1908 R. 8---CIVIL PROCEDURE CODE (V OF 1908)_1,OXXXVII LIMITATION ACT 1908 R. 8---CIVIL PROCEDURE CODE (V OF 1908) 1,R.20,Court of Record,,37,headnote_only,headnote_only,unknown
therefore_SS. 1(3)(B) & 25-A --- WORK OF CONSTRUCTION OR MAINTENANCE OF BUILDINGS WHICH IS PERFORMED BY THE EMPLOYEES OF PAKISTAN PUBLIC WORKS DEPARTMENT DOES NOT HAVE NEXUS WITH THE SOVEREIGN FUNCTIONS OF THE STATE --- SUCH EMPLOYEES_1,therefore SS. 1(3)(B) & 25-A --- WORK OF CONSTRUCTION OR MAINTENANCE OF BUILDINGS WHICH IS PERFORMED BY THE EMPLOYEES OF PAKISTAN PUBLIC WORKS DEPARTMENT DOES NOT HAVE NEXUS WITH THE SOVEREIGN FUNCTIONS OF THE STATE --- SUCH EMPLOYEES 1,Thus Was Not Attracted In Case Of Such Employees --- Such Employees Can Invoke The Provisions Of The Industrial Relations Ordinance,Court of Record,,36,headnote_only,headnote_only,unknown
therefore_INDUSTRIAL RELATIONS ORDINANCE 1969 SS. 1(3)(B) & 25-A --- WORK OF CONSTRUCTION OR MAINTENANCE OF BUILDINGS WHICH IS PERFORMED BY THE EMPLOYEES OF PAKISTAN PUBLIC WORKS DEPARTMENT DOES NOT HAVE NEXUS WITH THE SOVEREIGN FUNCTIONS OF THE STATE --- SUCH EMPLOYEES_1,therefore INDUSTRIAL RELATIONS ORDINANCE 1969 SS. 1(3)(B) & 25-A --- WORK OF CONSTRUCTION OR MAINTENANCE OF BUILDINGS WHICH IS PERFORMED BY THE EMPLOYEES OF PAKISTAN PUBLIC WORKS DEPARTMENT DOES NOT HAVE NEXUS WITH THE SOVEREIGN FUNCTIONS OF THE STATE --- SUCH EMPLOYEES 1,Thus Was Not Attracted In Case Of Such Employees --- Such Employees Can Invoke The Provisions Of The Industrial Relations Ordinance,Court of Record,,36,headnote_only,headnote_only,unknown
para. 1_WEST PAKISTAN INDUSTRIAL AND COMMERCIAL EMPLOYMENT (STANDING ORDERS) ORDINANCE 1968 SCHED._1,para. 1 WEST PAKISTAN INDUSTRIAL AND COMMERCIAL EMPLOYMENT (STANDING ORDERS) ORDINANCE 1968 SCHED. 1,Then He May Become Permanent Upon Expiry Of The Period Of Nine Months Mentioned In Terms Of Sched.,Court of Record,,13,headnote_only,headnote_only,unknown
para. 1_SCHED._1,para. 1 SCHED. 1,Then He May Become Permanent Upon Expiry Of The Period Of Nine Months Mentioned In Terms Of Sched.,Court of Record,,13,headnote_only,headnote_only,unknown
"S.12(2)---'Tenant""""--- Connotation---Group of companies would be a """"person"""" within meaning of S.2(j)_SINDH RENTED PREMISES ORDINANCE 1979 S. 2(J)---CIVIL PROCEDURE CODE (V OF 1908)_1","S.12(2)---'Tenant""""--- Connotation---Group of companies would be a """"person"""" within meaning of S.2(j) SINDH RENTED PREMISES ORDINANCE 1979 S. 2(J)---CIVIL PROCEDURE CODE (V OF 1908) 1",1979---Ejectment Of Tenant Having Been Ordered In Earlier Round Of Litigation,Court of Record,,52,headnote_only,headnote_only,unknown
"S.12(2)---'Tenant""""--- Connotation---Group of companies would be a """"person"""" within meaning of S.2(j)_S. 2(J)---CIVIL PROCEDURE CODE (V OF 1908)_1","S.12(2)---'Tenant""""--- Connotation---Group of companies would be a """"person"""" within meaning of S.2(j) S. 2(J)---CIVIL PROCEDURE CODE (V OF 1908) 1",1979---Ejectment Of Tenant Having Been Ordered In Earlier Round Of Litigation,Court of Record,,52,headnote_only,headnote_only,unknown
"60(1) & 240---""""Service of Pakistan"""" as defined in Art.260(1) of the Constitution---Representation of the People Ad (LXXXV of 1976)_ARTS.63(1)_1","60(1) & 240---""""Service of Pakistan"""" as defined in Art.260(1) of the Constitution---Representation of the People Ad (LXXXV of 1976) ARTS.63(1) 1","Would Not Put Him . Beyond The Pale Of The Definition Of """"Service Of Pakistan"""" As Contained In Art.260(L) --- Period Of Two Years Having Not Passed Since The Person Relinquished The Charge Of The Post",Court of Record,,14,headnote_only,headnote_only,unknown
Marriage and Insolvency of Parties--12_CIVIL PROCEDURE CODE --ORDER XXII OF C.P.C. DEATH_1,Marriage and Insolvency of Parties--12 CIVIL PROCEDURE CODE --ORDER XXII OF C.P.C. DEATH 1,Marriage And Insolvency Of Parties--3,Court of Record,,8,headnote_only,headnote_only,unknown
S. 12(3)- Allowance for time spent in obtaining copies of order appealed from-Admissible in n case of appeal from order rejecting an application for setting aside ex parte order of ejectment passed under S. 13_(A) LIMITATION ACT (IX OF 1908)_1,S. 12(3)- Allowance for time spent in obtaining copies of order appealed from-Admissible in n case of appeal from order rejecting an application for setting aside ex parte order of ejectment passed under S. 13 (A) LIMITATION ACT (IX OF 1908) 1,Lahore v. Official Liquidators,Court of Record,,22,headnote_only,headnote_only,unknown
"S. 10-Charge of adultery not made in petition-Evidence produced in support thereof """"highly unsatisfactory and unconvincing""""-Charge_(D) DIVORCE ACT (IV OF 1869)_1","S. 10-Charge of adultery not made in petition-Evidence produced in support thereof """"highly unsatisfactory and unconvincing""""-Charge (D) DIVORCE ACT (IV OF 1869) 1",Not Proved.(C) Divorce Act (Iv Of 1869),Court of Record,,31,headnote_only,headnote_only,unknown
Ss. 4_WEST PAKISTAN URBAN RENT RESTRICTION ORDINANCE (VI OF 1959)_1,Ss. 4 WEST PAKISTAN URBAN RENT RESTRICTION ORDINANCE (VI OF 1959) 1,(1) (C) & 8-Clause (C) Of S. 6 (1) As Added By West Pakistan Urban Rent Restriction (Amendment) Ordinance (Xxi Of 1965),Court of Record,,110,headnote_only,headnote_only,unknown
C. P. C.-More akin to appeal or second appeal than revision in technical sense of S. 115_(C) REVISION (CIVIL)-REVISION UNDER SPECIAL STATUTE NOT RESTRICTED TO LIMITATIONS SPECIFIED IN S. 115_1,C. P. C.-More akin to appeal or second appeal than revision in technical sense of S. 115 (C) REVISION (CIVIL)-REVISION UNDER SPECIAL STATUTE NOT RESTRICTED TO LIMITATIONS SPECIFIED IN S. 115 1,S. 115 Displaced Persons (Land Settlement) Act (Xlvii Of 1958),Court of Record,,11,headnote_only,headnote_only,unknown
2026_----PROCEEDINGS_1,2026 ----PROCEEDINGS 1,Not Un-Islamic-Nor Repugnant To Constitutional Commandment Enjoining Bringing Of Laws In Consonance With Holy Quran And Sunnah. ----Law-Not To Be Discarded As Relic From Servile Past Or Legacy Left By British Law Now A Part Of Pakistan Legal System-Constitution Of Pakistan (1962),Court of Record,,27,headnote_only,headnote_only,unknown
Constitution of Pakistan 1956--157_CODE OF CIVIL PROCEDURE 1908--110_1,Constitution of Pakistan 1956--157 CODE OF CIVIL PROCEDURE 1908--110 1,Constitution Of Pakistan 1962--58,Court of Record,,6,headnote_only,headnote_only,unknown
"3 & 13-Words """"accrue""""_S. 4(1) READ WITH SS. 2(15)_1","3 & 13-Words """"accrue"""" S. 4(1) READ WITH SS. 2(15) 1","""""Income""""",Court of Record,,13,headnote_only,headnote_only,unknown
"3 & 13-Words """"accrue""""_INCOME TAX ACT 1922 S. 4(1) READ WITH SS. 2(15)_1","3 & 13-Words """"accrue"""" INCOME TAX ACT 1922 S. 4(1) READ WITH SS. 2(15) 1","""""Income""""",Court of Record,,13,headnote_only,headnote_only,unknown
1956_CONSTITUTION OF PAKISTAN 1962 ART. 58(3) READ WITH SUPREME COURT OF PAKISTAN RULES_1,1956 CONSTITUTION OF PAKISTAN 1962 ART. 58(3) READ WITH SUPREME COURT OF PAKISTAN RULES 1,R. 1-Special Leave To Appeal-Petition To Be Lodged Within 60 Days From Date Of Judgment Or Decree Appealed From,Court of Record,1956-01-01,15,headnote_only,headnote_only,unknown
1956_ART. 58(3) READ WITH SUPREME COURT OF PAKISTAN RULES_1,1956 ART. 58(3) READ WITH SUPREME COURT OF PAKISTAN RULES 1,R. 1-Special Leave To Appeal-Petition To Be Lodged Within 60 Days From Date Of Judgment Or Decree Appealed From,Court of Record,1956-01-01,15,headnote_only,headnote_only,unknown
but such authorities not objecting to such plantations--Consent of landlord assumed in circumstances of case-Order for payment of reasonable compensation_PUNJAB TENANCY ACT 1887 -----S. 64(2)-COMPENSATION TO OLD TENANT FOR PLANTING TREES ON LAND ALLOTTED TO LANDLORD PETITIONER--PERMISSION OF REHABILITATION AUTHORITIES NOT OBTAINED WHEN TREES PLANTED_1,but such authorities not objecting to such plantations--Consent of landlord assumed in circumstances of case-Order for payment of reasonable compensation PUNJAB TENANCY ACT 1887 -----S. 64(2)-COMPENSATION TO OLD TENANT FOR PLANTING TREES ON LAND ALLOTTED TO LANDLORD PETITIONER--PERMISSION OF REHABILITATION AUTHORITIES NOT OBTAINED WHEN TREES PLANTED 1,Justified,Court of Record,,14,headnote_only,headnote_only,unknown
Control and Appeal) Rules 1961--RULE_CIVILIAN EMPLOYEES IN DEFENCE SERVICE (CLASSIFICATION_1,Control and Appeal) Rules 1961--RULE CIVILIAN EMPLOYEES IN DEFENCE SERVICE (CLASSIFICATION 1,Constitution Of Pakistan 1962--179,Court of Record,,4,headnote_only,headnote_only,unknown
"Constitution of Pakistan (1962} and not to para. 1_BASIC DEMOCRACIES ORDER 1959 S. 21 (1)----WORDS """"DULY QUALIFIED"""".---REFER TO ART. 158 (1)_1","Constitution of Pakistan (1962} and not to para. 1 BASIC DEMOCRACIES ORDER 1959 S. 21 (1)----WORDS """"DULY QUALIFIED"""".---REFER TO ART. 158 (1) 1",1959-Person Being 25 Of Age On Date Of His Nomination To Electoral Unit And Also Recorded As Such In Final Electoral Roll--Qualified To Be Elected As Elector Under Electorar College Act---Constitution Of Pakistan (1962),Court of Record,,9,headnote_only,headnote_only,unknown
"Constitution of Pakistan (1962} and not to para. 1_S. 21 (1)----WORDS """"DULY QUALIFIED"""".---REFER TO ART. 158 (1)_1","Constitution of Pakistan (1962} and not to para. 1 S. 21 (1)----WORDS """"DULY QUALIFIED"""".---REFER TO ART. 158 (1) 1",1959-Person Being 25 Of Age On Date Of His Nomination To Electoral Unit And Also Recorded As Such In Final Electoral Roll--Qualified To Be Elected As Elector Under Electorar College Act---Constitution Of Pakistan (1962),Court of Record,,9,headnote_only,headnote_only,unknown
"Constitution of Pakistan (1962} and not to para. 1_ELECTORAL COLLEGE ACT 1964 S. 21 (1)----WORDS """"DULY QUALIFIED"""".---REFER TO ART. 158 (1)_1","Constitution of Pakistan (1962} and not to para. 1 ELECTORAL COLLEGE ACT 1964 S. 21 (1)----WORDS """"DULY QUALIFIED"""".---REFER TO ART. 158 (1) 1",1959-Person Being 25 Of Age On Date Of His Nomination To Electoral Unit And Also Recorded As Such In Final Electoral Roll--Qualified To Be Elected As Elector Under Electorar College Act---Constitution Of Pakistan (1962),Court of Record,,9,headnote_only,headnote_only,unknown
1965_PLD_425,1965 PLD 425,Gulzaruddin Ahmad Alias Gulzar Gazi v. The State -  Dhaka,Court of Record,1965-01-01,204,headnote_only,headnote_only,unknown
1965_PLD_433,1965 PLD 433,"Abdul Rashid v. Secretary, Home (Police) Department, Government Of East Pakistan -  Dhaka",Court of Record,1965-01-01,161,headnote_only,headnote_only,unknown
1965_PLD_464,1965 PLD 464,"Messrs Ata Hussain Khan Ltd v. The Commissioner Of Income-Tax, East Pakistan, Dacca -  Dhaka",Court of Record,1965-01-01,193,headnote_only,headnote_only,unknown
1965_PLD_460,1965 PLD 460,Messrs Balagamwalla Cotton Ginners v. Pressing Factory -  Karachi-High-Court-Sindh,Court of Record,1965-01-01,292,headnote_only,headnote_only,unknown
1965_PLD_467,1965 PLD 467,Khalil Ahmad & Abdul Aziz v. Commissioner Of Income-Tax,Court of Record,1965-01-01,205,headnote_only,headnote_only,unknown
1965_PLD_472,1965 PLD 472,"Pioneer Bank Ltd v. The Commissioner Of Income-Tax, East Pakistan, Dacca -  Dhaka",Court of Record,1965-01-01,203,headnote_only,headnote_only,unknown
1965_PLD_478,1965 PLD 478,Tofazzal Hussain v. Province Of East Pakistan -  Dhaka,Court of Record,1965-01-01,272,headnote_only,headnote_only,unknown
1965_PLD_482,1965 PLD 482,Ghulam Muhammad v. Allah Yar -  Lahore-High-Court-Lahore,Court of Record,1965-01-01,278,headnote_only,headnote_only,unknown
1965_PLD_489,1965 PLD 489,Provincial Government v. M. K. Musafir,Court of Record,1965-01-01,290,headnote_only,headnote_only,unknown
1965_PLD_503,1965 PLD 503,"The Commissioner Of Income-Tax, East Pakistan v. Messrs Sandwip Tanneries, Dacca -  Dhaka",Court of Record,1965-01-01,137,headnote_only,headnote_only,unknown
1965_PLD_507,1965 PLD 507,Mian Muhammad Din v. Sh. Muhammad Ishaque Gaba -  Lahore-High-Court-Lahore,Court of Record,1965-01-01,274,headnote_only,headnote_only,unknown
1965_PLD_514,1965 PLD 514,Kazi Mohiuddin v. Government Of East Pakistan -  Dhaka,Court of Record,1965-01-01,132,headnote_only,headnote_only,unknown
1965_PLD_525,1965 PLD 525,Moulvi Mobashwaruddin Alias Moulvi -Md. Mobashwaruddin v. A. B. M. Jaheed Hussain -  Dhaka,Court of Record,1965-01-01,139,headnote_only,headnote_only,unknown
1965_PLD_531,1965 PLD 531,Suratan Nessa Bibi v. Muhammad Naimuddin Mondal -  Dhaka,Court of Record,1965-01-01,132,headnote_only,headnote_only,unknown
1965_PLD_557,1965 PLD 557,Collector Of Karachi v. M. N. E. Dinshaw -  Karachi-High-Court-Sindh,Court of Record,1965-01-01,286,headnote_only,headnote_only,unknown
1965_PLD_579,1965 PLD 579,Dawood Hashim v. The State -  Karachi-High-Court-Sindh,Court of Record,1965-01-01,235,headnote_only,headnote_only,unknown
1952_ORDER_1,1952 ORDER 1,(G),Court of Record,1952-01-01,43,headnote_only,headnote_only,unknown
1965_PLD_615,1965 PLD 615,Vs -  Karachi-High-Court-Sindh,Court of Record,1965-01-01,153,headnote_only,headnote_only,unknown
1965_PLD_656,1965 PLD 656,Manzur Elahi v. The State -  Lahore-High-Court-Lahore,Court of Record,1965-01-01,231,headnote_only,headnote_only,unknown
1965_PLD_672,1965 PLD 672,"Masitullah v. The Chief Settlement Commissioner, Lahore & Major Bashir Ahmad Khan -  Lahore-High-Court-Lahore",Court of Record,1965-01-01,246,headnote_only,headnote_only,unknown
2006_PLD_169,2006 PLD 169,"Mian Corporation Through Managing Partner v. Messrs Lever Brothers Of Pakistan Ltd. Through General Sales Manager, Karachi---Respondent",Court of Record,2006-01-01,155,headnote_only,headnote_only,unknown
2006_PLD_163,2006 PLD 163,Muhammad Ahsan Alias Aksan v. The State,Court of Record,2006-01-01,189,headnote_only,headnote_only,unknown
2006_PLD_176,2006 PLD 176,Maqsood Akbar v. The State,Court of Record,2006-01-01,231,headnote_only,headnote_only,unknown
2006_PLD_178,2006 PLD 178,Irshad Ali Alias Ishoo v. The State,Court of Record,2006-01-01,295,headnote_only,headnote_only,unknown
2006_PLD_182,2006 PLD 182,M. Ashraf Bhatti v. M. Aasam Butt,Court of Record,2006-01-01,289,headnote_only,headnote_only,unknown
2006_PLD_186,2006 PLD 186,Muhammad Rafiq v. The State,Court of Record,2006-01-01,175,headnote_only,headnote_only,leave_refused
2006_PLD_217,2006 PLD 217,Safdar Ali v. Naveed Sadiq,Court of Record,2006-01-01,161,headnote_only,headnote_only,unknown
2006_PLD_219,2006 PLD 219,Muhammad Amin v. The State,Court of Record,2006-01-01,291,headnote_only,headnote_only,leave_refused
1952_PLD_563,1952 PLD 563,Yar Muhammad v. Ghulam Sarwar -  Lahore-High-Court-Lahore,Lahore High Court,1952-01-01,251,headnote_only,headnote_only,unknown
1952_PLD_632,1952 PLD 632,J. A. Humphrey v. The Crown -  Lahore-High-Court-Lahore,Court of Record,1952-01-01,146,headnote_only,headnote_only,unknown
1952_PLD_609,1952 PLD 609,Mirza v. The Crown -  Lahore-High-Court-Lahore,Lahore High Court,1952-01-01,295,headnote_only,headnote_only,unknown
1952_PLD_645,1952 PLD 645,Sardar Khan v. The Crown -  Lahore-High-Court-Lahore,Lahore High Court,1952-01-01,175,headnote_only,headnote_only,unknown
1993_PLC(CS)_6,1993 PLC(CS) 36,NAZIR HUSSAIN v. PROVINCE OF SINDH,Supreme Court of Pakistan,1993-01-01,66,headnote_only,headnote_only,unknown
1993_PLC(CS)_8,1993 PLC(CS) 48,KHALID FAROOQ v. INSPECTOR,"General, Pakistan Railways Police Lahore, - Federal-Service-Tribunal",1993-01-01,69,headnote_only,headnote_only,unknown
Pakistan Penal Code 1860--365-B_PAKISTAN PENAL CODE 1860--34_1,Pakistan Penal Code 1860--365-B PAKISTAN PENAL CODE 1860--34 1,Qanun-E,Court of Record,,3,headnote_only,headnote_only,unknown
1993_PLC(CS)_17,1993 PLC(CS) 80,"NIAMAT ALI v. JOINT DIRECTOR, DIRECTORATE OF NATIONAL SAVINGSFAISALABAD",Federal-Service-Tribunal,1993-01-01,66,headnote_only,headnote_only,unknown
1993_PLC(CS)_21,1993 PLC(CS) 105,"S.M. HUMAYUN AKHTAR v. SECRETARY, MINISTRY OF COMMERCE, ISLAMABAD",Federal-Service-Tribunal,1993-01-01,71,headnote_only,headnote_only,unknown
1993_PLC(CS)_22,1993 PLC(CS) 111,"NOOR HUSSAIN ZIA v. SECRETARY, WAFAQI MOHTASIB (OMBUDSMAN)'S SECRETARIAT, ISLAMABAD",Federal-Service-Tribunal,1993-01-01,66,headnote_only,headnote_only,unknown
1993_PLC(CS)_24,1993 PLC(CS) 123,"MUHAMMAD IDREES v. SECRETARY, ESTABLISHMENT DIVISION, ISLAMABAD",Federal-Service-Tribunal,1993-01-01,66,headnote_only,headnote_only,unknown
1993_PLC(CS)_34,1993 PLC(CS) 184,MUHAMMAD NAZIR CHAUDHARY v. GOVERNMENT OF PAKISTAN,"Honorable Justice Ch. Hasan Nawaz - Dr. Khalid Ranjha , Hafiz Tariq Naseem Federal-Service-Tribunal",1993-01-01,84,headnote_only,headnote_only,unknown
1993_PLC(CS)_59,1993 PLC(CS) 377,STAT_ LIFE INSURANCE CORPORATION OF PAKISTAN v. F.D. NAJMI,Lahore High Court,1993-01-01,76,headnote_only,headnote_only,unknown
1951_PLD_254,1951 PLD 254,Crown v. Muhammad Khan -  Lahore-High-Court-Lahore,Lahore High Court,1951-01-01,235,headnote_only,headnote_only,unknown
1951_PLD_268,1951 PLD 268,Mst. Mehr Bhari v. Bahadur -  Lahore-High-Court-Lahore,Lahore High Court,1951-01-01,161,headnote_only,headnote_only,unknown
1993_PLC(CS)_65,1993 PLC(CS) 411,FAZAL ELAHI v. DIRECTOR,"General, Pakistan Meteorological Department, Karachi - Honorable Justice Ch. Hasan Nawaz - Zafar Abbas , Hafiz Tariq Naseem Federal-Service-Tribunal",1993-01-01,78,headnote_only,headnote_only,unknown
1951_PLD_318,1951 PLD 318,Fatta v. Crown -  Lahore-High-Court-Lahore,Court of Record,1951-01-01,150,headnote_only,headnote_only,unknown
1951_PLD_329,1951 PLD 329,Mst. Bibi Rani v. Muhammad Hussain -  Lahore-High-Court-Lahore,Lahore High Court,1951-01-01,161,headnote_only,headnote_only,unknown
1951_PLD_338,1951 PLD 338,Abdul Ghani v. Pir Nazir Ahmad -  Lahore-High-Court-Lahore,Lahore High Court,1951-01-01,161,headnote_only,headnote_only,unknown
1951_PLD_368,1951 PLD 368,Mirza Akbar Ali v. Mirza Iftikhar Ali -  Lahore-High-Court-Lahore,Lahore High Court,1951-01-01,159,headnote_only,headnote_only,unknown
1951_PLD_386,1951 PLD 386,Abdul Karim v. Ghulam Ghaus -  Lahore-High-Court-Lahore,Lahore High Court,1951-01-01,166,headnote_only,headnote_only,unknown
1951_PLD_400,1951 PLD 400,Fazal Dad Khan v. Gashtasab Khan -  Lahore-High-Court-Lahore,Lahore High Court,1951-01-01,164,headnote_only,headnote_only,unknown
1951_PLD_408,1951 PLD 408,Mst. Sat Bharai v. Nur Elahi -  Lahore-High-Court-Lahore,Lahore High Court,1951-01-01,160,headnote_only,headnote_only,unknown
1993_PLC(CS)_71,1993 PLC(CS) 455,IQBAL AHMED SHAIKH v. GOVERNMENT OF SINDH,Service-Tribunal-Sindh,1993-01-01,67,headnote_only,headnote_only,unknown
1951_PLD_437,1951 PLD 437,Gul Muhammad v. Sadar-Ud-Din -  Lahore-High-Court-Lahore,Lahore High Court,1951-01-01,175,headnote_only,headnote_only,unknown
1951_PLD_447,1951 PLD 447,Jan Muhammad v. Barkat Ullah -  Lahore-High-Court-Lahore,Lahore High Court,1951-01-01,151,headnote_only,headnote_only,unknown
1951_PLD_467,1951 PLD 467,Mst. Lalan Bibi v. Muhammad Ashfaq -  Lahore-High-Court-Lahore,Lahore High Court,1951-01-01,199,headnote_only,headnote_only,unknown
1951_PLD_491,1951 PLD 491,"Abdul Latif v. Small Town Committee, Ramnagar, District Gujranw Ala -  Lahore-High-Court-Lahore",Lahore High Court,1951-01-01,206,headnote_only,headnote_only,unknown
Anti-Terrorism Act 1997--7_ANTI-TERRORISM ACT 1997--21-L_1,Anti-Terrorism Act 1997--7 ANTI-TERRORISM ACT 1997--21-L 1,Pakistan Penal Code 1860--34,Court of Record,,3,headnote_only,headnote_only,unknown
1993_PLC(CS)_83,1993 PLC(CS) 505,TANVEER AHMAD QURESHI v. GOVERNMENT OF PAKISTAN,High Court of Sindh,1993-01-01,72,headnote_only,headnote_only,unknown
1993_PLC(CS)_85,1993 PLC(CS) 507,"ASPRO NICHOLAS EMPLOYEES' UNION, KARACHI v. M/S. ASPRO NICHOLAS .(PAK.) LTD., KARACHI","Honorable Justice Agha Ali Hyder - Abdul Majeed , Rehan Aqeel Labour-Appellate-Tribunal-Sindh",1993-01-01,81,headnote_only,headnote_only,unknown
1993_PLC(CS)_89,1993 PLC(CS) 512,"PROJECT DIRECTOR, IRRIGATION SCARP, AT SUKKUR v. UPPER SINDH IRRIGATION EMPLOYEES' UNION, SUKKUR",Labour-Appellate-Tribunal-Sindh,1993-01-01,69,headnote_only,headnote_only,unknown
1993_PLC(CS)_93,1993 PLC(CS) 524,"SARDAR HUSSAIN v. SECURITY AND MANAGEMENT SERVICES (PRIVATE) LIMITED, KARACHI",Labour-Appellate-Tribunal-Sindh,1993-01-01,65,headnote_only,headnote_only,unknown
1993_PLC(CS)_94,1993 PLC(CS) 526,"RIAZ AHMED v. SECRETARY, MINISTRY OF DEFENCE, RAWALPINDI",Federal-Service-Tribunal,1993-01-01,65,headnote_only,headnote_only,unknown
Constitution of Pakistan 1973--17_ACCEPTANCE OR REJECTION--TERM_1,Constitution of Pakistan 1973--17 ACCEPTANCE OR REJECTION--TERM 1,Constitution Of Pakistan 1973--62,Court of Record,,4,headnote_only,headnote_only,unknown
1950_PLD_269,1950 PLD 269,Sheroo v. Crown -  Lahore-High-Court-Lahore,Court of Record,1950-01-01,145,headnote_only,headnote_only,unknown
1950_PLD_247,1950 PLD 247,Haider v. Crown -  Lahore-High-Court-Lahore,Lahore High Court,1950-01-01,223,headnote_only,headnote_only,unknown
1950_PLD_274,1950 PLD 274,Muhammad Sarwar v. Khuda Bakhsh -  Lahore-High-Court-Lahore,Lahore High Court,1950-01-01,153,headnote_only,headnote_only,unknown
1950_PLD_288,1950 PLD 288,Ata Muhammad Khan Alvi v. Crown -  Lahore-High-Court-Lahore,Lahore High Court,1950-01-01,253,headnote_only,headnote_only,unknown
1950_PLD_370,1950 PLD 370,Abdul Sattar v. Mst. Hamida Bibi -  Lahore-High-Court-Lahore,Lahore High Court,1950-01-01,240,headnote_only,headnote_only,unknown
1993_PLC(CS)_109,1993 PLC(CS) 555,"QAMARUL ISLAM v. PAKLAND CEMENT LIMITED, KARACHI","Honorable Justice Agha Ali Hyder - Muhammad Shafiq Qureshi , Mehmood A. Ghani Labour-Appellate-Tribunal-Sindh",1993-01-01,77,headnote_only,headnote_only,unknown
1950_PLD_451,1950 PLD 451,Chiragh Din v. Crown -  Lahore-High-Court-Lahore,Lahore High Court,1950-01-01,261,headnote_only,headnote_only,unknown
1950_PLD_495,1950 PLD 495,"Deputy Commissioner, Jhang v. Khushal -  Lahore-High-Court-Lahore",Lahore High Court,1950-01-01,175,headnote_only,headnote_only,unknown
1993_PLC(CS)_114,1993 PLC(CS) 566,"PERVEZ v. 1ST SINDH LABOUR COURT, KARACHI","Honorable Justice Agha Ali Hyder - M. Rafiq Malik , S.S. Jahangir Khan Labour-Appellate-Tribunal-Sindh",1993-01-01,81,headnote_only,headnote_only,unknown
but on the real substance of the relief claimed. A suit though cast in the form of a declaratory relief only but in substance aiming at some substance relief_COURT FEES ACT 1870 AS A RULE THE COURT-FEE IS DEPENDENT NOT ON THE FORM OF THE PLEADINGS_1,but on the real substance of the relief claimed. A suit though cast in the form of a declaratory relief only but in substance aiming at some substance relief COURT FEES ACT 1870 AS A RULE THE COURT-FEE IS DEPENDENT NOT ON THE FORM OF THE PLEADINGS 1,In My Opinion,Court of Record,,12,headnote_only,headnote_only,unknown
1950_PLD_499,1950 PLD 499,Mirza Khan v. Subedar Muhammad Benaras -  Lahore-High-Court-Lahore,Lahore High Court,1950-01-01,195,headnote_only,headnote_only,unknown
1993_PLC(CS)_118,1993 PLC(CS) 571,"FARYAD HUSSAIN v. PRESIDING OFFICER, VITH SINDH LABOUR COURT,HYDERABAD",Labour-Appellate-Tribunal-Sindh,1993-03-07,265,headnote_only,headnote_only,unknown
1993_PLC(CS)_119,1993 PLC(CS) 572,"NAVI JANG v. KARACHI DEVELOPMENT AUTHORITY, KARACHI",Honorable Justice Agha Ali Hyder - Ehsan Ellahi Labour-Appellate-Tribunal-Sindh,1993-01-01,72,headnote_only,headnote_only,unknown
1993_PLC(CS)_121,1993 PLC(CS) 580,AMJAD ALI NASIR v. WATER AND POWER DEVELOPMENT AUTHORITY,Federal-Service-Tribunal,1993-01-01,72,headnote_only,headnote_only,unknown
1993_PLC(CS)_128,1993 PLC(CS) 621,"MUHAMMAD SHARIF ABID v. REGIONAL COMMISSIONER, INCOME","Tax Northern Region, Islamabad - Honorable Justice Syed Ally Madad Shah - , Sardar Muhammad Amir Akber Khan, Counsel With Muhammad Bashir, Admn. Officer And Daud Hussain Federal-Service-Tribunal",1993-01-01,91,headnote_only,headnote_only,unknown
1993_PLC(CS)_133,1993 PLC(CS) 649,INCOME,"Tax Servants Employees' Association Class Iii, Lahore Vs Commissioner Of Income-Tax, Gujranwala Zone, Gujranwala - , Nemo & Dr. Shaukat Hussain Lahore-High-Court-Lahore",1993-01-01,80,headnote_only,headnote_only,unknown
1993_PLC(CS)_136,1993 PLC(CS) 676,"GHULAM RABBANI v. SECRETARY, ESTABLISHMENT DIVISION","Honorable Justice Ch. A. Rahman Khan - Raja Muhammad Asghar Khan , Zakaullah, Section Officer, Establishment Division, Islamabad, Muhammad Munir Arif, Education Officer, Ministry Of Education, Islamabad, Muhammad Farooq, Section Officer. Finance Department And Muhammad Riaz Federal-Service-Tribunal",1993-01-01,98,headnote_only,headnote_only,unknown
1949_PLD_207,1949 PLD 207,Sanmukhsing v. The King,Court of Record,1949-01-01,216,headnote_only,headnote_only,unknown
1949_PLD_222,1949 PLD 222,Abasand Oils Ltd v. The Boiler Inspection And Insurance Company Of Canada,Court of Record,1949-01-01,169,headnote_only,headnote_only,unknown
1949_PLD_212,1949 PLD 212,"In The Matter Of The ""Naya Zamana"" A Newspaper v. The Crown -  Lahore-High-Court-Lahore",Lahore High Court,1949-01-01,197,headnote_only,headnote_only,unknown
1993_PLC(CS)_143,1993 PLC(CS) 702,"MUHAMMAD AKRAM v. CHAIRMAN, LAHORE DEVELOPMENT AUTHORITY, LAHORE",", Mushtaq Masud & Rana Muhammad Khan Lahore-High-Court-Lahore",1993-01-01,72,headnote_only,headnote_only,unknown
1949_PLD_239,1949 PLD 239,Chandu Lal Agarwalla v. Khalil-Ur-Rahman,Court of Record,1949-01-01,299,headnote_only,headnote_only,unknown
1949_PLD_233,1949 PLD 233,Dhondu v. The King,Privy Council,1949-01-01,166,headnote_only,headnote_only,unknown
1949_PLD_238,1949 PLD 238,Suka v. The King,Privy Council,1949-01-01,172,headnote_only,headnote_only,unknown
1949_PLD_245,1949 PLD 245,C. S. Nataraja Pillai (Now Deceased) v. C. S. Subbaraya Chettiar,Court of Record,1949-01-01,272,headnote_only,headnote_only,unknown
1949_PLD_249,1949 PLD 249,Walayat Shah v. Sardara -  Lahore-High-Court-Lahore,Lahore High Court,1949-01-01,233,headnote_only,headnote_only,unknown
1949_PLD_251,1949 PLD 251,Muhammad Din v. Raj Din -  Lahore-High-Court-Lahore,Lahore High Court,1949-01-01,250,headnote_only,headnote_only,unknown
1949_PLD_432,1949 PLD 432,Mst. Barkat Bibi v. Fateh Ali -  Lahore-High-Court-Lahore,Lahore High Court,1949-01-01,180,headnote_only,headnote_only,unknown
1993_PLC(CS)_152,1993 PLC(CS) 723,FARIDULLAH KHALIL VS,"Secretary, Ministry Of Interior/Narcotics Control Division, Islamabad - Federal-Service-Tribunal",1993-01-01,65,headnote_only,headnote_only,unknown
1949_PLD_296,1949 PLD 296,Lala Manmohan Das v. The United Provinces,Court of Record,1949-01-01,158,headnote_only,headnote_only,unknown
1949_PLD_334,1949 PLD 334,Surendra Nath Sarkar v. Sree Sree Iswar Lakshmi Durga,Court of Record,1949-01-01,280,headnote_only,headnote_only,unknown
1949_PLD_376,1949 PLD 376,Maulvi Muhammad Ali v. The Crown -  Lahore-High-Court-Lahore,Lahore High Court,1949-01-01,260,headnote_only,headnote_only,unknown
1949_PLD_384,1949 PLD 384,Ghulam Muhammad v. Ghulam Muhammad -  Lahore-High-Court-Lahore,Lahore High Court,1949-01-01,163,headnote_only,headnote_only,unknown
1949_PLD_410,1949 PLD 410,The Crown v. Amin-Ud-Din Sahrai -  Lahore-High-Court-Lahore,Lahore High Court,1949-01-01,199,headnote_only,headnote_only,unknown
1949_PLD_441,1949 PLD 441,Pehlwan v. Lal -  Lahore-High-Court-Lahore,Lahore High Court,1949-01-01,182,headnote_only,headnote_only,unknown
1993_PLC(CS)_157,1993 PLC(CS) 735,"SINDH AGRICULTURAL SUPPLIES ORGANISATION, SUKKUR v. MUHAMMAD IBRAHIM","Honorable Justice Agha Ali Hyder - Abdul Ghaffar Memon , Nizamuddin Baloch Labour-Appellate-Tribunal-Sindh",1993-01-01,73,headnote_only,headnote_only,unknown
1993_PLC(CS)_158,1993 PLC(CS) 736,"ANWARUL HAQUE v. PAKISTAN STEEL MILLS CORPORATION, KARACHI","Honorable Justice Agha Ali Hyder - Muhammad Ashraf Khan , Zahid Hamid Labour-Appellate-Tribunal-Sindh",1993-01-01,74,headnote_only,headnote_only,unknown
1949_PLD_494,1949 PLD 494,Nazar Muhammad v. Crown -  Lahore-High-Court-Lahore,Lahore High Court,1949-01-01,292,headnote_only,headnote_only,unknown
1949_PLD_535,1949 PLD 535,Saidoo v. The Crown -  Lahore-High-Court-Lahore,Lahore High Court,1949-01-01,164,headnote_only,headnote_only,unknown
1993_PLC(CS)_161,1993 PLC(CS) 743,"SALAHUDDIN v. SAUDI ARABIAN AIRLINES, KARACHI","Honorable Justice Agha Ali Hyder - Syed Nusrat Ali , Muhammad Farque A. Ghani, Labour-Appellate-Tribunal-Sindh",1993-01-01,77,headnote_only,headnote_only,unknown
1949_PLD_562,1949 PLD 562,The Crown v. Muhammad Sadiq Niaz -  Lahore-High-Court-Lahore,Lahore High Court,1949-01-01,234,headnote_only,headnote_only,unknown
1949_PLD_572,1949 PLD 572,The Province Of West Punjab v. Khan Iftikhar Hussain Khan Of Mamdot- -  Lahore-High-Court-Lahore,Lahore High Court,1949-01-01,243,headnote_only,headnote_only,unknown
1993_PLC(CS)_162,1993 PLC(CS) 744,"AFTABUDDIN AHMAD JAFERI v. SECRETARY, ESTABLISHMENT DIVISION, ISLAMABAD",Federal-Service-Tribunal,1993-01-01,67,headnote_only,headnote_only,unknown
367(2) & (3)---Penal Code (XLV of 1860)_SS. 345_1,367(2) & (3)---Penal Code (XLV of 1860) SS. 345 1,& 404---Anti,Court of Record,,92,headnote_only,headnote_only,unknown
324 & 34---Qatl-i-amd_SS. 302(B)_1,324 & 34---Qatl-i-amd SS. 302(B) 1,Common Intention---Reappraisal Of Evidence---Accused-Petitioners Were Charged For Committing Murder Of Brother Of Complainant And Causing Firearm Injuries To His Son-,Court of Record,,15,headnote_only,headnote_only,unknown
S. 7(i)(a)---Explosive Substances Act (VI of 1908)_SS. 302(B) & 449---ANTI-TERRORISM ACT (XXVII OF 1997)_1,S. 7(i)(a)---Explosive Substances Act (VI of 1908) SS. 302(B) & 449---ANTI-TERRORISM ACT (XXVII OF 1997) 1,Art. 129,Court of Record,,3,headnote_only,headnote_only,unknown
Pakistan Penal Code 1860--302_CRIMINAL PROCEDURE CODE (CR.P.C) 1898--164_1,Pakistan Penal Code 1860--302 CRIMINAL PROCEDURE CODE (CR.P.C) 1898--164 1,Pakistan Penal Code 1860--460,Court of Record,,3,headnote_only,headnote_only,unknown
Pakistan Penal Code 1860--34_CONSEQUENTIAL--TERM_1,Pakistan Penal Code 1860--34 CONSEQUENTIAL--TERM 1,Pakistan Penal Code 1860--376,Court of Record,,3,headnote_only,headnote_only,unknown
2006_PLD_386,2006 PLD 386,"Collector Of Sales Tax And Federal Excise, Large Taxpayers Unit, Karachi v. Messrs B.O.C. Pakistan Limited, Karachi",Court of Record,2006-01-01,125,headnote_only,headnote_only,unknown
2006_PLD_397,2006 PLD 397,Zaheer Hussain v. The State,Court of Record,2006-01-01,123,headnote_only,headnote_only,unknown
2006_PLD_585,2006 PLD 585,Subeh Sadiq v. Mst. Rajan Through Legal Heirs,Court of Record,2006-01-01,120,headnote_only,headnote_only,unknown
2006_PLD_598,2006 PLD 598,"Muhammad Mansha v. Station House Officer, Police Station City, Chiniot, District Jhang",Court of Record,2006-01-01,142,headnote_only,headnote_only,unknown
2006_PLD_609,2006 PLD 609,"Watan Party Through President, Lahore v. Federation Of Pakistan Through Law Secretary, Ministry Of Justice And Parliamentary Affairs, Islamabad",Court of Record,2006-01-01,198,headnote_only,headnote_only,unknown
1994_SCMR_453,1994 SCMR 453,Muhammad Afzal v. The State,Supreme Court of Pakistan,1994-01-01,254,headnote_only,headnote_only,unknown
1994_SCMR_478,1994 SCMR 478,Asghar Ali v. Muhammad Rafiq,Supreme Court of Pakistan,1994-01-01,292,headnote_only,headnote_only,unknown
1994_SCMR_541,1994 SCMR 541,Altaf Hussain v. Muhammad Fayyaz,Supreme Court of Pakistan,1994-01-01,289,headnote_only,headnote_only,leave_granted
1994_SCMR_552,1994 SCMR 552,Mukhtar Ahmad Dodhy v. Zaheer Ahmad,Supreme Court of Pakistan,1994-01-01,229,headnote_only,headnote_only,disposed_of
1994_SCMR_662,1994 SCMR 662,Muhammad Amir v. The State,Supreme Court of Pakistan,1994-01-01,203,headnote_only,headnote_only,unknown
1994_SCMR_584,1994 SCMR 584,Ahmad Ali v. The State,Supreme Court of Pakistan,1994-01-01,237,headnote_only,headnote_only,leave_granted
1994_SCMR_593,1994 SCMR 593,State Of Haryana v. Bhajan Lal,Supreme Court of Pakistan,1994-01-01,211,headnote_only,headnote_only,unknown
1994_SCMR_680,1994 SCMR 680,Pakistan Railways v. Muhammad Anwar Bhatti,Supreme Court of Pakistan,1994-01-01,243,headnote_only,headnote_only,leave_granted
1994_SCMR_682,1994 SCMR 682,Muhammad Din v. Additional Commissioner,Supreme Court of Pakistan,1994-01-01,284,headnote_only,headnote_only,leave_granted
1994_SCMR_685,1994 SCMR 685,"Muhammad Younas v. Secretary, Law And Justice Division, Islamabad",Supreme Court of Pakistan,1994-01-01,253,headnote_only,headnote_only,leave_granted
1994_SCMR_987,1994 SCMR 987,Muhammad Manzoor v. Ghulam Murtaza,Supreme Court of Pakistan,1994-01-01,286,headnote_only,headnote_only,leave_refused
1994_SCMR_694,1994 SCMR 694,Muhammad Afzal Shah v. Mazhar Hussain Shah,Supreme Court of Pakistan,1994-01-01,280,headnote_only,headnote_only,leave_granted
1994_SCMR_720,1994 SCMR 720,Shukaria Perveen v. Custodian,Supreme Court of Pakistan,1994-01-01,279,headnote_only,headnote_only,petition_dismissed
1994_SCMR_991,1994 SCMR 991,Ghulam Baqir Shah v. Akhtar Hussain Shah (Akhtar Shah),Supreme Court of Pakistan,1994-01-01,293,headnote_only,headnote_only,leave_refused
1994_SCMR_826,1994 SCMR 826,Jewan v. Federation Of Pakistan,Supreme Court of Pakistan,1994-01-01,296,headnote_only,headnote_only,leave_granted
the cause is to be explained---Court_CODE OF CIVIL PROCEDURE 1908 ----S.115---REVISION---LIMITATION---REVISION IS TO BE FILED WITHIN 90 DAYS AND IN CASE OF DELAY_1,the cause is to be explained---Court CODE OF CIVIL PROCEDURE 1908 ----S.115---REVISION---LIMITATION---REVISION IS TO BE FILED WITHIN 90 DAYS AND IN CASE OF DELAY 1,Will Be More Liberal As Compared To The Approach In An Application For Condonation Of Delay Of The Limitation Period Provided For In The First Sched. To The Limitation Act,Court of Record,,54,headnote_only,headnote_only,unknown
1994_SCMR_899,1994 SCMR 899,Shaheen Airport Services v. Sindh Employees' Social Security Institution,Supreme Court of Pakistan,1994-01-01,135,headnote_only,headnote_only,unknown
1994_SCMR_944,1994 SCMR 944,Saeeda Begum v. Anrjad Ali,Supreme Court of Pakistan,1994-01-01,270,headnote_only,headnote_only,leave_granted
1994_SCMR_962,1994 SCMR 962,"Ishtiaq Ahmad v. Inspecting Assistant Commissioner, Income-Tax, Range-I, Gujranwala",Supreme Court of Pakistan,1994-01-01,190,headnote_only,headnote_only,leave_granted
1994_SCMR_969,1994 SCMR 969,Muhammad Arshad v. Asim Saqlain,Supreme Court of Pakistan,1994-01-01,256,headnote_only,headnote_only,leave_refused
1994_SCMR_995,1994 SCMR 995,Naseer Ahmad Alias Phup v. The State,Supreme Court of Pakistan,1994-01-01,214,headnote_only,headnote_only,unknown
1994_SCMR_1001,1994 SCMR 1001,"Qasim Ali Shah v. Director, Food, Punjab, Lahore",Supreme Court of Pakistan,1994-01-01,202,headnote_only,headnote_only,unknown
1994_SCMR_1031,1994 SCMR 1031,"Muslim Commercial Bank Limited Employees Union Islamabad, Rawalpindi And Wah Zones v. Muslim Commercial Bank Limited, Karachi",Supreme Court of Pakistan,1994-01-01,220,headnote_only,headnote_only,unknown
1994_SCMR_1087,1994 SCMR 1087,Rafaqat Ahmed v. The State,Supreme Court of Pakistan,1994-01-01,292,headnote_only,headnote_only,leave_granted
1994_SCMR_1112,1994 SCMR 1112,Federal Land Commission v. Hayat Muhammad Khan,Supreme Court of Pakistan,1994-01-01,276,headnote_only,headnote_only,unknown
1994_SCMR_1126,1994 SCMR 1126,Naseer Ahmad v. Province Of Punjab,Supreme Court of Pakistan,1994-01-01,294,headnote_only,headnote_only,disposed_of
Art. 185 (3)---Agreement between petitioner and respondents whereby petitioner undertook to get respondents property allotted against their claim; in turn he was to get half of the property so allotted_-----S. 37---CONSTITUTION OF PAKISTAN- (1973)_1,Art. 185 (3)---Agreement between petitioner and respondents whereby petitioner undertook to get respondents property allotted against their claim; in turn he was to get half of the property so allotted -----S. 37---CONSTITUTION OF PAKISTAN- (1973) 1,However,Court of Record,,85,headnote_only,headnote_only,unknown
Art. 185 (3)---Agreement between petitioner and respondents whereby petitioner undertook to get respondents property allotted against their claim; in turn he was to get half of the property so allotted_CONTRACT ACT 1872 -----S. 37---CONSTITUTION OF PAKISTAN- (1973)_1,Art. 185 (3)---Agreement between petitioner and respondents whereby petitioner undertook to get respondents property allotted against their claim; in turn he was to get half of the property so allotted CONTRACT ACT 1872 -----S. 37---CONSTITUTION OF PAKISTAN- (1973) 1,However,Court of Record,,85,headnote_only,headnote_only,unknown
1994_SCMR_1143,1994 SCMR 1143,Mahmood Ahmad v. Muhammad Aslam,Supreme Court of Pakistan,1994-01-01,220,headnote_only,headnote_only,leave_granted
1994_SCMR_1152,1994 SCMR 1152,Muhammad Haneef v. The State,Supreme Court of Pakistan,1994-01-01,228,headnote_only,headnote_only,leave_granted
1994_SCMR_1157,1994 SCMR 1157,Bashir Ahmed v. Ali Muhammad,Supreme Court of Pakistan,1994-01-01,250,headnote_only,headnote_only,unknown
1994_SCMR_1194,1994 SCMR 1194,Hafiza Bibi v. Ali Hussain,Supreme Court of Pakistan,1994-01-01,288,headnote_only,headnote_only,leave_granted
1994_SCMR_1198,1994 SCMR 1198,Sultan Mahmood v. The State,Supreme Court of Pakistan,1994-01-01,214,headnote_only,headnote_only,leave_granted
1994_SCMR_1206,1994 SCMR 1206,Rafaqat Ahmad v. The State,Supreme Court of Pakistan,1994-01-01,273,headnote_only,headnote_only,leave_granted
1994_SCMR_1216,1994 SCMR 1216,Nawaz v. The State,Supreme Court of Pakistan,1994-01-01,257,headnote_only,headnote_only,unknown
1994_SCMR_1220,1994 SCMR 1220,Muhammad Arshad v. The State,Supreme Court of Pakistan,1994-01-01,225,headnote_only,headnote_only,leave_granted
1994_SCMR_1225,1994 SCMR 1225,"Sanaullah v. Deputy Administrator (R.P.) Centre Vi, Lahore - , Sardar Muhammad Akram, Advocate Supreme Court And M. Sultan Khan, Advocate-On-Record",Supreme Court of Pakistan,1994-01-01,297,headnote_only,headnote_only,leave_granted
1994_SCMR_1232,1994 SCMR 1232,Fateh Bibi v. Talib Hussain,Supreme Court of Pakistan,1994-01-01,225,headnote_only,headnote_only,leave_refused
1994_SCMR_1247,1994 SCMR 1247,Ijaz Ahmad Alias Ijaz Hussain v. The State,Supreme Court of Pakistan,1994-01-01,259,headnote_only,headnote_only,unknown
1994_SCMR_1262,1994 SCMR 1262,Sarwar Khan v. The State,Supreme Court of Pakistan,1994-01-01,253,headnote_only,headnote_only,unknown
1994_SCMR_1393,1994 SCMR 1393,Mccarthy & Stone (Developments) Ltd. v. London Borough Of Richmond Upon Thames,Supreme Court of Pakistan,1994-01-01,270,headnote_only,headnote_only,unknown
1994_SCMR_1472,1994 SCMR 1472,Mehtab Khan v. The State,Supreme Court of Pakistan,1994-01-01,165,headnote_only,headnote_only,unknown
1994_SCMR_1511,1994 SCMR 1511,Sakina Bibi v. Akram Beg,Supreme Court of Pakistan,1994-01-01,299,headnote_only,headnote_only,unknown
1994_SCMR_1543,1994 SCMR 1543,Muhammad Khan v. The State,Supreme Court of Pakistan,1994-01-01,276,headnote_only,headnote_only,unknown
1994_SCMR_1568,1994 SCMR 1568,Muhammad Hussain v. The State,Supreme Court of Pakistan,1994-01-01,291,headnote_only,headnote_only,unknown
1994_SCMR_1622,1994 SCMR 1622,Bushra v. Muhammad Yasin,Supreme Court of Pakistan,1994-01-01,293,headnote_only,headnote_only,leave_granted
1994_SCMR_1626,1994 SCMR 1626,"Muhammad Islam v. General Manager, Pakistan Railways, Lahore",Supreme Court of Pakistan,1994-01-01,188,headnote_only,headnote_only,leave_refused
1994_SCMR_1640,1994 SCMR 1640,Muhammad Ali v. Province Of Punjab,Supreme Court of Pakistan,1994-01-01,247,headnote_only,headnote_only,leave_refused
1994_SCMR_1647,1994 SCMR 1647,"Muhammad Jamil Khan v. Additional Commissioner (Rev.)/Settlement Commissioner (Lands), Gujranwala",Supreme Court of Pakistan,1994-01-01,250,headnote_only,headnote_only,leave_granted
1994_SCMR_1682,1994 SCMR 1682,Rees v. Crane,Supreme Court of Pakistan,1994-01-01,264,headnote_only,headnote_only,unknown
1994_SCMR_1727,1994 SCMR 1727,Latif Bibi v. Abdul Ghafoor,Supreme Court of Pakistan,1994-01-01,280,headnote_only,headnote_only,leave_refused
1994_SCMR_1755,1994 SCMR 1755,Mehr Dil v. Faqir Hussain,Supreme Court of Pakistan,1994-01-01,279,headnote_only,headnote_only,leave_refused
1994_SCMR_1775,1994 SCMR 1775,Ghulam Sadiq v. Aisha,Supreme Court of Pakistan,1994-01-01,176,headnote_only,headnote_only,leave_refused
1994_SCMR_1782,1994 SCMR 1782,Akbar Khan v. Khair Khanum,Supreme Court of Pakistan,1994-01-01,232,headnote_only,headnote_only,leave_granted
1994_SCMR_1784,1994 SCMR 1784,Bazida v. Hussain Bakhsh,Supreme Court of Pakistan,1994-01-01,220,headnote_only,headnote_only,leave_refused
1994_SCMR_1787,1994 SCMR 1787,Iram Cheema v. Auqaf Department,Supreme Court of Pakistan,1994-01-01,231,headnote_only,headnote_only,leave_granted
1994_SCMR_1847,1994 SCMR 1847,Muhammad Din Alias Manni v. The State,Supreme Court of Pakistan,1994-01-01,286,headnote_only,headnote_only,leave_refused
1994_SCMR_1859,1994 SCMR 1859,Muhammad Rafiq v. Mst. Tajan,Supreme Court of Pakistan,1994-01-01,294,headnote_only,headnote_only,leave_granted
Art. 185 (3)---Import of machinery---Cargo on arrival at the port was withheld by Shipping Agents--Liability to pay storage charges----Where cargo was withheld by Shipping Agents in containers after ten working days dwell time_R. 35(A)---CONSTITUTION OF PAKISTAN (1973)_1,Art. 185 (3)---Import of machinery---Cargo on arrival at the port was withheld by Shipping Agents--Liability to pay storage charges----Where cargo was withheld by Shipping Agents in containers after ten working days dwell time R. 35(A)---CONSTITUTION OF PAKISTAN (1973) 1,Manual Of Procedure For The Handling,Court of Record,,29,headnote_only,headnote_only,unknown
1994_SCMR_1880,1994 SCMR 1880,"Shah Muhammad, Inspector; C.I.A. v. Ramzan Bibi",Supreme Court of Pakistan,1994-01-01,255,headnote_only,headnote_only,leave_granted
1994_SCMR_2041,1994 SCMR 2041,Muhammad Yousuf v. Siraj Din,Supreme Court of Pakistan,1994-01-01,170,headnote_only,headnote_only,leave_refused
1994_SCMR_1965,1994 SCMR 1965,Ghulam Muhammad v. Bagh Hussain,Supreme Court of Pakistan,1994-01-01,202,headnote_only,headnote_only,unknown
1994_SCMR_1975,1994 SCMR 1975,Nawab Din v. Bagh,Supreme Court of Pakistan,1994-01-01,282,headnote_only,headnote_only,leave_refused
1994_SCMR_2017,1994 SCMR 2017,Federation Of Pakistan v. Anwar Khan,Supreme Court of Pakistan,1994-01-01,246,headnote_only,headnote_only,leave_refused
1994_SCMR_2027,1994 SCMR 2027,Noor Muhammad v. Muhammad Abdullah,Supreme Court of Pakistan,1994-01-01,256,headnote_only,headnote_only,unknown
1994_SCMR_2032,1994 SCMR 2032,Muhammad Ahmed v. Tariq Amin,Supreme Court of Pakistan,1994-01-01,296,headnote_only,headnote_only,leave_refused
1994_SCMR_2087,1994 SCMR 2087,Noor-Un-Nisa v. Ghulam Sarwar,Supreme Court of Pakistan,1994-01-01,265,headnote_only,headnote_only,unknown
1994_SCMR_2244,1994 SCMR 2244,Allah Rakhi v. Irshad Bibi,Supreme Court of Pakistan,1994-01-01,219,headnote_only,headnote_only,leave_refused
1993_SCMR_39,1993 SCMR 39,Central Board Of Revenue v. Chanda Motors,Supreme Court of Pakistan,1993-01-01,221,headnote_only,headnote_only,unknown
1993_SCMR_53,1993 SCMR 53,Sana Ullah v. The State,Supreme Court of Pakistan,1993-01-01,196,headnote_only,headnote_only,unknown
1993_SCMR_67,1993 SCMR 67,Agaria Amir Ali v. Abdul Majid,Supreme Court of Pakistan,1993-01-01,251,headnote_only,headnote_only,leave_refused
1993_SCMR_114,1993 SCMR 114,"Amir Ahmed v. Secretary, Finance Division, Islamabad",Supreme Court of Pakistan,1993-01-01,293,headnote_only,headnote_only,leave_granted
1993_SCMR_189,1993 SCMR 189,Muhammad Naseem v. The State,Supreme Court of Pakistan,1993-01-01,299,headnote_only,headnote_only,unknown
1993_SCMR_248,1993 SCMR 248,Muhammad Jaffar v. The State,Supreme Court of Pakistan,1993-01-01,286,headnote_only,headnote_only,unknown
1993_SCMR_266,1993 SCMR 266,"Regional Commissioner, Income-Tax Companies Ii, Karachi v. S. Sultan Ali Jeoffrey - S. Muhammad Shahudul Haque, Advocate Supreme Court And Akhlaque Ahmed Siddiqui",Supreme Court of Pakistan,1993-01-01,285,headnote_only,headnote_only,unknown
1993_SCMR_316,1993 SCMR 316,Gulistan v. The State,Supreme Court of Pakistan,1993-01-01,197,headnote_only,headnote_only,unknown
1993_SCMR_381,1993 SCMR 381,Qudrat Ali v. Government Of N.-W.F.P.,Supreme Court of Pakistan,1993-01-01,258,headnote_only,headnote_only,unknown
1993_SCMR_508,1993 SCMR 508,Province Of Punjab v. Muhammad Daud Khan Tariq,Supreme Court of Pakistan,1993-01-01,294,headnote_only,headnote_only,unknown
2020_SCMR_1214,2020 SCMR 1214,Kamran Ullah v. The State,Supreme Court of Pakistan,2020-01-01,262,headnote_only,headnote_only,unknown
2023_SCMR_572,2023 SCMR 572,Muhammad Yousaf v. Muhammad Ishaq Rana (Deceased) Through Lrs,Supreme Court of Pakistan,2023-01-01,70,headnote_only,headnote_only,unknown
2020_SCMR_1218,2020 SCMR 1218,Mirza Aamer Hassan v. Commissioner Of Income Tax,Supreme Court of Pakistan,2020-01-01,108,headnote_only,headnote_only,unknown
2020_SCMR_1436,2020 SCMR 1436,Shehryar Khan v. The State,Supreme Court of Pakistan,2020-01-01,173,headnote_only,headnote_only,leave_refused
2023_SCMR_711,2023 SCMR 711,"Muhammad Akhtar Ali v. Additional Sessions Judge, Kot Addu, District Muzaffargarh",Supreme Court of Pakistan,2023-01-01,91,headnote_only,headnote_only,unknown
2023_SCMR_714,2023 SCMR 714,"Saif Power Limited v. Federation Of Pakistan Through Secretary Ministry Of Law, Civil Secretariat Islamabad",Supreme Court of Pakistan,2023-01-01,119,headnote_only,headnote_only,unknown
2020_SCMR_1241,2020 SCMR 1241,Najeeb Ullah v. The State,Supreme Court of Pakistan,2020-01-01,205,headnote_only,headnote_only,unknown
2023_SCMR_730,2023 SCMR 730,Rustam v. Jehangir (Deceased),Supreme Court of Pakistan,2023-01-01,104,headnote_only,headnote_only,unknown
2020_SCMR_1243,2020 SCMR 1243,Akhtar Ali v. The State,Supreme Court of Pakistan,2020-01-01,251,headnote_only,headnote_only,leave_refused
2023_SCMR_737,2023 SCMR 737,State Bank Of Pakistan v. Mohammad Naeem,Supreme Court of Pakistan,2023-01-01,285,headnote_only,headnote_only,leave_granted
2023_SCMR_748,2023 SCMR 748,Bashir Ahmed v. The State,Supreme Court of Pakistan,2023-01-01,212,headnote_only,headnote_only,unknown
2020_SCMR_1245,2020 SCMR 1245,"Chief Secretary, Government Of Punjab, Lahore v. Muhammad Ali Saqib",Supreme Court of Pakistan,2020-01-01,189,headnote_only,headnote_only,appeal_dismissed
2023_SCMR_750,2023 SCMR 750,Muhammad Iqbal v. The State,Supreme Court of Pakistan,2023-01-01,101,headnote_only,headnote_only,unknown
2023_SCMR_755,2023 SCMR 755,"Province Of The Punjab Through Deputy Commissioner/District Collector, Rawalpindi v. Muhammad Akram",Supreme Court of Pakistan,2023-01-01,204,headnote_only,headnote_only,unknown
2011_SCMR_1410,2011 SCMR 1410,Abdul Rafiman Qureshi v. Auditor-General Of Pakistan,Supreme Court of Pakistan,2011-01-01,66,headnote_only,headnote_only,unknown
2023_SCMR_770,2023 SCMR 770,"Allah Ditta v. Deputy Postmaster General (Admn.), Office Of The Postmaster General, Northern Punjab Circle, Rawalpindi",Supreme Court of Pakistan,2023-01-01,262,headnote_only,headnote_only,unknown
2020_SCMR_1253,2020 SCMR 1253,Babar Nadeem v. The State,Supreme Court of Pakistan,2020-01-01,204,headnote_only,headnote_only,unknown
2020_SCMR_1255,2020 SCMR 1255,Haji Qasim Khan v. The State,Supreme Court of Pakistan,2020-01-01,204,headnote_only,headnote_only,unknown
2023_SCMR_826,2023 SCMR 826,State Life Insurance Corporation v. Mst. Razia Ameer,Supreme Court of Pakistan,2023-01-01,257,headnote_only,headnote_only,appeal_dismissed
2020_SCMR_1257,2020 SCMR 1257,Muhammad Noman Munir v. The State,Supreme Court of Pakistan,2020-01-01,221,headnote_only,headnote_only,leave_refused
2023_SCMR_838,2023 SCMR 838,"Middle East Construction Company, Karachi v. The Collector Of Customs, Karachi",Supreme Court of Pakistan,2023-01-01,290,headnote_only,headnote_only,unknown
2020_SCMR_1258,2020 SCMR 1258,Dr. Abdur Rauf v. The State,Supreme Court of Pakistan,2020-01-01,159,headnote_only,headnote_only,unknown
2023_SCMR_842,2023 SCMR 842,"Ijaz Akbar v. The Director General (Ext.) L&Dd, Punjab, Lahore",Supreme Court of Pakistan,2023-01-01,68,headnote_only,headnote_only,unknown
2020_SCMR_1259,2020 SCMR 1259,"Sui Southern Gas Company Limited, Karachi v. Imdad Ali Pathan",Supreme Court of Pakistan,2020-01-01,284,headnote_only,headnote_only,appeal_allowed
2023_SCMR_860,2023 SCMR 860,Director Military Lands And Cantonment Quetta Cantt. Quetta v. Aziz Ahmed,Supreme Court of Pakistan,2023-01-01,240,headnote_only,headnote_only,unknown
2020_SCMR_1262,2020 SCMR 1262,Imran Abbas v. The State,Supreme Court of Pakistan,2020-01-01,94,headnote_only,headnote_only,unknown
2023_SCMR_866,2023 SCMR 866,"Kiramat Khan v. Ig, Frontier Corps",Supreme Court of Pakistan,2023-01-01,257,headnote_only,headnote_only,unknown
2023_SCMR_877,2023 SCMR 877,"Director General, Intelligence Bureau v. Riaz-Ul-Wahab",Supreme Court of Pakistan,2023-01-01,207,headnote_only,headnote_only,unknown
2023_SCMR_887,2023 SCMR 887,Mst. Ghazala v. The State,Supreme Court of Pakistan,2023-01-01,107,headnote_only,headnote_only,unknown
2023_SCMR_908,2023 SCMR 908,Oil And Gas Regulatory Authority v. Sui Southern Gas Company Limited,Supreme Court of Pakistan,2023-01-01,273,headnote_only,headnote_only,unknown
2020_SCMR_1278,2020 SCMR 1278,Habib Ullah Jan v. The State,Supreme Court of Pakistan,2020-01-01,128,headnote_only,headnote_only,leave_refused
2020_SCMR_1410,2020 SCMR 1410,"Government Of Khyber Pakhtunkhwa Through Secretary Excise And Taxation Department, Civil Secretariat, Peshawar v. Sarfraz Khan",Supreme Court of Pakistan,2020-01-01,285,headnote_only,headnote_only,unknown
2010_SCMR_1016,2010 SCMR 1016,Muhammad Janas v. The State,Supreme Court of Pakistan,2010-01-01,149,headnote_only,headnote_only,unknown
2023_SCMR_986,2023 SCMR 986,Muhammad Hazir v. The State,Supreme Court of Pakistan,2023-01-01,210,headnote_only,headnote_only,appeal_allowed
2023_SCMR_1002,2023 SCMR 1002,"Muhammad Yousaf v. Additional District Judge, Multan",Supreme Court of Pakistan,2023-01-01,125,headnote_only,headnote_only,unknown
2023_SCMR_1005,2023 SCMR 1005,"Jind Wadda v. General Manager Nha (Lm & Is), Islamabad",Supreme Court of Pakistan,2023-01-01,282,headnote_only,headnote_only,appeal_dismissed
2020_SCMR_1406,2020 SCMR 1406,Aamir Shahzad v. The State,Supreme Court of Pakistan,2020-01-01,223,headnote_only,headnote_only,unknown
2023_SCMR_1009,2023 SCMR 1009,Lal Jan v. The State,Supreme Court of Pakistan,2023-01-01,204,headnote_only,headnote_only,unknown
2023_SCMR_1032,2023 SCMR 1032,Muhammad Aqil v. Muhammad Amir,Supreme Court of Pakistan,2023-01-01,218,headnote_only,headnote_only,appeal_dismissed
2023_SCMR_1043,2023 SCMR 1043,"Pakistan Electronic Media Regulatory Authority (Pemra), Islamabad v. Pakistan Broadcasters Association",Supreme Court of Pakistan,2023-01-01,119,headnote_only,headnote_only,unknown
2023_SCMR_1055,2023 SCMR 1055,"Snamprogetti Engineering B.V. v. Commissioner Of Inland Revenue Zone-Ii, L.T.U, Islamabad",Supreme Court of Pakistan,2023-01-01,297,headnote_only,headnote_only,unknown
2023_SCMR_1068,2023 SCMR 1068,Bakhti Rahman v. The State,Supreme Court of Pakistan,2023-01-01,239,headnote_only,headnote_only,leave_refused
2023_SCMR_1087,2023 SCMR 1087,"Dr. Sayyid A. S. Pirzada v. The Chief Secretary, Services And Administration Department",Supreme Court of Pakistan,2023-01-01,177,headnote_only,headnote_only,unknown
2020_SCMR_1422,2020 SCMR 1422,Sadiq Ullah v. The State,Supreme Court of Pakistan,2020-01-01,261,headnote_only,headnote_only,unknown
2023_SCMR_1109,2023 SCMR 1109,"Fida Hussain v. Chief Secretary, Khyber Pakhtunkhwa, Civil Secretariat",Supreme Court of Pakistan,2023-01-01,94,headnote_only,headnote_only,unknown
2020_SCMR_1431,2020 SCMR 1431,Aqal Khan v. The State,Supreme Court of Pakistan,2020-01-01,221,headnote_only,headnote_only,unknown
2023_SCMR_1123,2023 SCMR 1123,"Supreme Court Bar Association v. Pakistan Bar Council Through Secretary, Islamabad",Supreme Court of Pakistan,2023-01-01,142,headnote_only,headnote_only,unknown
2023_SCMR_1133,2023 SCMR 1133,Akber-Ud-Din v. Headmaster Government High School Reshun,Supreme Court of Pakistan,2023-01-01,250,headnote_only,headnote_only,appeal_dismissed
2023_SCMR_1144,2023 SCMR 1144,Said Wazir v. The State,Supreme Court of Pakistan,2023-01-01,224,headnote_only,headnote_only,appeal_allowed
2023_SCMR_1147,2023 SCMR 1147,Akhtar Kamran (Deceased) v. Pervaiz Ahmed,Supreme Court of Pakistan,2023-01-01,93,headnote_only,headnote_only,unknown
2020_SCMR_1486,2020 SCMR 1486,Sheqab Muhammad v. The State,Supreme Court of Pakistan,2020-01-01,212,headnote_only,headnote_only,unknown
2023_SCMR_1174,2023 SCMR 1174,Mehtab Publication (Pvt.) Ltd. v. Pakistan Electronic Media Regulatory Authority (Pemra),Supreme Court of Pakistan,2023-01-01,81,headnote_only,headnote_only,unknown
2020_SCMR_1493,2020 SCMR 1493,Muhammad Jabran v. The State,Supreme Court of Pakistan,2020-01-01,211,headnote_only,headnote_only,unknown
2023_SCMR_1243,2023 SCMR 1243,Jamaluddin v. The State,Supreme Court of Pakistan,2023-01-01,245,headnote_only,headnote_only,unknown
2020_SCMR_1507,2020 SCMR 1507,Hubdar Hussain Malik v. Deputy Commissioner Chakwal,Supreme Court of Pakistan,2020-01-01,79,headnote_only,headnote_only,unknown
2023_SCMR_1284,2023 SCMR 1284,"Chancellor Preston University, Kohat v. Habibullah Khan",Supreme Court of Pakistan,2023-01-01,229,headnote_only,headnote_only,unknown
2020_SCMR_1519,2020 SCMR 1519,"Province Of The Punjab Through Secretary School Education, Government Of The Punjab, Lahore v. Mst. Nargas Parveen",Supreme Court of Pakistan,2020-01-01,111,headnote_only,headnote_only,unknown
2023_SCMR_1353,2023 SCMR 1353,Bentonite Pakistan Limited v. Bankers Equity Limited,Supreme Court of Pakistan,2023-01-01,179,headnote_only,headnote_only,unknown
2020_SCMR_1625,2020 SCMR 1625,"Miss Naureen Naz Butt v. Pakistan International Airlines Through Chairman, Pia",Supreme Court of Pakistan,2020-01-01,170,headnote_only,headnote_only,unknown
2023_SCMR_1371,2023 SCMR 1371,Muhammad Aslam v. Muhammad Anwar,Supreme Court of Pakistan,2023-01-01,256,headnote_only,headnote_only,appeal_allowed
2020_SCMR_1610,2020 SCMR 1610,"District Police Officer, Mianwali v. Muhammad Hanif",Supreme Court of Pakistan,2020-01-01,108,headnote_only,headnote_only,unknown
2020_SCMR_1618,2020 SCMR 1618,Mst. Brikhna v. Faiz Ullah Khan,Supreme Court of Pakistan,2020-01-01,294,headnote_only,headnote_only,unknown
2023_SCMR_1390,2023 SCMR 1390,Said Rasool v. Maqbool Ahmed,Supreme Court of Pakistan,2023-01-01,81,headnote_only,headnote_only,unknown
2023_SCMR_1394,2023 SCMR 1394,Syed Amir Raza v. Mst. Rohi Mumtaz,Supreme Court of Pakistan,2023-01-01,252,headnote_only,headnote_only,unknown
2023_SCMR_1402,2023 SCMR 1402,Mst. Faheeman Begum (Deceased) v. Islam-Ud-Din (Deceased),Supreme Court of Pakistan,2023-01-01,176,headnote_only,headnote_only,appeal_dismissed
2023_SCMR_1421,2023 SCMR 1421,"Federation Of Pakistan Through Secretary Revenue Division/Chairman, Federal Board Of Revenue, Islamabad v. Sus Motors (Pvt.) Ltd.",Supreme Court of Pakistan,2023-01-01,91,headnote_only,headnote_only,unknown
2020_SCMR_1629,2020 SCMR 1629,Province Of Khyber Pakhtunkhwa v. Farasatullah,Supreme Court of Pakistan,2020-01-01,275,headnote_only,headnote_only,unknown
2023_SCMR_1442,2023 SCMR 1442,"Special Secretary-Ii (Law And Order), Home And Tribal Affairs Department, Government Of Khyber Pakhtunkhwa, Peshawar v. Fayyaz Dawar",Supreme Court of Pakistan,2023-01-01,122,headnote_only,headnote_only,unknown
2023_SCMR_1457,2023 SCMR 1457,Barclays Bank Uk Plc v. Philipp,Supreme Court of Pakistan,2023-01-01,288,headnote_only,headnote_only,unknown
2023_SCMR_1609,2023 SCMR 1609,Mcculloch v. Forth Valley Health Board,Supreme Court of Pakistan,2023-01-01,150,headnote_only,headnote_only,unknown
2023_SCMR_1514,2023 SCMR 1514,Junaid Ali v. The State,Supreme Court of Pakistan,2023-01-01,177,headnote_only,headnote_only,unknown
2023_SCMR_1524,2023 SCMR 1524,"His Majesty The King v. Cody Rae Haevischer And Matthew James Johnston - Mark K. Levitz, K.C., Geoff Baragar, K.C., And Mark Wolf , Dagmar Dlab, Simon R. A. Buck And Roger P. Thirkell, Brock Martland, K.C., Daniel J. Song, K.C., Jonathan Desbarats And Elliot Holzman Supreme-Court-Of-Canada",Supreme Court of Pakistan,2023-01-01,81,headnote_only,headnote_only,unknown
2020_SCMR_1678,2020 SCMR 1678,"Chief Secretary, Government Of Balochistan, Quetta v. Asmatullah Kakar",Supreme Court of Pakistan,2020-01-01,151,headnote_only,headnote_only,unknown
2020_SCMR_1685,2020 SCMR 1685,Tahir Zeb v. The State,Supreme Court of Pakistan,2020-01-01,203,headnote_only,headnote_only,unknown
2023_SCMR_1665,2023 SCMR 1665,Mst. Musarat Parveen v. Muhammad Yousaf,Supreme Court of Pakistan,2023-01-01,230,headnote_only,headnote_only,leave_refused
2020_SCMR_1687,2020 SCMR 1687,Farman Ullah v. The State,Supreme Court of Pakistan,2020-01-01,223,headnote_only,headnote_only,unknown
2023_SCMR_1676,2023 SCMR 1676,State v. Chaudhry Muhammad Usman,Supreme Court of Pakistan,2023-01-01,173,headnote_only,headnote_only,unknown
2023_SCMR_1732,2023 SCMR 1732,Jawwad S. Khawaja v. Federation Of Pakistan - Kh. Ahmad Hosain,Supreme Court of Pakistan,2023-01-01,234,headnote_only,headnote_only,unknown
2020_SCMR_1701,2020 SCMR 1701,Muhammad Mumtaz Ahmad v. The State,Supreme Court of Pakistan,2020-01-01,92,headnote_only,headnote_only,unknown
2023_SCMR_1856,2023 SCMR 1856,Commissioner Inland Revenue v. Ryk Mills,Supreme Court of Pakistan,2023-01-01,159,headnote_only,headnote_only,unknown
2020_SCMR_1702,2020 SCMR 1702,Excessive And Unannounced Load Shedding In Sindh Vs,Supreme Court of Pakistan,2020-01-01,245,headnote_only,headnote_only,unknown
2023_SCMR_1729,2023 SCMR 1729,Munawar Bibi v. The State,Supreme Court of Pakistan,2023-01-01,297,headnote_only,headnote_only,unknown
2020_SCMR_1707,2020 SCMR 1707,"Aamir Siddique v. Additional Inspector General Of Police Php, Lahore",Supreme Court of Pakistan,2020-01-01,140,headnote_only,headnote_only,leave_refused
2020_SCMR_1708,2020 SCMR 1708,"Dr. Sohail Hassan Khan v. Director General (Research), Livestock And Dairy Development Department, Punjab, Lahore",Supreme Court of Pakistan,2020-01-01,242,headnote_only,headnote_only,unknown
2023_SCMR_1867,2023 SCMR 1867,Raja Azmat Ali v. Abu Malik Naseem,Supreme Court of Pakistan,2023-01-01,104,headnote_only,headnote_only,unknown
2020_SCMR_1713,2020 SCMR 1713,Dr. Shahnawaz Munami v. The Federal Government Of Pakistan,Supreme Court of Pakistan,2020-01-01,197,headnote_only,headnote_only,disposed_of
2023_SCMR_1803,2023 SCMR 1803,The Commissioner Of Income Tax v. Inter Quest Informatics Services,Supreme Court of Pakistan,2023-01-01,219,headnote_only,headnote_only,unknown
2020_SCMR_1816,2020 SCMR 1816,Liaqat Ali v. Fayasuddin,Supreme Court of Pakistan,2020-01-01,210,headnote_only,headnote_only,leave_refused
2022_SCMR_39,2022 SCMR 39,"The Chief Secretary, Government Of Balochistan, Quetta v. Hidayat Ullah Khan",Supreme Court of Pakistan,2022-01-01,76,headnote_only,headnote_only,unknown
2023_SCMR_1928,2023 SCMR 1928,Noor Din (Deceased) v. Pervaiz Akhtar,Supreme Court of Pakistan,2023-01-01,281,headnote_only,headnote_only,disposed_of
2020_SCMR_1841,2020 SCMR 1841,Muhammad Ashraf v. The State,Supreme Court of Pakistan,2020-01-01,237,headnote_only,headnote_only,leave_refused
2023_SCMR_1980,2023 SCMR 1980,"Haji Tooti v. Federal Board Of Revenue, Islamabad",Supreme Court of Pakistan,2023-01-01,173,headnote_only,headnote_only,unknown
2023_SCMR_2052,2023 SCMR 2052,"Collector Of Customs Port Muhammad Bin Qasim, Karachi v. Mia Corporation (Pvt.) Ltd. Islamabad",Supreme Court of Pakistan,2023-01-01,183,headnote_only,headnote_only,unknown
2023_SCMR_2056,2023 SCMR 2056,Muhammad Aslam v. The State,Supreme Court of Pakistan,2023-01-01,297,headnote_only,headnote_only,appeal_dismissed
2016_SCMR_2081,2016 SCMR 2081,Muhammad Akram v. The State,Supreme Court of Pakistan,2016-01-01,148,headnote_only,headnote_only,unknown
2020_SCMR_1855,2020 SCMR 1855,Saeed Zaman v. The State,Supreme Court of Pakistan,2020-01-01,240,headnote_only,headnote_only,unknown
2023_SCMR_2081,2023 SCMR 2081,Abdul Rehman v. The State,Supreme Court of Pakistan,2023-01-01,292,headnote_only,headnote_only,unknown
2020_SCMR_1859,2020 SCMR 1859,Abbas Raza v. The State,Supreme Court of Pakistan,2020-01-01,220,headnote_only,headnote_only,unknown
2023_SCMR_2092,2023 SCMR 2092,Federal Government Of Pakistan Through Ministry Of Defence Rawalpindi v. Mst. Zakia Begum,Supreme Court of Pakistan,2023-01-01,257,headnote_only,headnote_only,unknown
2023_SCMR_2100,2023 SCMR 2100,Director General Central Directorate Of Savings v. Abid Hussain,Supreme Court of Pakistan,2023-01-01,242,headnote_only,headnote_only,unknown
2023_SCMR_2109,2023 SCMR 2109,"The State Through Advocate General, Khyber Pakhtunkhwa, Peshawar v. Saadat Khan",Supreme Court of Pakistan,2023-01-01,270,headnote_only,headnote_only,unknown
2020_SCMR_1867,2020 SCMR 1867,Marex Financial Ltd. v. Sevilleja,Supreme Court of Pakistan,2020-01-01,110,headnote_only,headnote_only,unknown
2022_SCMR_313,2022 SCMR 313,"Bilal Hussain (Deceased) v. President, National Bank Of Pakistan (Nbp), Head Office, I.I. Chundrigarh Road, Karachi",Supreme Court of Pakistan,2022-01-01,276,headnote_only,headnote_only,appeal_dismissed
2023_SCMR_2142,2023 SCMR 2142,"Chairman, Sarhad Development Authority Pia, Peshawar v. Tafoor-Ur-Rehman",Supreme Court of Pakistan,2023-01-01,163,headnote_only,headnote_only,unknown
2023_SCMR_2145,2023 SCMR 2145,Muhammad Zubair Choudhary v. Pakistan Medical And Dental Council,Supreme Court of Pakistan,2023-01-01,215,headnote_only,headnote_only,unknown
2023_SCMR_2162,2023 SCMR 2162,Jamshed Ali Shah v. Irshad Hussain Shah,Supreme Court of Pakistan,2023-01-01,190,headnote_only,headnote_only,appeal_dismissed
2020_SCMR_1970,2020 SCMR 1970,Obidullah v. The State,Supreme Court of Pakistan,2020-01-01,201,headnote_only,headnote_only,unknown
2020_SCMR_1972,2020 SCMR 1972,New Zealand Law Society v. John Llewellyn Stanley,Supreme Court of Pakistan,2020-01-01,283,headnote_only,headnote_only,unknown
2020_SCMR_2017,2020 SCMR 2017,Muhammad Irfan v. The State,Supreme Court of Pakistan,2020-01-01,265,headnote_only,headnote_only,unknown
2022_SCMR_1,2022 SCMR 1,Shakeel Shah v. The State,Supreme Court of Pakistan,2022-01-01,210,headnote_only,headnote_only,unknown
2022_SCMR_9,2022 SCMR 9,"Inspector General Of Police, Balochistan, Quetta v. Mohibullah",Supreme Court of Pakistan,2022-01-01,189,headnote_only,headnote_only,appeal_allowed
2022_SCMR_360,2022 SCMR 360,Muhammad Sarwar v. Mst. Razia Sultana,Supreme Court of Pakistan,2022-01-01,125,headnote_only,headnote_only,unknown
2022_SCMR_36,2022 SCMR 36,Rehman Medical College v. Wafa Gul,Supreme Court of Pakistan,2022-01-01,260,headnote_only,headnote_only,unknown
2020_SCMR_2033,2020 SCMR 2033,Muhammad Ibrahim (Deceased) v. Taza Gul,Supreme Court of Pakistan,2020-01-01,284,headnote_only,headnote_only,unknown
2020_SCMR_2044,2020 SCMR 2044,Waris v. The State,Supreme Court of Pakistan,2020-01-01,274,headnote_only,headnote_only,leave_granted
2022_SCMR_61,2022 SCMR 61,Regarding Poor Conditions Of Rcd Highway Vs,Supreme Court of Pakistan,2022-01-01,108,headnote_only,headnote_only,unknown
2020_SCMR_2053,2020 SCMR 2053,Nehal v. The State,Supreme Court of Pakistan,2020-01-01,221,headnote_only,headnote_only,leave_refused
2022_SCMR_72,2022 SCMR 72,Mamoon Wazir v. Abwa Knowledge Village (Pvt) Limited Faisalabad,Supreme Court of Pakistan,2022-01-01,274,headnote_only,headnote_only,unknown
2020_SCMR_2066,2020 SCMR 2066,Muhammad Waheed v. The State,Supreme Court of Pakistan,2020-01-01,182,headnote_only,headnote_only,appeal_dismissed
2022_SCMR_88,2022 SCMR 88,Muhammad Ajmal v. The State,Supreme Court of Pakistan,2022-01-01,234,headnote_only,headnote_only,unknown
2020_SCMR_2062,2020 SCMR 2062,Dad Khan v. The State,Supreme Court of Pakistan,2020-01-01,264,headnote_only,headnote_only,unknown
2022_SCMR_105,2022 SCMR 105,Niamatullah Khan v. Federation Of Pakistan,Supreme Court of Pakistan,2022-01-01,211,headnote_only,headnote_only,unknown
2022_SCMR_121,2022 SCMR 121,Niamatullah Khan v. Federation Of Pakistan,Supreme Court of Pakistan,2022-01-01,153,headnote_only,headnote_only,unknown
2022_SCMR_171,2022 SCMR 171,Niamatullah Khan v. Federation Of Pakistan,Supreme Court of Pakistan,2022-01-01,282,headnote_only,headnote_only,unknown
2022_SCMR_186,2022 SCMR 186,Sher Afzal v. The State,Supreme Court of Pakistan,2022-01-01,214,headnote_only,headnote_only,unknown
2022_SCMR_198,2022 SCMR 198,Sikandar Hayat v. The State,Supreme Court of Pakistan,2022-01-01,292,headnote_only,headnote_only,unknown
2022_SCMR_216,2022 SCMR 216,Umer Khan v. The State,Supreme Court of Pakistan,2022-01-01,249,headnote_only,headnote_only,appeal_dismissed
2020_SCMR_2105,2020 SCMR 2105,Muhammad Ashraf v. The State,Supreme Court of Pakistan,2020-01-01,190,headnote_only,headnote_only,unknown
2022_SCMR_253,2022 SCMR 253,Report On Behalf Of Shehri-Citizens v. Federation Of Pakistan,Supreme Court of Pakistan,2022-01-01,233,headnote_only,headnote_only,unknown
2022_SCMR_264,2022 SCMR 264,Dildar Ahmad v. The State,Supreme Court of Pakistan,2022-01-01,295,headnote_only,headnote_only,unknown
2022_SCMR_267,2022 SCMR 267,Basharat Ali v. The State,Supreme Court of Pakistan,2022-01-01,291,headnote_only,headnote_only,leave_refused
2022_SCMR_270,2022 SCMR 270,"Zeeshan Shaikh v. Federation Of Pakistan Through Secretary, Interior Division, Islamabad",Supreme Court of Pakistan,2022-01-01,174,headnote_only,headnote_only,leave_refused
2003_SCMR_1370,2003 SCMR 1370,"Messrs Habib Rafique v. Collector Of Customs And Central Excise, Multan",Supreme Court of Pakistan,2003-01-01,134,headnote_only,headnote_only,unknown
2020_SCMR_2119,2020 SCMR 2119,"Federation Of Pakistan Through Secretary, Ministry Of Energy (Power Division), Islamabad v. Shafiq Ul Hassan",Supreme Court of Pakistan,2020-01-01,192,headnote_only,headnote_only,unknown
2022_SCMR_273,2022 SCMR 273,Qayyum Khan v. The State,Supreme Court of Pakistan,2022-01-01,202,headnote_only,headnote_only,leave_refused
2022_SCMR_274,2022 SCMR 274,Muhammad Ajmal v. The State,Supreme Court of Pakistan,2022-01-01,218,headnote_only,headnote_only,unknown
2022_SCMR_277,2022 SCMR 277,Government Of Khyber Pakhtunkhwa v. Misal Khan,Supreme Court of Pakistan,2022-01-01,186,headnote_only,headnote_only,unknown
2022_SCMR_282,2022 SCMR 282,Syed Jamil Ahmad v. Muhammad Salam,Supreme Court of Pakistan,2022-01-01,296,headnote_only,headnote_only,appeal_dismissed
2022_SCMR_326,2022 SCMR 326,Muhammad Shoaib v. The State,Supreme Court of Pakistan,2022-01-01,129,headnote_only,headnote_only,unknown
2022_SCMR_335,2022 SCMR 335,Chairman National Accountability Bureau v. Faraz Ahmed Sherwani,Supreme Court of Pakistan,2022-01-01,74,headnote_only,headnote_only,unknown
2022_SCMR_346,2022 SCMR 346,Tahsinullah v. Mst. Parveen (Deceased),Supreme Court of Pakistan,2022-01-01,292,headnote_only,headnote_only,appeal_dismissed
2022_SCMR_356,2022 SCMR 356,Muhammad Iltaf Khan v. Basheer,Supreme Court of Pakistan,2022-01-01,258,headnote_only,headnote_only,leave_refused
2020_SCMR_2171,2020 SCMR 2171,"Senior General Manager/Ceo, Pakistan Railways Eadquarters, Lahore v. Asif Ali",Supreme Court of Pakistan,2020-01-01,213,headnote_only,headnote_only,unknown
2022_SCMR_374,2022 SCMR 374,"Saqib Ali Khokhar, Director (Regional)/Additional Director v. Inayatullah Lohar",Supreme Court of Pakistan,2022-01-01,179,headnote_only,headnote_only,unknown
2022_SCMR_381,2022 SCMR 381,"Secretary Finance, Finance Division Pak. Secretariat, Islamabad v. Muhammad Farooq Khan",Supreme Court of Pakistan,2022-01-01,286,headnote_only,headnote_only,appeal_allowed
2022_SCMR_419,2022 SCMR 419,Naeem Khan v. The State,Supreme Court of Pakistan,2022-01-01,282,headnote_only,headnote_only,unknown
2022_SCMR_422,2022 SCMR 422,Sakhi Jan v. Qamar Ali Khan,Supreme Court of Pakistan,2022-01-01,163,headnote_only,headnote_only,unknown
2022_SCMR_439,2022 SCMR 439,Province Of Sindh v. Shahzad Hussain Talpur,Supreme Court of Pakistan,2022-01-01,148,headnote_only,headnote_only,unknown
2022_SCMR_518,2022 SCMR 518,Muhammad Anwar v. Chairman Wapda,Supreme Court of Pakistan,2022-01-01,213,headnote_only,headnote_only,unknown
2019_SCMR_52,2019 SCMR 52,Muhammad Umar Panhwar v. Province Of Sindh,Supreme Court of Pakistan,2019-01-01,257,headnote_only,headnote_only,unknown
2022_SCMR_523,2022 SCMR 523,Muhammad Naeem Hassan v. The State,Supreme Court of Pakistan,2022-01-01,289,headnote_only,headnote_only,unknown
2022_SCMR_526,2022 SCMR 526,Abdul Rehman v. The State,Supreme Court of Pakistan,2022-01-01,184,headnote_only,headnote_only,appeal_dismissed
2022_SCMR_550,2022 SCMR 550,"Abdul Sattar Jatoi v. Chief Minister Sindh Through Principal Secretary, Chief Minister Secretariat, Karachi",Supreme Court of Pakistan,2022-01-01,246,headnote_only,headnote_only,unknown
2022_SCMR_592,2022 SCMR 592,Abdul Saboor v. The State,Supreme Court of Pakistan,2022-01-01,289,headnote_only,headnote_only,unknown
2022_SCMR_609,2022 SCMR 609,Mst. Kainat Bibi v. The State,Supreme Court of Pakistan,2022-01-01,147,headnote_only,headnote_only,unknown
2022_SCMR_611,2022 SCMR 611,National Electric Power Regulatory Authority (Nepra) v. Aijaz Ahmed,Supreme Court of Pakistan,2022-01-01,101,headnote_only,headnote_only,unknown
2022_SCMR_624,2022 SCMR 624,Ihtisham Ali Cheema v. The State,Supreme Court of Pakistan,2022-01-01,292,headnote_only,headnote_only,unknown
2022_SCMR_634,2022 SCMR 634,"Commissioner Inland Revenue, Lto, Karachi v. Packages Limited",Supreme Court of Pakistan,2022-01-01,279,headnote_only,headnote_only,leave_refused
2022_SCMR_636,2022 SCMR 636,"The Chairman Agriculture Policy Institute, Ministry Of National Food Security Andresearch, Government Of Pakistan, Islamabad v. Zulqarnain Ali",Supreme Court of Pakistan,2022-01-01,274,headnote_only,headnote_only,unknown
2019_SCMR_95,2019 SCMR 95,"Dig, Nh & Mp, Karachi v. Ghulam Mustafa Mahar",Supreme Court of Pakistan,2019-01-01,289,headnote_only,headnote_only,unknown
2022_SCMR_643,2022 SCMR 643,Human Rights Commission Of Pakistan v. Federation Of Pakistan,Supreme Court of Pakistan,2022-01-01,153,headnote_only,headnote_only,unknown
2022_SCMR_647,2022 SCMR 647,Muhammad Shifa v. Meherban Ali,Supreme Court of Pakistan,2022-01-01,94,headnote_only,headnote_only,unknown
2019_SCMR_99,2019 SCMR 99,Basher Ahmed v. Mst. Fatima Bibi (Deceased),Supreme Court of Pakistan,2019-01-01,209,headnote_only,headnote_only,unknown
2019_SCMR_113,2019 SCMR 113,"Secretary M/O Defence, Government Of Pakistan v. Ghufran Ali",Supreme Court of Pakistan,2019-01-01,255,headnote_only,headnote_only,unknown
2022_SCMR_672,2022 SCMR 672,Asadullah Khan v. Abdul Ghafoor Khan,Supreme Court of Pakistan,2022-01-01,99,headnote_only,headnote_only,unknown
2019_SCMR_116,2019 SCMR 116,Ms. Shazia Akbar Ghalzai v. Khurram Mehboob,Supreme Court of Pakistan,2019-01-01,276,headnote_only,headnote_only,disposed_of
2022_SCMR_682,2022 SCMR 682,Federation Of Pakistan v. Muhammad Farhan,Supreme Court of Pakistan,2022-01-01,190,headnote_only,headnote_only,unknown
2022_SCMR_729,2022 SCMR 729,"Syed Arshad Ali v. Secretary Ministry Of Housing And Works, Islamabad",Supreme Court of Pakistan,2022-01-01,186,headnote_only,headnote_only,appeal_dismissed
2022_SCMR_685,2022 SCMR 685,Farhad Ali v. The State,Supreme Court of Pakistan,2022-01-01,261,headnote_only,headnote_only,unknown
2022_SCMR_687,2022 SCMR 687,Mian Hikmatullah Jan v. Chairman And Members Of Selection Board Constituted For Selection And Interview For The Post Of Additional District And Sessions Judges,Supreme Court of Pakistan,2022-01-01,221,headnote_only,headnote_only,leave_refused
2022_SCMR_951,2022 SCMR 951,"Secretary To Government Of The Punjab, School Education Department, Lahore v. Syed Zakir Ali",Supreme Court of Pakistan,2022-01-01,78,headnote_only,headnote_only,unknown
1992_PLC(CS)_205,1992 PLC(CS) 801,SHAFQAT TANVIR v. INSPECTOR,"General Of Police, Muzaffarabad - Honorable Justice Raja Muhammad Ashraf Kayani - Supreme-Court-Azad-Kashmir",1991-12-26,287,headnote_only,headnote_only,unknown
2022_SCMR_707,2022 SCMR 707,Muhammad Ismail v. The State,Supreme Court of Pakistan,2022-01-01,193,headnote_only,headnote_only,unknown
2022_SCMR_733,2022 SCMR 733,Rabia Ahmad v. Bilal Ejaz,Supreme Court of Pakistan,2022-01-01,213,headnote_only,headnote_only,unknown
2022_SCMR_737,2022 SCMR 737,Shahid Aslam v. The State,Supreme Court of Pakistan,2022-01-01,228,headnote_only,headnote_only,unknown
2022_SCMR_739,2022 SCMR 739,"Government Of Punjab Through Secretary Cooperative Societies Department, Lahore v. Asad Abbas",Supreme Court of Pakistan,2022-01-01,140,headnote_only,headnote_only,unknown
2022_SCMR_743,2022 SCMR 743,Abdul Ghani v. Haji Abdul Fatah,Supreme Court of Pakistan,2022-01-01,204,headnote_only,headnote_only,leave_refused
2022_SCMR_750,2022 SCMR 750,Ghulam Qadir v. The State,Supreme Court of Pakistan,2022-01-01,229,headnote_only,headnote_only,leave_refused
2022_SCMR_752,2022 SCMR 752,"World Health Organization, (Who), Islamabad v. Muhammad Ansar Iqbal",Supreme Court of Pakistan,2022-01-01,275,headnote_only,headnote_only,unknown
2022_SCMR_754,2022 SCMR 754,Zilla Muhammad v. Kifayat Ali,Supreme Court of Pakistan,2022-01-01,283,headnote_only,headnote_only,unknown
2022_SCMR_757,2022 SCMR 757,"Commissioner Inland Revenue, Zone-I, Lahore v. Pak Elektron Ltd.",Supreme Court of Pakistan,2022-01-01,183,headnote_only,headnote_only,leave_refused
2019_SCMR_233,2019 SCMR 233,"Board Of Intermediate And Secondary Education, Multan v. Muhammad Sajid",Supreme Court of Pakistan,2019-01-01,227,headnote_only,headnote_only,unknown
2012_SCMR_1243,2012 SCMR 1243,Shams Ul Akkbar Sadiq v. Project Manager Skd,Supreme Court of Pakistan,2012-01-01,271,headnote_only,headnote_only,appeal_dismissed
2012_SCMR_1838,2012 SCMR 1838,Sardar Khan v. Muhammad Afzal,Supreme Court of Pakistan,2012-01-01,246,headnote_only,headnote_only,appeal_dismissed
2012_SCMR_1914,2012 SCMR 1914,Federation Of Pakistan v. Ghulam Mustafa,Supreme Court of Pakistan,2012-01-01,192,headnote_only,headnote_only,leave_refused
2012_SCMR_1928,2012 SCMR 1928,President Balochistan High Court Bar Association v. Federation Of Pakistan,Supreme Court of Pakistan,2012-01-01,148,headnote_only,headnote_only,unknown
2012_SCMR_1942,2012 SCMR 1942,"Province Of Punjab Through Collector, Toba Tek Singh v. Muhammad Farooq",Supreme Court of Pakistan,2012-01-01,206,headnote_only,headnote_only,unknown
2011_SCMR_27,2011 SCMR 27,Mir Sahib Jan v. Janan,Supreme Court of Pakistan,2011-01-01,267,headnote_only,headnote_only,unknown
2009_SCMR_684,2009 SCMR 684,Sheikh Attiq-Ur-Rehman Sarwar v. Sajjad Hussain,Supreme Court of Pakistan,2009-01-01,187,headnote_only,headnote_only,unknown
2012_SCMR_1492,2012 SCMR 1492,Manzoor Hussain Sheikh v. Province Of Sindh Through Chief Secretary,Supreme Court of Pakistan,2012-01-01,252,headnote_only,headnote_only,appeal_dismissed
2011_SCMR_8,2011 SCMR 8,"Muhammad Islam v. Inspector-General Of Police, Islamabad",Supreme Court of Pakistan,2011-01-01,261,headnote_only,headnote_only,leave_refused
2011_SCMR_23,2011 SCMR 23,Abdul Ghafoor v. The State,Supreme Court of Pakistan,2011-01-01,230,headnote_only,headnote_only,remanded
2011_SCMR_70,2011 SCMR 70,Mumtaz Ali v. The State,Supreme Court of Pakistan,2011-01-01,247,headnote_only,headnote_only,unknown
2011_SCMR_107,2011 SCMR 107,Sardar Asmatullah Khan v. Moulvi Muhammad Sarwar,Supreme Court of Pakistan,2011-01-01,264,headnote_only,headnote_only,appeal_allowed
2011_SCMR_73,2011 SCMR 73,Suo Motu Case No.10 Of 2010 Vs,Supreme Court of Pakistan,2011-01-01,255,headnote_only,headnote_only,disposed_of
2011_SCMR_95,2011 SCMR 95,Umar Hayat v. The State,Supreme Court of Pakistan,2011-01-01,227,headnote_only,headnote_only,leave_granted
2009_SCMR_725,2009 SCMR 725,Riaz Ahmad v. The State,Supreme Court of Pakistan,2009-01-01,157,headnote_only,headnote_only,unknown
2011_SCMR_145,2011 SCMR 145,Muhammad Akram v. The State,Supreme Court of Pakistan,2011-01-01,158,headnote_only,headnote_only,unknown
2011_SCMR_148,2011 SCMR 148,Mst. Ammara Waseem v. Syed Khawar Hussain,Supreme Court of Pakistan,2011-01-01,189,headnote_only,headnote_only,unknown
2011_SCMR_153,2011 SCMR 153,Islamabad Farming Cooperative Society v. Ghulam Abbas Khan,Supreme Court of Pakistan,2011-01-01,218,headnote_only,headnote_only,unknown
2011_SCMR_161,2011 SCMR 161,Abid Ali Alias Ali v. The State,Supreme Court of Pakistan,2011-01-01,256,headnote_only,headnote_only,unknown
2011_SCMR_165,2011 SCMR 165,Muhammad Salman Shafique v. The State,Supreme Court of Pakistan,2011-01-01,214,headnote_only,headnote_only,unknown
2011_SCMR_168,2011 SCMR 168,Muhammad Shahid v. The State,Supreme Court of Pakistan,2011-01-01,143,headnote_only,headnote_only,leave_granted
2011_SCMR_170,2011 SCMR 170,Malik Aqeel v. The State,Supreme Court of Pakistan,2011-01-01,129,headnote_only,headnote_only,unknown
2012_SCMR_1679,2012 SCMR 1679,"Ferozuddin v. Additional District Judge, Karachi East",Supreme Court of Pakistan,2012-01-01,240,headnote_only,headnote_only,appeal_dismissed
2011_SCMR_171,2011 SCMR 171,Mir Afzal Khan v. The State,Supreme Court of Pakistan,2011-01-01,129,headnote_only,headnote_only,appeal_dismissed
2011_SCMR_174,2011 SCMR 174,Zarai Taraqiati Bank Ltd. v. Muhammad Bakhsh,Supreme Court of Pakistan,2011-01-01,189,headnote_only,headnote_only,leave_granted
2011_SCMR_180,2011 SCMR 180,Mian Najeeb-Ud-Din Owaisi v. Aamir Yar,Supreme Court of Pakistan,2011-01-01,253,headnote_only,headnote_only,unknown
2012_SCMR_1688,2012 SCMR 1688,"Syed Phool Badshah v. Adbp Through Manager, Peshawar Branch",Supreme Court of Pakistan,2012-01-01,271,headnote_only,headnote_only,appeal_allowed
2011_SCMR_207,2011 SCMR 207,"Maula Bux v. Chief Administrator Of Auqaf, Lahore",Supreme Court of Pakistan,2011-01-01,195,headnote_only,headnote_only,remanded
2011_SCMR_219,2011 SCMR 219,Pakistan International Airlines Corporation v. Aziz-Ur-Rehman Chaudhry,Supreme Court of Pakistan,2011-01-01,238,headnote_only,headnote_only,appeal_allowed
2011_SCMR_932,2011 SCMR 932,Imran Alias Manu v. The State,Supreme Court of Pakistan,2011-01-01,183,headnote_only,headnote_only,unknown
2011_SCMR_196,2011 SCMR 196,Muhammad Saleem v. Mansoor Arif,Supreme Court of Pakistan,2011-01-01,257,headnote_only,headnote_only,unknown
2011_SCMR_201,2011 SCMR 201,Muhammad Waqas Rafi Bhatti v. Muhammad Sarmad Rafi Bhatti,Supreme Court of Pakistan,2011-01-01,158,headnote_only,headnote_only,unknown
2011_SCMR_235,2011 SCMR 235,Chief Administrator Auqaf v. Allah Bakhsh,Supreme Court of Pakistan,2011-01-01,228,headnote_only,headnote_only,unknown
2011_SCMR_253,2011 SCMR 253,"Pearl Continental Hotel, Karachi Workers Union v. Member, N.I.R.C.",Supreme Court of Pakistan,2011-01-01,195,headnote_only,headnote_only,disposed_of
2011_SCMR_247,2011 SCMR 247,Muhammad Ali Gohar Zaidi v. House Building Finance Corporation,Supreme Court of Pakistan,2011-01-01,286,headnote_only,headnote_only,leave_refused
2011_SCMR_287,2011 SCMR 287,"Shehri-Cbe v. City District Government, Karachi",Supreme Court of Pakistan,2011-01-01,152,headnote_only,headnote_only,leave_refused
2011_SCMR_307,2011 SCMR 307,Shabir Ahmed Bhurgri v. Muhammad Hussain,Supreme Court of Pakistan,2011-01-01,251,headnote_only,headnote_only,appeal_dismissed
2012_SCMR_1876,2012 SCMR 1876,Junaid Traders v. Additional Collector Of Customs (Appraisement-I),Supreme Court of Pakistan,2012-01-01,241,headnote_only,headnote_only,appeal_dismissed
2011_SCMR_317,2011 SCMR 317,Muneeb Ahmed Khan v. Province Of Punjab,Supreme Court of Pakistan,2011-01-01,169,headnote_only,headnote_only,unknown
2011_SCMR_305,2011 SCMR 305,Citizens Foundation v. Government Of Sindh,Supreme Court of Pakistan,2011-01-01,181,headnote_only,headnote_only,leave_granted
1992_PLD_SC_221,PLD 1992 SC 221,M. RAMIZ UL HAQ VS SECY. TO THE GOVT. OF PAKISTAN -,Supreme Court of Pakistan,1992-01-01,47,headnote_only,headnote_only,unknown
1991_PLD_SCAJK_35,PLD 1991 AJ&K SC 35,GHULAM NABI VS IMTIAZ BUTT -,Supreme Court of Azad Jammu & Kashmir,1991-01-01,158,headnote_only,headnote_only,unknown
2011_SCMR_333,2011 SCMR 333,Ejaz Ali Bughti v. P. T. C. L.,Supreme Court of Pakistan,2011-01-01,184,headnote_only,headnote_only,unknown
2011_SCMR_361,2011 SCMR 361,"Commissioner Of Income Tax, Zone B, Peshawar v. Zabeel Palace Hotel, Peshawar",Supreme Court of Pakistan,2011-01-01,180,headnote_only,headnote_only,unknown
2008_SCMR_656,2008 SCMR 656,Miss Rahat Afroze v. The State,Supreme Court of Pakistan,2008-01-01,163,headnote_only,headnote_only,appeal_dismissed
2011_SCMR_420,2011 SCMR 420,"Syed Zia Haider Rizvi v. Deputy Commissioner Of Wealth Tax, Lahore",Supreme Court of Pakistan,2011-01-01,292,headnote_only,headnote_only,unknown
2011_SCMR_554,2011 SCMR 554,Tariq Ali Baqar v. New Goodwill Computers,Supreme Court of Pakistan,2011-01-01,263,headnote_only,headnote_only,appeal_allowed
2011_SCMR_505,2011 SCMR 505,"Action Regarding Violation Of Public Procurement Rules', 2004 Vs",Supreme Court of Pakistan,2011-01-01,208,headnote_only,headnote_only,unknown
2011_SCMR_546,2011 SCMR 546,Sanobar Khan v. Government Of N.-W.F.P. Through The Chief Secretary,Supreme Court of Pakistan,2011-01-01,205,headnote_only,headnote_only,unknown
2011_SCMR_624,2011 SCMR 624,Gul Alam v. The State Through Advocate-General N.-W.F.P.; Peshawar,Supreme Court of Pakistan,2011-01-01,244,headnote_only,headnote_only,unknown
2011_SCMR_606,2011 SCMR 606,"Abdul Hameed v. Zahid Hussain Alias Papu Chaman Patiwala - Mehmood A. Qureshi , Nemo",Supreme Court of Pakistan,2011-01-01,212,headnote_only,headnote_only,petition_dismissed
2011_SCMR_829,2011 SCMR 829,The State Through Director,Supreme Court of Pakistan,2011-01-01,152,headnote_only,headnote_only,unknown
2011_SCMR_585,2011 SCMR 585,Muhammad Riaz Akhtar v. Secretary To Govt. Of Punjab,Supreme Court of Pakistan,2011-01-01,246,headnote_only,headnote_only,unknown
2011_SCMR_808,2011 SCMR 808,Muhammad Miskeen v. Noor Muhammad,Supreme Court of Pakistan,2011-01-01,274,headnote_only,headnote_only,petition_dismissed
2011_SCMR_856,2011 SCMR 856,Qamar-Uz-Zaman Alias Kala v. The State,Supreme Court of Pakistan,2011-01-01,178,headnote_only,headnote_only,unknown
2008_SCMR_657,2008 SCMR 657,Nawab Din v. Giani,Supreme Court of Pakistan,2008-01-01,149,headnote_only,headnote_only,appeal_dismissed
2008_SCMR_757,2008 SCMR 757,"Mst. Sharifan Bibi v. Malik Sharif Parvez - Sh. Abdul Aziz, Advocate Supreme Court And Tanvi Ahmad , Ch. Mehdi Khan Mehtab",Supreme Court of Pakistan,2008-01-01,164,headnote_only,headnote_only,appeal_dismissed
2011_SCMR_659,2011 SCMR 659,Muhammad Ramzan v. Ghulam Qadir,Supreme Court of Pakistan,2011-01-01,283,headnote_only,headnote_only,leave_refused
2011_SCMR_670,2011 SCMR 670,Gul Muhammad v. The State,Supreme Court of Pakistan,2011-01-01,273,headnote_only,headnote_only,leave_granted
2011_SCMR_925,2011 SCMR 925,Muhammad Akram v. The State,Supreme Court of Pakistan,2011-01-01,152,headnote_only,headnote_only,unknown
2011_SCMR_984,2011 SCMR 984,Gul Badshah v. The State,Supreme Court of Pakistan,2011-01-01,218,headnote_only,headnote_only,leave_granted
2011_SCMR_893,2011 SCMR 893,Muhammad Yaqoob v. The State,Supreme Court of Pakistan,2011-01-01,244,headnote_only,headnote_only,unknown
1969_PLD_BAGH_1,1969 PLD 1,H. ALLAH BUX VS GHULAM HAIDER -,Baghdad Ul Jadid,1969-01-01,125,headnote_only,headnote_only,unknown
2011_SCMR_705,2011 SCMR 705,Khan Muhammad v. The State,Supreme Court of Pakistan,2011-01-01,264,headnote_only,headnote_only,leave_granted
2011_SCMR_758,2011 SCMR 758,Hazara v. Muhammad Yar,Supreme Court of Pakistan,2011-01-01,291,headnote_only,headnote_only,leave_granted
2011_SCMR_958,2011 SCMR 958,Anwar Sajid v. Abdul Rashid Khan,Supreme Court of Pakistan,2011-01-01,251,headnote_only,headnote_only,unknown
2011_SCMR_972,2011 SCMR 972,Rab Nawaz Ahmed v. Mst. Hasina Iqbal,Supreme Court of Pakistan,2011-01-01,187,headnote_only,headnote_only,petition_dismissed
2011_SCMR_1028,2011 SCMR 1028,Muhammad Khan v. Wapda Through Project Director,Supreme Court of Pakistan,2011-01-01,216,headnote_only,headnote_only,unknown
2011_SCMR_1117,2011 SCMR 1117,Pakistan' Television Corp. Ltd. v. Capital Development Authority,Supreme Court of Pakistan,2011-01-01,296,headnote_only,headnote_only,appeal_dismissed
