case_id,citation,case_title,court_name,decision_date,word_count,effective_stored_type,detected_type,parsed_outcome
2004_YLR_201,2004 YLR 201,"63	2004 YLR 201	DARYA KHAN VS THE STATE - Honorable Justice Mushir Alam - Muhammad Ayaz Soomro , Muhammad Bachal Tonyo	KARACHI-HIGH-COURT-SINDH",High Court of Sindh,2004-01-01,280,headnote_only,order_text,unknown
2006_YLR_1226,2006 YLR 1226,"395	2006 YLR 1226	ABDUL HAQ VS State - Honorable Justice Sardar Muhammad Aslam - Nemo , Shahzadi Parveen	LAHORE-HIGH-COURT-LAHORE",Supreme Court of Pakistan,2006-01-01,271,headnote_only,order_text,unknown
2006_YLR_148,2006 YLR 148,"57	2006 YLR 148	PHUL PIR SHAH VS State - Honorable Justice M. Bilal Khan - Malik Muhammad Akram Khan Awan , Shahzad Hassan	LAHORE-HIGH-COURT-LAHORE",Supreme Court of Pakistan,2006-01-01,42,headnote_only,order_text,unknown
2006_YLR_1784,2006 YLR 1784,"606	2006 YLR 1784	MUMTAZ alias TAJ VS State - Honorable Justice KHAWAJA MUHAMMAD SHARIF - Rana Muhammad Nazeer Saeed , Rao Atif Nawaz	LAHORE-HIGH-COURT-LAHORE",High Court of Sindh,2006-01-01,129,headnote_only,order_text,unknown
2006_YLR_1571,2006 YLR 1571,"529	2006 YLR 1571	KHAN MUHAMMAD VS State - Honorable Justice Mushir Alam - Jai Jai Veshnu , Mushtaque Ahmed Kourejo	KARACHI-HIGH-COURT-SINDH",High Court of Sindh,2006-01-01,149,headnote_only,order_text,unknown
2006_YLR_2015,2006 YLR 2015,"692	2006 YLR 2015	GHULAM RASUL VS Mst. GOHRAN BIBI through Representatives - Honorable Justice Mian Hamid Farooq - Naseer Uddin Khan Nayyar , Hasnat Ahmad Khan	LAHORE-HIGH-COURT-LAHORE",Supreme Court of Pakistan,2006-01-01,134,headnote_only,order_text,unknown
2006_YLR_1939,2006 YLR 1939,662	2006 YLR 1939	MUHAMMAD SHARIF VS QUTBA - Honorable Justice Muhammad Akhtar Shabbir - Mian Muhammad Tayyab Watto	LAHORE-HIGH-COURT-LAHORE,Supreme Court of Pakistan,2006-01-01,41,headnote_only,order_text,unknown
2006_YLR_1950,2006 YLR 1950,666	2006 YLR 1950	Hafiz MUHAMMAD JAMIL NASIR VS DISTRICT RETURNING OFFICER,Supreme Court of Pakistan,2006-01-01,41,headnote_only,order_text,unknown
2006_YLR_1942,2006 YLR 1942,"663	2006 YLR 1942	EJAZ AHMED VS JUDGE, FAMILY COURT - Honorable Justice Muhammad Muzammal Khan - Rana Muhammad Akram Khan , Parvez I. Mir	LAHORE-HIGH-COURT-LAHORE",Supreme Court of Pakistan,2006-01-01,41,headnote_only,order_text,unknown
2006_YLR_1899,2006 YLR 1899,"645	2006 YLR 1899	MUHAMMAD YOUSAF VS ALLAH DITTA - Honorable Justice Jawwad S. Khawaja - Abdul Wahid Chaudhry , Mian Abbas Akhtar and Mustafa Bhatti	LAHORE-HIGH-COURT-LAHORE",Supreme Court of Pakistan,2006-01-01,41,headnote_only,order_text,unknown
2006_YLR_1900,2006 YLR 1900,646	2006 YLR 1900	ZUBAIR AHMAD VS SHAHID MIRZA - Honorable Justice MIAN HAMID FAROOQ - Arif Chaudhry	LAHORE-HIGH-COURT-LAHORE,Lahore High Court,2006-01-01,130,headnote_only,order_text,unknown
2006_YLR_1892,2006 YLR 1892,"644	2006 YLR 1892	MUHAMMAD TUFAIL VS State - Honorable Justice MUHAMMAD FARRUKH MAHMUD - Muhammad Asif Munir Kainth , Malik Muhammad Suleman Awan	LAHORE-HIGH-COURT-LAHORE",Supreme Court of Pakistan,2006-01-01,41,headnote_only,order_text,unknown
2006_YLR_1891,2006 YLR 1891,"643	2006 YLR 1891	MUHAMMAD HANIF VS State - Honorable Justice Sh. Hakim Ali - Sardar Riaz Ahmad Dahir , Mohsin Rasheed	LAHORE-HIGH-COURT-LAHORE",Supreme Court of Pakistan,2006-01-01,136,headnote_only,order_text,unknown
2006_YLR_2042,2006 YLR 2042,"698	2006 YLR 2042	KASHIF ALI VS State - Honorable Justice Sardar Muhammad Aslam - Ch. Ishtiaq Ahmad , Rana Muhammad Shabir	LAHORE-HIGH-COURT-LAHORE",Supreme Court of Pakistan,2006-01-01,269,headnote_only,order_text,petition_allowed
2006_YLR_1871,2006 YLR 1871,"638	2006 YLR 1871	SARFRAZ VS State - Honorable Justice Syed Sakhi Hussain Bokhari - Ch. Muhammad Arif Bhinder , Ch. Liaqat Ali	LAHORE-HIGH-COURT-LAHORE",Supreme Court of Pakistan,2006-01-01,41,headnote_only,order_text,unknown
2006_YLR_1860,2006 YLR 1860,"632	2006 YLR 1860	MUHAMMAD LATIF VS State - Honorable Justice KHAWAJA MUHAMMAD SHARIF - Tanvir Haider Buzdar , Khan Atta Ullah Khan Tareen	LAHORE-HIGH-COURT-LAHORE",Supreme Court of Pakistan,2006-01-01,41,headnote_only,order_text,unknown
2006_YLR_1863,2006 YLR 1863,"633	2006 YLR 1863	MUBARIK ALI VS State - Honorable Justice Nazir Ahmed Siddiqui - Tariq Zulfiqar Ali Ch. , Sh. Arshad Ali	LAHORE-HIGH-COURT-LAHORE",Supreme Court of Pakistan,2006-01-01,138,headnote_only,order_text,unknown
2006_YLR_1866,2006 YLR 1866,"635	2006 YLR 1866	SHAHID ALI VS State - Honorable Justice Sh. Javaid Sarfraz - Mian Ahmad Mehmood , Sabir Ali Qureshi	LAHORE-HIGH-COURT-LAHORE",Supreme Court of Pakistan,2006-01-01,41,headnote_only,order_text,unknown
2006_YLR_1875,2006 YLR 1875,"640	2006 YLR 1875	JAMIL AHMED VS State - Honorable Justice Muhammad Farrukh Mahmud - Muhammad Zahid Khan , Ghazanfar Ali Khan	LAHORE-HIGH-COURT-LAHORE",High Court of Sindh,2006-01-01,129,headnote_only,order_text,unknown
2006_YLR_1831,2006 YLR 1831,"619	2006 YLR 1831	AMANAT ALI VS ADDITIONAL SESSIONS JUDGE, LAHORE - Honorable Justice M. Bilal Khan - Rana Muhammad Arif , Ch. Aamir Rehman, A.A.-G. assisted by Tanvir Ahmad Shami with Ikram-ul-Haq	LAHORE-HIGH-COURT-LAHORE",High Court of Sindh,2006-01-01,134,headnote_only,order_text,unknown
2006_YLR_1826,2006 YLR 1826,"616	2006 YLR 1826	MUDASSAR AHMED KHAN VS ATTIQUE AHMED - Honorable Justice Khawaja Muhammad Sharif - Niaz Ahmad Khan , Shahzad Shaukat	LAHORE-HIGH-COURT-LAHORE",Supreme Court of Pakistan,2006-01-01,41,headnote_only,order_text,unknown
2006_YLR_2696,2006 YLR 2696,914	2006 YLR 2696	MUHAMMAD INAYAT VS State - Honorable Justice MIAN MUHAMMAD NAJAM,Supreme Court of Pakistan,2006-01-01,41,headnote_only,order_text,unknown
2006_YLR_2510,2006 YLR 2510,"867	2006 YLR 2510	RIZWAN VS State - Honorable Justice Mrs. Yasmin Abbasey - Syed Madad Ally Shah , Anwar H. Ansari	KARACHI-HIGH-COURT-SINDH",High Court of Sindh,2006-01-01,287,headnote_only,order_text,unknown
2006_YLR_3176,2006 YLR 3176,"1099	2006 YLR 3176	DEWAN VS State - Honorable Justice Azizullah M. Memon - Jai Jai Veshno, Mange Ram , Mushtaq Ahmed Abbasi	KARACHI-HIGH-COURT-SINDH",High Court of Sindh,2006-01-01,296,headnote_only,order_text,unknown
2007_YLR_222,2007 YLR 222,"61	2007 YLR 222	MUHAMMAD MUMTAZ VS State - Honorable Justice Khawaja Muhammad Sharif - Saif ul Malook , M. R. Awan	LAHORE-HIGH-COURT-LAHORE",High Court of Sindh,2007-01-01,130,headnote_only,order_text,unknown
2007_YLR_3012,2007 YLR 3012,998	2007 YLR 3012	Mst. ZEENAT alias BABY alias MADAM VS State - Honorable Justice MIAN MUHAMMAD NAJUM,Supreme Court of Pakistan,2007-01-01,134,headnote_only,order_text,unknown
2007_YLR_3029,2007 YLR 3029,"1003	2007 YLR 3029	MUHAMMAD NAWAZ VS State - Honorable Justice Muhammad Farrukh Mahmud - Sardar Riaz Ahmad Dahar , Ch. Haq Nawaz, DDPP	LAHORE-HIGH-COURT-LAHORE",High Court of Sindh,2007-01-01,132,headnote_only,order_text,unknown
2007_YLR_3027,2007 YLR 3027,"1002	2007 YLR 3027	AHSAN SABIR VS State - Honorable Justice Asif Saeed Khan Khosa - Nadeem Shibli , Muhammad Siddique	LAHORE-HIGH-COURT-LAHORE",Supreme Court of Pakistan,2007-01-01,42,headnote_only,order_text,unknown
2007_YLR_2723,2007 YLR 2723,876	2007 YLR 2723	SULTAN AHMED VS State - Honorable Justice Sh. Javaid Sarfraz - M. A. Zafar	LAHORE-HIGH-COURT-LAHORE,High Court of Sindh,2007-01-01,129,headnote_only,order_text,unknown
2007_YLR_431,2007 YLR 431,"150	2007 YLR 431	ABDUL REHMAN VS State - Honorable Justice Syed Sajjad Hussain Shah - Babar Waheed , Zafar Iqbal Chowhan	LAHORE-HIGH-COURT-LAHORE",Supreme Court of Pakistan,2007-01-01,42,headnote_only,order_text,unknown
2007_YLR_411,2007 YLR 411,"145	2007 YLR 411	NASIR MEHMOOD VS State - Honorable Justice Abdul Shakoor Paracha - Malik Rab Nawaz Noon , Mudassar Khalid Abbasi A.A.-G. for the State along with Sabir Khan	LAHORE-HIGH-COURT-LAHORE",Supreme Court of Pakistan,2007-01-01,136,headnote_only,order_text,unknown
2007_YLR_409,2007 YLR 409,"144	2007 YLR 409	MUHAMMAD SARWAR VS MUHAMMAD RIAZ - Honorable Justice M. Bilal Khan - Shahid Hameed Dar , Muhammad Farooq Bedar	LAHORE-HIGH-COURT-LAHORE",Supreme Court of Pakistan,2007-01-01,42,headnote_only,order_text,unknown
2007_YLR_384,2007 YLR 384,"126	2007 YLR 384	ROZDAR KHAN VS State - Honorable Justice M.A. Shahid Siddiqui - Muhammad Akram Javaid , Miss Tehseen Irfan	LAHORE-HIGH-COURT-LAHORE",Supreme Court of Pakistan,2007-01-01,131,headnote_only,order_text,unknown
2007_YLR_387,2007 YLR 387,"129	2007 YLR 387	MUHAMMAD YOUSAF VS State - Honorable Justice Sh. Abdul Rashid and Syed Shabbar Raza Rizvi - Mazhar Hussain Tahir , Walayat Umar	LAHORE-HIGH-COURT-LAHORE",Supreme Court of Pakistan,2007-01-01,42,headnote_only,order_text,unknown
para. 1-A-Person submitting belated form for allotment of shop-Auction of property having been ordered_S. 10-SETTLEMENT SCHEME NO. VIII_1,para. 1-A-Person submitting belated form for allotment of shop-Auction of property having been ordered S. 10-SETTLEMENT SCHEME NO. VIII 1,Held,Court of Record,,16,headnote_only,order_text,unknown
r. 3 & O. 11_O. 1_1,r. 3 & O. 11 O. 1 1,Possession And Mesne Profits Sought-Joint Causes Of Action-Effect-Since No Person Could Be Joined As Plaintiff Without His Consent And Even If,Court of Record,,12,headnote_only,order_text,unknown
r. 4-Recovery of possession of immovable property-Relief of partition in such suit-Leave of Court-Principle explained Provision of O. VII_O. VII_1,r. 4-Recovery of possession of immovable property-Relief of partition in such suit-Leave of Court-Principle explained Provision of O. VII O. VII 1,C. P. C Does Not Permit Without Leave Of Court Any Cause Of Action To Be Joined With Suit For Recovery Of Possession Of Immovable Property Excepting Claim For Mesne Profits Or Damages-Plaintiff Had Moved For Amendment Of Plaint,Court of Record,,22,headnote_only,order_text,unknown
r. 1-Issue-Omission to record separate finding on issue-Effect-if by such omission no prejudice was caused to any party and issue was considered in judgment_O. XIV_1,r. 1-Issue-Omission to record separate finding on issue-Effect-if by such omission no prejudice was caused to any party and issue was considered in judgment O. XIV 1,Held,Court of Record,,4,headnote_only,order_text,unknown
held_S. 302/307-RECOVERY-NO CRIME EMPTY PICKED UP FROM SPOT RECOVERY OF FIREARM_1,held S. 302/307-RECOVERY-NO CRIME EMPTY PICKED UP FROM SPOT RECOVERY OF FIREARM 1,An Old Lady And A Boy,Court of Record,,11,headnote_only,order_text,unknown
439 & 561-ARevision Enhancement of sentence - Accused upon hearing_SS. 435_1,439 & 561-ARevision Enhancement of sentence - Accused upon hearing SS. 435 1,About Death Of His Brother From Victim,Court of Record,,32,headnote_only,order_text,unknown
S. 81-Disputed claim cannot be recovered as arrears under S. 81 unless determined and established-Notice under S. 81; West Pakistan Land Revenue Act_ART. 199-WEST PAKISTAN LAND REVENUE ACT (XVII OF 1967)_1,S. 81-Disputed claim cannot be recovered as arrears under S. 81 unless determined and established-Notice under S. 81; West Pakistan Land Revenue Act ART. 199-WEST PAKISTAN LAND REVENUE ACT (XVII OF 1967) 1,Claim On Whom Admittedly Was Disputed On Several Grounds,Court of Record,,10,headnote_only,order_text,unknown
2011_PLD_593,2011 PLD 593,Samina Akhtar v. Irfan Farooq,Court of Record,2011-01-01,209,headnote_only,order_text,unknown
2011_PLD_599,2011 PLD 599,Nasir Ali v. Umar Draz,Court of Record,2011-01-01,209,headnote_only,order_text,unknown
2010_PLD_29,2010 PLD 29,Ch. Muhammad Riasit v. Muhammad Asghar,Court of Record,2010-01-01,209,headnote_only,order_text,unknown
held_S. 13-DEFAULT-DELAY IN PAYMENT OF RENT-EJECTMENT-PRACTICE OF ATTORNEY OF LANDLORD OF COLLECTING ACCUMULATED RENTS_1,held S. 13-DEFAULT-DELAY IN PAYMENT OF RENT-EJECTMENT-PRACTICE OF ATTORNEY OF LANDLORD OF COLLECTING ACCUMULATED RENTS 1,Held,Court of Record,,23,headnote_only,order_text,unknown
95 & 96 - Insurance_SS. 94_1,95 & 96 - Insurance SS. 94 1,Held,Court of Record,,23,headnote_only,order_text,unknown
S. 2(12)-Leave to appeal granted to petitioners who claimed to be local occupants of a shop which stood transferred to respondent_ART. 185(3)-DISPLACED PERSONS (COMPENSATION AND REHABILITATION) ACT (XXVIII OF 1958)_1,S. 2(12)-Leave to appeal granted to petitioners who claimed to be local occupants of a shop which stood transferred to respondent ART. 185(3)-DISPLACED PERSONS (COMPENSATION AND REHABILITATION) ACT (XXVIII OF 1958) 1,Inter Alia Whether Jurisdictional Requirements Of Second Proviso To Subsection (12) Of S. 2,Court of Record,,7,headnote_only,order_text,unknown
1979_HOUSE BUILDING FINANCE CORPORATION ACT 1952 ----SS.24(11)(12)(18) & (20)---INVESTMENT REGULATIONS_1,1979 HOUSE BUILDING FINANCE CORPORATION ACT 1952 ----SS.24(11)(12)(18) & (20)---INVESTMENT REGULATIONS 1,Art.203-F---Repugnancy To Injunctions Of Islam---Process Laid Down For Assessment Of The Rental Income And Fixation Of The Share Of Corporation Therein Being Arbitrary And Against The Spirit Of Partnership,Court of Record,1979-01-01,28,headnote_only,order_text,unknown
2010_PLD_692,2010 PLD 692,"Rafi Ahmed v. Special Judge, Central, Lahore",Court of Record,2010-01-01,209,headnote_only,order_text,unknown
1979_INVESTMENT REGULATIONS 1979 ----SS.24(11)(12)(18) & (20)---INVESTMENT REGULATIONS_1,1979 INVESTMENT REGULATIONS 1979 ----SS.24(11)(12)(18) & (20)---INVESTMENT REGULATIONS 1,Art.203-F---Repugnancy To Injunctions Of Islam---Process Laid Down For Assessment Of The Rental Income And Fixation Of The Share Of Corporation Therein Being Arbitrary And Against The Spirit Of Partnership,Court of Record,1979-01-01,28,headnote_only,order_text,unknown
"though required to be established as fact_MUHAMMADAN LAW - MARRIAGE - """"KHIAR-UL-BALOOGH"""" (OPTION OF PUBERTY)-NECESSARY CONDITIONS ONLY TWO: (I) REPUDIATION BEFORE AGE OF 18 AND (II) NON-CONSUMMATION OF MARRIAGE-REPUDIATION_1","though required to be established as fact MUHAMMADAN LAW - MARRIAGE - """"KHIAR-UL-BALOOGH"""" (OPTION OF PUBERTY)-NECESSARY CONDITIONS ONLY TWO: (I) REPUDIATION BEFORE AGE OF 18 AND (II) NON-CONSUMMATION OF MARRIAGE-REPUDIATION 1",Despite Efforts Of Husband,Court of Record,,16,headnote_only,order_text,unknown
Ss. 2(c) & 7-Clause (ccc)_S. 60(1)(CCC) READ WITH WEST PAKISTAN RELIEF OF INDEBTEDNESS ORDINANCE (XV OF 1960)_1,Ss. 2(c) & 7-Clause (ccc) S. 60(1)(CCC) READ WITH WEST PAKISTAN RELIEF OF INDEBTEDNESS ORDINANCE (XV OF 1960) 1,C. P. C. Stands Repealed In View Of Different Intention Manifest From S. 7,Court of Record,,6,headnote_only,order_text,unknown
S. 8---Sale-Mutation_SS. 21 & 30 (1) AND PUNJAB AGRICULTURAL INCOME-TAX ACT (XVI OF 1951)_1,S. 8---Sale-Mutation SS. 21 & 30 (1) AND PUNJAB AGRICULTURAL INCOME-TAX ACT (XVI OF 1951) 1,However,Court of Record,,29,headnote_only,order_text,unknown
S. 8---Sale-Mutation_PUNJAB PRE-EMPTION ACT 1913 SS. 21 & 30 (1) AND PUNJAB AGRICULTURAL INCOME-TAX ACT (XVI OF 1951)_1,S. 8---Sale-Mutation PUNJAB PRE-EMPTION ACT 1913 SS. 21 & 30 (1) AND PUNJAB AGRICULTURAL INCOME-TAX ACT (XVI OF 1951) 1,However,Court of Record,,29,headnote_only,order_text,unknown
Preamble---Oath of Office of (Judges) Order (1 of 2000)_CONSTITUTION OF PAKISTAN 1973 ----ART.184---PROVISIONAL CONSTITUTION ORDER (1 OF 1999)_1,Preamble---Oath of Office of (Judges) Order (1 of 2000) CONSTITUTION OF PAKISTAN 1973 ----ART.184---PROVISIONAL CONSTITUTION ORDER (1 OF 1999) 1,Does Not In Any Way Restrict The Power Of Judicial Review Of Supreme Court Whereunder The Court Has An Inherent Power To Interpret Any Provision Of The Constitution Or Any Other Legislative Instrument Or Law,Court of Record,,45,headnote_only,order_text,unknown
no doubt remained to take a view that material sent to the Chemical Examiner was charas---Case of prosecution_S. 9(C)---APPRECIATION OF EVIDENCE---CHEMICAL EXAMINER'S REPORT REVEALED THAT IT WAS NOT PERCEIVABLE THAT MATERIAL RECOVERED FROM THE POSSESSION OF ACCUSED WAS CHARAS---AFTER SUCH NEGATIVE REPORT FROM THE CHEMICAL EXAMINER_1,no doubt remained to take a view that material sent to the Chemical Examiner was charas---Case of prosecution S. 9(C)---APPRECIATION OF EVIDENCE---CHEMICAL EXAMINER'S REPORT REVEALED THAT IT WAS NOT PERCEIVABLE THAT MATERIAL RECOVERED FROM THE POSSESSION OF ACCUSED WAS CHARAS---AFTER SUCH NEGATIVE REPORT FROM THE CHEMICAL EXAMINER 1,But Nowhere In The Entire Evidence,Court of Record,,41,headnote_only,order_text,unknown
Conduct of General Elections Order 2002--8_CHIEF EXECUTIVE ORDER 7_1,Conduct of General Elections Order 2002--8 CHIEF EXECUTIVE ORDER 7 1,Constitutional Petition--Term,Court of Record,,6,headnote_only,order_text,unknown
Art.8(a)---Constitution of Pakistan (1973)_S. 99(CC)---CONDUCT OF GENERAL ELECTIONS ORDER (7 OF 2002)_1,Art.8(a)---Constitution of Pakistan (1973) S. 99(CC)---CONDUCT OF GENERAL ELECTIONS ORDER (7 OF 2002) 1,Would Educationally Qualify A Candidate To Contest The Election For The Assembly-,Court of Record,,12,headnote_only,order_text,unknown
Ss.6_S. 497(2)---CONTROL OF NARCOTIC SUBSTANCES ACT (XXV OF 1997)_1,Ss.6 S. 497(2)---CONTROL OF NARCOTIC SUBSTANCES ACT (XXV OF 1997) 1,Grant Of---Further Inquiry---Charas In Question Was Found In The Shape Of Five Separate Slabs/Patties,Court of Record,,21,headnote_only,order_text,unknown
Art.203-D---Acquisition of private property-Payment of compensation---Petition to Federal Shariat Court---State was not empowered to acquire private property without the consent of the owner; in case it was acquired in dire need or in exceptional circumstances_SS. 4 & 13---CONSTITUTION OF PAKISTAN (1973)_1,Art.203-D---Acquisition of private property-Payment of compensation---Petition to Federal Shariat Court---State was not empowered to acquire private property without the consent of the owner; in case it was acquired in dire need or in exceptional circumstances SS. 4 & 13---CONSTITUTION OF PAKISTAN (1973) 1,Was Directed To Pay Compensation To The Petitioners/Owners,Court of Record,,22,headnote_only,order_text,unknown
S. 417(2)--- Appeal against acquittal---Trial Court had acquitted accused on appraisal of evidence and had come to the findings; that proceedings relating to the property were pending before the High Court and the Supreme Court_S.3(2)---CRIMINAL PROCEDURE CODE (V OF 1898)_1,S. 417(2)--- Appeal against acquittal---Trial Court had acquitted accused on appraisal of evidence and had come to the findings; that proceedings relating to the property were pending before the High Court and the Supreme Court S.3(2)---CRIMINAL PROCEDURE CODE (V OF 1898) 1,Board Of Revenue; That The Order Of Executive District Officer (Revenue) With Regard To Partition Of Property In Question,Court of Record,,11,headnote_only,order_text,remanded
Criminal Procedure Code (Cr.P.C) 1898--497_ANTI-TERRORISM ACT 1997--21-D_1,Criminal Procedure Code (Cr.P.C) 1898--497 ANTI-TERRORISM ACT 1997--21-D 1,Pakistan Penal Code 1860--149,Court of Record,,4,headnote_only,order_text,unknown
S.21-D(2)(3) & (4)---Penal Code (XLV of 1860)_S. 497---ANTI-TERRORISM ACT (XXVII OF 1997)_1,S.21-D(2)(3) & (4)---Penal Code (XLV of 1860) S. 497---ANTI-TERRORISM ACT (XXVII OF 1997) 1,Grant Of---Offences Of Highway Robbery,Court of Record,,33,headnote_only,order_text,unknown
S.21-D(2)(3)(4)---Penal Code (XLV of 1860)_S. 497---ANTI-TERRORISM ACT (XXVII OF 1997)_1,S.21-D(2)(3)(4)---Penal Code (XLV of 1860) S. 497---ANTI-TERRORISM ACT (XXVII OF 1997) 1,Grant Of---Question As To Whether The Complainant,Court of Record,,6,headnote_only,order_text,unknown
S.21-D(2)(3) & (4)--Penal Code (XLV of 1860)_S. 497---ANTI-TERRORISM ACT (XXVII OF 1997)_1,S.21-D(2)(3) & (4)--Penal Code (XLV of 1860) S. 497---ANTI-TERRORISM ACT (XXVII OF 1997) 1,Grant Of---Offences Of Highway Robbery,Court of Record,,13,headnote_only,order_text,unknown
Functions and Powers) Act_NORTH-WEST FRONTIER PROVINCE PROSECUTION SERVICE (CONSTITUTION_1,Functions and Powers) Act NORTH-WEST FRONTIER PROVINCE PROSECUTION SERVICE (CONSTITUTION 1,North,Court of Record,,4,headnote_only,order_text,unknown
1979_PLD_441,1979 PLD 441,Abdul Ghafoor v. Sind Labour Court No Iv Karachi -  Karachi-High-Court-Sindh,Court of Record,1979-01-01,286,headnote_only,order_text,unknown
1979_PLD_443,1979 PLD 443,Divisional Superintendent Pakistan Railway Karachi v. Labour Court No Vi Hyderabad -  Karachi-High-Court-Sindh,Court of Record,1979-01-01,291,headnote_only,order_text,unknown
1979_PLD_444,1979 PLD 444,Macdonald Layton & Co Ltd v. Airports Development Agency Ltd -  Karachi-High-Court-Sindh,Court of Record,1979-01-01,235,headnote_only,order_text,unknown
S.9---Superdari of vehicle---Application for custody of car in question on `superdari' was rejected---Case of petitioner was that he was owner of the car in_S. 517---CONTROL OF NARCOTIC SUBSTANCES ACT (XXV OF 1997)_1,S.9---Superdari of vehicle---Application for custody of car in question on `superdari' was rejected---Case of petitioner was that he was owner of the car in S. 517---CONTROL OF NARCOTIC SUBSTANCES ACT (XXV OF 1997) 1,Which Was An Unsigned Document Which Was Not Signed Either By Said Dealer Or By The Petitioner---Car In Question Was A Case Property In A Criminal Case,Court of Record,,19,headnote_only,order_text,unknown
369_SS. 561-A_1,369 SS. 561-A 1,Revoke Or Alter Its Own Order/Judgment---Scope-,Court of Record,,5,headnote_only,order_text,unknown
Marriage and Insolvency of Parties O. XXII_CIVIL PROCEDURE CODE --ORDER XXII OF C.P.C. DEATH_1,Marriage and Insolvency of Parties O. XXII CIVIL PROCEDURE CODE --ORDER XXII OF C.P.C. DEATH 1,Held,Court of Record,,2,headnote_only,order_text,unknown
S. 3---Balochistan Service Tribunals Act (V of 1974)_S. 3---PUNJAB SERVICE TRIBUNALS ACT (IX OF 1974)_1,S. 3---Balochistan Service Tribunals Act (V of 1974) S. 3---PUNJAB SERVICE TRIBUNALS ACT (IX OF 1974) 1,S. 3-,Court of Record,,5,headnote_only,order_text,unknown
Guidelines--Term_BALUCHISTAN SERVICE TRIBUNALS ACT 1974--3_1,Guidelines--Term BALUCHISTAN SERVICE TRIBUNALS ACT 1974--3 1,Punjab Service Tribunals Act 1974--3-A,Court of Record,,4,headnote_only,order_text,unknown
Financial autonomy--Term_BALUCHISTAN SERVICE TRIBUNALS ACT 1974--3_1,Financial autonomy--Term BALUCHISTAN SERVICE TRIBUNALS ACT 1974--3 1,Punjab Service Tribunals Act 1974--3,Court of Record,,4,headnote_only,order_text,unknown
Federal Service Tribunal Chairman and Members Rules 1983--RULE_BALUCHISTAN SERVICE TRIBUNALS ACT 1974--3_1,Federal Service Tribunal Chairman and Members Rules 1983--RULE BALUCHISTAN SERVICE TRIBUNALS ACT 1974--3 1,Procedure--Term,Court of Record,,5,headnote_only,order_text,unknown
Cr.P.C_S. 426---APPLICATION FOR SUSPENSION OF SENTENCE DURING PENDENCY OF APPEAL---APPRECIATION OF EVIDENCE---SCOPE---WHILE HEARING AN APPLICATION UNDER S.426_1,Cr.P.C S. 426---APPLICATION FOR SUSPENSION OF SENTENCE DURING PENDENCY OF APPEAL---APPRECIATION OF EVIDENCE---SCOPE---WHILE HEARING AN APPLICATION UNDER S.426 1,Deeper Appraisal Of Evidence Was To Be Avoided,Court of Record,,20,headnote_only,order_text,unknown
S. 320---Qatl-e-khata by rash or negligent driving---Suspension of sentence---Bail_S. 426---PENAL CODE (XLV OF 1860)_1,S. 320---Qatl-e-khata by rash or negligent driving---Suspension of sentence---Bail S. 426---PENAL CODE (XLV OF 1860) 1,Which Resulted In Her Death-,Court of Record,,15,headnote_only,order_text,unknown
grant of---Discretion of Appellate Court---Scope---Appellate Court's discretion to grant bail under S.426_S. 426---SUSPENSION OF SENTENCE DURING PENDENCY OF APPEAL---BAIL_1,grant of---Discretion of Appellate Court---Scope---Appellate Court's discretion to grant bail under S.426 S. 426---SUSPENSION OF SENTENCE DURING PENDENCY OF APPEAL---BAIL 1,But Like All Discretions Vested In Courts,Court of Record,,3,headnote_only,order_text,unknown
S. 367(5)---Qatl-e-amd---Punishment_S. 302(B)---CRIMINAL PROCEDURE CODE (V OF 1898)_1,S. 367(5)---Qatl-e-amd---Punishment S. 302(B)---CRIMINAL PROCEDURE CODE (V OF 1898) 1,Cr.P.C Sentence Of Death Was The Normal Sentence For A Case Of Murder---Validity-Section 302(B),Court of Record,,7,headnote_only,order_text,unknown
Offence of Zina (Enforcement of Hudood) Ordinance 1979--10_CRIMINAL PROCEDURE CODE (CR.P.C) 1898--514_1,Offence of Zina (Enforcement of Hudood) Ordinance 1979--10 CRIMINAL PROCEDURE CODE (CR.P.C) 1898--514 1,Offence Of Zina (Enforcement Of Hudood) Ordinance 1979--13,Court of Record,,8,headnote_only,order_text,unknown
Ss.10/11/13/14---Constitution of Pakistan_S. 514---OFFENCE OF ZINA (ENFORCEMENT OF HUDOOD) ORDINANCE (VII OF 1979)_1,Ss.10/11/13/14---Constitution of Pakistan S. 514---OFFENCE OF ZINA (ENFORCEMENT OF HUDOOD) ORDINANCE (VII OF 1979) 1,Abduction,Court of Record,,56,headnote_only,order_text,unknown
S.13---Anti-Terrorism Act (XXVII of 1997)_S. 5---WEST PAKISTAN ARMS ORDINANCE (XX OF 1965)_1,S.13---Anti-Terrorism Act (XXVII of 1997) S. 5---WEST PAKISTAN ARMS ORDINANCE (XX OF 1965) 1,Unlicensed Arms And Act Of Terrorism---Appreciation Of Evidence---Eleven Items Were Shown To Have Been Taken Into Possession On The Pointation Of Accused In The F.I.R.,Court of Record,,5,headnote_only,order_text,unknown
Ss.409/419/420/468/471/ 109/34---Criminal breach of trust by banker_S. 497(2)---PENAL CODE (XLV OF 1860)_1,Ss.409/419/420/468/471/ 109/34---Criminal breach of trust by banker S. 497(2)---PENAL CODE (XLV OF 1860) 1,Cheating And Dishonestly Inducing Delivery Of Property,Court of Record,,5,headnote_only,order_text,unknown
Ss.409/419/420/468/471/ 109/34---Criminal breach of trust by banker_S. 497---PENAL CODE (XLV OF 1860)_1,Ss.409/419/420/468/471/ 109/34---Criminal breach of trust by banker S. 497---PENAL CODE (XLV OF 1860) 1,Cheating And Dishonestly Inducing Delivery Of Property,Court of Record,,5,headnote_only,order_text,unknown
Criminal Procedure Code (Cr.P.C) 1898--167_CONSTITUTIONAL PETITION--TERM_1,Criminal Procedure Code (Cr.P.C) 1898--167 CONSTITUTIONAL PETITION--TERM 1,Criminal Procedure Code (Cr.P.C) 1898--61,Court of Record,,4,headnote_only,order_text,unknown
r. 11 and Limitation Act (IX of 1908)_S. 151 READ WITH O. XX_1,r. 11 and Limitation Act (IX of 1908) S. 151 READ WITH O. XX 1,In Exercise Of Powers Under S. 151,Court of Record,,5,headnote_only,order_text,unknown
S. 397---High Court (Lahore) Rules and Orders Vol.III_SS. 167 & 344---PENAL CODE (XLV OF 1860)_1,S. 397---High Court (Lahore) Rules and Orders Vol.III SS. 167 & 344---PENAL CODE (XLV OF 1860) 1,Part B,Court of Record,,4,headnote_only,order_text,unknown
Court Fees Act 1870--17_COURT FEES ACT 1870--1_1,Court Fees Act 1870--17 COURT FEES ACT 1870--1 1,Court Fees Act 1870--Second Sch,Court of Record,,4,headnote_only,order_text,unknown
Sched. II_SS. 18 & 26---COURT FEES ACT (VII OF 1870)_1,Sched. II SS. 18 & 26---COURT FEES ACT (VII OF 1870) 1,Art.1---Appeal Against Rejection Of Reference To Civil Court Made Under S.18 Of The Land Acquisition Act,Court of Record,,12,headnote_only,order_text,unknown
Art.129(g)---Qatl-e-amd_SS. 302(B)/324/148 & 149---QANUN-E-SHAHADAT (10 OF 1984)_1,Art.129(g)---Qatl-e-amd SS. 302(B)/324/148 & 149---QANUN-E-SHAHADAT (10 OF 1984) 1,Mere Report Of The Forensic Science Laboratory That Two Pistols Recovered From Co-Accused Were In Working Order,Court of Record,,46,headnote_only,order_text,unknown
324 & 148---Qatl-e-amd_SS. 302(B)_1,324 & 148---Qatl-e-amd SS. 302(B) 1,It Could Not Be Believed Against The Other,Court of Record,,8,headnote_only,order_text,unknown
r. 6-Civil suit-Counter claim_0. VIII_1,r. 6-Civil suit-Counter claim 0. VIII 1,Contention Even If True,Court of Record,,5,headnote_only,order_text,unknown
Ss. 59 & 136---Official Secrets Act (VIII of 1923)_SS. 382-B & 561-A---PAKISTAN ARMY ACT (XXXI OF 1952)_1,Ss. 59 & 136---Official Secrets Act (VIII of 1923) SS. 382-B & 561-A---PAKISTAN ARMY ACT (XXXI OF 1952) 1,Cr.P.C.,Court of Record,,12,headnote_only,order_text,unknown
Art.9---Capital Development Authority_PREAMBLE---CONSTITUTION OF PAKISTAN_1,Art.9---Capital Development Authority PREAMBLE---CONSTITUTION OF PAKISTAN 1,Established By Law,Court of Record,,16,headnote_only,order_text,unknown
right to acquire_ART. 9---RIGHT TO LIFE---CONCEPT---RIGHT TO LIFE INCLUDES RIGHT TO LIVELIHOOD_1,right to acquire ART. 9---RIGHT TO LIFE---CONCEPT---RIGHT TO LIFE INCLUDES RIGHT TO LIVELIHOOD 1,And Dispose Of Property,Court of Record,,6,headnote_only,order_text,unknown
Pakistan Penal Code 1860--148_CRIMINAL PROCEDURE CODE (CR.P.C) 1898--342_1,Pakistan Penal Code 1860--148 CRIMINAL PROCEDURE CODE (CR.P.C) 1898--342 1,Pakistan Penal Code 1860--324,Court of Record,,4,headnote_only,order_text,unknown
Constitution of Pakistan 1973--199_CODE OF CIVIL PROCEDURE 1908--11_1,Constitution of Pakistan 1973--199 CODE OF CIVIL PROCEDURE 1908--11 1,Provincially Administered Tribal Areas Civil Procedure (Special Provisions) Regulation 1975--4,Court of Record,,3,headnote_only,order_text,unknown
S. 345---Constitution of Pakistan (1973)_SS. 302 (B)/34---CRIMINAL PROCEDURE CODE (V OF 1898)_1,S. 345---Constitution of Pakistan (1973) SS. 302 (B)/34---CRIMINAL PROCEDURE CODE (V OF 1898) 1,Who Sought Permission To Compound The Offence---Validity--- Prosecution Witnesses Had Given Quite Accurate Account Of The Incident---Ocular Evidence Sustained The Test Of Cross Examination---Testimonies Of Eve Witnesses,Court of Record,,4,headnote_only,order_text,unknown
Ss.392/395/400/412---Bail_S. 497---PENAL CODE (XLV OF 1860)_1,Ss.392/395/400/412---Bail S. 497---PENAL CODE (XLV OF 1860) 1,Cr.P.C.---Challan Had Already Been Submitted Before The Court And Charge Had Also Been Framed---No Enmity Existed Between The Parties Which Could Suggest False Implication Of Accused In The Case---Accused Having Been Unable To Make Out His Case For Post-Arrest Bail,Court of Record,,5,headnote_only,order_text,petition_dismissed
threat or promise--Article 37 of the Qanun-e-Shahadat_QANUN-E-SHAHADAT ORDER 1984 ----ART. 37---CONFESSIONS CAUSED BY INDUCEMENT_1,threat or promise--Article 37 of the Qanun-e-Shahadat QANUN-E-SHAHADAT ORDER 1984 ----ART. 37---CONFESSIONS CAUSED BY INDUCEMENT 1,Threat Or Promise,Court of Record,,27,headnote_only,order_text,unknown
Provincial Motor Vehicles Ordinance 1965--50_CONSTITUTION OF PAKISTAN 1973--199_1,Provincial Motor Vehicles Ordinance 1965--50 CONSTITUTION OF PAKISTAN 1973--199 1,Provincial Motor Vehicles Ordinance 1965--61,Court of Record,,5,headnote_only,order_text,unknown
right to contest elections_ART. 17(2)---SCOPE---ARTICLE 17(2) OF THE CONSTITUTION INCLUDES A BROAD SWEEP OF POLITICAL RIGHTS LIKE THE RIGHT TO PARTICIPATE IN POLITICAL LIFE OF NATION_1,right to contest elections ART. 17(2)---SCOPE---ARTICLE 17(2) OF THE CONSTITUTION INCLUDES A BROAD SWEEP OF POLITICAL RIGHTS LIKE THE RIGHT TO PARTICIPATE IN POLITICAL LIFE OF NATION 1,"Right To """"One Man One Vote""""",Court of Record,,14,headnote_only,order_text,unknown
Fundamental Rights--TERM_CONSTITUTIONAL PETITION--TERM_1,Fundamental Rights--TERM CONSTITUTIONAL PETITION--TERM 1,Khyber Pakhtunkhwa Local Government Act 2013--55,Court of Record,,6,headnote_only,order_text,unknown
Ss. 324_ORDER ACCORDINGLY -- SS. 497 (5) & 497 (1) (2)-PENAL CODE (XLV OF 1860)_1,Ss. 324 ORDER ACCORDINGLY -- SS. 497 (5) & 497 (1) (2)-PENAL CODE (XLV OF 1860) 1,452,Court of Record,,8,headnote_only,order_text,unknown
Ss.302 & 34---Qatl-i-amd_SS. 369 & 561-A---PENAL CODE (XLV OF 1860)_1,Ss.302 & 34---Qatl-i-amd SS. 369 & 561-A---PENAL CODE (XLV OF 1860) 1,Cr.P.C.---Inherent Powers Of High Court Under S.561-A,Court of Record,,11,headnote_only,order_text,unknown
Financial institution--Term_CONSTITUTIONAL PETITION--TERM_1,Financial institution--Term CONSTITUTIONAL PETITION--TERM 1,Financial Institutions (Recovery Of Finances) Ordinance 2001--31,Court of Record,,4,headnote_only,order_text,unknown
Ss. 324_SS. 497 (5) & 497 (1) (2)-PENAL CODE (XLV OF 1860)_1,Ss. 324 SS. 497 (5) & 497 (1) (2)-PENAL CODE (XLV OF 1860) 1,452,Court of Record,,8,headnote_only,order_text,unknown
5(1) & 10(1)(ii)---Constitution of Pakistan (1973)_----SS. 2(1)(A)_1,5(1) & 10(1)(ii)---Constitution of Pakistan (1973) ----SS. 2(1)(A) 1,On Expiry Of Initial Periods,Court of Record,,4,headnote_only,order_text,unknown
S.7(a)-Evidence-Motive-Weakness or insufficiency of motive or even absence of motive in murder cases_S. 302(B)---ANTI-TERRORISM ACT (XXVII OF 1997)_1,S.7(a)-Evidence-Motive-Weakness or insufficiency of motive or even absence of motive in murder cases S. 302(B)---ANTI-TERRORISM ACT (XXVII OF 1997) 1,Ordinarily Cannot Be Considered As A Circumstance To Justify The Acquittal Or Mitigation Of Sentence,Court of Record,,29,headnote_only,order_text,unknown
"Art. 199---Constitutional petition---""""Financial institution""""---Scope---Petitioner's NGO availed loan from Punjab Health Foundation_S. 489-F---FINANCIAL INSTITUTIONS (RECOVERY OF FINANCES) ORDINANCE (XLVI OF 2001) S.2(A)---CONSTITUTION OF PAKISTAN_1","Art. 199---Constitutional petition---""""Financial institution""""---Scope---Petitioner's NGO availed loan from Punjab Health Foundation S. 489-F---FINANCIAL INSTITUTIONS (RECOVERY OF FINANCES) ORDINANCE (XLVI OF 2001) S.2(A)---CONSTITUTION OF PAKISTAN 1",On Dishonoring Of Cheque'S Issued By Petitioner,Court of Record,,12,headnote_only,order_text,unknown
Arts. 4_S. 2---CONSTITUTION OF PAKISTAN_1,Arts. 4 S. 2---CONSTITUTION OF PAKISTAN 1,& 199---Constitutional Petition---Placing Of Name On Exit Control List---Pre-Requisites---Serving Of Notice---Opportunity Of Being Heard--- Natural Justice And Due Process,Court of Record,,16,headnote_only,order_text,unknown
powers of---Scope---Cross version---Quashment or cancellation of. cross-version---Principles---Where the claim or version of an accused is reported by him before the police_SS. 22-A & 561-A---JUSTICE OF PEACE_1,powers of---Scope---Cross version---Quashment or cancellation of. cross-version---Principles---Where the claim or version of an accused is reported by him before the police SS. 22-A & 561-A---JUSTICE OF PEACE 1,The Police Is Required To Bring Same On Record And Then To Proceed Therewith In Accordance With Law---If Such Right Is Defied By The Police/The Investigating Officer,Court of Record,,5,headnote_only,order_text,unknown
14 & 3---Talb-i-Ishhad---Requirements---Notice of Talb-i-Ishhad was not sent to the vendee_SS. 13_1,14 & 3---Talb-i-Ishhad---Requirements---Notice of Talb-i-Ishhad was not sent to the vendee SS. 13 1,Who In Law Or In Fact Was Not Shown To Be The Person To Whom The Said Notice Could Be Sent---If At The Relevant Time,Court of Record,,6,headnote_only,order_text,unknown
"1997_S. 7(E)---""""HOSTAGE-TAKING""""---CONNOTATION---WORD """"HOSTAGE-TAKING"""" USED IN S.7(E) OF THE ANTI-TERRORISM ACT_1","1997 S. 7(E)---""""HOSTAGE-TAKING""""---CONNOTATION---WORD """"HOSTAGE-TAKING"""" USED IN S.7(E) OF THE ANTI-TERRORISM ACT 1",When Used With Reference To Person And In Context In Which It Is Used In Kidnapping Statute,Court of Record,1997-01-01,3,headnote_only,order_text,unknown
Art. 199---Quashing of F.I.R.--Girl being sui juris had admittedly contracted marriage with her own will and volition and want of consent of her father in this behalf did not invalidate the marriage---No offence_OFFENCE OF ZINA (ENFORCEMENT OF HUDOOD) ORDINANCE 1979 S. 10/11---CONSTITUTION OF PAKISTAN (1973)_1,Art. 199---Quashing of F.I.R.--Girl being sui juris had admittedly contracted marriage with her own will and volition and want of consent of her father in this behalf did not invalidate the marriage---No offence OFFENCE OF ZINA (ENFORCEMENT OF HUDOOD) ORDINANCE 1979 S. 10/11---CONSTITUTION OF PAKISTAN (1973) 1,Having Been Committed,Court of Record,,4,headnote_only,order_text,unknown
Art. 199---Quashing of F.I.R.--Girl being sui juris had admittedly contracted marriage with her own will and volition and want of consent of her father in this behalf did not invalidate the marriage---No offence_S. 10/11---CONSTITUTION OF PAKISTAN (1973)_1,Art. 199---Quashing of F.I.R.--Girl being sui juris had admittedly contracted marriage with her own will and volition and want of consent of her father in this behalf did not invalidate the marriage---No offence S. 10/11---CONSTITUTION OF PAKISTAN (1973) 1,Having Been Committed,Court of Record,,4,headnote_only,order_text,unknown
could hardly fetch its real worth in competitive market; and sale if any_COMPANIES ORDINANCE 1984 SS. 333(1)(F) & 314---WINDING UP OF COMPANY---PROPERTY OF COMPANY ADVERTISED FOR SALE---OBJECTIONS WERE PENDING AT THE TIME WHEN PROPERTY WAS ADVERTISED FOR SALE---EFFECT---OFFERS PURSUANT TO ADVERTISEMENT SHOULD NOT HAVE BEEN ACCEPTED WHILE SUCH OBJECTIONS WERE PENDING---PROPERTY WHICH WAS SOLD SUBJECT TO PENDING OBJECTIONS_1,could hardly fetch its real worth in competitive market; and sale if any COMPANIES ORDINANCE 1984 SS. 333(1)(F) & 314---WINDING UP OF COMPANY---PROPERTY OF COMPANY ADVERTISED FOR SALE---OBJECTIONS WERE PENDING AT THE TIME WHEN PROPERTY WAS ADVERTISED FOR SALE---EFFECT---OFFERS PURSUANT TO ADVERTISEMENT SHOULD NOT HAVE BEEN ACCEPTED WHILE SUCH OBJECTIONS WERE PENDING---PROPERTY WHICH WAS SOLD SUBJECT TO PENDING OBJECTIONS 1,Could -Hardly Stand,Court of Record,,6,headnote_only,order_text,unknown
could hardly fetch its real worth in competitive market; and sale if any_SS. 333(1)(F) & 314---WINDING UP OF COMPANY---PROPERTY OF COMPANY ADVERTISED FOR SALE---OBJECTIONS WERE PENDING AT THE TIME WHEN PROPERTY WAS ADVERTISED FOR SALE---EFFECT---OFFERS PURSUANT TO ADVERTISEMENT SHOULD NOT HAVE BEEN ACCEPTED WHILE SUCH OBJECTIONS WERE PENDING---PROPERTY WHICH WAS SOLD SUBJECT TO PENDING OBJECTIONS_1,could hardly fetch its real worth in competitive market; and sale if any SS. 333(1)(F) & 314---WINDING UP OF COMPANY---PROPERTY OF COMPANY ADVERTISED FOR SALE---OBJECTIONS WERE PENDING AT THE TIME WHEN PROPERTY WAS ADVERTISED FOR SALE---EFFECT---OFFERS PURSUANT TO ADVERTISEMENT SHOULD NOT HAVE BEEN ACCEPTED WHILE SUCH OBJECTIONS WERE PENDING---PROPERTY WHICH WAS SOLD SUBJECT TO PENDING OBJECTIONS 1,Could -Hardly Stand,Court of Record,,6,headnote_only,order_text,unknown
89 & 247???Constitution of Pakistan (1973)_CO-OPERATIVE SOCIETIES ACT 1925 NOS. 34_1,89 & 247???Constitution of Pakistan (1973) CO-OPERATIVE SOCIETIES ACT 1925 NOS. 34 1,While Second Consideration Was Absence Of Construction On Such Plot???Said Conditions Must Subsist Together To Bring About Automatic Cancellation Under Provisions Of Successive Martial Law Orders Viz. M.L.Os.34,Court of Record,,14,headnote_only,order_text,unknown
89 & 247???Constitution of Pakistan (1973)_CONSTITUTION OF PAKISTAN 1973 NOS. 34_1,89 & 247???Constitution of Pakistan (1973) CONSTITUTION OF PAKISTAN 1973 NOS. 34 1,While Second Consideration Was Absence Of Construction On Such Plot???Said Conditions Must Subsist Together To Bring About Automatic Cancellation Under Provisions Of Successive Martial Law Orders Viz. M.L.Os.34,Court of Record,,14,headnote_only,order_text,unknown
89 & 247???Constitution of Pakistan (1973)_NOS. 34_1,89 & 247???Constitution of Pakistan (1973) NOS. 34 1,While Second Consideration Was Absence Of Construction On Such Plot???Said Conditions Must Subsist Together To Bring About Automatic Cancellation Under Provisions Of Successive Martial Law Orders Viz. M.L.Os.34,Court of Record,,14,headnote_only,order_text,unknown
OXXXIX_CIVIL PROCEDURE CODE --ORDER XXXIX OF C.P.C. TEMPORARY INJUNCTIONS AND INTERLOCUTORY ORDERS S. 15---CIVIL PROCEDURE CODE (V OF 1908)_1,OXXXIX CIVIL PROCEDURE CODE --ORDER XXXIX OF C.P.C. TEMPORARY INJUNCTIONS AND INTERLOCUTORY ORDERS S. 15---CIVIL PROCEDURE CODE (V OF 1908) 1,Same Would Disentitle It From Seeking Interim Relief Of Injunction---Defendant'S Claim That It Had Obtained Permission/Assignment For Printing And Publishing Of Books From,Court of Record,,9,headnote_only,order_text,unknown
OXXXIX_S. 15---CIVIL PROCEDURE CODE (V OF 1908)_1,OXXXIX S. 15---CIVIL PROCEDURE CODE (V OF 1908) 1,Same Would Disentitle It From Seeking Interim Relief Of Injunction---Defendant'S Claim That It Had Obtained Permission/Assignment For Printing And Publishing Of Books From,Court of Record,,9,headnote_only,order_text,unknown
OXXXIX_COPYRIGHT ORDINANCE 1962 S. 15---CIVIL PROCEDURE CODE (V OF 1908)_1,OXXXIX COPYRIGHT ORDINANCE 1962 S. 15---CIVIL PROCEDURE CODE (V OF 1908) 1,Same Would Disentitle It From Seeking Interim Relief Of Injunction---Defendant'S Claim That It Had Obtained Permission/Assignment For Printing And Publishing Of Books From,Court of Record,,9,headnote_only,order_text,unknown
Supreme Court binding on other Courts---Any question of law decided by the Supreme Court_ART. 189---DECISIONS OF_1,Supreme Court binding on other Courts---Any question of law decided by the Supreme Court ART. 189---DECISIONS OF 1,That Constitutes A Declaration Of Law,Court of Record,,8,headnote_only,order_text,unknown
Ss. 13_CRIMINAL PROCEDURE CODE (CR.P.C) ORDER ACCORDINGLY.----S. 497---WEST PAKISTAN ARMS ORDINANCE (XX .OF 1965)_1,Ss. 13 CRIMINAL PROCEDURE CODE (CR.P.C) ORDER ACCORDINGLY.----S. 497---WEST PAKISTAN ARMS ORDINANCE (XX .OF 1965) 1,S.5-A(8)---Bail,Court of Record,,12,headnote_only,order_text,unknown
Ss. 13_SUPPRESSION OF TERRORIST ACTIVITIES (SPECIAL COURT) ACT 1975 S. 497---WEST PAKISTAN ARMS ORDINANCE (XX .OF 1965)_1,Ss. 13 SUPPRESSION OF TERRORIST ACTIVITIES (SPECIAL COURT) ACT 1975 S. 497---WEST PAKISTAN ARMS ORDINANCE (XX .OF 1965) 1,S.5-A(8)---Bail,Court of Record,,12,headnote_only,order_text,unknown
Ss. 13_WEST PAKISTAN ARMS ORDINANCE 1965 S. 497---WEST PAKISTAN ARMS ORDINANCE (XX .OF 1965)_1,Ss. 13 WEST PAKISTAN ARMS ORDINANCE 1965 S. 497---WEST PAKISTAN ARMS ORDINANCE (XX .OF 1965) 1,S.5-A(8)---Bail,Court of Record,,12,headnote_only,order_text,unknown
Ss. 13_S. 497---WEST PAKISTAN ARMS ORDINANCE (XX .OF 1965)_1,Ss. 13 S. 497---WEST PAKISTAN ARMS ORDINANCE (XX .OF 1965) 1,S.5-A(8)---Bail,Court of Record,,12,headnote_only,order_text,unknown
Ss.61_PREAMBLE---CRIMINAL PROCEDURE CODE (V OF 1898)_1,Ss.61 PREAMBLE---CRIMINAL PROCEDURE CODE (V OF 1898) 1,Arts.9 & 10---Arrest---Safeguards As To Arrest And Detention---Applicability Of Ss.61,Court of Record,,17,headnote_only,order_text,unknown
Ss.61_CONSTITUTION OF PAKISTAN 1973 PREAMBLE---CRIMINAL PROCEDURE CODE (V OF 1898)_1,Ss.61 CONSTITUTION OF PAKISTAN 1973 PREAMBLE---CRIMINAL PROCEDURE CODE (V OF 1898) 1,Arts.9 & 10---Arrest---Safeguards As To Arrest And Detention---Applicability Of Ss.61,Court of Record,,17,headnote_only,order_text,unknown
S.173---Cognizance of case by Special Court---Procedure---Requirements of 5.173_S. 5---CRIMINAL PROCEDURE CODE (V OF 1898)_1,S.173---Cognizance of case by Special Court---Procedure---Requirements of 5.173 S. 5---CRIMINAL PROCEDURE CODE (V OF 1898) 1,1975-,Court of Record,,6,headnote_only,order_text,unknown
amounts whereof_ADMIRALTY JURISDICTION OF HIGH COURTS ORDINANCE 1980 S. 3(2)(C)---ADMIRALTY SUIT---MAINTAINABILITY---CLAIM OF PLAINTIFF WAS FOUNDED ON MORTGAGE AND LOAN AGREEMENTS_1,amounts whereof ADMIRALTY JURISDICTION OF HIGH COURTS ORDINANCE 1980 S. 3(2)(C)---ADMIRALTY SUIT---MAINTAINABILITY---CLAIM OF PLAINTIFF WAS FOUNDED ON MORTGAGE AND LOAN AGREEMENTS 1,Objected That Plaintiff Having Failed To Seek Any Relief Against Vessel In Rem,Court of Record,,113,headnote_only,order_text,unknown
1990_S. 10---PUNJAB ZILA COUNCILS (EXPORT TAX) RULES_1,1990 S. 10---PUNJAB ZILA COUNCILS (EXPORT TAX) RULES 1,Ss.137,Court of Record,1990-01-01,6,headnote_only,order_text,unknown
1990_PUNJAB LOCAL GOVERNMENT ORDINANCE 1979 S. 10---PUNJAB ZILA COUNCILS (EXPORT TAX) RULES_1,1990 PUNJAB LOCAL GOVERNMENT ORDINANCE 1979 S. 10---PUNJAB ZILA COUNCILS (EXPORT TAX) RULES 1,Ss.137,Court of Record,1990-01-01,6,headnote_only,order_text,unknown
1990_PUNJAB ZILA COUNCIL EXPORT TAX RULES 1990 S. 10---PUNJAB ZILA COUNCILS (EXPORT TAX) RULES_1,1990 PUNJAB ZILA COUNCIL EXPORT TAX RULES 1990 S. 10---PUNJAB ZILA COUNCILS (EXPORT TAX) RULES 1,Ss.137,Court of Record,1990-01-01,6,headnote_only,order_text,unknown
Art.199---Constitutional petition ---Competejacy---Rent Controller ordered petitioner to pay specified amount as arrears of rent and in the same order framed issues---Validity---Order for payment of rent and framing of issues could not be made on same date in single order---Quantum of rent due and extent of liability of tenant to pay the same could be assessed by holding inquiry as to how much rent had been paid and what remained payable---Another matter requiring determination by Rent Controller was effect of time-lag in matter of statutory increase being possible or not when specified amount_SS. 13 & 7---CONSTITUTION OF PAKISTAN (1973)_1,Art.199---Constitutional petition ---Competejacy---Rent Controller ordered petitioner to pay specified amount as arrears of rent and in the same order framed issues---Validity---Order for payment of rent and framing of issues could not be made on same date in single order---Quantum of rent due and extent of liability of tenant to pay the same could be assessed by holding inquiry as to how much rent had been paid and what remained payable---Another matter requiring determination by Rent Controller was effect of time-lag in matter of statutory increase being possible or not when specified amount SS. 13 & 7---CONSTITUTION OF PAKISTAN (1973) 1,Especially In Terms Of S.7,Court of Record,,6,headnote_only,order_text,unknown
Art.199---Constitutional petition ---Competejacy---Rent Controller ordered petitioner to pay specified amount as arrears of rent and in the same order framed issues---Validity---Order for payment of rent and framing of issues could not be made on same date in single order---Quantum of rent due and extent of liability of tenant to pay the same could be assessed by holding inquiry as to how much rent had been paid and what remained payable---Another matter requiring determination by Rent Controller was effect of time?lag in matter of statutory increase being possible or not when specified amount_WEST PAKISTAN URBAN RENT RESTRICTION ORDINANCE 1959 SS. 13 & 7---CONSTITUTION OF PAKISTAN (1973)_1,Art.199---Constitutional petition ---Competejacy---Rent Controller ordered petitioner to pay specified amount as arrears of rent and in the same order framed issues---Validity---Order for payment of rent and framing of issues could not be made on same date in single order---Quantum of rent due and extent of liability of tenant to pay the same could be assessed by holding inquiry as to how much rent had been paid and what remained payable---Another matter requiring determination by Rent Controller was effect of time?lag in matter of statutory increase being possible or not when specified amount WEST PAKISTAN URBAN RENT RESTRICTION ORDINANCE 1959 SS. 13 & 7---CONSTITUTION OF PAKISTAN (1973) 1,Especially In Terms Of S.7,Court of Record,,6,headnote_only,order_text,unknown
Art. 199---Constitutional petition--Maintainability---Sale of molasses---Rejection of tenders---Petitioner claiming that his offer was accepted through private negotiation whereby Secretary of the Corporation called upon him to send draft in specified sum as security which was duly sent_CONSTITUTION OF PAKISTAN 1973 S. 2(H)---CONSTITUTION OF PAKISTAN (1973)_1,Art. 199---Constitutional petition--Maintainability---Sale of molasses---Rejection of tenders---Petitioner claiming that his offer was accepted through private negotiation whereby Secretary of the Corporation called upon him to send draft in specified sum as security which was duly sent CONSTITUTION OF PAKISTAN 1973 S. 2(H)---CONSTITUTION OF PAKISTAN (1973) 1,1877-,Court of Record,,10,headnote_only,order_text,unknown
Art. 199---Constitutional petition--Maintainability---Sale of molasses---Rejection of tenders---Petitioner claiming that his offer was accepted through private negotiation whereby Secretary of the Corporation called upon him to send draft in specified sum as security which was duly sent_S. 2(H)---CONSTITUTION OF PAKISTAN (1973)_1,Art. 199---Constitutional petition--Maintainability---Sale of molasses---Rejection of tenders---Petitioner claiming that his offer was accepted through private negotiation whereby Secretary of the Corporation called upon him to send draft in specified sum as security which was duly sent S. 2(H)---CONSTITUTION OF PAKISTAN (1973) 1,1877-,Court of Record,,10,headnote_only,order_text,unknown
S.73--- Civil Procedure Code (V of 1908)_S. 5--- CONTRACT ACT (IX OF 1872)_1,S.73--- Civil Procedure Code (V of 1908) S. 5--- CONTRACT ACT (IX OF 1872) 1,Rr.L,Court of Record,,17,headnote_only,order_text,unknown
S.73--- Civil Procedure Code (V of 1908)_CIVIL PROCEDURE CODE --ORDER XXXIX OF C.P.C. TEMPORARY INJUNCTIONS AND INTERLOCUTORY ORDERS S. 5--- CONTRACT ACT (IX OF 1872)_1,S.73--- Civil Procedure Code (V of 1908) CIVIL PROCEDURE CODE --ORDER XXXIX OF C.P.C. TEMPORARY INJUNCTIONS AND INTERLOCUTORY ORDERS S. 5--- CONTRACT ACT (IX OF 1872) 1,Rr.L,Court of Record,,17,headnote_only,order_text,unknown
extent and magnitude of such suffering----Fair compensation would be difficult to assess in such cases--Court would have discretion to determine on basis of evidence_TORTS DAMAGES DAMAGES ---ACCIDENT---PLAINTIFF SUFFERING MENTAL TORTURE AND NERVOUS SHOCK---ENTITLEMENT TO CLAIM DAMAGES----DAMAGES FOR MENTAL TORTURE AND NERVOUS SHOCK WOULD DEPEND UPON EVIDENCE PRODUCED TO PROVE NATURE_1,extent and magnitude of such suffering----Fair compensation would be difficult to assess in such cases--Court would have discretion to determine on basis of evidence TORTS DAMAGES DAMAGES ---ACCIDENT---PLAINTIFF SUFFERING MENTAL TORTURE AND NERVOUS SHOCK---ENTITLEMENT TO CLAIM DAMAGES----DAMAGES FOR MENTAL TORTURE AND NERVOUS SHOCK WOULD DEPEND UPON EVIDENCE PRODUCED TO PROVE NATURE 1,If Not Completely,Court of Record,,16,headnote_only,order_text,unknown
Art. 212(3)---Promotion--Eligibility---Order of priority for method of recruitment ignored by Authority--Civil servant claiming to be entitled to promotion in BS-20_EDUCATION EXTENSION CENTRE RECRUITMENT RULES 1993 S. 3---CONSTITUTION OF PAKISTAN (1973)_1,Art. 212(3)---Promotion--Eligibility---Order of priority for method of recruitment ignored by Authority--Civil servant claiming to be entitled to promotion in BS-20 EDUCATION EXTENSION CENTRE RECRUITMENT RULES 1993 S. 3---CONSTITUTION OF PAKISTAN (1973) 1,Whether By Promotion Or By Transfer,Court of Record,,52,headnote_only,order_text,leave_refused
17 & 51---Constitution of Pakistan (1973)_CONSTITUTION OF PAKISTAN 1973 REGLNS. 7_1,17 & 51---Constitution of Pakistan (1973) CONSTITUTION OF PAKISTAN 1973 REGLNS. 7 1,51---Meaning,Court of Record,,56,headnote_only,order_text,unknown
Art. 199---Constitutional petition--Delegation of power to Chief Minister by Director-General of Authority---Chief Minister exercising those powers to order commercialization of residential premises---Legality---Delegation of such powers by Director-General to Chief Minister was against concept of delegation---Superior Authority alone could allow some of its powers or authority to be exercised by its subordinate and not vice versa_LAHORE DEVELOPMENT AUTHORITY ACT 1975 ----S. 10---CONSTITUTION OF PAKISTAN (1973)_1,Art. 199---Constitutional petition--Delegation of power to Chief Minister by Director-General of Authority---Chief Minister exercising those powers to order commercialization of residential premises---Legality---Delegation of such powers by Director-General to Chief Minister was against concept of delegation---Superior Authority alone could allow some of its powers or authority to be exercised by its subordinate and not vice versa LAHORE DEVELOPMENT AUTHORITY ACT 1975 ----S. 10---CONSTITUTION OF PAKISTAN (1973) 1,There Could Not Be Delegation Of Powers By Director General Of Authority To Chief Minister As Chairman Of The Authority---Such Delegation Of Powers By Director-General Of Authority To Chief Minister,Court of Record,,38,headnote_only,order_text,unknown
17 & 51---Constitution of Pakistan (1973)_REGLNS. 7_1,17 & 51---Constitution of Pakistan (1973) REGLNS. 7 1,51---Meaning,Court of Record,,56,headnote_only,order_text,unknown
R.20---Petition against fraud and misrepresentation--Substituted service---Plaintiff had admitted in his application under O.V_CIVIL PROCEDURE CODE --ORDER VI OF C.P.C. PLEADING GENERALLY S. 12(2) & O. V_1,R.20---Petition against fraud and misrepresentation--Substituted service---Plaintiff had admitted in his application under O.V CIVIL PROCEDURE CODE --ORDER VI OF C.P.C. PLEADING GENERALLY S. 12(2) & O. V 1,C.P.C. That It Was Very Difficult To Get The Defendant Served With Summons Through Normal Course Since She Had Left/Abandoned The Jurisdiction Of The Court And That She Could Not Be Served Except Through Substituted Means---Plaintiff Also Admitted That He Was Not Aware Of The Whereabouts Of The Defendants---Marriage Of Plaintiff And Defendant Was Dissolved In The Year 1988 While Suit Was Filed After A Lapse Of Nearly 4 Years And No Explanation Was Offered For Such Delay Which Showed That Suit Was Filed When Apparently The Defendant,Court of Record,,14,headnote_only,order_text,unknown
Art.181---Petition against fraud/misrepresentation---Limitation---Starting time---Petition under S.12(2)_CODE OF CIVIL PROCEDURE 1908 S. 12(2)---LIMITATION ACT (IX OF 1908)_1,Art.181---Petition against fraud/misrepresentation---Limitation---Starting time---Petition under S.12(2) CODE OF CIVIL PROCEDURE 1908 S. 12(2)---LIMITATION ACT (IX OF 1908) 1,Limitation Act,Court of Record,,27,headnote_only,order_text,unknown
Art.181---Petition against fraud/misrepresentation---Limitation---Starting time---Petition under S.12(2)_S. 12(2)---LIMITATION ACT (IX OF 1908)_1,Art.181---Petition against fraud/misrepresentation---Limitation---Starting time---Petition under S.12(2) S. 12(2)---LIMITATION ACT (IX OF 1908) 1,Limitation Act,Court of Record,,27,headnote_only,order_text,unknown
Ss.81 & 82--Punjab Local Government Ordinance (VI of 1979)_S. 10---WEST PAKISTAN LAND REVENUE ACT (XVII OF 1967)_1,Ss.81 & 82--Punjab Local Government Ordinance (VI of 1979) S. 10---WEST PAKISTAN LAND REVENUE ACT (XVII OF 1967) 1,Art.199---Constitutional Petition---Contract Of Lease For Collection Of Goods Exit Tax Of Zila Council---Outstanding Amount Against Petitioner (Contractor) Not Disputed--Specified Amount Having Been Ascertained And Determined,Court of Record,,13,headnote_only,order_text,unknown
Art. 199--Constitutional petition---Admission in 1st year Class of B.Sc. Engineering--Applicant was within ambit of selection on basis of marks obtained by him in F.Sc. but his name was not included in merit list on the ground that he did not produce domicile certificate of his father to show that he was domicile of Punjab---Validity---In order to determine bona fides of domicile of applicant his domicile certificate was required---Normally when parents were living together_PARAS. 42.1; 43.2 & 43.3(B)---CONSTITUTION OF PAKISTAN (1973)_1,Art. 199--Constitutional petition---Admission in 1st year Class of B.Sc. Engineering--Applicant was within ambit of selection on basis of marks obtained by him in F.Sc. but his name was not included in merit list on the ground that he did not produce domicile certificate of his father to show that he was domicile of Punjab---Validity---In order to determine bona fides of domicile of applicant his domicile certificate was required---Normally when parents were living together PARAS. 42.1; 43.2 & 43.3(B)---CONSTITUTION OF PAKISTAN (1973) 1,However,Court of Record,,6,headnote_only,order_text,unknown
"Arts.8 & 25---Equality of citizens---Interpretation or construction of word """"father"""" in restricted sense by not including """"mother"""" therein would make the same violative of Art.25 of the Constitution---Child would be entitled to utilize benefit of status of either of his/her parents---No discrimination could be permitted in exercise of those rights on basis of sex alone---Recognition of father's domicile status to the exclusion of mother would be case of clear discrimination based on sex which was not permitted by Art.25 of the Constitution---Efforts should be made to interpret provisions of law including rules and instructions in such a way that they harmonize with fundamental rights guaranteed by the Constitution---Word """"father"""" as occurring in para. 43.3(b) of the Prospectus would include mother--In such view of interpretation there was no need to declare that said provisions of prospectus were void---Mother could thus_CONSTITUTION OF PAKISTAN 1973 PARA. 43.3--CONSTITUTION OF PAKISTAN (1973)_1","Arts.8 & 25---Equality of citizens---Interpretation or construction of word """"father"""" in restricted sense by not including """"mother"""" therein would make the same violative of Art.25 of the Constitution---Child would be entitled to utilize benefit of status of either of his/her parents---No discrimination could be permitted in exercise of those rights on basis of sex alone---Recognition of father's domicile status to the exclusion of mother would be case of clear discrimination based on sex which was not permitted by Art.25 of the Constitution---Efforts should be made to interpret provisions of law including rules and instructions in such a way that they harmonize with fundamental rights guaranteed by the Constitution---Word """"father"""" as occurring in para. 43.3(b) of the Prospectus would include mother--In such view of interpretation there was no need to declare that said provisions of prospectus were void---Mother could thus CONSTITUTION OF PAKISTAN 1973 PARA. 43.3--CONSTITUTION OF PAKISTAN (1973) 1",If On Account Of Independent Factors She Had Distinct And Separate Place Of Domicile---Where Spouses Were Differently Domiciled,Court of Record,,15,headnote_only,order_text,unknown
Art.263---General Clauses Act (X of 1897)_PARA. 43.3(B)---CONSTITUTION OF PAKISTAN (1973)_1,Art.263---General Clauses Act (X of 1897) PARA. 43.3(B)---CONSTITUTION OF PAKISTAN (1973) 1,"S.12---Gender---Word """"Father"""" Occurring In Para. 43.3 (B) Of Prospectus Of The University Of Engineering And Technology---Meaning",Court of Record,,94,headnote_only,order_text,unknown
Art.4---Admission in educational institution---Requirement to produce documentary proof of factum of registration of father as voter could not be compulsory condition---Where some person was not registered as voter_CONSTITUTION OF PAKISTAN 1973 PARA. 43.3(B)(III)---CONSTITUTION OF PAKISTAN (1973)_1,Art.4---Admission in educational institution---Requirement to produce documentary proof of factum of registration of father as voter could not be compulsory condition---Where some person was not registered as voter CONSTITUTION OF PAKISTAN 1973 PARA. 43.3(B)(III)---CONSTITUTION OF PAKISTAN (1973) 1,Get ; Admission In Colleges And Higher Seats Of Learning Was Valuable Right Which Was Relatable To Life Of Citizen---Where Any Person Who Was Eligible Was Prevented From Receiving Higher Education,Court of Record,,15,headnote_only,order_text,unknown
"Arts.8 & 25---Equality of citizens---Interpretation or construction of word """"father"""" in restricted sense by not including """"mother"""" therein would make the same violative of Art.25 of the Constitution---Child would be entitled to utilize benefit of status of either of his/her parents---No discrimination could be permitted in exercise of those rights on basis of sex alone---Recognition of father's domicile status to the exclusion of mother would be case of clear discrimination based on sex which was not permitted by Art.25 of the Constitution---Efforts should be made to interpret provisions of law including rules and instructions in such a way that they harmonize with fundamental rights guaranteed by the Constitution---Word """"father"""" as occurring in para. 43.3(b) of the Prospectus would include mother--In such view of interpretation there was no need to declare that said provisions of prospectus were void---Mother could thus_PARA. 43.3--CONSTITUTION OF PAKISTAN (1973)_1","Arts.8 & 25---Equality of citizens---Interpretation or construction of word """"father"""" in restricted sense by not including """"mother"""" therein would make the same violative of Art.25 of the Constitution---Child would be entitled to utilize benefit of status of either of his/her parents---No discrimination could be permitted in exercise of those rights on basis of sex alone---Recognition of father's domicile status to the exclusion of mother would be case of clear discrimination based on sex which was not permitted by Art.25 of the Constitution---Efforts should be made to interpret provisions of law including rules and instructions in such a way that they harmonize with fundamental rights guaranteed by the Constitution---Word """"father"""" as occurring in para. 43.3(b) of the Prospectus would include mother--In such view of interpretation there was no need to declare that said provisions of prospectus were void---Mother could thus PARA. 43.3--CONSTITUTION OF PAKISTAN (1973) 1",If On Account Of Independent Factors She Had Distinct And Separate Place Of Domicile---Where Spouses Were Differently Domiciled,Court of Record,,15,headnote_only,order_text,unknown
Art.263---General Clauses Act (X of 1897)_GENERAL CLAUSES ACT 1897 PARA. 43.3(B)---CONSTITUTION OF PAKISTAN (1973)_1,Art.263---General Clauses Act (X of 1897) GENERAL CLAUSES ACT 1897 PARA. 43.3(B)---CONSTITUTION OF PAKISTAN (1973) 1,"S.12---Gender---Word """"Father"""" Occurring In Para. 43.3 (B) Of Prospectus Of The University Of Engineering And Technology---Meaning",Court of Record,,94,headnote_only,order_text,unknown
Art.263---General Clauses Act (X of 1897)_WEST PAKISTAN GENERAL CLAUSES ACT 1956 PARA. 43.3(B)---CONSTITUTION OF PAKISTAN (1973)_1,Art.263---General Clauses Act (X of 1897) WEST PAKISTAN GENERAL CLAUSES ACT 1956 PARA. 43.3(B)---CONSTITUTION OF PAKISTAN (1973) 1,"S.12---Gender---Word """"Father"""" Occurring In Para. 43.3 (B) Of Prospectus Of The University Of Engineering And Technology---Meaning",Court of Record,,94,headnote_only,order_text,unknown
102(b) & 115--- Conversion of second appeal into civil revision-- Appellate Court while deciding first appeal against judgment of Trial . Court exercised jurisdiction with regard to amount of value of subject-matter which jurisdiction was not conferred upon Appellate Court by any law--- Absence of jurisdiction being apparent_CODE OF CIVIL PROCEDURE 1908 SS. 100_1,102(b) & 115--- Conversion of second appeal into civil revision-- Appellate Court while deciding first appeal against judgment of Trial . Court exercised jurisdiction with regard to amount of value of subject-matter which jurisdiction was not conferred upon Appellate Court by any law--- Absence of jurisdiction being apparent CODE OF CIVIL PROCEDURE 1908 SS. 100 1,Which Was Not Maintainable In Law,Court of Record,,33,headnote_only,order_text,unknown
102(b) & 115--- Conversion of second appeal into civil revision-- Appellate Court while deciding first appeal against judgment of Trial . Court exercised jurisdiction with regard to amount of value of subject-matter which jurisdiction was not conferred upon Appellate Court by any law--- Absence of jurisdiction being apparent_SS. 100_1,102(b) & 115--- Conversion of second appeal into civil revision-- Appellate Court while deciding first appeal against judgment of Trial . Court exercised jurisdiction with regard to amount of value of subject-matter which jurisdiction was not conferred upon Appellate Court by any law--- Absence of jurisdiction being apparent SS. 100 1,Which Was Not Maintainable In Law,Court of Record,,33,headnote_only,order_text,unknown
offer_MUHAMMADAN LAW GIFT---ESSENTIALS---GIFT UNDER MUHAMMADAN LAW HAS THREE INGREDIENTS I.E._1,offer MUHAMMADAN LAW GIFT---ESSENTIALS---GIFT UNDER MUHAMMADAN LAW HAS THREE INGREDIENTS I.E. 1,Unambiguous And Should Not Be Implied---Once Anterior'S Title Was Accepted It Was Incumbent Upon Donee To Prove Elements Of Gift By Leading Cogent,Court of Record,,20,headnote_only,order_text,unknown
102 & 113---Execution of each and every document must be proved 'unless same was admitted under Art.113_QANUN-E-SHAHADAT ORDER 1984 ARTS. 78_1,102 & 113---Execution of each and every document must be proved 'unless same was admitted under Art.113 QANUN-E-SHAHADAT ORDER 1984 ARTS. 78 1,Qanun-Eshahadat Or Some Other Provisions Of Law---Ordinarily,Court of Record,,50,headnote_only,order_text,unknown
102 & 113---Execution of each and every document must be proved 'unless same was admitted under Art.113_ARTS. 78_1,102 & 113---Execution of each and every document must be proved 'unless same was admitted under Art.113 ARTS. 78 1,Qanun-Eshahadat Or Some Other Provisions Of Law---Ordinarily,Court of Record,,50,headnote_only,order_text,unknown
S.32---Constitutional jurisdiction---Territorial jurisdiction of Lahore High Court---Extent---Territorial jurisdiction of a High Court is dependent upon satisfaction of the condition that the impugned action should have been done or the impugned proceedings taken within the territorial jurisdiction of that Court and by -a person performing functions in connection with the affairs of the Federation or the Province--Relief claimed by petitioner a Senator elected from N.-W.F.P. Province_CONSTITUTION OF PAKISTAN 1973 ART. 199---SENATE (ELECTION) ACT (LI OF 1975)_1,S.32---Constitutional jurisdiction---Territorial jurisdiction of Lahore High Court---Extent---Territorial jurisdiction of a High Court is dependent upon satisfaction of the condition that the impugned action should have been done or the impugned proceedings taken within the territorial jurisdiction of that Court and by -a person performing functions in connection with the affairs of the Federation or the Province--Relief claimed by petitioner a Senator elected from N.-W.F.P. Province CONSTITUTION OF PAKISTAN 1973 ART. 199---SENATE (ELECTION) ACT (LI OF 1975) 1,Senate (Election) Act,Court of Record,,6,headnote_only,order_text,unknown
S.32---Constitutional jurisdiction---Territorial jurisdiction of Lahore High Court---Extent---Territorial jurisdiction of a High Court is dependent upon satisfaction of the condition that the impugned action should have been done or the impugned proceedings taken within the territorial jurisdiction of that Court and by -a person performing functions in connection with the affairs of the Federation or the Province--Relief claimed by petitioner a Senator elected from N.-W.F.P. Province_ART. 199---SENATE (ELECTION) ACT (LI OF 1975)_1,S.32---Constitutional jurisdiction---Territorial jurisdiction of Lahore High Court---Extent---Territorial jurisdiction of a High Court is dependent upon satisfaction of the condition that the impugned action should have been done or the impugned proceedings taken within the territorial jurisdiction of that Court and by -a person performing functions in connection with the affairs of the Federation or the Province--Relief claimed by petitioner a Senator elected from N.-W.F.P. Province ART. 199---SENATE (ELECTION) ACT (LI OF 1975) 1,Senate (Election) Act,Court of Record,,6,headnote_only,order_text,unknown
Art. 77 --- Regulatory duty under S.18(2)_----- S.18(2) --- CONSTITUTION OF PAKISTAN (1973)_1,Art. 77 --- Regulatory duty under S.18(2) ----- S.18(2) --- CONSTITUTION OF PAKISTAN (1973) 1,--- Merely Because At One Time No Regulatory Duty Was Imposed And Was In Force,Court of Record,,6,headnote_only,order_text,unknown
S.32---Constitutional jurisdiction---Territorial jurisdiction of Lahore High Court---Extent---Territorial jurisdiction of a High Court is dependent upon satisfaction of the condition that the impugned action should have been done or the impugned proceedings taken within the territorial jurisdiction of that Court and by -a person performing functions in connection with the affairs of the Federation or the Province--Relief claimed by petitioner a Senator elected from N.-W.F.P. Province_SENATE (ELECTION) ACT 1975 ART. 199---SENATE (ELECTION) ACT (LI OF 1975)_1,S.32---Constitutional jurisdiction---Territorial jurisdiction of Lahore High Court---Extent---Territorial jurisdiction of a High Court is dependent upon satisfaction of the condition that the impugned action should have been done or the impugned proceedings taken within the territorial jurisdiction of that Court and by -a person performing functions in connection with the affairs of the Federation or the Province--Relief claimed by petitioner a Senator elected from N.-W.F.P. Province SENATE (ELECTION) ACT 1975 ART. 199---SENATE (ELECTION) ACT (LI OF 1975) 1,Senate (Election) Act,Court of Record,,6,headnote_only,order_text,unknown
6(1) & 11--- Civil Procedure Code (V of 1908)_CODE OF CIVIL PROCEDURE 1908 SS.3(3) (6)_1,6(1) & 11--- Civil Procedure Code (V of 1908) CODE OF CIVIL PROCEDURE 1908 SS.3(3) (6) 1,Finality-- Such Issues Could Not Be Re-Opened Through Objections To Execution Application- -Revision Petition Having Arisen From Order Of Executing Court,Court of Record,,58,headnote_only,order_text,unknown
6(1) & 11--- Civil Procedure Code (V of 1908)_SS.3(3) (6)_1,6(1) & 11--- Civil Procedure Code (V of 1908) SS.3(3) (6) 1,Finality-- Such Issues Could Not Be Re-Opened Through Objections To Execution Application- -Revision Petition Having Arisen From Order Of Executing Court,Court of Record,,58,headnote_only,order_text,unknown
R.10 & S. 151--- Applicant's prayer to be joined as a party in pending suit--- Applicant claimed that subject-matter of the present suit and earlier suit filed by him against plaintiff was the same--- Party could be added to pending suit if it was necessary in order to enable the Court effectually and completely_CIVIL PROCEDURE CODE --ORDER I OF C.P.C. PARTIES TO SUITS O I_1,R.10 & S. 151--- Applicant's prayer to be joined as a party in pending suit--- Applicant claimed that subject-matter of the present suit and earlier suit filed by him against plaintiff was the same--- Party could be added to pending suit if it was necessary in order to enable the Court effectually and completely CIVIL PROCEDURE CODE --ORDER I OF C.P.C. PARTIES TO SUITS O I 1,Between Plaintiff And Defendant,Court of Record,,17,headnote_only,order_text,unknown
R.10 & S. 151--- Applicant's prayer to be joined as a party in pending suit--- Applicant claimed that subject-matter of the present suit and earlier suit filed by him against plaintiff was the same--- Party could be added to pending suit if it was necessary in order to enable the Court effectually and completely_O I_1,R.10 & S. 151--- Applicant's prayer to be joined as a party in pending suit--- Applicant claimed that subject-matter of the present suit and earlier suit filed by him against plaintiff was the same--- Party could be added to pending suit if it was necessary in order to enable the Court effectually and completely O I 1,Between Plaintiff And Defendant,Court of Record,,17,headnote_only,order_text,unknown
"Constitution of Pakistan---Connotation---Use of. such words in Art. 199(4-A) of the Constitution would bring within its ambit any such order which was related either to State property or assessment or collection of public revenue or pertained to any law specified in Part I of the Constitution---Provision of Art.199(4-A)_CONSTITUTION OF PAKISTAN 1973 ART. 199(4-A)---WORDS """"RELATES TO"""" OR """"IS CONNECTED WITH"""" IN ART.199(4-A)_1","Constitution of Pakistan---Connotation---Use of. such words in Art. 199(4-A) of the Constitution would bring within its ambit any such order which was related either to State property or assessment or collection of public revenue or pertained to any law specified in Part I of the Constitution---Provision of Art.199(4-A) CONSTITUTION OF PAKISTAN 1973 ART. 199(4-A)---WORDS """"RELATES TO"""" OR """"IS CONNECTED WITH"""" IN ART.199(4-A) 1",- Therefore,Court of Record,,3,headnote_only,order_text,unknown
same rules Would apply for construing provisions of the Constitution as govern construction of statutes_INTERPRETATION OF CONSTITUTION COURTS WERE DUTY BOUND TO GIVE EFFECT TO PLAIN AND UNAMBIGUOUS LANGUAGE USED IN THE CONSTITUTION--- CONSTITUTION BEING ESSENTIALLY IN THE NATURE OF STATUTE_1,same rules Would apply for construing provisions of the Constitution as govern construction of statutes INTERPRETATION OF CONSTITUTION COURTS WERE DUTY BOUND TO GIVE EFFECT TO PLAIN AND UNAMBIGUOUS LANGUAGE USED IN THE CONSTITUTION--- CONSTITUTION BEING ESSENTIALLY IN THE NATURE OF STATUTE 1,Therefore,Court of Record,,14,headnote_only,order_text,unknown
17 & First Sched._SS. 2(A)_1,17 & First Sched. SS. 2(A) 1,1990,Court of Record,,6,headnote_only,order_text,unknown
17 & First Sched._ARBITRATION ACT 1940 SS. 2(A)_1,17 & First Sched. ARBITRATION ACT 1940 SS. 2(A) 1,1990,Court of Record,,6,headnote_only,order_text,unknown
17 & First Sched._CONSTITUTION OF PAKISTAN 1973 SS. 2(A)_1,17 & First Sched. CONSTITUTION OF PAKISTAN 1973 SS. 2(A) 1,1990,Court of Record,,6,headnote_only,order_text,unknown
1990_PUNJAB LOCAL COUNCILS (LEASE) RULES 1990 S. 13---PUNJAB LOCAL COUNCILS (LEASE) RULES_1,1990 PUNJAB LOCAL COUNCILS (LEASE) RULES 1990 S. 13---PUNJAB LOCAL COUNCILS (LEASE) RULES 1,1990,Court of Record,1990-01-01,26,headnote_only,order_text,unknown
1990_PUNJAB LOCAL COUNCILS (TAXATION) RULES 1980 S. 13---PUNJAB LOCAL COUNCILS (LEASE) RULES_1,1990 PUNJAB LOCAL COUNCILS (TAXATION) RULES 1980 S. 13---PUNJAB LOCAL COUNCILS (LEASE) RULES 1,1990,Court of Record,1990-01-01,26,headnote_only,order_text,unknown
S.19--Agreement to sell coupled with possession of land in question---Defendants also setting up another agreement to sell executed by vendor's general attorney whose authority had been cancelled before execution of subsequent agreement to sell--Assessment of evidence by First Appellate Court in coming to conclusion that plaintiffs were entitled to decree for specific performance of contract was fully justified by evidence on record---Objection of defendants that said judgment was in violation of S.19_SPECIFIC RELIEF ACT 1877 S. 12---COLONIZATION OF GOVERNMENT LANDS (PUNJAB) ACT (V OF 1912)_1,S.19--Agreement to sell coupled with possession of land in question---Defendants also setting up another agreement to sell executed by vendor's general attorney whose authority had been cancelled before execution of subsequent agreement to sell--Assessment of evidence by First Appellate Court in coming to conclusion that plaintiffs were entitled to decree for specific performance of contract was fully justified by evidence on record---Objection of defendants that said judgment was in violation of S.19 SPECIFIC RELIEF ACT 1877 S. 12---COLONIZATION OF GOVERNMENT LANDS (PUNJAB) ACT (V OF 1912) 1,1912,Court of Record,,19,headnote_only,order_text,unknown
however_TRANSFER OF PROPERTY ACT 1882 SS. 54 & 53-A---AGREEMENT TO SELL COUPLED WITH POSSESSION---EFFECT---MERE CONTRACT OF SALE WOULD NOT CONVEY ANY RIGHT---WHERE_1,however TRANSFER OF PROPERTY ACT 1882 SS. 54 & 53-A---AGREEMENT TO SELL COUPLED WITH POSSESSION---EFFECT---MERE CONTRACT OF SALE WOULD NOT CONVEY ANY RIGHT---WHERE 1,Transfer Of Property Act,Court of Record,,8,headnote_only,order_text,unknown
however_SS. 54 & 53-A---AGREEMENT TO SELL COUPLED WITH POSSESSION---EFFECT---MERE CONTRACT OF SALE WOULD NOT CONVEY ANY RIGHT---WHERE_1,however SS. 54 & 53-A---AGREEMENT TO SELL COUPLED WITH POSSESSION---EFFECT---MERE CONTRACT OF SALE WOULD NOT CONVEY ANY RIGHT---WHERE 1,Transfer Of Property Act,Court of Record,,8,headnote_only,order_text,unknown
R.4(2) & S.115---Dismissal of suit for non-appearance of plaintiff in spite of Court's direction to appear and record her statement in answer to defendant's objection that plaint had not been signed by plaintiff herself---Order of dismissal of suit was affirmed by Appellate Court---Validity---Defendants having taken up objection that plaint was not signed by plaintiff_CIVIL PROCEDURE CODE --ORDER X OF C.P.C. EXAMINATION OF PARTIES BY THE COURT O. X_1,R.4(2) & S.115---Dismissal of suit for non-appearance of plaintiff in spite of Court's direction to appear and record her statement in answer to defendant's objection that plaint had not been signed by plaintiff herself---Order of dismissal of suit was affirmed by Appellate Court---Validity---Defendants having taken up objection that plaint was not signed by plaintiff CIVIL PROCEDURE CODE --ORDER X OF C.P.C. EXAMINATION OF PARTIES BY THE COURT O. X 1,Thus,Court of Record,,82,headnote_only,order_text,unknown
R.4(2) & S.115---Dismissal of suit for non-appearance of plaintiff in spite of Court's direction to appear and record her statement in answer to defendant's objection that plaint had not been signed by plaintiff herself---Order of dismissal of suit was affirmed by Appellate Court---Validity---Defendants having taken up objection that plaint was not signed by plaintiff_O. X_1,R.4(2) & S.115---Dismissal of suit for non-appearance of plaintiff in spite of Court's direction to appear and record her statement in answer to defendant's objection that plaint had not been signed by plaintiff herself---Order of dismissal of suit was affirmed by Appellate Court---Validity---Defendants having taken up objection that plaint was not signed by plaintiff O. X 1,Thus,Court of Record,,82,headnote_only,order_text,unknown
S.19---Civil Procedure Code (V of 1908)_CODE OF CIVIL PROCEDURE 1908 S. 60---LIMITATION ACT (IX OF 1908)_1,S.19---Civil Procedure Code (V of 1908) CODE OF CIVIL PROCEDURE 1908 S. 60---LIMITATION ACT (IX OF 1908) 1,Signed By Mortgagors (Original Mortgagees) And Having Been Registered And Proved In Court Of Law,Court of Record,,8,headnote_only,order_text,unknown
S.19---Civil Procedure Code (V of 1908)_S. 60---LIMITATION ACT (IX OF 1908)_1,S.19---Civil Procedure Code (V of 1908) S. 60---LIMITATION ACT (IX OF 1908) 1,Signed By Mortgagors (Original Mortgagees) And Having Been Registered And Proved In Court Of Law,Court of Record,,8,headnote_only,order_text,unknown
S.19---Civil Procedure Code (V of 1908)_TRANSFER OF PROPERTY ACT 1882 S. 60---LIMITATION ACT (IX OF 1908)_1,S.19---Civil Procedure Code (V of 1908) TRANSFER OF PROPERTY ACT 1882 S. 60---LIMITATION ACT (IX OF 1908) 1,Signed By Mortgagors (Original Mortgagees) And Having Been Registered And Proved In Court Of Law,Court of Record,,8,headnote_only,order_text,unknown
S. 27--Pakistan Broadcasting Corporation Act (XXXII of 1973)_PAKISTAN BROADCASTING CORPORATION ACT 1973 S. 27---PAKISTAN TELEVISION CORPORATION ACT (XXX OF 1982)_1,S. 27--Pakistan Broadcasting Corporation Act (XXXII of 1973) PAKISTAN BROADCASTING CORPORATION ACT 1973 S. 27---PAKISTAN TELEVISION CORPORATION ACT (XXX OF 1982) 1,S. 3---Constitution Of Pakistan (1973),Court of Record,,44,headnote_only,order_text,unknown
business or profession---Appointments to various posts by the Federal Government_ARTS. 18 & 2A---FREEDOM OF TRADE_1,business or profession---Appointments to various posts by the Federal Government ARTS. 18 & 2A---FREEDOM OF TRADE 1,Statutory Bodies And Public Authorities,Court of Record,,7,headnote_only,order_text,unknown
business or profession---Appointments to various posts by the Federal Government_CONSTITUTION OF PAKISTAN 1973 ARTS. 18 & 2A---FREEDOM OF TRADE_1,business or profession---Appointments to various posts by the Federal Government CONSTITUTION OF PAKISTAN 1973 ARTS. 18 & 2A---FREEDOM OF TRADE 1,Statutory Bodies And Public Authorities,Court of Record,,7,headnote_only,order_text,unknown
Specific Relief Act_SS. 21 & 56---CONTRACTS NOT SPECIFICALLY ENFORCEABLE---CONTRACT OF EMPLOYMENT---NON-PERFORMANCE---SUIT FOR DECLARATION AND PERMANENT INJUNCTION---IN THE ABSENCE OF ANY CONSTITUTIONAL GUARANTEE OR OTHER STATUTORY GUARANTEE OF CONTINUITY OF CONTRACT OF EMPLOYMENT IT IS REVOCABLE AND IS HIT BY S.21(D) OF THE SPECIFIC RELIEF ACT AND COMPENSATION IN MONEY IS AN ADEQUATE RELIEF IN CASE OF NON-PERFORMANCE OF A CONTRACT---CONTRACT OF EMPLOYMENT INVOLVING NUMEROUS DETAILS DEPENDENT ON PERSONAL QUALIFICATIONS OR VOLITION OF THE PARTIES IS HIT BY S; 21(B)_1,Specific Relief Act SS. 21 & 56---CONTRACTS NOT SPECIFICALLY ENFORCEABLE---CONTRACT OF EMPLOYMENT---NON-PERFORMANCE---SUIT FOR DECLARATION AND PERMANENT INJUNCTION---IN THE ABSENCE OF ANY CONSTITUTIONAL GUARANTEE OR OTHER STATUTORY GUARANTEE OF CONTINUITY OF CONTRACT OF EMPLOYMENT IT IS REVOCABLE AND IS HIT BY S.21(D) OF THE SPECIFIC RELIEF ACT AND COMPENSATION IN MONEY IS AN ADEQUATE RELIEF IN CASE OF NON-PERFORMANCE OF A CONTRACT---CONTRACT OF EMPLOYMENT INVOLVING NUMEROUS DETAILS DEPENDENT ON PERSONAL QUALIFICATIONS OR VOLITION OF THE PARTIES IS HIT BY S; 21(B) 1,However,Court of Record,,18,headnote_only,order_text,unknown
Specific Relief Act_SPECIFIC RELIEF ACT 1877 SS. 21 & 56---CONTRACTS NOT SPECIFICALLY ENFORCEABLE---CONTRACT OF EMPLOYMENT---NON-PERFORMANCE---SUIT FOR DECLARATION AND PERMANENT INJUNCTION---IN THE ABSENCE OF ANY CONSTITUTIONAL GUARANTEE OR OTHER STATUTORY GUARANTEE OF CONTINUITY OF CONTRACT OF EMPLOYMENT IT IS REVOCABLE AND IS HIT BY S.21(D) OF THE SPECIFIC RELIEF ACT AND COMPENSATION IN MONEY IS AN ADEQUATE RELIEF IN CASE OF NON-PERFORMANCE OF A CONTRACT---CONTRACT OF EMPLOYMENT INVOLVING NUMEROUS DETAILS DEPENDENT ON PERSONAL QUALIFICATIONS OR VOLITION OF THE PARTIES IS HIT BY S; 21(B)_1,Specific Relief Act SPECIFIC RELIEF ACT 1877 SS. 21 & 56---CONTRACTS NOT SPECIFICALLY ENFORCEABLE---CONTRACT OF EMPLOYMENT---NON-PERFORMANCE---SUIT FOR DECLARATION AND PERMANENT INJUNCTION---IN THE ABSENCE OF ANY CONSTITUTIONAL GUARANTEE OR OTHER STATUTORY GUARANTEE OF CONTINUITY OF CONTRACT OF EMPLOYMENT IT IS REVOCABLE AND IS HIT BY S.21(D) OF THE SPECIFIC RELIEF ACT AND COMPENSATION IN MONEY IS AN ADEQUATE RELIEF IN CASE OF NON-PERFORMANCE OF A CONTRACT---CONTRACT OF EMPLOYMENT INVOLVING NUMEROUS DETAILS DEPENDENT ON PERSONAL QUALIFICATIONS OR VOLITION OF THE PARTIES IS HIT BY S; 21(B) 1,However,Court of Record,,18,headnote_only,order_text,unknown
S.465---Constitution of Pakistan (1973)_S. 302---CRIMINAL PROCEDURE CODE (V OF 1898)_1,S.465---Constitution of Pakistan (1973) S. 302---CRIMINAL PROCEDURE CODE (V OF 1898) 1,Cr.P.C. Not Complied With---Effect-,Court of Record,,41,headnote_only,order_text,unknown
S.465---Constitution of Pakistan (1973)_PAKISTAN PENAL CODE S. 302---CRIMINAL PROCEDURE CODE (V OF 1898)_1,S.465---Constitution of Pakistan (1973) PAKISTAN PENAL CODE S. 302---CRIMINAL PROCEDURE CODE (V OF 1898) 1,Cr.P.C. Not Complied With---Effect-,Court of Record,,41,headnote_only,order_text,unknown
S.195(1)(a)---Constitution of Pakistan (1973)_CONSTITUTION OF PAKISTAN 1973 S. 188---CRIMINAL PROCEDURE CODE (V OF 1898)_1,S.195(1)(a)---Constitution of Pakistan (1973) CONSTITUTION OF PAKISTAN 1973 S. 188---CRIMINAL PROCEDURE CODE (V OF 1898) 1,Under S.188,Court of Record,,15,headnote_only,order_text,unknown
two brothers who were made pro forma-defendants_SPECIFIC RELIEF ACT 1877 ----S. 54---SUIT FOR PERPETUAL INJUNCTION AGAINST STRANGERS---PLAINTIFFS IMPLEADED THEIR THREE BROTHERS WHO WERE CO-SHARERS IN SUIT LAND ASS PRO FORMA-DEFENDANTS CONTENDING THAT THEY WERE NOT AVAILABLE---DURING PENDENCY OF SUIT OUT OF THREE_1,two brothers who were made pro forma-defendants SPECIFIC RELIEF ACT 1877 ----S. 54---SUIT FOR PERPETUAL INJUNCTION AGAINST STRANGERS---PLAINTIFFS IMPLEADED THEIR THREE BROTHERS WHO WERE CO-SHARERS IN SUIT LAND ASS PRO FORMA-DEFENDANTS CONTENDING THAT THEY WERE NOT AVAILABLE---DURING PENDENCY OF SUIT OUT OF THREE 1,In Suit For Perpetual Injunction,Court of Record,,61,headnote_only,order_text,unknown
1990_PUNJAB LOCAL COUNCILS (EXPORT TAX) RULES 1980 S. 39 --- PUNJAB LOCAL COUNCILS (LEASE) RULES_1,1990 PUNJAB LOCAL COUNCILS (EXPORT TAX) RULES 1980 S. 39 --- PUNJAB LOCAL COUNCILS (LEASE) RULES 1,1990,Court of Record,1990-01-01,7,headnote_only,order_text,unknown
1990_S. 39 --- PUNJAB LOCAL COUNCILS (LEASE) RULES_1,1990 S. 39 --- PUNJAB LOCAL COUNCILS (LEASE) RULES 1,1990,Court of Record,1990-01-01,7,headnote_only,order_text,unknown
1990_PUNJAB LOCAL GOVERNMENT ORDINANCE 1979 SS. 153 & 156---PUNJAB ZILA COUNCILS (LEASE) RULES_1,1990 PUNJAB LOCAL GOVERNMENT ORDINANCE 1979 SS. 153 & 156---PUNJAB ZILA COUNCILS (LEASE) RULES 1,1990,Court of Record,1990-01-01,8,headnote_only,order_text,unknown
31 & 24---Civil Procedure Code (V of 1908)_CIVIL PROCEDURE CODE --ORDER VII OF C.P.C. PLAINT SS. 13_1,31 & 24---Civil Procedure Code (V of 1908) CIVIL PROCEDURE CODE --ORDER VII OF C.P.C. PLAINT SS. 13 1,R.11---Pre-Emption Suit---Earlier Suit For Pre-Emption Was Dismissed For Plaintiff'S Failure To Deposit Pre-Emption Amount Before Specified Date--Subsequent Suit For Pre-Emption On Same Grounds,Court of Record,,15,headnote_only,order_text,unknown
31 & 24---Civil Procedure Code (V of 1908)_SS. 13_1,31 & 24---Civil Procedure Code (V of 1908) SS. 13 1,R.11---Pre-Emption Suit---Earlier Suit For Pre-Emption Was Dismissed For Plaintiff'S Failure To Deposit Pre-Emption Amount Before Specified Date--Subsequent Suit For Pre-Emption On Same Grounds,Court of Record,,15,headnote_only,order_text,unknown
31 & 24---Civil Procedure Code (V of 1908)_N.-W.F.P. PRE-EMPTION ACT 1987 SS. 13_1,31 & 24---Civil Procedure Code (V of 1908) N.-W.F.P. PRE-EMPTION ACT 1987 SS. 13 1,R.11---Pre-Emption Suit---Earlier Suit For Pre-Emption Was Dismissed For Plaintiff'S Failure To Deposit Pre-Emption Amount Before Specified Date--Subsequent Suit For Pre-Emption On Same Grounds,Court of Record,,15,headnote_only,order_text,unknown
"S.354-A/506/148/149---Cancellation/ of bail---Witnesses named in the F.I.R. had fully corroborated the complainant's version that the accused by firing in the air had facilitated their co-accused to strip of her clothes and expose her to public view---Accused even had taken away the clothes of the complainant who was covered by the witnesses with their """"Dopattas""""---Accused had carried out first part of the offence under S.354-A_CRIMINAL PROCEDURE CODE (CR.P.C) S. 497(5)---PENAL CODE (XLV OF 1860)_1","S.354-A/506/148/149---Cancellation/ of bail---Witnesses named in the F.I.R. had fully corroborated the complainant's version that the accused by firing in the air had facilitated their co-accused to strip of her clothes and expose her to public view---Accused even had taken away the clothes of the complainant who was covered by the witnesses with their """"Dopattas""""---Accused had carried out first part of the offence under S.354-A CRIMINAL PROCEDURE CODE (CR.P.C) S. 497(5)---PENAL CODE (XLV OF 1860) 1",No Distinction Could Be Drawn In Their Role---Offence With Which The Accused Were Charged Fell Within The Prohibitory Clause Of S.497(1),Court of Record,,34,headnote_only,order_text,unknown
"S.354-A/506/148/149---Cancellation/ of bail---Witnesses named in the F.I.R. had fully corroborated the complainant's version that the accused by firing in the air had facilitated their co-accused to strip of her clothes and expose her to public view---Accused even had taken away the clothes of the complainant who was covered by the witnesses with their """"Dopattas""""---Accused had carried out first part of the offence under S.354-A_S. 497(5)---PENAL CODE (XLV OF 1860)_1","S.354-A/506/148/149---Cancellation/ of bail---Witnesses named in the F.I.R. had fully corroborated the complainant's version that the accused by firing in the air had facilitated their co-accused to strip of her clothes and expose her to public view---Accused even had taken away the clothes of the complainant who was covered by the witnesses with their """"Dopattas""""---Accused had carried out first part of the offence under S.354-A S. 497(5)---PENAL CODE (XLV OF 1860) 1",No Distinction Could Be Drawn In Their Role---Offence With Which The Accused Were Charged Fell Within The Prohibitory Clause Of S.497(1),Court of Record,,34,headnote_only,order_text,unknown
"S.354-A/506/148/149---Cancellation/ of bail---Witnesses named in the F.I.R. had fully corroborated the complainant's version that the accused by firing in the air had facilitated their co-accused to strip of her clothes and expose her to public view---Accused even had taken away the clothes of the complainant who was covered by the witnesses with their """"Dopattas""""---Accused had carried out first part of the offence under S.354-A_PAKISTAN PENAL CODE S. 497(5)---PENAL CODE (XLV OF 1860)_1","S.354-A/506/148/149---Cancellation/ of bail---Witnesses named in the F.I.R. had fully corroborated the complainant's version that the accused by firing in the air had facilitated their co-accused to strip of her clothes and expose her to public view---Accused even had taken away the clothes of the complainant who was covered by the witnesses with their """"Dopattas""""---Accused had carried out first part of the offence under S.354-A PAKISTAN PENAL CODE S. 497(5)---PENAL CODE (XLV OF 1860) 1",No Distinction Could Be Drawn In Their Role---Offence With Which The Accused Were Charged Fell Within The Prohibitory Clause Of S.497(1),Court of Record,,34,headnote_only,order_text,unknown
Art.199 --- Constitutional petition --- Accused after having been found guilty by the Court Martial for the murder of the deceased was sentenced to pay Rs.1_CONSTITUTION OF PAKISTAN 1973 SS. 59 & 133 --- CONSTITUTION OF PAKISTAN (1973)_1,Art.199 --- Constitutional petition --- Accused after having been found guilty by the Court Martial for the murder of the deceased was sentenced to pay Rs.1 CONSTITUTION OF PAKISTAN 1973 SS. 59 & 133 --- CONSTITUTION OF PAKISTAN (1973) 1,As Diyat Money To The Heirs Of The Deceased And To Suffer Five Years R.I.---Subsequently Remaining Imprisonment Of The Accused Was Remitted And He Was Ordered To Be Lodged In The Civil Prison Till The Payment Of The Diyat Money --- Application Moved By The Accused Before The Sessions Court For Permission To Deposit The Amount Of Diyat In Easy Instalments Had Been Dismissed On The Ground That Since He Was Tried By A Court Martial,Court of Record,,6,headnote_only,order_text,unknown
Art.199 --- Constitutional petition --- Accused after having been found guilty by the Court Martial for the murder of the deceased was sentenced to pay Rs.1_PAKISTAN ARMY ACT 1952 SS. 59 & 133 --- CONSTITUTION OF PAKISTAN (1973)_1,Art.199 --- Constitutional petition --- Accused after having been found guilty by the Court Martial for the murder of the deceased was sentenced to pay Rs.1 PAKISTAN ARMY ACT 1952 SS. 59 & 133 --- CONSTITUTION OF PAKISTAN (1973) 1,As Diyat Money To The Heirs Of The Deceased And To Suffer Five Years R.I.---Subsequently Remaining Imprisonment Of The Accused Was Remitted And He Was Ordered To Be Lodged In The Civil Prison Till The Payment Of The Diyat Money --- Application Moved By The Accused Before The Sessions Court For Permission To Deposit The Amount Of Diyat In Easy Instalments Had Been Dismissed On The Ground That Since He Was Tried By A Court Martial,Court of Record,,6,headnote_only,order_text,unknown
Art.199 --- Constitutional petition --- Accused after having been found guilty by the Court Martial for the murder of the deceased was sentenced to pay Rs.1_SS. 59 & 133 --- CONSTITUTION OF PAKISTAN (1973)_1,Art.199 --- Constitutional petition --- Accused after having been found guilty by the Court Martial for the murder of the deceased was sentenced to pay Rs.1 SS. 59 & 133 --- CONSTITUTION OF PAKISTAN (1973) 1,As Diyat Money To The Heirs Of The Deceased And To Suffer Five Years R.I.---Subsequently Remaining Imprisonment Of The Accused Was Remitted And He Was Ordered To Be Lodged In The Civil Prison Till The Payment Of The Diyat Money --- Application Moved By The Accused Before The Sessions Court For Permission To Deposit The Amount Of Diyat In Easy Instalments Had Been Dismissed On The Ground That Since He Was Tried By A Court Martial,Court of Record,,6,headnote_only,order_text,unknown
"1959 --- Where_SS. 13 & 15 --- EJECTMENT OF TENANT --- PAYMENT BY TENANT STYLED AS """"PUGREE""""--EFFECT --- RELATIONS BETWEEN LANDLORD AND TENANT WERE REGULATED BY WEST PAKISTAN URBAN RENT RESTRICTION ORDINANCE_1","1959 --- Where SS. 13 & 15 --- EJECTMENT OF TENANT --- PAYMENT BY TENANT STYLED AS """"PUGREE""""--EFFECT --- RELATIONS BETWEEN LANDLORD AND TENANT WERE REGULATED BY WEST PAKISTAN URBAN RENT RESTRICTION ORDINANCE 1","Terms Of Contract Contravene Provision Of Law (Payment Of Pugree) Same Must Give Way Being Void And Inoperative---Payment Of """"Pugree"""" Thus",Court of Record,,21,headnote_only,order_text,unknown
"1959 --- Where_WEST PAKISTAN URBAN RENT RESTRICTION ORDINANCE 1959 SS. 13 & 15 --- EJECTMENT OF TENANT --- PAYMENT BY TENANT STYLED AS """"PUGREE""""--EFFECT --- RELATIONS BETWEEN LANDLORD AND TENANT WERE REGULATED BY WEST PAKISTAN URBAN RENT RESTRICTION ORDINANCE_1","1959 --- Where WEST PAKISTAN URBAN RENT RESTRICTION ORDINANCE 1959 SS. 13 & 15 --- EJECTMENT OF TENANT --- PAYMENT BY TENANT STYLED AS """"PUGREE""""--EFFECT --- RELATIONS BETWEEN LANDLORD AND TENANT WERE REGULATED BY WEST PAKISTAN URBAN RENT RESTRICTION ORDINANCE 1","Terms Of Contract Contravene Provision Of Law (Payment Of Pugree) Same Must Give Way Being Void And Inoperative---Payment Of """"Pugree"""" Thus",Court of Record,,21,headnote_only,order_text,unknown
S.174 (4)---Appreciation of evidence---Two eye-witnesses who gave ocular account in the case though related to deceased_OFFENCES AGAINST PROPERTY (ENFORCEMENT OF HUDOOD) ORDINANCE 1979 S. 302/394---OFFENCES AGAINST PROPERTY (ENFORCEMENT OF HUDOOD) ORDINANCE (VI OF 1979)_1,S.174 (4)---Appreciation of evidence---Two eye-witnesses who gave ocular account in the case though related to deceased OFFENCES AGAINST PROPERTY (ENFORCEMENT OF HUDOOD) ORDINANCE 1979 S. 302/394---OFFENCES AGAINST PROPERTY (ENFORCEMENT OF HUDOOD) ORDINANCE (VI OF 1979) 1,'Robbery' And 'Murder' Which Was 'Qatl-E-Amd',Court of Record,,17,headnote_only,order_text,unknown
S.174 (4)---Appreciation of evidence---Two eye-witnesses who gave ocular account in the case though related to deceased_S. 302/394---OFFENCES AGAINST PROPERTY (ENFORCEMENT OF HUDOOD) ORDINANCE (VI OF 1979)_1,S.174 (4)---Appreciation of evidence---Two eye-witnesses who gave ocular account in the case though related to deceased S. 302/394---OFFENCES AGAINST PROPERTY (ENFORCEMENT OF HUDOOD) ORDINANCE (VI OF 1979) 1,'Robbery' And 'Murder' Which Was 'Qatl-E-Amd',Court of Record,,17,headnote_only,order_text,unknown
S. 5--Registration Act (XVI of 1908)_S. 5---WEST PAKISTAN FAMILY COURTS ACT (XXXV OF 1964)_1,S. 5--Registration Act (XVI of 1908) S. 5---WEST PAKISTAN FAMILY COURTS ACT (XXXV OF 1964) 1,Art. 199---Constitutional Petition---Transfer Of Immovable Property By Husband To Wife Through Nikahnama Which Had Not Been Registered Under Registration Act,Court of Record,,15,headnote_only,order_text,unknown
S. 5--Registration Act (XVI of 1908)_CONSTITUTION OF PAKISTAN 1973 S. 5---WEST PAKISTAN FAMILY COURTS ACT (XXXV OF 1964)_1,S. 5--Registration Act (XVI of 1908) CONSTITUTION OF PAKISTAN 1973 S. 5---WEST PAKISTAN FAMILY COURTS ACT (XXXV OF 1964) 1,Art. 199---Constitutional Petition---Transfer Of Immovable Property By Husband To Wife Through Nikahnama Which Had Not Been Registered Under Registration Act,Court of Record,,15,headnote_only,order_text,unknown
S. 5--Registration Act (XVI of 1908)_REGISTRATION ACT 1908 S. 5---WEST PAKISTAN FAMILY COURTS ACT (XXXV OF 1964)_1,S. 5--Registration Act (XVI of 1908) REGISTRATION ACT 1908 S. 5---WEST PAKISTAN FAMILY COURTS ACT (XXXV OF 1964) 1,Art. 199---Constitutional Petition---Transfer Of Immovable Property By Husband To Wife Through Nikahnama Which Had Not Been Registered Under Registration Act,Court of Record,,15,headnote_only,order_text,unknown
Income Tax Ordinance 1979--129_CONSTITUTION OF PAKISTAN 1973--199_1,Income Tax Ordinance 1979--129 CONSTITUTION OF PAKISTAN 1973--199 1,Income Tax Ordinance 1979--134,Court of Record,,4,headnote_only,order_text,unknown
Art. 199---Constitutional petition---Fixation and payment of dower---Wife's entitlement to dower property as per its entry in Nikahnama---Husband denied fixation of dower and its incorporation in the deed----Effect---Courts below concurrently found wife to be entitled to dower which had been entered in Nikahnama at the time of Nikah--Validity---Dower claimed by wife was incorporated in relevant column of Nikahnama---Husband's denial of fixation of dower in toto was negatived by concurrent findings of Courts below_WEST PAKISTAN FAMILY COURT ACT 1964 S. 5 & SCHED.---CONSTITUTION OF PAKISTAN (1973)_1,Art. 199---Constitutional petition---Fixation and payment of dower---Wife's entitlement to dower property as per its entry in Nikahnama---Husband denied fixation of dower and its incorporation in the deed----Effect---Courts below concurrently found wife to be entitled to dower which had been entered in Nikahnama at the time of Nikah--Validity---Dower claimed by wife was incorporated in relevant column of Nikahnama---Husband's denial of fixation of dower in toto was negatived by concurrent findings of Courts below WEST PAKISTAN FAMILY COURT ACT 1964 S. 5 & SCHED.---CONSTITUTION OF PAKISTAN (1973) 1,Execution Thereof,Court of Record,,38,headnote_only,order_text,unknown
Art. 199---Constitutional petition---Fixation and payment of dower---Wife's entitlement to dower property as per its entry in Nikahnama---Husband denied fixation of dower and its incorporation in the deed----Effect---Courts below concurrently found wife to be entitled to dower which had been entered in Nikahnama at the time of Nikah--Validity---Dower claimed by wife was incorporated in relevant column of Nikahnama---Husband's denial of fixation of dower in toto was negatived by concurrent findings of Courts below_S. 5 & SCHED.---CONSTITUTION OF PAKISTAN (1973)_1,Art. 199---Constitutional petition---Fixation and payment of dower---Wife's entitlement to dower property as per its entry in Nikahnama---Husband denied fixation of dower and its incorporation in the deed----Effect---Courts below concurrently found wife to be entitled to dower which had been entered in Nikahnama at the time of Nikah--Validity---Dower claimed by wife was incorporated in relevant column of Nikahnama---Husband's denial of fixation of dower in toto was negatived by concurrent findings of Courts below S. 5 & SCHED.---CONSTITUTION OF PAKISTAN (1973) 1,Execution Thereof,Court of Record,,38,headnote_only,order_text,unknown
Ss. 13 & 20 --- Object_CRIMINAL PROCEDURE CODE (CR.P.C) S.103 --- WEST PAKISTAN ARMS ORDINANCE (XX OF 1965)_1,Ss. 13 & 20 --- Object CRIMINAL PROCEDURE CODE (CR.P.C) S.103 --- WEST PAKISTAN ARMS ORDINANCE (XX OF 1965) 1,Cr.P.C.-Search --- Recovery --- Evidence-- Requirements --- Exception --- Joining Of Two Or More Respectable Persons From The Locality To Witness Search --- When Necessary --- Search Of A Running Vehicle Does Not Attract S.103,Court of Record,,4,headnote_only,order_text,unknown
Ss. 13 & 20 --- Object_WEST PAKISTAN ARMS ORDINANCE 1965 S.103 --- WEST PAKISTAN ARMS ORDINANCE (XX OF 1965)_1,Ss. 13 & 20 --- Object WEST PAKISTAN ARMS ORDINANCE 1965 S.103 --- WEST PAKISTAN ARMS ORDINANCE (XX OF 1965) 1,Cr.P.C.-Search --- Recovery --- Evidence-- Requirements --- Exception --- Joining Of Two Or More Respectable Persons From The Locality To Witness Search --- When Necessary --- Search Of A Running Vehicle Does Not Attract S.103,Court of Record,,4,headnote_only,order_text,unknown
Ss. 13 & 20 --- Object_S.103 --- WEST PAKISTAN ARMS ORDINANCE (XX OF 1965)_1,Ss. 13 & 20 --- Object S.103 --- WEST PAKISTAN ARMS ORDINANCE (XX OF 1965) 1,Cr.P.C.-Search --- Recovery --- Evidence-- Requirements --- Exception --- Joining Of Two Or More Respectable Persons From The Locality To Witness Search --- When Necessary --- Search Of A Running Vehicle Does Not Attract S.103,Court of Record,,4,headnote_only,order_text,unknown
S. 417---Appeal against acquittal ---Co-accused who was a proclaimed offender and had involved the accused in the case_S. 156(1)(89)---CRIMINAL PROCEDURE CODE (V OF 1898)_1,S. 417---Appeal against acquittal ---Co-accused who was a proclaimed offender and had involved the accused in the case S. 156(1)(89)---CRIMINAL PROCEDURE CODE (V OF 1898) 1,Accused Under Art. 3/4 Of The Prohibition (Enforcement Of Hadd) Order,Court of Record,,33,headnote_only,order_text,unknown
S. 417---Appeal against acquittal ---Co-accused who was a proclaimed offender and had involved the accused in the case_CUSTOMS ACT 1969 S. 156(1)(89)---CRIMINAL PROCEDURE CODE (V OF 1898)_1,S. 417---Appeal against acquittal ---Co-accused who was a proclaimed offender and had involved the accused in the case CUSTOMS ACT 1969 S. 156(1)(89)---CRIMINAL PROCEDURE CODE (V OF 1898) 1,Accused Under Art. 3/4 Of The Prohibition (Enforcement Of Hadd) Order,Court of Record,,33,headnote_only,order_text,unknown
rights_CONTRACT ACT 1872 S. 188---ATTORNEY---EXTENT OF ATTORNEY AGENT'S AUTHORITY IN MATTER OF ALIENATIONS OF IMMOVABLE PROPERTY ON BEHALF OF. PRINCIPAL---ATTORNEY DERIVES AUTHORITY FROM PRINCIPAL WITH REGARD TO HIS PROPERTY EITHER FOR ITS MANAGEMENT OR FOR ITS ALIENATION FOR SPECIFIC PURPOSE---ATTORNEY MUST ACT WITHIN FRAMEWORK OF POWER OF ATTORNEY WHICH WAS DEPOSITORY OF INTENTION_1,rights CONTRACT ACT 1872 S. 188---ATTORNEY---EXTENT OF ATTORNEY AGENT'S AUTHORITY IN MATTER OF ALIENATIONS OF IMMOVABLE PROPERTY ON BEHALF OF. PRINCIPAL---ATTORNEY DERIVES AUTHORITY FROM PRINCIPAL WITH REGARD TO HIS PROPERTY EITHER FOR ITS MANAGEMENT OR FOR ITS ALIENATION FOR SPECIFIC PURPOSE---ATTORNEY MUST ACT WITHIN FRAMEWORK OF POWER OF ATTORNEY WHICH WAS DEPOSITORY OF INTENTION 1,He Was Expected In Law To Act For The Benefit Of His Principal-,Court of Record,,11,headnote_only,order_text,unknown
42 & 54 --- Transfer of Property Act (IV of 1882)_SS. 12_1,42 & 54 --- Transfer of Property Act (IV of 1882) SS. 12 1,Ss. 17 & 49 --- Suit For Declaration Of Title On Basis Of Agreement Of Partnership --- Competency --- Entitlement To Acquire Rights Under Partnership Agreement --- Essentials --- Effect Of Non-Registration Of Agreement Of Partnership --- Remedy Of Person In Possession Of,Court of Record,,36,headnote_only,order_text,unknown
129_SS. 65_1,129 SS. 65 1,.136 --- Constitution Of Pakistan (1973),Court of Record,,10,headnote_only,order_text,unknown
remained with donor and after his death with his heirs--Validity of gift which was enveloped by artful concealment and contrivance_MUHAMMADAN LAW GIFT---NON-DELIVERY OF POSSESSION---NON-READING OF EVIDENCE BY COURTS BELOW---EFFECT---TRANSFER OF LAND BY ATTORNEY TO HIS WIFE ON BEHALF OF PRINCIPAL THROUGH GIFT AND SALE-DEEDS---DEEDS IN QUESTION WERE KEPT SECRET TILL THE DEATH OF PRINCIPAL FOR A PERIOD OF MORE THAN THREE YEARS---POSSESSION OF PROPERTY IN QUESTION EVEN AFTER GIFT_1,remained with donor and after his death with his heirs--Validity of gift which was enveloped by artful concealment and contrivance MUHAMMADAN LAW GIFT---NON-DELIVERY OF POSSESSION---NON-READING OF EVIDENCE BY COURTS BELOW---EFFECT---TRANSFER OF LAND BY ATTORNEY TO HIS WIFE ON BEHALF OF PRINCIPAL THROUGH GIFT AND SALE-DEEDS---DEEDS IN QUESTION WERE KEPT SECRET TILL THE DEATH OF PRINCIPAL FOR A PERIOD OF MORE THAN THREE YEARS---POSSESSION OF PROPERTY IN QUESTION EVEN AFTER GIFT 1,Donee Of Any Interest In Subject-Matter Of Gift Had Been Totally Ignored By Lower Forums---Findings Of Courts Below Whereby They Had Put Seal Of Validity To Gift Allegedly Made By Donor In Favour Of Attorney'S Wife,Court of Record,,23,headnote_only,order_text,unknown
6 & 11---Civil Procedure Code (V of 1908)_RR. 5_1,6 & 11---Civil Procedure Code (V of 1908) RR. 5 1,In That Under R.5,Court of Record,,7,headnote_only,order_text,unknown
Cl. 9---Lahore High Court (Establishment of Benches) Rules_CONSTITUTION OF PAKISTAN 1973 S. 24---LETTERS PATENT LAHORE (1919)_1,Cl. 9---Lahore High Court (Establishment of Benches) Rules CONSTITUTION OF PAKISTAN 1973 S. 24---LETTERS PATENT LAHORE (1919) 1,Rr.6,Court of Record,,7,headnote_only,order_text,unknown
6 & 11---Civil Procedure Code (V of 1908)_LAHORE HIGH COURT (ESTABLISHMENT OF BENCHES) RULES 1981 RR. 5_1,6 & 11---Civil Procedure Code (V of 1908) LAHORE HIGH COURT (ESTABLISHMENT OF BENCHES) RULES 1981 RR. 5 1,In That Under R.5,Court of Record,,7,headnote_only,order_text,unknown
even if the parties had not specifically referred the question of interpretation of the clause_ARBITRATION ACT 1940 ---- SS. 30 & 33 --- AWARD --- BOTH THE PARTIES TO ARBITRATION HAD PRESSED INTO SERVICE THE PROVISION OF A CERTAIN CLAUSE IN THE AGREEMENT IN SUPPORT OF THEIR RESPECTIVE STANDS --- SCOPE OF SAID CLAUSE OF AGREEMENT BEING THE MAIN BONE OF CONTENTION BETWEEN THE PARTIES IN THE CASE_1,even if the parties had not specifically referred the question of interpretation of the clause ARBITRATION ACT 1940 ---- SS. 30 & 33 --- AWARD --- BOTH THE PARTIES TO ARBITRATION HAD PRESSED INTO SERVICE THE PROVISION OF A CERTAIN CLAUSE IN THE AGREEMENT IN SUPPORT OF THEIR RESPECTIVE STANDS --- SCOPE OF SAID CLAUSE OF AGREEMENT BEING THE MAIN BONE OF CONTENTION BETWEEN THE PARTIES IN THE CASE 1,Fell Within The Scope Of Reference,Court of Record,,7,headnote_only,order_text,unknown
S302/324/148/149 --- Special Courts for Speedy Trials (Repeal) Ordinance (XLII of 1994)_SS. 350 & 439 --- PENAL CODE (XLV OF 1860)_1,S302/324/148/149 --- Special Courts for Speedy Trials (Repeal) Ordinance (XLII of 1994) SS. 350 & 439 --- PENAL CODE (XLV OF 1860) 1,1994,Court of Record,,49,headnote_only,order_text,unknown
S302/324/148/149 --- Special Courts for Speedy Trials (Repeal) Ordinance (XLII of 1994)_CRIMINAL PROCEDURE CODE (CR.P.C) SS. 350 & 439 --- PENAL CODE (XLV OF 1860)_1,S302/324/148/149 --- Special Courts for Speedy Trials (Repeal) Ordinance (XLII of 1994) CRIMINAL PROCEDURE CODE (CR.P.C) SS. 350 & 439 --- PENAL CODE (XLV OF 1860) 1,1994,Court of Record,,49,headnote_only,order_text,unknown
S302/324/148/149 --- Special Courts for Speedy Trials (Repeal) Ordinance (XLII of 1994)_PAKISTAN PENAL CODE SS. 350 & 439 --- PENAL CODE (XLV OF 1860)_1,S302/324/148/149 --- Special Courts for Speedy Trials (Repeal) Ordinance (XLII of 1994) PAKISTAN PENAL CODE SS. 350 & 439 --- PENAL CODE (XLV OF 1860) 1,1994,Court of Record,,49,headnote_only,order_text,unknown
Art. 199 --- Constitutional petition --- District Magistrate by means of an order passed under S.144_S. 144---CONSTITUTION OF PAKISTAN (1973)_1,Art. 199 --- Constitutional petition --- District Magistrate by means of an order passed under S.144 S. 144---CONSTITUTION OF PAKISTAN (1973) 1,Cr.P.C. Could Be. Exercised In Such A Situation --- Imposition Of The Aforesaid Order Tantamounted To Restriction And Impediment On Inter-Provincial Trade The Regulation Of Which Was A Federal Subject--:,Court of Record,,12,headnote_only,order_text,unknown
Art. 199 --- Constitutional petition --- District Magistrate by means of an order passed under S.144_CRIMINAL PROCEDURE CODE (CR.P.C) S. 144---CONSTITUTION OF PAKISTAN (1973)_1,Art. 199 --- Constitutional petition --- District Magistrate by means of an order passed under S.144 CRIMINAL PROCEDURE CODE (CR.P.C) S. 144---CONSTITUTION OF PAKISTAN (1973) 1,Cr.P.C. Could Be. Exercised In Such A Situation --- Imposition Of The Aforesaid Order Tantamounted To Restriction And Impediment On Inter-Provincial Trade The Regulation Of Which Was A Federal Subject--:,Court of Record,,12,headnote_only,order_text,unknown
Art.199 --- Quashing of FI.R.---Radiological age of lady accused could safely be relied upon as against her age mentioned in the school leaving certificate --- Accused being sui juris had lawfully married each other and no offence as alleged in the F.I.R. having been made out_OFFENCE OF ZINA (ENFORCEMENT OF HUDOOD) ORDINANCE 1979 SS. 11 & 16 --- CONSTITUTION OF PAKISTAN (1973)_1,Art.199 --- Quashing of FI.R.---Radiological age of lady accused could safely be relied upon as against her age mentioned in the school leaving certificate --- Accused being sui juris had lawfully married each other and no offence as alleged in the F.I.R. having been made out OFFENCE OF ZINA (ENFORCEMENT OF HUDOOD) ORDINANCE 1979 SS. 11 & 16 --- CONSTITUTION OF PAKISTAN (1973) 1,In Circumstances,Court of Record,,53,headnote_only,order_text,unknown
Art.199 --- Quashing of FI.R.---Radiological age of lady accused could safely be relied upon as against her age mentioned in the school leaving certificate --- Accused being sui juris had lawfully married each other and no offence as alleged in the F.I.R. having been made out_SS. 11 & 16 --- CONSTITUTION OF PAKISTAN (1973)_1,Art.199 --- Quashing of FI.R.---Radiological age of lady accused could safely be relied upon as against her age mentioned in the school leaving certificate --- Accused being sui juris had lawfully married each other and no offence as alleged in the F.I.R. having been made out SS. 11 & 16 --- CONSTITUTION OF PAKISTAN (1973) 1,In Circumstances,Court of Record,,53,headnote_only,order_text,unknown
-Appreciation of evidence --- Procedure-- Petitioner through - miscellaneous applications alleged that massive interpolation had taken place in the election record in connection with recount in conspiracy with officers of Election Commission; that in the recount ballet papers had been found with National Identity Card numbers and serial numbers of the voters list noted on the back_REPRESENTATION OF THE PEOPLE ACT 1976 S. 52 --- ELECTION PETITION--_1,-Appreciation of evidence --- Procedure-- Petitioner through - miscellaneous applications alleged that massive interpolation had taken place in the election record in connection with recount in conspiracy with officers of Election Commission; that in the recount ballet papers had been found with National Identity Card numbers and serial numbers of the voters list noted on the back REPRESENTATION OF THE PEOPLE ACT 1976 S. 52 --- ELECTION PETITION-- 1,However,Court of Record,,29,headnote_only,order_text,unknown
Art. 199 --- Constitutional petition--- Residential property in terms of S.4_CONSTITUTION OF PAKISTAN 1973 S. 4 --- CONSTITUTION OF PAKISTAN (1973)_1,Art. 199 --- Constitutional petition--- Residential property in terms of S.4 CONSTITUTION OF PAKISTAN 1973 S. 4 --- CONSTITUTION OF PAKISTAN (1973) 1,--- Character Of Properties In Big Cities --- Judicial Notice Could Be Taken Of The Fact That Properties Which Were Initially Residential In Character,Court of Record,,13,headnote_only,order_text,unknown
Art. 23 --- Object_S. 4 --- CONSTITUTION OF PAKISTAN (1973)_1,Art. 23 --- Object S. 4 --- CONSTITUTION OF PAKISTAN (1973) 1,Partition Ad,Court of Record,,23,headnote_only,order_text,unknown
Art. 23 --- Object_PARTITION ACT 1893 S. 4 --- CONSTITUTION OF PAKISTAN (1973)_1,Art. 23 --- Object PARTITION ACT 1893 S. 4 --- CONSTITUTION OF PAKISTAN (1973) 1,Partition Ad,Court of Record,,23,headnote_only,order_text,unknown
Arts.199 & 203 --- Civil Procedure Code (V of 1908)_CODE OF CIVIL PROCEDURE 1908 S. 7---CONSTITUTION OF PAKISTAN (1973)_1,Arts.199 & 203 --- Civil Procedure Code (V of 1908) CODE OF CIVIL PROCEDURE 1908 S. 7---CONSTITUTION OF PAKISTAN (1973) 1,_-Cunstitutional Petition Assumption Of Control,Court of Record,,7,headnote_only,order_text,unknown
Arts.199 & 203 --- Civil Procedure Code (V of 1908)_CONSTITUTION OF PAKISTAN 1973 S. 7---CONSTITUTION OF PAKISTAN (1973)_1,Arts.199 & 203 --- Civil Procedure Code (V of 1908) CONSTITUTION OF PAKISTAN 1973 S. 7---CONSTITUTION OF PAKISTAN (1973) 1,_-Cunstitutional Petition Assumption Of Control,Court of Record,,7,headnote_only,order_text,unknown
Arts.199 & 203 --- Civil Procedure Code (V of 1908)_S. 7---CONSTITUTION OF PAKISTAN (1973)_1,Arts.199 & 203 --- Civil Procedure Code (V of 1908) S. 7---CONSTITUTION OF PAKISTAN (1973) 1,_-Cunstitutional Petition Assumption Of Control,Court of Record,,7,headnote_only,order_text,unknown
4_LAND ACQUISITION ACT 1894 SS. 23_1,4 LAND ACQUISITION ACT 1894 SS. 23 1,Land Acquisition Act,Court of Record,,16,headnote_only,order_text,unknown
4_SS. 23_1,4 SS. 23 1,Land Acquisition Act,Court of Record,,16,headnote_only,order_text,unknown
Ss.314_PAKISTAN PENAL CODE S. 497.(5) --- PENAL CODE (XLV OF 1860)_1,Ss.314 PAKISTAN PENAL CODE S. 497.(5) --- PENAL CODE (XLV OF 1860) 1,Art.185(3) --- Bail,Court of Record,,95,headnote_only,order_text,unknown
Ss.314_S. 497.(5) --- PENAL CODE (XLV OF 1860)_1,Ss.314 S. 497.(5) --- PENAL CODE (XLV OF 1860) 1,Art.185(3) --- Bail,Court of Record,,95,headnote_only,order_text,unknown
42 & 54 --- Transfer of Property Act (IV of 1882)_REGISTRATION ACT 1908 SS. 12_1,42 & 54 --- Transfer of Property Act (IV of 1882) REGISTRATION ACT 1908 SS. 12 1,Ss. 17 & 49 --- Suit For Declaration Of Title On Basis Of Agreement Of Partnership --- Competency --- Entitlement To Acquire Rights Under Partnership Agreement --- Essentials --- Effect Of Non-Registration Of Agreement Of Partnership --- Remedy Of Person In Possession Of,Court of Record,,36,headnote_only,order_text,unknown
R. 11 & O.IX_VII_1,R. 11 & O.IX VII 1,Also Dismissed Main Suit- - Validity --- Matter Relating To Rejection Of Plaint Having Been Posted For Hearing Before Trial Court,Court of Record,,33,headnote_only,order_text,unknown
Art. 199 ??? Decision of statutory body within scope of its authority ??? constitutional jurisdiction of High Court relating to such decision ??? Extent ??? Treating particular qualification equivalent to particular professional qualification by University/Government ??? Pakistan Engineering Council whether bound to give effect to such decision ??? High Court in exercise of its Constitutional jurisdiction could not sit as Court of appeal over decision of a body incorporated under statute for deciding whether particular qualification should be recognized under the' relevant statute ??? Fact that Sindh University_CONSTITUTION OF PAKISTAN 1973 S. 10 & FIRST SCHED.???CONSTITUTION OF PAKISTAN (1973)_1,Art. 199 ??? Decision of statutory body within scope of its authority ??? constitutional jurisdiction of High Court relating to such decision ??? Extent ??? Treating particular qualification equivalent to particular professional qualification by University/Government ??? Pakistan Engineering Council whether bound to give effect to such decision ??? High Court in exercise of its Constitutional jurisdiction could not sit as Court of appeal over decision of a body incorporated under statute for deciding whether particular qualification should be recognized under the' relevant statute ??? Fact that Sindh University CONSTITUTION OF PAKISTAN 1973 S. 10 & FIRST SCHED.???CONSTITUTION OF PAKISTAN (1973) 1,Could Not Be Relevant For Purpose Of Decision By Authority Concerned Under Relevant Statute ??? Decision Of A Certain University To Treat M.Sc. (Communication) Or M.Sc. (Electronics) As Engineering Qualification Would Not Be Binding On Pakistan Engineering Council,Court of Record,,16,headnote_only,order_text,unknown
"Cr.P.C. though not defined by the legislative_CRIMINAL PROCEDURE CODE (CR.P.C) S. 526 --- TRANSFER OF CASE---""""PARTY INTERESTED""""---CONNOTATION --- EXPRESSION """"PARTY INTERESTED"""" APPEARING IN S.526(3)_1","Cr.P.C. though not defined by the legislative CRIMINAL PROCEDURE CODE (CR.P.C) S. 526 --- TRANSFER OF CASE---""""PARTY INTERESTED""""---CONNOTATION --- EXPRESSION """"PARTY INTERESTED"""" APPEARING IN S.526(3) 1",The Accused Persons,Court of Record,,26,headnote_only,order_text,unknown
21 & 22 --- West Pakistan Land Revenue Act (XVII of'1967)_PEOPLES FINANCE CORPORATION ACT 1972 SS. 20_1,21 & 22 --- West Pakistan Land Revenue Act (XVII of'1967) PEOPLES FINANCE CORPORATION ACT 1972 SS. 20 1,People'S Finance Corporation Act,Court of Record,,61,headnote_only,order_text,unknown
21 & 22 --- West Pakistan Land Revenue Act (XVII of'1967)_SS. 20_1,21 & 22 --- West Pakistan Land Revenue Act (XVII of'1967) SS. 20 1,People'S Finance Corporation Act,Court of Record,,61,headnote_only,order_text,unknown
Ss4 & 5 --- West Pakistan Arms Ordinance (XX of 1965)_BAIL GRANDED.---- S.497(2) --- EXPLOSIVE SUBSTANCES ACT (XI OF 1908)_1,Ss4 & 5 --- West Pakistan Arms Ordinance (XX of 1965) BAIL GRANDED.---- S.497(2) --- EXPLOSIVE SUBSTANCES ACT (XI OF 1908) 1,Grant Of --- Accused Himself Being A Victim Of The Explosion Could Not Be Saddled With The Mens Rea Or The Knowledge Which Were The Necessary ~ Ingredients Of Ss4 & 5 Of The Explosive Substances Act,Court of Record,,10,headnote_only,order_text,unknown
Ss4 & 5 --- West Pakistan Arms Ordinance (XX of 1965)_EXPLOSIVE SUBSTANCES ACT 1908 S.497(2) --- EXPLOSIVE SUBSTANCES ACT (XI OF 1908)_1,Ss4 & 5 --- West Pakistan Arms Ordinance (XX of 1965) EXPLOSIVE SUBSTANCES ACT 1908 S.497(2) --- EXPLOSIVE SUBSTANCES ACT (XI OF 1908) 1,Grant Of --- Accused Himself Being A Victim Of The Explosion Could Not Be Saddled With The Mens Rea Or The Knowledge Which Were The Necessary ~ Ingredients Of Ss4 & 5 Of The Explosive Substances Act,Court of Record,,10,headnote_only,order_text,unknown
Ss. 337-L(2)_CRIMINAL PROCEDURE CODE (CR.P.C) 426 --- PENAL CODE (XLV OF '1860)_1,Ss. 337-L(2) CRIMINAL PROCEDURE CODE (CR.P.C) 426 --- PENAL CODE (XLV OF '1860) 1,337-F(Iv) & 71 --- Sentence --- Suspension' Of --- Injuries Attributed To Accused Forming Basis Of His Conviction Were Simple In Nature --- Separate Sentences Awarded To Accused For Having Caused Each Injury To The Prosecution Witness Could ' Riot Be Maintained In View Of S.71,Court of Record,,9,headnote_only,order_text,unknown
Ss. 337-L(2)_426 --- PENAL CODE (XLV OF '1860)_1,Ss. 337-L(2) 426 --- PENAL CODE (XLV OF '1860) 1,337-F(Iv) & 71 --- Sentence --- Suspension' Of --- Injuries Attributed To Accused Forming Basis Of His Conviction Were Simple In Nature --- Separate Sentences Awarded To Accused For Having Caused Each Injury To The Prosecution Witness Could ' Riot Be Maintained In View Of S.71,Court of Record,,9,headnote_only,order_text,unknown
Ss. 337-L(2)_PAKISTAN PENAL CODE 426 --- PENAL CODE (XLV OF '1860)_1,Ss. 337-L(2) PAKISTAN PENAL CODE 426 --- PENAL CODE (XLV OF '1860) 1,337-F(Iv) & 71 --- Sentence --- Suspension' Of --- Injuries Attributed To Accused Forming Basis Of His Conviction Were Simple In Nature --- Separate Sentences Awarded To Accused For Having Caused Each Injury To The Prosecution Witness Could ' Riot Be Maintained In View Of S.71,Court of Record,,9,headnote_only,order_text,unknown
Art. 199 --- Transfer of suits pending against petitioners from specified Banking Tribunal to other Banking Tribunals in terms of SA_BANKING TRIBUNALS ORDINANCE 1984 S. 4 --- CONSTITUTION OF PAKISTAN (1973)_1,Art. 199 --- Transfer of suits pending against petitioners from specified Banking Tribunal to other Banking Tribunals in terms of SA BANKING TRIBUNALS ORDINANCE 1984 S. 4 --- CONSTITUTION OF PAKISTAN (1973) 1,--- Validity --- Provision Of S.4(2),Court of Record,,3,headnote_only,order_text,unknown
Art. 199 --- Transfer of suits pending against petitioners from specified Banking Tribunal to other Banking Tribunals in terms of SA_S. 4 --- CONSTITUTION OF PAKISTAN (1973)_1,Art. 199 --- Transfer of suits pending against petitioners from specified Banking Tribunal to other Banking Tribunals in terms of SA S. 4 --- CONSTITUTION OF PAKISTAN (1973) 1,--- Validity --- Provision Of S.4(2),Court of Record,,3,headnote_only,order_text,unknown
Art. 199 --- Constitutional petition--Respondents posting as Assistant Chemical Examiner was challenged on plea that he did not possess minimum_CONSTITUTION OF PAKISTAN 1973 R. 13 --- CONSTITUTION OF PAKISTAN (1973_1,Art. 199 --- Constitutional petition--Respondents posting as Assistant Chemical Examiner was challenged on plea that he did not possess minimum CONSTITUTION OF PAKISTAN 1973 R. 13 --- CONSTITUTION OF PAKISTAN (1973 1,Which Required That Person Holding Such Post Must Be A Person Who Was Holding Degree In Pharmacy Or Pharmaceutical Chemistry Or Medicine Of A Pakistani University --- Grievance Had Arisen To Petitioner (Advocate) On Conviction Of His Client On -Basis Of Certificate Issued By Respondent --- Petitioners Plea Was That Assistant Chemical Examiner Being Not Qualified For The Job,Court of Record,,33,headnote_only,order_text,unknown
Art. 199 --- Constitutional petition--Respondents posting as Assistant Chemical Examiner was challenged on plea that he did not possess minimum_R. 13 --- CONSTITUTION OF PAKISTAN (1973_1,Art. 199 --- Constitutional petition--Respondents posting as Assistant Chemical Examiner was challenged on plea that he did not possess minimum R. 13 --- CONSTITUTION OF PAKISTAN (1973 1,Which Required That Person Holding Such Post Must Be A Person Who Was Holding Degree In Pharmacy Or Pharmaceutical Chemistry Or Medicine Of A Pakistani University --- Grievance Had Arisen To Petitioner (Advocate) On Conviction Of His Client On -Basis Of Certificate Issued By Respondent --- Petitioners Plea Was That Assistant Chemical Examiner Being Not Qualified For The Job,Court of Record,,33,headnote_only,order_text,unknown
for to do so was part of its duty --- Special directions for expeditious disposal of cases were issued by superior Court for purpose of expeditious decision of cases in accordance with law --- Hearing of cases should_ADMINISTRATION OF JUSTICE DECISION OF SUIT WITHIN SPECIFIED TIME --- DIRECTION BY DISTRICT JUDGE TO TRIAL COURT --- TRIAL COURT DECIDING SUIT WITH UNDUE HASTE IN ITS ANXIETY TO OBEY DIRECTION OF DISTRICT JUDGE --- TRIAL COURT'S SUCH ACT WAS APPRECIABLE THAT IT FELT BOUND TO DECIDE THE CASE WITHIN THE TIME LIMIT FIXED BY SUPERIOR COURT_1,for to do so was part of its duty --- Special directions for expeditious disposal of cases were issued by superior Court for purpose of expeditious decision of cases in accordance with law --- Hearing of cases should ADMINISTRATION OF JUSTICE DECISION OF SUIT WITHIN SPECIFIED TIME --- DIRECTION BY DISTRICT JUDGE TO TRIAL COURT --- TRIAL COURT DECIDING SUIT WITH UNDUE HASTE IN ITS ANXIETY TO OBEY DIRECTION OF DISTRICT JUDGE --- TRIAL COURT'S SUCH ACT WAS APPRECIABLE THAT IT FELT BOUND TO DECIDE THE CASE WITHIN THE TIME LIMIT FIXED BY SUPERIOR COURT 1,Be So Managed That Parties Were Not Deprived Of Their Right Of Reasonable Opportunity Of Hearing And Care Should. Be Taken That Justice Was Not Sacrificed At The Altar Of Expeditious Disposal Of Cases---Direction By A Superior Court For Disposal Of Case Within Particular Period Of Time Was Always Directory In Nature And Such Direction Should Be Followed As Far As Possible,Court of Record,,28,headnote_only,order_text,unknown
R.3 & S.96 --- Non-production of evidence --- Dismissal of suit--Presence of witnesses on previous two dates --- Three witnesses were present on the day suit was dismissed --- Such witnesses could not depose due to the fact that documents about which they were to depose_CIVIL PROCEDURE CODE --ORDER XVII OF C.P.C. ADJOURNMENTS ---- O. XVII_1,R.3 & S.96 --- Non-production of evidence --- Dismissal of suit--Presence of witnesses on previous two dates --- Three witnesses were present on the day suit was dismissed --- Such witnesses could not depose due to the fact that documents about which they were to depose CIVIL PROCEDURE CODE --ORDER XVII OF C.P.C. ADJOURNMENTS ---- O. XVII 1,But Could Not Be Produced --- Plaintiff ' Had Acted Diligently In Summoning Witnesses On Two Dates Of Hearing --- Norf-Requisitioning Of Documents About Which Witnesses Were. To Depose Was On Account Of Short Adjournment Of Three Days Granted For The Purpose --- Case Having Not Been Adjourned On Specified Date,Court of Record,,4,headnote_only,order_text,unknown
R.3 & S.96 --- Non-production of evidence --- Dismissal of suit--Presence of witnesses on previous two dates --- Three witnesses were present on the day suit was dismissed --- Such witnesses could not depose due to the fact that documents about which they were to depose_CODE OF CIVIL PROCEDURE 1908 ---- O. XVII_1,R.3 & S.96 --- Non-production of evidence --- Dismissal of suit--Presence of witnesses on previous two dates --- Three witnesses were present on the day suit was dismissed --- Such witnesses could not depose due to the fact that documents about which they were to depose CODE OF CIVIL PROCEDURE 1908 ---- O. XVII 1,But Could Not Be Produced --- Plaintiff ' Had Acted Diligently In Summoning Witnesses On Two Dates Of Hearing --- Norf-Requisitioning Of Documents About Which Witnesses Were. To Depose Was On Account Of Short Adjournment Of Three Days Granted For The Purpose --- Case Having Not Been Adjourned On Specified Date,Court of Record,,4,headnote_only,order_text,unknown
third proviso---Prohibition (Enforcement of Hadd) Order (4 of 1979)_CONSTITUTION OF PAKISTAN 1973 497(L)_1,third proviso---Prohibition (Enforcement of Hadd) Order (4 of 1979) CONSTITUTION OF PAKISTAN 1973 497(L) 1,Art.185(3) --- Bail-- Accused Had Been Caught Red-Handed And Huge Quantity Of Heroin Had Been Recovered From Him --- Allegations Against Accused Were Horrible And His Case Fell Under The Prohibitory Clause Of S.497(L),Court of Record,,53,headnote_only,order_text,unknown
third proviso---Prohibition (Enforcement of Hadd) Order (4 of 1979)_PROHIBITION (ENFORCEMENT OF HADD) ORDER 1979 497(L)_1,third proviso---Prohibition (Enforcement of Hadd) Order (4 of 1979) PROHIBITION (ENFORCEMENT OF HADD) ORDER 1979 497(L) 1,Art.185(3) --- Bail-- Accused Had Been Caught Red-Handed And Huge Quantity Of Heroin Had Been Recovered From Him --- Allegations Against Accused Were Horrible And His Case Fell Under The Prohibitory Clause Of S.497(L),Court of Record,,53,headnote_only,order_text,unknown
registration of-Where opposition is entered and application is contested_SS. 6 (1) (D) & 76-TRADE MARK_1,registration of-Where opposition is entered and application is contested SS. 6 (1) (D) & 76-TRADE MARK 1,Would Be Required To Give Reasons For Grant Or,Court of Record,,12,headnote_only,order_text,unknown
"nor in the Judges who man them_ADMINISTRATION OF JUSTICE CONFIDENCE IN JUDICIAL SYSTEM --- SUBORDINATE COURTS OR THE INFERIOR COURTS AS THEY ARE SOMETIMES CALLED ARE AN INTEGRAL PART OF THE JUDICIAL SYSTEM OF THE COUNTRY --- DESCRIPTION """"INFERIOR COURTS"""" OR """"INFERIOR TRIBUNE IS A CATEGORISING AND NOT A DEROGATORY DESCRIPTION --- SUCH COURTS OR TRIBUNALS ARE NOT INFERIOR IN THE DOING OF JUSTICE_1","nor in the Judges who man them ADMINISTRATION OF JUSTICE CONFIDENCE IN JUDICIAL SYSTEM --- SUBORDINATE COURTS OR THE INFERIOR COURTS AS THEY ARE SOMETIMES CALLED ARE AN INTEGRAL PART OF THE JUDICIAL SYSTEM OF THE COUNTRY --- DESCRIPTION """"INFERIOR COURTS"""" OR """"INFERIOR TRIBUNE IS A CATEGORISING AND NOT A DEROGATORY DESCRIPTION --- SUCH COURTS OR TRIBUNALS ARE NOT INFERIOR IN THE DOING OF JUSTICE 1",Therefore,Court of Record,,15,headnote_only,order_text,unknown
S302/34 --- Constitution of Pakistan (1973)_CONSTITUTION OF PAKISTAN 1973 S. 497 --- PENAL CODE (XLV OF 1860)_1,S302/34 --- Constitution of Pakistan (1973) CONSTITUTION OF PAKISTAN 1973 S. 497 --- PENAL CODE (XLV OF 1860) 1,Could Not Be Taken Into Consideration For The Purpose Of Granting Bail To Him --- Leave,Court of Record,,8,headnote_only,order_text,unknown
S302/34 --- Constitution of Pakistan (1973)_PAKISTAN PENAL CODE ---- S. 497 --- PENAL CODE (XLV OF 1860)_1,S302/34 --- Constitution of Pakistan (1973) PAKISTAN PENAL CODE ---- S. 497 --- PENAL CODE (XLV OF 1860) 1,Could Not Be Taken Into Consideration For The Purpose Of Granting Bail To Him --- Leave,Court of Record,,8,headnote_only,order_text,unknown
S302/34 --- Constitution of Pakistan (1973)_---- S. 497 --- PENAL CODE (XLV OF 1860)_1,S302/34 --- Constitution of Pakistan (1973) ---- S. 497 --- PENAL CODE (XLV OF 1860) 1,Could Not Be Taken Into Consideration For The Purpose Of Granting Bail To Him --- Leave,Court of Record,,8,headnote_only,order_text,unknown
R. 8 [as amended by Lahore High.Court amendment Notification dated 4-7-19421 & S. 115 --- Remand of case to Trial Court for fresh recording of evidence in accordance with law --- Validity --- Eleven suits instituted by plaintiff against different defendants were pending adjudication wherein Presiding Officer had recorded himself only the statement of plaintiff alone; while remaining evidence in all those cases had been recorded by some one else --- When evidence was not taken down in writing by the Presiding Officer himself_CODE OF CIVIL PROCEDURE 1908 0. XVIII_1,R. 8 [as amended by Lahore High.Court amendment Notification dated 4-7-19421 & S. 115 --- Remand of case to Trial Court for fresh recording of evidence in accordance with law --- Validity --- Eleven suits instituted by plaintiff against different defendants were pending adjudication wherein Presiding Officer had recorded himself only the statement of plaintiff alone; while remaining evidence in all those cases had been recorded by some one else --- When evidence was not taken down in writing by the Presiding Officer himself CODE OF CIVIL PROCEDURE 1908 0. XVIII 1,As Examination Of Each Witness Proceeded,Court of Record,,11,headnote_only,order_text,unknown
Art. 185(3) --- Disposal of suit on special oath for which offer was made by plaintiffs and accepted by defendants --- Validity---After offer of special oath made by plaintiffs before Trial Court which was accepted by defendants_S. 8 --- CONSTITUTION OF PAKISTAN (1973)_1,Art. 185(3) --- Disposal of suit on special oath for which offer was made by plaintiffs and accepted by defendants --- Validity---After offer of special oath made by plaintiffs before Trial Court which was accepted by defendants S. 8 --- CONSTITUTION OF PAKISTAN (1973) 1,Suit Was Rightly Disposed Of By Trial Court On Basis Of Special Oath Taken,Court of Record,,22,headnote_only,order_text,leave_refused
Art. 185(3) --- Disposal of suit on special oath for which offer was made by plaintiffs and accepted by defendants --- Validity---After offer of special oath made by plaintiffs before Trial Court which was accepted by defendants_OATHS ACT 1873 S. 8 --- CONSTITUTION OF PAKISTAN (1973)_1,Art. 185(3) --- Disposal of suit on special oath for which offer was made by plaintiffs and accepted by defendants --- Validity---After offer of special oath made by plaintiffs before Trial Court which was accepted by defendants OATHS ACT 1873 S. 8 --- CONSTITUTION OF PAKISTAN (1973) 1,Suit Was Rightly Disposed Of By Trial Court On Basis Of Special Oath Taken,Court of Record,,22,headnote_only,order_text,leave_refused
Art.199 --- Constitutional petition --- Principles of natural justice_CONSTITUTION OF PAKISTAN 1973 PARAS. 29 & 7 --- CONSTITUTION OF PAKISTAN (1973)_1,Art.199 --- Constitutional petition --- Principles of natural justice CONSTITUTION OF PAKISTAN 1973 PARAS. 29 & 7 --- CONSTITUTION OF PAKISTAN (1973) 1,Being In Contravention Of Principles Of Natural Justice,Court of Record,,11,headnote_only,order_text,unknown
Preamble --- Constitution of Pakistan (1973)_LAND REFORMS ACT 1977 PARAS. 29 & 7 --- LAND REFORMS ACT (II OF 1977)_1,Preamble --- Constitution of Pakistan (1973) LAND REFORMS ACT 1977 PARAS. 29 & 7 --- LAND REFORMS ACT (II OF 1977) 1,And Land Reforms Act,Court of Record,,20,headnote_only,order_text,unknown
R.11---Constitution of Pakistan (1973)_CODE OF CIVIL PROCEDURE 1908 S. 9 --- O.VII_1,R.11---Constitution of Pakistan (1973) CODE OF CIVIL PROCEDURE 1908 S. 9 --- O.VII 1,"""""Excess Of Jurisdiction"""" And """"Wrong Exercise Of Jurisdiction"""" --- Connotation And Distinction ---- Rejection Of Plaint By Court --- Quantum Of Jurisdictional Defect --- Where Any Magistrate Having No Powers To Decide Civil Suits Had Proceeded To Decide Such Suit",Court of Record,,15,headnote_only,order_text,disposed_of
O.VII_CONSTITUTION OF PAKISTAN 1973 ARTS. 199 & 185 --- CIVIL PROCEDURE CODE (V OF 1908)_1,O.VII CONSTITUTION OF PAKISTAN 1973 ARTS. 199 & 185 --- CIVIL PROCEDURE CODE (V OF 1908) 1,Supreme Court Observed That If Litigant Public Was Permitted To Take All Sorts Of Disputes- To High Court Without First Availing Of Other Remedies Available To Them Under Law That Would Not Only Unnecessarily Increase Work Load Of High Court But Would Also Defeat Provisions Of Law By Which Said Remedies Had Been Made Available --- Such Spree On Part Of Litigant Public,Court of Record,,29,headnote_only,order_text,unknown
38 & 70-Representation of the Peoples (Conduct of Election) Rules_--SS. 33_1,38 & 70-Representation of the Peoples (Conduct of Election) Rules --SS. 33 1,Rr. 23,Court of Record,,20,headnote_only,order_text,unknown
Art. 185 --- Bone fide personal need of landlord --- Landlord himself not appearing in Court. to explain his personal need of the premises --- High Court summoned landlord and allow him to explain why he needed shop in question --- Landlord explained in fullness his requirement for shifting to Lahore for purposes of his carrying on his business at that place --- High Court neither recorded statement of landlord nor allowed tenant to cross-examine him and dismissed tenant's appeal against election – Validity ---High Court in its judgment had indicated that landlord was better Judge of his requirements and ordinarily he ought to appear to give evidence to convince the Court of merits of his requirement --- If High Court was to decide matter solely on basis of evidence on record_CONSTITUTION OF PAKISTAN 1973 S.13 --- CONSTITUTION OF PAKISTAN (1973)_1,Art. 185 --- Bone fide personal need of landlord --- Landlord himself not appearing in Court. to explain his personal need of the premises --- High Court summoned landlord and allow him to explain why he needed shop in question --- Landlord explained in fullness his requirement for shifting to Lahore for purposes of his carrying on his business at that place --- High Court neither recorded statement of landlord nor allowed tenant to cross-examine him and dismissed tenant's appeal against election – Validity ---High Court in its judgment had indicated that landlord was better Judge of his requirements and ordinarily he ought to appear to give evidence to convince the Court of merits of his requirement --- If High Court was to decide matter solely on basis of evidence on record CONSTITUTION OF PAKISTAN 1973 S.13 --- CONSTITUTION OF PAKISTAN (1973) 1,Thus,Court of Record,,55,headnote_only,order_text,remanded
Art 185(3)---Leave to appeal was at original agreement to sell having not been produced in Court and in absence thereof_CONSTITUTION OF PAKISTAN 1973 S. 12---CONSTITUTION OF PAKISTAN (1973)_1,Art 185(3)---Leave to appeal was at original agreement to sell having not been produced in Court and in absence thereof CONSTITUTION OF PAKISTAN 1973 S. 12---CONSTITUTION OF PAKISTAN (1973) 1,Whether Vendors Had Executed Alleged Agreement To Sell Or Not; Whether It Was Not Acceptable To Common Sense,Court of Record,,22,headnote_only,order_text,unknown
Art. 20 --- Execution of agreement to sell and receipt of payment of sale price --- Proof---plaintiffs claimed to have paid entire sale consideration_S_ 12 --- QANUN-E-SHAHADAT (10 OF 1984)_1,Art. 20 --- Execution of agreement to sell and receipt of payment of sale price --- Proof---plaintiffs claimed to have paid entire sale consideration S_ 12 --- QANUN-E-SHAHADAT (10 OF 1984) 1,However,Court of Record,,52,headnote_only,order_text,unknown
his signature . s could be_QANUN-E-SHAHADAT ORDER 1984 ART. 79 --- PROOF OF SIGNATURE OF PERSON ON DOCUMENT --- MODE --- ORDINARY RULE FOR PROVING SIGNATURE OF ANY PERSON ON DOCUMENT WOULD BE TO CALL THAT PERSON IN EVIDENCE --- WHERE PERSON WHO WAS ALLEGED TO HAVE EXECUTED DOCUMENT HAD DENIED HIS SIGNATURES_1,his signature . s could be QANUN-E-SHAHADAT ORDER 1984 ART. 79 --- PROOF OF SIGNATURE OF PERSON ON DOCUMENT --- MODE --- ORDINARY RULE FOR PROVING SIGNATURE OF ANY PERSON ON DOCUMENT WOULD BE TO CALL THAT PERSON IN EVIDENCE --- WHERE PERSON WHO WAS ALLEGED TO HAVE EXECUTED DOCUMENT HAD DENIED HIS SIGNATURES 1,Person Concerned Had Signed Those Documents --- Where Both Attesting Witnesses Of Document In Question,Court of Record,,9,headnote_only,order_text,unknown
Art. 20 --- Execution of agreement to sell and receipt of payment of sale price --- Proof---plaintiffs claimed to have paid entire sale consideration_SPECIFIC RELIEF ACT 1877 S_ 12 --- QANUN-E-SHAHADAT (10 OF 1984)_1,Art. 20 --- Execution of agreement to sell and receipt of payment of sale price --- Proof---plaintiffs claimed to have paid entire sale consideration SPECIFIC RELIEF ACT 1877 S_ 12 --- QANUN-E-SHAHADAT (10 OF 1984) 1,However,Court of Record,,52,headnote_only,order_text,unknown
(XLV of 1860)_S. 497 --- PENAL CODE_1,(XLV of 1860) S. 497 --- PENAL CODE 1,Ss. 13 & 13-A --- Bail,Court of Record,,88,headnote_only,order_text,unknown
(XLV of 1860)_PAKISTAN PENAL CODE S. 497 --- PENAL CODE_1,(XLV of 1860) PAKISTAN PENAL CODE S. 497 --- PENAL CODE 1,Ss. 13 & 13-A --- Bail,Court of Record,,88,headnote_only,order_text,unknown
(XLV of 1860)_WEST PAKISTAN ARMS ORDINANCE 1965 S. 497 --- PENAL CODE_1,(XLV of 1860) WEST PAKISTAN ARMS ORDINANCE 1965 S. 497 --- PENAL CODE 1,Ss. 13 & 13-A --- Bail,Court of Record,,88,headnote_only,order_text,unknown
193 & 195 --- Civil Procedure Code (V of 1908)_CODE OF CIVIL PROCEDURE 1908 SS. 25_1,193 & 195 --- Civil Procedure Code (V of 1908) CODE OF CIVIL PROCEDURE 1908 SS. 25 1,Respectively,Court of Record,,36,headnote_only,order_text,unknown
another view of evidence was possible --- Concurrent findings of fact recorded by Courts below could be interfered with by Second Appellate Court only on ground of misreading of evidence_CODE OF CIVIL PROCEDURE 1908 S. 100 --- SECOND APPEAL --- CONCURRENT FINDINGS OF TWO COURTS BELOW --- SET ASIDE BY HIGH COURT IN SECOND APPEAL --- VALIDITY --- SCOPE OF SECOND APPEAL --- SECOND APPELLATE COURT COULD NOT INTERFERE WITH CONCURRENT FINDINGS OF FACT RECORDED BY COURTS BELOW SIMPLY ON THE GROUND THAT ON REAPPRAISAL_1,another view of evidence was possible --- Concurrent findings of fact recorded by Courts below could be interfered with by Second Appellate Court only on ground of misreading of evidence CODE OF CIVIL PROCEDURE 1908 S. 100 --- SECOND APPEAL --- CONCURRENT FINDINGS OF TWO COURTS BELOW --- SET ASIDE BY HIGH COURT IN SECOND APPEAL --- VALIDITY --- SCOPE OF SECOND APPEAL --- SECOND APPELLATE COURT COULD NOT INTERFERE WITH CONCURRENT FINDINGS OF FACT RECORDED BY COURTS BELOW SIMPLY ON THE GROUND THAT ON REAPPRAISAL 1,Such As Considerable Passage Of Time Between Happening Of An Event And Examination Of Witness In Court,Court of Record,,131,headnote_only,order_text,unknown
it was 3rd day of Ramzan and time for filing had been reduced from 3-30 p.m. to 1-30 p.m. during the month of Ramzan --- Appellant being unaware of such reduction when presented appeal on the last day of limitation at 2-30 p.m._LIMITATION ACT 1908 S. 5 --- APPEAL --- LIMITATION --- CONDONATION OF DELAY --- CONDONATION OF ONE DAY'S DELAY IN FILING APPEAL --- GROUND FOR CONDONATION WAS THAT ON THE LAST DAY OF LIMITATION_1,it was 3rd day of Ramzan and time for filing had been reduced from 3-30 p.m. to 1-30 p.m. during the month of Ramzan --- Appellant being unaware of such reduction when presented appeal on the last day of limitation at 2-30 p.m. LIMITATION ACT 1908 S. 5 --- APPEAL --- LIMITATION --- CONDONATION OF DELAY --- CONDONATION OF ONE DAY'S DELAY IN FILING APPEAL --- GROUND FOR CONDONATION WAS THAT ON THE LAST DAY OF LIMITATION 1,Thus,Court of Record,,26,headnote_only,order_text,unknown
S. 363/148/149 --- Quashing of F.I.R.- -Alleged abductee whose father and mother had died was residing with her grandfather and real maternal uncle --- In absence of real father and mother_CONSTITUTION OF PAKISTAN 1973 ART 199 --- PENAL CODE (XLV OF 1860)_1,S. 363/148/149 --- Quashing of F.I.R.- -Alleged abductee whose father and mother had died was residing with her grandfather and real maternal uncle --- In absence of real father and mother CONSTITUTION OF PAKISTAN 1973 ART 199 --- PENAL CODE (XLV OF 1860) 1,Could Not Be Said To Be Illegal -- Alleged Abductee Had Contracted Marriage With Her Own Accord And Free Will With Accused Who Was Her Real Uncle'S Son And Such Nikah Which Was Performed Prior To Registration Of F.I.R. Was Evidenced By Nikahnama Which Was A Registered Document --- Continuation Of Further Proceedings On Basis Of Impugned F.I.R.,Court of Record,,20,headnote_only,order_text,unknown
S. 363/148/149 --- Quashing of F.I.R.- -Alleged abductee whose father and mother had died was residing with her grandfather and real maternal uncle --- In absence of real father and mother_PAKISTAN PENAL CODE ART 199 --- PENAL CODE (XLV OF 1860)_1,S. 363/148/149 --- Quashing of F.I.R.- -Alleged abductee whose father and mother had died was residing with her grandfather and real maternal uncle --- In absence of real father and mother PAKISTAN PENAL CODE ART 199 --- PENAL CODE (XLV OF 1860) 1,Could Not Be Said To Be Illegal -- Alleged Abductee Had Contracted Marriage With Her Own Accord And Free Will With Accused Who Was Her Real Uncle'S Son And Such Nikah Which Was Performed Prior To Registration Of F.I.R. Was Evidenced By Nikahnama Which Was A Registered Document --- Continuation Of Further Proceedings On Basis Of Impugned F.I.R.,Court of Record,,20,headnote_only,order_text,unknown
S. 363/148/149 --- Quashing of F.I.R.- -Alleged abductee whose father and mother had died was residing with her grandfather and real maternal uncle --- In absence of real father and mother_ART 199 --- PENAL CODE (XLV OF 1860)_1,S. 363/148/149 --- Quashing of F.I.R.- -Alleged abductee whose father and mother had died was residing with her grandfather and real maternal uncle --- In absence of real father and mother ART 199 --- PENAL CODE (XLV OF 1860) 1,Could Not Be Said To Be Illegal -- Alleged Abductee Had Contracted Marriage With Her Own Accord And Free Will With Accused Who Was Her Real Uncle'S Son And Such Nikah Which Was Performed Prior To Registration Of F.I.R. Was Evidenced By Nikahnama Which Was A Registered Document --- Continuation Of Further Proceedings On Basis Of Impugned F.I.R.,Court of Record,,20,headnote_only,order_text,unknown
S.302/353 --- Bail_CRIMINAL PROCEDURE CODE (CR.P.C) S. 497 --- PENAL CODE (XLV OF 1860)_1,S.302/353 --- Bail CRIMINAL PROCEDURE CODE (CR.P.C) S. 497 --- PENAL CODE (XLV OF 1860) 1,Confession Of An Accused,Court of Record,,19,headnote_only,order_text,unknown
S.302/353 --- Bail_S. 497 --- PENAL CODE (XLV OF 1860)_1,S.302/353 --- Bail S. 497 --- PENAL CODE (XLV OF 1860) 1,Confession Of An Accused,Court of Record,,19,headnote_only,order_text,unknown
S.302/353 --- Bail_PAKISTAN PENAL CODE S. 497 --- PENAL CODE (XLV OF 1860)_1,S.302/353 --- Bail PAKISTAN PENAL CODE S. 497 --- PENAL CODE (XLV OF 1860) 1,Confession Of An Accused,Court of Record,,19,headnote_only,order_text,unknown
193 & 195 --- Civil Procedure Code (V of 1908)_CUSTOMS ACT 1969 SS. 25_1,193 & 195 --- Civil Procedure Code (V of 1908) CUSTOMS ACT 1969 SS. 25 1,Respectively,Court of Record,,36,headnote_only,order_text,unknown
yet such decision was taken in their absence and they were not informed about such decision --- Respondents_COMPANIES ORDINANCE 1984 ---- SS. 305 & 306 --- WINDING UP OF COMPANY --- DECISION TO ISSUE RIGHTS SHARES BY COMPANY --- PETITIONERS CLAIMED THAT THOUGH THEY WERE HOLDING 25 PER CENT. SHARES OF COMPANY AND WERE ALSO DIRECTORS THEREOF_1,yet such decision was taken in their absence and they were not informed about such decision --- Respondents COMPANIES ORDINANCE 1984 ---- SS. 305 & 306 --- WINDING UP OF COMPANY --- DECISION TO ISSUE RIGHTS SHARES BY COMPANY --- PETITIONERS CLAIMED THAT THOUGH THEY WERE HOLDING 25 PER CENT. SHARES OF COMPANY AND WERE ALSO DIRECTORS THEREOF 1,Placed On Record Letter Alongwith Tcs Receipts Indicating That Petitioners Were Informed About The Meeting And They Did Attend The Meeting But Raised No Objection About Sale Of Rights Shares And Such And Other Matters Relating Thereto Were Resolved Unanimously --- Public Announcement For Issuing Rights Shares Was Made In Newspaper On 3-1-1995 After Complying With All The Formalities Relating To Such Matter --- Petitioners Claim That They Came To Know About Issuance Of Rights Shares In March,Court of Record,,35,headnote_only,order_text,unknown
exercise of --- Power to direct eviction of tenant under S. 13_WEST PAKISTAN URBAN RENT RESTRICTION ORDINANCE 1959 S. 13 --- DEFAULT IN PAYMENT OF RENT --- DISCRETION OF COURT_1,exercise of --- Power to direct eviction of tenant under S. 13 WEST PAKISTAN URBAN RENT RESTRICTION ORDINANCE 1959 S. 13 --- DEFAULT IN PAYMENT OF RENT --- DISCRETION OF COURT 1,Due To Default Is Within Discretion Of Court,Court of Record,,54,headnote_only,order_text,unknown
S. 302/34 --- Suspension of sentence --- Contentions made on behalf of accused needed detailed examination and appraisal of evidence which was not warranted by law while deciding application under S.426_PAKISTAN PENAL CODE S. 426(L) --- PENAL CODE (XLV OF 1860)_1,S. 302/34 --- Suspension of sentence --- Contentions made on behalf of accused needed detailed examination and appraisal of evidence which was not warranted by law while deciding application under S.426 PAKISTAN PENAL CODE S. 426(L) --- PENAL CODE (XLV OF 1860) 1,Scope For Assessing Evidence Under S.426,Court of Record,,32,headnote_only,order_text,petition_dismissed
S. 302/34 --- Suspension of sentence --- Contentions made on behalf of accused needed detailed examination and appraisal of evidence which was not warranted by law while deciding application under S.426_S. 426(L) --- PENAL CODE (XLV OF 1860)_1,S. 302/34 --- Suspension of sentence --- Contentions made on behalf of accused needed detailed examination and appraisal of evidence which was not warranted by law while deciding application under S.426 S. 426(L) --- PENAL CODE (XLV OF 1860) 1,Scope For Assessing Evidence Under S.426,Court of Record,,32,headnote_only,order_text,petition_dismissed
Cr.P.C. cannot be used against him while excluding the exculpatory part_CRIMINAL PROCEDURE CODE (CR.P.C) S. 342 --- STATEMENT OF ACCUSED TO BE CONSIDERED IN TOTO --- INCULPATORY PART OF THE STATEMENT OF AN ACCUSED UNDER S.342_1,Cr.P.C. cannot be used against him while excluding the exculpatory part CRIMINAL PROCEDURE CODE (CR.P.C) S. 342 --- STATEMENT OF ACCUSED TO BE CONSIDERED IN TOTO --- INCULPATORY PART OF THE STATEMENT OF AN ACCUSED UNDER S.342 1,Direct Or Indirect,Court of Record,,8,headnote_only,order_text,unknown
whether sufficient to convict a woman for Zina --- Mere pregnancy is not sufficient to convict a woman for Zina_OFFENCE OF ZINA (ENFORCEMENT OF HUDOOD) ORDINANCE 1979 S. 10 --- ZINA --- PREGNANCY ALONE_1,whether sufficient to convict a woman for Zina --- Mere pregnancy is not sufficient to convict a woman for Zina OFFENCE OF ZINA (ENFORCEMENT OF HUDOOD) ORDINANCE 1979 S. 10 --- ZINA --- PREGNANCY ALONE 1,In Circumstances,Court of Record,,19,headnote_only,order_text,unknown
S352 --- Constitution of Pakistan (1973)_S. 3(3) & 10 --- CRIMINAL PROCEDURE CODE (V OF 1R99)_1,S352 --- Constitution of Pakistan (1973) S. 3(3) & 10 --- CRIMINAL PROCEDURE CODE (V OF 1R99) 1,Suppression Of Terrorist Activities (Special Courts) Act,Court of Record,,30,headnote_only,order_text,unknown
S352 --- Constitution of Pakistan (1973)_SUPPRESSION OF TERRORIST ACTIVITIES (SPECIAL COURT) ACT 1975 S. 3(3) & 10 --- CRIMINAL PROCEDURE CODE (V OF 1R99)_1,S352 --- Constitution of Pakistan (1973) SUPPRESSION OF TERRORIST ACTIVITIES (SPECIAL COURT) ACT 1975 S. 3(3) & 10 --- CRIMINAL PROCEDURE CODE (V OF 1R99) 1,Suppression Of Terrorist Activities (Special Courts) Act,Court of Record,,30,headnote_only,order_text,unknown
Arts.3_CRIMINAL PROCEDURE CODE (CR.P.C) SS. 497 & 103 --- PROHIBITION (ENFORCEMENT OF HADD) ORDER (4 OF 1979)_1,Arts.3 CRIMINAL PROCEDURE CODE (CR.P.C) SS. 497 & 103 --- PROHIBITION (ENFORCEMENT OF HADD) ORDER (4 OF 1979) 1,Grant Of --- No Search Warrant Had Been Obtained By The Police .Before Making A Search In The House Of Accused As Provided In Art.22 Of The Prohibition (Enforcement Of Hadd) Order,Court of Record,,16,headnote_only,order_text,unknown
Arts.3_SS. 497 & 103 --- PROHIBITION (ENFORCEMENT OF HADD) ORDER (4 OF 1979)_1,Arts.3 SS. 497 & 103 --- PROHIBITION (ENFORCEMENT OF HADD) ORDER (4 OF 1979) 1,Grant Of --- No Search Warrant Had Been Obtained By The Police .Before Making A Search In The House Of Accused As Provided In Art.22 Of The Prohibition (Enforcement Of Hadd) Order,Court of Record,,16,headnote_only,order_text,unknown
Arts.3_PROHIBITION (ENFORCEMENT OF HADD) ORDER 1979 SS. 497 & 103 --- PROHIBITION (ENFORCEMENT OF HADD) ORDER (4 OF 1979)_1,Arts.3 PROHIBITION (ENFORCEMENT OF HADD) ORDER 1979 SS. 497 & 103 --- PROHIBITION (ENFORCEMENT OF HADD) ORDER (4 OF 1979) 1,Grant Of --- No Search Warrant Had Been Obtained By The Police .Before Making A Search In The House Of Accused As Provided In Art.22 Of The Prohibition (Enforcement Of Hadd) Order,Court of Record,,16,headnote_only,order_text,unknown
R.2_0. XXXVII_1,R.2 0. XXXVII 1,& 0.1,Court of Record,,146,headnote_only,order_text,unknown
R.2_CIVIL PROCEDURE CODE --ORDER XXXVII OF C.P.C. SUMMARY PROCEDURE ON NEGOTIABLE INSTRUMENTS 0. XXXVII_1,R.2 CIVIL PROCEDURE CODE --ORDER XXXVII OF C.P.C. SUMMARY PROCEDURE ON NEGOTIABLE INSTRUMENTS 0. XXXVII 1,& 0.1,Court of Record,,146,headnote_only,order_text,unknown
R.2_CODE OF CIVIL PROCEDURE 1908 0. XXXVII_1,R.2 CODE OF CIVIL PROCEDURE 1908 0. XXXVII 1,& 0.1,Court of Record,,146,headnote_only,order_text,unknown
6 & 9 --- Constitution of Pakistan (1973)_CONSTITUTION OF PAKISTAN 1973 SS. 7_1,6 & 9 --- Constitution of Pakistan (1973) CONSTITUTION OF PAKISTAN 1973 SS. 7 1,Arbitration Council'S Certificate Declaring Talaq To Have Become Effective -,Court of Record,,20,headnote_only,order_text,unknown
6 & 9 --- Constitution of Pakistan (1973)_SS. 7_1,6 & 9 --- Constitution of Pakistan (1973) SS. 7 1,Arbitration Council'S Certificate Declaring Talaq To Have Become Effective -,Court of Record,,20,headnote_only,order_text,unknown
6 & 9 --- Constitution of Pakistan (1973)_MUSLIM FAMILY LAWS ORDINANCE 1961 SS. 7_1,6 & 9 --- Constitution of Pakistan (1973) MUSLIM FAMILY LAWS ORDINANCE 1961 SS. 7 1,Arbitration Council'S Certificate Declaring Talaq To Have Become Effective -,Court of Record,,20,headnote_only,order_text,unknown
notice of intimation under S. 18 of Sindh Rented Premises Ordinance_SINDH RENTED PREMISES ORDINANCE 1979 SS. 15(2)(II) & 18 --- DEFAULT IN PAYMENT OF-RENT --- ORIGINAL LANDLORD HAVING DIED_1,notice of intimation under S. 18 of Sindh Rented Premises Ordinance SINDH RENTED PREMISES ORDINANCE 1979 SS. 15(2)(II) & 18 --- DEFAULT IN PAYMENT OF-RENT --- ORIGINAL LANDLORD HAVING DIED 1,Continued Depositing Rent In Court In Name Of Deceased Landlord---Tenant,Court of Record,,21,headnote_only,order_text,unknown
15(2)(ii) & 18 --- Default in payment of rent --- Original landlord who filed ejectment application against tenant having died during pendency of ejectment application_SINDH RENTED PREMISES ORDINANCE 1979 SS. 10_1,15(2)(ii) & 18 --- Default in payment of rent --- Original landlord who filed ejectment application against tenant having died during pendency of ejectment application SINDH RENTED PREMISES ORDINANCE 1979 SS. 10 1,Continued Depositing.,Court of Record,,45,headnote_only,order_text,unknown
15(2)(ii) & 18 --- Default in payment of rent --- Original landlord who filed ejectment application against tenant having died during pendency of ejectment application_SS. 10_1,15(2)(ii) & 18 --- Default in payment of rent --- Original landlord who filed ejectment application against tenant having died during pendency of ejectment application SS. 10 1,Continued Depositing.,Court of Record,,45,headnote_only,order_text,unknown
and having been rendered into writing_ARTS. 17 & 79 --- AGREEMENT TO SELL --- ATTESTATION --- PROOF --- AGREEMENT TO SELL BEING INSTRUMENT PERTAINING TO FINANCIAL OR FUTURE OBLIGATIONS_1,and having been rendered into writing ARTS. 17 & 79 --- AGREEMENT TO SELL --- ATTESTATION --- PROOF --- AGREEMENT TO SELL BEING INSTRUMENT PERTAINING TO FINANCIAL OR FUTURE OBLIGATIONS 1,Provided They Were Alive; Subject To Process Of Court; And They Were Capable Of Evidence --- Where Such Document Was Attested By Two Witnesses,Court of Record,,3,headnote_only,order_text,unknown
193 & 195 --- Civil Procedure Code (V of 1908)_SS. 25_1,193 & 195 --- Civil Procedure Code (V of 1908) SS. 25 1,Respectively,Court of Record,,36,headnote_only,order_text,unknown
S.561-A --- Quashing of proceedings --- No evidence_PROHIBITION (ENFORCEMENT OF HADD) ORDER 1979 ART. 3/4 --- CRIMINAL PROCEDURE CODE (V OF 1898)_1,S.561-A --- Quashing of proceedings --- No evidence PROHIBITION (ENFORCEMENT OF HADD) ORDER 1979 ART. 3/4 --- CRIMINAL PROCEDURE CODE (V OF 1898) 1,Was Available Against The Accused --- Said Confessional Statement Made By Principal Accused To A Police Officer Was Not Admissible As Evidence Against The Accused---Prosecution Had Not Only Failed To Arrest The Other Absconding Accused But Also Failed To Get The Judicial Confession Of The Principal Accused Recorded Under S.164,Court of Record,,34,headnote_only,order_text,unknown
S.302/34---Bail_PAKISTAN PENAL CODE S.497(2) --- PENAL CODE (XLV OF 1860)_1,S.302/34---Bail PAKISTAN PENAL CODE S.497(2) --- PENAL CODE (XLV OF 1860) 1,Cr.P.C. Had Denied All Those Allegations Which She Had Confessed Before The Police Either Against Herself Or Against Her Co-Accused --- Medical Evidence Had Made The Prosecution Case Doubtful --- Possibility Of The Deceased Having Been Killed By Some Other Person Could Not Be Ruled Out As Brother Of The Deceased Had Named Several Other Persons,Court of Record,,4,headnote_only,order_text,unknown
S.302/34---Bail_S.497(2) --- PENAL CODE (XLV OF 1860)_1,S.302/34---Bail S.497(2) --- PENAL CODE (XLV OF 1860) 1,Cr.P.C. Had Denied All Those Allegations Which She Had Confessed Before The Police Either Against Herself Or Against Her Co-Accused --- Medical Evidence Had Made The Prosecution Case Doubtful --- Possibility Of The Deceased Having Been Killed By Some Other Person Could Not Be Ruled Out As Brother Of The Deceased Had Named Several Other Persons,Court of Record,,4,headnote_only,order_text,unknown
Ss. 10 & 14 --- Evacuee Property and Displaced Persons Laws (Repeal) Act (XIV of 1975)_CIVIL PROCEDURE CODE --ORDER VII OF C.P.C. PLAINT S. 42 --- EVACUEE TRUST PROPERTIES (MANAGEMENT AND DISPOSAL) ACT (XIII OF 1975)_1,Ss. 10 & 14 --- Evacuee Property and Displaced Persons Laws (Repeal) Act (XIV of 1975) CIVIL PROCEDURE CODE --ORDER VII OF C.P.C. PLAINT S. 42 --- EVACUEE TRUST PROPERTIES (MANAGEMENT AND DISPOSAL) ACT (XIII OF 1975) 1,0. Vii,Court of Record,,7,headnote_only,order_text,unknown
Ss. 10 & 14 --- Evacuee Property and Displaced Persons Laws (Repeal) Act (XIV of 1975)_S. 42 --- EVACUEE TRUST PROPERTIES (MANAGEMENT AND DISPOSAL) ACT (XIII OF 1975)_1,Ss. 10 & 14 --- Evacuee Property and Displaced Persons Laws (Repeal) Act (XIV of 1975) S. 42 --- EVACUEE TRUST PROPERTIES (MANAGEMENT AND DISPOSAL) ACT (XIII OF 1975) 1,0. Vii,Court of Record,,7,headnote_only,order_text,unknown
Ss. 10 & 14 --- Evacuee Property and Displaced Persons Laws (Repeal) Act (XIV of 1975)_EVACUEE TRUST PROPERTIES (MANAGEMENT AND DISPOSAL) ACT 1975 S. 42 --- EVACUEE TRUST PROPERTIES (MANAGEMENT AND DISPOSAL) ACT (XIII OF 1975)_1,Ss. 10 & 14 --- Evacuee Property and Displaced Persons Laws (Repeal) Act (XIV of 1975) EVACUEE TRUST PROPERTIES (MANAGEMENT AND DISPOSAL) ACT 1975 S. 42 --- EVACUEE TRUST PROPERTIES (MANAGEMENT AND DISPOSAL) ACT (XIII OF 1975) 1,0. Vii,Court of Record,,7,headnote_only,order_text,unknown
S.2 --- West Pakistan Family Courts Act (XXXV of 1964)_CONSTITUTION OF PAKISTAN 1973 S.7(II) --- PUNJAB COURT FEES (ABOLITION) ORDINANCE (X OF 1983)_1,S.2 --- West Pakistan Family Courts Act (XXXV of 1964) CONSTITUTION OF PAKISTAN 1973 S.7(II) --- PUNJAB COURT FEES (ABOLITION) ORDINANCE (X OF 1983) 1,Art. 199 --- No Court-Fees Was Payable On Suit For Maintenance But Fixed Amount Of Rs. 15 Was Payable As Court-Fee --Subject-Matter Of Appeal Did Not Exceed To Rs.25,Court of Record,,34,headnote_only,order_text,unknown
S.2 --- West Pakistan Family Courts Act (XXXV of 1964)_S.7(II) --- PUNJAB COURT FEES (ABOLITION) ORDINANCE (X OF 1983)_1,S.2 --- West Pakistan Family Courts Act (XXXV of 1964) S.7(II) --- PUNJAB COURT FEES (ABOLITION) ORDINANCE (X OF 1983) 1,Art. 199 --- No Court-Fees Was Payable On Suit For Maintenance But Fixed Amount Of Rs. 15 Was Payable As Court-Fee --Subject-Matter Of Appeal Did Not Exceed To Rs.25,Court of Record,,34,headnote_only,order_text,unknown
S.2 --- Court-fee payable on suits for maintenance --- Fixed court-fee of Rs. 15 would be payable on plaint in suits for maintenance under S. 19_S.19 --- PUNJAB COURT FEES (ABOLITION) ORDINANCE (X OF 1983)_1,S.2 --- Court-fee payable on suits for maintenance --- Fixed court-fee of Rs. 15 would be payable on plaint in suits for maintenance under S. 19 S.19 --- PUNJAB COURT FEES (ABOLITION) ORDINANCE (X OF 1983) 1,Act,Court of Record,,12,headnote_only,order_text,unknown
S.2 --- Court-fee payable on suits for maintenance --- Fixed court-fee of Rs. 15 would be payable on plaint in suits for maintenance under S. 19_WEST PAKISTAN FAMILY COURT ACT 1964 S.19 --- PUNJAB COURT FEES (ABOLITION) ORDINANCE (X OF 1983)_1,S.2 --- Court-fee payable on suits for maintenance --- Fixed court-fee of Rs. 15 would be payable on plaint in suits for maintenance under S. 19 WEST PAKISTAN FAMILY COURT ACT 1964 S.19 --- PUNJAB COURT FEES (ABOLITION) ORDINANCE (X OF 1983) 1,Act,Court of Record,,12,headnote_only,order_text,unknown
S.56 --- Civil Procedure Code (V of 1908)_REGINS. 17 & 96 --- SPECIFIC RELIEF ACT (I OF 1877)_1,S.56 --- Civil Procedure Code (V of 1908) REGINS. 17 & 96 --- SPECIFIC RELIEF ACT (I OF 1877) 1,Rr. 1,Court of Record,,18,headnote_only,order_text,unknown
S.56 --- Civil Procedure Code (V of 1908)_CIVIL PROCEDURE CODE --ORDER XXXIX OF C.P.C. TEMPORARY INJUNCTIONS AND INTERLOCUTORY ORDERS REGINS. 17 & 96 --- SPECIFIC RELIEF ACT (I OF 1877)_1,S.56 --- Civil Procedure Code (V of 1908) CIVIL PROCEDURE CODE --ORDER XXXIX OF C.P.C. TEMPORARY INJUNCTIONS AND INTERLOCUTORY ORDERS REGINS. 17 & 96 --- SPECIFIC RELIEF ACT (I OF 1877) 1,Rr. 1,Court of Record,,18,headnote_only,order_text,unknown
S.56 --- Civil Procedure Code (V of 1908)_LAHORE DEVELOPMENT AUTHORITY BUILDING REGULATIONS 1984 REGINS. 17 & 96 --- SPECIFIC RELIEF ACT (I OF 1877)_1,S.56 --- Civil Procedure Code (V of 1908) LAHORE DEVELOPMENT AUTHORITY BUILDING REGULATIONS 1984 REGINS. 17 & 96 --- SPECIFIC RELIEF ACT (I OF 1877) 1,Rr. 1,Court of Record,,18,headnote_only,order_text,unknown
S.12(2) & 0.1_S.14 --- CIVIL PROCEDURE CODE (V OF 1908)_1,S.12(2) & 0.1 S.14 --- CIVIL PROCEDURE CODE (V OF 1908) 1,Thus He Should -Have Been Impleaded As Party In Ejectment Proceedings And That By Not Impleading Him He Had Been Made To Suffer Irreparable Loss Because Of Collusion Between Parties --- Applicant Who Claimed To Be Dealer Of Tenant Company Had Acquired Such Dealership -From Outgoing Dealer Of Tenant Company And No Agreement Existed Between Applicant And Landlords --- Applicant Could Not Claim To Be Tenant,Court of Record,,72,headnote_only,order_text,unknown
S.12(2) & 0.1_SINDH RENTED PREMISES ORDINANCE 1979 S.14 --- CIVIL PROCEDURE CODE (V OF 1908)_1,S.12(2) & 0.1 SINDH RENTED PREMISES ORDINANCE 1979 S.14 --- CIVIL PROCEDURE CODE (V OF 1908) 1,Thus He Should -Have Been Impleaded As Party In Ejectment Proceedings And That By Not Impleading Him He Had Been Made To Suffer Irreparable Loss Because Of Collusion Between Parties --- Applicant Who Claimed To Be Dealer Of Tenant Company Had Acquired Such Dealership -From Outgoing Dealer Of Tenant Company And No Agreement Existed Between Applicant And Landlords --- Applicant Could Not Claim To Be Tenant,Court of Record,,72,headnote_only,order_text,unknown
Cr.P.C.---Where prosecution witnesses do not appear in the witness-box as their attendance is not procured by the Presiding Officer in ordinary manner or through adopting coercive methods_CRIMINAL PROCEDURE CODE (CR.P.C) S. 249-A --- APPLICABILITY OF S.249-A_1,Cr.P.C.---Where prosecution witnesses do not appear in the witness-box as their attendance is not procured by the Presiding Officer in ordinary manner or through adopting coercive methods CRIMINAL PROCEDURE CODE (CR.P.C) S. 249-A --- APPLICABILITY OF S.249-A 1,Cr.P.C. Is Not Applicable --- Fault,Court of Record,,23,headnote_only,order_text,unknown
S.417(2-A) [as inserted by Code of Criminal Procedure (Second Amendment) Act (XX of 1094)_S. 452/506---CRIMINAL PROCEDURE CODE (V OF 1898)_1,S.417(2-A) [as inserted by Code of Criminal Procedure (Second Amendment) Act (XX of 1094) S. 452/506---CRIMINAL PROCEDURE CODE (V OF 1898) 1,S.5/14 --- Appeal Against Acquittal---Complainant Challenged The Acquittal Of Accused By Magistrate Under S.249-A,Court of Record,,43,headnote_only,order_text,unknown
S.417(2-A) [as inserted by Code of Criminal Procedure (Second Amendment) Act (XX of 1094)_LIMITATION ACT 1908 S. 452/506---CRIMINAL PROCEDURE CODE (V OF 1898)_1,S.417(2-A) [as inserted by Code of Criminal Procedure (Second Amendment) Act (XX of 1094) LIMITATION ACT 1908 S. 452/506---CRIMINAL PROCEDURE CODE (V OF 1898) 1,S.5/14 --- Appeal Against Acquittal---Complainant Challenged The Acquittal Of Accused By Magistrate Under S.249-A,Court of Record,,43,headnote_only,order_text,unknown
S.417(2-A) [as inserted by Code of Criminal Procedure (Second Amendment) Act (XX of 1094)_PAKISTAN PENAL CODE S. 452/506---CRIMINAL PROCEDURE CODE (V OF 1898)_1,S.417(2-A) [as inserted by Code of Criminal Procedure (Second Amendment) Act (XX of 1094) PAKISTAN PENAL CODE S. 452/506---CRIMINAL PROCEDURE CODE (V OF 1898) 1,S.5/14 --- Appeal Against Acquittal---Complainant Challenged The Acquittal Of Accused By Magistrate Under S.249-A,Court of Record,,43,headnote_only,order_text,unknown
S4 & Sched._S. 302/324/34 --- SUPPRESSION OF TERRORIST ACTIVITIES (SPECIAL COURTS) ACT (XV OF 1975)_1,S4 & Sched. S. 302/324/34 --- SUPPRESSION OF TERRORIST ACTIVITIES (SPECIAL COURTS) ACT (XV OF 1975) 1,Art - 199 --- Constitutional Petition---Transfer Of Private Complaint To Special Court --- Case Registered Under S. 302/324/34,Court of Record,,14,headnote_only,order_text,unknown
S4 & Sched._PAKISTAN PENAL CODE S. 302/324/34 --- SUPPRESSION OF TERRORIST ACTIVITIES (SPECIAL COURTS) ACT (XV OF 1975)_1,S4 & Sched. PAKISTAN PENAL CODE S. 302/324/34 --- SUPPRESSION OF TERRORIST ACTIVITIES (SPECIAL COURTS) ACT (XV OF 1975) 1,Art - 199 --- Constitutional Petition---Transfer Of Private Complaint To Special Court --- Case Registered Under S. 302/324/34,Court of Record,,14,headnote_only,order_text,unknown
S4 & Sched._SUPPRESSION OF TERRORIST ACTIVITIES (SPECIAL COURT) ACT 1975 S. 302/324/34 --- SUPPRESSION OF TERRORIST ACTIVITIES (SPECIAL COURTS) ACT (XV OF 1975)_1,S4 & Sched. SUPPRESSION OF TERRORIST ACTIVITIES (SPECIAL COURT) ACT 1975 S. 302/324/34 --- SUPPRESSION OF TERRORIST ACTIVITIES (SPECIAL COURTS) ACT (XV OF 1975) 1,Art - 199 --- Constitutional Petition---Transfer Of Private Complaint To Special Court --- Case Registered Under S. 302/324/34,Court of Record,,14,headnote_only,order_text,unknown
. Art. 199 --- Constitutional petition --- Disabled person's entitlement to be recruited to specified post-- Number of posts in relevant. establishment was 68 and keeping in view provision of S. 10(3)_CONSTITUTION OF PAKISTAN 1973 S. 16(3)--'-CONSTITUTION OF PAKISTAN (1973)_1,. Art. 199 --- Constitutional petition --- Disabled person's entitlement to be recruited to specified post-- Number of posts in relevant. establishment was 68 and keeping in view provision of S. 10(3) CONSTITUTION OF PAKISTAN 1973 S. 16(3)--'-CONSTITUTION OF PAKISTAN (1973) 1,1,Court of Record,,45,headnote_only,order_text,petition_allowed
Art.114 --- Sale of land owned by minor female by persons claiming to be attorneys of father of female --- Validity --Documentary evidence on record clearly established that plaintiff was minor when land owned by her was sold by persons claiming to be attorneys of her father --- Any contract or transaction entered into with minor was void ab initio for minor could not give consent to create any binding contract--Principle of estoppel was also inapplicable in minor's case --- Transaction reflected in specified mutation sanctioned during minority of minor female was void ab initio for being unauhorised_SS. 11 & 183 --- QANUN-E-SHAHADAT (10 OF 1984)_1,Art.114 --- Sale of land owned by minor female by persons claiming to be attorneys of father of female --- Validity --Documentary evidence on record clearly established that plaintiff was minor when land owned by her was sold by persons claiming to be attorneys of her father --- Any contract or transaction entered into with minor was void ab initio for minor could not give consent to create any binding contract--Principle of estoppel was also inapplicable in minor's case --- Transaction reflected in specified mutation sanctioned during minority of minor female was void ab initio for being unauhorised SS. 11 & 183 --- QANUN-E-SHAHADAT (10 OF 1984) 1,On Basis Thereof,Court of Record,,28,headnote_only,order_text,unknown
Art.114 --- Sale of land owned by minor female by persons claiming to be attorneys of father of female --- Validity --Documentary evidence on record clearly established that plaintiff was minor when land owned by her was sold by persons claiming to be attorneys of her father --- Any contract or transaction entered into with minor was void ab initio for minor could not give consent to create any binding contract--Principle of estoppel was also inapplicable in minor's case --- Transaction reflected in specified mutation sanctioned during minority of minor female was void ab initio for being unauhorised_CONTRACT ACT 1872 SS. 11 & 183 --- QANUN-E-SHAHADAT (10 OF 1984)_1,Art.114 --- Sale of land owned by minor female by persons claiming to be attorneys of father of female --- Validity --Documentary evidence on record clearly established that plaintiff was minor when land owned by her was sold by persons claiming to be attorneys of her father --- Any contract or transaction entered into with minor was void ab initio for minor could not give consent to create any binding contract--Principle of estoppel was also inapplicable in minor's case --- Transaction reflected in specified mutation sanctioned during minority of minor female was void ab initio for being unauhorised CONTRACT ACT 1872 SS. 11 & 183 --- QANUN-E-SHAHADAT (10 OF 1984) 1,On Basis Thereof,Court of Record,,28,headnote_only,order_text,unknown
882)_LIMITATION ACT 1908 S. 6 --- TRANSFER OF PROPERTY ACT (IV OF 1_1,882) LIMITATION ACT 1908 S. 6 --- TRANSFER OF PROPERTY ACT (IV OF 1 1,Art,Court of Record,,34,headnote_only,order_text,unknown
882)_S. 6 --- TRANSFER OF PROPERTY ACT (IV OF 1_1,882) S. 6 --- TRANSFER OF PROPERTY ACT (IV OF 1 1,Art,Court of Record,,34,headnote_only,order_text,unknown
8 & 9 --- Object of Ss-.7_SS. 7_1,8 & 9 --- Object of Ss-.7 SS. 7 1,& 9 Of Sindh Rented Premises Ordinance,Court of Record,,46,headnote_only,order_text,unknown
8 & 9 --- Object of Ss-.7_SINDH RENTED PREMISES ORDINANCE 1979 SS. 7_1,8 & 9 --- Object of Ss-.7 SINDH RENTED PREMISES ORDINANCE 1979 SS. 7 1,& 9 Of Sindh Rented Premises Ordinance,Court of Record,,46,headnote_only,order_text,unknown
S.3 --- Intra-Court Appeal--Contractual rates --- Repair and renovation contracts for repair of roads had been successfully completed --- Authorities slashing agreed rates and unilaterally prepared curtailed final bill --- Contractor challenging such reduction in Court--Plaintiff's (Contractor's) suit was decreed by High Court --- Validity --- High Court apart from other evidence examined report of Superintending Engineer wherein it was conceded that there could not be any subsequent change in rates for any reason and that plaintiff had objected to such reduction which in opinion of Superintending Engineer was valid --- Authorities had examined only one witness who besides being not personally conversant with facts_S. 2(H) --- LAW REFORMS ORDINANCE (XII OF 1972)_1,S.3 --- Intra-Court Appeal--Contractual rates --- Repair and renovation contracts for repair of roads had been successfully completed --- Authorities slashing agreed rates and unilaterally prepared curtailed final bill --- Contractor challenging such reduction in Court--Plaintiff's (Contractor's) suit was decreed by High Court --- Validity --- High Court apart from other evidence examined report of Superintending Engineer wherein it was conceded that there could not be any subsequent change in rates for any reason and that plaintiff had objected to such reduction which in opinion of Superintending Engineer was valid --- Authorities had examined only one witness who besides being not personally conversant with facts S. 2(H) --- LAW REFORMS ORDINANCE (XII OF 1972) 1,High Court Had Correctly Decreed Suit --- As For Award Of 10 Per Cent. Interest On The Amount Decreed Was Concerned,Court of Record,,21,headnote_only,order_text,unknown
. Art. 199 --- Constitutional petition --- Disabled person's entitlement to be recruited to specified post-- Number of posts in relevant. establishment was 68 and keeping in view provision of S. 10(3)_S. 16(3)--'-CONSTITUTION OF PAKISTAN (1973)_1,. Art. 199 --- Constitutional petition --- Disabled person's entitlement to be recruited to specified post-- Number of posts in relevant. establishment was 68 and keeping in view provision of S. 10(3) S. 16(3)--'-CONSTITUTION OF PAKISTAN (1973) 1,1,Court of Record,,45,headnote_only,order_text,petition_allowed
Arts. 181_S. 144 --- LIMITATION ACT (IX OF 1908)_1,Arts. 181 S. 144 --- LIMITATION ACT (IX OF 1908) 1,C. P.C. ---Limitation --- Provision Of S. 144,Court of Record,,7,headnote_only,order_text,unknown
S.3 --- Intra-Court Appeal--Contractual rates --- Repair and renovation contracts for repair of roads had been successfully completed --- Authorities slashing agreed rates and unilaterally prepared curtailed final bill --- Contractor challenging such reduction in Court--Plaintiff's (Contractor's) suit was decreed by High Court --- Validity --- High Court apart from other evidence examined report of Superintending Engineer wherein it was conceded that there could not be any subsequent change in rates for any reason and that plaintiff had objected to such reduction which in opinion of Superintending Engineer was valid --- Authorities had examined only one witness who besides being not personally conversant with facts_LAW REFORMS ORDINANCE 1972 S. 2(H) --- LAW REFORMS ORDINANCE (XII OF 1972)_1,S.3 --- Intra-Court Appeal--Contractual rates --- Repair and renovation contracts for repair of roads had been successfully completed --- Authorities slashing agreed rates and unilaterally prepared curtailed final bill --- Contractor challenging such reduction in Court--Plaintiff's (Contractor's) suit was decreed by High Court --- Validity --- High Court apart from other evidence examined report of Superintending Engineer wherein it was conceded that there could not be any subsequent change in rates for any reason and that plaintiff had objected to such reduction which in opinion of Superintending Engineer was valid --- Authorities had examined only one witness who besides being not personally conversant with facts LAW REFORMS ORDINANCE 1972 S. 2(H) --- LAW REFORMS ORDINANCE (XII OF 1972) 1,High Court Had Correctly Decreed Suit --- As For Award Of 10 Per Cent. Interest On The Amount Decreed Was Concerned,Court of Record,,21,headnote_only,order_text,unknown
but he had obtained that plan during pendency of ejectment proceedings---Approval of plan_SINDH RENTED PREMISES ORDINANCE 1979 S. 15(2) (VI) --- EJECTMENT OF TENANT ON GROUND OF RECONSTRUCTION --- LANDLORD SEEKING EJECTMENT OF TENANT ON GROUND OF RECONSTRUCTION OF PREMISES IN QUESTION THOUGH HAD NOT OBTAINED APPROVED PLAN FROM COMPETENT AUTHORITY BEFORE FILING EJECTMENT APPLICATION_1,but he had obtained that plan during pendency of ejectment proceedings---Approval of plan SINDH RENTED PREMISES ORDINANCE 1979 S. 15(2) (VI) --- EJECTMENT OF TENANT ON GROUND OF RECONSTRUCTION --- LANDLORD SEEKING EJECTMENT OF TENANT ON GROUND OF RECONSTRUCTION OF PREMISES IN QUESTION THOUGH HAD NOT OBTAINED APPROVED PLAN FROM COMPETENT AUTHORITY BEFORE FILING EJECTMENT APPLICATION 1,Would Be A Valid Approval And Ejectment Of Tenant Could Be Ordered On Basis Thereof --- Ejectment Of Tenant Could Even Be Ordered If Once Sanction Was Obtained,Court of Record,,31,headnote_only,order_text,unknown
"S.15 --- Term """"original civil jurisdiction"""" has been used in the Companies Ordinance_PREAMBLE --- CODE OF CIVIL PROCEDURE (AMENDMENT) ORDINANCE (X OF 1980)_1","S.15 --- Term """"original civil jurisdiction"""" has been used in the Companies Ordinance PREAMBLE --- CODE OF CIVIL PROCEDURE (AMENDMENT) ORDINANCE (X OF 1980) 1",Confers Such Original Civil Jurisdiction On The High Courts,Court of Record,,17,headnote_only,order_text,unknown
290 & 292 --- Constitution of Pakistan (1973)_COMPANIES ORDINANCE 1984 SS. 265(A)(II)_1,290 & 292 --- Constitution of Pakistan (1973) COMPANIES ORDINANCE 1984 SS. 265(A)(II) 1,And If So,Court of Record,,10,headnote_only,order_text,unknown
290 & 292 --- Constitution of Pakistan (1973)_SS. 265(A)(II)_1,290 & 292 --- Constitution of Pakistan (1973) SS. 265(A)(II) 1,And If So,Court of Record,,10,headnote_only,order_text,unknown
"S.15 --- Term """"original civil jurisdiction"""" has been used in the Companies Ordinance_COMPANIES ORDINANCE 1984 PREAMBLE --- CODE OF CIVIL PROCEDURE (AMENDMENT) ORDINANCE (X OF 1980)_1","S.15 --- Term """"original civil jurisdiction"""" has been used in the Companies Ordinance COMPANIES ORDINANCE 1984 PREAMBLE --- CODE OF CIVIL PROCEDURE (AMENDMENT) ORDINANCE (X OF 1980) 1",Confers Such Original Civil Jurisdiction On The High Courts,Court of Record,,17,headnote_only,order_text,unknown
290 & 292 --- Constitution of Pakistan (1973)_CONSTITUTION OF PAKISTAN 1973 SS. 265(A)(II)_1,290 & 292 --- Constitution of Pakistan (1973) CONSTITUTION OF PAKISTAN 1973 SS. 265(A)(II) 1,And If So,Court of Record,,10,headnote_only,order_text,unknown
Art.199 --- Constitutional petition--Claim of duty draw-backs on specified man-made garment Petitioner's duty draw-back claim for 100 per cent_S.19 --- CONSTITUTION OF PAKISTAN (1973)_1,Art.199 --- Constitutional petition--Claim of duty draw-backs on specified man-made garment Petitioner's duty draw-back claim for 100 per cent S.19 --- CONSTITUTION OF PAKISTAN (1973) 1,However,Court of Record,,5,headnote_only,order_text,unknown
Art.199 --- Constitutional petition--Claim of duty draw-backs on specified man-made garment Petitioner's duty draw-back claim for 100 per cent_CUSTOMS ACT 1969 S.19 --- CONSTITUTION OF PAKISTAN (1973)_1,Art.199 --- Constitutional petition--Claim of duty draw-backs on specified man-made garment Petitioner's duty draw-back claim for 100 per cent CUSTOMS ACT 1969 S.19 --- CONSTITUTION OF PAKISTAN (1973) 1,However,Court of Record,,5,headnote_only,order_text,unknown
S.120-B/124-A/153-A/109---Official Secrets Act (XIX of 1923)_CRIMINAL PROCEDURE CODE (CR.P.C) S. 497(5)---PENAL CODE (XLV OF 1860)_1,S.120-B/124-A/153-A/109---Official Secrets Act (XIX of 1923) CRIMINAL PROCEDURE CODE (CR.P.C) S. 497(5)---PENAL CODE (XLV OF 1860) 1,Cr.P.C. Had Been Treated By The Special Court As Bail Application Which In Fact Was Non-Existent---Other Accused Had Been Treated By The Special Court To Have Been Placed In Column No.2 Of The Challan,Court of Record,,18,headnote_only,order_text,unknown
S.120-B/124-A/153-A/109---Official Secrets Act (XIX of 1923)_S. 497(5)---PENAL CODE (XLV OF 1860)_1,S.120-B/124-A/153-A/109---Official Secrets Act (XIX of 1923) S. 497(5)---PENAL CODE (XLV OF 1860) 1,Cr.P.C. Had Been Treated By The Special Court As Bail Application Which In Fact Was Non-Existent---Other Accused Had Been Treated By The Special Court To Have Been Placed In Column No.2 Of The Challan,Court of Record,,18,headnote_only,order_text,unknown
S.120-B/124-A/153-A/109---Official Secrets Act (XIX of 1923)_OFFICIAL SECRETS ACT 1923 S. 497(5)---PENAL CODE (XLV OF 1860)_1,S.120-B/124-A/153-A/109---Official Secrets Act (XIX of 1923) OFFICIAL SECRETS ACT 1923 S. 497(5)---PENAL CODE (XLV OF 1860) 1,Cr.P.C. Had Been Treated By The Special Court As Bail Application Which In Fact Was Non-Existent---Other Accused Had Been Treated By The Special Court To Have Been Placed In Column No.2 Of The Challan,Court of Record,,18,headnote_only,order_text,unknown
S.120-B/124-A/153-A/109---Official Secrets Act (XIX of 1923)_PAKISTAN PENAL CODE S. 497(5)---PENAL CODE (XLV OF 1860)_1,S.120-B/124-A/153-A/109---Official Secrets Act (XIX of 1923) PAKISTAN PENAL CODE S. 497(5)---PENAL CODE (XLV OF 1860) 1,Cr.P.C. Had Been Treated By The Special Court As Bail Application Which In Fact Was Non-Existent---Other Accused Had Been Treated By The Special Court To Have Been Placed In Column No.2 Of The Challan,Court of Record,,18,headnote_only,order_text,unknown
Companies Ordinance_SS. 305 & 306 --- WINDING UP OF COMPANY --- ESSENTIALS --- ORDER FOR WINDING UP OF COMPANY CAN BE SOUGHT OR MADE ON ALL OR ANY OF THE GROUNDS ENUMERATED IN S.305_1,Companies Ordinance SS. 305 & 306 --- WINDING UP OF COMPANY --- ESSENTIALS --- ORDER FOR WINDING UP OF COMPANY CAN BE SOUGHT OR MADE ON ALL OR ANY OF THE GROUNDS ENUMERATED IN S.305 1,Companies Ordinance,Court of Record,,18,headnote_only,order_text,unknown
Companies Ordinance_COMPANIES ORDINANCE 1984 SS. 305 & 306 --- WINDING UP OF COMPANY --- ESSENTIALS --- ORDER FOR WINDING UP OF COMPANY CAN BE SOUGHT OR MADE ON ALL OR ANY OF THE GROUNDS ENUMERATED IN S.305_1,Companies Ordinance COMPANIES ORDINANCE 1984 SS. 305 & 306 --- WINDING UP OF COMPANY --- ESSENTIALS --- ORDER FOR WINDING UP OF COMPANY CAN BE SOUGHT OR MADE ON ALL OR ANY OF THE GROUNDS ENUMERATED IN S.305 1,Companies Ordinance,Court of Record,,18,headnote_only,order_text,unknown
Arts. 35 & 199---Constitutional petition---Petitioner being sui juris of 20 years contracting marriage with a person of_S. 5 --- CONSTITUTION OF PAKISTAN (1973)_1,Arts. 35 & 199---Constitutional petition---Petitioner being sui juris of 20 years contracting marriage with a person of S. 5 --- CONSTITUTION OF PAKISTAN (1973) 1,Thus,Court of Record,,99,headnote_only,order_text,unknown
203-D(3) (a) & 247(3)---Criminal Law (Amendment) Ordinance (IV of 1990)_ARTS. 89(1)_1,203-D(3) (a) & 247(3)---Criminal Law (Amendment) Ordinance (IV of 1990) ARTS. 89(1) 1,After Issuance Of An Ordinance To Bring The Already Applicable Laws In Tribal Areas In Conformity With Injunctions Of Islam,Court of Record,,48,headnote_only,order_text,unknown
Art. 199 --- Valuation of urban land for purposes of stamp duty --- Petitioners having purchased residential property paid stamp duty as assessed by Authorities --- Deputy Commissioner (Collector) assessing valuation of such property on basis of Commercial rates assessed specified amount as stamp duty alongwith five times of deficient amount --- Validity --- Valuation of urban land for purposes of stamp duty has to be made on basis of character of property at the time of registration of sale-deed and not on its subsequent use --- Nature of property in question at the time of registration of sale-deed was residential --- Collector thus_CONSTITUTION OF PAKISTAN 1973 SS. 27-A. 33 & 38 --- CONSTITUTION OF PAKISTAN (1973)_1,Art. 199 --- Valuation of urban land for purposes of stamp duty --- Petitioners having purchased residential property paid stamp duty as assessed by Authorities --- Deputy Commissioner (Collector) assessing valuation of such property on basis of Commercial rates assessed specified amount as stamp duty alongwith five times of deficient amount --- Validity --- Valuation of urban land for purposes of stamp duty has to be made on basis of character of property at the time of registration of sale-deed and not on its subsequent use --- Nature of property in question at the time of registration of sale-deed was residential --- Collector thus CONSTITUTION OF PAKISTAN 1973 SS. 27-A. 33 & 38 --- CONSTITUTION OF PAKISTAN (1973) 1,Starrip Act,Court of Record,,47,headnote_only,order_text,unknown
Art. 199 --- Valuation of urban land for purposes of stamp duty --- Petitioners having purchased residential property paid stamp duty as assessed by Authorities --- Deputy Commissioner (Collector) assessing valuation of such property on basis of Commercial rates assessed specified amount as stamp duty alongwith five times of deficient amount --- Validity --- Valuation of urban land for purposes of stamp duty has to be made on basis of character of property at the time of registration of sale-deed and not on its subsequent use --- Nature of property in question at the time of registration of sale-deed was residential --- Collector thus_SS. 27-A. 33 & 38 --- CONSTITUTION OF PAKISTAN (1973)_1,Art. 199 --- Valuation of urban land for purposes of stamp duty --- Petitioners having purchased residential property paid stamp duty as assessed by Authorities --- Deputy Commissioner (Collector) assessing valuation of such property on basis of Commercial rates assessed specified amount as stamp duty alongwith five times of deficient amount --- Validity --- Valuation of urban land for purposes of stamp duty has to be made on basis of character of property at the time of registration of sale-deed and not on its subsequent use --- Nature of property in question at the time of registration of sale-deed was residential --- Collector thus SS. 27-A. 33 & 38 --- CONSTITUTION OF PAKISTAN (1973) 1,Starrip Act,Court of Record,,47,headnote_only,order_text,unknown
Art. 199 --- Valuation of urban land for purposes of stamp duty --- Petitioners having purchased residential property paid stamp duty as assessed by Authorities --- Deputy Commissioner (Collector) assessing valuation of such property on basis of Commercial rates assessed specified amount as stamp duty alongwith five times of deficient amount --- Validity --- Valuation of urban land for purposes of stamp duty has to be made on basis of character of property at the time of registration of sale-deed and not on its subsequent use --- Nature of property in question at the time of registration of sale-deed was residential --- Collector thus_STAMP ACT 1899 SS. 27-A. 33 & 38 --- CONSTITUTION OF PAKISTAN (1973)_1,Art. 199 --- Valuation of urban land for purposes of stamp duty --- Petitioners having purchased residential property paid stamp duty as assessed by Authorities --- Deputy Commissioner (Collector) assessing valuation of such property on basis of Commercial rates assessed specified amount as stamp duty alongwith five times of deficient amount --- Validity --- Valuation of urban land for purposes of stamp duty has to be made on basis of character of property at the time of registration of sale-deed and not on its subsequent use --- Nature of property in question at the time of registration of sale-deed was residential --- Collector thus STAMP ACT 1899 SS. 27-A. 33 & 38 --- CONSTITUTION OF PAKISTAN (1973) 1,Starrip Act,Court of Record,,47,headnote_only,order_text,unknown
6 --- Civil Procedure Code (V of 1908)_BANKING TRIBUNALS ORDINANCE 1984 S_1,6 --- Civil Procedure Code (V of 1908) BANKING TRIBUNALS ORDINANCE 1984 S 1,Had Neither Spelt Out Any Grounds Or Basis For Rejection Of The Reply Nor Any Guiding Principles Had Been Laid Down Regulating The Discretion',Court of Record,,8,headnote_only,order_text,unknown
first proviso --- Appeal --- Right of appeal having been made subject to condition of deposit_BANKING TRIBUNALS ORDINANCE 1984 S. 9_1,first proviso --- Appeal --- Right of appeal having been made subject to condition of deposit BANKING TRIBUNALS ORDINANCE 1984 S. 9 1,Banking Tribunals Ordinance,Court of Record,,13,headnote_only,order_text,unknown
exercise of ---Death of original pre-emptor during pendency of suit---Only one heir of pre-emptor exercising right of pre-emption after death of original pre-emptor- --Effect---Each heir of (preemptor) has independent right of pre-emption and can exercise such right without associating other persons possessed of equal or even superior preemptive right---Where there were more than one pre-emptors and one of them was not entitled to exercise right of pre-emption due to some disability_PUNJAB PRE-EMPTION ACT 1913 S. 15---RIGHT OF PRE-EMPTION_1,exercise of ---Death of original pre-emptor during pendency of suit---Only one heir of pre-emptor exercising right of pre-emption after death of original pre-emptor- --Effect---Each heir of (preemptor) has independent right of pre-emption and can exercise such right without associating other persons possessed of equal or even superior preemptive right---Where there were more than one pre-emptors and one of them was not entitled to exercise right of pre-emption due to some disability PUNJAB PRE-EMPTION ACT 1913 S. 15---RIGHT OF PRE-EMPTION 1,Regarding Land In Question In Toto By Directing Deletion Of Name/Names Of Those Who Were Not Entitled To Claim Superior Pre-Emption Right Except In Those Cases Where Such Pre-Emptors Insisted On Getting Joint Decree With Other Pre-Emptors Whose Superior Pre-Emption Right Was Established On Record---Where Original Preemptor Having Superior Right Of Pre-Emption Had Died And Of His Two Legal Heirs,Court of Record,,15,headnote_only,order_text,unknown
Arts. 35 & 199---Constitutional petition---Petitioner being sui juris of 20 years contracting marriage with a person of_CONSTITUTION OF PAKISTAN 1973 S. 5 --- CONSTITUTION OF PAKISTAN (1973)_1,Arts. 35 & 199---Constitutional petition---Petitioner being sui juris of 20 years contracting marriage with a person of CONSTITUTION OF PAKISTAN 1973 S. 5 --- CONSTITUTION OF PAKISTAN (1973) 1,Thus,Court of Record,,99,headnote_only,order_text,unknown
S.420/467147 1 ---Constitution of Pakistan (1973)_S. 497--- PENAL CODE (XLV OF 1860)_1,S.420/467147 1 ---Constitution of Pakistan (1973) S. 497--- PENAL CODE (XLV OF 1860) 1,It Was Required To Have Given The Clear Direction To Remain Present On The Fixed Dates,Court of Record,,44,headnote_only,order_text,unknown
S.420/467147 1 ---Constitution of Pakistan (1973)_PETITION ALLOWED.---- S. 497--- PENAL CODE (XLV OF 1860)_1,S.420/467147 1 ---Constitution of Pakistan (1973) PETITION ALLOWED.---- S. 497--- PENAL CODE (XLV OF 1860) 1,It Was Required To Have Given The Clear Direction To Remain Present On The Fixed Dates,Court of Record,,44,headnote_only,order_text,unknown
S.420/467147 1 ---Constitution of Pakistan (1973)_PAKISTAN PENAL CODE S. 497--- PENAL CODE (XLV OF 1860)_1,S.420/467147 1 ---Constitution of Pakistan (1973) PAKISTAN PENAL CODE S. 497--- PENAL CODE (XLV OF 1860) 1,It Was Required To Have Given The Clear Direction To Remain Present On The Fixed Dates,Court of Record,,44,headnote_only,order_text,unknown
Art. 188 --- Supreme Court Rules_R. 27. 11 - -CONSTITUTION OF PAKISTAN (1973)_1,Art. 188 --- Supreme Court Rules R. 27. 11 - -CONSTITUTION OF PAKISTAN (1973) 1,O.Xxvi,Court of Record,,16,headnote_only,order_text,unknown
Art. 188 --- Supreme Court Rules_PROSPECTUS OF THE UNIVERSITY OF THE ENGINEERING AND TECHNOLOGY TAXILA R. 27. 11 - -CONSTITUTION OF PAKISTAN (1973)_1,Art. 188 --- Supreme Court Rules PROSPECTUS OF THE UNIVERSITY OF THE ENGINEERING AND TECHNOLOGY TAXILA R. 27. 11 - -CONSTITUTION OF PAKISTAN (1973) 1,O.Xxvi,Court of Record,,16,headnote_only,order_text,unknown
Art. 188 --- Supreme Court Rules_SUPREME COURT RULES ORDER 1980 R. 27. 11 - -CONSTITUTION OF PAKISTAN (1973)_1,Art. 188 --- Supreme Court Rules SUPREME COURT RULES ORDER 1980 R. 27. 11 - -CONSTITUTION OF PAKISTAN (1973) 1,O.Xxvi,Court of Record,,16,headnote_only,order_text,unknown
Promotion and Transfer Rules_S. 8 --- CIVIL SERVANTS (APPOINTMENT_1,Promotion and Transfer Rules S. 8 --- CIVIL SERVANTS (APPOINTMENT 1,R.3 --- Constitution Of Pakistan (1973),Court of Record,,13,headnote_only,order_text,leave_granted
R.9-A --- Office Memorandum No.6/15/48-ME dated 31st -March_CIVIL SERVANTS ACT 1973 SS. 8 & 25(2) --- OFFICE MANAGEMENT GROUP RULES AS CONTAINED IN ESTACOD . E (1989 EDN.)_1,R.9-A --- Office Memorandum No.6/15/48-ME dated 31st -March CIVIL SERVANTS ACT 1973 SS. 8 & 25(2) --- OFFICE MANAGEMENT GROUP RULES AS CONTAINED IN ESTACOD . E (1989 EDN.) 1,Dated 4-11-1985-- Instructions To Regulate Cases Of Transfer Of Civil Servants From One Office To Another As Laid Down At P.3~5,Court of Record,,4,headnote_only,order_text,unknown
Promotion and Transfer Rules_CIVIL SERVANTS ACT 1973 S. 8 --- CIVIL SERVANTS (APPOINTMENT_1,Promotion and Transfer Rules CIVIL SERVANTS ACT 1973 S. 8 --- CIVIL SERVANTS (APPOINTMENT 1,R.3 --- Constitution Of Pakistan (1973),Court of Record,,13,headnote_only,order_text,leave_granted
Art. 185(3) --- Novation of agreement --- Effect---Suit for specific performance of agreement to sell or in the alternative for refund of specified 'amount --- Trial Court decreed suit to the extent of alternative relief --- Appellate Court reversed finding of Trial Court and granted decree for specific performance of agreement to sell --- High Court found that previous deed having been rescinded by parties of their own free-will and accord_S. 62 --- SPECIFIC RELIEF ACT (I OF 1877). S. 12 --- CONSTITUTION OF PAKISTAN (073)_1,Art. 185(3) --- Novation of agreement --- Effect---Suit for specific performance of agreement to sell or in the alternative for refund of specified 'amount --- Trial Court decreed suit to the extent of alternative relief --- Appellate Court reversed finding of Trial Court and granted decree for specific performance of agreement to sell --- High Court found that previous deed having been rescinded by parties of their own free-will and accord S. 62 --- SPECIFIC RELIEF ACT (I OF 1877). S. 12 --- CONSTITUTION OF PAKISTAN (073) 1,Inter Alia,Court of Record,,33,headnote_only,order_text,unknown
made by Federal Shariat Court and under Art. 203-F of the Constitution by Shariat Appellate Bench of Supreme Court in respect of the laws_ARTS. 203-D & 203-F---JURISDICTION OF FEDERAL SHARIAT COURT AND SHARIAT APPELLATE BENCH OF SUPREME COURT TO PROVINCIALLY ADMINISTERED TRIBAL AREAS OF BALOCHISTAN---ANY DECLARATION UNDER ART. 203-D OF THE CONSTITUTION_1,made by Federal Shariat Court and under Art. 203-F of the Constitution by Shariat Appellate Bench of Supreme Court in respect of the laws ARTS. 203-D & 203-F---JURISDICTION OF FEDERAL SHARIAT COURT AND SHARIAT APPELLATE BENCH OF SUPREME COURT TO PROVINCIALLY ADMINISTERED TRIBAL AREAS OF BALOCHISTAN---ANY DECLARATION UNDER ART. 203-D OF THE CONSTITUTION 1,The Injunctions Of Holy Qur'An And Sunnah,Court of Record,,10,headnote_only,order_text,unknown
S. 5-Authorities functioning under Industrial Relations Ordinance_S. 65-B-LIMITATION ACT (IX OF 1908)_1,S. 5-Authorities functioning under Industrial Relations Ordinance S. 65-B-LIMITATION ACT (IX OF 1908) 1,Held,Court of Record,,15,headnote_only,order_text,unknown
Art. 185(3) --- Novation of agreement --- Effect---Suit for specific performance of agreement to sell or in the alternative for refund of specified 'amount --- Trial Court decreed suit to the extent of alternative relief --- Appellate Court reversed finding of Trial Court and granted decree for specific performance of agreement to sell --- High Court found that previous deed having been rescinded by parties of their own free-will and accord_CONTRACT ACT 1872 S. 62 --- SPECIFIC RELIEF ACT (I OF 1877). S. 12 --- CONSTITUTION OF PAKISTAN (073)_1,Art. 185(3) --- Novation of agreement --- Effect---Suit for specific performance of agreement to sell or in the alternative for refund of specified 'amount --- Trial Court decreed suit to the extent of alternative relief --- Appellate Court reversed finding of Trial Court and granted decree for specific performance of agreement to sell --- High Court found that previous deed having been rescinded by parties of their own free-will and accord CONTRACT ACT 1872 S. 62 --- SPECIFIC RELIEF ACT (I OF 1877). S. 12 --- CONSTITUTION OF PAKISTAN (073) 1,Inter Alia,Court of Record,,33,headnote_only,order_text,unknown
Art. 185 (3) --- Arbitration agreement_ARBITRATION ACT 1940 S. 2-A --- CONSTITUTION OF PAKISTAN (1973)_1,Art. 185 (3) --- Arbitration agreement ARBITRATION ACT 1940 S. 2-A --- CONSTITUTION OF PAKISTAN (1973) 1,However,Court of Record,,7,headnote_only,order_text,unknown
Art. 185 (3) --- Arbitration agreement_S. 2-A --- CONSTITUTION OF PAKISTAN (1973)_1,Art. 185 (3) --- Arbitration agreement S. 2-A --- CONSTITUTION OF PAKISTAN (1973) 1,However,Court of Record,,7,headnote_only,order_text,unknown
S. 5 --- Constitution of Pakistan (1973)_CONSTITUTION OF PAKISTAN 1973 R. 5 --- SERVICE TRIBUNALS ACT (LXX OF 1973)_1,S. 5 --- Constitution of Pakistan (1973) CONSTITUTION OF PAKISTAN 1973 R. 5 --- SERVICE TRIBUNALS ACT (LXX OF 1973) 1,Did Not Contest His Case On Merits Before Service Tribunal But Requested That Penalty Imposed Upon Him He Reduced,Court of Record,,6,headnote_only,order_text,unknown
S. 5 --- Constitution of Pakistan (1973)_PAKISTAN W.A.P.D.A. EMPLOYEES (EFFICIENCY AND DISCIPLINE) RULES 1978 R. 5 --- SERVICE TRIBUNALS ACT (LXX OF 1973)_1,S. 5 --- Constitution of Pakistan (1973) PAKISTAN W.A.P.D.A. EMPLOYEES (EFFICIENCY AND DISCIPLINE) RULES 1978 R. 5 --- SERVICE TRIBUNALS ACT (LXX OF 1973) 1,Did Not Contest His Case On Merits Before Service Tribunal But Requested That Penalty Imposed Upon Him He Reduced,Court of Record,,6,headnote_only,order_text,unknown
S. 5 --- Constitution of Pakistan (1973)_R. 5 --- SERVICE TRIBUNALS ACT (LXX OF 1973)_1,S. 5 --- Constitution of Pakistan (1973) R. 5 --- SERVICE TRIBUNALS ACT (LXX OF 1973) 1,Did Not Contest His Case On Merits Before Service Tribunal But Requested That Penalty Imposed Upon Him He Reduced,Court of Record,,6,headnote_only,order_text,unknown
S.5---North-West Frontier Province Public Service Commission Ordinance (XI of 1978)_R. 3---NORTH-WEST FRONTIER PROVINCE CIVIL SERVANTS ACT (XVIII OF 1973)_1,S.5---North-West Frontier Province Public Service Commission Ordinance (XI of 1978) R. 3---NORTH-WEST FRONTIER PROVINCE CIVIL SERVANTS ACT (XVIII OF 1973) 1,Art. 18---Vires Of Legislation--Method,Court of Record,,27,headnote_only,order_text,unknown
S.302/147/148/149/365-A-Session Court was already seized with the case under S.302/147/148/149_CRIMINAL PROCEDURE CODE (CR.P.C) SS.173 & 170---PENAL CODE (XLV OF 1860)_1,S.302/147/148/149/365-A-Session Court was already seized with the case under S.302/147/148/149 CRIMINAL PROCEDURE CODE (CR.P.C) SS.173 & 170---PENAL CODE (XLV OF 1860) 1,Cr.P.C. For Addition Of S.365-A,Court of Record,,11,headnote_only,order_text,unknown
S.4--- Transfer of case by Sessions Court to Special Court ---Case initially not being a case for any scheduled offence was instituted before the Sessions Judge who took cognizance of the same_PAKISTAN PENAL CODE S.302/147/148/149/365-A--- SUPRESSION OF TERRORIST ACTIVITIES ACT (XV OF 1975)_1,S.4--- Transfer of case by Sessions Court to Special Court ---Case initially not being a case for any scheduled offence was instituted before the Sessions Judge who took cognizance of the same PAKISTAN PENAL CODE S.302/147/148/149/365-A--- SUPRESSION OF TERRORIST ACTIVITIES ACT (XV OF 1975) 1,P.P.C. In The Case Which Was A Scheduled Offence Transferred It To The Special Court Without Any Notice To The Accused ---Held,Court of Record,,73,headnote_only,order_text,remanded
S.4--- Transfer of case by Sessions Court to Special Court ---Case initially not being a case for any scheduled offence was instituted before the Sessions Judge who took cognizance of the same_S.302/147/148/149/365-A--- SUPRESSION OF TERRORIST ACTIVITIES ACT (XV OF 1975)_1,S.4--- Transfer of case by Sessions Court to Special Court ---Case initially not being a case for any scheduled offence was instituted before the Sessions Judge who took cognizance of the same S.302/147/148/149/365-A--- SUPRESSION OF TERRORIST ACTIVITIES ACT (XV OF 1975) 1,P.P.C. In The Case Which Was A Scheduled Offence Transferred It To The Special Court Without Any Notice To The Accused ---Held,Court of Record,,73,headnote_only,order_text,remanded
made by Federal Shariat Court and under Art. 203-F of the Constitution by Shariat Appellate Bench of Supreme Court in respect of the laws_CONSTITUTION OF PAKISTAN 1973 ARTS. 203-D & 203-F---JURISDICTION OF FEDERAL SHARIAT COURT AND SHARIAT APPELLATE BENCH OF SUPREME COURT TO PROVINCIALLY ADMINISTERED TRIBAL AREAS OF BALOCHISTAN---ANY DECLARATION UNDER ART. 203-D OF THE CONSTITUTION_1,made by Federal Shariat Court and under Art. 203-F of the Constitution by Shariat Appellate Bench of Supreme Court in respect of the laws CONSTITUTION OF PAKISTAN 1973 ARTS. 203-D & 203-F---JURISDICTION OF FEDERAL SHARIAT COURT AND SHARIAT APPELLATE BENCH OF SUPREME COURT TO PROVINCIALLY ADMINISTERED TRIBAL AREAS OF BALOCHISTAN---ANY DECLARATION UNDER ART. 203-D OF THE CONSTITUTION 1,The Injunctions Of Holy Qur'An And Sunnah,Court of Record,,10,headnote_only,order_text,unknown
S.8---Appraisal of evidence--- Memo. of arrest of the accused had not been proved on record as the Mashirs had not supported the same and the Investigating Officer had made a contradictory statement---Arrest and recovery in the case had also become doubtful as the same had not been relied upon by the Trial Court while dealing with separate tees against the accused under the West Pakistan Arms Ordinance_SUPPRESSION OF TERRORIST ACTIVITIES (SPECIAL COURT) ACT 1975 S. 365-A/34--- SUPPRESSION OF TERRORIST ACTIVITIES (SPECIAL COURTS) ACT (XV OF 1975)_1,S.8---Appraisal of evidence--- Memo. of arrest of the accused had not been proved on record as the Mashirs had not supported the same and the Investigating Officer had made a contradictory statement---Arrest and recovery in the case had also become doubtful as the same had not been relied upon by the Trial Court while dealing with separate tees against the accused under the West Pakistan Arms Ordinance SUPPRESSION OF TERRORIST ACTIVITIES (SPECIAL COURT) ACT 1975 S. 365-A/34--- SUPPRESSION OF TERRORIST ACTIVITIES (SPECIAL COURTS) ACT (XV OF 1975) 1,Therefore,Court of Record,,10,headnote_only,order_text,unknown
S.13--Challenging validity of order on plea of_S.12(2)---SINDH RENTED PREMISES ORDINANCE (XVII OF 1979)_1,S.13--Challenging validity of order on plea of S.12(2)---SINDH RENTED PREMISES ORDINANCE (XVII OF 1979) 1,Was Motivated By Any Consideration Of Fraud Or That He Had Connived In Any Manner With Opposite Party---Nothing Was On Record To Suggest That Any Misrepresentation Was Made By Counsel While Agreeing To Disputed Consent Order Of Appellate Court--Even Otherwise Compromise In The Matter Was Not Unilateral But Extended Benefit To Tenant Also As According To Compromise A Considerable Time Of One Year And Two Months Was Given To Tenant To Remain In Possession Of Premises In Dispute---Petitioner/Tenant Having Failed To Prove Alleged Fraud Or Mis. Repre§Entation In Obtaining Order Of Court,Court of Record,,6,headnote_only,order_text,unknown
S.13--Challenging validity of order on plea of_SINDH RENTED PREMISES ORDINANCE 1979 S.12(2)---SINDH RENTED PREMISES ORDINANCE (XVII OF 1979)_1,S.13--Challenging validity of order on plea of SINDH RENTED PREMISES ORDINANCE 1979 S.12(2)---SINDH RENTED PREMISES ORDINANCE (XVII OF 1979) 1,Was Motivated By Any Consideration Of Fraud Or That He Had Connived In Any Manner With Opposite Party---Nothing Was On Record To Suggest That Any Misrepresentation Was Made By Counsel While Agreeing To Disputed Consent Order Of Appellate Court--Even Otherwise Compromise In The Matter Was Not Unilateral But Extended Benefit To Tenant Also As According To Compromise A Considerable Time Of One Year And Two Months Was Given To Tenant To Remain In Possession Of Premises In Dispute---Petitioner/Tenant Having Failed To Prove Alleged Fraud Or Mis. Repre§Entation In Obtaining Order Of Court,Court of Record,,6,headnote_only,order_text,unknown
however_WEST PAKISTAN LAND REVENUE ACT 1967 SS. 53 & 172---RECTIFICATION OF REVENUE RECORD---JURISDICTION---WHERE REVENUE RECORD REQUIRED RECTIFICATION IN WHICH RESPECT SUFFICIENT MATERIAL HAD BEEN BROUGHT ON RECORD THEN CIVIL COURT UNDER ITS EQUITABLE JURISDICTION OUGHT TO GRANT SUCH RELIEF IRRESPECTIVE OF PROCEDURAL OMISSION IF THAT CAUSES NO PREJUDICE TO ANY PARTY---JURISDICTION OF CIVIL COURT IS_1,however WEST PAKISTAN LAND REVENUE ACT 1967 SS. 53 & 172---RECTIFICATION OF REVENUE RECORD---JURISDICTION---WHERE REVENUE RECORD REQUIRED RECTIFICATION IN WHICH RESPECT SUFFICIENT MATERIAL HAD BEEN BROUGHT ON RECORD THEN CIVIL COURT UNDER ITS EQUITABLE JURISDICTION OUGHT TO GRANT SUCH RELIEF IRRESPECTIVE OF PROCEDURAL OMISSION IF THAT CAUSES NO PREJUDICE TO ANY PARTY---JURISDICTION OF CIVIL COURT IS 1,West Pakistan Land Revenue Act,Court of Record,,18,headnote_only,order_text,unknown
purpose and scope---Aim of prescribing stringent procedure for entering and sanctioning mutation was to eliminate possibility of wrong entries therein and to ensure making of correct entries---Any negligence_WEST PAKISTAN LAND REVENUE ACT 1967 ----S.42---MUTATION---OBJECT_1,purpose and scope---Aim of prescribing stringent procedure for entering and sanctioning mutation was to eliminate possibility of wrong entries therein and to ensure making of correct entries---Any negligence WEST PAKISTAN LAND REVENUE ACT 1967 ----S.42---MUTATION---OBJECT 1,Thus,Court of Record,,17,headnote_only,order_text,unknown
however_SS. 53 & 172---RECTIFICATION OF REVENUE RECORD---JURISDICTION---WHERE REVENUE RECORD REQUIRED RECTIFICATION IN WHICH RESPECT SUFFICIENT MATERIAL HAD BEEN BROUGHT ON RECORD THEN CIVIL COURT UNDER ITS EQUITABLE JURISDICTION OUGHT TO GRANT SUCH RELIEF IRRESPECTIVE OF PROCEDURAL OMISSION IF THAT CAUSES NO PREJUDICE TO ANY PARTY---JURISDICTION OF CIVIL COURT IS_1,however SS. 53 & 172---RECTIFICATION OF REVENUE RECORD---JURISDICTION---WHERE REVENUE RECORD REQUIRED RECTIFICATION IN WHICH RESPECT SUFFICIENT MATERIAL HAD BEEN BROUGHT ON RECORD THEN CIVIL COURT UNDER ITS EQUITABLE JURISDICTION OUGHT TO GRANT SUCH RELIEF IRRESPECTIVE OF PROCEDURAL OMISSION IF THAT CAUSES NO PREJUDICE TO ANY PARTY---JURISDICTION OF CIVIL COURT IS 1,West Pakistan Land Revenue Act,Court of Record,,18,headnote_only,order_text,unknown
Art.199--- Constitutional petition-- Maintainability--- Bids for purchase of shares/assets alongwith transfer of Management of Industrial unit--- Petitioner's bid being the highest_CONSTITUTION OF PAKISTAN 1973 ART. 4--- CONSTITUTION OF PAKISTAN (1973)_1,Art.199--- Constitutional petition-- Maintainability--- Bids for purchase of shares/assets alongwith transfer of Management of Industrial unit--- Petitioner's bid being the highest CONSTITUTION OF PAKISTAN 1973 ART. 4--- CONSTITUTION OF PAKISTAN (1973) 1,But For Relief,Court of Record,,5,headnote_only,order_text,unknown
Art.199--- Constitutional petition-- Maintainability--- Bids for purchase of shares/assets alongwith transfer of Management of Industrial unit--- Petitioner's bid being the highest_ART. 4--- CONSTITUTION OF PAKISTAN (1973)_1,Art.199--- Constitutional petition-- Maintainability--- Bids for purchase of shares/assets alongwith transfer of Management of Industrial unit--- Petitioner's bid being the highest ART. 4--- CONSTITUTION OF PAKISTAN (1973) 1,But For Relief,Court of Record,,5,headnote_only,order_text,unknown
S.302---Constitution of Pakistan (1973)_CONSTITUTION OF PAKISTAN 1973 R. 143/146---PENAL CODE (XLV OF 1860)_1,S.302---Constitution of Pakistan (1973) CONSTITUTION OF PAKISTAN 1973 R. 143/146---PENAL CODE (XLV OF 1860) 1,Accused Who Was Undergoing The Sentence Of Imprisonment For Life For His Premature Release From Jail On The Grounds Of Infirmity And Sickness,Court of Record,,24,headnote_only,order_text,unknown
498_BAIL REFUSED.-- SS. 74_1,498 BAIL REFUSED.-- SS. 74 1,& 539-A,Court of Record,,11,headnote_only,order_text,unknown
although a Pardahnashin lady had actively participated in sale transaction and had also thumb-impressed mutation of sale in presence of her son who had signed the same in English alongwith Lambardar of the village--Plaintiff_PARDHANASHIN LADY TRANSACTION OF SALE DENIED BY PARDAHNASHIN LADY---QUANTUM OF PROOF--PLAINTIFF_1,although a Pardahnashin lady had actively participated in sale transaction and had also thumb-impressed mutation of sale in presence of her son who had signed the same in English alongwith Lambardar of the village--Plaintiff PARDHANASHIN LADY TRANSACTION OF SALE DENIED BY PARDAHNASHIN LADY---QUANTUM OF PROOF--PLAINTIFF 1,Therefore,Court of Record,,52,headnote_only,order_text,unknown
Art.129(g)---Transaction whether sole or exchange---Proof---Mutation of sale was challenged by plaintiff on the ground that she had entered into transaction of exchange and not that of sale and that mutation of sale was got entered and sanctioned without her knowledge and consent---Plaintiff's thumb-impression_SS.54 & 118---QANUN-E-SHAHADAT (10 OF 1984)_1,Art.129(g)---Transaction whether sole or exchange---Proof---Mutation of sale was challenged by plaintiff on the ground that she had entered into transaction of exchange and not that of sale and that mutation of sale was got entered and sanctioned without her knowledge and consent---Plaintiff's thumb-impression SS.54 & 118---QANUN-E-SHAHADAT (10 OF 1984) 1,But Neither She Nor Her Son Nor Lambardar Appeared,Court of Record,,19,headnote_only,order_text,unknown
Art.129(g)---Transaction whether sole or exchange---Proof---Mutation of sale was challenged by plaintiff on the ground that she had entered into transaction of exchange and not that of sale and that mutation of sale was got entered and sanctioned without her knowledge and consent---Plaintiff's thumb-impression_TRANSFER OF PROPERTY ACT 1882 SS.54 & 118---QANUN-E-SHAHADAT (10 OF 1984)_1,Art.129(g)---Transaction whether sole or exchange---Proof---Mutation of sale was challenged by plaintiff on the ground that she had entered into transaction of exchange and not that of sale and that mutation of sale was got entered and sanctioned without her knowledge and consent---Plaintiff's thumb-impression TRANSFER OF PROPERTY ACT 1882 SS.54 & 118---QANUN-E-SHAHADAT (10 OF 1984) 1,But Neither She Nor Her Son Nor Lambardar Appeared,Court of Record,,19,headnote_only,order_text,unknown
however_REPRESENTATION OF THE PEOPLE ACT 1976 S. 46(2)---DECLARATION OF VOTES AS INVALID AFTER RECOUNT ---PROCEDURE--DEPUTY ELECTION COMMISSIONER AFTER RECOUNT OF VOTES OF BOTH THE CONTESTING CANDIDATES CANNOT DECLARE ANY SUCH VOTES AS INVALID---ELECTION TRIBUNAL_1,however REPRESENTATION OF THE PEOPLE ACT 1976 S. 46(2)---DECLARATION OF VOTES AS INVALID AFTER RECOUNT ---PROCEDURE--DEPUTY ELECTION COMMISSIONER AFTER RECOUNT OF VOTES OF BOTH THE CONTESTING CANDIDATES CANNOT DECLARE ANY SUCH VOTES AS INVALID---ELECTION TRIBUNAL 1,If Satisfied,Court of Record,,10,headnote_only,order_text,unknown
proviso third---Right of accused to be granted bail or refusal thereof under S.497(1)_CRIMINAL PROCEDURE CODE (CR.P.C) S. 497(1)_1,proviso third---Right of accused to be granted bail or refusal thereof under S.497(1) CRIMINAL PROCEDURE CODE (CR.P.C) S. 497(1) 1,Cr.P.C.---Scope.----S. 497(1),Court of Record,,39,headnote_only,order_text,unknown
relationship of Proof of existence­ Premises in. dispute which was in possession of tenant was purchased by landlord join its original owner and after having received possession thereof from_SINDH RENTED PREMISES ORDINANCE 1979 ----S. 2(F)(J)---LANDLORD AND TENANT_1,relationship of Proof of existence­ Premises in. dispute which was in possession of tenant was purchased by landlord join its original owner and after having received possession thereof from SINDH RENTED PREMISES ORDINANCE 1979 ----S. 2(F)(J)---LANDLORD AND TENANT 1,Landlord Served Notices Under 1X.18 F The Ordinance,Court of Record,,10,headnote_only,order_text,unknown
Ss.302/109/148 & 149----Bail_S. 497(5)---PENAL CODE (XLV OF 1860)_1,Ss.302/109/148 & 149----Bail S. 497(5)---PENAL CODE (XLV OF 1860) 1,Charged With The Act Of Firing From Their Respective Arms---Empties Were Recovered From The Scene Of Offence And Two Weapons Were Also Recovered From Two Accused Persons Who Were Apprehended At Some Distance From The Scene Of Offence Immediately After The Incident Alongwith Two Others---Police Also Recorded The Statement Of Three Eye-Witnesses Under S. 161,Court of Record,,5,headnote_only,order_text,unknown
Ss.302/109/148 & 149----Bail_PAKISTAN PENAL CODE S. 497(5)---PENAL CODE (XLV OF 1860)_1,Ss.302/109/148 & 149----Bail PAKISTAN PENAL CODE S. 497(5)---PENAL CODE (XLV OF 1860) 1,Charged With The Act Of Firing From Their Respective Arms---Empties Were Recovered From The Scene Of Offence And Two Weapons Were Also Recovered From Two Accused Persons Who Were Apprehended At Some Distance From The Scene Of Offence Immediately After The Incident Alongwith Two Others---Police Also Recorded The Statement Of Three Eye-Witnesses Under S. 161,Court of Record,,5,headnote_only,order_text,unknown
S.302/34---Bail---Grant of bail on medical ground---Medical opinion---Value---If the Court has any doubt or suspicion about the authenticity of the opinion of the Medical Board constituted under the direction of the Court to examine condition of the accused it can either summon the members of the Board to satisfy itself as to the correctness of the opinion given by the Board or the accused could be referred to any other medical expert in the relevant field for a second opinion---Court_S. 497---PENAL CODE (XLV OF 1860)_1,S.302/34---Bail---Grant of bail on medical ground---Medical opinion---Value---If the Court has any doubt or suspicion about the authenticity of the opinion of the Medical Board constituted under the direction of the Court to examine condition of the accused it can either summon the members of the Board to satisfy itself as to the correctness of the opinion given by the Board or the accused could be referred to any other medical expert in the relevant field for a second opinion---Court S. 497---PENAL CODE (XLV OF 1860) 1,As To The Condition Of The Accused Nor It Will Be A Safe Course For The Court To Follow---Medical Report Being Highly Technical,Court of Record,,36,headnote_only,order_text,unknown
S.302/34---Bail---Grant of bail on medical ground---Medical opinion---Value---If the Court has any doubt or suspicion about the authenticity of the opinion of the Medical Board constituted under the direction of the Court to examine condition of the accused it can either summon the members of the Board to satisfy itself as to the correctness of the opinion given by the Board or the accused could be referred to any other medical expert in the relevant field for a second opinion---Court_PAKISTAN PENAL CODE S. 497---PENAL CODE (XLV OF 1860)_1,S.302/34---Bail---Grant of bail on medical ground---Medical opinion---Value---If the Court has any doubt or suspicion about the authenticity of the opinion of the Medical Board constituted under the direction of the Court to examine condition of the accused it can either summon the members of the Board to satisfy itself as to the correctness of the opinion given by the Board or the accused could be referred to any other medical expert in the relevant field for a second opinion---Court PAKISTAN PENAL CODE S. 497---PENAL CODE (XLV OF 1860) 1,As To The Condition Of The Accused Nor It Will Be A Safe Course For The Court To Follow---Medical Report Being Highly Technical,Court of Record,,36,headnote_only,order_text,unknown
"then it would be in the interest of justice to quash the proceedings against the accused instead of granting him bail.----S. 497(2)---Bail---Term """"rcasonable round_CRIMINAL PROCEDURE CODE (CR.P.C) SS. 497/498 & 561-A---BAIL---ACCUSED FOUND INNOCENT ---IF THERE IS UNREBUTTED EVIDENCE BEFORE A COURT ABOUT THE INNOCENCE OF AN ACCUSED_1","then it would be in the interest of justice to quash the proceedings against the accused instead of granting him bail.----S. 497(2)---Bail---Term """"rcasonable round CRIMINAL PROCEDURE CODE (CR.P.C) SS. 497/498 & 561-A---BAIL---ACCUSED FOUND INNOCENT ---IF THERE IS UNREBUTTED EVIDENCE BEFORE A COURT ABOUT THE INNOCENCE OF AN ACCUSED 1","Cr.P.C.---""""Reasonable; Grounds"""" For Granting Or Refusing Bail To An Accused Cannot Be Ascertained Without Deeper Study Of The Merits And Circumstances Of Each",Court of Record,,48,headnote_only,order_text,unknown
S.156(l)(8)(14) --- Prevention of Corruption Act (II of 1947)_CUSTOMS ACT 1969 S. 497---CUSTOMS ACT (IV OF 1969)_1,S.156(l)(8)(14) --- Prevention of Corruption Act (II of 1947) CUSTOMS ACT 1969 S. 497---CUSTOMS ACT (IV OF 1969) 1,Namely Of Giving Death Blow To The Foreign Exchange,Court of Record,,12,headnote_only,order_text,unknown
O.IX_CIVIL PROCEDURE CODE --ORDER XLI OF C.P.C. APPEALS FROM ORIGINAL DECREES S. 42---CIVIL PROCEDURE CODE (V OF 1908)_1,O.IX CIVIL PROCEDURE CODE --ORDER XLI OF C.P.C. APPEALS FROM ORIGINAL DECREES S. 42---CIVIL PROCEDURE CODE (V OF 1908) 1,R.25--Setting Aside Decree On Ground Of Fraud--- Specific Concurrent Findings Recorded By Courts Below That Decree In Previous Suit Against Present Plaintiff Was Result Of Fraud As He Was Not Served And That He Received No Consideration For The Land In Question--- Controversy Between Parties Thus,Court of Record,,18,headnote_only,order_text,unknown
O.IX_S. 42---CIVIL PROCEDURE CODE (V OF 1908)_1,O.IX S. 42---CIVIL PROCEDURE CODE (V OF 1908) 1,R.25--Setting Aside Decree On Ground Of Fraud--- Specific Concurrent Findings Recorded By Courts Below That Decree In Previous Suit Against Present Plaintiff Was Result Of Fraud As He Was Not Served And That He Received No Consideration For The Land In Question--- Controversy Between Parties Thus,Court of Record,,18,headnote_only,order_text,unknown
nonetheless_CODE OF CIVIL PROCEDURE 1908 S. 24---TRANSFER OF APPEALS---APPELLATE COURT EARLIER AS A TRIAL COURT HAD RECORDED EVIDENCE OF SOME OF THE WITNESSES AND THAT WAS A GROUND FOR TRANSFER OF APPEALS WHICH WERE NOW PENDING BEFORE THAT COURT---PRESIDING OFFICER OF APPELLATE COURT WHILE HOLDING TRIAL OF SUITS ALTHOUGH HAD NOT RECORDED HIS OWN OBSERVATIONS ON DEMEANOUR OF WITNESSES OR PASSED ANY ORDER MATERIALLY AFFECTING PARTIES TO THE SUIT OR CREDIBILITY OF THEIR WITNESSES EXAMINED BY HIM_1,nonetheless CODE OF CIVIL PROCEDURE 1908 S. 24---TRANSFER OF APPEALS---APPELLATE COURT EARLIER AS A TRIAL COURT HAD RECORDED EVIDENCE OF SOME OF THE WITNESSES AND THAT WAS A GROUND FOR TRANSFER OF APPEALS WHICH WERE NOW PENDING BEFORE THAT COURT---PRESIDING OFFICER OF APPELLATE COURT WHILE HOLDING TRIAL OF SUITS ALTHOUGH HAD NOT RECORDED HIS OWN OBSERVATIONS ON DEMEANOUR OF WITNESSES OR PASSED ANY ORDER MATERIALLY AFFECTING PARTIES TO THE SUIT OR CREDIBILITY OF THEIR WITNESSES EXAMINED BY HIM 1,Therefore,Court of Record,,10,headnote_only,order_text,unknown
"was sold by Municipal Committee fully authorized to do so_N.-W.F.P. PUBLIC PROPERTY (REMOVAL OF ENCROACHMENT) ACT 1977 S. 3---UNAUTHORISED OCCUPANTS---VACATION OF PROPERTIES---PROPERTY IN DISPUTE WHICH ORIGINALLY VESTED IN MUNICIPAL COMMITTEE AS """"NAZUL LAND""""_1","was sold by Municipal Committee fully authorized to do so N.-W.F.P. PUBLIC PROPERTY (REMOVAL OF ENCROACHMENT) ACT 1977 S. 3---UNAUTHORISED OCCUPANTS---VACATION OF PROPERTIES---PROPERTY IN DISPUTE WHICH ORIGINALLY VESTED IN MUNICIPAL COMMITTEE AS """"NAZUL LAND"""" 1",Having Become 'Nazul Land' Was Rightly Transferred In Favour Of Vendees Through Registered Deed And From Whom To Occupants Thereof Who Were Valid Transferees---Occupants Originally Were In Occupation Of Open Land For The Last Seventy Years,Court of Record,,52,headnote_only,order_text,unknown
OXVIII_CIVIL PROCEDURE CODE --ORDER XVIII OF C.P.C. HEARING OF THE SUIT AND EXAMINATION OF WITNESS S. 30_1,OXVIII CIVIL PROCEDURE CODE --ORDER XVIII OF C.P.C. HEARING OF THE SUIT AND EXAMINATION OF WITNESS S. 30 1,R.1---Affidavit---Affidavit Can Only Be Considered In Support Of An Application When Same Is Filed On The Direction Of The Court Otherwise Evidence Has To Be Recorded In Court---If The Court Neither Invokes The Provisions Of O.Xix,Court of Record,,12,headnote_only,order_text,unknown
OXVIII_S. 30_1,OXVIII S. 30 1,R.1---Affidavit---Affidavit Can Only Be Considered In Support Of An Application When Same Is Filed On The Direction Of The Court Otherwise Evidence Has To Be Recorded In Court---If The Court Neither Invokes The Provisions Of O.Xix,Court of Record,,12,headnote_only,order_text,unknown
Companies Ordinance_COMPANIES ORDINANCE 1984 S. 11---EXISTENCE OF VACANCY IN CORPORATE LAW AUHORITY---ORDER IN QUESTION ISSUED BY CHAIRMAN AND ONE OF THE MEMBERS OF CORPORATE LAW AUTHORITY--EFFECT---PROVISIONS OF S.11_1,Companies Ordinance COMPANIES ORDINANCE 1984 S. 11---EXISTENCE OF VACANCY IN CORPORATE LAW AUHORITY---ORDER IN QUESTION ISSUED BY CHAIRMAN AND ONE OF THE MEMBERS OF CORPORATE LAW AUTHORITY--EFFECT---PROVISIONS OF S.11 1,Postulate That No Act Or Proceeding Of Corporate Law Authority Would Be Invalid By Reason Only Of The Existence Of A Vacancy In,Court of Record,,54,headnote_only,order_text,unknown
1882)_CODE OF CIVIL PROCEDURE 1908 S. 42---TRANSFER OF PROPERTY ACT (IV OF_1,1882) CODE OF CIVIL PROCEDURE 1908 S. 42---TRANSFER OF PROPERTY ACT (IV OF 1,S.115---Mutation Of Sale---Attestation Or Absence Of Attestation--Effect---Absence Of Attestation Of Mutation In Revenue Record Regarding Purchase Of Certain Land Would Not Be That Of Such Binding So As To Hold That No Sale Had Taken Place---Conversely,Court of Record,,88,headnote_only,order_text,unknown
1882)_S. 42---TRANSFER OF PROPERTY ACT (IV OF_1,1882) S. 42---TRANSFER OF PROPERTY ACT (IV OF 1,S.115---Mutation Of Sale---Attestation Or Absence Of Attestation--Effect---Absence Of Attestation Of Mutation In Revenue Record Regarding Purchase Of Certain Land Would Not Be That Of Such Binding So As To Hold That No Sale Had Taken Place---Conversely,Court of Record,,88,headnote_only,order_text,unknown
Chap. 3-B_HIGH COURT (LAHORE) RULES AND ORDERS VOL. V_1,Chap. 3-B HIGH COURT (LAHORE) RULES AND ORDERS VOL. V 1,By Whom Any Question Or Case Is Referred,Court of Record,,54,headnote_only,order_text,unknown
right of---Essentials---Ordinarily under Muslim Law_MUHAMMADAN LAW HIZANAT_1,right of---Essentials---Ordinarily under Muslim Law MUHAMMADAN LAW HIZANAT 1,Having No Substitute For It---Father,Court of Record,,16,headnote_only,order_text,unknown
in cases relating to custody of minors need not be proved 'by the mother---Where Court keeping in view the tender age of minor and principles of Muslim Personal Law comes to_MUHAMMADAN LAW CUSTODY OF MINORS---FORCIBLE REMOVAL OR DETENTION---CONNOTATION--= FORCIBLE REMOVAL OR DETENTION_1,in cases relating to custody of minors need not be proved 'by the mother---Where Court keeping in view the tender age of minor and principles of Muslim Personal Law comes to MUHAMMADAN LAW CUSTODY OF MINORS---FORCIBLE REMOVAL OR DETENTION---CONNOTATION--= FORCIBLE REMOVAL OR DETENTION 1,It Can Order Restoration Of Custody To Mother-,Court of Record,,5,headnote_only,order_text,unknown
S.5 & Sched.--- Constitution of Pakistan (1973)_S. 491---WEST PAKISTAN FAMILY COURTS ACT (XXXV OF 1964)_1,S.5 & Sched.--- Constitution of Pakistan (1973) S. 491---WEST PAKISTAN FAMILY COURTS ACT (XXXV OF 1964) 1,Criminal Procedure Code,Court of Record,,34,headnote_only,order_text,unknown
S.5 & Sched.--- Constitution of Pakistan (1973)_WEST PAKISTAN FAMILY COURT ACT 1964 S. 491---WEST PAKISTAN FAMILY COURTS ACT (XXXV OF 1964)_1,S.5 & Sched.--- Constitution of Pakistan (1973) WEST PAKISTAN FAMILY COURT ACT 1964 S. 491---WEST PAKISTAN FAMILY COURTS ACT (XXXV OF 1964) 1,Criminal Procedure Code,Court of Record,,34,headnote_only,order_text,unknown
S.302/34---Bail_CRIMINAL PROCEDURE CODE (CR.P.C) S. 497(2)---PENAL CODE (XLV OF 1860)_1,S.302/34---Bail CRIMINAL PROCEDURE CODE (CR.P.C) S. 497(2)---PENAL CODE (XLV OF 1860) 1,As Alleged,Court of Record,,62,headnote_only,order_text,unknown
S.302/34---Bail_S. 497(2)---PENAL CODE (XLV OF 1860)_1,S.302/34---Bail S. 497(2)---PENAL CODE (XLV OF 1860) 1,As Alleged,Court of Record,,62,headnote_only,order_text,unknown
Art. 199---Civil Procedure Code (V of 1908)_R. 5---CONSTITUTION OF PAKISTAN (1973)_1,Art. 199---Civil Procedure Code (V of 1908) R. 5---CONSTITUTION OF PAKISTAN (1973) 1,Rr. 1 And 2---Constitutional Petition---Contract For Collection Of Exit Tax---Interim Order Passed By Supreme Court For Continuation Of Lease Period Till Decision Of Constitutional Petition ---Effect--When Interim Order Was Passed On 29-6-1993,Court of Record,,72,headnote_only,order_text,unknown
R. 4--- Banking Companies (Recovery of Loans) Ordinance (XIX of 1979)_0. XXXVII_1,R. 4--- Banking Companies (Recovery of Loans) Ordinance (XIX of 1979) 0. XXXVII 1,"By Registered Post And By Bailiff Were Duly Effected On Defendants But They Deliberately Avoided To Defend Suit And There Was No Force In The Contention Of Defendants That Their Permanent Place Of Business Was At """"H"""" And Not """"K"""" And That They Could Not Read """"Newspaper"""" In Which Notices Were Published Nor They Learnt About Said Suit Through Any Other Source-- Defendant'S Contention That They Had Not Signed Letters Of Guarantees And That They Were Appointed Directors Of The Company (For Which Loan Was Secured) Without Their Consent And Authority Was Totally Unbelievable And Afterthought ---Defendants Could Not Show Either Any Reasonable Cause Or Any Special Circumstance To Set Aside Preliminary Decree And Allow Them To Appear And Defend- Suit---Suit Againvt Defendants Had Already Been Delayed And They Had Not Come With Clean Hands And Have Not Been Able To Show Any Plausible Cause Of Having Come To Court So Late And Not To Defend The Suit At Proper Stage---Defendant Had Also Failed To Show That There Was Any Triable Issue--Defendants'S Purpose Seemed To Be To Delay Disposal Of Suit By Their Conduct During The Trial Of Suit And Thereafter",Court of Record,,24,headnote_only,order_text,unknown
R. 4--- Banking Companies (Recovery of Loans) Ordinance (XIX of 1979)_CIVIL PROCEDURE CODE --ORDER XXXVII OF C.P.C. SUMMARY PROCEDURE ON NEGOTIABLE INSTRUMENTS 0. XXXVII_1,R. 4--- Banking Companies (Recovery of Loans) Ordinance (XIX of 1979) CIVIL PROCEDURE CODE --ORDER XXXVII OF C.P.C. SUMMARY PROCEDURE ON NEGOTIABLE INSTRUMENTS 0. XXXVII 1,"By Registered Post And By Bailiff Were Duly Effected On Defendants But They Deliberately Avoided To Defend Suit And There Was No Force In The Contention Of Defendants That Their Permanent Place Of Business Was At """"H"""" And Not """"K"""" And That They Could Not Read """"Newspaper"""" In Which Notices Were Published Nor They Learnt About Said Suit Through Any Other Source-- Defendant'S Contention That They Had Not Signed Letters Of Guarantees And That They Were Appointed Directors Of The Company (For Which Loan Was Secured) Without Their Consent And Authority Was Totally Unbelievable And Afterthought ---Defendants Could Not Show Either Any Reasonable Cause Or Any Special Circumstance To Set Aside Preliminary Decree And Allow Them To Appear And Defend- Suit---Suit Againvt Defendants Had Already Been Delayed And They Had Not Come With Clean Hands And Have Not Been Able To Show Any Plausible Cause Of Having Come To Court So Late And Not To Defend The Suit At Proper Stage---Defendant Had Also Failed To Show That There Was Any Triable Issue--Defendants'S Purpose Seemed To Be To Delay Disposal Of Suit By Their Conduct During The Trial Of Suit And Thereafter",Court of Record,,24,headnote_only,order_text,unknown
Transfer of Property Act_MUHAMMADAN LAW ----GIFT---VALIDITY---ESSENTIALS---WRITING IS NOT ESSENTIAL TO THE VALIDITY OF GIFT OF MOVABLE OR IMMOVABLE PROPERTY---PROVISION OF S. 123_1,Transfer of Property Act MUHAMMADAN LAW ----GIFT---VALIDITY---ESSENTIALS---WRITING IS NOT ESSENTIAL TO THE VALIDITY OF GIFT OF MOVABLE OR IMMOVABLE PROPERTY---PROVISION OF S. 123 1,Postulates That Gift Must Be Made By Registered Instrument But S.123,Court of Record,,4,headnote_only,order_text,unknown
Rr. 1 & 2---Temporary injunction--- Entitlement--- Plaintiff's application praying for injunction restraining defendants from alienating_0. XXXIX_1,Rr. 1 & 2---Temporary injunction--- Entitlement--- Plaintiff's application praying for injunction restraining defendants from alienating 0. XXXIX 1,Mortgaging,Court of Record,,22,headnote_only,order_text,unknown
Rr. 1 & 2---Temporary injunction--- Entitlement--- Plaintiff's application praying for injunction restraining defendants from alienating_CIVIL PROCEDURE CODE --ORDER XXXIX OF C.P.C. TEMPORARY INJUNCTIONS AND INTERLOCUTORY ORDERS 0. XXXIX_1,Rr. 1 & 2---Temporary injunction--- Entitlement--- Plaintiff's application praying for injunction restraining defendants from alienating CIVIL PROCEDURE CODE --ORDER XXXIX OF C.P.C. TEMPORARY INJUNCTIONS AND INTERLOCUTORY ORDERS 0. XXXIX 1,Mortgaging,Court of Record,,22,headnote_only,order_text,unknown
Ss.3_SS. 87 & 3--- PORT AUTHORITIES LANDS AND BUILDINGS (RECOVERY OF POSSESSION ORDINANCE XI OF 1962)_1,Ss.3 SS. 87 & 3--- PORT AUTHORITIES LANDS AND BUILDINGS (RECOVERY OF POSSESSION ORDINANCE XI OF 1962) 1,Ov1I,Court of Record,,35,headnote_only,order_text,unknown
Ss.3_CODE OF CIVIL PROCEDURE 1908 SS. 87 & 3--- PORT AUTHORITIES LANDS AND BUILDINGS (RECOVERY OF POSSESSION ORDINANCE XI OF 1962)_1,Ss.3 CODE OF CIVIL PROCEDURE 1908 SS. 87 & 3--- PORT AUTHORITIES LANDS AND BUILDINGS (RECOVERY OF POSSESSION ORDINANCE XI OF 1962) 1,Ov1I,Court of Record,,35,headnote_only,order_text,unknown
Ss.3_KARACHI PORT TRUST ACT 1886 SS. 87 & 3--- PORT AUTHORITIES LANDS AND BUILDINGS (RECOVERY OF POSSESSION ORDINANCE XI OF 1962)_1,Ss.3 KARACHI PORT TRUST ACT 1886 SS. 87 & 3--- PORT AUTHORITIES LANDS AND BUILDINGS (RECOVERY OF POSSESSION ORDINANCE XI OF 1962) 1,Ov1I,Court of Record,,35,headnote_only,order_text,unknown
Ss.3_PORT AUTHORITIES LANDS AND BUILDINGS (RECOVERY OF POSSESSION) ORDINANCE 1962 SS. 87 & 3--- PORT AUTHORITIES LANDS AND BUILDINGS (RECOVERY OF POSSESSION ORDINANCE XI OF 1962)_1,Ss.3 PORT AUTHORITIES LANDS AND BUILDINGS (RECOVERY OF POSSESSION) ORDINANCE 1962 SS. 87 & 3--- PORT AUTHORITIES LANDS AND BUILDINGS (RECOVERY OF POSSESSION ORDINANCE XI OF 1962) 1,Ov1I,Court of Record,,35,headnote_only,order_text,unknown
1940---Applicablity---Provisions of Arbitration Act_ARBITRATION ACT 1940 S. 47---PROVISIONS OF ARBITRATION ACT_1,1940---Applicablity---Provisions of Arbitration Act ARBITRATION ACT 1940 S. 47---PROVISIONS OF ARBITRATION ACT 1,Would Be Applicable In Respect Of All Arbitrations And To All Proceeding Thereunder,Court of Record,,27,headnote_only,order_text,unknown
Art. 199---Civil Procedure Code (V of 1908)_PUNJAB LOCAL COUNCILS (LEASE) RULES 1990 R. 5---CONSTITUTION OF PAKISTAN (1973)_1,Art. 199---Civil Procedure Code (V of 1908) PUNJAB LOCAL COUNCILS (LEASE) RULES 1990 R. 5---CONSTITUTION OF PAKISTAN (1973) 1,Rr. 1 And 2---Constitutional Petition---Contract For Collection Of Exit Tax---Interim Order Passed By Supreme Court For Continuation Of Lease Period Till Decision Of Constitutional Petition ---Effect--When Interim Order Was Passed On 29-6-1993,Court of Record,,72,headnote_only,order_text,unknown
0.1_CIVIL PROCEDURE CODE --ORDER I OF C.P.C. PARTIES TO SUITS SS. 12 & 22---CIVIL PROCEDURE CODE (V OF 1908)_1,0.1 CIVIL PROCEDURE CODE --ORDER I OF C.P.C. PARTIES TO SUITS SS. 12 & 22---CIVIL PROCEDURE CODE (V OF 1908) 1,Control And Management Of The Same For The Last 10 Years And That Alleged Sale By Their Sister (Defendant) On The Basis Of Alleged Gift (Which Had Never Taken Place) Did Not Warrant Her A Co-Owner To Transfer The Whole Property ---Intervenors Entitlement To Be Joined As A Party---Relief Of Specific Performance Of Agreement Being Discretionary,Court of Record,,19,headnote_only,order_text,unknown
0.1_SPECIFIC RELIEF ACT 1877 SS. 12 & 22---CIVIL PROCEDURE CODE (V OF 1908)_1,0.1 SPECIFIC RELIEF ACT 1877 SS. 12 & 22---CIVIL PROCEDURE CODE (V OF 1908) 1,Control And Management Of The Same For The Last 10 Years And That Alleged Sale By Their Sister (Defendant) On The Basis Of Alleged Gift (Which Had Never Taken Place) Did Not Warrant Her A Co-Owner To Transfer The Whole Property ---Intervenors Entitlement To Be Joined As A Party---Relief Of Specific Performance Of Agreement Being Discretionary,Court of Record,,19,headnote_only,order_text,unknown
0.1_SS. 12 & 22---CIVIL PROCEDURE CODE (V OF 1908)_1,0.1 SS. 12 & 22---CIVIL PROCEDURE CODE (V OF 1908) 1,Control And Management Of The Same For The Last 10 Years And That Alleged Sale By Their Sister (Defendant) On The Basis Of Alleged Gift (Which Had Never Taken Place) Did Not Warrant Her A Co-Owner To Transfer The Whole Property ---Intervenors Entitlement To Be Joined As A Party---Relief Of Specific Performance Of Agreement Being Discretionary,Court of Record,,19,headnote_only,order_text,unknown
rent should have been deposited strictly in accordance with order of Rent Controller and delay of even one day would not be condoned in ordinary course_SINDH RENTED PREMISES ORDINANCE 1979 S. 16(1)(2)---STRIKING OFF DEFENCE ---APPLICATION FOR STRIKING OFF DEFENCE OF TENANT WAS FILED BY LANDLORD ON GROUND THAT TENANT HAD DEPOSITED ARREARS OF RENT AFTER ONE DAY OF DUE DATE AS GIVEN IN TENTATIVE RENT ORDER-- -HELD_1,rent should have been deposited strictly in accordance with order of Rent Controller and delay of even one day would not be condoned in ordinary course SINDH RENTED PREMISES ORDINANCE 1979 S. 16(1)(2)---STRIKING OFF DEFENCE ---APPLICATION FOR STRIKING OFF DEFENCE OF TENANT WAS FILED BY LANDLORD ON GROUND THAT TENANT HAD DEPOSITED ARREARS OF RENT AFTER ONE DAY OF DUE DATE AS GIVEN IN TENTATIVE RENT ORDER-- -HELD 1,If Delay Of Even One Day Was To Be Condoned--- No Hard And Fast Rule Was For Condoning Delay And Each Case Had To Be Decided On Its Own Circumstances---Tenant Was A Heart Patient And Was Taken To Institute For Cardio Vescular Disease Only Four Days Prior To Due Date For Depositing Rent And Was Advised Rest For Ten Days--Tenant Had Filed Medical Certificate From The Institute And Also Had Filed Affidavit That No Adult Male Family Member Was In His Family Except His Wife Who Was A Pardanashin Lady And A Minor Son Aged 12 Years Only---Wife Of Tenant Though Was Ignorant About The Location Of Court,Court of Record,,11,headnote_only,order_text,unknown
Arts.205_CONSTITUTION OF PAKISTAN 1973 ART. 2(2)---CONSTITUTION OF PAKISTAN (1973)_1,Arts.205 CONSTITUTION OF PAKISTAN 1973 ART. 2(2)---CONSTITUTION OF PAKISTAN (1973) 1,Pension Of Judges Of Superior Courts Order,Court of Record,,21,headnote_only,order_text,unknown
but had tendered rent through money order only after service of notice of ejectment application filed against him on ground of default in payment of. rent--- Tenant denying default in payment of rent had contended that attorney of landlord to whom he offered rent_SINDH RENTED PREMISES ORDINANCE 1979 S. 15(2)(II)---DEFAULT IN PAYMENT OF RENT--- TENANT FAILED TO PAY RENT OF THREE MONTHS ON DUE TIME_1,but had tendered rent through money order only after service of notice of ejectment application filed against him on ground of default in payment of. rent--- Tenant denying default in payment of rent had contended that attorney of landlord to whom he offered rent SINDH RENTED PREMISES ORDINANCE 1979 S. 15(2)(II)---DEFAULT IN PAYMENT OF RENT--- TENANT FAILED TO PAY RENT OF THREE MONTHS ON DUE TIME 1,But Attorney Did Not Give Him Address Of Successors In Interest Of Deceased Landlady---Tenant Reiterated That Since None Came To Collect Rent From Him,Court of Record,,29,headnote_only,order_text,unknown
but service could not be effected on various_SS. 15 & 19---EX PARTE ORDER--- PERSONAL BONA FIDE NEED OF LANDLORD-- TENANT WAS SERVED THROUGH PROCESS-SERVER OF COURT_1,but service could not be effected on various SS. 15 & 19---EX PARTE ORDER--- PERSONAL BONA FIDE NEED OF LANDLORD-- TENANT WAS SERVED THROUGH PROCESS-SERVER OF COURT 1,But Neither A.D. Receipts Nor Envelope Covering Notices Were Returned To The Court-,Court of Record,,25,headnote_only,order_text,unknown
but service could not be effected on various_SINDH RENTED PREMISES ORDINANCE 1979 SS. 15 & 19---EX PARTE ORDER--- PERSONAL BONA FIDE NEED OF LANDLORD-- TENANT WAS SERVED THROUGH PROCESS-SERVER OF COURT_1,but service could not be effected on various SINDH RENTED PREMISES ORDINANCE 1979 SS. 15 & 19---EX PARTE ORDER--- PERSONAL BONA FIDE NEED OF LANDLORD-- TENANT WAS SERVED THROUGH PROCESS-SERVER OF COURT 1,But Neither A.D. Receipts Nor Envelope Covering Notices Were Returned To The Court-,Court of Record,,25,headnote_only,order_text,unknown
S. 12---Lis pendens_S. 52---SPECIFIC RELIEF ACT (I OF 1877)_1,S. 12---Lis pendens S. 52---SPECIFIC RELIEF ACT (I OF 1877) 1,Transfer Of Property Act,Court of Record,,13,headnote_only,order_text,unknown
particularly when concurrent findings have beer recorded by Courts below---Such jurisdiction_CODE OF CIVIL PROCEDURE 1908 S. 115 ___REVISIONAL JURISDICTION ---SCOPE---COURTS BELOW HAD PROPERLY APPRECIATED EVIDENCE ON RECORD AND NEITHER IT VANS A CASE OF MISREADING OF EVIDENCE NOR FINDINGS OF COURTS BELOW WERE PERVERSE NOR INJUSTICE HAD BEEN DONE TO APPLICANT WHO FILED REVISION APPLICATION AGAINST JUDGMENT OF COURT'S BELOW ---EFFECT-REVISIONAL JURISDICTION PRIMARILY IS DISCRETIONARY IN NATURE AND HAS A VERY LIMITED SCOPE_1,particularly when concurrent findings have beer recorded by Courts below---Such jurisdiction CODE OF CIVIL PROCEDURE 1908 S. 115 ___REVISIONAL JURISDICTION ---SCOPE---COURTS BELOW HAD PROPERLY APPRECIATED EVIDENCE ON RECORD AND NEITHER IT VANS A CASE OF MISREADING OF EVIDENCE NOR FINDINGS OF COURTS BELOW WERE PERVERSE NOR INJUSTICE HAD BEEN DONE TO APPLICANT WHO FILED REVISION APPLICATION AGAINST JUDGMENT OF COURT'S BELOW ---EFFECT-REVISIONAL JURISDICTION PRIMARILY IS DISCRETIONARY IN NATURE AND HAS A VERY LIMITED SCOPE 1,Could Be Invoked In Case Which Involve Illegal Assumption,Court of Record,,54,headnote_only,order_text,unknown
R. 4---Appeal from original decree---Joinder of party---Necessary party was one without whose presence no effective decree in a proceeding could be passed---Where there were more plaintiffs or more defendants than one and decree appealed from proceeded on any ground common to all such plaintiffs or defendants_CIVIL PROCEDURE CODE --ORDER XLI OF C.P.C. APPEALS FROM ORIGINAL DECREES ----O. XLI_1,R. 4---Appeal from original decree---Joinder of party---Necessary party was one without whose presence no effective decree in a proceeding could be passed---Where there were more plaintiffs or more defendants than one and decree appealed from proceeded on any ground common to all such plaintiffs or defendants CIVIL PROCEDURE CODE --ORDER XLI OF C.P.C. APPEALS FROM ORIGINAL DECREES ----O. XLI 1,As The Case May Be,Court of Record,,17,headnote_only,order_text,unknown
he must be notified of their claim to arbitration within specified time_ARBITRATION ACT 1940 ----S. 20---APPLICATION TO COURT FOR REFERRING DISPUTE TO ARBITRATION IN TERMS OF ARBITRATION AGREEMENT WHICH CONTAINED THE PROVISION THAT IF PARTIES WERE NOT SATISFIED BY THE SPECIFIED PERSON'S DECISION_1,he must be notified of their claim to arbitration within specified time ARBITRATION ACT 1940 ----S. 20---APPLICATION TO COURT FOR REFERRING DISPUTE TO ARBITRATION IN TERMS OF ARBITRATION AGREEMENT WHICH CONTAINED THE PROVISION THAT IF PARTIES WERE NOT SATISFIED BY THE SPECIFIED PERSON'S DECISION 1,Arbitration Act,Court of Record,,29,headnote_only,order_text,unknown
2026_ARBITRATION ACT 1940 PREAMBLE---SCHEME OF ARBITRATION ACF_1,2026 ARBITRATION ACT 1940 PREAMBLE---SCHEME OF ARBITRATION ACF 1,1940,Court of Record,,13,headnote_only,order_text,unknown
"S: 305---Winding up of Insurance Company---Jurisdiction--=Court"""" referred to in S.53(1)_SS. 53(1) & 2(6)---COMPANIES ORDINANCE (XLVII OF 1984)_1","S: 305---Winding up of Insurance Company---Jurisdiction--=Court"""" referred to in S.53(1) SS. 53(1) & 2(6)---COMPANIES ORDINANCE (XLVII OF 1984) 1",1938,Court of Record,,43,headnote_only,order_text,unknown
"S: 305---Winding up of Insurance Company---Jurisdiction--=Court"""" referred to in S.53(1)_INSURANCE ACT 1938 SS. 53(1) & 2(6)---COMPANIES ORDINANCE (XLVII OF 1984)_1","S: 305---Winding up of Insurance Company---Jurisdiction--=Court"""" referred to in S.53(1) INSURANCE ACT 1938 SS. 53(1) & 2(6)---COMPANIES ORDINANCE (XLVII OF 1984) 1",1938,Court of Record,,43,headnote_only,order_text,unknown
therefore_ARBITRATION ACT 1940 S. 30---OBJECTIONS TO AWARD---JURISDICTION OF COURT---EXTENT---COURT WHILE HEARING OBJECTIONS OF CONCERNED PARTIES IN RESPECT OF ANY AWARD COULD NOT CONSTITUTE ITSELF AS A REGULAR COURT OF APPEAL ON THE AWARD OF ARBITRATORS_1,therefore ARBITRATION ACT 1940 S. 30---OBJECTIONS TO AWARD---JURISDICTION OF COURT---EXTENT---COURT WHILE HEARING OBJECTIONS OF CONCERNED PARTIES IN RESPECT OF ANY AWARD COULD NOT CONSTITUTE ITSELF AS A REGULAR COURT OF APPEAL ON THE AWARD OF ARBITRATORS 1,Contrary To The Opinion Drawn By Arbitrators For Jurisdiction Of Court In That Respect Was Restricted To Cases Falling In The Ambit Of S.30 Of The Arbitration Act---Court'S Important Function Would Be To See Whether Or Not Arbitrators Had Properly Answered Precised. Question Referred To Them And Whether Substantial Justice,Court of Record,,5,headnote_only,order_text,unknown
Art.158---Question of limitation--Arbitrators failing to decide such_S. 37---LIMITATION ACT (IX OF 1908)_1,Art.158---Question of limitation--Arbitrators failing to decide such S. 37---LIMITATION ACT (IX OF 1908) 1,Then Court Was Not Barred To Consider Objection On That Point And To Set Aside Award If Claim Was Found To Be Time-Barred---Plaintiff'S Clue Being Not Time-Barred,Court of Record,,13,headnote_only,order_text,unknown
Art.158---Question of limitation--Arbitrators failing to decide such_LIMITATION ACT 1908 S. 37---LIMITATION ACT (IX OF 1908)_1,Art.158---Question of limitation--Arbitrators failing to decide such LIMITATION ACT 1908 S. 37---LIMITATION ACT (IX OF 1908) 1,Then Court Was Not Barred To Consider Objection On That Point And To Set Aside Award If Claim Was Found To Be Time-Barred---Plaintiff'S Clue Being Not Time-Barred,Court of Record,,13,headnote_only,order_text,unknown
suit for declaration simpliciter was competent and it was not necessary to file suit for cancellation of document and for possession---Void transaction would create no legal effect---Where however_SPECIFIC RELIEF ACT 1877 SS. 42 & 39---SUIT FOR DECLARATION---COMPETENCY---DEFENDANT BEING GENERAL ATTORNEY OF PLAINTIFF GIFTED LAND IN QUESTION OWNED BY PLAINTIFF IN FAVOUR OF HIS OWN FATHER---ALLEGED GIFT DEED WAS EXECUTED BY GENERAL ATTORNEY ONE WEEK AFTER GENERAL POWER OF ATTORNEY WAS GOT CANCELLED BY PLAINTIFF AND NOTICES OF CANCELLATION WERE DESPATCHED TO RELEVANT AUTHORITIES INCLUDING SUB-REGISTRAR CONCERNED---POSSESSION OF LAND IN QUESTION BEING STILL WITH THE PLAINTIFF_1,suit for declaration simpliciter was competent and it was not necessary to file suit for cancellation of document and for possession---Void transaction would create no legal effect---Where however SPECIFIC RELIEF ACT 1877 SS. 42 & 39---SUIT FOR DECLARATION---COMPETENCY---DEFENDANT BEING GENERAL ATTORNEY OF PLAINTIFF GIFTED LAND IN QUESTION OWNED BY PLAINTIFF IN FAVOUR OF HIS OWN FATHER---ALLEGED GIFT DEED WAS EXECUTED BY GENERAL ATTORNEY ONE WEEK AFTER GENERAL POWER OF ATTORNEY WAS GOT CANCELLED BY PLAINTIFF AND NOTICES OF CANCELLATION WERE DESPATCHED TO RELEVANT AUTHORITIES INCLUDING SUB-REGISTRAR CONCERNED---POSSESSION OF LAND IN QUESTION BEING STILL WITH THE PLAINTIFF 1,Specific Relief Act,Court of Record,,7,headnote_only,order_text,unknown
pre-paying and posting by registered post---Where all such prerequisites had been complied with_WEST PAKISTAN GENERAL CLAUSES ACT 1956 S. 26---SERVICE OF NOTICE THROUGH POST---PRESUMPTION---SERVICE WOULD BE DEEMED TO HAVE BEEN EFFECTED BY PROPERLY ADDRESSING_1,pre-paying and posting by registered post---Where all such prerequisites had been complied with WEST PAKISTAN GENERAL CLAUSES ACT 1956 S. 26---SERVICE OF NOTICE THROUGH POST---PRESUMPTION---SERVICE WOULD BE DEEMED TO HAVE BEEN EFFECTED BY PROPERLY ADDRESSING 1,Admitted That He Received The Notice Of Cancellation Of His Power-Ofattorney---Presumption Would Be That Defendant Received Notice In Question,Court of Record,,18,headnote_only,order_text,unknown
prima facie_COMPANIES ORDINANCE 1984 SS. 265 & 9---APPLICATION FOR APPOINTMENT OF INSPECTOR FOR INVESTIGATION OF COMPANY'S AFFAIRS---PROCEDURE---COURT HAS ONLY TO SATISFY ITSELF_1,prima facie COMPANIES ORDINANCE 1984 SS. 265 & 9---APPLICATION FOR APPOINTMENT OF INSPECTOR FOR INVESTIGATION OF COMPANY'S AFFAIRS---PROCEDURE---COURT HAS ONLY TO SATISFY ITSELF 1,That Case For Investigation Through An Inspector Is Called For---Inspector Has To Ascertain And Determine The Truth Or Otherwise Of The Allegation During The Investigation To Be Conducted By Him Where After He Has To Submit The Report To The Concerned Authority---Matter In Fact Vests In The Discretion Of The Court,Court of Record,,14,headnote_only,order_text,unknown
prima facie_SS. 265 & 9---APPLICATION FOR APPOINTMENT OF INSPECTOR FOR INVESTIGATION OF COMPANY'S AFFAIRS---PROCEDURE---COURT HAS ONLY TO SATISFY ITSELF_1,prima facie SS. 265 & 9---APPLICATION FOR APPOINTMENT OF INSPECTOR FOR INVESTIGATION OF COMPANY'S AFFAIRS---PROCEDURE---COURT HAS ONLY TO SATISFY ITSELF 1,That Case For Investigation Through An Inspector Is Called For---Inspector Has To Ascertain And Determine The Truth Or Otherwise Of The Allegation During The Investigation To Be Conducted By Him Where After He Has To Submit The Report To The Concerned Authority---Matter In Fact Vests In The Discretion Of The Court,Court of Record,,14,headnote_only,order_text,unknown
Art. 185 (3)---Application for appointment of Inspector for investigation of companys affairs---Locus standi---Petition for leave to appeal---Contention before the High Court by opposing party was that applicants for appointment of Inspector having received valuable consideration and- their shares of the companies/units allocated to them in a Memorandum of Understanding were precluded from seeking order for appointment of Inspector---High Court had dealt with the aspect of the matter and had found that various Memoranda of understanding had not become effective and enforceable for the reason that they were not signed by all the members of the companies and registers of companies with the Joint Registrar regarding the transfer of shares by one group to the other_CONSTITUTION OF PAKISTAN 1973 ----S. 265---CONSTITUTION OF PAKISTAN (1973)_1,Art. 185 (3)---Application for appointment of Inspector for investigation of companys affairs---Locus standi---Petition for leave to appeal---Contention before the High Court by opposing party was that applicants for appointment of Inspector having received valuable consideration and- their shares of the companies/units allocated to them in a Memorandum of Understanding were precluded from seeking order for appointment of Inspector---High Court had dealt with the aspect of the matter and had found that various Memoranda of understanding had not become effective and enforceable for the reason that they were not signed by all the members of the companies and registers of companies with the Joint Registrar regarding the transfer of shares by one group to the other CONSTITUTION OF PAKISTAN 1973 ----S. 265---CONSTITUTION OF PAKISTAN (1973) 1,Therefore,Court of Record,,19,headnote_only,order_text,unknown
S.4/5---Suppression of Terrorist Activities (Special Courts) Act (XV of 1975)_S. 4/5---EXPLOSIVES ACT (IV OF 1884)_1,S.4/5---Suppression of Terrorist Activities (Special Courts) Act (XV of 1975) S. 4/5---EXPLOSIVES ACT (IV OF 1884) 1,Charge-Sheet And The Charge Framed By Trial Court Were All Under S.4/5 Of The Explosives Act,Court of Record,,8,headnote_only,order_text,unknown
S.4/5---Suppression of Terrorist Activities (Special Courts) Act (XV of 1975)_EXPLOSIVE SUBSTANCES ACT 1908 S. 4/5---EXPLOSIVES ACT (IV OF 1884)_1,S.4/5---Suppression of Terrorist Activities (Special Courts) Act (XV of 1975) EXPLOSIVE SUBSTANCES ACT 1908 S. 4/5---EXPLOSIVES ACT (IV OF 1884) 1,Charge-Sheet And The Charge Framed By Trial Court Were All Under S.4/5 Of The Explosives Act,Court of Record,,8,headnote_only,order_text,unknown
1976_AZAD JAMMU AND KASHMIR SHARIAT COURT ORDINANCE 1982 ---S. 7-A--AZAD JAMMU AND KASHMIR CIVIL SERVANTS ACT_1,1976 AZAD JAMMU AND KASHMIR SHARIAT COURT ORDINANCE 1982 ---S. 7-A--AZAD JAMMU AND KASHMIR CIVIL SERVANTS ACT 1,Jurisdiction Of Courts Stand Ousted And Despite Keen Desire Of The Courts,Court of Record,1976-01-01,5,headnote_only,order_text,unknown
been having an affair with her when she was still a student of 8th class during the subsistence of his marriage_CRIMINAL PROCEDURE CODE (CR.P.C) S. 491---HABEAS CORPUS PETITION---GIRL WHO WAS STILL IN HER TEENS WAS ALURED TO MARRY A PERSON WHO WAS NOT ONLY PHYSICALLY HANDICAPPED BUT ALSO HAD MARRIED THRICE BEFORE AND HAD_1,been having an affair with her when she was still a student of 8th class during the subsistence of his marriage CRIMINAL PROCEDURE CODE (CR.P.C) S. 491---HABEAS CORPUS PETITION---GIRL WHO WAS STILL IN HER TEENS WAS ALURED TO MARRY A PERSON WHO WAS NOT ONLY PHYSICALLY HANDICAPPED BUT ALSO HAD MARRIED THRICE BEFORE AND HAD 1,Mentally Immature To Take Independent Decision ---Nikah Was Performed Under The Influence Or Fear Or Temptations And Without Parents/Wali Or Vakeel Or Reliable Witnesses And Nikah Khawan Could Not Be Produced Before The Court-Held,Court of Record,,11,headnote_only,order_text,unknown
yet Courts would be reluctant to substitute their own discretion for that of Authority where discretionary power was not arbitrarily exercised--Authority wherein discretion was vested could_CONSTITUTION OF PAKISTAN 1973 ART. 199---DISCRETION---STATUTORY DISCRETION---DUTY OF COURT---EXERCISE OF STATUTORY DISCRETION AFFECTING INDIVIDUAL'S INTEREST WAS ALTHOUGH INVARIABLY REVIEWABLE_1,yet Courts would be reluctant to substitute their own discretion for that of Authority where discretionary power was not arbitrarily exercised--Authority wherein discretion was vested could CONSTITUTION OF PAKISTAN 1973 ART. 199---DISCRETION---STATUTORY DISCRETION---DUTY OF COURT---EXERCISE OF STATUTORY DISCRETION AFFECTING INDIVIDUAL'S INTEREST WAS ALTHOUGH INVARIABLY REVIEWABLE 1,Be Compelled To Exercise Its Discretion But Could Not Be Compelled To Exercise The Same In Any Particular Manner---Where Party Proceeded Against Had Done,Court of Record,,11,headnote_only,order_text,unknown
S.12---Constitution of Pakistan (1973)_QANUN-E-SHAHADAT ORDER 1984 ART. 59---SPECIFIC RELIEF ACT (I OF 1877)_1,S.12---Constitution of Pakistan (1973) QANUN-E-SHAHADAT ORDER 1984 ART. 59---SPECIFIC RELIEF ACT (I OF 1877) 1,Supreme Court Made An Exercise Of Comparison Of The Signatures Of The Executant With The Help Of Magnifying Glass And Found The Reasonings Advanced By The Expert Quite Plausible And Convincing---Concurrent Finding Of Fact Of The Three Lower Forums Regarding The Genuineness Of The Agreement To Sell Also Did Not Suffer From Any Legal Infirmity,Court of Record,,11,headnote_only,order_text,unknown
Arts. 203 & 199---Supervisory jurisdiction of High Court---Dismissal of application for setting aside ex parte proceedings by Trial Court--- Constitutinal petition under Art.199_CONSTITUTION OF PAKISTAN 1973 R. 13---CONSTITUTION OF PAKISTAN (1973)_1,Arts. 203 & 199---Supervisory jurisdiction of High Court---Dismissal of application for setting aside ex parte proceedings by Trial Court--- Constitutinal petition under Art.199 CONSTITUTION OF PAKISTAN 1973 R. 13---CONSTITUTION OF PAKISTAN (1973) 1,Against Such Dismissal---Applicant,Court of Record,,36,headnote_only,order_text,unknown
Arts. 203 & 199---Supervisory jurisdiction of High Court---Dismissal of application for setting aside ex parte proceedings by Trial Court--- Constitutinal petition under Art.199_WEST PAKISTAN FAMILY COURT RULES 1965 R. 13---CONSTITUTION OF PAKISTAN (1973)_1,Arts. 203 & 199---Supervisory jurisdiction of High Court---Dismissal of application for setting aside ex parte proceedings by Trial Court--- Constitutinal petition under Art.199 WEST PAKISTAN FAMILY COURT RULES 1965 R. 13---CONSTITUTION OF PAKISTAN (1973) 1,Against Such Dismissal---Applicant,Court of Record,,36,headnote_only,order_text,unknown
S. 42---Civil Procedure Code (V of 1908)_CIVIL PROCEDURE CODE --ORDER VII OF C.P.C. PLAINT S. 70---SPECIFIC RELIEF ACT (I OF 1877)_1,S. 42---Civil Procedure Code (V of 1908) CIVIL PROCEDURE CODE --ORDER VII OF C.P.C. PLAINT S. 70---SPECIFIC RELIEF ACT (I OF 1877) 1,R. 11---Suit For Declaration And Permanent Injunction Filed Without Serving Notice Under S. 70,Court of Record,,3,headnote_only,order_text,unknown
S. 42---Civil Procedure Code (V of 1908)_S. 70---SPECIFIC RELIEF ACT (I OF 1877)_1,S. 42---Civil Procedure Code (V of 1908) S. 70---SPECIFIC RELIEF ACT (I OF 1877) 1,R. 11---Suit For Declaration And Permanent Injunction Filed Without Serving Notice Under S. 70,Court of Record,,3,headnote_only,order_text,unknown
S. 42---Civil Procedure Code (V of 1908)_SPECIFIC RELIEF ACT 1877 S. 70---SPECIFIC RELIEF ACT (I OF 1877)_1,S. 42---Civil Procedure Code (V of 1908) SPECIFIC RELIEF ACT 1877 S. 70---SPECIFIC RELIEF ACT (I OF 1877) 1,R. 11---Suit For Declaration And Permanent Injunction Filed Without Serving Notice Under S. 70,Court of Record,,3,headnote_only,order_text,unknown
S. 115---Deceased landowner died leaving behind minor son---Brother and sisters of deceased succeeded in depriving minor son of deceased from inheritance and themselves got it mutated in their favour on the pretext that deceased had died issueless--Plaintiff (son of deceased) on becoming major instituted suit for claiming his inheritance---Courts below concurrently found son of deceased to be the legitimate child of deceased but Trial Court found the suit to be barred by time---First Appellate Court_ART. 128---CIVIL PROCEDURE CODE (V OF 1908)_1,S. 115---Deceased landowner died leaving behind minor son---Brother and sisters of deceased succeeded in depriving minor son of deceased from inheritance and themselves got it mutated in their favour on the pretext that deceased had died issueless--Plaintiff (son of deceased) on becoming major instituted suit for claiming his inheritance---Courts below concurrently found son of deceased to be the legitimate child of deceased but Trial Court found the suit to be barred by time---First Appellate Court ART. 128---CIVIL PROCEDURE CODE (V OF 1908) 1,Found His Suit To Be Within Time And Granted Him Decree---Validity-,Court of Record,,14,headnote_only,order_text,unknown
S. 55---Cooperative Societies Act (VII of 1925)_COLONIZATION OF GOVERNMENT LANDS (PUNJAB) ACT 1912 S. 10---CONTRACT ACT (IX OF 1872)_1,S. 55---Cooperative Societies Act (VII of 1925) COLONIZATION OF GOVERNMENT LANDS (PUNJAB) ACT 1912 S. 10---CONTRACT ACT (IX OF 1872) 1,Art. 199---Cancellation Of Allotment Of Plot For Failure Of Allottee To Construct House Thereon,Court of Record,,68,headnote_only,order_text,unknown
S. 115---Deceased landowner died leaving behind minor son---Brother and sisters of deceased succeeded in depriving minor son of deceased from inheritance and themselves got it mutated in their favour on the pretext that deceased had died issueless--Plaintiff (son of deceased) on becoming major instituted suit for claiming his inheritance---Courts below concurrently found son of deceased to be the legitimate child of deceased but Trial Court found the suit to be barred by time---First Appellate Court_QANUN-E-SHAHADAT ORDER 1984 ART. 128---CIVIL PROCEDURE CODE (V OF 1908)_1,S. 115---Deceased landowner died leaving behind minor son---Brother and sisters of deceased succeeded in depriving minor son of deceased from inheritance and themselves got it mutated in their favour on the pretext that deceased had died issueless--Plaintiff (son of deceased) on becoming major instituted suit for claiming his inheritance---Courts below concurrently found son of deceased to be the legitimate child of deceased but Trial Court found the suit to be barred by time---First Appellate Court QANUN-E-SHAHADAT ORDER 1984 ART. 128---CIVIL PROCEDURE CODE (V OF 1908) 1,Found His Suit To Be Within Time And Granted Him Decree---Validity-,Court of Record,,14,headnote_only,order_text,unknown
O. VII_S. 21---CIVIL PROCEDURE CODE (V OF 1908)_1,O. VII S. 21---CIVIL PROCEDURE CODE (V OF 1908) 1,R.23 & S.115---Rejection Of Plaint On Ground Of Lack Of Jurisdiction In Trial Court,Court of Record,,58,headnote_only,order_text,unknown
O. VII_CIVIL PROCEDURE CODE --ORDER XLI OF C.P.C. APPEALS FROM ORIGINAL DECREES S. 21---CIVIL PROCEDURE CODE (V OF 1908)_1,O. VII CIVIL PROCEDURE CODE --ORDER XLI OF C.P.C. APPEALS FROM ORIGINAL DECREES S. 21---CIVIL PROCEDURE CODE (V OF 1908) 1,R.23 & S.115---Rejection Of Plaint On Ground Of Lack Of Jurisdiction In Trial Court,Court of Record,,58,headnote_only,order_text,unknown
O. VII_SINDH WAQF PROPERTIES ORDINANCE 1979 S. 21---CIVIL PROCEDURE CODE (V OF 1908)_1,O. VII SINDH WAQF PROPERTIES ORDINANCE 1979 S. 21---CIVIL PROCEDURE CODE (V OF 1908) 1,R.23 & S.115---Rejection Of Plaint On Ground Of Lack Of Jurisdiction In Trial Court,Court of Record,,58,headnote_only,order_text,unknown
R. 1---Examination of witnesses---Statement of plaintiff in affirmative after close of evidence of defendants in rebuttal---Effect---Provision of O.XVIII_CIVIL PROCEDURE CODE --ORDER XVIII OF C.P.C. HEARING OF THE SUIT AND EXAMINATION OF WITNESS 0. XVIII_1,R. 1---Examination of witnesses---Statement of plaintiff in affirmative after close of evidence of defendants in rebuttal---Effect---Provision of O.XVIII CIVIL PROCEDURE CODE --ORDER XVIII OF C.P.C. HEARING OF THE SUIT AND EXAMINATION OF WITNESS 0. XVIII 1,C.P.C. Postulates That Plaintiff Must Produce Whatever Evidence He Wished To Rely Upon In First Instance,Court of Record,,93,headnote_only,order_text,unknown
thirdly---Qanun-e-Shahadat (10 of 1984). Arts. 132 & 133--Factum of ownership in estate ---Proof---Factum of ownership in estate could be established by oral evidence---Where plaintiff_S. 15(C)_1,thirdly---Qanun-e-Shahadat (10 of 1984). Arts. 132 & 133--Factum of ownership in estate ---Proof---Factum of ownership in estate could be established by oral evidence---Where plaintiff S. 15(C) 1,Had Categorically Stated That He Was Owner In The Estate And He Was Not Cross-Examined On That Aspect Of His Evidence; And Furthermore,Court of Record,,25,headnote_only,order_text,unknown
thirdly---Qanun-e-Shahadat (10 of 1984). Arts. 132 & 133--Factum of ownership in estate ---Proof---Factum of ownership in estate could be established by oral evidence---Where plaintiff_QANUN-E-SHAHADAT ORDER 1984 S. 15(C)_1,thirdly---Qanun-e-Shahadat (10 of 1984). Arts. 132 & 133--Factum of ownership in estate ---Proof---Factum of ownership in estate could be established by oral evidence---Where plaintiff QANUN-E-SHAHADAT ORDER 1984 S. 15(C) 1,Had Categorically Stated That He Was Owner In The Estate And He Was Not Cross-Examined On That Aspect Of His Evidence; And Furthermore,Court of Record,,25,headnote_only,order_text,unknown
1972 [M.L.R.115]_MARTIAL LAW REGULATION 1959 NO. 64 PARA. 15---LAND REFORMS REGULATION_1,1972 [M.L.R.115] MARTIAL LAW REGULATION 1959 NO. 64 PARA. 15---LAND REFORMS REGULATION 1,Making Effort To File Declaration De Novo And Their Said Request Was Acceded To By Federal Land Commission---Validity---Government'S Plea Against Permission To File Fresh Declaration Was That Declarant Had Already Made Declaration Under M.L.R. 64 And Subsequently There Was Declaration Under M.L.R. 115,Court of Record,,66,headnote_only,order_text,leave_granted
S. 55---Cooperative Societies Act (VII of 1925)_S. 10---CONTRACT ACT (IX OF 1872)_1,S. 55---Cooperative Societies Act (VII of 1925) S. 10---CONTRACT ACT (IX OF 1872) 1,Art. 199---Cancellation Of Allotment Of Plot For Failure Of Allottee To Construct House Thereon,Court of Record,,68,headnote_only,order_text,unknown
"1956_DISPLACED PERSONS (LAND SETTLEMENT) ACT 1958 SS. 22 & 25---WORDS """"ORDER MADE UNDER THIS ACT"""" IN S.22 AND WORDS """"ANY MATTER WHICH THE CENTRAL OR PROVINCIAL GOVERNMENT OR AN OFFICER APPOINTED UNDER THIS ACT IS EMPOWERED BY OR UNDER THIS ACT TO DETERMINE"""" APPEARING IN S.25 OF THE ACT HOLD PIVOTAL POSITION AND ARE THE KEY WORDS. ----S. 22---WEST PAKISTAN REHABILITATION AND SETTLEMENT SCHEME_1","1956 DISPLACED PERSONS (LAND SETTLEMENT) ACT 1958 SS. 22 & 25---WORDS """"ORDER MADE UNDER THIS ACT"""" IN S.22 AND WORDS """"ANY MATTER WHICH THE CENTRAL OR PROVINCIAL GOVERNMENT OR AN OFFICER APPOINTED UNDER THIS ACT IS EMPOWERED BY OR UNDER THIS ACT TO DETERMINE"""" APPEARING IN S.25 OF THE ACT HOLD PIVOTAL POSITION AND ARE THE KEY WORDS. ----S. 22---WEST PAKISTAN REHABILITATION AND SETTLEMENT SCHEME 1",S.8---Douic'S Settlement Manual,Court of Record,1956-01-01,55,headnote_only,order_text,unknown
Cls. (ix) & (iv)---Punjab Tenancy Act (XVI of 1887)_PARA. 31_1,Cls. (ix) & (iv)---Punjab Tenancy Act (XVI of 1887) PARA. 31 1,& 7---Douie'S Settlement Manual,Court of Record,,20,headnote_only,order_text,unknown
Ss.22 & 25---Punjab Tenancy Act (XVI of 1887)_PUNJAB TENANCY ACT 1887 PARA. 31---DISPLACED PERSONS (LAND SETTLEMENT) ACT (XLVII OF 1958)_1,Ss.22 & 25---Punjab Tenancy Act (XVI of 1887) PUNJAB TENANCY ACT 1887 PARA. 31---DISPLACED PERSONS (LAND SETTLEMENT) ACT (XLVII OF 1958) 1,Paras. 173 & 211---Occupancy Tenants---Allotment Of Land In Possession Of Occupancy Tenants---Validity---Jurisdiction Of Civil Court---Bar Of Jurisdiction---Availability---Requirements---Transfer Of Land In Possession Of Occupancy Tenants Being Prohibited Under Para. 31,Court of Record,,3,headnote_only,order_text,unknown
Cls. (ix)_WEST PAKISTAN REHABILITATION AND SETTLEMENT SCHEME 1956 PARA. 31_1,Cls. (ix) WEST PAKISTAN REHABILITATION AND SETTLEMENT SCHEME 1956 PARA. 31 1,"Rather The Scheme Has Extended The Definition Of """"Occupancy Tenant"""".--[Words And Phrases]..---Para. 31",Court of Record,,10,headnote_only,order_text,unknown
S.561-A---Quashing of proceedings---Complainant's husband being a Muslim male could have is many as four wives at the same time and he could not be charged and prosecuted under Ss.494 & 495_S. 494/495---CRIMINAL PROCEDURE CODE (V OF 1898)_1,S.561-A---Quashing of proceedings---Complainant's husband being a Muslim male could have is many as four wives at the same time and he could not be charged and prosecuted under Ss.494 & 495 S. 494/495---CRIMINAL PROCEDURE CODE (V OF 1898) 1,Therefore,Court of Record,,19,headnote_only,order_text,unknown
S.561-A---Quashing of proceedings---Complainant's husband being a Muslim male could have is many as four wives at the same time and he could not be charged and prosecuted under Ss.494 & 495_PAKISTAN PENAL CODE S. 494/495---CRIMINAL PROCEDURE CODE (V OF 1898)_1,S.561-A---Quashing of proceedings---Complainant's husband being a Muslim male could have is many as four wives at the same time and he could not be charged and prosecuted under Ss.494 & 495 PAKISTAN PENAL CODE S. 494/495---CRIMINAL PROCEDURE CODE (V OF 1898) 1,Therefore,Court of Record,,19,headnote_only,order_text,unknown
2026_PUNJAB PRE-EMPTION ACT 1913 S. 15---DOCTRINE OF SINKER---APPLICATION---WHERE A VENDEE HAVING AN EQUAL OR SUPERIOR RIGHT OF PRE-EMPTION ASSOCIATES A STRANGER I.E. A PERSON HAVING AN INFERIOR RIGHT OF PRE-EMPTION THAN THE PRE-EMPTOR_1,2026 PUNJAB PRE-EMPTION ACT 1913 S. 15---DOCTRINE OF SINKER---APPLICATION---WHERE A VENDEE HAVING AN EQUAL OR SUPERIOR RIGHT OF PRE-EMPTION ASSOCIATES A STRANGER I.E. A PERSON HAVING AN INFERIOR RIGHT OF PRE-EMPTION THAN THE PRE-EMPTOR 1,Unless The Impugned Sale Is Divisible I.E. It Is A Sale Wherein Not Only The Share Of Each Vendee Is Specified But The Amount Paid Towards The Price By Each Vendee Is Also Specified---Transaction Is Regarded As Indivisible If The Purchase Money For A Sale Is Paid In A Lump Sum Without Specification Of The Amounts Paid By Each Of The Vendees,Court of Record,,17,headnote_only,order_text,unknown
of course_CRIMINAL PROCEDURE CODE (CR.P.C) S. 426(1-A)---SUSPENSION OF SENTENCE AND BAIL ON STATUTORY GROUND---RIGHT OF BAIL TO A CONVICT ON THE STATUTORY GROUND IS NOT AN ABSOLUTE RIGHT AND APPELLATE COURT HAS THE DISCRETION TO GRANT OR REFUSE BAIL WHICH_1,of course CRIMINAL PROCEDURE CODE (CR.P.C) S. 426(1-A)---SUSPENSION OF SENTENCE AND BAIL ON STATUTORY GROUND---RIGHT OF BAIL TO A CONVICT ON THE STATUTORY GROUND IS NOT AN ABSOLUTE RIGHT AND APPELLATE COURT HAS THE DISCRETION TO GRANT OR REFUSE BAIL WHICH 1,Cr.P.C.---Merely Because The Appeal Has Not Been Decided Within The Stated Period Of Time Would Not In Any Way Give An Unabridged Right Of Bail To A Convict.----Ss. 426 & 497---Grant And Refusal Of Bail---Guidelines---Nature Of Offence And Not The Quantum Of Punishment Provides Guideline For Acceptance Or Refusal Of Bail To A Convict---Where An Offence Is Likely To Be Repeated By The Convict,Court of Record,,7,headnote_only,order_text,unknown
S.5---First appeal filed beyond period of limitation---Appreciation of condonation of delay---Only ground mentioned in application for condonation of delay was that Vakalatnama in favour of counsel for appellant had been received after period of limitation---Perusal of record_CODE OF CIVIL PROCEDURE 1908 S .96---LIMITATION ACT (IX OF 1908)_1,S.5---First appeal filed beyond period of limitation---Appreciation of condonation of delay---Only ground mentioned in application for condonation of delay was that Vakalatnama in favour of counsel for appellant had been received after period of limitation---Perusal of record CODE OF CIVIL PROCEDURE 1908 S .96---LIMITATION ACT (IX OF 1908) 1,Showed That Vakalatnama In Question,Court of Record,,40,headnote_only,order_text,unknown
Art.199---Constitutional jurisdiction_CONSTITUTION OF PAKISTAN 1973 15---CONSTITUTION OF PAKISTAN (1973)_1,Art.199---Constitutional jurisdiction CONSTITUTION OF PAKISTAN 1973 15---CONSTITUTION OF PAKISTAN (1973) 1,Whether Falling Within The Scope Of Constitutional Jurisdiction---Order Of Ejectment Passed Against Tenant Ex Parte---Tenant In Spite Of Service Failed To Attend Court---Validity Of Order Of Ejectment ---Question Involved In Constitutional Petition Was Whether Tenant Had Been Served Properly And Whether His Non-Appearance In Court In Spite Of Service,Court of Record,,12,headnote_only,order_text,unknown
S.5---First appeal filed beyond period of limitation---Appreciation of condonation of delay---Only ground mentioned in application for condonation of delay was that Vakalatnama in favour of counsel for appellant had been received after period of limitation---Perusal of record_S .96---LIMITATION ACT (IX OF 1908)_1,S.5---First appeal filed beyond period of limitation---Appreciation of condonation of delay---Only ground mentioned in application for condonation of delay was that Vakalatnama in favour of counsel for appellant had been received after period of limitation---Perusal of record S .96---LIMITATION ACT (IX OF 1908) 1,Showed That Vakalatnama In Question,Court of Record,,40,headnote_only,order_text,unknown
1981_CONSTITUTION OF PAKISTAN 1973 ART. 198---LAHORE HIGH COURT (ESTABLISHMENT OF BENCHES) RULES_1,1981 CONSTITUTION OF PAKISTAN 1973 ART. 198---LAHORE HIGH COURT (ESTABLISHMENT OF BENCHES) RULES 1,1981,Court of Record,1981-01-01,14,headnote_only,order_text,unknown
"15 & 19---Proceedings before Rent Controller---Nature"""" of such proceedings- --Landlord contended that tenant's witness_SS. 2(B)_1","15 & 19---Proceedings before Rent Controller---Nature"""" of such proceedings- --Landlord contended that tenant's witness SS. 2(B) 1",Evidence Of That Witness Which Was That Of An Unauthorised Person,Court of Record,,10,headnote_only,order_text,unknown
Part I---Constitution of-Pakistan (1973)_APPEAL S. 304_1,Part I---Constitution of-Pakistan (1973) APPEAL S. 304 1,P.P.C. By High Court---Appraisal Of Evidence---Accused Had Not Come To The Spot Duly Armed And The Weapon Used By Him For Inflicting Injury To The Deceased Was Not A Weapon Of Crime But An Instrument (Sickle) Normally Used For Cutting The Fodder And Both Sides Had Received Injuries---Occurrence Was Not Premeditated And It Appeared To Be A Case Of Sudden Fight In The Heat Of Passion Upon A Sudden Quarrel Over The Deposit Of The Earth---Accused Had Not Repeated The Blow And Neither He Had Taken Undue Advantage,Court of Record,,16,headnote_only,order_text,unknown
Part I---Constitution of-Pakistan (1973)_S. 304_1,Part I---Constitution of-Pakistan (1973) S. 304 1,P.P.C. By High Court---Appraisal Of Evidence---Accused Had Not Come To The Spot Duly Armed And The Weapon Used By Him For Inflicting Injury To The Deceased Was Not A Weapon Of Crime But An Instrument (Sickle) Normally Used For Cutting The Fodder And Both Sides Had Received Injuries---Occurrence Was Not Premeditated And It Appeared To Be A Case Of Sudden Fight In The Heat Of Passion Upon A Sudden Quarrel Over The Deposit Of The Earth---Accused Had Not Repeated The Blow And Neither He Had Taken Undue Advantage,Court of Record,,16,headnote_only,order_text,unknown
Part I---Constitution of-Pakistan (1973)_PAKISTAN PENAL CODE S. 304_1,Part I---Constitution of-Pakistan (1973) PAKISTAN PENAL CODE S. 304 1,P.P.C. By High Court---Appraisal Of Evidence---Accused Had Not Come To The Spot Duly Armed And The Weapon Used By Him For Inflicting Injury To The Deceased Was Not A Weapon Of Crime But An Instrument (Sickle) Normally Used For Cutting The Fodder And Both Sides Had Received Injuries---Occurrence Was Not Premeditated And It Appeared To Be A Case Of Sudden Fight In The Heat Of Passion Upon A Sudden Quarrel Over The Deposit Of The Earth---Accused Had Not Repeated The Blow And Neither He Had Taken Undue Advantage,Court of Record,,16,headnote_only,order_text,unknown
nor demanded any ransom from him---Accused_SS. 365-A & 368/365---APPRECIATION OF EVIDENCE---ACCUSED HAD NEITHER PARTICIPATED IN THE ABDUCTION OF THE ABDUCTEE_1,nor demanded any ransom from him---Accused SS. 365-A & 368/365---APPRECIATION OF EVIDENCE---ACCUSED HAD NEITHER PARTICIPATED IN THE ABDUCTION OF THE ABDUCTEE 1,Was Found To Have Wrongfully Conccalcd Ttie Abductet Knowing That He Had Been Abducted-Accused Was Consequently Convicted Under S.368 P.P.C. And His Sentence Of Imprisonment For Life Was Reduced To 7 Years' R.I,Court of Record,,3,headnote_only,order_text,unknown
nor demanded any ransom from him---Accused_PAKISTAN PENAL CODE SS. 365-A & 368/365---APPRECIATION OF EVIDENCE---ACCUSED HAD NEITHER PARTICIPATED IN THE ABDUCTION OF THE ABDUCTEE_1,nor demanded any ransom from him---Accused PAKISTAN PENAL CODE SS. 365-A & 368/365---APPRECIATION OF EVIDENCE---ACCUSED HAD NEITHER PARTICIPATED IN THE ABDUCTION OF THE ABDUCTEE 1,Was Found To Have Wrongfully Conccalcd Ttie Abductet Knowing That He Had Been Abducted-Accused Was Consequently Convicted Under S.368 P.P.C. And His Sentence Of Imprisonment For Life Was Reduced To 7 Years' R.I,Court of Record,,3,headnote_only,order_text,unknown
240_ARTS. 260_1,240 ARTS. 260 1,"Respondent Was Not Qualified To Be Re-Appointed To The Office Of Governor---Office Of Governor Whether An Office In The Service Of Pakistan---Governor Being Holder Of """"Canstitutional Office"""" As Distinct From """"Service Of Pakistan""""",Court of Record,,16,headnote_only,order_text,unknown
240_CONSTITUTION OF PAKISTAN 1973 ARTS. 260_1,240 CONSTITUTION OF PAKISTAN 1973 ARTS. 260 1,"Respondent Was Not Qualified To Be Re-Appointed To The Office Of Governor---Office Of Governor Whether An Office In The Service Of Pakistan---Governor Being Holder Of """"Canstitutional Office"""" As Distinct From """"Service Of Pakistan""""",Court of Record,,16,headnote_only,order_text,unknown
Act 199---Constitutional petition---Government security in the shape of bearer bonds were stolen--Some of such bonds were_SS. 2(2) & 11(1)---CONSTITUTION OF PAKISTAN (1973)_1,Act 199---Constitutional petition---Government security in the shape of bearer bonds were stolen--Some of such bonds were SS. 2(2) & 11(1)---CONSTITUTION OF PAKISTAN (1973) 1,Recovered From Accused Person--Petitioner Claimed Entitlement To Issuance Of Duplicate Security In Respect Of Stolen Bonds Not So Recovered---Person Entitled To Government Security Would Be Entitled To Issuance Of Duplicate Security In Case Such Security Was Stolen,Court of Record,,10,headnote_only,order_text,unknown
Act 199---Constitutional petition---Government security in the shape of bearer bonds were stolen--Some of such bonds were_PUBLIC DEBT ACT 1944 SS. 2(2) & 11(1)---CONSTITUTION OF PAKISTAN (1973)_1,Act 199---Constitutional petition---Government security in the shape of bearer bonds were stolen--Some of such bonds were PUBLIC DEBT ACT 1944 SS. 2(2) & 11(1)---CONSTITUTION OF PAKISTAN (1973) 1,Recovered From Accused Person--Petitioner Claimed Entitlement To Issuance Of Duplicate Security In Respect Of Stolen Bonds Not So Recovered---Person Entitled To Government Security Would Be Entitled To Issuance Of Duplicate Security In Case Such Security Was Stolen,Court of Record,,10,headnote_only,order_text,unknown
S.324/337-F(v)---Forfeiture of bond---Accused for whom the petitioner had stood surety absented himself at the time of call_CRIMINAL PROCEDURE CODE (CR.P.C) SS. 514 & 439---PENAL CODE (XLV OF 1860)_1,S.324/337-F(v)---Forfeiture of bond---Accused for whom the petitioner had stood surety absented himself at the time of call CRIMINAL PROCEDURE CODE (CR.P.C) SS. 514 & 439---PENAL CODE (XLV OF 1860) 1,Cr.P.C. Had Been Initiated Against The Petitioner By The Court---Petitioner Was To Be Given Ample Opportunity To Show Cause And Explain The Reasons Against Forfeiture Of His Bond---Notice Sent To The Accused And Even Non-Bailable Warrants Issued Had Remained Unserved---Court Below Had Not Adopted The Procedure As Envisaged By S.514,Court of Record,,32,headnote_only,order_text,revision_allowed
S.324/337-F(v)---Forfeiture of bond---Accused for whom the petitioner had stood surety absented himself at the time of call_SS. 514 & 439---PENAL CODE (XLV OF 1860)_1,S.324/337-F(v)---Forfeiture of bond---Accused for whom the petitioner had stood surety absented himself at the time of call SS. 514 & 439---PENAL CODE (XLV OF 1860) 1,Cr.P.C. Had Been Initiated Against The Petitioner By The Court---Petitioner Was To Be Given Ample Opportunity To Show Cause And Explain The Reasons Against Forfeiture Of His Bond---Notice Sent To The Accused And Even Non-Bailable Warrants Issued Had Remained Unserved---Court Below Had Not Adopted The Procedure As Envisaged By S.514,Court of Record,,32,headnote_only,order_text,revision_allowed
S.324/337-F(v)---Forfeiture of bond---Accused for whom the petitioner had stood surety absented himself at the time of call_PAKISTAN PENAL CODE SS. 514 & 439---PENAL CODE (XLV OF 1860)_1,S.324/337-F(v)---Forfeiture of bond---Accused for whom the petitioner had stood surety absented himself at the time of call PAKISTAN PENAL CODE SS. 514 & 439---PENAL CODE (XLV OF 1860) 1,Cr.P.C. Had Been Initiated Against The Petitioner By The Court---Petitioner Was To Be Given Ample Opportunity To Show Cause And Explain The Reasons Against Forfeiture Of His Bond---Notice Sent To The Accused And Even Non-Bailable Warrants Issued Had Remained Unserved---Court Below Had Not Adopted The Procedure As Envisaged By S.514,Court of Record,,32,headnote_only,order_text,revision_allowed
R.2(3)---Contempt of Court Act (XLIV of 1976)_----O. XXXIX_1,R.2(3)---Contempt of Court Act (XLIV of 1976) ----O. XXXIX 1,S.81---Constitution Of Pakistan (1973),Court of Record,,23,headnote_only,order_text,unknown
R.2(3)---Contempt of Court Act (XLIV of 1976)_CONSTITUTION OF PAKISTAN 1973 ----O. XXXIX_1,R.2(3)---Contempt of Court Act (XLIV of 1976) CONSTITUTION OF PAKISTAN 1973 ----O. XXXIX 1,S.81---Constitution Of Pakistan (1973),Court of Record,,23,headnote_only,order_text,unknown
R.2(3)---Contempt of Court Act (XLIV of 1976)_CONTEMPT OF COURT ACT 1976 ----O. XXXIX_1,R.2(3)---Contempt of Court Act (XLIV of 1976) CONTEMPT OF COURT ACT 1976 ----O. XXXIX 1,S.81---Constitution Of Pakistan (1973),Court of Record,,23,headnote_only,order_text,unknown
S.114---Special Banking Court's powers to review its orders and decrees---High Court_SS. 11 & 12---CIVIL PROCEDURE CODE (V OF 1908)_1,S.114---Special Banking Court's powers to review its orders and decrees---High Court SS. 11 & 12---CIVIL PROCEDURE CODE (V OF 1908) 1,Has Power Under S.114,Court of Record,,23,headnote_only,order_text,unknown
S.114---Special Banking Court's powers to review its orders and decrees---High Court_BANKING COMPANIES (RECOVERY OF LOANS) ORDINANCE 1979 SS. 11 & 12---CIVIL PROCEDURE CODE (V OF 1908)_1,S.114---Special Banking Court's powers to review its orders and decrees---High Court BANKING COMPANIES (RECOVERY OF LOANS) ORDINANCE 1979 SS. 11 & 12---CIVIL PROCEDURE CODE (V OF 1908) 1,Has Power Under S.114,Court of Record,,23,headnote_only,order_text,unknown
2026_ARTS. 161_1,2026 ARTS. 161 1,Would Be Governed By Art. 173 Of Limitation Act,Court of Record,,20,headnote_only,order_text,unknown
2026_LIMITATION ACT 1908 ARTS. 161_1,2026 LIMITATION ACT 1908 ARTS. 161 1,Would Be Governed By Art. 173 Of Limitation Act,Court of Record,,20,headnote_only,order_text,unknown
27 & 199---Constitutional petition---Allegation of discrimination on the ground of sex alone_CONSTITUTION OF PAKISTAN 1973 ARTS. 25_1,27 & 199---Constitutional petition---Allegation of discrimination on the ground of sex alone CONSTITUTION OF PAKISTAN 1973 ARTS. 25 1,Wqs Not Of Such Nature Which Could Not Be Effectively Performed By Female---In Such Cases Of Discrimination On The Ground Of Sex,Court of Record,,16,headnote_only,order_text,unknown
27 & 199---Constitutional petition---Allegation of discrimination on the ground of sex alone_ARTS. 25_1,27 & 199---Constitutional petition---Allegation of discrimination on the ground of sex alone ARTS. 25 1,Wqs Not Of Such Nature Which Could Not Be Effectively Performed By Female---In Such Cases Of Discrimination On The Ground Of Sex,Court of Record,,16,headnote_only,order_text,unknown
S.2(i)---Constitution of Pakistan (1973)_WEST PAKISTAN INDUSTRIAL AND COMMERCIAL EMPLOYMENT (STANDING ORDERS) ORDINANCE 1968 SS. 2 (XXVIII) & 25---WEST PAKISTAN INDUSTRIAL AND COMMERCIAL EMPLOYMENT (STANDING ORDERS) ORDINANCE (VI OF 1968)_1,S.2(i)---Constitution of Pakistan (1973) WEST PAKISTAN INDUSTRIAL AND COMMERCIAL EMPLOYMENT (STANDING ORDERS) ORDINANCE 1968 SS. 2 (XXVIII) & 25---WEST PAKISTAN INDUSTRIAL AND COMMERCIAL EMPLOYMENT (STANDING ORDERS) ORDINANCE (VI OF 1968) 1,Modified Decision Of Labour Court By Allowing 50 Per Cent. Of Back Benefits-,Court of Record,,12,headnote_only,order_text,unknown
S.17(3)---Appreciation of evidence---Complainant and accused persons being closely related---Witnesses who were related to complainant were also related to accused persons---Medical Officer's evidence showed that complainant had suffered three injuries which had been certified to have been caused by hard blunt substance and were simple in nature-- Incident was unwitnessed which took place at 5 Oclock in the morning in the town where one could not expect public to be present on the road at such early hours---Version of complainant as regards his sustaining simple injuries_SS. 323/392/504---OFFENCES AGAINST PROPERTY (ENFORCEMENT OF HUDOOD) ORDINANCE (VI OF 1979)_1,S.17(3)---Appreciation of evidence---Complainant and accused persons being closely related---Witnesses who were related to complainant were also related to accused persons---Medical Officer's evidence showed that complainant had suffered three injuries which had been certified to have been caused by hard blunt substance and were simple in nature-- Incident was unwitnessed which took place at 5 Oclock in the morning in the town where one could not expect public to be present on the road at such early hours---Version of complainant as regards his sustaining simple injuries SS. 323/392/504---OFFENCES AGAINST PROPERTY (ENFORCEMENT OF HUDOOD) ORDINANCE (VI OF 1979) 1,Thus,Court of Record,,14,headnote_only,order_text,unknown
S.17(3)---Appreciation of evidence---Complainant and accused persons being closely related---Witnesses who were related to complainant were also related to accused persons---Medical Officer's evidence showed that complainant had suffered three injuries which had been certified to have been caused by hard blunt substance and were simple in nature-- Incident was unwitnessed which took place at 5 Oclock in the morning in the town where one could not expect public to be present on the road at such early hours---Version of complainant as regards his sustaining simple injuries_PAKISTAN PENAL CODE SS. 323/392/504---OFFENCES AGAINST PROPERTY (ENFORCEMENT OF HUDOOD) ORDINANCE (VI OF 1979)_1,S.17(3)---Appreciation of evidence---Complainant and accused persons being closely related---Witnesses who were related to complainant were also related to accused persons---Medical Officer's evidence showed that complainant had suffered three injuries which had been certified to have been caused by hard blunt substance and were simple in nature-- Incident was unwitnessed which took place at 5 Oclock in the morning in the town where one could not expect public to be present on the road at such early hours---Version of complainant as regards his sustaining simple injuries PAKISTAN PENAL CODE SS. 323/392/504---OFFENCES AGAINST PROPERTY (ENFORCEMENT OF HUDOOD) ORDINANCE (VI OF 1979) 1,Thus,Court of Record,,14,headnote_only,order_text,unknown
O.VII_CIVIL PROCEDURE CODE --ORDER VII OF C.P.C. PLAINT S. 1--CIVIL PROCEDURE CODE (V OF 1908)_1,O.VII CIVIL PROCEDURE CODE --ORDER VII OF C.P.C. PLAINT S. 1--CIVIL PROCEDURE CODE (V OF 1908) 1,R. 128---Death Caused By Negligence,Court of Record,,18,headnote_only,order_text,unknown
O.VII_S. 1--CIVIL PROCEDURE CODE (V OF 1908)_1,O.VII S. 1--CIVIL PROCEDURE CODE (V OF 1908) 1,R. 128---Death Caused By Negligence,Court of Record,,18,headnote_only,order_text,unknown
entitled to claim for pre-emption are Shafi-i-Sharik being co-sharer in property; Shaf-i-Khalit_MUHAMMADAN LAW PRE-EMPTION---PLAINTIFFS ENTITLEMENT TO CLAIM FOR PRE-EMPTION- --THREE CLASSES OF PERSONS_1,entitled to claim for pre-emption are Shafi-i-Sharik being co-sharer in property; Shaf-i-Khalit MUHAMMADAN LAW PRE-EMPTION---PLAINTIFFS ENTITLEMENT TO CLAIM FOR PRE-EMPTION- --THREE CLASSES OF PERSONS 1,Being Shafi-I-Khalit And. Being Shafi-I-Jar---Plot Adjoining Property In Question Was Purely Owned By Plaintiff And A Multi Storeyed Building Was Standing Thereon Which Was Nonresidential Building---Plaintiff'S Claim That He Was Neighbour/Resident Of Adjoining Plot Was Very Much Doubtful And He Would Not Qualify Under The Category Of Shafi-I-Jar---Such Proposition Was Equally Applicable To The Category Of Shafi-I-Khalit Where Burden Was Upon Plaintiff To Prove That He Was Enjoying Common Immunities And Appendages---In Between Plaintiff'S Property And Property In Question,Court of Record,,29,headnote_only,order_text,unknown
1987 and Punjab Pre-emption Act_PRE-EMPTION ---- CLAIM FOR PRE-EMPTION---ENFORCEMENT OF CLAIM FOR PRE-EMPTION IN PROVINCE OF SINDH---PROVINCES OF NORTH-WEST FRONTIER PROVINCE AND PUNJAB ARE BEING GOVERNED BY CODIFIED LAW OF PRE-EMPTION VIZ. NORTH-WEST FRONTIER PROVINCE PRE-EMPTION ACT_1,1987 and Punjab Pre-emption Act PRE-EMPTION ---- CLAIM FOR PRE-EMPTION---ENFORCEMENT OF CLAIM FOR PRE-EMPTION IN PROVINCE OF SINDH---PROVINCES OF NORTH-WEST FRONTIER PROVINCE AND PUNJAB ARE BEING GOVERNED BY CODIFIED LAW OF PRE-EMPTION VIZ. NORTH-WEST FRONTIER PROVINCE PRE-EMPTION ACT 1,Therefore,Court of Record,,5,headnote_only,order_text,unknown
S.2(i)---Constitution of Pakistan (1973)_CONSTITUTION OF PAKISTAN 1973 SS. 2 (XXVIII) & 25---WEST PAKISTAN INDUSTRIAL AND COMMERCIAL EMPLOYMENT (STANDING ORDERS) ORDINANCE (VI OF 1968)_1,S.2(i)---Constitution of Pakistan (1973) CONSTITUTION OF PAKISTAN 1973 SS. 2 (XXVIII) & 25---WEST PAKISTAN INDUSTRIAL AND COMMERCIAL EMPLOYMENT (STANDING ORDERS) ORDINANCE (VI OF 1968) 1,Modified Decision Of Labour Court By Allowing 50 Per Cent. Of Back Benefits-,Court of Record,,12,headnote_only,order_text,unknown
S.2(i)---Constitution of Pakistan (1973)_INDUSTRIAL RELATIONS ORDINANCE 1969 SS. 2 (XXVIII) & 25---WEST PAKISTAN INDUSTRIAL AND COMMERCIAL EMPLOYMENT (STANDING ORDERS) ORDINANCE (VI OF 1968)_1,S.2(i)---Constitution of Pakistan (1973) INDUSTRIAL RELATIONS ORDINANCE 1969 SS. 2 (XXVIII) & 25---WEST PAKISTAN INDUSTRIAL AND COMMERCIAL EMPLOYMENT (STANDING ORDERS) ORDINANCE (VI OF 1968) 1,Modified Decision Of Labour Court By Allowing 50 Per Cent. Of Back Benefits-,Court of Record,,12,headnote_only,order_text,unknown
S.2(i)---Constitution of Pakistan (1973)_SS. 2 (XXVIII) & 25---WEST PAKISTAN INDUSTRIAL AND COMMERCIAL EMPLOYMENT (STANDING ORDERS) ORDINANCE (VI OF 1968)_1,S.2(i)---Constitution of Pakistan (1973) SS. 2 (XXVIII) & 25---WEST PAKISTAN INDUSTRIAL AND COMMERCIAL EMPLOYMENT (STANDING ORDERS) ORDINANCE (VI OF 1968) 1,Modified Decision Of Labour Court By Allowing 50 Per Cent. Of Back Benefits-,Court of Record,,12,headnote_only,order_text,unknown
1979_---S. 19---KARACHI BUILDING AND TOWN PLANNING REGULATIONS_1,1979 ---S. 19---KARACHI BUILDING AND TOWN PLANNING REGULATIONS 1,Art.185(3)---Leave To Appeal Was Granted To Consider The Question Whether High Court Had Placed Proper Construction On The Relevant Provisions Of The Sindh Building Control Ordinance,Court of Record,1979-01-01,8,headnote_only,order_text,unknown
provided such statements were recorded by police under Ss.161_CRIMINAL PROCEDURE CODE (CR.P.C) S. 265-C---SUPPLY OF STATEMENTS TO THE ACCUSED---ACCUSED ARE ENTITLED TO. RECEIVE THE COPIES OF THE STATEMENTS OF ALL WITNESSES WHETHER SUPPORTING PROSECUTION VERSION OR DEFENCE PLEA OR WHETHER NAMED IN CHALLAN OR NOT_1,provided such statements were recorded by police under Ss.161 CRIMINAL PROCEDURE CODE (CR.P.C) S. 265-C---SUPPLY OF STATEMENTS TO THE ACCUSED---ACCUSED ARE ENTITLED TO. RECEIVE THE COPIES OF THE STATEMENTS OF ALL WITNESSES WHETHER SUPPORTING PROSECUTION VERSION OR DEFENCE PLEA OR WHETHER NAMED IN CHALLAN OR NOT 1,"Cr.P.C.---S. 265-C(1)(C)--Word """"Witnesses"""" In Cl. (C) Of Subsection (1) Of S.265-C",Court of Record,,67,headnote_only,order_text,unknown
S.302/34---Supply of statements of accused---Statements of five persons_SS. 265-C & 439---PENAL CODE (XLV OF 1860)_1,S.302/34---Supply of statements of accused---Statements of five persons SS. 265-C & 439---PENAL CODE (XLV OF 1860) 1,Were Recorded In The Police Diary And Contained Details Of The Facts Showing Innocence Of Three Coaccused---Additionally Accused Was Presumed To Be Innocent Unless Proved Otherwise And He Enjoyed Fundamental Rights Under The Constitution To An Equal Treatment And Protection Of Law---Accused Was,Court of Record,,27,headnote_only,order_text,unknown
S.302/34---Supply of statements of accused---Statements of five persons_PAKISTAN PENAL CODE SS. 265-C & 439---PENAL CODE (XLV OF 1860)_1,S.302/34---Supply of statements of accused---Statements of five persons PAKISTAN PENAL CODE SS. 265-C & 439---PENAL CODE (XLV OF 1860) 1,Were Recorded In The Police Diary And Contained Details Of The Facts Showing Innocence Of Three Coaccused---Additionally Accused Was Presumed To Be Innocent Unless Proved Otherwise And He Enjoyed Fundamental Rights Under The Constitution To An Equal Treatment And Protection Of Law---Accused Was,Court of Record,,27,headnote_only,order_text,unknown
Art.185(3)---New plea--Admissibility---Legal objection relatable to the interpretation of the provisions of S.13 was dependant on the nature of the tenancy which would be available_S. 13(2) (I) & (6)---CONSTITUTION OF PAKISTAN (1973)_1,Art.185(3)---New plea--Admissibility---Legal objection relatable to the interpretation of the provisions of S.13 was dependant on the nature of the tenancy which would be available S. 13(2) (I) & (6)---CONSTITUTION OF PAKISTAN (1973) 1,Nor Before The Rent Controller,Court of Record,,25,headnote_only,order_text,unknown
Art.185(3)---New plea--Admissibility---Legal objection relatable to the interpretation of the provisions of S.13 was dependant on the nature of the tenancy which would be available_WEST PAKISTAN URBAN RENT RESTRICTION ORDINANCE 1959 S. 13(2) (I) & (6)---CONSTITUTION OF PAKISTAN (1973)_1,Art.185(3)---New plea--Admissibility---Legal objection relatable to the interpretation of the provisions of S.13 was dependant on the nature of the tenancy which would be available WEST PAKISTAN URBAN RENT RESTRICTION ORDINANCE 1959 S. 13(2) (I) & (6)---CONSTITUTION OF PAKISTAN (1973) 1,Nor Before The Rent Controller,Court of Record,,25,headnote_only,order_text,unknown
"Art. 185(3)---Plaintiffs suit for declaration and possession decreed by Trial Court and First Appellate Court-High Court reversing findings of two Courts below dismissed plaintiffs claim of ownership over property in question---Validity---Plaintiffs claimed that they were owners of """"Duftari"""" land when in 1961_S. 42---CONSTITUTION OF PAKISTAN (1973)_1","Art. 185(3)---Plaintiffs suit for declaration and possession decreed by Trial Court and First Appellate Court-High Court reversing findings of two Courts below dismissed plaintiffs claim of ownership over property in question---Validity---Plaintiffs claimed that they were owners of """"Duftari"""" land when in 1961 S. 42---CONSTITUTION OF PAKISTAN (1973) 1",Shops In Question,Court of Record,,19,headnote_only,order_text,unknown
"Art. 185(3)---Plaintiffs suit for declaration and possession decreed by Trial Court and First Appellate Court-High Court reversing findings of two Courts below dismissed plaintiffs claim of ownership over property in question---Validity---Plaintiffs claimed that they were owners of """"Duftari"""" land when in 1961_SPECIFIC RELIEF ACT 1877 S. 42---CONSTITUTION OF PAKISTAN (1973)_1","Art. 185(3)---Plaintiffs suit for declaration and possession decreed by Trial Court and First Appellate Court-High Court reversing findings of two Courts below dismissed plaintiffs claim of ownership over property in question---Validity---Plaintiffs claimed that they were owners of """"Duftari"""" land when in 1961 SPECIFIC RELIEF ACT 1877 S. 42---CONSTITUTION OF PAKISTAN (1973) 1",Shops In Question,Court of Record,,19,headnote_only,order_text,unknown
Art. 185(3)---Suit for pre-emption--Out of two vendees who had purchased land in question in equal shares one compromising with plaintiff by accepting his right of pre-emption ---Decree to the extent of 1/2 share of land in question on basis of consent was passed in favour of plaintiff---In subsequent proceedings_CONSTITUTION OF PAKISTAN 1973 S. 13---CONSTITUTION OF PAKISTAN (1973)_1,Art. 185(3)---Suit for pre-emption--Out of two vendees who had purchased land in question in equal shares one compromising with plaintiff by accepting his right of pre-emption ---Decree to the extent of 1/2 share of land in question on basis of consent was passed in favour of plaintiff---In subsequent proceedings CONSTITUTION OF PAKISTAN 1973 S. 13---CONSTITUTION OF PAKISTAN (1973) 1,Same Was Set Aside By All The Courts Including The High Court---Validity---Leave To Appeal Was Granted To Consider Whether Plaintiffs Suit With Regard To Share Of Consenting Respondent (Vendee) Decreed On Basis Of Compromise Could Not Have Been Set Aside On Review Application Of Other Respondent (Who Had Not Compromised),Court of Record,,48,headnote_only,order_text,unknown
12-Federal Investigation Agency Act (VIII of 1975)_SS. 6(5) &_1,12-Federal Investigation Agency Act (VIII of 1975) SS. 6(5) & 1,Arts. 90 & 99-Rules Of Business Framed By Federal Government,Court of Record,,5,headnote_only,order_text,unknown
same would operate as a complete sale--Transaction in question_S. 60---MORTGAGED PROPERTY---RIGHT TO REDEEM-- -MORTGAGE WITH CONDITION IF NOT REDEEMED WITHIN 5 YEARS_1,same would operate as a complete sale--Transaction in question S. 60---MORTGAGED PROPERTY---RIGHT TO REDEEM-- -MORTGAGE WITH CONDITION IF NOT REDEEMED WITHIN 5 YEARS 1,Which Was Not Allowed By Law---Transaction In Question Would,Court of Record,,12,headnote_only,order_text,unknown
138 & 144_SS. 137_1,138 & 144 SS. 137 1,Part Ii,Court of Record,,8,headnote_only,order_text,unknown
renewal of lease denied to petitioner without hearing him---Validity---Refusal to grant lease having been done under special statute viz. M.L.R. 115_----PARA. 19---LEASE OF RESUMED LAND UNDER SCHEME OF RUNNING STUD/LIVESTOCK FARMS---EXISTING LEASE HAVING EXPIRED IN 1982_1,renewal of lease denied to petitioner without hearing him---Validity---Refusal to grant lease having been done under special statute viz. M.L.R. 115 ----PARA. 19---LEASE OF RESUMED LAND UNDER SCHEME OF RUNNING STUD/LIVESTOCK FARMS---EXISTING LEASE HAVING EXPIRED IN 1982 1,No Grievance Could Be Made Out On Any Legal Plane--Lease Of Land Having Come To An End In The Year 1982 And Constitutional Petition Having Been Filed Five Years Later And That Too After The Dismissal Of Similar Constitutional Petition,Court of Record,,12,headnote_only,order_text,unknown
Art-15 & Federal Legislative List_PREAMBLE---CONSTITUTION OF PAKISTAN (19')'3)_1,Art-15 & Federal Legislative List PREAMBLE---CONSTITUTION OF PAKISTAN (19')'3) 1,Item No-3-1-Scope Of Art.15,Court of Record,,5,headnote_only,order_text,unknown
Extradition Act 1972--5_EXTRADITION ACT 1972--10_1,Extradition Act 1972--5 EXTRADITION ACT 1972--10 1,Extradition Act 1972--8,Court of Record,,3,headnote_only,order_text,unknown
7_SS.5_1,7 SS.5 1,Art.9---Extradition---Procedure-- Enquiry By Magistrate---Nature---Government Of United States Of America Together With The Requisition For The Surrender Of The Accused Sent To The Federal Government Of Pakistan A Number Of Documents Which Included Affidavits Of Persons Who Had Direct Dealings And Association With The Accused In Regard To Smuggling Of Heroin In The United States Of America---Said Affidavits Were Placed On The Record Of The Proceedings Conducted By The Magistrate And By Operation Of S.9(1) Of The Extradition Act,Court of Record,,28,headnote_only,order_text,unknown
1977_---S.2---AZAD JAMMU AND KASHMIR (APPOINTMENTS AND CONDITIONS OF SERVICE) RULES_1,1977 ---S.2---AZAD JAMMU AND KASHMIR (APPOINTMENTS AND CONDITIONS OF SERVICE) RULES 1,1978,Court of Record,1977-01-01,4,headnote_only,order_text,unknown
1992--3_AZAD JAMMU AND KASHMIR CIVIL SERVANTS (REGULATION OF AD HOC APPOINTMENTS) ACT_1,1992--3 AZAD JAMMU AND KASHMIR CIVIL SERVANTS (REGULATION OF AD HOC APPOINTMENTS) ACT 1,1992--6,Court of Record,,8,headnote_only,order_text,unknown
1977_AZAD JAMMU AND KASHMIR CIVIL SERVANTS ACT 1976 ---S.2---AZAD JAMMU AND KASHMIR (APPOINTMENTS AND CONDITIONS OF SERVICE) RULES_1,1977 AZAD JAMMU AND KASHMIR CIVIL SERVANTS ACT 1976 ---S.2---AZAD JAMMU AND KASHMIR (APPOINTMENTS AND CONDITIONS OF SERVICE) RULES 1,1978,Court of Record,1977-01-01,4,headnote_only,order_text,unknown
1974 that High Court has been empowered to make an order giving such directions to the person or authority_AZAD JAMMU AND KASHMIR INTERIM CONSTITUTION ACT 1974 ----S.44---SCOPE OF JURISDICTION OF HIGH COURT UNDER S.44 OF THE ACT.-- [JURISDICTION]. IT IS EVIDENT FROM CLAUSE (C) OF SUBSECTION (2) OF SECTION 44 OF THE AZAD JAMMU AND KASHMIR INTERIM CONSTITUTION ACT_1,1974 that High Court has been empowered to make an order giving such directions to the person or authority AZAD JAMMU AND KASHMIR INTERIM CONSTITUTION ACT 1974 ----S.44---SCOPE OF JURISDICTION OF HIGH COURT UNDER S.44 OF THE ACT.-- [JURISDICTION]. IT IS EVIDENT FROM CLAUSE (C) OF SUBSECTION (2) OF SECTION 44 OF THE AZAD JAMMU AND KASHMIR INTERIM CONSTITUTION ACT 1,Or In Relation To,Court of Record,,4,headnote_only,order_text,unknown
148 & 449---Constitution of Pakistan (1973)_SS. 302/149_1,148 & 449---Constitution of Pakistan (1973) SS. 302/149 1,Inter Alia,Court of Record,,31,headnote_only,order_text,unknown
304_SS. 302_1,304 SS. 302 1,Part I,Court of Record,,9,headnote_only,order_text,unknown
148 & 449---Two conflicting versions---When there were two conflicting versions for consideration before the Court_SS.302/149_1,148 & 449---Two conflicting versions---When there were two conflicting versions for consideration before the Court SS.302/149 1,The One Favouring The Defence Was To Be Preferred,Court of Record,,14,headnote_only,order_text,unknown
S. 12---Limitation Act (IX of 1908)_----ART. 203-DD---OFFENCE OF ZINA (ENFORCEMENT OF HUDOOD) ORDINANCE (VII OF 1979)_1,S. 12---Limitation Act (IX of 1908) ----ART. 203-DD---OFFENCE OF ZINA (ENFORCEMENT OF HUDOOD) ORDINANCE (VII OF 1979) 1,Ss. 377/511 & 302/34---Revision Against Acquittal---Delay,Court of Record,,52,headnote_only,order_text,unknown
Pakistan Penal Code 1860--302_OFFENCE OF ZINA (ENFORCEMENT OF HUDOOD) ORDINANCE 1979--13_1,Pakistan Penal Code 1860--302 OFFENCE OF ZINA (ENFORCEMENT OF HUDOOD) ORDINANCE 1979--13 1,Pakistan Penal Code 1860--377,Court of Record,,4,headnote_only,order_text,unknown
S.115---Law Reforms Ordinance (XII of 1972)_S. 1---CIVIL PROCEDURE CODE (V OF 1908)_1,S.115---Law Reforms Ordinance (XII of 1972) S. 1---CIVIL PROCEDURE CODE (V OF 1908) 1,1908,Court of Record,,7,headnote_only,order_text,unknown
OXVI_S. 1---CIVIL PROCEDURE CODE (V OF 1908)_1,OXVI S. 1---CIVIL PROCEDURE CODE (V OF 1908) 1,1908,Court of Record,,10,headnote_only,order_text,unknown
S.302/34-- -Constitution of Pakistan ;1973)_S. 497(5)---PENAL CODE (XLV OF 1860)_1,S.302/34-- -Constitution of Pakistan ;1973) S. 497(5)---PENAL CODE (XLV OF 1860) 1,Before Recording Of Evidence In The Trial,Court of Record,,45,headnote_only,order_text,unknown
"but they could not be held to have stated the true facts of the case---Occurrence had taken place on the spur of the moment without premeditation and what actually transpired immediately before the occurrence was shrouded in mystery--Accused had given one """"Sairoo"""" blow on the head of the deceased and did not repeat the same---Accused had no intention of causing death of the deceased_----S.302(A) & (C)---APPRECIATION OF EVIDENCE---ACCUSED HAD RAISED A SPECIFIC PLEA OF SELF-DEFENCE---EYE-WITNESSES WERE REAL BROTHERS OF THE DECEASED AND INJURIES ON THEIR PERSONS HAD PROVED THEIR PRESENCE AT THE SPOT_1","but they could not be held to have stated the true facts of the case---Occurrence had taken place on the spur of the moment without premeditation and what actually transpired immediately before the occurrence was shrouded in mystery--Accused had given one """"Sairoo"""" blow on the head of the deceased and did not repeat the same---Accused had no intention of causing death of the deceased ----S.302(A) & (C)---APPRECIATION OF EVIDENCE---ACCUSED HAD RAISED A SPECIFIC PLEA OF SELF-DEFENCE---EYE-WITNESSES WERE REAL BROTHERS OF THE DECEASED AND INJURIES ON THEIR PERSONS HAD PROVED THEIR PRESENCE AT THE SPOT 1",Thus,Court of Record,,15,headnote_only,order_text,unknown
23 & Sched: -Suit for jactitation of marriage---Bar of jurisdiction of Family . Court---Effect---Family Court has jurisdiction to entertain and adjudicate upon a suit filed for jactitation of marriage---Provision of S.23_----SS.5_1,23 & Sched: -Suit for jactitation of marriage---Bar of jurisdiction of Family . Court---Effect---Family Court has jurisdiction to entertain and adjudicate upon a suit filed for jactitation of marriage---Provision of S.23 ----SS.5 1,1964,Court of Record,,32,headnote_only,order_text,unknown
if any_----S.5 & SCHED: --SUIT FOR JACTITATION OF MARRIAGE AND FOR RESTITUTION OF CONJUGAL RIGHTS---PROOF---ALLEGED MARRIAGE_1,if any ----S.5 & SCHED: --SUIT FOR JACTITATION OF MARRIAGE AND FOR RESTITUTION OF CONJUGAL RIGHTS---PROOF---ALLEGED MARRIAGE 1,Thus,Court of Record,,33,headnote_only,order_text,unknown
3(2)(1) & 27---Criminal Procedure Code (V of 1898)_----ARTS. 3(1)(A)_1,3(2)(1) & 27---Criminal Procedure Code (V of 1898) ----ARTS. 3(1)(A) 1,1979,Court of Record,,25,headnote_only,order_text,unknown
3(2)(1) & 27---Criminal Procedure Code (V of 1898)_PROHIBITION (ENFORCEMENT OF HADD) ORDER 1979 ----ARTS. 3(1)(A)_1,3(2)(1) & 27---Criminal Procedure Code (V of 1898) PROHIBITION (ENFORCEMENT OF HADD) ORDER 1979 ----ARTS. 3(1)(A) 1,1979,Court of Record,,25,headnote_only,order_text,unknown
342 & 411---Appreciation of evidence---Judicial confessions made by accused had ascribed some sort of active role in the commission of the offence to each of them and the same_----SS. 392_1,342 & 411---Appreciation of evidence---Judicial confessions made by accused had ascribed some sort of active role in the commission of the offence to each of them and the same ----SS. 392 1,Were Neither Exculpatory Nor Had Been Obtained By Any Coercive Or Oppressive Method---In The Presence Of Very Powerful Circumstances Going Against The Accused,Court of Record,,26,headnote_only,order_text,unknown
342 & 411---Appreciation of evidence---Judicial confessions made by accused had ascribed some sort of active role in the commission of the offence to each of them and the same_PAKISTAN PENAL CODE ----SS. 392_1,342 & 411---Appreciation of evidence---Judicial confessions made by accused had ascribed some sort of active role in the commission of the offence to each of them and the same PAKISTAN PENAL CODE ----SS. 392 1,Were Neither Exculpatory Nor Had Been Obtained By Any Coercive Or Oppressive Method---In The Presence Of Very Powerful Circumstances Going Against The Accused,Court of Record,,26,headnote_only,order_text,unknown
thus_ARTS. 52 & 59---FOREIGN LAW REGARDING MARITIME LIEN---MODE OF PROOF--APPLICABILITY OF FOREIGN LAW ON MARITIME LIEN---RIGHTS OF PURCHASER OF VESSEL--FOREIGN LAW REGARDING MARITIME LIEN CAN BE PROVED BY PRODUCING MATERIAL PURPORTING TO BE PRINTED OR PUBLISHED UNDER THE AUTHORITY OF THE GOVERNMENT OF THE COUNTRY CONCERNED CONTAINING STATEMENT OF RELEVANT LAW---BESIDES EXPERT OPINION ON FOREIGN LAW WAS ALSO A RELEVANT FACT AND_1,thus ARTS. 52 & 59---FOREIGN LAW REGARDING MARITIME LIEN---MODE OF PROOF--APPLICABILITY OF FOREIGN LAW ON MARITIME LIEN---RIGHTS OF PURCHASER OF VESSEL--FOREIGN LAW REGARDING MARITIME LIEN CAN BE PROVED BY PRODUCING MATERIAL PURPORTING TO BE PRINTED OR PUBLISHED UNDER THE AUTHORITY OF THE GOVERNMENT OF THE COUNTRY CONCERNED CONTAINING STATEMENT OF RELEVANT LAW---BESIDES EXPERT OPINION ON FOREIGN LAW WAS ALSO A RELEVANT FACT AND 1,Having Been Brought By Purchasers To Pakistan,Court of Record,,61,headnote_only,order_text,unknown
O.XI_S. 21---CIVIL PROCEDURE CODE (V OF 1908)_1,O.XI S. 21---CIVIL PROCEDURE CODE (V OF 1908) 1,Rr:25 & 26---Section 21,Court of Record,,4,headnote_only,order_text,unknown
continuously_ART. 144---ADVERSE POSSESSION---PROOF---REVENUE RECORD SHOWED RESPONDENTS TO BE IN POSSESSION OF LAND IN QUESTION_1,continuously ART. 144---ADVERSE POSSESSION---PROOF---REVENUE RECORD SHOWED RESPONDENTS TO BE IN POSSESSION OF LAND IN QUESTION 1,Without Any Notice Of Claim On It From Petitioner In Peaceful Enjoyment Of Property From 29-11-1968 Till Institution Of Suit (Against Them) On 16-6-1982,Court of Record,,28,headnote_only,order_text,unknown
was doubtful; such document from its contents was neither agreement to sell nor sale-deed---Document in question_ART. 2(1)(B)---DOCUMENT---PURPOSE AND INTENT OF DOCUMENT IN QUESTION_1,was doubtful; such document from its contents was neither agreement to sell nor sale-deed---Document in question ART. 2(1)(B)---DOCUMENT---PURPOSE AND INTENT OF DOCUMENT IN QUESTION 1,Thus,Court of Record,,14,headnote_only,order_text,unknown
Art.199---Civil Procedure Code (V of 1908)_SS.3 & 4---CONSTITUTION OF PAKISTAN (1973)_1,Art.199---Civil Procedure Code (V of 1908) SS.3 & 4---CONSTITUTION OF PAKISTAN (1973) 1,Art.114---Forum Constituted Under Regulation 11 Of 1975---Jurisdiction---Extent---Plaintiffs Suit For Declaration---Issues On Points Of Res Judicata,Court of Record,,160,headnote_only,order_text,remanded
S. 380---Offences Against Property (Enforcement of Hudood) Ordinance (VI of 1979)_S. 497---PENAL CODE (XLV OF 1860)_1,S. 380---Offences Against Property (Enforcement of Hudood) Ordinance (VI of 1979) S. 497---PENAL CODE (XLV OF 1860) 1,Grant Of--Accused Being A Servant Of The Victim,Court of Record,,19,headnote_only,order_text,unknown
S.377 --- Offence of Zin (Enforcement of Hudood) Ordinance (VII of 1979)_S. 497(5)---PENAL CODE (XLV OF 1860)_1,S.377 --- Offence of Zin (Enforcement of Hudood) Ordinance (VII of 1979) S. 497(5)---PENAL CODE (XLV OF 1860) 1,Cancellation Of---Accused Had Not Only Been Charged Under S.377,Court of Record,,14,headnote_only,order_text,unknown
S377---Offence of Zina (Enforcement of Hudood) Ordinance (VII of 1979)_S. 497(2)---PENAL CODE (XLV OF 1860)_1,S377---Offence of Zina (Enforcement of Hudood) Ordinance (VII of 1979) S. 497(2)---PENAL CODE (XLV OF 1860) 1,Prosecution Witnesses Or The Police,Court of Record,,14,headnote_only,order_text,unknown
therefore_S. 6----REPEAL OF STATUTE WOULD NOT INTER ALIA AFFECT A PRIVILEGE_1,therefore S. 6----REPEAL OF STATUTE WOULD NOT INTER ALIA AFFECT A PRIVILEGE 1,In Absence Of Legislative Intent To Give Retrospective Effect To Repealing Law,Court of Record,,8,headnote_only,order_text,unknown
Constitution of Pakistan 1973--199_CONSTITUTION OF PAKISTAN 1973--185_1,Constitution of Pakistan 1973--199 CONSTITUTION OF PAKISTAN 1973--185 1,Establishment Of The Office Of Wafaqi Mohtasib (Ombudsman) Order 1983--32,Court of Record,,10,headnote_only,order_text,unknown
2(1) & 32---Constitution of Pakistan (1973)_ARTS. 9(2)_1,2(1) & 32---Constitution of Pakistan (1973) ARTS. 9(2) 1,1983---Leave . To Appeal Was Granted To Consider Question As To Whether In View Of Art.9 Of The Establishment Of The Office Of Wafaqi Mohtasib (Ombudsman) Order,Court of Record,,30,headnote_only,order_text,unknown
R.13---Limitation Act (IX of 1908)_0. IX_1,R.13---Limitation Act (IX of 1908) 0. IX 1,R.13,Court of Record,,15,headnote_only,order_text,unknown
S.561-A---Quashing of proceedings---Contents of F.I.R._----S. 324---CRIMINAL PROCEDURE CODE (V OF 1898)_1,S.561-A---Quashing of proceedings---Contents of F.I.R. ----S. 324---CRIMINAL PROCEDURE CODE (V OF 1898) 1,Prima Facie,Court of Record,,79,headnote_only,order_text,unknown
Vol. V_(C) HIGH COURT RULES AND ORDERS (LAHORE)_1,Vol. V (C) HIGH COURT RULES AND ORDERS (LAHORE) 1,R. 5-Appeal Dismissed Without Service Of Notice To Appellant-Such Order Of Dismissal; Held,Court of Record,,12,headnote_only,order_text,unknown
N.-W. F. P. Courts Regulation_FRAUD-NEVER A PURE QUESTION OF LAW-HIGH COURT 'IN EXERCISE OF EXTENDED JURISDICTION PROVIDED BY S. 34_1,N.-W. F. P. Courts Regulation FRAUD-NEVER A PURE QUESTION OF LAW-HIGH COURT 'IN EXERCISE OF EXTENDED JURISDICTION PROVIDED BY S. 34 1,1931,Court of Record,,6,headnote_only,order_text,unknown
r. 2 (2) (a) read with Negotiable Instruments Act (XXVI of 1881)_---- O. XXXVII_1,r. 2 (2) (a) read with Negotiable Instruments Act (XXVI of 1881) ---- O. XXXVII 1,"Suit On-Expression """"Interest Shall Be Calculated On Amount Of The Principal Money Due Thereon"""" In S. 79",Court of Record,,3,headnote_only,order_text,unknown
S. 288-Cases in which use can justifiably be made of provisions of S. 288-Earlier statement made before Committing Court can be relied upon in preference to those made at trial_CRIMINAL PROCEDURE CODE (V OF 1898)_1,S. 288-Cases in which use can justifiably be made of provisions of S. 288-Earlier statement made before Committing Court can be relied upon in preference to those made at trial CRIMINAL PROCEDURE CODE (V OF 1898) 1,In Particular Circumstances Of Case,Court of Record,,34,headnote_only,order_text,unknown
Art. 61-Criminal appeal before Supreme Court - Interlocutory orders made by Court directing that a certain sum paid by accused to complainant by way of compromise and withdrawal_CONSTITUTION OF PAKISTAN (1962)_1,Art. 61-Criminal appeal before Supreme Court - Interlocutory orders made by Court directing that a certain sum paid by accused to complainant by way of compromise and withdrawal CONSTITUTION OF PAKISTAN (1962) 1,Involving A Non-Compoundable Offence,Court of Record,,4,headnote_only,order_text,unknown
S. 561-A_CRIMINAL PROCEDURE CODE (V OF 1898)_1,S. 561-A CRIMINAL PROCEDURE CODE (V OF 1898) 1,& 439-(Inherent Power Of High Court)-Not Normally To Be Invoked Where Another Remedy Is Available-Not Intended To Vest Power To Make Any Order,Court of Record,,13,headnote_only,order_text,unknown
1960_WEST PAKISTAN BASIC DEMOCRACIES (ELECTION OF CHAIRMAN) RULES_1,1960 WEST PAKISTAN BASIC DEMOCRACIES (ELECTION OF CHAIRMAN) RULES 1,- Election Of Chairman-Secrecy Of Ballot-Voter'S Reference To Presiding Officer For Assistance As To How He Should Mark His Ballot Paper-Does Not Constitute Violation Of Secrecy-Nor Is Secrecy Affected If After Election Person Casting Vote Appears Before Controlling Authority,Court of Record,1960-01-01,16,headnote_only,order_text,unknown
Income Tax Act 1922--2_INCOME TAX ACT 1922--14_1,Income Tax Act 1922--2 INCOME TAX ACT 1922--14 1,Income Tax Act 1922--26-A,Court of Record,,4,headnote_only,order_text,unknown
Constitution of Pakistan 1962--6_CONSTITUTION OF PAKISTAN 1962--2_1,Constitution of Pakistan 1962--6 CONSTITUTION OF PAKISTAN 1962--2 1,Constitution Of Pakistan 1962--98,Court of Record,,4,headnote_only,order_text,unknown
S. 30(2)Dismissal of Union official-Cannot be ordered as from an earlier date than date of permission granted by Industrial Court-Constitution of Pakistan (1962)_INDUSTRIAL DISPUTES ORDINANCE (LVI OF 1959)_1,S. 30(2)Dismissal of Union official-Cannot be ordered as from an earlier date than date of permission granted by Industrial Court-Constitution of Pakistan (1962) INDUSTRIAL DISPUTES ORDINANCE (LVI OF 1959) 1,6,Court of Record,,39,headnote_only,order_text,unknown
General Secretary of Union)-Preferring direct attack on probity of superior executive officer of company_INDUSTRIAL DISPUTE-(DISMISSAL OF WORKER_1,General Secretary of Union)-Preferring direct attack on probity of superior executive officer of company INDUSTRIAL DISPUTE-(DISMISSAL OF WORKER 1,And Not The Propaganda Secretary Of Union,Court of Record,,6,headnote_only,order_text,unknown
Ss. 53-A & 54 and Registration Act (XVI of 1908)_INCOME TAX ACT 1922 ------ S. 9 READ WITH TRANSFER OF PROPERTY ACT (IV OF 1882)_1,Ss. 53-A & 54 and Registration Act (XVI of 1908) INCOME TAX ACT 1922 ------ S. 9 READ WITH TRANSFER OF PROPERTY ACT (IV OF 1882) 1,Income-Tax Act,Court of Record,,18,headnote_only,order_text,unknown
Ss. 53-A & 54 and Registration Act (XVI of 1908)_------ S. 9 READ WITH TRANSFER OF PROPERTY ACT (IV OF 1882)_1,Ss. 53-A & 54 and Registration Act (XVI of 1908) ------ S. 9 READ WITH TRANSFER OF PROPERTY ACT (IV OF 1882) 1,Income-Tax Act,Court of Record,,18,headnote_only,order_text,unknown
"S. 2(4)-House""""-Out-houses built_(A) DISPLACED PERSONS (COMPENSATION AND REHABILITATION) ACT (XXVIII OF 1958)_1","S. 2(4)-House""""-Out-houses built (A) DISPLACED PERSONS (COMPENSATION AND REHABILITATION) ACT (XXVIII OF 1958) 1","Evacuee-Such Premises Fall Under Definition Of """"House"""" Given In. S: 2 (4).(B) Displaced Persons (Compensation And Rehabilitation) Act (Xxviii Of 1958)",Court of Record,,10,headnote_only,order_text,unknown
(I of 1872)_S. 106 AND EVIDENCE ACT_1,(I of 1872) S. 106 AND EVIDENCE ACT 1,Transfer Of Property Act,Court of Record,,14,headnote_only,order_text,unknown
(I of 1872)_TRANSFER OF PROPERTY ACT 1882 S. 106 AND EVIDENCE ACT_1,(I of 1872) TRANSFER OF PROPERTY ACT 1882 S. 106 AND EVIDENCE ACT 1,Transfer Of Property Act,Court of Record,,14,headnote_only,order_text,unknown
S. 25 read with Civil Procedure Code (V of 1908)_GUARDIANS AND WARDS ACT (VIII OF 1890)_1,S. 25 read with Civil Procedure Code (V of 1908) GUARDIANS AND WARDS ACT (VIII OF 1890) 1,O. Ix,Court of Record,,12,headnote_only,order_text,unknown
1948_(B) MUNICIPAL SERVANTS (PUNISHMENT AND APPEAL) RULES_1,1948 (B) MUNICIPAL SERVANTS (PUNISHMENT AND APPEAL) RULES 1,& 13-Personal Hearing Of Appellant Not Necessary. Rule 13 Of The 1948 Rules (Quite Apart From The Fact,Court of Record,1948-01-01,25,headnote_only,order_text,unknown
S. 4 read with S. 3(5) and S. 54_PUNJAB PRE-EMPTION ACT (I OF 1913)_1,S. 4 read with S. 3(5) and S. 54 PUNJAB PRE-EMPTION ACT (I OF 1913) 1,Transfer Of Property Act,Court of Record,,20,headnote_only,order_text,unknown
r. 2 (2) (a) read with Negotiable Instruments Act (XXVI of 1881)_CIVIL PROCEDURE CODE --ORDER XXXVII OF C.P.C. SUMMARY PROCEDURE ON NEGOTIABLE INSTRUMENTS ---- O. XXXVII_1,r. 2 (2) (a) read with Negotiable Instruments Act (XXVI of 1881) CIVIL PROCEDURE CODE --ORDER XXXVII OF C.P.C. SUMMARY PROCEDURE ON NEGOTIABLE INSTRUMENTS ---- O. XXXVII 1,"Suit On-Expression """"Interest Shall Be Calculated On Amount Of The Principal Money Due Thereon"""" In S. 79",Court of Record,,3,headnote_only,order_text,unknown
"""""or written by the voter"""" in S. 45(l)(b) not to be read disjunctively-Words """"by the voter""""_S. 45(1)(B) READ WITH 42--BALLOT PAPER ON WHICH A MARK IS MADE BY SOMEONE OTHER OTHER-NOT INVALID-WORDS """"MARKED""""_1","""""or written by the voter"""" in S. 45(l)(b) not to be read disjunctively-Words """"by the voter"""" S. 45(1)(B) READ WITH 42--BALLOT PAPER ON WHICH A MARK IS MADE BY SOMEONE OTHER OTHER-NOT INVALID-WORDS """"MARKED"""" 1",As Regards Identical Subject,Court of Record,,24,headnote_only,order_text,unknown
J & D only_COMPANIES ACT 1913 ----- S. 79(3)--PRIVATE LIMITED COMPANY -ARTICLES OF ASSOCIATION REQUIRING EXTRAORDINARY GENERAL METING TO BE CALLED BY DIRECTORS OR DIRECTOR OF COMPANY-COMPANY COMPRISING TWO DIRECTORS_1,J & D only COMPANIES ACT 1913 ----- S. 79(3)--PRIVATE LIMITED COMPANY -ARTICLES OF ASSOCIATION REQUIRING EXTRAORDINARY GENERAL METING TO BE CALLED BY DIRECTORS OR DIRECTOR OF COMPANY-COMPANY COMPRISING TWO DIRECTORS 1,Holding Majority Of Shares But Residing Out Of Pakistan,Court of Record,,20,headnote_only,order_text,unknown
J & D only_----- S. 79(3)--PRIVATE LIMITED COMPANY -ARTICLES OF ASSOCIATION REQUIRING EXTRAORDINARY GENERAL METING TO BE CALLED BY DIRECTORS OR DIRECTOR OF COMPANY-COMPANY COMPRISING TWO DIRECTORS_1,J & D only ----- S. 79(3)--PRIVATE LIMITED COMPANY -ARTICLES OF ASSOCIATION REQUIRING EXTRAORDINARY GENERAL METING TO BE CALLED BY DIRECTORS OR DIRECTOR OF COMPANY-COMPANY COMPRISING TWO DIRECTORS 1,Holding Majority Of Shares But Residing Out Of Pakistan,Court of Record,,20,headnote_only,order_text,unknown
Constitution of Pakistan (1962)_ART. 58(3)-LEAVE TO APPEAL-GRANTED BY SUPREME COURT TO CALL IN QUESTION DISMISSAL BY HIGH COURT OF A PETITION UNDER ART. 98_1,Constitution of Pakistan (1962) ART. 58(3)-LEAVE TO APPEAL-GRANTED BY SUPREME COURT TO CALL IN QUESTION DISMISSAL BY HIGH COURT OF A PETITION UNDER ART. 98 1,To Obtain Quashment Of An Order Of The Industrial Court Interpreting A Document Containing Terms Of A Settlement Of A Dispute Concerning Grades Of Pay Of Non-Officers,Court of Record,,7,headnote_only,order_text,unknown
and with Ss. 12 & 35_ART. 98 READ WITH ART. 63_1,and with Ss. 12 & 35 ART. 98 READ WITH ART. 63 1,Under Ss. 12 & 35 And Scope Of Art. 98 Jurisdiction Of High Court Not Excluded - Argument Examined,Court of Record,,36,headnote_only,order_text,unknown
S. 115-Writ petition filed along with revision petition under S. 115_CONSTITUTION OF PAKISTAN 1962 ART. 98 AND CIVIL PROCEDURE CODE (V OF 1908)_1,S. 115-Writ petition filed along with revision petition under S. 115 CONSTITUTION OF PAKISTAN 1962 ART. 98 AND CIVIL PROCEDURE CODE (V OF 1908) 1,C. P. C. Found Maintainable-Petition Under Art. 98,Court of Record,,7,headnote_only,order_text,unknown
(xiv)_S. 10(2)(XII)_1,(xiv) S. 10(2)(XII) 1,Of Residuary Nature-Scope Wholly Different From Sums Included In Cls. (Xii),Court of Record,,33,headnote_only,order_text,unknown
"in case of default_S. 13(6)-(CONTROLLER'S ORDER TO TENANT TO DEPOSIT ARREARS OF AND FUTURE RENT)-(""""DEFAULT"""" BY TENANT)-(ELECT)-LANGUAGE OF SECTION MANDATORY-CONTROLLER HAS NO DISCRETION LEFT_1","in case of default S. 13(6)-(CONTROLLER'S ORDER TO TENANT TO DEPOSIT ARREARS OF AND FUTURE RENT)-(""""DEFAULT"""" BY TENANT)-(ELECT)-LANGUAGE OF SECTION MANDATORY-CONTROLLER HAS NO DISCRETION LEFT 1","Act In Breach Of Duty Or In Disregard Of An Order Or Direction-Default Established By Showing That Non-Compliance With Order Of Payment Was Due To Some """"Avoidable Cause""""-Tenant Not Liable Nor Failure Beyond His Control-Transfer Of Property Act (Iv Of 1882)",Court of Record,,49,headnote_only,order_text,unknown
"S. 148-Suit for specific performance of contract of sale-Decree with condition that plaintiff should deposit certain amount within specified time failing which suit """"shall stand dismissed''-Decree passed_SS. 12 & 35 AND CIVIL PROCEDURE CODE (V OF 1908)_1","S. 148-Suit for specific performance of contract of sale-Decree with condition that plaintiff should deposit certain amount within specified time failing which suit """"shall stand dismissed''-Decree passed SS. 12 & 35 AND CIVIL PROCEDURE CODE (V OF 1908) 1",Preliminary In Nature-Court Has Power To Extend Time Under S. 148,Court of Record,,11,headnote_only,order_text,unknown
"S. 148-Suit for specific performance of contract of sale-Decree with condition that plaintiff should deposit certain amount within specified time failing which suit """"shall stand dismissed''-Decree passed_SPECIFIC RELIEF ACT 1877 SS. 12 & 35 AND CIVIL PROCEDURE CODE (V OF 1908)_1","S. 148-Suit for specific performance of contract of sale-Decree with condition that plaintiff should deposit certain amount within specified time failing which suit """"shall stand dismissed''-Decree passed SPECIFIC RELIEF ACT 1877 SS. 12 & 35 AND CIVIL PROCEDURE CODE (V OF 1908) 1",Preliminary In Nature-Court Has Power To Extend Time Under S. 148,Court of Record,,11,headnote_only,order_text,unknown
offspring of Hindu_GUARDIANS AND WARDS ACT 1890 ---- S.17-MINORS_1,offspring of Hindu GUARDIANS AND WARDS ACT 1890 ---- S.17-MINORS 1,Mere Change Of Religion Not Sufficient For Removing Minors From Her Custody-Welfare Of Minor,Court of Record,,22,headnote_only,order_text,unknown
offspring of Hindu_---- S.17-MINORS_1,offspring of Hindu ---- S.17-MINORS 1,Mere Change Of Religion Not Sufficient For Removing Minors From Her Custody-Welfare Of Minor,Court of Record,,22,headnote_only,order_text,unknown
1936_N.-W. F. P. KANUNGO SERVICE RULES_1,1936 N.-W. F. P. KANUNGO SERVICE RULES 1,16,Court of Record,1936-01-01,38,headnote_only,order_text,unknown
"cl. 3-Words """"and if the offence is a continuing one"""" in S. 116-""""Continuing"""" offence here means """"repetitive"""" offence-Continuation of act for which one is once punished-Itself an offence- Offender liable to be punished 'with fine of Rs. 25 daily-Person_SS. 116 & 115 READ WITH SECOND SCHEDULE_1","cl. 3-Words """"and if the offence is a continuing one"""" in S. 116-""""Continuing"""" offence here means """"repetitive"""" offence-Continuation of act for which one is once punished-Itself an offence- Offender liable to be punished 'with fine of Rs. 25 daily-Person SS. 116 & 115 READ WITH SECOND SCHEDULE 1",Cannot Be Punished Without Limit Of Time And In Disregard Of Is. 234,Court of Record,,3,headnote_only,order_text,unknown
"cl. 3-Words """"and if the offence is a continuing one"""" in S. 116-""""Continuing"""" offence here means """"repetitive"""" offence-Continuation of act for which one is once punished-Itself an offence- Offender liable to be punished 'with fine of Rs. 25 daily-Person_MUNICIPAL ADMINISTRATION ORDINANCE 1960 SS. 116 & 115 READ WITH SECOND SCHEDULE_1","cl. 3-Words """"and if the offence is a continuing one"""" in S. 116-""""Continuing"""" offence here means """"repetitive"""" offence-Continuation of act for which one is once punished-Itself an offence- Offender liable to be punished 'with fine of Rs. 25 daily-Person MUNICIPAL ADMINISTRATION ORDINANCE 1960 SS. 116 & 115 READ WITH SECOND SCHEDULE 1",Cannot Be Punished Without Limit Of Time And In Disregard Of Is. 234,Court of Record,,3,headnote_only,order_text,unknown
1950 (XXVIII of 1951)_S. 26-F AND EAST BENGAL STATE ACQUISITION AND TENANCY ACT_1,1950 (XXVIII of 1951) S. 26-F AND EAST BENGAL STATE ACQUISITION AND TENANCY ACT 1,Bengal Tenancy Act,Court of Record,,5,headnote_only,order_text,unknown
29 & 28 and Displaced Persons (Land Settlement) Rules_DISPLACED PERSONS (LAND SETTLEMENT) ACT 1958 ----- SS. 27_1,29 & 28 and Displaced Persons (Land Settlement) Rules DISPLACED PERSONS (LAND SETTLEMENT) ACT 1958 ----- SS. 27 1,"R. 9-Person Liable To Prosecution Under Ss. 27 & 28-Complaint Should Be In Writing """"Made By An Officer Appointed Under This Act""""--No Previous Sanction By Any Other Officer Necessary-Rule 9",Court of Record,,5,headnote_only,order_text,unknown
29 & 28 and Displaced Persons (Land Settlement) Rules_DISPLACED PERSONS (LAND SETTLEMENT) ACT 1958 ----- SS. 29_1,29 & 28 and Displaced Persons (Land Settlement) Rules DISPLACED PERSONS (LAND SETTLEMENT) ACT 1958 ----- SS. 29 1,"R. 9-Person Liable To Prosecution Under Ss. 27 & 28-Complaint Should Be In Writing """"Made By An Officer Appointed Under This Act""""--No Previous Sanction By Any Other Officer Necessary-Rule 9",Court of Record,,5,headnote_only,order_text,unknown
29 & 28 and Displaced Persons (Land Settlement) Rules_----- SS. 27_1,29 & 28 and Displaced Persons (Land Settlement) Rules ----- SS. 27 1,"R. 9-Person Liable To Prosecution Under Ss. 27 & 28-Complaint Should Be In Writing """"Made By An Officer Appointed Under This Act""""--No Previous Sanction By Any Other Officer Necessary-Rule 9",Court of Record,,5,headnote_only,order_text,unknown
O. XXII_(A) CIVIL PROCEDURE CODE (V OF 1908)_1,O. XXII (A) CIVIL PROCEDURE CODE (V OF 1908) 1,O. Xxii,Court of Record,,11,headnote_only,order_text,unknown
held_------ S. 164 READ WITH S. 364-CONFESSION-MAGISTRATE NOT RECORDING ALL QUESTIONS PUT TO PERSONS MAKING STATEMENT NOR DISCLOSING THAT HE WAS MAGISTRATE AND THAT EVEN IF THEY MADE STATEMENTS THEY WOULD BE SENT TO JUDICIAL AND NOT TO POLICE CUSTODY-PROCEDURE_1,held ------ S. 164 READ WITH S. 364-CONFESSION-MAGISTRATE NOT RECORDING ALL QUESTIONS PUT TO PERSONS MAKING STATEMENT NOR DISCLOSING THAT HE WAS MAGISTRATE AND THAT EVEN IF THEY MADE STATEMENTS THEY WOULD BE SENT TO JUDICIAL AND NOT TO POLICE CUSTODY-PROCEDURE 1,In Circumstances,Court of Record,,11,headnote_only,order_text,unknown
held_CRIMINAL PROCEDURE CODE (CR.P.C) ------ S. 164 READ WITH S. 364-CONFESSION-MAGISTRATE NOT RECORDING ALL QUESTIONS PUT TO PERSONS MAKING STATEMENT NOR DISCLOSING THAT HE WAS MAGISTRATE AND THAT EVEN IF THEY MADE STATEMENTS THEY WOULD BE SENT TO JUDICIAL AND NOT TO POLICE CUSTODY-PROCEDURE_1,held CRIMINAL PROCEDURE CODE (CR.P.C) ------ S. 164 READ WITH S. 364-CONFESSION-MAGISTRATE NOT RECORDING ALL QUESTIONS PUT TO PERSONS MAKING STATEMENT NOR DISCLOSING THAT HE WAS MAGISTRATE AND THAT EVEN IF THEY MADE STATEMENTS THEY WOULD BE SENT TO JUDICIAL AND NOT TO POLICE CUSTODY-PROCEDURE 1,In Circumstances,Court of Record,,11,headnote_only,order_text,unknown
O. XXII_CIVIL PROCEDURE CODE --ORDER XXI OF C.P.C. EXECUTION OF DECREES AND ORDERS O. XXI_1,O. XXII CIVIL PROCEDURE CODE --ORDER XXI OF C.P.C. EXECUTION OF DECREES AND ORDERS O. XXI 1,4,Court of Record,,23,headnote_only,order_text,unknown
O. XXII_O. XXI_1,O. XXII O. XXI 1,4,Court of Record,,23,headnote_only,order_text,unknown
r. 1 ---No conditions laid down in O. XL_CIVIL PROCEDURE CODE --ORDER XL OF C.P.C. APPOINTMENT OF RECEIVERS ------ O. XL_1,r. 1 ---No conditions laid down in O. XL CIVIL PROCEDURE CODE --ORDER XL OF C.P.C. APPOINTMENT OF RECEIVERS ------ O. XL 1,Etc. Of Property And It Is Necessary,Court of Record,,7,headnote_only,order_text,unknown
entry relating to S. 220 read with Penal Code (XLV of 1860)_CRIMINAL PROCEDURE CODE (CR.P.C) ----- S. 253 & SCH. II_1,entry relating to S. 220 read with Penal Code (XLV of 1860) CRIMINAL PROCEDURE CODE (CR.P.C) ----- S. 253 & SCH. II 1,P. P. C.-Offence Under S. 220 Exclusively Triable By Court Of Session,Court of Record,,4,headnote_only,order_text,unknown
entry relating to S. 220 read with Penal Code (XLV of 1860)_----- S. 253 & SCH. II_1,entry relating to S. 220 read with Penal Code (XLV of 1860) ----- S. 253 & SCH. II 1,P. P. C.-Offence Under S. 220 Exclusively Triable By Court Of Session,Court of Record,,4,headnote_only,order_text,unknown
S. 13-Proceedings under S. 13 in pari materia with a suit-Civil Procedure Code (V of 1908)_(D) WEST PAKISTAN URBAN RENT RESTRICTION ORDINANCE (VI OF 1959)_1,S. 13-Proceedings under S. 13 in pari materia with a suit-Civil Procedure Code (V of 1908) (D) WEST PAKISTAN URBAN RENT RESTRICTION ORDINANCE (VI OF 1959) 1,R. 13 Applicable In Case Of Ex Parte Order Of Ejectment,Court of Record,,11,headnote_only,order_text,unknown
Ss. 1(4) & 13 -Section 13_(A) WEST PAKISTAN URBAN RENT RESTRICTION ORDINANCE (VI OF 1959)_1,Ss. 1(4) & 13 -Section 13 (A) WEST PAKISTAN URBAN RENT RESTRICTION ORDINANCE (VI OF 1959) 1,Enforced From Date Of Expiry Of West Pakistan Urban Rent Restriction Act (Ix Of 1957),Court of Record,,3,headnote_only,order_text,unknown
on mere raising of plea by accused_CRIMINAL PROCEDURE CODE (CR.P.C) SS. 464 & 465--INSANITY-MAGISTRATE UNDER S. 464 OR COURT UNDER S. 465 NOT BOUND_1,on mere raising of plea by accused CRIMINAL PROCEDURE CODE (CR.P.C) SS. 464 & 465--INSANITY-MAGISTRATE UNDER S. 464 OR COURT UNDER S. 465 NOT BOUND 1,Under S. 465,Court of Record,,11,headnote_only,order_text,unknown
Art. 98(a)-Government working in one of its beneficent departments (Satellite Town Scheme) under departmental procedure. and under regulations having no statutory backing-Such regulations only lay down policy and directions for guidance of State functionaries and do not create any vested right in individual-Jurisdiction under Art. 98_(A) CONSTITUTION OF PAKISTAN (1962)_1,Art. 98(a)-Government working in one of its beneficent departments (Satellite Town Scheme) under departmental procedure. and under regulations having no statutory backing-Such regulations only lay down policy and directions for guidance of State functionaries and do not create any vested right in individual-Jurisdiction under Art. 98 (A) CONSTITUTION OF PAKISTAN (1962) 1,Cannot Be Invoked.(B) Constitution Of Pakistan (1962),Court of Record,,23,headnote_only,order_text,unknown
Evidence Act 1872--74_BASIC DEMOCRACIES ORDER 1959--96_1,Evidence Act 1872--74 BASIC DEMOCRACIES ORDER 1959--96 1,Municipal Administration Ordinance 1960--127,Court of Record,,4,headnote_only,order_text,unknown
Ss. 74 & 76 read with Basic Democracies Order (18 of 1959)_(A) EVIDENCE ACT (I OF 1872)_1,Ss. 74 & 76 read with Basic Democracies Order (18 of 1959) (A) EVIDENCE ACT (I OF 1872) 1,And Municipal Administration Ordinance (X Of 1960),Court of Record,,15,headnote_only,order_text,unknown
1965_CODE OF CIVIL PROCEDURE 1908 --- S. 83 READ WITH DEFENCE OF PAKISTAN RULES_1,1965 CODE OF CIVIL PROCEDURE 1908 --- S. 83 READ WITH DEFENCE OF PAKISTAN RULES 1,1965,Court of Record,1965-01-01,6,headnote_only,order_text,unknown
1965_--- S. 83 READ WITH DEFENCE OF PAKISTAN RULES_1,1965 --- S. 83 READ WITH DEFENCE OF PAKISTAN RULES 1,1965,Court of Record,1965-01-01,6,headnote_only,order_text,unknown
Ss. 3 (3) & 48 read with Civil Procedure Code (V of 1908)_(A) DIVORCE ACT (IV OF 1869)_1,Ss. 3 (3) & 48 read with Civil Procedure Code (V of 1908) (A) DIVORCE ACT (IV OF 1869) 1,Civil Procedure Code (V Of 1908),Court of Record,,58,headnote_only,order_text,unknown
as in Mitakshara_HINDU LAW -SUCCESSION-INHERITANCE TO MALES ACCORDING TO DAYABHAGA (BENGAL SCHOOL)-DOCTRINE OF SPIRITUAL EFFICACY-NOT ALWAYS SOLE GOVERNING PRINCIPLE-PROPINQUITY OR PROXIMITY OF BIRTH_1,as in Mitakshara HINDU LAW -SUCCESSION-INHERITANCE TO MALES ACCORDING TO DAYABHAGA (BENGAL SCHOOL)-DOCTRINE OF SPIRITUAL EFFICACY-NOT ALWAYS SOLE GOVERNING PRINCIPLE-PROPINQUITY OR PROXIMITY OF BIRTH 1,I.E. Capacity To Offer Funeral Cakes (Pindas),Court of Record,,27,headnote_only,order_text,unknown
as in Mitakshara_-SUCCESSION-INHERITANCE TO MALES ACCORDING TO DAYABHAGA (BENGAL SCHOOL)-DOCTRINE OF SPIRITUAL EFFICACY-NOT ALWAYS SOLE GOVERNING PRINCIPLE-PROPINQUITY OR PROXIMITY OF BIRTH_1,as in Mitakshara -SUCCESSION-INHERITANCE TO MALES ACCORDING TO DAYABHAGA (BENGAL SCHOOL)-DOCTRINE OF SPIRITUAL EFFICACY-NOT ALWAYS SOLE GOVERNING PRINCIPLE-PROPINQUITY OR PROXIMITY OF BIRTH 1,I.E. Capacity To Offer Funeral Cakes (Pindas),Court of Record,,27,headnote_only,order_text,unknown
who were public servants_---- S. 420-JOINT TRIAL OF S WITH OTHER CO-ACCUSED_1,who were public servants ---- S. 420-JOINT TRIAL OF S WITH OTHER CO-ACCUSED 1,P. P. C. And S. S (2),Court of Record,,4,headnote_only,order_text,unknown
O. VIII_CIVIL PROCEDURE CODE (V OF 1908)_1,O. VIII CIVIL PROCEDURE CODE (V OF 1908) 1,Held,Court of Record,,6,headnote_only,order_text,unknown
S. 2 (12)_(A) DISPLACED PERSONS (COMPENSATION AND REHABILITATION) ACT (XXVIH OF 1958)_1,S. 2 (12) (A) DISPLACED PERSONS (COMPENSATION AND REHABILITATION) ACT (XXVIH OF 1958) 1,Though He May Be Sole Applicant,Court of Record,,45,headnote_only,order_text,unknown
Ss. 300_PAKISTAN PENAL CODE PENAL CODE (XLV OF 1860)_1,Ss. 300 PAKISTAN PENAL CODE PENAL CODE (XLV OF 1860) 1,& 304,Court of Record,,17,headnote_only,order_text,unknown
in such cases_(F) REVISION (CIVIL)-REVISION OR APPEAL UNDER STATUTE MADE SUBJECT TO SCRUTINY BY HIGHER COURT-TRIBUNAL PASSING ORDER IN SUCH REVISION OR APPEAL-MUST WRITE GROUNDS IN SUPPORT OF ITS ORDER-EVEN SUMMARY DISMISSAL_1,in such cases (F) REVISION (CIVIL)-REVISION OR APPEAL UNDER STATUTE MADE SUBJECT TO SCRUTINY BY HIGHER COURT-TRIBUNAL PASSING ORDER IN SUCH REVISION OR APPEAL-MUST WRITE GROUNDS IN SUPPORT OF ITS ORDER-EVEN SUMMARY DISMISSAL 1,Displaced Persons (Land Settlement) Act,Court of Record,,26,headnote_only,order_text,unknown
S. 19(1)-Nature and scope of revision under S. 19(1)-More akin to appeal than revision-Revision moved by party on certificate granted by Settlement Commissioner-Cannot be dismissed summarily by Chief Settlement Commissioner without affording petitioner opportunity of hearing-Maxim: audi alteram partem (no one should be condemned unheard)-Remedy_(B) DISPLACED PERSONS (LAND SETTLEMENT) ACT (XLVII OF 1958)_1,S. 19(1)-Nature and scope of revision under S. 19(1)-More akin to appeal than revision-Revision moved by party on certificate granted by Settlement Commissioner-Cannot be dismissed summarily by Chief Settlement Commissioner without affording petitioner opportunity of hearing-Maxim: audi alteram partem (no one should be condemned unheard)-Remedy (B) DISPLACED PERSONS (LAND SETTLEMENT) ACT (XLVII OF 1958) 1,Of Vested Or Substantive Nature-Personal Audience An Implied Warranty.(H) Displaced Persons (Land Settlement) Act (Xlvii Of 1958),Court of Record,,12,headnote_only,order_text,unknown
S. 19(1) read with Displaced Persons Laws Amendment Ordinance (XIII of 1964)_(H) DISPLACED PERSONS (LAND SETTLEMENT) ACT (XLVII OF 1958)_1,S. 19(1) read with Displaced Persons Laws Amendment Ordinance (XIII of 1964) (H) DISPLACED PERSONS (LAND SETTLEMENT) ACT (XLVII OF 1958) 1,Constitution Of Pakistan (1962)-Petition Accepted And Case Remanded For Decision By Chief Settlement Commissioner,Court of Record,,19,headnote_only,order_text,unknown
Civil Procedure Code --Order VII of C.P.C. Plaint--1_CIVIL PROCEDURE CODE --ORDER VI OF C.P.C. PLEADING GENERALLY--6_1,Civil Procedure Code --Order VII of C.P.C. Plaint--1 CIVIL PROCEDURE CODE --ORDER VI OF C.P.C. PLEADING GENERALLY--6 1,Civil Procedure Code --Order Viii Of C.P.C. Written Statement And Set-Off--2,Court of Record,,7,headnote_only,order_text,unknown
S. 13 read with Displaced Persons (Compensation and Rehabilitation) Act (XXVIII of 1958)_(B) WEST PAKISTAN URBAN RENT RESTRICTION ORDINANCE (VI OF 1959)_1,S. 13 read with Displaced Persons (Compensation and Rehabilitation) Act (XXVIII of 1958) (B) WEST PAKISTAN URBAN RENT RESTRICTION ORDINANCE (VI OF 1959) 1,Displaced Persons (Compensation And Rehabilitation) Act,Court of Record,,22,headnote_only,order_text,unknown
Ss. 13 & 15 (5) read with Displaced Persons (Compensation and Rehabilitation) Act (XXVIII of 1958)_(D) WEST PAKISTAN URBAN RENT RESTRICTION ORDINANCE (VI OF 1959)_1,Ss. 13 & 15 (5) read with Displaced Persons (Compensation and Rehabilitation) Act (XXVIII of 1958) (D) WEST PAKISTAN URBAN RENT RESTRICTION ORDINANCE (VI OF 1959) 1,However,Court of Record,,21,headnote_only,order_text,unknown
"S. 3-Ordinance ultra vires qua Judges of Superior Courts who immediately before the """"commencing day"""" of Constitution of Pakistan (1962) were as of right entitled_(H) LEGAL PRACTICE (DISQUALIFICATIONS) ORDINANCE (11 OF 1964)_1","S. 3-Ordinance ultra vires qua Judges of Superior Courts who immediately before the """"commencing day"""" of Constitution of Pakistan (1962) were as of right entitled (H) LEGAL PRACTICE (DISQUALIFICATIONS) ORDINANCE (11 OF 1964) 1",1962,Court of Record,,14,headnote_only,order_text,unknown
S. 3 read with Retired Judges (Legal Practice) Order (21 of 1962)_(A) LEGAL PRACTICE (DISQUALIFICATIONS) ORDINANCE (II OF 1964)_1,S. 3 read with Retired Judges (Legal Practice) Order (21 of 1962) (A) LEGAL PRACTICE (DISQUALIFICATIONS) ORDINANCE (II OF 1964) 1,S. 3-Judge-Propriety And Right Of Ex-Judges Of Superior Courts To Revert To Legal Practice-Constitution Of Pakistan (1956),Court of Record,,6,headnote_only,order_text,unknown
Pakistan Penal Code 1860--161_CRIMINAL PROCEDURE CODE (CR.P.C) 1898--235_1,Pakistan Penal Code 1860--161 CRIMINAL PROCEDURE CODE (CR.P.C) 1898--235 1,Pakistan Penal Code 1860--353,Court of Record,,5,headnote_only,order_text,unknown
Displaced Persons (Compensation and Rehabilitation) Act 1958--2_DISPLACED PERSONS (COMPENSATION AND REHABILITATION) ACT 1958--10_1,Displaced Persons (Compensation and Rehabilitation) Act 1958--2 DISPLACED PERSONS (COMPENSATION AND REHABILITATION) ACT 1958--10 1,Displaced Persons (Compensation And Rehabilitation) Act 1958--21,Court of Record,,7,headnote_only,order_text,unknown
Ss. 300_PENAL CODE (XLV OF 1860)_1,Ss. 300 PENAL CODE (XLV OF 1860) 1,& 304,Court of Record,,17,headnote_only,order_text,unknown
"S. 25-(Mother's application against husband for custody of minors)-Cause of action for making a second application for custody of minor Continues to exist so long as custody of minor with anyone is not in conformity with minor's welfare-""""Reunion of husband and wife"""" or """"fresh"""" removal of minor not necessary-Illegal detention_(B) GUARDIANS AND WARDS ACT (VIII OF 1890)_1","S. 25-(Mother's application against husband for custody of minors)-Cause of action for making a second application for custody of minor Continues to exist so long as custody of minor with anyone is not in conformity with minor's welfare-""""Reunion of husband and wife"""" or """"fresh"""" removal of minor not necessary-Illegal detention (B) GUARDIANS AND WARDS ACT (VIII OF 1890) 1",Repudiation Of Guardian'S Right,Court of Record,,11,headnote_only,order_text,unknown
Art. 98 read with Civil Procedure Code (V of 1908)_(A) CONSTITUTION OF PAKISTAN (1962)_1,Art. 98 read with Civil Procedure Code (V of 1908) (A) CONSTITUTION OF PAKISTAN (1962) 1,"R. 9-Application For Custody Of Minors-Not Properly Pursued By Applicant Because Of """"Threats And Juicy Promises"""" Proceeding From Other Party-Second Similar Application Under Ss. 5 & 25",Court of Record,,14,headnote_only,order_text,unknown
"Arts. 177 & 178-Terms and conditions of contract of service-(Probationer)-Termination of service during period of probation """"without notice"""" if """"work or conduct proved to be unsatisfactory""""-Word """"proved"""" not to be read devoid of context-Words """"without notice"""" important """"Satisfaction"""" is that of authority competent to terminate service Termination without show-cause notice_(A) CONSTITUTION OF PAKISTAN (1961)_1","Arts. 177 & 178-Terms and conditions of contract of service-(Probationer)-Termination of service during period of probation """"without notice"""" if """"work or conduct proved to be unsatisfactory""""-Word """"proved"""" not to be read devoid of context-Words """"without notice"""" important """"Satisfaction"""" is that of authority competent to terminate service Termination without show-cause notice (A) CONSTITUTION OF PAKISTAN (1961) 1",Arts. 177 & 178-Probationer'S Services Terminated In Accordance With Conditions Of Contract-Show-Cause Notice Not Necessary-[Federation Of Pakistan V. Riaz Ali Khan P L D 1958 Lah. 22 And Tasnim Ali Mir V. Federation Of Pakistan P L D 1959 Kar. 62 Ref.,Court of Record,,5,headnote_only,order_text,unknown
"Art. 178-Probationer's conditions of contract of service-Employee to be governed by Government Servants Conduct Rules and """"such other Rules as may have been or maybe enforced""""-Words wide enough to make West Pakistan Civil Service (Judicial Branch) Rules_(B) CONSTITUTION OF PAKISTAN (1962)_1","Art. 178-Probationer's conditions of contract of service-Employee to be governed by Government Servants Conduct Rules and """"such other Rules as may have been or maybe enforced""""-Words wide enough to make West Pakistan Civil Service (Judicial Branch) Rules (B) CONSTITUTION OF PAKISTAN (1962) 1",Applicable.(C) Constitution Of Pakistan (1962),Court of Record,,8,headnote_only,order_text,unknown
Ss. 234 (2) & 537 Joint trial of offences of different nature-Not allowed by law--Offences under Ss. 408 & 381_(A) CRIMINAL PROCEDURE CODE (V OF 1898)_1,Ss. 234 (2) & 537 Joint trial of offences of different nature-Not allowed by law--Offences under Ss. 408 & 381 (A) CRIMINAL PROCEDURE CODE (V OF 1898) 1,P. P. C. And Subsequently After A Period Of 11/2 Year To Have Committed Theft Under S. 381,Court of Record,,15,headnote_only,order_text,unknown
S. 5 and Civil Procedure Code (V of 1908)_(A) LIMITATION ACT (IX OF 1908)_1,S. 5 and Civil Procedure Code (V of 1908) (A) LIMITATION ACT (IX OF 1908) 1,Rr. 17,Court of Record,,8,headnote_only,order_text,unknown
O. XLI_(C) CIVIL PROCEDURE CODE (V OF 1908)_1,O. XLI (C) CIVIL PROCEDURE CODE (V OF 1908) 1,Engaged In Appeal,Court of Record,,14,headnote_only,order_text,unknown
Art. 98-Natural justice Government servant- Dismissal by biased officer - Appellate authority converting dismissal into compulsory retirement from service--Dismissal orders being vitiated for violation of rules of fair play and natural justice_(G) CONSTITUTION OF PAKISTAN (1962)_1,Art. 98-Natural justice Government servant- Dismissal by biased officer - Appellate authority converting dismissal into compulsory retirement from service--Dismissal orders being vitiated for violation of rules of fair play and natural justice (G) CONSTITUTION OF PAKISTAN (1962) 1,Held,Court of Record,,10,headnote_only,order_text,unknown
Ss. 403 & 561-APrinciple of double jeopardy not attracted to criminal prosecution of accused under S. 161_(A) CRIMINAL PROCEDURE CODE (V OF 1898)_1,Ss. 403 & 561-APrinciple of double jeopardy not attracted to criminal prosecution of accused under S. 161 (A) CRIMINAL PROCEDURE CODE (V OF 1898) 1,Who Has Already Been Punished Departmentally And Deprived Of Increments For Two Years Cumulatively-No Case For Quashing Proceedings Under S. 561-A-[S. A. Venkataraman V. Union Of India And Another A I R 1954 S C 375; Maqbool Husain V. State Of Bombay A I R 1953 S C 325 And A. M. S. Muhammad Qasim V. Assistant Collector Of Central Excise,Court of Record,,9,headnote_only,order_text,unknown
read with Contempt of Courts Act (XII of 1926)_----ART. 123_1,read with Contempt of Courts Act (XII of 1926) ----ART. 123 1,S.228-Contempt Of Court-Advocate,Court of Record,,8,headnote_only,order_text,unknown
dated 11th November 1966. The jurisdiction of ordinary Criminal Courts is barred in a case ordered by the Central Government to be tried by a Special Tribunal. The Central Government by issuing Notification No. S. O. R. 174 (R)/66_-----SS. 5(2) & 29(1) - CENTRAL GOVERNMENT'S NOTIFICATION NO. S. O. R. 174 (R)/66_1,dated 11th November 1966. The jurisdiction of ordinary Criminal Courts is barred in a case ordered by the Central Government to be tried by a Special Tribunal. The Central Government by issuing Notification No. S. O. R. 174 (R)/66 -----SS. 5(2) & 29(1) - CENTRAL GOVERNMENT'S NOTIFICATION NO. S. O. R. 174 (R)/66 1,Not Only Made The Offence (Contravention Of Rule 47,Court of Record,,49,headnote_only,order_text,unknown
r. 7-Compromise on behalf of minors-Court in accepting compromise not applying judicial mind to question whether compromise would be for benefit of minors or not-Provisions of O XXXII_CIVIL PROCEDURE CODE --ORDER XXXII OF C.P.C. SUITS BY OR AGAINST MINORS AND PERSONS OF UNSOUND MIND O. XXXII_1,r. 7-Compromise on behalf of minors-Court in accepting compromise not applying judicial mind to question whether compromise would be for benefit of minors or not-Provisions of O XXXII CIVIL PROCEDURE CODE --ORDER XXXII OF C.P.C. SUITS BY OR AGAINST MINORS AND PERSONS OF UNSOUND MIND O. XXXII 1,Held,Court of Record,,5,headnote_only,order_text,unknown
1959_WEST PAKISTAN LAND REFORMS REGULATION 1959 WEST PAKISTAN LAND REFORMS REGULATION_1,1959 WEST PAKISTAN LAND REFORMS REGULATION 1959 WEST PAKISTAN LAND REFORMS REGULATION 1,Firstly; On Death Of Father And Secondly,Court of Record,1959-01-01,24,headnote_only,order_text,unknown
r. 1 & O. XLIV_O. XXXIII_1,r. 1 & O. XLIV O. XXXIII 1,Limitation Act,Court of Record,,16,headnote_only,order_text,unknown
r. 1 & O. XLIV_CIVIL PROCEDURE CODE --ORDER XXXIII OF C.P.C. SUITS BY PAUPERS O. XXXIII_1,r. 1 & O. XLIV CIVIL PROCEDURE CODE --ORDER XXXIII OF C.P.C. SUITS BY PAUPERS O. XXXIII 1,Limitation Act,Court of Record,,16,headnote_only,order_text,unknown
Art. 6-Incorporation of Fundamental Rights into Constitution-Does not obliterate entire operation of existing inconsistent law -Pre-Constitution law inconsistent with Fundamental Rights - Rendered void not ab initio but only with effect from date Fundamental Rights made justiciable by Constitution-Provisions of S. 11_S. 11 AND CONSTITUTION OF PAKISTAN (1962)_1,Art. 6-Incorporation of Fundamental Rights into Constitution-Does not obliterate entire operation of existing inconsistent law -Pre-Constitution law inconsistent with Fundamental Rights - Rendered void not ab initio but only with effect from date Fundamental Rights made justiciable by Constitution-Provisions of S. 11 S. 11 AND CONSTITUTION OF PAKISTAN (1962) 1,1901- Void From Such Date Sentence Recorded By Deputy Commissioner And Finally Confirmed By Commissioner Under Frontier Crimes Regulation,Court of Record,,17,headnote_only,order_text,unknown
Art. 6-Incorporation of Fundamental Rights into Constitution-Does not obliterate entire operation of existing inconsistent law -Pre-Constitution law inconsistent with Fundamental Rights - Rendered void not ab initio but only with effect from date Fundamental Rights made justiciable by Constitution-Provisions of S. 11_FRONTIER CRIMES REGULATION 1901 S. 11 AND CONSTITUTION OF PAKISTAN (1962)_1,Art. 6-Incorporation of Fundamental Rights into Constitution-Does not obliterate entire operation of existing inconsistent law -Pre-Constitution law inconsistent with Fundamental Rights - Rendered void not ab initio but only with effect from date Fundamental Rights made justiciable by Constitution-Provisions of S. 11 FRONTIER CRIMES REGULATION 1901 S. 11 AND CONSTITUTION OF PAKISTAN (1962) 1,1901- Void From Such Date Sentence Recorded By Deputy Commissioner And Finally Confirmed By Commissioner Under Frontier Crimes Regulation,Court of Record,,17,headnote_only,order_text,unknown
in absence of special circumstances to contrary_PAKISTAN PENAL CODE SS. 300 & 302-ACCUSED DEALING ONE SEVERE HATCHET BLOW ON NECK OF VICTIM RESULTING IN INSTANTANEONS DEATH-SUPPOSED_1,in absence of special circumstances to contrary PAKISTAN PENAL CODE SS. 300 & 302-ACCUSED DEALING ONE SEVERE HATCHET BLOW ON NECK OF VICTIM RESULTING IN INSTANTANEONS DEATH-SUPPOSED 1,Held,Court of Record,,7,headnote_only,order_text,unknown
1959_WEST PAKISTAN LAND REFORMS REGULATION 1959 WEST PAKISTAN. LAND REFORMS REGULATION_1,1959 WEST PAKISTAN LAND REFORMS REGULATION 1959 WEST PAKISTAN. LAND REFORMS REGULATION 1,Transaction Took Place Through Collector Well Before 8Th October 1958; Hence,Court of Record,1959-01-01,7,headnote_only,order_text,unknown
r. 11 read with O. XLVII_CIVIL PROCEDURE CODE --ORDER XLI OF C.P.C. APPEALS FROM ORIGINAL DECREES O. XLI_1,r. 11 read with O. XLVII CIVIL PROCEDURE CODE --ORDER XLI OF C.P.C. APPEALS FROM ORIGINAL DECREES O. XLI 1,To Opposite Party In Terms Of O. Xlvii,Court of Record,,4,headnote_only,order_text,unknown
rr. 1_O. XLVII_1,rr. 1 O. XLVII 1,Passed In Second Review,Court of Record,,6,headnote_only,order_text,unknown
Ss. 3 (4) & 36 read with Satisfaction of Charges (Evacuee Property) Rules. 1961_S. 25(2) (P) AND DISPLACED PERSONS (COMPENSATION AND REHABILITATION) ACT (XXVIII OF 1958)_1,Ss. 3 (4) & 36 read with Satisfaction of Charges (Evacuee Property) Rules. 1961 S. 25(2) (P) AND DISPLACED PERSONS (COMPENSATION AND REHABILITATION) ACT (XXVIII OF 1958) 1,And Rules,Court of Record,,69,headnote_only,order_text,unknown
Ss. 3 (4) & 36 read with Satisfaction of Charges (Evacuee Property) Rules. 1961_PAKISTAN (ADMINISTRATION OF EVACUEE PROPERTY) ACT 1957 S. 25(2) (P) AND DISPLACED PERSONS (COMPENSATION AND REHABILITATION) ACT (XXVIII OF 1958)_1,Ss. 3 (4) & 36 read with Satisfaction of Charges (Evacuee Property) Rules. 1961 PAKISTAN (ADMINISTRATION OF EVACUEE PROPERTY) ACT 1957 S. 25(2) (P) AND DISPLACED PERSONS (COMPENSATION AND REHABILITATION) ACT (XXVIII OF 1958) 1,And Rules,Court of Record,,69,headnote_only,order_text,unknown
1936_N.-W.F.P. KANUNGO SERVICE RULES 1936 N.-W. F. P. KANUNGO SERVICE RULES_1,1936 N.-W.F.P. KANUNGO SERVICE RULES 1936 N.-W. F. P. KANUNGO SERVICE RULES 1,16,Court of Record,1936-01-01,38,headnote_only,order_text,unknown
paras. 3_MARTIAL LAW REGULATION 1959 NO. 64 [MARTIAL LAW REGULATION (C. M. L. A'S.) NO. 64]_1,paras. 3 MARTIAL LAW REGULATION 1959 NO. 64 [MARTIAL LAW REGULATION (C. M. L. A'S.) NO. 64] 1,"As To Rights""""",Court of Record,,62,headnote_only,order_text,unknown
r. 1_O. XLIV_1,r. 1 O. XLIV 1,Read With O. Xli,Court of Record,,54,headnote_only,order_text,unknown
r. 1_CIVIL PROCEDURE CODE --ORDER XLIV OF C.P.C. PAUPER APPEALS O. XLIV_1,r. 1 CIVIL PROCEDURE CODE --ORDER XLIV OF C.P.C. PAUPER APPEALS O. XLIV 1,Read With O. Xli,Court of Record,,54,headnote_only,order_text,unknown
Constitution of Pakistan 1962--178_CIVIL SERVICE RULES (PUNJAB)--TERM_1,Constitution of Pakistan 1962--178 CIVIL SERVICE RULES (PUNJAB)--TERM 1,Constitution Of Pakistan 1962--98,Court of Record,,9,headnote_only,order_text,unknown
1948_S. 7(B) READ WITH EAST BENGAL (EMERGENCY) REQUISITION OF PROPERTY RULES_1,1948 S. 7(B) READ WITH EAST BENGAL (EMERGENCY) REQUISITION OF PROPERTY RULES 1,R. 15,Court of Record,1948-01-01,8,headnote_only,order_text,unknown
1948_EAST BENGAL (EMERGENCY) REQUISITION OF PROPERTY ACT 1948 S. 7(B) READ WITH EAST BENGAL (EMERGENCY) REQUISITION OF PROPERTY RULES_1,1948 EAST BENGAL (EMERGENCY) REQUISITION OF PROPERTY ACT 1948 S. 7(B) READ WITH EAST BENGAL (EMERGENCY) REQUISITION OF PROPERTY RULES 1,R. 15,Court of Record,1948-01-01,8,headnote_only,order_text,unknown
10_SS. 8_1,10 SS. 8 1,Arts. 157 & 158-Inclusion Of Person'S Name In Electoral Roll Qualifies Him As Elector For Electoral College-Such Qualification Not Open To Challenge Subsequently Merely On Ground That Person Not Being Citizen Of Pakistan,Court of Record,,7,headnote_only,order_text,unknown
10_ELECTORAL COLLEGE ACT 1964 SS. 8_1,10 ELECTORAL COLLEGE ACT 1964 SS. 8 1,Arts. 157 & 158-Inclusion Of Person'S Name In Electoral Roll Qualifies Him As Elector For Electoral College-Such Qualification Not Open To Challenge Subsequently Merely On Ground That Person Not Being Citizen Of Pakistan,Court of Record,,7,headnote_only,order_text,unknown
Constitution of Pakistan 1962--98_CONSTITUTION OF PAKISTAN 1962--171_1,Constitution of Pakistan 1962--98 CONSTITUTION OF PAKISTAN 1962--171 1,Electoral College Act 1964--23,Court of Record,,4,headnote_only,order_text,unknown
S.96(2)-Fatal accident-Insurance against third party risk-Defences other than those mentioned in S. 96_FATAL ACCIDENT ACT 1855 FATAL ACCIDENTS ACT (XIII OF 1855)----S. 1 AND MOTOR VEHICLES ACT (IV OF 1939)_1,S.96(2)-Fatal accident-Insurance against third party risk-Defences other than those mentioned in S. 96 FATAL ACCIDENT ACT 1855 FATAL ACCIDENTS ACT (XIII OF 1855)----S. 1 AND MOTOR VEHICLES ACT (IV OF 1939) 1,Not Available - Accident Occurring During Subsistence Of Policy-Mere Contention That Policy Along With Vehicle Had Not Been Transferred To Transferee By Original Owner Of Vehicle And Policy Holder-Not Valid Defence In Respect Of Third Party Insurance-Insurer Bound To Pay Damages Under Fatal Accidents Act,Court of Record,,14,headnote_only,order_text,unknown
S.96(2)-Fatal accident-Insurance against third party risk-Defences other than those mentioned in S. 96_FATAL ACCIDENTS ACT (XIII OF 1855)----S. 1 AND MOTOR VEHICLES ACT (IV OF 1939)_1,S.96(2)-Fatal accident-Insurance against third party risk-Defences other than those mentioned in S. 96 FATAL ACCIDENTS ACT (XIII OF 1855)----S. 1 AND MOTOR VEHICLES ACT (IV OF 1939) 1,Not Available - Accident Occurring During Subsistence Of Policy-Mere Contention That Policy Along With Vehicle Had Not Been Transferred To Transferee By Original Owner Of Vehicle And Policy Holder-Not Valid Defence In Respect Of Third Party Insurance-Insurer Bound To Pay Damages Under Fatal Accidents Act,Court of Record,,14,headnote_only,order_text,unknown
recovery of-No application can be made under S. 3-Provision_PUNJAB PROTECTION AND RESTORATION OF TENANCY RIGHTS ACT 1950 S. 3-ARREARS OF RENT_1,recovery of-No application can be made under S. 3-Provision PUNJAB PROTECTION AND RESTORATION OF TENANCY RIGHTS ACT 1950 S. 3-ARREARS OF RENT 1,Does Not Bar Institution Of Suit In Revenue Court For Arrears Of Rent And Ejectment Of Tenant Under S. 77,Court of Record,,6,headnote_only,order_text,unknown
"S. 537_S. 200 READ WITH .S. 537-FAILURE TO EXAMINE COMPLAINANT BEFORE ISSUING PROCESS DEFECT MERE IRREGULARITY CURABLE UNDER S. 537 THOUGH LANGUAGE OF S. 200 DOES NOT LEAD TO """"INEVITABLE"""" INFERENCE THAT SUCH EXAMINATION IS A """"SINE QUA NON OF VALID PROCEEDINGS IN ALL CIRCUMSTANCES"""" CRIMINAL PROCEDURE CODE (V OF 1898)_1","S. 537 S. 200 READ WITH .S. 537-FAILURE TO EXAMINE COMPLAINANT BEFORE ISSUING PROCESS DEFECT MERE IRREGULARITY CURABLE UNDER S. 537 THOUGH LANGUAGE OF S. 200 DOES NOT LEAD TO """"INEVITABLE"""" INFERENCE THAT SUCH EXAMINATION IS A """"SINE QUA NON OF VALID PROCEEDINGS IN ALL CIRCUMSTANCES"""" CRIMINAL PROCEDURE CODE (V OF 1898) 1",Regarding Failure To Examine,Court of Record,,6,headnote_only,order_text,unknown
O. XXII_S. 13 (2) (I); (II) (A) & (3) (A) (II) (A) READ WITH CIVIL PROCEDURE CODE (V OF 1908)_1,O. XXII S. 13 (2) (I); (II) (A) & (3) (A) (II) (A) READ WITH CIVIL PROCEDURE CODE (V OF 1908) 1,Tenant; Landlord -Requiring Premises For His Own Purposes]-Legal Representatives,Court of Record,,20,headnote_only,order_text,unknown
"however_LAWS (CONTINUANCE IN FORCE) ORDER 1958 VALIDITY-PROVINCIAL LEGISLATURE STANDING DISSOLVED-QUESTION WHETHER THERE WAS """"URGENCY"""" OR THAT GOVERNOR SHOULD HAVE WAITED TILL LEGISLATURE MET IN SESSION DID NOT ARISE AT RELEVANT TIME-QUESTION OF """"URGENCY""""_1","however LAWS (CONTINUANCE IN FORCE) ORDER 1958 VALIDITY-PROVINCIAL LEGISLATURE STANDING DISSOLVED-QUESTION WHETHER THERE WAS """"URGENCY"""" OR THAT GOVERNOR SHOULD HAVE WAITED TILL LEGISLATURE MET IN SESSION DID NOT ARISE AT RELEVANT TIME-QUESTION OF """"URGENCY"""" 1",I.E.,Court of Record,,63,headnote_only,order_text,unknown
1959 [Martial Law Regulation [C. M. L. A.s) No. 64]_WEST PAKISTAN LAND REFORMS REGULATION_1,1959 [Martial Law Regulation [C. M. L. A.s) No. 64] WEST PAKISTAN LAND REFORMS REGULATION 1,Art. 2(4),Court of Record,,6,headnote_only,order_text,unknown
"paras. 9 & 11-""""Existing owner""""-Definition as given by Land Commission by order dated 5-9-1959-Joint Hindu Family-Not a """"person"""" in terms of such definition-Land Commission's directive dated 15-12-1959 favoured recognition of rights of co-parcencers in cases where a person is entered in revenue records as """"manager"""" or """"karta"""" Whether words """"manager"""" or """"karta"""" should specifically appear from revenue records for application of directive-Such records stating that land was """"under control of principal member of joint family""""-Entry equivalent to saying such member is """"manager"""" or """"karta"""" Expression in Sindhi: """"Gadial Kutumb Tor""""_MARTIAL LAW REGULATION 1959 NO. 64 1959 [MARTIAL LAW REGULATION (C. M. L. A'S) NO. 64]_1","paras. 9 & 11-""""Existing owner""""-Definition as given by Land Commission by order dated 5-9-1959-Joint Hindu Family-Not a """"person"""" in terms of such definition-Land Commission's directive dated 15-12-1959 favoured recognition of rights of co-parcencers in cases where a person is entered in revenue records as """"manager"""" or """"karta"""" Whether words """"manager"""" or """"karta"""" should specifically appear from revenue records for application of directive-Such records stating that land was """"under control of principal member of joint family""""-Entry equivalent to saying such member is """"manager"""" or """"karta"""" Expression in Sindhi: """"Gadial Kutumb Tor"""" MARTIAL LAW REGULATION 1959 NO. 64 1959 [MARTIAL LAW REGULATION (C. M. L. A'S) NO. 64] 1",Device For Protection,Court of Record,,5,headnote_only,order_text,unknown
Criminal Procedure Code (Cr.P.C) 1898--375_CRIMINAL PROCEDURE CODE (CR.P.C) 1898--366_1,Criminal Procedure Code (Cr.P.C) 1898--375 CRIMINAL PROCEDURE CODE (CR.P.C) 1898--366 1,Criminal Procedure Code (Cr.P.C) 1898--419,Court of Record,,5,headnote_only,order_text,unknown
1913_S. 9 AND PUBLIC DEMANDS RECOVERY ACT_1,1913 S. 9 AND PUBLIC DEMANDS RECOVERY ACT 1,R. 76-Property,Court of Record,1913-01-01,6,headnote_only,order_text,unknown
1913_SPECIFIC RELIEF ACT 1877 S. 9 AND PUBLIC DEMANDS RECOVERY ACT_1,1913 SPECIFIC RELIEF ACT 1877 S. 9 AND PUBLIC DEMANDS RECOVERY ACT 1,R. 76-Property,Court of Record,1913-01-01,6,headnote_only,order_text,unknown
148_LIMITATION ACT 1908--SCHI_1,148 LIMITATION ACT 1908--SCHI 1,Redemption--Term,Court of Record,,5,headnote_only,order_text,unknown
on payment_TRANSFER OF PROPERTY ACT 1882 S. 135-A-INSURER_1,on payment TRANSFER OF PROPERTY ACT 1882 S. 135-A-INSURER 1,Nevertheless,Court of Record,,12,headnote_only,order_text,unknown
386 & 537Fine_CRIMINAL PROCEDURE CODE (CR.P.C) SS. 32_1,386 & 537Fine CRIMINAL PROCEDURE CODE (CR.P.C) SS. 32 1,Held,Court of Record,,4,headnote_only,order_text,unknown
386 & 537Fine_SS. 32_1,386 & 537Fine SS. 32 1,Held,Court of Record,,4,headnote_only,order_text,unknown
what amounts to-Information disclosing no offence_CRIMINAL PROCEDURE CODE (CR.P.C) S. 154--STATEMENT MADE DURING AND AFTER COMMENCEMENT OF INVESTIGATION-CANNOT BE TREATED AS F.LR.-F.I.R._1,what amounts to-Information disclosing no offence CRIMINAL PROCEDURE CODE (CR.P.C) S. 154--STATEMENT MADE DURING AND AFTER COMMENCEMENT OF INVESTIGATION-CANNOT BE TREATED AS F.LR.-F.I.R. 1,Even Though On Telephone,Court of Record,,7,headnote_only,order_text,unknown
Ss. 419_CRIMINAL PROCEDURE CODE (CR.P.C) CRIMINAL PROCEDURE CODE (V OF 1898)_1,Ss. 419 CRIMINAL PROCEDURE CODE (CR.P.C) CRIMINAL PROCEDURE CODE (V OF 1898) 1,Proviso-Accused Preferring Two Appeals One From Jail And Another Through Mukhtar-Dismissal Of Jail Appeal Pending Appeal Filed Through Mukhtar-No Bar To Disposal Of Appeal Filed Through Mukhtar,Court of Record,,17,headnote_only,order_text,unknown
Ss. 419_CRIMINAL PROCEDURE CODE (V OF 1898)_1,Ss. 419 CRIMINAL PROCEDURE CODE (V OF 1898) 1,Proviso-Accused Preferring Two Appeals One From Jail And Another Through Mukhtar-Dismissal Of Jail Appeal Pending Appeal Filed Through Mukhtar-No Bar To Disposal Of Appeal Filed Through Mukhtar,Court of Record,,17,headnote_only,order_text,unknown
held_-----(INHERITANCE)-APPEAL_1,held -----(INHERITANCE)-APPEAL 1,"On Strength Of """"Some"""" Evidence Remanding Case For Fresh Decision As Such """"Evidence"""" In Opinion Of Additional Commissioner",Court of Record,,15,headnote_only,order_text,unknown
"235 & 537Murder of one and murderous assault on another occurring at different places and at different times although on same day-Offences cannot be said to have been committed in course of """"same transaction""""-Offence under S. 307_CRIMINAL PROCEDURE CODE (CR.P.C) SS. 234_1","235 & 537Murder of one and murderous assault on another occurring at different places and at different times although on same day-Offences cannot be said to have been committed in course of """"same transaction""""-Offence under S. 307 CRIMINAL PROCEDURE CODE (CR.P.C) SS. 234 1",P. P. C.-Joint Trial,Court of Record,,6,headnote_only,order_text,unknown
"235 & 537Murder of one and murderous assault on another occurring at different places and at different times although on same day-Offences cannot be said to have been committed in course of """"same transaction""""-Offence under S. 307_SS. 234_1","235 & 537Murder of one and murderous assault on another occurring at different places and at different times although on same day-Offences cannot be said to have been committed in course of """"same transaction""""-Offence under S. 307 SS. 234 1",P. P. C.-Joint Trial,Court of Record,,6,headnote_only,order_text,unknown
mandamus_ART. 2(4)POWER TO ISSUE WRITS RESTRICTED ONLY TO HABEAS CORPUS_1,mandamus ART. 2(4)POWER TO ISSUE WRITS RESTRICTED ONLY TO HABEAS CORPUS 1,Constitution Of Pakistan (1956),Court of Record,,7,headnote_only,order_text,unknown
r. 5 & O. XVI_CIVIL PROCEDURE CODE --ORDER XVIII OF C.P.C. HEARING OF THE SUIT AND EXAMINATION OF WITNESS O. XVIII_1,r. 5 & O. XVI CIVIL PROCEDURE CODE --ORDER XVIII OF C.P.C. HEARING OF THE SUIT AND EXAMINATION OF WITNESS O. XVIII 1,"Examination Of-Words """"Evidence Of Each Witness Shall Be Read Over"""" In R. 5",Court of Record,,22,headnote_only,order_text,unknown
r. 5 & O. XVI_O. XVIII_1,r. 5 & O. XVI O. XVIII 1,"Examination Of-Words """"Evidence Of Each Witness Shall Be Read Over"""" In R. 5",Court of Record,,22,headnote_only,order_text,unknown
Court dismissing in limine plaintiff's appeal on grounds that (i) there was delay of 244 days in filing appeal; (ii) suit had been wrongly valued for purposes of jurisdiction; (iii) suit being one for pre-emption_ART. 58(3)-LEAVE TO APPEAL TO SUPREME COURT-(PRE-EMPTION SUIT)-HIGH_1,Court dismissing in limine plaintiff's appeal on grounds that (i) there was delay of 244 days in filing appeal; (ii) suit had been wrongly valued for purposes of jurisdiction; (iii) suit being one for pre-emption ART. 58(3)-LEAVE TO APPEAL TO SUPREME COURT-(PRE-EMPTION SUIT)-HIGH 1,S. 7(Vi),Court of Record,,7,headnote_only,order_text,unknown
S. 2-Proceedings initiated under Central Government Notification No. S. R. O. 824 (K)/61 dated 1-9-61-Saved by S. 6_S. 10 (B) READ WITH DISPLACED PERSONS (COMPENSATION AND REHABILITATION) (AMENDMENT) ORDINANCE (II OF 1962)_1,S. 2-Proceedings initiated under Central Government Notification No. S. R. O. 824 (K)/61 dated 1-9-61-Saved by S. 6 S. 10 (B) READ WITH DISPLACED PERSONS (COMPENSATION AND REHABILITATION) (AMENDMENT) ORDINANCE (II OF 1962) 1,And Could Legally Continue Even After Amendment Of S. 10,Court of Record,,6,headnote_only,order_text,unknown
S. 2-Proceedings initiated under Central Government Notification No. S. R. O. 824 (K)/61 dated 1-9-61-Saved by S. 6_DISPLACED PERSONS (COMPENSATION AND REHABILITATION) ACT 1958 S. 10 (B) READ WITH DISPLACED PERSONS (COMPENSATION AND REHABILITATION) (AMENDMENT) ORDINANCE (II OF 1962)_1,S. 2-Proceedings initiated under Central Government Notification No. S. R. O. 824 (K)/61 dated 1-9-61-Saved by S. 6 DISPLACED PERSONS (COMPENSATION AND REHABILITATION) ACT 1958 S. 10 (B) READ WITH DISPLACED PERSONS (COMPENSATION AND REHABILITATION) (AMENDMENT) ORDINANCE (II OF 1962) 1,And Could Legally Continue Even After Amendment Of S. 10,Court of Record,,6,headnote_only,order_text,unknown
Part 1_PAKISTAN REHABILITATION ORDINANCE 1956 S. 11(4) READ WITH S. 7(1) AND REHABILITATION RE-SETTLEMENT SCHEME (PUNJAB)_1,Part 1 PAKISTAN REHABILITATION ORDINANCE 1956 S. 11(4) READ WITH S. 7(1) AND REHABILITATION RE-SETTLEMENT SCHEME (PUNJAB) 1,Para. 7,Court of Record,,9,headnote_only,order_text,unknown
Part 1_S. 11(4) READ WITH S. 7(1) AND REHABILITATION RE-SETTLEMENT SCHEME (PUNJAB)_1,Part 1 S. 11(4) READ WITH S. 7(1) AND REHABILITATION RE-SETTLEMENT SCHEME (PUNJAB) 1,Para. 7,Court of Record,,9,headnote_only,order_text,unknown
10(1)_SS.6(IV)_1,10(1) SS.6(IV) 1,Held,Court of Record,,14,headnote_only,order_text,unknown
10(1)_INCOME TAX ACT 1922 SS.6(IV)_1,10(1) INCOME TAX ACT 1922 SS.6(IV) 1,Held,Court of Record,,14,headnote_only,order_text,unknown
cancellation of)-Ballot papers cast_S. 43-(SPOILT BALLOT PAPERS_1,cancellation of)-Ballot papers cast S. 43-(SPOILT BALLOT PAPERS 1,Constitution Of Pakistan (1962)-[Electoral College Act (Iv Of 1964),Court of Record,,5,headnote_only,order_text,unknown
cancellation of)-Ballot papers cast_ELECTORAL COLLEGE ACT 1964 S. 43-(SPOILT BALLOT PAPERS_1,cancellation of)-Ballot papers cast ELECTORAL COLLEGE ACT 1964 S. 43-(SPOILT BALLOT PAPERS 1,Constitution Of Pakistan (1962)-[Electoral College Act (Iv Of 1964),Court of Record,,5,headnote_only,order_text,unknown
read with Central Laws (Statute Reform) Ordinance (XXI of 1960)_TRANSFER OF PROPERTY ACT 1882 SS. 1 & 54_1,read with Central Laws (Statute Reform) Ordinance (XXI of 1960) TRANSFER OF PROPERTY ACT 1882 SS. 1 & 54 1,Transfer Of Property Act,Court of Record,,42,headnote_only,order_text,unknown
"S. 74 [both as amended by Chittagong Development Authority (Land Acquisition Validation) Ordinance (VIII of 1963)""""Acquisition"""" includes """"requisition""""-Order of requisition under S.3_EAST BENGAL (EMERGENCY) REQUISITION OF PROPERTY ACT 1948 S. 3 AND CHITTAGONG DEVELOPMENT AUTHORITY ORDINANCE (LI OF 1959)_1","S. 74 [both as amended by Chittagong Development Authority (Land Acquisition Validation) Ordinance (VIII of 1963)""""Acquisition"""" includes """"requisition""""-Order of requisition under S.3 EAST BENGAL (EMERGENCY) REQUISITION OF PROPERTY ACT 1948 S. 3 AND CHITTAGONG DEVELOPMENT AUTHORITY ORDINANCE (LI OF 1959) 1",1948,Court of Record,,7,headnote_only,order_text,unknown
and Specific Relief Act (1 of 1877)_S. 240_1,and Specific Relief Act (1 of 1877) S. 240 1,Specific Relief Act,Court of Record,,1,headnote_only,order_text,unknown
to be effective_-OPTION OF PUBERTY-MINOR GIRL RETAINS OPTION TILL AGE OF 18-RIGHT OF ANNULMENT CONTINUES UNTIL SHE EXPRESSES HER CONSENT OR DISAPPROBATION IN EXPRESS TERMS-MERE CONSUMMATION DOES NOT PUT AN END TO RIGHT-CONSUMMATION_1,to be effective -OPTION OF PUBERTY-MINOR GIRL RETAINS OPTION TILL AGE OF 18-RIGHT OF ANNULMENT CONTINUES UNTIL SHE EXPRESSES HER CONSENT OR DISAPPROBATION IN EXPRESS TERMS-MERE CONSUMMATION DOES NOT PUT AN END TO RIGHT-CONSUMMATION 1,Remarriage Before Age Of 18 Or Institution Of Suit For Dissolution,Court of Record,,18,headnote_only,order_text,unknown
to be effective_MUHAMMADAN LAW -OPTION OF PUBERTY-MINOR GIRL RETAINS OPTION TILL AGE OF 18-RIGHT OF ANNULMENT CONTINUES UNTIL SHE EXPRESSES HER CONSENT OR DISAPPROBATION IN EXPRESS TERMS-MERE CONSUMMATION DOES NOT PUT AN END TO RIGHT-CONSUMMATION_1,to be effective MUHAMMADAN LAW -OPTION OF PUBERTY-MINOR GIRL RETAINS OPTION TILL AGE OF 18-RIGHT OF ANNULMENT CONTINUES UNTIL SHE EXPRESSES HER CONSENT OR DISAPPROBATION IN EXPRESS TERMS-MERE CONSUMMATION DOES NOT PUT AN END TO RIGHT-CONSUMMATION 1,Remarriage Before Age Of 18 Or Institution Of Suit For Dissolution,Court of Record,,18,headnote_only,order_text,unknown
1949_ARBITRATION ACT 1940 SS. 20 & 39 READ WITH AZAD JAMMU & KASHMIR COURTS AND LAWS CODE_1,1949 ARBITRATION ACT 1940 SS. 20 & 39 READ WITH AZAD JAMMU & KASHMIR COURTS AND LAWS CODE 1,Arbitration Act,Court of Record,1949-01-01,6,headnote_only,order_text,unknown
1949_SS. 20 & 39 READ WITH AZAD JAMMU & KASHMIR COURTS AND LAWS CODE_1,1949 SS. 20 & 39 READ WITH AZAD JAMMU & KASHMIR COURTS AND LAWS CODE 1,Arbitration Act,Court of Record,1949-01-01,6,headnote_only,order_text,unknown
under S. 118_CRIMINAL PROCEDURE CODE (CR.P.C) SS. 118 & 122-MAGISTRATE DEMANDING_1,under S. 118 CRIMINAL PROCEDURE CODE (CR.P.C) SS. 118 & 122-MAGISTRATE DEMANDING 1,Held,Court of Record,,21,headnote_only,order_text,unknown
under S. 118_SS. 118 & 122-MAGISTRATE DEMANDING_1,under S. 118 SS. 118 & 122-MAGISTRATE DEMANDING 1,Held,Court of Record,,21,headnote_only,order_text,unknown
Exception 1-Grave and sudden provocation-Accused finding his sister in sexual intimacy with a stranger_PAKISTAN PENAL CODE S. 300_1,Exception 1-Grave and sudden provocation-Accused finding his sister in sexual intimacy with a stranger PAKISTAN PENAL CODE S. 300 1,His Cousin-Benefit Of Grave And Sudden Provocation Given To Accused,Court of Record,,4,headnote_only,order_text,unknown
rr. 2 & 3 Application-Plaintiff not only failing to deposit 1/5th of purchase price in pre-emption suit but also defaulting in appearance on adjourned date of hearing-Suit dismissed in consequence Case_CIVIL PROCEDURE CODE --ORDER XVII OF C.P.C. ADJOURNMENTS O. XVII_1,rr. 2 & 3 Application-Plaintiff not only failing to deposit 1/5th of purchase price in pre-emption suit but also defaulting in appearance on adjourned date of hearing-Suit dismissed in consequence Case CIVIL PROCEDURE CODE --ORDER XVII OF C.P.C. ADJOURNMENTS O. XVII 1,Falls Under Both R. 2 And R. 3-Rule 3 Being Stringent,Court of Record,,14,headnote_only,order_text,unknown
rr. 2 & 3 Application-Plaintiff not only failing to deposit 1/5th of purchase price in pre-emption suit but also defaulting in appearance on adjourned date of hearing-Suit dismissed in consequence Case_O. XVII_1,rr. 2 & 3 Application-Plaintiff not only failing to deposit 1/5th of purchase price in pre-emption suit but also defaulting in appearance on adjourned date of hearing-Suit dismissed in consequence Case O. XVII 1,Falls Under Both R. 2 And R. 3-Rule 3 Being Stringent,Court of Record,,14,headnote_only,order_text,unknown
r. 20_O. V_1,r. 20 O. V 1,R. 13 And Limitation Act (Ix Of 1908),Court of Record,,33,headnote_only,order_text,unknown
r. 20_CIVIL PROCEDURE CODE --ORDER V OF C.P.C. ISSUES AND SERVICE OF SUMMONS O. V_1,r. 20 CIVIL PROCEDURE CODE --ORDER V OF C.P.C. ISSUES AND SERVICE OF SUMMONS O. V 1,R. 13 And Limitation Act (Ix Of 1908),Court of Record,,33,headnote_only,order_text,unknown
1965_PLD_24,1965 PLD 24,Boota v. Mehraj Begum Etc -  West-Pakistan-Board-Of-Revenue,Court of Record,1965-01-01,119,headnote_only,order_text,unknown
in case of all convicts_S. 57-TRANSPORTATION FOR LIFE EQUIVALENT TO TRANSPORTATION FOR 20 YEARS-PROVINCIAL GOVERNMENT DIRECTING THAT SENTENCES OF TRANSPORTATION FOR LIFE_1,in case of all convicts S. 57-TRANSPORTATION FOR LIFE EQUIVALENT TO TRANSPORTATION FOR 20 YEARS-PROVINCIAL GOVERNMENT DIRECTING THAT SENTENCES OF TRANSPORTATION FOR LIFE 1,Would Be Considered As 14 Years' Rigorous Imprisonment,Court of Record,,35,headnote_only,order_text,unknown
r. 10-Parties to case-Only one_CIVIL PROCEDURE CODE --ORDER I OF C.P.C. PARTIES TO SUITS -----O. 1_1,r. 10-Parties to case-Only one CIVIL PROCEDURE CODE --ORDER I OF C.P.C. PARTIES TO SUITS -----O. 1 1,Filing Revision Before Additional Commissioner,Court of Record,,16,headnote_only,order_text,unknown
in case of all convicts_PAKISTAN PENAL CODE S. 57-TRANSPORTATION FOR LIFE EQUIVALENT TO TRANSPORTATION FOR 20 YEARS-PROVINCIAL GOVERNMENT DIRECTING THAT SENTENCES OF TRANSPORTATION FOR LIFE_1,in case of all convicts PAKISTAN PENAL CODE S. 57-TRANSPORTATION FOR LIFE EQUIVALENT TO TRANSPORTATION FOR 20 YEARS-PROVINCIAL GOVERNMENT DIRECTING THAT SENTENCES OF TRANSPORTATION FOR LIFE 1,Would Be Considered As 14 Years' Rigorous Imprisonment,Court of Record,,35,headnote_only,order_text,unknown
right of-Reasonable apprehension of death or grievous hurt Aggressive attack by several armed persons-Blows given in defence cannot be weighed in golden scales-Accused on being attacked by several assailants_PAKISTAN PENAL CODE S. 100-PRIVATE DEFENCE_1,right of-Reasonable apprehension of death or grievous hurt Aggressive attack by several armed persons-Blows given in defence cannot be weighed in golden scales-Accused on being attacked by several assailants PAKISTAN PENAL CODE S. 100-PRIVATE DEFENCE 1,Held,Court of Record,,7,headnote_only,order_text,unknown
right of-Reasonable apprehension of death or grievous hurt Aggressive attack by several armed persons-Blows given in defence cannot be weighed in golden scales-Accused on being attacked by several assailants_S. 100-PRIVATE DEFENCE_1,right of-Reasonable apprehension of death or grievous hurt Aggressive attack by several armed persons-Blows given in defence cannot be weighed in golden scales-Accused on being attacked by several assailants S. 100-PRIVATE DEFENCE 1,Held,Court of Record,,7,headnote_only,order_text,unknown
Ss. 4 & 25-Evacuee land acquired by Government under S. 4 (3)_S. 18 & DISPLACED PERSONS (LAND SETTLEMENT) ACT (XLVII OF 1958)_1,Ss. 4 & 25-Evacuee land acquired by Government under S. 4 (3) S. 18 & DISPLACED PERSONS (LAND SETTLEMENT) ACT (XLVII OF 1958) 1,1958-Continues,Court of Record,,3,headnote_only,order_text,unknown
Ss. 4 & 25-Evacuee land acquired by Government under S. 4 (3)_PAKISTAN REHABILITATION ACT 1956 S. 18 & DISPLACED PERSONS (LAND SETTLEMENT) ACT (XLVII OF 1958)_1,Ss. 4 & 25-Evacuee land acquired by Government under S. 4 (3) PAKISTAN REHABILITATION ACT 1956 S. 18 & DISPLACED PERSONS (LAND SETTLEMENT) ACT (XLVII OF 1958) 1,1958-Continues,Court of Record,,3,headnote_only,order_text,unknown
Arts. 182 (3) (a) & 170-Government servants working under Central Government_ARTS. 178 (3) (A) & 98 AND CONSTITUTION OF PAKISTAN (1956)_1,Arts. 182 (3) (a) & 170-Government servants working under Central Government ARTS. 178 (3) (A) & 98 AND CONSTITUTION OF PAKISTAN (1956) 1,By Government,Court of Record,,7,headnote_only,order_text,unknown
Arts. 182 (3) (a) & 170-Government servants working under Central Government_CONSTITUTION OF PAKISTAN 1962 ARTS. 178 (3) (A) & 98 AND CONSTITUTION OF PAKISTAN (1956)_1,Arts. 182 (3) (a) & 170-Government servants working under Central Government CONSTITUTION OF PAKISTAN 1962 ARTS. 178 (3) (A) & 98 AND CONSTITUTION OF PAKISTAN (1956) 1,By Government,Court of Record,,7,headnote_only,order_text,unknown
"contradictory to each other_S. 302-CIRCUMSTANTIAL EVIDENCE-SUFFICIENCY FOR CONVICTION - TEST-FACTS FROM WHICH INFERENCES ADVERSE TO ACCUSED ARE SOUGHT TO BE DRAWN MUST BE """"WELL-AUTHENTICATED""""-SUCH FACTS_1","contradictory to each other S. 302-CIRCUMSTANTIAL EVIDENCE-SUFFICIENCY FOR CONVICTION - TEST-FACTS FROM WHICH INFERENCES ADVERSE TO ACCUSED ARE SOUGHT TO BE DRAWN MUST BE """"WELL-AUTHENTICATED""""-SUCH FACTS 1",And To Condition Of Dead Body-Conviction Set Aside And Accused Acquitted,Court of Record,,16,headnote_only,order_text,unknown
"contradictory to each other_PAKISTAN PENAL CODE S. 302-CIRCUMSTANTIAL EVIDENCE-SUFFICIENCY FOR CONVICTION - TEST-FACTS FROM WHICH INFERENCES ADVERSE TO ACCUSED ARE SOUGHT TO BE DRAWN MUST BE """"WELL-AUTHENTICATED""""-SUCH FACTS_1","contradictory to each other PAKISTAN PENAL CODE S. 302-CIRCUMSTANTIAL EVIDENCE-SUFFICIENCY FOR CONVICTION - TEST-FACTS FROM WHICH INFERENCES ADVERSE TO ACCUSED ARE SOUGHT TO BE DRAWN MUST BE """"WELL-AUTHENTICATED""""-SUCH FACTS 1",And To Condition Of Dead Body-Conviction Set Aside And Accused Acquitted,Court of Record,,16,headnote_only,order_text,unknown
held_MUTATION ----(EXCHANGE OF LAND BETWEEN A AND B)-A GETTING MUTATION OF HIS OWN LAND SANCTIONED IN FAVOUR OF B-B DELAYING FOR A YEAR MUTATION OF HIS OWN LAND IN FAVOUR OF A-A APPEALING TO GET HIS MUTATION CANCELLED-B'S BROTHER (BUT NOT B HIMSELF) AFTER INSTITUTION OF A'S APPEAL GETTING A MUTATION SANCTIONED IN FAVOUR OF A-SUCH MUTATION INITIATED BY BROTHER OF B_1,held MUTATION ----(EXCHANGE OF LAND BETWEEN A AND B)-A GETTING MUTATION OF HIS OWN LAND SANCTIONED IN FAVOUR OF B-B DELAYING FOR A YEAR MUTATION OF HIS OWN LAND IN FAVOUR OF A-A APPEALING TO GET HIS MUTATION CANCELLED-B'S BROTHER (BUT NOT B HIMSELF) AFTER INSTITUTION OF A'S APPEAL GETTING A MUTATION SANCTIONED IN FAVOUR OF A-SUCH MUTATION INITIATED BY BROTHER OF B 1,No Power Of Attorney Having Been Produced By B'S Brother Collector’S Order On A'S Appeal Directing Parties To Revert To Their Original Positions Confirmed By Additional Commissioner Concurrent Orders,Court of Record,,5,headnote_only,order_text,unknown
whether sale did not contravene provisions of West Pakistan Land Reforms Regulation [ (C. M. L. A's.) No. 64]-Revenue Officer reviewing mutation simply rejecting same_MUTATION -----SALE OF 6/7TH SHARE OF A KHASRA NO. FROM M TO D--MUTATION SANCTIONED-COLLECTOR ON INSPECTION REPORT OF REVENUE ASSISTANT ALLOWING REVIEW FOR FINDING OUT WHETHER D WAS AN OWNER IN ESTATE AS WELL AS_1,whether sale did not contravene provisions of West Pakistan Land Reforms Regulation [ (C. M. L. A's.) No. 64]-Revenue Officer reviewing mutation simply rejecting same MUTATION -----SALE OF 6/7TH SHARE OF A KHASRA NO. FROM M TO D--MUTATION SANCTIONED-COLLECTOR ON INSPECTION REPORT OF REVENUE ASSISTANT ALLOWING REVIEW FOR FINDING OUT WHETHER D WAS AN OWNER IN ESTATE AS WELL AS 1,On Basis Of Statement Of M That He Had Not Made The Sale To D--M Subsequently,Court of Record,,12,headnote_only,order_text,unknown
(c) read with Ss. 11 & 23Settlement Scheme No. I_S. 16(1) (B)_1,(c) read with Ss. 11 & 23Settlement Scheme No. I S. 16(1) (B) 1,Para. 2 Limiting Date For Submission Of Applications For Transfer Of Houses,Court of Record,,100,headnote_only,order_text,unknown
(c) read with Ss. 11 & 23Settlement Scheme No. I_DISPLACED PERSONS (COMPENSATION AND REHABILITATION) ACT 1958 S. 16(1) (B)_1,(c) read with Ss. 11 & 23Settlement Scheme No. I DISPLACED PERSONS (COMPENSATION AND REHABILITATION) ACT 1958 S. 16(1) (B) 1,Para. 2 Limiting Date For Submission Of Applications For Transfer Of Houses,Court of Record,,100,headnote_only,order_text,unknown
"para. 1 read with S. 2 (b)-Transfer of house-""""Claimant"""" in """"possession"""" preferred to """"claimant"""" seeking transfer through """"possession"""" of parent_DISPLACED PERSONS (COMPENSATION AND REHABILITATION) ACT 1958 SCHEDULE_1","para. 1 read with S. 2 (b)-Transfer of house-""""Claimant"""" in """"possession"""" preferred to """"claimant"""" seeking transfer through """"possession"""" of parent DISPLACED PERSONS (COMPENSATION AND REHABILITATION) ACT 1958 SCHEDULE 1",Daughter Or Spouse-Manual Of Settlement Law And Procedure,Court of Record,,21,headnote_only,order_text,unknown
held_PUNJAB LAND REVENUE ACT 1887 -----S. 15 (1) (A) (II)--COLLECTOR'S ORDER REGARDING CHANGE OF SITE OF WATERCOURSE IRRIGATING PARTICULAR KHASRA NO. NOT APPEALED AGAINST-COLLECTOR SUBSEQUENTLY CANCELLING HIS ORDER AFTER ORDERING FURTHER ENQUIRY-COLLECTOR_1,held PUNJAB LAND REVENUE ACT 1887 -----S. 15 (1) (A) (II)--COLLECTOR'S ORDER REGARDING CHANGE OF SITE OF WATERCOURSE IRRIGATING PARTICULAR KHASRA NO. NOT APPEALED AGAINST-COLLECTOR SUBSEQUENTLY CANCELLING HIS ORDER AFTER ORDERING FURTHER ENQUIRY-COLLECTOR 1,Held,Court of Record,,13,headnote_only,order_text,unknown
Pakistan Penal Code 1860--300_PAKISTAN PENAL CODE 1860--100_1,Pakistan Penal Code 1860--300 PAKISTAN PENAL CODE 1860--100 1,Pakistan Penal Code 1860--307,Court of Record,,4,headnote_only,order_text,unknown
9 & 14-Application for appointment of guardian instituted in Court not having jurisdiction - Neither provision of S. 14_SS. 25_1,9 & 14-Application for appointment of guardian instituted in Court not having jurisdiction - Neither provision of S. 14 SS. 25 1,Nor That Of S. 21,Court of Record,,6,headnote_only,order_text,unknown
9 & 14-Application for appointment of guardian instituted in Court not having jurisdiction - Neither provision of S. 14_GUARDIANS AND WARDS ACT 1890 SS. 25_1,9 & 14-Application for appointment of guardian instituted in Court not having jurisdiction - Neither provision of S. 14 GUARDIANS AND WARDS ACT 1890 SS. 25 1,Nor That Of S. 21,Court of Record,,6,headnote_only,order_text,unknown
"in circumstances of case_SS. 496 & 514--BAIL-BONDS EXECUTED IN FAVOUR OF """"H. E. THE GOVERNOR-GENERAL"""" WHEN IN FACT SUCH OFFICE DID NOT EXIST-FORFEITURE OF BOND_1","in circumstances of case SS. 496 & 514--BAIL-BONDS EXECUTED IN FAVOUR OF """"H. E. THE GOVERNOR-GENERAL"""" WHEN IN FACT SUCH OFFICE DID NOT EXIST-FORFEITURE OF BOND 1",Held,Court of Record,,16,headnote_only,order_text,unknown
"in circumstances of case_CRIMINAL PROCEDURE CODE (CR.P.C) SS. 496 & 514--BAIL-BONDS EXECUTED IN FAVOUR OF """"H. E. THE GOVERNOR-GENERAL"""" WHEN IN FACT SUCH OFFICE DID NOT EXIST-FORFEITURE OF BOND_1","in circumstances of case CRIMINAL PROCEDURE CODE (CR.P.C) SS. 496 & 514--BAIL-BONDS EXECUTED IN FAVOUR OF """"H. E. THE GOVERNOR-GENERAL"""" WHEN IN FACT SUCH OFFICE DID NOT EXIST-FORFEITURE OF BOND 1",Held,Court of Record,,16,headnote_only,order_text,unknown
by University Authorities_ART. 98-NATURAL JUSTICE EXPULSION OF STUDENT_1,by University Authorities ART. 98-NATURAL JUSTICE EXPULSION OF STUDENT 1,Misconduct,Court of Record,,67,headnote_only,order_text,unknown
O. XXIX_CIVIL PROCEDURE CODE --ORDER I OF C.P.C. PARTIES TO SUITS R. 9-CLUB REGISTERED UNDER COMPANIES ACT (VII OF 1913)-MAY BE SUED AGAINST IN CLUB'S NAME THROUGH SECRETARY-PRESIDENT OR MEMBERS OF MANAGING COMMITTEE NOT NECESSARY OR PROPER PARTIES-CIVIL PROCEDURE CODE (V OF 1908)_1,O. XXIX CIVIL PROCEDURE CODE --ORDER I OF C.P.C. PARTIES TO SUITS R. 9-CLUB REGISTERED UNDER COMPANIES ACT (VII OF 1913)-MAY BE SUED AGAINST IN CLUB'S NAME THROUGH SECRETARY-PRESIDENT OR MEMBERS OF MANAGING COMMITTEE NOT NECESSARY OR PROPER PARTIES-CIVIL PROCEDURE CODE (V OF 1908) 1,S. 38Fratan Lal,Court of Record,,47,headnote_only,order_text,unknown
O. XXIX_R. 9-CLUB REGISTERED UNDER COMPANIES ACT (VII OF 1913)-MAY BE SUED AGAINST IN CLUB'S NAME THROUGH SECRETARY-PRESIDENT OR MEMBERS OF MANAGING COMMITTEE NOT NECESSARY OR PROPER PARTIES-CIVIL PROCEDURE CODE (V OF 1908)_1,O. XXIX R. 9-CLUB REGISTERED UNDER COMPANIES ACT (VII OF 1913)-MAY BE SUED AGAINST IN CLUB'S NAME THROUGH SECRETARY-PRESIDENT OR MEMBERS OF MANAGING COMMITTEE NOT NECESSARY OR PROPER PARTIES-CIVIL PROCEDURE CODE (V OF 1908) 1,S. 38Fratan Lal,Court of Record,,16,headnote_only,order_text,unknown
Art. 6_S. 3 READ WITH CONSTITUTION OF PAKISTAN (1962)_1,Art. 6 S. 3 READ WITH CONSTITUTION OF PAKISTAN (1962) 1,(1 Of 1964)]-Preventive Detention-Embargo Contained In Fundamental Right No. 2 (4),Court of Record,,81,headnote_only,order_text,unknown
Art. 6_WEST PAKISTAN MAINTENANCE OF PUBLIC ORDER ORDINANCE 1960 S. 3 READ WITH CONSTITUTION OF PAKISTAN (1962)_1,Art. 6 WEST PAKISTAN MAINTENANCE OF PUBLIC ORDER ORDINANCE 1960 S. 3 READ WITH CONSTITUTION OF PAKISTAN (1962) 1,(1 Of 1964)]-Preventive Detention-Embargo Contained In Fundamental Right No. 2 (4),Court of Record,,81,headnote_only,order_text,unknown
tending to bring amount of special allowance_S. 66-BONA FIDES OF CERTAIN AGREEMENT BETWEEN ASSESSEE'S EMPLOYEES AND ASSESSEE_1,tending to bring amount of special allowance S. 66-BONA FIDES OF CERTAIN AGREEMENT BETWEEN ASSESSEE'S EMPLOYEES AND ASSESSEE 1,Within Purview Of S. 4 (3) (Vi),Court of Record,,5,headnote_only,order_text,unknown
1965_PLD_115,1965 PLD 115,Muhammad Abdul Manaf v. Province Of East Pakistan -  Dhaka,Court of Record,1965-01-01,120,headnote_only,order_text,unknown
notwithstanding existence of a Rule (in Rules framed by High Court for the purpose) contrary to provisions of S. 108(2) or in absence of arty Rule-Power remains intact in spite all subsequent constitutional changes-Chief Justice competent to constitute Bench office Judges to hear and dispose of petition under Art. 98_S. 108(2)-POWER OF CHIEF JUSTICE TO CONSTITUTE BENCH OF AS MANY JUDGES AS HE THINKS PROPER-UNFETTERED_1,notwithstanding existence of a Rule (in Rules framed by High Court for the purpose) contrary to provisions of S. 108(2) or in absence of arty Rule-Power remains intact in spite all subsequent constitutional changes-Chief Justice competent to constitute Bench office Judges to hear and dispose of petition under Art. 98 S. 108(2)-POWER OF CHIEF JUSTICE TO CONSTITUTE BENCH OF AS MANY JUDGES AS HE THINKS PROPER-UNFETTERED 1,1935,Court of Record,,10,headnote_only,order_text,unknown
S. 30-Notice under S. 30_S. 13 AND DISPLACED PERSONS (COMPENSATION AND REHABILITATION) ACT (XXVIII OF 1958)_1,S. 30-Notice under S. 30 S. 13 AND DISPLACED PERSONS (COMPENSATION AND REHABILITATION) ACT (XXVIII OF 1958) 1,1958,Court of Record,,12,headnote_only,order_text,unknown
S. 30-Notice under S. 30_WEST PAKISTAN URBAN RENT RESTRICTION ORDINANCE 1959 S. 13 AND DISPLACED PERSONS (COMPENSATION AND REHABILITATION) ACT (XXVIII OF 1958)_1,S. 30-Notice under S. 30 WEST PAKISTAN URBAN RENT RESTRICTION ORDINANCE 1959 S. 13 AND DISPLACED PERSONS (COMPENSATION AND REHABILITATION) ACT (XXVIII OF 1958) 1,1958,Court of Record,,12,headnote_only,order_text,unknown
1962_S. 5 (2) READ WITH WEST PAKISTAN CONCILIATION COURTS RULES_1,1962 S. 5 (2) READ WITH WEST PAKISTAN CONCILIATION COURTS RULES 1,In Such Case,Court of Record,1962-01-01,3,headnote_only,order_text,unknown
"""""totally inconsistent with safe dispensation of justice""""-Accepting such statement on considerations of opinions expressed in precedent cases regarding similar declarations_EVIDENCE ACT 1872 S. 32 - DYING DECLARATION CREDIBILITY-BELIEVING OR DISBELIEVING WITNESS IS QUESTION MERELY OF """"ORDINARY HUMAN JUDGMENT""""-AIDS TO FORMATION OF SUCH JUDGMENT NOT AVAILABLE IN CASE OF DYING DECLARATIONS-TO ACCEPT SUCH STATEMENT WITHOUT CONSIDERING """"SURROUNDING CIRCUMSTANCES""""_1","""""totally inconsistent with safe dispensation of justice""""-Accepting such statement on considerations of opinions expressed in precedent cases regarding similar declarations EVIDENCE ACT 1872 S. 32 - DYING DECLARATION CREDIBILITY-BELIEVING OR DISBELIEVING WITNESS IS QUESTION MERELY OF """"ORDINARY HUMAN JUDGMENT""""-AIDS TO FORMATION OF SUCH JUDGMENT NOT AVAILABLE IN CASE OF DYING DECLARATIONS-TO ACCEPT SUCH STATEMENT WITHOUT CONSIDERING """"SURROUNDING CIRCUMSTANCES"""" 1",Held,Court of Record,,6,headnote_only,order_text,unknown
6(2)_ARTS. 2_1,6(2) ARTS. 2 1,"""""Except That Vested In It By Law""""-Article 2",Court of Record,,16,headnote_only,order_text,unknown
6(2)_CONSTITUTION OF PAKISTAN 1962 ARTS. 2_1,6(2) CONSTITUTION OF PAKISTAN 1962 ARTS. 2 1,"""""Except That Vested In It By Law""""-Article 2",Court of Record,,16,headnote_only,order_text,unknown
Ch. 3-B_HIGH COURT (LAHORE) RULES AND ORDERS VOL. V_1,Ch. 3-B HIGH COURT (LAHORE) RULES AND ORDERS VOL. V 1,In Circumstances,Court of Record,,10,headnote_only,order_text,unknown
Ss. 109 & 149-Offence under section 109_S. 3 & FIRST SCH. READ WITH PAKISTAN PENAL CODE (XLV OF 1860)_1,Ss. 109 & 149-Offence under section 109 S. 3 & FIRST SCH. READ WITH PAKISTAN PENAL CODE (XLV OF 1860) 1,P. P. C. Inclusion Of S. 149,Court of Record,,7,headnote_only,order_text,unknown
Ss. 109 & 149-Offence under section 109_WEST PAKISTAN CRIMINAL LAW (AMENDMENT) ACT 1963 S. 3 & FIRST SCH. READ WITH PAKISTAN PENAL CODE (XLV OF 1860)_1,Ss. 109 & 149-Offence under section 109 WEST PAKISTAN CRIMINAL LAW (AMENDMENT) ACT 1963 S. 3 & FIRST SCH. READ WITH PAKISTAN PENAL CODE (XLV OF 1860) 1,P. P. C. Inclusion Of S. 149,Court of Record,,7,headnote_only,order_text,unknown
plea_CODE OF CIVIL PROCEDURE 1908 S. 11 - RES JUDICATA APPLICABILITY OF PRINCIPLE DEPENDS UPON NECESSITY OF GIVING FINALITY TO LITIGATION IN CASES WHERE THERE IS NO STATUTORY PROVISION BARRING RE-OPENING OF A MATTER-PRINCIPLE APPLICABLE WITH LIMITATION AND NOT WITH SAME STRICTNESS AS IN DISPUTES OF CIVIL NATURE-INCOME-TAX OFFICER NOT A TRIBUNAL WHICH DECIDES A QUESTION BETWEEN ASSESSEE AND INCOME-TAX COMMISSIONER-ACCEPTANCE BY INCOME-TAX OFFICER OF ASSESSEE'S EXPLANATION_1,plea CODE OF CIVIL PROCEDURE 1908 S. 11 - RES JUDICATA APPLICABILITY OF PRINCIPLE DEPENDS UPON NECESSITY OF GIVING FINALITY TO LITIGATION IN CASES WHERE THERE IS NO STATUTORY PROVISION BARRING RE-OPENING OF A MATTER-PRINCIPLE APPLICABLE WITH LIMITATION AND NOT WITH SAME STRICTNESS AS IN DISPUTES OF CIVIL NATURE-INCOME-TAX OFFICER NOT A TRIBUNAL WHICH DECIDES A QUESTION BETWEEN ASSESSEE AND INCOME-TAX COMMISSIONER-ACCEPTANCE BY INCOME-TAX OFFICER OF ASSESSEE'S EXPLANATION 1,"Though In One Sense A """"Decision""""",Court of Record,,7,headnote_only,order_text,unknown
under S. 526_CONSTITUTION OF PAKISTAN 1962 ART. 58-LEAVE TO APPEAL TO SUPREME COURT-GRANTED TO CONSIDER WHETHER AN ORDER OF TRANSFER COULD_1,under S. 526 CONSTITUTION OF PAKISTAN 1962 ART. 58-LEAVE TO APPEAL TO SUPREME COURT-GRANTED TO CONSIDER WHETHER AN ORDER OF TRANSFER COULD 1,Be Made In His Administrative Capacity By Acting Chief Justice Of High Court Thereby Withdrawing A Criminal Appeal From Court Of Session To High Court; Whether By Adopting Such Procedure,Court of Record,,5,headnote_only,order_text,unknown
"Penal Code (XLV of 1860)_SS. 439 & 526 READ WITH S. 417-REVISION BY PRIVATE PARTY AGAINST APPELLATE ORDER OF ACQUITTAL IN CASE OF """"TRIVIAL"""" NATURE UNDER SS. 323 & 426_1","Penal Code (XLV of 1860) SS. 439 & 526 READ WITH S. 417-REVISION BY PRIVATE PARTY AGAINST APPELLATE ORDER OF ACQUITTAL IN CASE OF """"TRIVIAL"""" NATURE UNDER SS. 323 & 426 1","But """"Immediately"""" By A """"Further"""" Order",Court of Record,,10,headnote_only,order_text,unknown
"Penal Code (XLV of 1860)_CRIMINAL PROCEDURE CODE (CR.P.C) SS. 439 & 526 READ WITH S. 417-REVISION BY PRIVATE PARTY AGAINST APPELLATE ORDER OF ACQUITTAL IN CASE OF """"TRIVIAL"""" NATURE UNDER SS. 323 & 426_1","Penal Code (XLV of 1860) CRIMINAL PROCEDURE CODE (CR.P.C) SS. 439 & 526 READ WITH S. 417-REVISION BY PRIVATE PARTY AGAINST APPELLATE ORDER OF ACQUITTAL IN CASE OF """"TRIVIAL"""" NATURE UNDER SS. 323 & 426 1","But """"Immediately"""" By A """"Further"""" Order",Court of Record,,10,headnote_only,order_text,unknown
under S. 526_ART. 58-LEAVE TO APPEAL TO SUPREME COURT-GRANTED TO CONSIDER WHETHER AN ORDER OF TRANSFER COULD_1,under S. 526 ART. 58-LEAVE TO APPEAL TO SUPREME COURT-GRANTED TO CONSIDER WHETHER AN ORDER OF TRANSFER COULD 1,Be Made In His Administrative Capacity By Acting Chief Justice Of High Court Thereby Withdrawing A Criminal Appeal From Court Of Session To High Court; Whether By Adopting Such Procedure,Court of Record,,5,headnote_only,order_text,unknown
S. 141 and O. XLVII_CODE OF CIVIL PROCEDURE 1908 S. 48 READ WITH CIVIL PROCEDURE CODE (V OF 1908)_1,S. 141 and O. XLVII CODE OF CIVIL PROCEDURE 1908 S. 48 READ WITH CIVIL PROCEDURE CODE (V OF 1908) 1,E.G.,Court of Record,,25,headnote_only,order_text,unknown
S. 141 and O. XLVII_S. 48 READ WITH CIVIL PROCEDURE CODE (V OF 1908)_1,S. 141 and O. XLVII S. 48 READ WITH CIVIL PROCEDURE CODE (V OF 1908) 1,E.G.,Court of Record,,25,headnote_only,order_text,unknown
S. 141 and O. XLVII_GUARDIANS AND WARDS ACT 1890 S. 48 READ WITH CIVIL PROCEDURE CODE (V OF 1908)_1,S. 141 and O. XLVII GUARDIANS AND WARDS ACT 1890 S. 48 READ WITH CIVIL PROCEDURE CODE (V OF 1908) 1,E.G.,Court of Record,,25,headnote_only,order_text,unknown
entitled to custody (hizanat) of minor children_CRIMINAL PROCEDURE CODE (CR.P.C) CRIMINAL PROCEDURE CODE (V OF 1898)-------S. 488-MAINTENANCE OF CHILDREN-WIFE_1,entitled to custody (hizanat) of minor children CRIMINAL PROCEDURE CODE (CR.P.C) CRIMINAL PROCEDURE CODE (V OF 1898)-------S. 488-MAINTENANCE OF CHILDREN-WIFE 1,Nevertheless,Court of Record,,11,headnote_only,order_text,unknown
S. 49-Oral agreement of lease accompanied by possession-Document_TRANSFER OF PROPERTY ACT 1882 S. 107 AND REGISTRATION ACT (XVI OF 1908)_1,S. 49-Oral agreement of lease accompanied by possession-Document TRANSFER OF PROPERTY ACT 1882 S. 107 AND REGISTRATION ACT (XVI OF 1908) 1,In Nature Of Mere Memo. Reciting Terms Already Agreed Upon Document Held,Court of Record,,13,headnote_only,order_text,unknown
mere fact that judgment of civil Court in such case not binding on criminal Court-No ground for refusing to stay criminal proceedings-Court_CRIMINAL PROCEDURE CODE (CR.P.C) S. 344-POSTPONEMENT OF CRIMINAL PROCEEDINGS-RULE OF PRUDENCE AND NOT RULE OF LAW-MERE FACT THAT CONCURRENT PROCEEDINGS ON SAME GROUNDS AND BETWEEN SAME PARTIES PENDING IN CIVIL COURT AS WELL-NO GROUND FOR STAYING CRIMINAL PROCEEDINGS-SIMILARLY_1,mere fact that judgment of civil Court in such case not binding on criminal Court-No ground for refusing to stay criminal proceedings-Court CRIMINAL PROCEDURE CODE (CR.P.C) S. 344-POSTPONEMENT OF CRIMINAL PROCEEDINGS-RULE OF PRUDENCE AND NOT RULE OF LAW-MERE FACT THAT CONCURRENT PROCEEDINGS ON SAME GROUNDS AND BETWEEN SAME PARTIES PENDING IN CIVIL COURT AS WELL-NO GROUND FOR STAYING CRIMINAL PROCEEDINGS-SIMILARLY 1,Competent To Stay Proceedings Upon Reasonable Ground-What Constitutes Reasonable Ground,Court of Record,,24,headnote_only,order_text,unknown
41_EVIDENCE ACT 1872 SS. 40_1,41 EVIDENCE ACT 1872 SS. 40 1,Of Civil Court And Findings Thereon,Court of Record,,5,headnote_only,order_text,unknown
"Exception 1-""""Grave and sudden provocation""""-Accused convicted of murder of her sister along with her paramour-Accused_PAKISTAN PENAL CODE S. 300_1","Exception 1-""""Grave and sudden provocation""""-Accused convicted of murder of her sister along with her paramour-Accused PAKISTAN PENAL CODE S. 300 1",Going Outside,Court of Record,,5,headnote_only,order_text,unknown
mere fact that judgment of civil Court in such case not binding on criminal Court-No ground for refusing to stay criminal proceedings-Court_S. 344-POSTPONEMENT OF CRIMINAL PROCEEDINGS-RULE OF PRUDENCE AND NOT RULE OF LAW-MERE FACT THAT CONCURRENT PROCEEDINGS ON SAME GROUNDS AND BETWEEN SAME PARTIES PENDING IN CIVIL COURT AS WELL-NO GROUND FOR STAYING CRIMINAL PROCEEDINGS-SIMILARLY_1,mere fact that judgment of civil Court in such case not binding on criminal Court-No ground for refusing to stay criminal proceedings-Court S. 344-POSTPONEMENT OF CRIMINAL PROCEEDINGS-RULE OF PRUDENCE AND NOT RULE OF LAW-MERE FACT THAT CONCURRENT PROCEEDINGS ON SAME GROUNDS AND BETWEEN SAME PARTIES PENDING IN CIVIL COURT AS WELL-NO GROUND FOR STAYING CRIMINAL PROCEEDINGS-SIMILARLY 1,Competent To Stay Proceedings Upon Reasonable Ground-What Constitutes Reasonable Ground,Court of Record,,24,headnote_only,order_text,unknown
"on grounds listed it subsection (1) of S. 257-Grounds for refusal : vexation ; delay or defeating ends of justice-Magistrate refusing to summon defence witnesses holding that summoning them would convert Court into political arena-Refusal_S. 257-WORD """"SHALL""""-INCUMBENT ON MAGISTRATE TO SUMMON WITNESSES CITED BY AND AT INSTANCE OF ACCUSED EXCEPT_1","on grounds listed it subsection (1) of S. 257-Grounds for refusal : vexation ; delay or defeating ends of justice-Magistrate refusing to summon defence witnesses holding that summoning them would convert Court into political arena-Refusal S. 257-WORD """"SHALL""""-INCUMBENT ON MAGISTRATE TO SUMMON WITNESSES CITED BY AND AT INSTANCE OF ACCUSED EXCEPT 1",Not Justified-Accused Has Inalienable Right Of Summoning Defence Witnesses Irrespective Of Whether Witnesses Sought To Be Summoned Are Likely To Advance Defence Of Accused Or Not Conviction Without Affording Accused Opportunity To Examine Defence Evidence-Illegal,Court of Record,,18,headnote_only,order_text,unknown
Part 1-MurderAccused on chance encounter attacking deceased with lethal weapon on vital part of body without any provocation-Conviction should be under S. 302 and not under S. 304_SS. 302 & 304_1,Part 1-MurderAccused on chance encounter attacking deceased with lethal weapon on vital part of body without any provocation-Conviction should be under S. 302 and not under S. 304 SS. 302 & 304 1,However,Court of Record,,9,headnote_only,order_text,unknown
Part 1-MurderAccused on chance encounter attacking deceased with lethal weapon on vital part of body without any provocation-Conviction should be under S. 302 and not under S. 304_PAKISTAN PENAL CODE SS. 302 & 304_1,Part 1-MurderAccused on chance encounter attacking deceased with lethal weapon on vital part of body without any provocation-Conviction should be under S. 302 and not under S. 304 PAKISTAN PENAL CODE SS. 302 & 304 1,However,Court of Record,,9,headnote_only,order_text,unknown
4(6) read with Notification dated 19-12-60 published in Gazette of West Pakistan_WEST PAKISTAN URBAN RENT RESTRICTION ORDINANCE (VI OF 1959)----S_1,4(6) read with Notification dated 19-12-60 published in Gazette of West Pakistan WEST PAKISTAN URBAN RENT RESTRICTION ORDINANCE (VI OF 1959)----S 1,Ss. 2 & 3,Court of Record,,9,headnote_only,order_text,unknown
based on such compromise-Held_SS. 325 & 345-COMPROMISE-CONSENT OF COMPLAINANT-CASE INITIATED ON POLICE CHALLAN UNDER S. 325 COMPROMISE DEED NOT BEARING SIGNATURE OF COMPLAINANT-MAGISTRATES ORDER ACQUITTING ACCUSED_1,based on such compromise-Held SS. 325 & 345-COMPROMISE-CONSENT OF COMPLAINANT-CASE INITIATED ON POLICE CHALLAN UNDER S. 325 COMPROMISE DEED NOT BEARING SIGNATURE OF COMPLAINANT-MAGISTRATES ORDER ACQUITTING ACCUSED 1,Trial It,Court of Record,,3,headnote_only,order_text,unknown
based on such compromise-Held_CRIMINAL PROCEDURE CODE (CR.P.C) SS. 325 & 345-COMPROMISE-CONSENT OF COMPLAINANT-CASE INITIATED ON POLICE CHALLAN UNDER S. 325 COMPROMISE DEED NOT BEARING SIGNATURE OF COMPLAINANT-MAGISTRATES ORDER ACQUITTING ACCUSED_1,based on such compromise-Held CRIMINAL PROCEDURE CODE (CR.P.C) SS. 325 & 345-COMPROMISE-CONSENT OF COMPLAINANT-CASE INITIATED ON POLICE CHALLAN UNDER S. 325 COMPROMISE DEED NOT BEARING SIGNATURE OF COMPLAINANT-MAGISTRATES ORDER ACQUITTING ACCUSED 1,Trial It,Court of Record,,3,headnote_only,order_text,unknown
"5(1) & 5 (7)---Words """"any offence"""" in S. 6 (4)---Mean `any offence specified in the schedule'---Special Judge not competent_SS. 6(4)_1","5(1) & 5 (7)---Words """"any offence"""" in S. 6 (4)---Mean `any offence specified in the schedule'---Special Judge not competent SS. 6(4) 1",To Convict Accused Of Offence Not Specified In Schedule-Provisions Of S. 5 (7) Attracted Only When Offence Not Specified In Schedule Can,Court of Record,,7,headnote_only,order_text,unknown
"5(1) & 5 (7)---Words """"any offence"""" in S. 6 (4)---Mean `any offence specified in the schedule'---Special Judge not competent_PAKISTAN CRIMINAL LAW (AMENDMENT) ACT 1958 SS. 6(4)_1","5(1) & 5 (7)---Words """"any offence"""" in S. 6 (4)---Mean `any offence specified in the schedule'---Special Judge not competent PAKISTAN CRIMINAL LAW (AMENDMENT) ACT 1958 SS. 6(4) 1",To Convict Accused Of Offence Not Specified In Schedule-Provisions Of S. 5 (7) Attracted Only When Offence Not Specified In Schedule Can,Court of Record,,7,headnote_only,order_text,unknown
"1955-Claims Commissioner's power to revise after expiry of """"prescribed period""""-Can be exercised only if Claims Commissioner """"deems fit"""" [proviso to r. 6(2-A)]Claims Commissioner empowered to act beyond prescribed ninety days_S. 7 READ WITH R. 6 (2-A) PROVISO & REGISTRATION OF CLAIMS (DISPLACED PERSONS) RULES_1","1955-Claims Commissioner's power to revise after expiry of """"prescribed period""""-Can be exercised only if Claims Commissioner """"deems fit"""" [proviso to r. 6(2-A)]Claims Commissioner empowered to act beyond prescribed ninety days S. 7 READ WITH R. 6 (2-A) PROVISO & REGISTRATION OF CLAIMS (DISPLACED PERSONS) RULES 1",In The Order Passed In Revision,Court of Record,,32,headnote_only,order_text,unknown
"1955-Claims Commissioner's power to revise after expiry of """"prescribed period""""-Can be exercised only if Claims Commissioner """"deems fit"""" [proviso to r. 6(2-A)]Claims Commissioner empowered to act beyond prescribed ninety days_REGISTRATION OF CLAIMS (DISPLACED PERSONS) ACT 1956 S. 7 READ WITH R. 6 (2-A) PROVISO & REGISTRATION OF CLAIMS (DISPLACED PERSONS) RULES_1","1955-Claims Commissioner's power to revise after expiry of """"prescribed period""""-Can be exercised only if Claims Commissioner """"deems fit"""" [proviso to r. 6(2-A)]Claims Commissioner empowered to act beyond prescribed ninety days REGISTRATION OF CLAIMS (DISPLACED PERSONS) ACT 1956 S. 7 READ WITH R. 6 (2-A) PROVISO & REGISTRATION OF CLAIMS (DISPLACED PERSONS) RULES 1",In The Order Passed In Revision,Court of Record,,32,headnote_only,order_text,unknown
on contract having been illegally rescinded by vendee_CONTRACT CONTRACT------SALE OF LAND-DEPOSIT OF EARNEST MONEY-VENDOR FOUND ENTITLED_1,on contract having been illegally rescinded by vendee CONTRACT CONTRACT------SALE OF LAND-DEPOSIT OF EARNEST MONEY-VENDOR FOUND ENTITLED 1,Nonetheless,Court of Record,,7,headnote_only,order_text,unknown
"East Bengal Public Safety Ordinance_ELECTIVE BODIES (DISQUALIFICATION) ORDER 1959 ART. 5 (1) (B)-WORDS """"OR SIMILAR ORDER""""--ORDER PASSED UNDER S. 41_1","East Bengal Public Safety Ordinance ELECTIVE BODIES (DISQUALIFICATION) ORDER 1959 ART. 5 (1) (B)-WORDS """"OR SIMILAR ORDER""""--ORDER PASSED UNDER S. 41 1","Not """"Similar Order"""" Although Order Under S. 17 Of Ordinance Can Be Such Order",Court of Record,,10,headnote_only,order_text,unknown
"East Bengal Public Safety Ordinance_ART. 5 (1) (B)-WORDS """"OR SIMILAR ORDER""""--ORDER PASSED UNDER S. 41_1","East Bengal Public Safety Ordinance ART. 5 (1) (B)-WORDS """"OR SIMILAR ORDER""""--ORDER PASSED UNDER S. 41 1","Not """"Similar Order"""" Although Order Under S. 17 Of Ordinance Can Be Such Order",Court of Record,,10,headnote_only,order_text,unknown
Part 1_S. 8 (3) AND SCH._1,Part 1 S. 8 (3) AND SCH. 1,Sec. B-Monthly Rent Payable By Tenant For Use And Occupation Of Premises-Money Payable Under Contract-Case Falls Under Part 1,Court of Record,,11,headnote_only,order_text,unknown
on death of her husband_GUARDIANS AND WARDS ACT 1890 S. 17-PERSONAL LAW OF MINOR-NOT ABSOLUTELY BINDING ON COURT-CAN BE IGNORED IN APPOINTING GUARDIAN IF WELFARE OF MINOR SO REQUIRES-MUSLIM WOMAN_1,on death of her husband GUARDIANS AND WARDS ACT 1890 S. 17-PERSONAL LAW OF MINOR-NOT ABSOLUTELY BINDING ON COURT-CAN BE IGNORED IN APPOINTING GUARDIAN IF WELFARE OF MINOR SO REQUIRES-MUSLIM WOMAN 1,By Previous Husband,Court of Record,,28,headnote_only,order_text,unknown
Income-tax Act (XI of 1922)_CONSTITUTION OF PAKISTAN 1962 ART. 58 (3)-LEAVE TO APPEAL TO SUPREME COURT-GRANTED TO CONSIDER TRUE INTERPRETATION OF SS. 15-B & 33-A (2)_1,Income-tax Act (XI of 1922) CONSTITUTION OF PAKISTAN 1962 ART. 58 (3)-LEAVE TO APPEAL TO SUPREME COURT-GRANTED TO CONSIDER TRUE INTERPRETATION OF SS. 15-B & 33-A (2) 1,Inter Alia,Court of Record,,6,headnote_only,order_text,unknown
Income-tax Act (XI of 1922)_ART. 58 (3)-LEAVE TO APPEAL TO SUPREME COURT-GRANTED TO CONSIDER TRUE INTERPRETATION OF SS. 15-B & 33-A (2)_1,Income-tax Act (XI of 1922) ART. 58 (3)-LEAVE TO APPEAL TO SUPREME COURT-GRANTED TO CONSIDER TRUE INTERPRETATION OF SS. 15-B & 33-A (2) 1,Inter Alia,Court of Record,,6,headnote_only,order_text,unknown
r. 2 read with O. XLI_CIVIL PROCEDURE CODE --ORDER XXVII OF C.P.C. SUITS BY OR AGAINST THE GOVERNMENT OR PUBLIC OFFICERS IN THEIR OFFICIAL CAPACITY O. XXVII_1,r. 2 read with O. XLI CIVIL PROCEDURE CODE --ORDER XXVII OF C.P.C. SUITS BY OR AGAINST THE GOVERNMENT OR PUBLIC OFFICERS IN THEIR OFFICIAL CAPACITY O. XXVII 1,East Pakistan,Court of Record,,26,headnote_only,order_text,unknown
Ss. 3 & 29-Under-trial prisoner Magistrate_CRIMINAL PROCEDURE CODE (CR.P.C) CRIMINAL PROCEDURE CODE (V OF 1898)-----SS. 344 & 541 & PRISONERS ACT (III OF 1900)_1,Ss. 3 & 29-Under-trial prisoner Magistrate CRIMINAL PROCEDURE CODE (CR.P.C) CRIMINAL PROCEDURE CODE (V OF 1898)-----SS. 344 & 541 & PRISONERS ACT (III OF 1900) 1,Cr. P. C.,Court of Record,,23,headnote_only,order_text,unknown
Ss. 3 & 29-Under-trial prisoner Magistrate_CRIMINAL PROCEDURE CODE (V OF 1898)-----SS. 344 & 541 & PRISONERS ACT (III OF 1900)_1,Ss. 3 & 29-Under-trial prisoner Magistrate CRIMINAL PROCEDURE CODE (V OF 1898)-----SS. 344 & 541 & PRISONERS ACT (III OF 1900) 1,Cr. P. C.,Court of Record,,23,headnote_only,order_text,unknown
Displaced Persons (Compensation and Rehabilitation) Act 1958--25_DISPLACED PERSONS (COMPENSATION AND REHABILITATION) ACT 1958--16-A_1,Displaced Persons (Compensation and Rehabilitation) Act 1958--25 DISPLACED PERSONS (COMPENSATION AND REHABILITATION) ACT 1958--16-A 1,Pakistan (Administration Of Evacuee Property) Act 1957--41,Court of Record,,7,headnote_only,order_text,unknown
4_PAKISTAN CRIMINAL LAW (AMENDMENT) ACT 1958 SS. 3_1,4 PAKISTAN CRIMINAL LAW (AMENDMENT) ACT 1958 SS. 3 1,However,Court of Record,,35,headnote_only,order_text,unknown
Pakistan Criminal Law (Amendment) Act 1958--5_PAKISTAN CRIMINAL LAW (AMENDMENT) ACT 1958--4_1,Pakistan Criminal Law (Amendment) Act 1958--5 PAKISTAN CRIMINAL LAW (AMENDMENT) ACT 1958--4 1,Pakistan Penal Code 1860--193,Court of Record,,4,headnote_only,order_text,unknown
9_DISPLACED PERSONS (COMPENSATION AND REHABILITATION) ACT 1958 ----SS. 31(2)_1,9 DISPLACED PERSONS (COMPENSATION AND REHABILITATION) ACT 1958 ----SS. 31(2) 1,20,Court of Record,,79,headnote_only,order_text,unknown
9_----SS. 31(2)_1,9 ----SS. 31(2) 1,20,Court of Record,,79,headnote_only,order_text,unknown
Ck. 26 (A)_------S. 526(8)-ADJOURNMENT OBTAINED FOR MAKING TRANSFER APPLICATION TO HIGH COURT-NO ORDERS RECEIVED FROM HIGH COURT BY ADJOURNED DATE-MAGISTRATE RELYING ON PARA. 11_1,Ck. 26 (A) ------S. 526(8)-ADJOURNMENT OBTAINED FOR MAKING TRANSFER APPLICATION TO HIGH COURT-NO ORDERS RECEIVED FROM HIGH COURT BY ADJOURNED DATE-MAGISTRATE RELYING ON PARA. 11 1,High Court Rules And Orders (1958 Ed.) Proceeding Further With Case And Discharging Accused-Magistrate Not Guilty Of Contempt Of High Court- (Attention Of Lower Courts Drawn To Correction Slip Issued On 31-3-1945 Enjoining Magistrate Not To Proceed With Case Till Receipt Of Orders From High Court)-Contempt Of Courts Act (Xii Of 1926),Court of Record,,9,headnote_only,order_text,unknown
Ck. 26 (A)_CRIMINAL PROCEDURE CODE (CR.P.C) ------S. 526(8)-ADJOURNMENT OBTAINED FOR MAKING TRANSFER APPLICATION TO HIGH COURT-NO ORDERS RECEIVED FROM HIGH COURT BY ADJOURNED DATE-MAGISTRATE RELYING ON PARA. 11_1,Ck. 26 (A) CRIMINAL PROCEDURE CODE (CR.P.C) ------S. 526(8)-ADJOURNMENT OBTAINED FOR MAKING TRANSFER APPLICATION TO HIGH COURT-NO ORDERS RECEIVED FROM HIGH COURT BY ADJOURNED DATE-MAGISTRATE RELYING ON PARA. 11 1,High Court Rules And Orders (1958 Ed.) Proceeding Further With Case And Discharging Accused-Magistrate Not Guilty Of Contempt Of High Court- (Attention Of Lower Courts Drawn To Correction Slip Issued On 31-3-1945 Enjoining Magistrate Not To Proceed With Case Till Receipt Of Orders From High Court)-Contempt Of Courts Act (Xii Of 1926),Court of Record,,9,headnote_only,order_text,unknown
1965_PLD_390,1965 PLD 390,Jogesh Chandra Das v. K. Z. Rahman -  Dhaka,Court of Record,1965-01-01,124,headnote_only,order_text,unknown
West Pakistan Board of Revenue (Conduct of Appeals and Revisions) Rules_SS. 7 (2) & 8 READ WITH R. 5_1,West Pakistan Board of Revenue (Conduct of Appeals and Revisions) Rules SS. 7 (2) & 8 READ WITH R. 5 1,Held,Court of Record,,9,headnote_only,order_text,unknown
West Pakistan Board of Revenue (Conduct of Appeals and Revisions) Rules_WEST PAKISTAN BOARD OF REVENUE ACT 1957 SS. 7 (2) & 8 READ WITH R. 5_1,West Pakistan Board of Revenue (Conduct of Appeals and Revisions) Rules WEST PAKISTAN BOARD OF REVENUE ACT 1957 SS. 7 (2) & 8 READ WITH R. 5 1,Held,Court of Record,,9,headnote_only,order_text,unknown
Limitation Act_---S. 5-SECTION 5_1,Limitation Act ---S. 5-SECTION 5 1,Made Applicable To Proceedings Under Pakistan Rehabilitation Act,Court of Record,,24,headnote_only,order_text,unknown
Limitation Act_PAKISTAN REHABILITATION ACT 1956 ---S. 5-SECTION 5_1,Limitation Act PAKISTAN REHABILITATION ACT 1956 ---S. 5-SECTION 5 1,Made Applicable To Proceedings Under Pakistan Rehabilitation Act,Court of Record,,24,headnote_only,order_text,unknown
which could not be served because person affected had to remove himself also from the--District to which he had gone in compliance with an order by the District Magistrate of that District-Order of removal_WEST PAKISTAN MAINTENANCE OF PUBLIC ORDER ORDINANCE 1960 ----- S. 5(5)--PROVISIONS REQUIRING SERVICE OF GROUNDS OF ORDER FOR REMOVAL FROM DISTRICT NOT LATER THAN FIFTEEN DAYS FROM SERVICE OF ORDER-NO SERIOUS ATTEMPT MADE TO COMPLY WITH PROVISION-ORDER SERVED ON 9-6-1963; GROUNDS PREPARED ON 9-7-1963_1,which could not be served because person affected had to remove himself also from the--District to which he had gone in compliance with an order by the District Magistrate of that District-Order of removal WEST PAKISTAN MAINTENANCE OF PUBLIC ORDER ORDINANCE 1960 ----- S. 5(5)--PROVISIONS REQUIRING SERVICE OF GROUNDS OF ORDER FOR REMOVAL FROM DISTRICT NOT LATER THAN FIFTEEN DAYS FROM SERVICE OF ORDER-NO SERIOUS ATTEMPT MADE TO COMPLY WITH PROVISION-ORDER SERVED ON 9-6-1963; GROUNDS PREPARED ON 9-7-1963 1,"Cannot Validly Operate Against Person Affected--Order Quashed - Ordinance """"Infringes Drastically"""" Liberty Of Subject-""""Special Vigilance"""" Required By Courts-Provisions To Be Strictly Complied With",Court of Record,,7,headnote_only,order_text,unknown
"final"""" judgments or orders of High Court-Leave granted_ART. 58 LEAVE TO APPEAL TO SUPREME COURT-PETITIONS ENTERTAINED ONLY AGAINST """"_1","final"""" judgments or orders of High Court-Leave granted ART. 58 LEAVE TO APPEAL TO SUPREME COURT-PETITIONS ENTERTAINED ONLY AGAINST """" 1",Against Order Of Single Judge Of High Court Which Could Be Challenged In Letters Patent Appeal After Obtaining Certificate From Such Judge-Fact Of Such Appeal Being Available Not Brought To Notice Of Supreme Court At Time Of Hearing-Order Granting Leave Allowed To Stand,Court of Record,,18,headnote_only,order_text,unknown
1965_PLD_439,1965 PLD 439,"Hafeezud Din v. Mian Khadim Hussain, Additional Deputy Commissioner, Lahore -  Lahore-High-Court-Lahore",Court of Record,1965-01-01,212,headnote_only,order_text,unknown
and with 6(c)_S. 43 (6) [AS SUBSTITUTED BY PAKISTAN (ADMINISTRATION OF EVACUEE PROPERTY) (AMENDMENT) ORDINANCE (LXIII OF 1962)] READ WITH SAVING PROVISION CONTAINED IN S. 4 OF ORDINANCE_1,and with 6(c) S. 43 (6) [AS SUBSTITUTED BY PAKISTAN (ADMINISTRATION OF EVACUEE PROPERTY) (AMENDMENT) ORDINANCE (LXIII OF 1962)] READ WITH SAVING PROVISION CONTAINED IN S. 4 OF ORDINANCE 1,General Clauses Act (X Of 1897)Review-Extent Of Termination,Court of Record,,3,headnote_only,order_text,unknown
1965_PLD_455,1965 PLD 455,Messrs Malik Hiranand & Sons v. Messrs Isthomian Lines Inc -  Karachi-High-Court-Sindh,Court of Record,1965-01-01,120,headnote_only,order_text,unknown
Criminal Procedure Code (Cr.P.C) 1898--234_CRIMINAL PROCEDURE CODE (CR.P.C) 1898--233_1,Criminal Procedure Code (Cr.P.C) 1898--234 CRIMINAL PROCEDURE CODE (CR.P.C) 1898--233 1,Criminal Procedure Code (Cr.P.C) 1898--236,Court of Record,,5,headnote_only,order_text,unknown
"final"""" judgments or orders of High Court-Leave granted_CONSTITUTION OF PAKISTAN 1962 ART. 58 LEAVE TO APPEAL TO SUPREME COURT-PETITIONS ENTERTAINED ONLY AGAINST """"_1","final"""" judgments or orders of High Court-Leave granted CONSTITUTION OF PAKISTAN 1962 ART. 58 LEAVE TO APPEAL TO SUPREME COURT-PETITIONS ENTERTAINED ONLY AGAINST """" 1",Against Order Of Single Judge Of High Court Which Could Be Challenged In Letters Patent Appeal After Obtaining Certificate From Such Judge-Fact Of Such Appeal Being Available Not Brought To Notice Of Supreme Court At Time Of Hearing-Order Granting Leave Allowed To Stand,Court of Record,,18,headnote_only,order_text,unknown
14 & 19(4) read with High Court Rules and Orders (Lahore)_BAR COUNCILS ACT 1926 SS. 10_1,14 & 19(4) read with High Court Rules and Orders (Lahore) BAR COUNCILS ACT 1926 SS. 10 1,Chap. 6-C,Court of Record,,29,headnote_only,order_text,unknown
14 & 19(4) read with High Court Rules and Orders (Lahore)_SS. 10_1,14 & 19(4) read with High Court Rules and Orders (Lahore) SS. 10 1,Chap. 6-C,Court of Record,,29,headnote_only,order_text,unknown
questioning transferee's right to eject such occupier in terms of S. 13_----GRANTED TO CONSIDER CONTENTIONS RAISED ON BEHALF OF OCCUPIER OF PROPERTY TRANSFERRED TO ANOTHER UNDER DISPLACED PERSONS (COMPENSATION AND REHABILITATION) ACT (XXVIII OF 1958)_1,questioning transferee's right to eject such occupier in terms of S. 13 ----GRANTED TO CONSIDER CONTENTIONS RAISED ON BEHALF OF OCCUPIER OF PROPERTY TRANSFERRED TO ANOTHER UNDER DISPLACED PERSONS (COMPENSATION AND REHABILITATION) ACT (XXVIII OF 1958) 1,Read With Ss. 3 & 30,Court of Record,,11,headnote_only,order_text,unknown
on transfer of case by High Court ' to itself_CRIMINAL PROCEDURE CODE (CR.P.C) S. 526 (1) (E) (IV)-TRIAL_1,on transfer of case by High Court ' to itself CRIMINAL PROCEDURE CODE (CR.P.C) S. 526 (1) (E) (IV)-TRIAL 1,P. P. C.-Can Take Place Only After Commitment After Inquiry Under Chapter Xviii,Court of Record,,6,headnote_only,order_text,unknown
on transfer of case by High Court ' to itself_S. 526 (1) (E) (IV)-TRIAL_1,on transfer of case by High Court ' to itself S. 526 (1) (E) (IV)-TRIAL 1,P. P. C.-Can Take Place Only After Commitment After Inquiry Under Chapter Xviii,Court of Record,,6,headnote_only,order_text,unknown
"Ss. 4 & 8--Rent Controller-""""Court"""" within meaning of S. 8_-----SS. 2 (B) & 13 READ WITH OATHS ACT (X OF 1873)_1","Ss. 4 & 8--Rent Controller-""""Court"""" within meaning of S. 8 -----SS. 2 (B) & 13 READ WITH OATHS ACT (X OF 1873) 1",1873Controller Administering Oath To Witness And Basing His Decision On Deposition Of Such Witness,Court of Record,,15,headnote_only,order_text,unknown
"Ss. 4 & 8--Rent Controller-""""Court"""" within meaning of S. 8_OATHS ACT 1873 -----SS. 2 (B) & 13 READ WITH OATHS ACT (X OF 1873)_1","Ss. 4 & 8--Rent Controller-""""Court"""" within meaning of S. 8 OATHS ACT 1873 -----SS. 2 (B) & 13 READ WITH OATHS ACT (X OF 1873) 1",1873Controller Administering Oath To Witness And Basing His Decision On Deposition Of Such Witness,Court of Record,,15,headnote_only,order_text,unknown
read with West Pakistan Civil Courts Ordinance (II of 1962)-Revision filed before corning into force of Ordinance-To be disposed of in accordance with provisions of Regulation-Order_N.-W.F.P. COURTS REGULATION 1931 S. 34_1,read with West Pakistan Civil Courts Ordinance (II of 1962)-Revision filed before corning into force of Ordinance-To be disposed of in accordance with provisions of Regulation-Order N.-W.F.P. COURTS REGULATION 1931 S. 34 1,After Period Of Limitation,Court of Record,,33,headnote_only,order_text,unknown
after being produced_PAKISTAN PENAL CODE S. 302-ACCUSED_1,after being produced PAKISTAN PENAL CODE S. 302-ACCUSED 1,Before Police,Court of Record,,12,headnote_only,order_text,unknown
after being produced_S. 302-ACCUSED_1,after being produced S. 302-ACCUSED 1,Before Police,Court of Record,,12,headnote_only,order_text,unknown
S. 3 read .with Retired Judges (Legal Practice) Order_ORDINANCE (II OF 1964)_1,S. 3 read .with Retired Judges (Legal Practice) Order ORDINANCE (II OF 1964) 1,C. J.,Court of Record,,4,headnote_only,order_text,unknown
S. 3 read .with Retired Judges (Legal Practice) Order_LEGAL PRACTICE (DISQUALIFICATION) ORDINANCE 1964 ORDINANCE (II OF 1964)_1,S. 3 read .with Retired Judges (Legal Practice) Order LEGAL PRACTICE (DISQUALIFICATION) ORDINANCE 1964 ORDINANCE (II OF 1964) 1,C. J.,Court of Record,,4,headnote_only,order_text,unknown
read with West Pakistan Civil Courts Ordinance (II of 1962)-Revision filed before corning into force of Ordinance-To be disposed of in accordance with provisions of Regulation-Order_S. 34_1,read with West Pakistan Civil Courts Ordinance (II of 1962)-Revision filed before corning into force of Ordinance-To be disposed of in accordance with provisions of Regulation-Order S. 34 1,After Period Of Limitation,Court of Record,,33,headnote_only,order_text,unknown
6_SS. 7 (2) (B)_1,6 SS. 7 (2) (B) 1,After Having Been Allotted To Person,Court of Record,,7,headnote_only,order_text,unknown
6_PAKISTAN REHABILITATION ACT 1956 SS. 7 (2) (B)_1,6 PAKISTAN REHABILITATION ACT 1956 SS. 7 (2) (B) 1,After Having Been Allotted To Person,Court of Record,,7,headnote_only,order_text,unknown
171 read with Ss. 58 & 60_CONSTITUTION OF PAKISTAN 1962 ------ARTS. 98_1,171 read with Ss. 58 & 60 CONSTITUTION OF PAKISTAN 1962 ------ARTS. 98 1,Dispute Cognizance By Special Tribunals Or Authorities-Jurisdiction Of Civil Courts,Court of Record,,15,headnote_only,order_text,unknown
171 read with Ss. 58 & 60_------ARTS. 98_1,171 read with Ss. 58 & 60 ------ARTS. 98 1,Dispute Cognizance By Special Tribunals Or Authorities-Jurisdiction Of Civil Courts,Court of Record,,15,headnote_only,order_text,unknown
reasonable and in public interest-Fundamental right contained in cl. 13_WEST PAKISTAN GOATS (RESTRICTION) ORDINANCE 1959 S. 3-RESTRICTION IMPOSED ON GRAZING OF GOATS IN RESERVE FOREST-HELD_1,reasonable and in public interest-Fundamental right contained in cl. 13 WEST PAKISTAN GOATS (RESTRICTION) ORDINANCE 1959 S. 3-RESTRICTION IMPOSED ON GRAZING OF GOATS IN RESERVE FOREST-HELD 1,Constitution First (Amendment) Act,Court of Record,,5,headnote_only,order_text,unknown
156 (3)_-----SS. 190_1,156 (3) -----SS. 190 1,After Taking Cognizance,Court of Record,,20,headnote_only,order_text,unknown
156 (3)_CRIMINAL PROCEDURE CODE (CR.P.C) -----SS. 190_1,156 (3) CRIMINAL PROCEDURE CODE (CR.P.C) -----SS. 190 1,After Taking Cognizance,Court of Record,,20,headnote_only,order_text,unknown
even after acquisition_DISPLACED PERSONS (LAND SETTLEMENT) ACT 1958 ----S. 4-LAND ACQUIRED BY GOVERNMENT UNDER S. 4 (3)-CONTINUES_1,even after acquisition DISPLACED PERSONS (LAND SETTLEMENT) ACT 1958 ----S. 4-LAND ACQUIRED BY GOVERNMENT UNDER S. 4 (3)-CONTINUES 1,Ss. 6 & 18-Pakistan (Administration Of Evacuee Property) Act (Xii Of 1957),Court of Record,,7,headnote_only,order_text,unknown
Sea Customs Act_CRIMINAL PROCEDURE CODE (CR.P.C) S.523-MAGISTRATE TAKING COGNIZANCE OF OFFENCE COMMITTED UNDER S. 167_1,Sea Customs Act CRIMINAL PROCEDURE CODE (CR.P.C) S.523-MAGISTRATE TAKING COGNIZANCE OF OFFENCE COMMITTED UNDER S. 167 1,Only When Seizure Made Under S. 523,Court of Record,,3,headnote_only,order_text,unknown
and filing partition suit in May 1950_LIMITATION ACT 1908 LIMITATION ACT (IX OF 1908)----ART. 142-SUIT FOR PARTITION PLAINTIFF ATTAINING MAJORITY IN 1930_1,and filing partition suit in May 1950 LIMITATION ACT 1908 LIMITATION ACT (IX OF 1908)----ART. 142-SUIT FOR PARTITION PLAINTIFF ATTAINING MAJORITY IN 1930 1,Held,Court of Record,,10,headnote_only,order_text,unknown
and filing partition suit in May 1950_LIMITATION ACT (IX OF 1908)----ART. 142-SUIT FOR PARTITION PLAINTIFF ATTAINING MAJORITY IN 1930_1,and filing partition suit in May 1950 LIMITATION ACT (IX OF 1908)----ART. 142-SUIT FOR PARTITION PLAINTIFF ATTAINING MAJORITY IN 1930 1,Held,Court of Record,,10,headnote_only,order_text,unknown
2(12) 31 (2)_DISPLACED PERSONS (COMPENSATION AND REHABILITATION) ACT 1958 ------SS. 2(4)_1,2(12) 31 (2) DISPLACED PERSONS (COMPENSATION AND REHABILITATION) ACT 1958 ------SS. 2(4) 1,& 20-Power Granted To Chief Settlement Commissioner By First Proviso Of S. 2 (4)Confined To Pronouncing House To Be Divisible-Power Does Not Extend To Determine Actual Division Of-Portions,Court of Record,,48,headnote_only,order_text,unknown
Sea Customs Act_S.523-MAGISTRATE TAKING COGNIZANCE OF OFFENCE COMMITTED UNDER S. 167_1,Sea Customs Act S.523-MAGISTRATE TAKING COGNIZANCE OF OFFENCE COMMITTED UNDER S. 167 1,Only When Seizure Made Under S. 523,Court of Record,,3,headnote_only,order_text,unknown
S. 2(6) read with Central Government Notification No. F.1._DISPLACED PERSONS (COMPENSATION AND REHABILITATION) ACT 1958 DISPLACED (PERSONS COMPENSATION AND REHABILITATION) ACT (XXVIII OF 1958)_1,S. 2(6) read with Central Government Notification No. F.1. DISPLACED PERSONS (COMPENSATION AND REHABILITATION) ACT 1958 DISPLACED (PERSONS COMPENSATION AND REHABILITATION) ACT (XXVIII OF 1958) 1,"Dated 13-10-59 ---- Mere Occupation Before 20-12-58 Not Enough For Being """"Deemed In Possession""""-Nonclaimant Can Be """"Deemed To Be In Possession"""" And Can Claim Benefit Of Notification",Court of Record,,24,headnote_only,order_text,unknown
paras. 1_DISPLACED PERSONS (COMPENSATION AND REHABILITATION) ACT 1958 S. 10 (1) AND SCHED._1,paras. 1 DISPLACED PERSONS (COMPENSATION AND REHABILITATION) ACT 1958 S. 10 (1) AND SCHED. 1,Son,Court of Record,,8,headnote_only,order_text,unknown
paras. 1_S. 10 (1) AND SCHED._1,paras. 1 S. 10 (1) AND SCHED. 1,Son,Court of Record,,8,headnote_only,order_text,unknown
S. 2(6) read with Central Government Notification No. F.1._DISPLACED (PERSONS COMPENSATION AND REHABILITATION) ACT (XXVIII OF 1958)_1,S. 2(6) read with Central Government Notification No. F.1. DISPLACED (PERSONS COMPENSATION AND REHABILITATION) ACT (XXVIII OF 1958) 1,"Dated 13-10-59 ---- Mere Occupation Before 20-12-58 Not Enough For Being """"Deemed In Possession""""-Nonclaimant Can Be """"Deemed To Be In Possession"""" And Can Claim Benefit Of Notification",Court of Record,,24,headnote_only,order_text,unknown
S. 174---Police Rules_S. 302(B)---CRIMINAL PROCEDURE CODE (V OF 1898)_1,S. 174---Police Rules S. 302(B)---CRIMINAL PROCEDURE CODE (V OF 1898) 1,R. 25.37---Qatl-I-Amd---Reappraisal Of Evidence---Post-Mortem Examination---Delay In Conducting Post-Mortem,Court of Record,,21,headnote_only,order_text,unknown
147_PAKISTAN PENAL CODE SS. 141_1,147 PAKISTAN PENAL CODE SS. 141 1,Held,Court of Record,,11,headnote_only,order_text,unknown
302 & 447 Evidence of eye-witnesses not consistent with regard to injuries on persons of accused-Names of accused not mentioned' in F. I. R. but in complaint filed three months after incident-Prosecution evidence_PAKISTAN PENAL CODE SS. 147_1,302 & 447 Evidence of eye-witnesses not consistent with regard to injuries on persons of accused-Names of accused not mentioned' in F. I. R. but in complaint filed three months after incident-Prosecution evidence PAKISTAN PENAL CODE SS. 147 1,Wholly Unsatisfactory-Accused Acquitted Of Charges Co-Accused Convicts,Court of Record,,3,headnote_only,order_text,unknown
147_SS. 141_1,147 SS. 141 1,Held,Court of Record,,11,headnote_only,order_text,unknown
and a civil post_CONSTITUTION OF PAKISTAN 1956 ARTS. 180 & 181REMOVAL FROM SERVICE-EMPLOYEE CHALLENGING ORDER MUST SHOW THAT HE BELONGS TO ONE OF CATEGORIES. OF POSTS MENTIONED IN ARTICLE 181 (1)-POST CONNECTED WITH DEFENCE_1,and a civil post CONSTITUTION OF PAKISTAN 1956 ARTS. 180 & 181REMOVAL FROM SERVICE-EMPLOYEE CHALLENGING ORDER MUST SHOW THAT HE BELONGS TO ONE OF CATEGORIES. OF POSTS MENTIONED IN ARTICLE 181 (1)-POST CONNECTED WITH DEFENCE 1,But Eligible For Promotion To Central Service-Not Entitled To Protection Granted By Article 181-Government Entitled To Terminate Services Of Such Employee Even Without An Enquiry,Court of Record,,5,headnote_only,order_text,unknown
and a civil post_ARTS. 180 & 181REMOVAL FROM SERVICE-EMPLOYEE CHALLENGING ORDER MUST SHOW THAT HE BELONGS TO ONE OF CATEGORIES. OF POSTS MENTIONED IN ARTICLE 181 (1)-POST CONNECTED WITH DEFENCE_1,and a civil post ARTS. 180 & 181REMOVAL FROM SERVICE-EMPLOYEE CHALLENGING ORDER MUST SHOW THAT HE BELONGS TO ONE OF CATEGORIES. OF POSTS MENTIONED IN ARTICLE 181 (1)-POST CONNECTED WITH DEFENCE 1,But Eligible For Promotion To Central Service-Not Entitled To Protection Granted By Article 181-Government Entitled To Terminate Services Of Such Employee Even Without An Enquiry,Court of Record,,5,headnote_only,order_text,unknown
1934_S. 174---POLICE RULES_1,1934 S. 174---POLICE RULES 1,Who Died In Unnatural And Suspicious Circumstances,Court of Record,1934-01-01,8,headnote_only,order_text,unknown
S. 3_PAKISTAN PENAL CODE ----S. 420 AND TRANSFER OF PROPERTY ACT (IV OF 1882)_1,S. 3 PAKISTAN PENAL CODE ----S. 420 AND TRANSFER OF PROPERTY ACT (IV OF 1882) 1,1882--. Applicable Only To Cases Falling Within Purview Of Provisions Of That Act And Not To Matters Foreign To Scope Of Act-Person Having Already Executed Mortgage Deed In Favour Of A Creating Subsequently Another Mortgage On Self Same Property In Favour Of B Assuring B In Writing That Property Mortgaged Was Free From' All Encumbrances-Definition Of Constructive Notice Set Out In Explanation 1 To S. 3 Of Transfer Of Property Act,Court of Record,,13,headnote_only,order_text,unknown
S. 3_----S. 420 AND TRANSFER OF PROPERTY ACT (IV OF 1882)_1,S. 3 ----S. 420 AND TRANSFER OF PROPERTY ACT (IV OF 1882) 1,1882--. Applicable Only To Cases Falling Within Purview Of Provisions Of That Act And Not To Matters Foreign To Scope Of Act-Person Having Already Executed Mortgage Deed In Favour Of A Creating Subsequently Another Mortgage On Self Same Property In Favour Of B Assuring B In Writing That Property Mortgaged Was Free From' All Encumbrances-Definition Of Constructive Notice Set Out In Explanation 1 To S. 3 Of Transfer Of Property Act,Court of Record,,13,headnote_only,order_text,unknown
S. 30 (3) (i)-Relationship of landlord and tenant created under S. 30 (3) (i) of Act cannot_-----S. 13 (6) READ WITH DISPLACED PERSONS (COMPENSATION AND REHABILITATION) ACT (XXVIII OF 1958)_1,S. 30 (3) (i)-Relationship of landlord and tenant created under S. 30 (3) (i) of Act cannot -----S. 13 (6) READ WITH DISPLACED PERSONS (COMPENSATION AND REHABILITATION) ACT (XXVIII OF 1958) 1,Warrant Action Under S.13(6) Of Ordinance,Court of Record,,8,headnote_only,order_text,unknown
S. 30 (3) (i)-Relationship of landlord and tenant created under S. 30 (3) (i) of Act cannot_WEST PAKISTAN URBAN RENT RESTRICTION ORDINANCE 1959 -----S. 13 (6) READ WITH DISPLACED PERSONS (COMPENSATION AND REHABILITATION) ACT (XXVIII OF 1958)_1,S. 30 (3) (i)-Relationship of landlord and tenant created under S. 30 (3) (i) of Act cannot WEST PAKISTAN URBAN RENT RESTRICTION ORDINANCE 1959 -----S. 13 (6) READ WITH DISPLACED PERSONS (COMPENSATION AND REHABILITATION) ACT (XXVIII OF 1958) 1,Warrant Action Under S.13(6) Of Ordinance,Court of Record,,8,headnote_only,order_text,unknown
R.1(4)---Constitution of Pakistan (1973)_CODE OF CIVIL PROCEDURE 1908 ----S. 115 & O.XLIII_1,R.1(4)---Constitution of Pakistan (1973) CODE OF CIVIL PROCEDURE 1908 ----S. 115 & O.XLIII 1,R. 1(4),Court of Record,,14,headnote_only,order_text,unknown
S. 28-Further appeal filed under S. 31_N.-W.F.P. COURTS REGULATION 1931 S. 31 READ WITH WEST PAKISTAN CIVIL COURTS ORDINANCE (IL OF 1962)_1,S. 28-Further appeal filed under S. 31 N.-W.F.P. COURTS REGULATION 1931 S. 31 READ WITH WEST PAKISTAN CIVIL COURTS ORDINANCE (IL OF 1962) 1,But Subsequently Renumbered As Second Appeal On Promulgation Of West Pakistan Civil Courts Ordinance,Court of Record,,16,headnote_only,order_text,disposed_of
S. 28-Further appeal filed under S. 31_S. 31 READ WITH WEST PAKISTAN CIVIL COURTS ORDINANCE (IL OF 1962)_1,S. 28-Further appeal filed under S. 31 S. 31 READ WITH WEST PAKISTAN CIVIL COURTS ORDINANCE (IL OF 1962) 1,But Subsequently Renumbered As Second Appeal On Promulgation Of West Pakistan Civil Courts Ordinance,Court of Record,,16,headnote_only,order_text,disposed_of
who were not near place of occurrence_WITNESS EYE-WITNESS-MURDER-VARIANCE IN STATEMENTS OF EYE-WITNESSES_1,who were not near place of occurrence WITNESS EYE-WITNESS-MURDER-VARIANCE IN STATEMENTS OF EYE-WITNESSES 1,Held,Court of Record,,12,headnote_only,order_text,unknown
although one of fact_SS. 145 & 435----FINDING OF MAGISTRATE ON POINT OF POSSESSION IN PROCEEDINGS UNDER S. 145-FINDING_1,although one of fact SS. 145 & 435----FINDING OF MAGISTRATE ON POINT OF POSSESSION IN PROCEEDINGS UNDER S. 145-FINDING 1,In Revision,Court of Record,,4,headnote_only,order_text,unknown
before lodging F. I. R._WITNESS PERSON_1,before lodging F. I. R. WITNESS PERSON 1,Held,Court of Record,,5,headnote_only,order_text,unknown
3 (2)(a) & 43-Case subject_-----SS. 3(1)_1,3 (2)(a) & 43-Case subject -----SS. 3(1) 1,"To Suo Motu Powers Of Revision By Custodian Under S. 43-Cannot Be Said To Be """"Pending"""" Within Meaning Of S. 3(2)(A) So As To Deprive Person Of Benefit Under S. 3 (1)-Property Declared By Deputy Custodian To Be Non-Evacuee And No Appeal Or Revision",Court of Record,,4,headnote_only,order_text,unknown
Part I_PUNJAB TENANCY ACT 1887 S. 45-EJECTMENT-TENANT IN POSSESSION OF LAND FROM PRE PARTITION PERIOD BUT NOT HOLDING VALID PERMIT UNDER PARA. 18_1,Part I PUNJAB TENANCY ACT 1887 S. 45-EJECTMENT-TENANT IN POSSESSION OF LAND FROM PRE PARTITION PERIOD BUT NOT HOLDING VALID PERMIT UNDER PARA. 18 1,West Pakistan Rehabilitation Settlement Scheme Held,Court of Record,,7,headnote_only,order_text,unknown
Part I_S. 45-EJECTMENT-TENANT IN POSSESSION OF LAND FROM PRE PARTITION PERIOD BUT NOT HOLDING VALID PERMIT UNDER PARA. 18_1,Part I S. 45-EJECTMENT-TENANT IN POSSESSION OF LAND FROM PRE PARTITION PERIOD BUT NOT HOLDING VALID PERMIT UNDER PARA. 18 1,West Pakistan Rehabilitation Settlement Scheme Held,Court of Record,,7,headnote_only,order_text,unknown
not aware of decree of Court but to a hypothetical question_CONTEMPT OF COURT CONTEMPT OF COURT-CONTEMPT CAN BE COMMITTED EVEN IN RELATION TO CASE ALREADY DECIDED-PERSONS_1,not aware of decree of Court but to a hypothetical question CONTEMPT OF COURT CONTEMPT OF COURT-CONTEMPT CAN BE COMMITTED EVEN IN RELATION TO CASE ALREADY DECIDED-PERSONS 1,Merely Replying That According To Hanafi Law Right To Divorce Vests In Husband Only And Consequently No Court Was Competent To Pass Decree For Dissolution-Held,Court of Record,,4,headnote_only,order_text,unknown
S. 52. The line of demarcation between a lease and a licence is sometimes very thin . . . . . A lease is a transfer of an interest in immovable property. Ownership of physical property consists of a number of rights and the owner of such property when he creates a lease_-----S. 105-EASEMENTS ACT (V OF 1882)_1,S. 52. The line of demarcation between a lease and a licence is sometimes very thin . . . . . A lease is a transfer of an interest in immovable property. Ownership of physical property consists of a number of rights and the owner of such property when he creates a lease -----S. 105-EASEMENTS ACT (V OF 1882) 1,I.E.,Court of Record,,7,headnote_only,order_text,unknown
S. 52. The line of demarcation between a lease and a licence is sometimes very thin . . . . . A lease is a transfer of an interest in immovable property. Ownership of physical property consists of a number of rights and the owner of such property when he creates a lease_LEASE AND LICENCE -----S. 105-EASEMENTS ACT (V OF 1882)_1,S. 52. The line of demarcation between a lease and a licence is sometimes very thin . . . . . A lease is a transfer of an interest in immovable property. Ownership of physical property consists of a number of rights and the owner of such property when he creates a lease LEASE AND LICENCE -----S. 105-EASEMENTS ACT (V OF 1882) 1,I.E.,Court of Record,,7,headnote_only,order_text,unknown
r. 17_CIVIL PROCEDURE CODE --ORDER VI OF C.P.C. PLEADING GENERALLY O. VI_1,r. 17 CIVIL PROCEDURE CODE --ORDER VI OF C.P.C. PLEADING GENERALLY O. VI 1,R. 10 & O. Xxx,Court of Record,,15,headnote_only,order_text,unknown
r. 1_CIVIL PROCEDURE CODE --ORDER XXX OF C.P.C. SUITS BY OR AGAINST FIRMS AND PERSONS CARRYING ON BUSINESS IN NAMES OTHER THAN THEIR OWN O. XXX_1,r. 1 CIVIL PROCEDURE CODE --ORDER XXX OF C.P.C. SUITS BY OR AGAINST FIRMS AND PERSONS CARRYING ON BUSINESS IN NAMES OTHER THAN THEIR OWN O. XXX 1,R. 17 & O. I,Court of Record,,3,headnote_only,order_text,unknown
r. 1_O. XXX_1,r. 1 O. XXX 1,R. 17 & O. I,Court of Record,,3,headnote_only,order_text,unknown
1961_CANTONMENT BOARD (ELECTION OF VICE-PRESIDENT) RULES 1961 CANTONMENT BOARD (ELECTION OF VICE-PRESIDENT) RULES_1,1961 CANTONMENT BOARD (ELECTION OF VICE-PRESIDENT) RULES 1961 CANTONMENT BOARD (ELECTION OF VICE-PRESIDENT) RULES 1,A And B,Court of Record,1961-01-01,15,headnote_only,order_text,unknown
to accept and pay for_SALE OF GOODS ACT 1930 S. 56-BUYER WRONGFULLY NEGLECTING OR REFUSING_1,to accept and pay for SALE OF GOODS ACT 1930 S. 56-BUYER WRONGFULLY NEGLECTING OR REFUSING 1,Contract Act,Court of Record,,5,headnote_only,order_text,unknown
"viz._DISPLACED PERSONS (COMPENSATION AND REHABILITATION) ACT 1958 ----SS. 3 & 30-EVACUEE PROPERTY ACQUIRED BY GOVERNMENT IN TERMS OF S. 3 """"VESTS"""" IN GOVERNMENT FOR CERTAIN PURPOSE_1","viz. DISPLACED PERSONS (COMPENSATION AND REHABILITATION) ACT 1958 ----SS. 3 & 30-EVACUEE PROPERTY ACQUIRED BY GOVERNMENT IN TERMS OF S. 3 """"VESTS"""" IN GOVERNMENT FOR CERTAIN PURPOSE 1",And Not Absolutely-Occupier Of Such Property Becomes A Tenant Of Transferee By Virtue Of S. 30,Court of Record,,18,headnote_only,order_text,unknown
"viz._----SS. 3 & 30-EVACUEE PROPERTY ACQUIRED BY GOVERNMENT IN TERMS OF S. 3 """"VESTS"""" IN GOVERNMENT FOR CERTAIN PURPOSE_1","viz. ----SS. 3 & 30-EVACUEE PROPERTY ACQUIRED BY GOVERNMENT IN TERMS OF S. 3 """"VESTS"""" IN GOVERNMENT FOR CERTAIN PURPOSE 1",And Not Absolutely-Occupier Of Such Property Becomes A Tenant Of Transferee By Virtue Of S. 30,Court of Record,,18,headnote_only,order_text,unknown
questioning transferee's right to eject such occupier in terms of S. 13_SPECIAL LEAVE TO APPEAL TO SUPREME COURT ----GRANTED TO CONSIDER CONTENTIONS RAISED ON BEHALF OF OCCUPIER OF PROPERTY TRANSFERRED TO ANOTHER UNDER DISPLACED PERSONS (COMPENSATION AND REHABILITATION) ACT (XXVIII OF 1958)_1,questioning transferee's right to eject such occupier in terms of S. 13 SPECIAL LEAVE TO APPEAL TO SUPREME COURT ----GRANTED TO CONSIDER CONTENTIONS RAISED ON BEHALF OF OCCUPIER OF PROPERTY TRANSFERRED TO ANOTHER UNDER DISPLACED PERSONS (COMPENSATION AND REHABILITATION) ACT (XXVIII OF 1958) 1,Read With Ss. 3 & 30,Court of Record,,11,headnote_only,order_text,unknown
Civil Procedure Code --Order XXI of C.P.C. Execution of Decrees and Orders--32_CIVIL PROCEDURE CODE --ORDER II OF C.P.C. FRAME OF SUIT--1_1,Civil Procedure Code --Order XXI of C.P.C. Execution of Decrees and Orders--32 CIVIL PROCEDURE CODE --ORDER II OF C.P.C. FRAME OF SUIT--1 1,Specific Relief Act 1877--12,Court of Record,,4,headnote_only,order_text,unknown
S. 30-Occupant of house failing to pay or tender rent or arrears of rent to transferee of house for three months after receiving notice under S. 30_S. 13 AND DISPLACED PERSONS (COMPENSATION AND REHABILITATION) ACT (XXVIII OF 1958)_1,S. 30-Occupant of house failing to pay or tender rent or arrears of rent to transferee of house for three months after receiving notice under S. 30 S. 13 AND DISPLACED PERSONS (COMPENSATION AND REHABILITATION) ACT (XXVIII OF 1958) 1,1958-Renders Himself Liable To Be Ejected,Court of Record,,3,headnote_only,order_text,unknown
S. 30-Occupant of house failing to pay or tender rent or arrears of rent to transferee of house for three months after receiving notice under S. 30_WEST PAKISTAN URBAN RENT RESTRICTION ORDINANCE 1959 S. 13 AND DISPLACED PERSONS (COMPENSATION AND REHABILITATION) ACT (XXVIII OF 1958)_1,S. 30-Occupant of house failing to pay or tender rent or arrears of rent to transferee of house for three months after receiving notice under S. 30 WEST PAKISTAN URBAN RENT RESTRICTION ORDINANCE 1959 S. 13 AND DISPLACED PERSONS (COMPENSATION AND REHABILITATION) ACT (XXVIII OF 1958) 1,1958-Renders Himself Liable To Be Ejected,Court of Record,,3,headnote_only,order_text,unknown
Ss. 87_CRIMINAL PROCEDURE CODE (V OF 1898)_1,Ss. 87 CRIMINAL PROCEDURE CODE (V OF 1898) 1,In Absence Of Prejudice,Court of Record,,48,headnote_only,order_text,unknown
Ss. 87_CRIMINAL PROCEDURE CODE (CR.P.C) CRIMINAL PROCEDURE CODE (V OF 1898)_1,Ss. 87 CRIMINAL PROCEDURE CODE (CR.P.C) CRIMINAL PROCEDURE CODE (V OF 1898) 1,In Absence Of Prejudice,Court of Record,,48,headnote_only,order_text,unknown
Code of Civil Procedure 1908--110_CODE OF CIVIL PROCEDURE 1908--109_1,Code of Civil Procedure 1908--110 CODE OF CIVIL PROCEDURE 1908--109 1,Constitution Of Pakistan 1962--250,Court of Record,,6,headnote_only,order_text,unknown
Art. 158 read with Laws (Continuance in Force) Order (1 of 1958)-Case decided by High Court before enforcement of Constitution of 1962-Application for leave to appeal made after enforcement of Constitution of 1962-Held_ART. 58 READ WITH ART. 250 AND CONSTITUTION OF PAKISTAN (1956)_1,Art. 158 read with Laws (Continuance in Force) Order (1 of 1958)-Case decided by High Court before enforcement of Constitution of 1962-Application for leave to appeal made after enforcement of Constitution of 1962-Held ART. 58 READ WITH ART. 250 AND CONSTITUTION OF PAKISTAN (1956) 1,Constitution Of 1956 Read With Ss. Log Cg 110,Court of Record,,11,headnote_only,order_text,unknown
Art. 158 read with Laws (Continuance in Force) Order (1 of 1958)-Case decided by High Court before enforcement of Constitution of 1962-Application for leave to appeal made after enforcement of Constitution of 1962-Held_CONSTITUTION OF PAKISTAN 1962 ART. 58 READ WITH ART. 250 AND CONSTITUTION OF PAKISTAN (1956)_1,Art. 158 read with Laws (Continuance in Force) Order (1 of 1958)-Case decided by High Court before enforcement of Constitution of 1962-Application for leave to appeal made after enforcement of Constitution of 1962-Held CONSTITUTION OF PAKISTAN 1962 ART. 58 READ WITH ART. 250 AND CONSTITUTION OF PAKISTAN (1956) 1,Constitution Of 1956 Read With Ss. Log Cg 110,Court of Record,,11,headnote_only,order_text,unknown
"Penal Code (XLV of 1860)-(Bribe-giver paid bribe voluntarily and on his own responsibility) by majority Cornelius_SUPREME COURT -EXAMINATION OF EVIDENCE AND FACTS OF CASE - (CRIMINAL APPEAL) - ENTIRE EVIDENCE AND CIRCUMSTANCES RE-EXAMINED AT CONSIDERABLE LENGTH """"OWING TO VERY EXCEPTIONAL NATURE OF CASE"""" [BRIBE-GIVING CHARGED UNDER S. 165-A_1","Penal Code (XLV of 1860)-(Bribe-giver paid bribe voluntarily and on his own responsibility) by majority Cornelius SUPREME COURT -EXAMINATION OF EVIDENCE AND FACTS OF CASE - (CRIMINAL APPEAL) - ENTIRE EVIDENCE AND CIRCUMSTANCES RE-EXAMINED AT CONSIDERABLE LENGTH """"OWING TO VERY EXCEPTIONAL NATURE OF CASE"""" [BRIBE-GIVING CHARGED UNDER S. 165-A 1",J. ; Kaikaus,Court of Record,,17,headnote_only,order_text,unknown
Art.79---Constitution of Pakistan (1973)_----S. 68---QANUN-E-SHAHADAT (10 OF 1984)_1,Art.79---Constitution of Pakistan (1973) ----S. 68---QANUN-E-SHAHADAT (10 OF 1984) 1,1984,Court of Record,,27,headnote_only,order_text,unknown
as disposed o/' by Rent Controller accepted by parties in course of appeal before Appellate Authority to have been correctly decided_PRACTICE PRACTICE-GROUND OF APPEAL THAT WEST PAKISTAN URBAN RENT RESTRICTION ORDINANCE (VI OF 1959) APPLIES ONLY TO MONTHLY TENANCIES AND NOT TO YEARLY TENANCIES-GROUND_1,as disposed o/' by Rent Controller accepted by parties in course of appeal before Appellate Authority to have been correctly decided PRACTICE PRACTICE-GROUND OF APPEAL THAT WEST PAKISTAN URBAN RENT RESTRICTION ORDINANCE (VI OF 1959) APPLIES ONLY TO MONTHLY TENANCIES AND NOT TO YEARLY TENANCIES-GROUND 1,Further,Court of Record,,6,headnote_only,order_text,unknown
O.XXXIX_ARBITRATION ACT 1940 ----S. 32---CIVIL PROCEDURE CODE (V OF 1908)_1,O.XXXIX ARBITRATION ACT 1940 ----S. 32---CIVIL PROCEDURE CODE (V OF 1908) 1,Art. 185(3)---Interim Injunction--Establishing A Prima Facie Case ---Concurrent Findings Of Two Courts Below-- Arbitration Agreement Existed Between Both The Parties-,Court of Record,,8,headnote_only,order_text,unknown
r. 1Review-Error of law-Omission to consider provision of law---Review competent-Karachi Port Trust Act (VI of 1886)_CIVIL PROCEDURE CODE --ORDER XLVII OF C.P.C. REVIEW O. XLVII_1,r. 1Review-Error of law-Omission to consider provision of law---Review competent-Karachi Port Trust Act (VI of 1886) CIVIL PROCEDURE CODE --ORDER XLVII OF C.P.C. REVIEW O. XLVII 1,Managing Director,Court of Record,,5,headnote_only,order_text,unknown
r. 17 and O. XXII_-----O. VI_1,r. 17 and O. XXII -----O. VI 1,Though Estopped From Challenging Order Allowing Amendment,Court of Record,,9,headnote_only,order_text,unknown
"is only possible """"after a decision of unsuitability for retention in public service has been taken"""" not supported by Government's instructions on subject of suspension--Government servant has no vested right_WEST PAKISTAN GOVERNMENT SERVANTS (EFFICIENCY AND DISCIPLINE) RULES 1960 R. 11 READ WITH R. 3 (B) (C) AND R. 9-(SUSPENSION)---GOVERNMENT'S GENERAL POWER TO SUSPEND-VIEW THAT SUSPENSION BY VIRTUE OF R. 11_1","is only possible """"after a decision of unsuitability for retention in public service has been taken"""" not supported by Government's instructions on subject of suspension--Government servant has no vested right WEST PAKISTAN GOVERNMENT SERVANTS (EFFICIENCY AND DISCIPLINE) RULES 1960 R. 11 READ WITH R. 3 (B) (C) AND R. 9-(SUSPENSION)---GOVERNMENT'S GENERAL POWER TO SUSPEND-VIEW THAT SUSPENSION BY VIRTUE OF R. 11 1",To Hold Office And To Perform Functions Thereof-Pleasure Of Executive Authority To Be Still Paramount,Court of Record,,19,headnote_only,order_text,unknown
144 read with Art. 120-Suit for possession based on objection to will relating to testamentary capacity of propositus is that he had no sound disposing mind-Suit_ARTS. 142_1,144 read with Art. 120-Suit for possession based on objection to will relating to testamentary capacity of propositus is that he had no sound disposing mind-Suit ARTS. 142 1,Not Governed By Art. 142 Or 144,Court of Record,,77,headnote_only,order_text,unknown
144 read with Art. 120-Suit for possession based on objection to will relating to testamentary capacity of propositus is that he had no sound disposing mind-Suit_LIMITATION ACT 1908 ARTS. 142_1,144 read with Art. 120-Suit for possession based on objection to will relating to testamentary capacity of propositus is that he had no sound disposing mind-Suit LIMITATION ACT 1908 ARTS. 142 1,Not Governed By Art. 142 Or 144,Court of Record,,77,headnote_only,order_text,unknown
held_KARACHI PORT TRUST ACT 1886 S. 87-NOTICE OF SUIT-ACCRUAL OF CAUSE OF ACTION AGAINST BOARD OF TRUSTEES-DATE OF BOARD'S RESOLUTION REJECTING PLAINTIFFS APPLICATION FOR GRANT OF SIX MONTHS' LEAVE ON FULL PAY PREPARATORY TO RETIREMENT PLUS LEAVE EARNED DURING PERIOD OF EXTENDED SERVICE-SUIT FOR ARREARS OF PAY-NOTICE SERVED ON BOARD MORE THAN SIX MONTHS AFTER SUCH DATE_1,held KARACHI PORT TRUST ACT 1886 S. 87-NOTICE OF SUIT-ACCRUAL OF CAUSE OF ACTION AGAINST BOARD OF TRUSTEES-DATE OF BOARD'S RESOLUTION REJECTING PLAINTIFFS APPLICATION FOR GRANT OF SIX MONTHS' LEAVE ON FULL PAY PREPARATORY TO RETIREMENT PLUS LEAVE EARNED DURING PERIOD OF EXTENDED SERVICE-SUIT FOR ARREARS OF PAY-NOTICE SERVED ON BOARD MORE THAN SIX MONTHS AFTER SUCH DATE 1,Further,Court of Record,,15,headnote_only,order_text,unknown
however_INDUSTRIAL DISPUTES ORDINANCE 1959 S. 14- PROVISIONS APPLICABLE ONLY TO SETTLEMENT ARRIVED AT IN CONCILIATION PROCEEDINGS OR IN AWARD OF COURT-AGREEMENT BETWEEN PARTIES ON INTERVENTION OF LABOUR MINISTER DURING TOTAL STRIKE BY WORKERS SETTLEMENT SUBSEQUENTLY REPUDIATED BY WORKERS IN PROCEEDINGS BEFORE INDUSTRIAL COURT-INDUSTRIAL COURT_1,however INDUSTRIAL DISPUTES ORDINANCE 1959 S. 14- PROVISIONS APPLICABLE ONLY TO SETTLEMENT ARRIVED AT IN CONCILIATION PROCEEDINGS OR IN AWARD OF COURT-AGREEMENT BETWEEN PARTIES ON INTERVENTION OF LABOUR MINISTER DURING TOTAL STRIKE BY WORKERS SETTLEMENT SUBSEQUENTLY REPUDIATED BY WORKERS IN PROCEEDINGS BEFORE INDUSTRIAL COURT-INDUSTRIAL COURT 1,Held,Court of Record,,11,headnote_only,order_text,unknown
nevertheless_PRACTICE PRACTICE-CRIMINAL APPEAL AND MURDER REFERENCE HEARD TOGETHER-CONVICTION OF ACCUSED ADMITTED BY STATE COUNSEL TO BE NOT WARRANTED BY EVIDENCE ON RECORDS-EACH PIECE OF EVIDENCE_1,nevertheless PRACTICE PRACTICE-CRIMINAL APPEAL AND MURDER REFERENCE HEARD TOGETHER-CONVICTION OF ACCUSED ADMITTED BY STATE COUNSEL TO BE NOT WARRANTED BY EVIDENCE ON RECORDS-EACH PIECE OF EVIDENCE 1,Essential To Be Examined By Court,Court of Record,,7,headnote_only,order_text,unknown
read with C. B. R. Circular No. 8_INCOME TAX ACT 1922 S. 26-A (1) [AS AMENDED BY FINANCE ACT (I OF 1957)_1,read with C. B. R. Circular No. 8 INCOME TAX ACT 1922 S. 26-A (1) [AS AMENDED BY FINANCE ACT (I OF 1957) 1,Held,Court of Record,,8,headnote_only,order_text,unknown
8 & 13-Offences under Ss. 3 & 8-Noncognizable-Police Investigation without permission of Magistrate under S. 155 (2)_SS. 3_1,8 & 13-Offences under Ss. 3 & 8-Noncognizable-Police Investigation without permission of Magistrate under S. 155 (2) SS. 3 1,Ss. 155 (2),Court of Record,,18,headnote_only,order_text,unknown
8 & 13-Offences under Ss. 3 & 8-Noncognizable-Police Investigation without permission of Magistrate under S. 155 (2)_WEST PAKISTAN SUPPRESSION OF PROSTITUTION ORDNANCE 1961 SS. 3_1,8 & 13-Offences under Ss. 3 & 8-Noncognizable-Police Investigation without permission of Magistrate under S. 155 (2) WEST PAKISTAN SUPPRESSION OF PROSTITUTION ORDNANCE 1961 SS. 3 1,Ss. 155 (2),Court of Record,,18,headnote_only,order_text,unknown
Ss. 5_S. 15 (1) (B) AND LIMITATION ACT (IX OF 1908)_1,Ss. 5 S. 15 (1) (B) AND LIMITATION ACT (IX OF 1908) 1,West Pakistan Urban Rent Restriction Ordinance,Court of Record,,4,headnote_only,order_text,unknown
Ss. 5_WEST PAKISTAN URBAN RENT RESTRICTION ORDINANCE 1959 S. 15 (1) (B) AND LIMITATION ACT (IX OF 1908)_1,Ss. 5 WEST PAKISTAN URBAN RENT RESTRICTION ORDINANCE 1959 S. 15 (1) (B) AND LIMITATION ACT (IX OF 1908) 1,West Pakistan Urban Rent Restriction Ordinance,Court of Record,,4,headnote_only,order_text,unknown
S. 5 (2)-Penal Code (XLV of 1860)_PAKISTAN CRIMINAL LAW (AMENDMENT) ACT 1958 S. 6 (5)--SANCTION FOR PROSECUTION-SERVANT OF MUNICIPAL COMMITTEE GETTING SALARY NOT EXCEEDING RS. 100-SANCTION FOR PROSECUTION GRANTED BY CHAIRMAN MUNICIPAL COMMITTEE-VALID PREVENTION OF CORRUPTION ACT (11 OF 1947)_1,S. 5 (2)-Penal Code (XLV of 1860) PAKISTAN CRIMINAL LAW (AMENDMENT) ACT 1958 S. 6 (5)--SANCTION FOR PROSECUTION-SERVANT OF MUNICIPAL COMMITTEE GETTING SALARY NOT EXCEEDING RS. 100-SANCTION FOR PROSECUTION GRANTED BY CHAIRMAN MUNICIPAL COMMITTEE-VALID PREVENTION OF CORRUPTION ACT (11 OF 1947) 1,S. 29 Read With Basic Democracies Order (18 Of 1959),Court of Record,,9,headnote_only,order_text,unknown
S. 5 (2)-Penal Code (XLV of 1860)_S. 6 (5)--SANCTION FOR PROSECUTION-SERVANT OF MUNICIPAL COMMITTEE GETTING SALARY NOT EXCEEDING RS. 100-SANCTION FOR PROSECUTION GRANTED BY CHAIRMAN MUNICIPAL COMMITTEE-VALID PREVENTION OF CORRUPTION ACT (11 OF 1947)_1,S. 5 (2)-Penal Code (XLV of 1860) S. 6 (5)--SANCTION FOR PROSECUTION-SERVANT OF MUNICIPAL COMMITTEE GETTING SALARY NOT EXCEEDING RS. 100-SANCTION FOR PROSECUTION GRANTED BY CHAIRMAN MUNICIPAL COMMITTEE-VALID PREVENTION OF CORRUPTION ACT (11 OF 1947) 1,S. 29 Read With Basic Democracies Order (18 Of 1959),Court of Record,,9,headnote_only,order_text,unknown
S. 4-Exemption once granted by Government under powers given by second proviso to S. 3 as it originally stood before amendment- Whether enures for all time and available even after amendment of law by East Bengal (Emergency) Requisition of Property (Amendment) Ordinance_EAST BENGAL (EMERGENCY) REQUISITION OF PROPERTY ACT 1948 S. 3 READ WITH EAST BENGAL (EMERGENCY) REQUISITION OF PROPERLY (AMENDMENT) ORDINANCE (III OF 1960)_1,S. 4-Exemption once granted by Government under powers given by second proviso to S. 3 as it originally stood before amendment- Whether enures for all time and available even after amendment of law by East Bengal (Emergency) Requisition of Property (Amendment) Ordinance EAST BENGAL (EMERGENCY) REQUISITION OF PROPERTY ACT 1948 S. 3 READ WITH EAST BENGAL (EMERGENCY) REQUISITION OF PROPERLY (AMENDMENT) ORDINANCE (III OF 1960) 1,1899,Court of Record,,7,headnote_only,order_text,unknown
S. 4-Exemption once granted by Government under powers given by second proviso to S. 3 as it originally stood before amendment- Whether enures for all time and available even after amendment of law by East Bengal (Emergency) Requisition of Property (Amendment) Ordinance_S. 3 READ WITH EAST BENGAL (EMERGENCY) REQUISITION OF PROPERLY (AMENDMENT) ORDINANCE (III OF 1960)_1,S. 4-Exemption once granted by Government under powers given by second proviso to S. 3 as it originally stood before amendment- Whether enures for all time and available even after amendment of law by East Bengal (Emergency) Requisition of Property (Amendment) Ordinance S. 3 READ WITH EAST BENGAL (EMERGENCY) REQUISITION OF PROPERLY (AMENDMENT) ORDINANCE (III OF 1960) 1,1899,Court of Record,,7,headnote_only,order_text,unknown
every form of hiba under the Muhammadan Law_MUHAMMADAN LAW GIFT-HIBA - VALIDITY - ESSENTIAL ELEMENTS. IN ORDER TO BE VALID_1,every form of hiba under the Muhammadan Law MUHAMMADAN LAW GIFT-HIBA - VALIDITY - ESSENTIAL ELEMENTS. IN ORDER TO BE VALID 1,A Hiba-Bil-Ewaz Or A Hiba-Ba-Shartul-Ewaz,Court of Record,,6,headnote_only,order_text,unknown
in a divorce by kula some consideration must be given by the wife to the husband for her release from the marital tie. It is in effect an offer from the wife for her release on payment of a compensation. Where a suit filed by the husband for restitution of conjugal rights had been decreed but as against that the wife's suit claiming dissolution of marriage had been dismissed by the trial Court_MUHAMMADAN LAW -DIVORCE-KHULA AND MUBARAAT--DISTINCTION. THERE IS A DIFFERENCE BETWEEN KHULA AND MUBARAAT AND THE MAIN DISTINCTION BETWEEN A KHULA AND MUBARAAT IS THAT IN THE FORMER THE AVERSION IS ON THE SIDE OF THE WIFE AND SHE DESIRES A SEPARATION BUT IN THE LATTER THE AVERSION IS MUTUAL AND BOTH SIDES DESIRE SEPARATION. SECONDLY_1,in a divorce by kula some consideration must be given by the wife to the husband for her release from the marital tie. It is in effect an offer from the wife for her release on payment of a compensation. Where a suit filed by the husband for restitution of conjugal rights had been decreed but as against that the wife's suit claiming dissolution of marriage had been dismissed by the trial Court MUHAMMADAN LAW -DIVORCE-KHULA AND MUBARAAT--DISTINCTION. THERE IS A DIFFERENCE BETWEEN KHULA AND MUBARAAT AND THE MAIN DISTINCTION BETWEEN A KHULA AND MUBARAAT IS THAT IN THE FORMER THE AVERSION IS ON THE SIDE OF THE WIFE AND SHE DESIRES A SEPARATION BUT IN THE LATTER THE AVERSION IS MUTUAL AND BOTH SIDES DESIRE SEPARATION. SECONDLY 1,Therefore,Court of Record,,18,headnote_only,order_text,unknown
S. 5 (5)-Revision filed under S. 115_CODE OF CIVIL PROCEDURE (AMENDMENT) ACT 1963 CODE OF CIVIL PROCEDURE (AMENDMENT) ACT (III OF 1963)_1,S. 5 (5)-Revision filed under S. 115 CODE OF CIVIL PROCEDURE (AMENDMENT) ACT 1963 CODE OF CIVIL PROCEDURE (AMENDMENT) ACT (III OF 1963) 1,"Code Of Civil Procedure (Amendment) Act (Iii Of 1963)Limitation-Period Of Time Spent In Obtaining Copies Of Judgment And Decree Of Lower Appellate Court Or Of Judgment Of First Court To Be Excluded By Way Of """"Concession""""",Court of Record,,11,headnote_only,order_text,unknown
Code of Civil Procedure 1908--101_CODE OF CIVIL PROCEDURE 1908--100_1,Code of Civil Procedure 1908--101 CODE OF CIVIL PROCEDURE 1908--100 1,Limitation Act 1908--12,Court of Record,,3,headnote_only,order_text,unknown
S. 5 (5)-Revision filed under S. 115_CODE OF CIVIL PROCEDURE (AMENDMENT) ACT (III OF 1963)_1,S. 5 (5)-Revision filed under S. 115 CODE OF CIVIL PROCEDURE (AMENDMENT) ACT (III OF 1963) 1,"Code Of Civil Procedure (Amendment) Act (Iii Of 1963)Limitation-Period Of Time Spent In Obtaining Copies Of Judgment And Decree Of Lower Appellate Court Or Of Judgment Of First Court To Be Excluded By Way Of """"Concession""""",Court of Record,,11,headnote_only,order_text,unknown
fourth_PAKISTAN PENAL CODE SS. 141_1,fourth PAKISTAN PENAL CODE SS. 141 1,Held,Court of Record,,12,headnote_only,order_text,unknown
304_SS. 441_1,304 SS. 441 1,& 97---Complainant-Party Going Into And Ploughing Land Possessed By Accused-Unwarranted Aggression With Dominant Intention Of Causing Annoyance-Criminal Trespass,Court of Record,,22,headnote_only,order_text,unknown
304_PAKISTAN PENAL CODE SS. 441_1,304 PAKISTAN PENAL CODE SS. 441 1,& 97---Complainant-Party Going Into And Ploughing Land Possessed By Accused-Unwarranted Aggression With Dominant Intention Of Causing Annoyance-Criminal Trespass,Court of Record,,22,headnote_only,order_text,unknown
Ss. 10_DISPLACED PERSONS (LAND SETTLEMENT) ACT 1958 DISPLACED PERSONS (LAND SETTLEMENT) ACT (XLVII OF 1958)_1,Ss. 10 DISPLACED PERSONS (LAND SETTLEMENT) ACT 1958 DISPLACED PERSONS (LAND SETTLEMENT) ACT (XLVII OF 1958) 1,& 30 (2),Court of Record,,14,headnote_only,order_text,unknown
Ss. 10_DISPLACED PERSONS (LAND SETTLEMENT) ACT (XLVII OF 1958)_1,Ss. 10 DISPLACED PERSONS (LAND SETTLEMENT) ACT (XLVII OF 1958) 1,& 30 (2),Court of Record,,14,headnote_only,order_text,unknown
to proceedings before Rent Controller-Rent Controller has power to set aside an ex parte order under O. IX_SS. 16 & 17-PROVISIONS NEITHER EXHAUSTIVE NOR EXCLUDING APPLICATION OF PROCEDURE PRESCRIBED BY CIVIL PROCEDURE CODE (V OF 1908)_1,to proceedings before Rent Controller-Rent Controller has power to set aside an ex parte order under O. IX SS. 16 & 17-PROVISIONS NEITHER EXHAUSTIVE NOR EXCLUDING APPLICATION OF PROCEDURE PRESCRIBED BY CIVIL PROCEDURE CODE (V OF 1908) 1,S. 141--[Dr. Ilyas Dobash v. Muhammad Iqbal P L D 1,Court of Record,,4,headnote_only,order_text,unknown
to proceedings before Rent Controller-Rent Controller has power to set aside an ex parte order under O. IX_WEST PAKISTAN URBAN RENT RESTRICTION ORDINANCE 1959 SS. 16 & 17-PROVISIONS NEITHER EXHAUSTIVE NOR EXCLUDING APPLICATION OF PROCEDURE PRESCRIBED BY CIVIL PROCEDURE CODE (V OF 1908)_1,to proceedings before Rent Controller-Rent Controller has power to set aside an ex parte order under O. IX WEST PAKISTAN URBAN RENT RESTRICTION ORDINANCE 1959 SS. 16 & 17-PROVISIONS NEITHER EXHAUSTIVE NOR EXCLUDING APPLICATION OF PROCEDURE PRESCRIBED BY CIVIL PROCEDURE CODE (V OF 1908) 1,S. 141--[Dr. Ilyas Dobash v. Muhammad Iqbal P L D 1,Court of Record,,4,headnote_only,order_text,unknown
Rules_ARTS. 39 (4) & 25 AND WEST PAKISTAN LOCAL COUNCILS (RESIGNATION AND REMOVAL OF MEMBERS)_1,Rules ARTS. 39 (4) & 25 AND WEST PAKISTAN LOCAL COUNCILS (RESIGNATION AND REMOVAL OF MEMBERS) 1,Rr. 4 & 6 (2) Provisions Of Art. 39 (4),Court of Record,,3,headnote_only,order_text,unknown
Rules_BASIC DEMOCRACIES ORDER 1959 ARTS. 39 (4) & 25 AND WEST PAKISTAN LOCAL COUNCILS (RESIGNATION AND REMOVAL OF MEMBERS)_1,Rules BASIC DEMOCRACIES ORDER 1959 ARTS. 39 (4) & 25 AND WEST PAKISTAN LOCAL COUNCILS (RESIGNATION AND REMOVAL OF MEMBERS) 1,Rr. 4 & 6 (2) Provisions Of Art. 39 (4),Court of Record,,3,headnote_only,order_text,unknown
Basic Democracies Order (18 of 1959)-Notice_R. 4 READ WITH ART. 25 (4)_1,Basic Democracies Order (18 of 1959)-Notice R. 4 READ WITH ART. 25 (4) 1,Vague Re : Real Charges Against Him,Court of Record,,15,headnote_only,order_text,unknown
"""""in the light"""" of the opinion expressed in letter_CONTEMPT OF COURT -INTERFERENCE WITH ADMINISTRATION OF JUSTICE LETTER WRITTEN BY SUB-DIVISIONAL MAGISTRATE TO SUBORDINATE MAGISTRATE TO """"TAKE ACTION"""" IN RESPECT OF A PENDING CASE OF PUBLIC NUISANCE_1","""""in the light"""" of the opinion expressed in letter CONTEMPT OF COURT -INTERFERENCE WITH ADMINISTRATION OF JUSTICE LETTER WRITTEN BY SUB-DIVISIONAL MAGISTRATE TO SUBORDINATE MAGISTRATE TO """"TAKE ACTION"""" IN RESPECT OF A PENDING CASE OF PUBLIC NUISANCE 1",Purporting To Indicate Bona Fides Of Writer,Court of Record,,6,headnote_only,order_text,unknown
1950 (XXVIII of 1951)_SPECIAL LEAVE TO APPEAL TO SUPREME COURT -GRANTED TO CONSIDER QUESTIONS WHETHER EVIDENCE ADMITTED AT HEARING OF WRIT PETITION WAS PROPERLY ADMITTED ; WHETHER PETITIONER PREFERRING WRIT PETITION HAD LOCUS STANDI TO PREFER SAME; WHETHER ALLEGED DEBUTTAR NATURE OF PROPERTIES ACQUIRED BY PROVINCIAL GOVERNMENT UNDER EAST BENGAL STATE ACQUISITION AND TENANCY ACT_1,1950 (XXVIII of 1951) SPECIAL LEAVE TO APPEAL TO SUPREME COURT -GRANTED TO CONSIDER QUESTIONS WHETHER EVIDENCE ADMITTED AT HEARING OF WRIT PETITION WAS PROPERLY ADMITTED ; WHETHER PETITIONER PREFERRING WRIT PETITION HAD LOCUS STANDI TO PREFER SAME; WHETHER ALLEGED DEBUTTAR NATURE OF PROPERTIES ACQUIRED BY PROVINCIAL GOVERNMENT UNDER EAST BENGAL STATE ACQUISITION AND TENANCY ACT 1,Or Whether The Dedication Was Itself Invalid By Reason Of Ss,Court of Record,,6,headnote_only,order_text,unknown
"S. 2 (2)-""""Evacuee""""-Minor boy of 11 years having """"gone away"""" to India_PAKISTAN (ADMINISTRATION OF EVACUEE PROPERTY) ACT 1957 PAKISTAN (ADMINISTRATION OF EVACUEE PROPERTY) ACT (XII OF 1957)_1","S. 2 (2)-""""Evacuee""""-Minor boy of 11 years having """"gone away"""" to India PAKISTAN (ADMINISTRATION OF EVACUEE PROPERTY) ACT 1957 PAKISTAN (ADMINISTRATION OF EVACUEE PROPERTY) ACT (XII OF 1957) 1",Described In School Record As A Resident Of Jodhpur,Court of Record,,9,headnote_only,order_text,unknown
Pakistan Penal Code 1860--102_PAKISTAN PENAL CODE 1860--100_1,Pakistan Penal Code 1860--102 PAKISTAN PENAL CODE 1860--100 1,Pakistan Penal Code 1860--302,Court of Record,,4,headnote_only,order_text,unknown
abducted in course of violent fight by those having animus against him_SS. 302/109 & 364-ABDUCTION-PERSON_1,abducted in course of violent fight by those having animus against him SS. 302/109 & 364-ABDUCTION-PERSON 1,Held,Court of Record,,14,headnote_only,order_text,unknown
abducted in course of violent fight by those having animus against him_PAKISTAN PENAL CODE SS. 302/109 & 364-ABDUCTION-PERSON_1,abducted in course of violent fight by those having animus against him PAKISTAN PENAL CODE SS. 302/109 & 364-ABDUCTION-PERSON 1,Held,Court of Record,,14,headnote_only,order_text,unknown
12-3-59] -Orders not falling strictly within_WEST PAKISTAN URBAN RENT RESTRICTION ORDINANCE 1959 ----S. 15 [READ WITH WEST PAKISTAN GOVERNMENT NOTIFICATION NO. HG-10-2159 DATED_1,12-3-59] -Orders not falling strictly within WEST PAKISTAN URBAN RENT RESTRICTION ORDINANCE 1959 ----S. 15 [READ WITH WEST PAKISTAN GOVERNMENT NOTIFICATION NO. HG-10-2159 DATED 1,10,Court of Record,,48,headnote_only,order_text,unknown
Ss. 8 read with 7 (iv)(c) and Sch. II_----S. 54 AND COURT FEES ACT (VII OF 1870)_1,Ss. 8 read with 7 (iv)(c) and Sch. II ----S. 54 AND COURT FEES ACT (VII OF 1870) 1,Court Fees Act,Court of Record,,7,headnote_only,order_text,unknown
Ss. 8 read with 7 (iv)(c) and Sch. II_LAND ACQUISITION ACT 1894 ----S. 54 AND COURT FEES ACT (VII OF 1870)_1,Ss. 8 read with 7 (iv)(c) and Sch. II LAND ACQUISITION ACT 1894 ----S. 54 AND COURT FEES ACT (VII OF 1870) 1,Court Fees Act,Court of Record,,7,headnote_only,order_text,unknown
1952-Cannot be convicted under West Pakistan Control of Goondas Ordinance_SIND CONTROL OF GOONDAS ACT (XXVIII OF 1952) AND WEST PAKISTAN CONTROL OF GOONDAS ORDINANCE (XXXV OF 1959)-PERSON CHALLANED UNDER SIND CONTROL OF GOONDAS ACT_1,1952-Cannot be convicted under West Pakistan Control of Goondas Ordinance SIND CONTROL OF GOONDAS ACT (XXVIII OF 1952) AND WEST PAKISTAN CONTROL OF GOONDAS ORDINANCE (XXXV OF 1959)-PERSON CHALLANED UNDER SIND CONTROL OF GOONDAS ACT 1,S. 4General Clauses Act (X Of 1897),Court of Record,,13,headnote_only,order_text,unknown
1952-Cannot be convicted under West Pakistan Control of Goondas Ordinance_SINDH CONTROL OF GOONDAS ACT 1952 SIND CONTROL OF GOONDAS ACT (XXVIII OF 1952) AND WEST PAKISTAN CONTROL OF GOONDAS ORDINANCE (XXXV OF 1959)-PERSON CHALLANED UNDER SIND CONTROL OF GOONDAS ACT_1,1952-Cannot be convicted under West Pakistan Control of Goondas Ordinance SINDH CONTROL OF GOONDAS ACT 1952 SIND CONTROL OF GOONDAS ACT (XXVIII OF 1952) AND WEST PAKISTAN CONTROL OF GOONDAS ORDINANCE (XXXV OF 1959)-PERSON CHALLANED UNDER SIND CONTROL OF GOONDAS ACT 1,S. 4General Clauses Act (X Of 1897),Court of Record,,13,headnote_only,order_text,unknown
proviso second_DISPLACED PERSONS (COMPENSATION AND REHABILITATION) ACT 1958 -----SCHD. PARA. 1_1,proviso second DISPLACED PERSONS (COMPENSATION AND REHABILITATION) ACT 1958 -----SCHD. PARA. 1 1,Period Previous To Date Of Allotment Order Held,Court of Record,,13,headnote_only,order_text,unknown
Secretary General) to be impleaded as necessary arty-Appellant instead of irnpleading 'Secretary of State through Collector impleading only Collector having been misled by fact that name of Secretary of State did not actually figure before lower Court-Case_LAND ACQUISITION ACT 1894 ------S. 54-APPEAL ON POINT OF VALUATION OF LAND-SECRETARY OF STATE (IN AZAD J & K_1,Secretary General) to be impleaded as necessary arty-Appellant instead of irnpleading 'Secretary of State through Collector impleading only Collector having been misled by fact that name of Secretary of State did not actually figure before lower Court-Case LAND ACQUISITION ACT 1894 ------S. 54-APPEAL ON POINT OF VALUATION OF LAND-SECRETARY OF STATE (IN AZAD J & K 1,Fit For Extension Of Benefit Under S. 5,Court of Record,,12,headnote_only,order_text,unknown
Secretary General) to be impleaded as necessary arty-Appellant instead of irnpleading 'Secretary of State through Collector impleading only Collector having been misled by fact that name of Secretary of State did not actually figure before lower Court-Case_------S. 54-APPEAL ON POINT OF VALUATION OF LAND-SECRETARY OF STATE (IN AZAD J & K_1,Secretary General) to be impleaded as necessary arty-Appellant instead of irnpleading 'Secretary of State through Collector impleading only Collector having been misled by fact that name of Secretary of State did not actually figure before lower Court-Case ------S. 54-APPEAL ON POINT OF VALUATION OF LAND-SECRETARY OF STATE (IN AZAD J & K 1,Fit For Extension Of Benefit Under S. 5,Court of Record,,12,headnote_only,order_text,unknown
r. 17 and O. XXII_CIVIL PROCEDURE CODE --ORDER VI OF C.P.C. PLEADING GENERALLY -----O. VI_1,r. 17 and O. XXII CIVIL PROCEDURE CODE --ORDER VI OF C.P.C. PLEADING GENERALLY -----O. VI 1,Though Estopped From Challenging Order Allowing Amendment,Court of Record,,9,headnote_only,order_text,unknown
"r. 7-Compromise by next friend or guardian-Court before granting leave must exercise judicial discretion as to propriety of compromise in interests of minors and must have before it materials to satisfy its mind for declaring in clear terms that compromise was for benefit of minors-Court recording """"simply in case of compromise the minor-plaintiffs do not stand to lose anything . . . . . . therefore_CIVIL PROCEDURE CODE --ORDER XXXII OF C.P.C. SUITS BY OR AGAINST MINORS AND PERSONS OF UNSOUND MIND -----O. XXXII_1","r. 7-Compromise by next friend or guardian-Court before granting leave must exercise judicial discretion as to propriety of compromise in interests of minors and must have before it materials to satisfy its mind for declaring in clear terms that compromise was for benefit of minors-Court recording """"simply in case of compromise the minor-plaintiffs do not stand to lose anything . . . . . . therefore CIVIL PROCEDURE CODE --ORDER XXXII OF C.P.C. SUITS BY OR AGAINST MINORS AND PERSONS OF UNSOUND MIND -----O. XXXII 1",Held,Court of Record,,5,headnote_only,order_text,unknown
both the parties proceeded on the footing that the property in dispute was under Rs. 15_APPROBATION AND REPROBATION -DOCTRINE APPLICABLE WHERE PARTIES CONCEDED THAT SUIT PROPERTY WAS VALUED AT A CERTAIN FIXED AMOUNT. IN THE COURT OF APPEAL BELOW_1,both the parties proceeded on the footing that the property in dispute was under Rs. 15 APPROBATION AND REPROBATION -DOCTRINE APPLICABLE WHERE PARTIES CONCEDED THAT SUIT PROPERTY WAS VALUED AT A CERTAIN FIXED AMOUNT. IN THE COURT OF APPEAL BELOW 1,It Would Not Be Competent Now For The Defendant To Turn Round And Say That The Valuation Was Above Rs. 15,Court of Record,,33,headnote_only,order_text,unknown
the effect of that decision would be that the Court assumes jurisdiction in a case which_CODE OF CIVIL PROCEDURE 1908 ------S. 115-REVISIONQUESTION OF LIMITATION DECIDED WRONGLY-COURT ASSUMES JURISDICTION IN CASE-REVISION LIES. IF THE QUESTION OF LIMITATION .HAS BEEN DECIDED WRONGLY_1,the effect of that decision would be that the Court assumes jurisdiction in a case which CODE OF CIVIL PROCEDURE 1908 ------S. 115-REVISIONQUESTION OF LIMITATION DECIDED WRONGLY-COURT ASSUMES JURISDICTION IN CASE-REVISION LIES. IF THE QUESTION OF LIMITATION .HAS BEEN DECIDED WRONGLY 1,Should Not Be Heard By Him And That Consequently The Matter Falls Within Section 115,Court of Record,,3,headnote_only,order_text,unknown
Criminal Procedure Code (Cr.P.C) 1898--374_CRIMINAL PROCEDURE CODE (CR.P.C) 1898--369_1,Criminal Procedure Code (Cr.P.C) 1898--374 CRIMINAL PROCEDURE CODE (CR.P.C) 1898--369 1,Criminal Procedure Code (Cr.P.C) 1898--423,Court of Record,,4,headnote_only,order_text,unknown
331 & 338-G---Diyat_SS. 302 (B)_1,331 & 338-G---Diyat SS. 302 (B) 1,2007,Court of Record,,33,headnote_only,order_text,unknown
4_SS.3_1,4 SS.3 1,Is Not Confined To Cases Involving Land Grabbers Or Qabza Mafia But Extends To Any Person Who Has Been Illegally Dispossessed From Immovable Property,Court of Record,,19,headnote_only,order_text,unknown
Criminal Procedure Code (Cr.P.C) 1898--342_CRIMINAL PROCEDURE CODE (CR.P.C) 1898--237_1,Criminal Procedure Code (Cr.P.C) 1898--342 CRIMINAL PROCEDURE CODE (CR.P.C) 1898--237 1,Defective Charge--Term,Court of Record,,4,headnote_only,order_text,unknown
Art. 185(3)---Sentence_PAKISTAN PENAL CODE ----S. 379---CONSTITUTION OF PAKISTAN (1973)_1,Art. 185(3)---Sentence PAKISTAN PENAL CODE ----S. 379---CONSTITUTION OF PAKISTAN (1973) 1,P.P.C. And Were Sentenced To 3 Years' Imprisonment And Had Undergone Some Period Of Sentence---Effect---Conviction Of The Accused Persons Under S.379,Court of Record,,42,headnote_only,order_text,unknown
1993_PLC(CS)_4,1993 PLC(CS) 14,ZAKRIA KHAN BABAR v. GOVERNMENT OF PAKISTAN,Federal-Service-Tribunal,1993-01-01,167,headnote_only,order_text,unknown
S.7(c)---Appraisal of evidence---Firing was attributed to all the four accused in the promptly lodged written report_S. 396/34---ANTI-TERRORISM ACT (XXVII OF 1997)_1,S.7(c)---Appraisal of evidence---Firing was attributed to all the four accused in the promptly lodged written report S. 396/34---ANTI-TERRORISM ACT (XXVII OF 1997) 1,Yet The Incident Having Taken Place In Broad-Daylight And All The Witnesses Having Had Sufficient Time And Opportunity To See The Accused Persons,Court of Record,,17,headnote_only,order_text,unknown
Pakistan Penal Code 1860--148_CRIMINAL PROCEDURE CODE (CR.P.C) 1898--514_1,Pakistan Penal Code 1860--148 CRIMINAL PROCEDURE CODE (CR.P.C) 1898--514 1,Pakistan Penal Code 1860--302,Court of Record,,4,headnote_only,order_text,unknown
1993_PLC(CS)_9,1993 PLC(CS) 52,"MEAD JAFAR HUSSAIN v. CHAIRMAN, CENTRAL BOARD OF REVENUE, ISLAMABAD",Federal-Service-Tribunal,1993-01-01,73,headnote_only,order_text,unknown
1993_PLC(CS)_13,1993 PLC(CS) 68,AMANULLAH KHAN v. WATER AND POWER DEVELOPMENT AUTHORITY,Service-Tribunal-Punjab,1993-01-01,168,headnote_only,order_text,unknown
common intention---Reappraisal of evidence---Unnatural conduct of witnesses---Accused were charged for committing murder of the deceased and causing injuries to the injured---Conduct allegedly exhibited by the complainant party was offensive to normal human conduct_SS. 302(B) & 34---QATL-I-AMD_1,common intention---Reappraisal of evidence---Unnatural conduct of witnesses---Accused were charged for committing murder of the deceased and causing injuries to the injured---Conduct allegedly exhibited by the complainant party was offensive to normal human conduct SS. 302(B) & 34---QATL-I-AMD 1,It Was Reasonable To Assume That The Prosecution Witnesses Would Not Let The Perpetrators Go Scot-Free After The Murder Of Their Loved Ones In The Normal Course Of Events,Court of Record,,30,headnote_only,order_text,unknown
Ss. 497 (5)_CRIMINAL PROCEDURE CODE (CR.P.C) CRIMINAL PROCEDURE CODE (V OF 1898)_1,Ss. 497 (5) CRIMINAL PROCEDURE CODE (CR.P.C) CRIMINAL PROCEDURE CODE (V OF 1898) 1,Criminal Procedure Code-Cannot Be Cancelled Under S. 497 (5),Court of Record,,3,headnote_only,order_text,unknown
r. 6-Exparte order be Passed and not order under O. XVII_O. IX_1,r. 6-Exparte order be Passed and not order under O. XVII O. IX 1,R. 3,Court of Record,,14,headnote_only,order_text,unknown
r. 6-Exparte order be Passed and not order under O. XVII_CIVIL PROCEDURE CODE --ORDER IX OF C.P.C. APPEARANCE OF PARTIES AND CONSEQUENCE OF NON-APPEARANCE O. IX_1,r. 6-Exparte order be Passed and not order under O. XVII CIVIL PROCEDURE CODE --ORDER IX OF C.P.C. APPEARANCE OF PARTIES AND CONSEQUENCE OF NON-APPEARANCE O. IX 1,R. 3,Court of Record,,14,headnote_only,order_text,unknown
376 & 34---Forcible abduction_SS. 365-B_1,376 & 34---Forcible abduction SS. 365-B 1,Common Intention---Reappraisal Of Evidence---Unexplained Delay Of 3/4 Days In Lodging The Fir---Consequential---Accused Persons Were Convicted And Sentenced By Trial Court For Abducting Daughter Of Complainant And Committing Rape With Her-,Court of Record,,6,headnote_only,order_text,unknown
376 & 34---Qanun-e-Shahadat (10 of 1984)_SS. 365-B_1,376 & 34---Qanun-e-Shahadat (10 of 1984) SS. 365-B 1,Rape,Court of Record,,48,headnote_only,order_text,unknown
authority of---Scope---Plea of guilt---Question as to whether defense counsel for an accused had the authority to concede guilt despite accused wanting to plead not guilty---Accused_RIGHT TO ASSISTANCE OF COUNSEL---COUNSEL REPRESENTING THE ACCUSED_1,authority of---Scope---Plea of guilt---Question as to whether defense counsel for an accused had the authority to concede guilt despite accused wanting to plead not guilty---Accused RIGHT TO ASSISTANCE OF COUNSEL---COUNSEL REPRESENTING THE ACCUSED 1,Pleaded Not Guilty To Murder,Court of Record,,36,headnote_only,order_text,unknown
who had statedly acted on a tip off to confront the accused at the designated point; they subdued the accused with the contraband and a motorbike_S. 9(C)---POSSESSION OF 7200 GRAMS OF CANNABIS---REAPPRAISAL OF EVIDENCE---PROSECUTION CASE WAS PRIMARILY STRUCTURED UPON THE STATEMENTS OF OFFICIAL OF THE ANTI-NARCOTIC FORCE_1,who had statedly acted on a tip off to confront the accused at the designated point; they subdued the accused with the contraband and a motorbike S. 9(C)---POSSESSION OF 7200 GRAMS OF CANNABIS---REAPPRAISAL OF EVIDENCE---PROSECUTION CASE WAS PRIMARILY STRUCTURED UPON THE STATEMENTS OF OFFICIAL OF THE ANTI-NARCOTIC FORCE 1,Thus,Court of Record,,25,headnote_only,order_text,unknown
1974 (VIII of 1975)_S. 3---FEDERAL INVESTIGATION AGENCY ACT_1,1974 (VIII of 1975) S. 3---FEDERAL INVESTIGATION AGENCY ACT 1,Art. 184(3)-,Court of Record,,8,headnote_only,order_text,unknown
2015_S. 13(1)(J)---PAKISTAN BAR COUNCIL LEGAL EDUCATION RULES_1,2015 S. 13(1)(J)---PAKISTAN BAR COUNCIL LEGAL EDUCATION RULES 1,Iv,Court of Record,2015-01-01,33,headnote_only,order_text,unknown
S. 149---Causing injuries after forming an unlawful assembly---Bail_S. 497---PENAL CODE (XLV OF 1860)_1,S. 149---Causing injuries after forming an unlawful assembly---Bail S. 497---PENAL CODE (XLV OF 1860) 1,After Forming An Unlawful Assembly,Court of Record,,76,headnote_only,order_text,unknown
S. 302(b)---Qatl-i-amd---Bail_S. 497(2)---PENAL CODE (XLV OF 1860)_1,S. 302(b)---Qatl-i-amd---Bail S. 497(2)---PENAL CODE (XLV OF 1860) 1,Which Were Individually Assigned To The Nominated Co-Accused Persons---Attribution Belatedly Assigned To The Accused Did Not Correspond Both With The Findings Recorded By The Medical Officer As Well As The Number Of Unknown Assailants Mentioned In The Crime Report---Although The Accused Was Identified By The Witnesses In A Test Identification Parade,Court of Record,,9,headnote_only,order_text,unknown
(as amended by Punjab Public Safety (Amendment) Act IV of 9950)_PUNJAB PUBLIC SAFETY ACT 1949 PUNJAB PUBLIC SAFETY ACT (X 17111 OF 1949)_1,(as amended by Punjab Public Safety (Amendment) Act IV of 9950) PUNJAB PUBLIC SAFETY ACT 1949 PUNJAB PUBLIC SAFETY ACT (X 17111 OF 1949) 1,Crown Proviso And S. 37-Case Instituted In Court Of Session Before 15Th August,Court of Record,,5,headnote_only,order_text,unknown
in injured condition_S.302(B)---QATL-I-AMD---REAPPRAISAL OF EVIDENCE---BENEFIT OF DOUBT---DECEASED_1,in injured condition S.302(B)---QATL-I-AMD---REAPPRAISAL OF EVIDENCE---BENEFIT OF DOUBT---DECEASED 1,Well-Oriented With Stable Vitals,Court of Record,,4,headnote_only,order_text,unknown
1935_GOVERNMENT OF INDIA ACT 1935 PUNJAB PUBLIC SAFETY ACT (II OF 1947)---WHETHER ULTRA VIRES OF GOVERNOR-GOVERNMENT OF INDIA ACT_1,1935 GOVERNMENT OF INDIA ACT 1935 PUNJAB PUBLIC SAFETY ACT (II OF 1947)---WHETHER ULTRA VIRES OF GOVERNOR-GOVERNMENT OF INDIA ACT 1,Provincial Legislative List. (List 11) No. 1; Concurrent List,Court of Record,1935-01-01,8,headnote_only,order_text,unknown
1860_PAKISTAN PENAL CODE INDIAN PENAL CODE_1,1860 PAKISTAN PENAL CODE INDIAN PENAL CODE 1,1860,Court of Record,1860-01-01,72,headnote_only,order_text,unknown
meaning thereby a person who is of sound mind and has the mental capacity to understand the legal implications of his act of making a gift_GIFT---PRE-REQUISITES----DONER SHOULD BE COMPOS MENTIS_1,meaning thereby a person who is of sound mind and has the mental capacity to understand the legal implications of his act of making a gift GIFT---PRE-REQUISITES----DONER SHOULD BE COMPOS MENTIS 1,The Constituents And Components Of A Valid Gift Are Tender,Court of Record,,69,headnote_only,order_text,unknown
Colonization of Government Lands (Sindh) Act 1912--17_COLONIZATION OF GOVERNMENT LANDS (SINDH) ACT 1912--10_1,Colonization of Government Lands (Sindh) Act 1912--17 COLONIZATION OF GOVERNMENT LANDS (SINDH) ACT 1912--10 1,Malir Development Authority Act 1994--4,Court of Record,,5,headnote_only,order_text,unknown
8(2)(iii)_SS. 4_1,8(2)(iii) SS. 4 1,Ss. 10(2A),Court of Record,,21,headnote_only,order_text,unknown
cancellation of---Suit for declaration and cancellation of registered gift deed---Property in question was originally owned by the plaintiff's (respondent's) father_SS. 39 & 42---GIFT DEED_1,cancellation of---Suit for declaration and cancellation of registered gift deed---Property in question was originally owned by the plaintiff's (respondent's) father SS. 39 & 42---GIFT DEED 1,Plaintiff Raised Construction On The Land And Also Executed A Power Of Attorney In The Name Of His Father For Administration And Supervision Of The Property,Court of Record,,49,headnote_only,order_text,unknown
Lahore_CRIMINAL PROCEDURE CODE (CR.P.C) SS. 164 AND 364-PROVISIONS DISREGARDED IN RECORDING CONFESSION--HIGH COURT_1,Lahore CRIMINAL PROCEDURE CODE (CR.P.C) SS. 164 AND 364-PROVISIONS DISREGARDED IN RECORDING CONFESSION--HIGH COURT 1,Chapter Xiii,Court of Record,,9,headnote_only,order_text,unknown
Lahore_SS. 164 AND 364-PROVISIONS DISREGARDED IN RECORDING CONFESSION--HIGH COURT_1,Lahore SS. 164 AND 364-PROVISIONS DISREGARDED IN RECORDING CONFESSION--HIGH COURT 1,Chapter Xiii,Court of Record,,9,headnote_only,order_text,unknown
Kidnapping or abduction for ransom--Term_ANTI-TERRORISM ACT 1997--7_1,Kidnapping or abduction for ransom--Term ANTI-TERRORISM ACT 1997--7 1,Pakistan Penal Code 1860--34,Court of Record,,4,headnote_only,order_text,unknown
Ss. 365-A_S. 7---PENAL CODE (XLV OF 1860)_1,Ss. 365-A S. 7---PENAL CODE (XLV OF 1860) 1,Art. 22---Constitution Of Pakistan,Court of Record,,46,headnote_only,order_text,unknown
Election Act 2017--231_CRIMINAL PROCEDURE CODE (CR.P.C) 1898--87_1,Election Act 2017--231 CRIMINAL PROCEDURE CODE (CR.P.C) 1898--87 1,Election Act 2017--62,Court of Record,,2,headnote_only,order_text,unknown
S. 491?Whether can be invoked. Under S. 491_PERSON DETAINED UNDER ?CRIMINAL PROCEDURE CODE (V OF 1898)_1,S. 491?Whether can be invoked. Under S. 491 PERSON DETAINED UNDER ?CRIMINAL PROCEDURE CODE (V OF 1898) 1,Criminal Procedure Code,Court of Record,,40,headnote_only,order_text,unknown
and that the property comprised therein has been dealt with by the Wakif as his own_MUSSALMAN WAKF VALIDATING ACT 1913 WAKF--CONDITIONS OF VALID WAKF. IT IS NO DOUBT A LAW THAT THE VALIDITY OF A WAKF INVOLVES THAT THERE WAS AN INTENTION TO DEDICATE ON THE PART OF THE WAKIF. WHERE THERE IS EVIDENCE THAT A WAQFNAMA HAS BEEN RETAINED BY THE WAQIF AND NEVER ACTED UPON_1,and that the property comprised therein has been dealt with by the Wakif as his own MUSSALMAN WAKF VALIDATING ACT 1913 WAKF--CONDITIONS OF VALID WAKF. IT IS NO DOUBT A LAW THAT THE VALIDITY OF A WAKF INVOLVES THAT THERE WAS AN INTENTION TO DEDICATE ON THE PART OF THE WAKIF. WHERE THERE IS EVIDENCE THAT A WAQFNAMA HAS BEEN RETAINED BY THE WAQIF AND NEVER ACTED UPON 1,And That The Deed Was Designed Merely To Provide A Shield Against Possible Claims Which The Waqif Anticipated Might Be Made Against Him (See Muhammad Ali Muhammad Khan v. Mst Bismilla Begum,Court of Record,,4,headnote_only,order_text,unknown
is filed to set aside an arbitrators award and is dismissed in default_AWARD AWARD-OBJECTIONS AGAINST DISMISSED IN DEFAULT-JUDGMENT IN ACCORDANCE WITH AWARD-HELD NOT EX-PARTE. WHEN AN APPLICATION_1,is filed to set aside an arbitrators award and is dismissed in default AWARD AWARD-OBJECTIONS AGAINST DISMISSED IN DEFAULT-JUDGMENT IN ACCORDANCE WITH AWARD-HELD NOT EX-PARTE. WHEN AN APPLICATION 1,Therefore,Court of Record,,6,headnote_only,order_text,unknown
Ss.302_--S. 514---PENAL CODE (XLV OF 1860)_1,Ss.302 --S. 514---PENAL CODE (XLV OF 1860) 1,395,Court of Record,,46,headnote_only,order_text,unknown
1949_PLD_229,1949 PLD 229,Ramkrishna Krishnarao Kulkarni v. Ramchandra Shrin1Was Kulkarni,Court of Record,1949-01-01,28,headnote_only,order_text,unknown
S. 115(c) --- Constitution of Pakistan (1973)_----SS.4 & 21---CIVIL PROCEDURE CODE (V OF 1908)_1,S. 115(c) --- Constitution of Pakistan (1973) ----SS.4 & 21---CIVIL PROCEDURE CODE (V OF 1908) 1,Therefore,Court of Record,,26,headnote_only,order_text,unknown
231 & 232---Constitution of Pakistan_SS. 62_1,231 & 232---Constitution of Pakistan SS. 62 1,"S. 87---Elections For Seat Of National Assembly---Nomination Papers---Proclaimed Offender---Nomination Papers Of Petitioner (Candidate) Rejected By The High Court On The Ground That He Was A Proclaimed Offender In A Criminal Case---Validity---Counsel For The Election Commission Of Pakistan (Ecp) Could Not Show Any Proclamation Issued Against The Petitionerunder Section 87 Of The Code Of Criminal Procedure 1898 (""""Cr.P.C."""")---Objector",Court of Record,,22,headnote_only,order_text,unknown
1993_PLC(CS)_107,1993 PLC(CS) 552,"SHAKIR HUSSAIN v. CHAIRMAN, PAKISTAN ' INTERNATIONAL AIRLINES CORPORATION, KARACHI AIRPORT, KARACHI",Federal-Service-Tribunal,1993-01-01,23,headnote_only,order_text,unknown
Ss. 423 and 439At_CRIMINAL PROCEDURE CODE (V OF 1898)_1,Ss. 423 and 439At CRIMINAL PROCEDURE CODE (V OF 1898) 1,As Well As,Court of Record,,17,headnote_only,order_text,unknown
Indian Independence Act 1947--6_INDIAN INDEPENDENCE ACT 1947--5_1,Indian Independence Act 1947--6 INDIAN INDEPENDENCE ACT 1947--5 1,Indian Independence Act 1947--8,Court of Record,,5,headnote_only,order_text,unknown
Criminal Procedure Code (Cr.P.C) 1898--497_CASE OF CROSS VERSIONS--TERM_1,Criminal Procedure Code (Cr.P.C) 1898--497 CASE OF CROSS VERSIONS--TERM 1,Pakistan Penal Code 1860--109,Court of Record,,4,headnote_only,order_text,unknown
1993_PLC(CS)_108,1993 PLC(CS) 553,"MUHAMMAD YOUSUF v. CHAIRMAN, ZONAL MUNICIPAL COMMITTEE, (DISTRICT CENTRAL), KARACHI","Honorable Justice Agha Ali Hyder - M. Siddiq Malik , M. Zaman Khan Labour-Appellate-Tribunal-Sindh",1993-01-01,85,headnote_only,order_text,unknown
1993_PLC(CS)_111,1993 PLC(CS) 560,"MUHAMMAD INAYAT v. PRESIDING OFFICER, IVTH SINDH LABOUR COURT, KARACHI","Honorable Justice Agha Ali Hyder - Gohar Lqbal , Abdus Samad Labour-Appellate-Tribunal-Sindh",1993-01-01,32,headnote_only,order_text,unknown
S.5---Constitution of Pakistan (1973)_----S.4(1)---LIMITATION ACT (IX OF 1908)_1,S.5---Constitution of Pakistan (1973) ----S.4(1)---LIMITATION ACT (IX OF 1908) 1,And Thereafter Filed Petitions Before Supreme Court,Court of Record,,11,headnote_only,order_text,disposed_of
1993_PLC(CS)_112,1993 PLC(CS) 564,"HOLIDAY INN, KARACHI v. MUHAMMAD AKRAM NASIM",Honorable Justice Agha Ali Hyder - Muhammad Humayun Labour-Appellate-Tribunal-Sindh,1993-01-01,78,headnote_only,order_text,unknown
1993_PLC(CS)_116,1993 PLC(CS) 569,"ABDUL KHABEER v. NATIONAL TILES AND CERAMICS LTD., KARACHI","Honorable Justice Agha Ali Hyder - Faiz Ghangro , Faseehuddin Ahmed Labour-Appellate-Tribunal-Sindh",1993-01-01,31,headnote_only,order_text,unknown
though disguised in the garb of a declaratory decree with or without consequential relief_IT IS THUS OPEN TO THIS COURT TO SEE WHAT THE NATURE OF THE SUIT IS. IF A SUBSTANTIVE RELIEF IS CLAIMED_1,though disguised in the garb of a declaratory decree with or without consequential relief IT IS THUS OPEN TO THIS COURT TO SEE WHAT THE NATURE OF THE SUIT IS. IF A SUBSTANTIVE RELIEF IS CLAIMED 1,And If The Court Is Satisfied That It Is A Substantive Relief Which Is Aimed At,Court of Record,,12,headnote_only,order_text,unknown
mere inaction by a claimant within time allowed by the statute cannot be treated as evidence that he has waived or abandoned his rights_SPECIFIC RELIEF ACT 1877 IT IS WELL-SETTLED THAT WHERE A STATUTE OF LIMITATION IMPOSES A BAR_1,mere inaction by a claimant within time allowed by the statute cannot be treated as evidence that he has waived or abandoned his rights SPECIFIC RELIEF ACT 1877 IT IS WELL-SETTLED THAT WHERE A STATUTE OF LIMITATION IMPOSES A BAR 1,The Claimant Does Nothing,Court of Record,,21,headnote_only,order_text,unknown
1993_PLC(CS)_117,1993 PLC(CS) 571,"AMJAD ALI SHAMI v. SECRETARY, MINISTRY OF DEFENCE, RAWALPINDI","Honorable Justice Syed Ally Madad Shah - , Nemo, Abdul Hakeem & Sarfaraz Mahmood Federal-Service-Tribunal",1993-01-01,90,headnote_only,order_text,unknown
1872_EVIDENCE ACT 1872 - INDIAN EVIDENCE ACT_1,1872 EVIDENCE ACT 1872 - INDIAN EVIDENCE ACT 1,Who He Criminates,Court of Record,1872-01-01,5,headnote_only,order_text,unknown
1872_- INDIAN EVIDENCE ACT_1,1872 - INDIAN EVIDENCE ACT 1,Who He Criminates,Court of Record,1872-01-01,5,headnote_only,order_text,unknown
1860)_INDIAN PENAL CODE_1,1860) INDIAN PENAL CODE 1,457,Court of Record,,31,headnote_only,order_text,unknown
1860)_PAKISTAN PENAL CODE INDIAN PENAL CODE_1,1860) PAKISTAN PENAL CODE INDIAN PENAL CODE 1,457,Court of Record,,31,headnote_only,order_text,unknown
1908_CIVIL PROCEDURE CODE_1,1908 CIVIL PROCEDURE CODE 1,R. 3,Court of Record,1908-01-01,3,headnote_only,order_text,unknown
1980_----S.30---SUPREME COURT RULES_1,1980 ----S.30---SUPREME COURT RULES 1,R.I.---Review Of Supreme Court Judgment---Finding Of Fact ---Pre-Emption Suit---Limitation---Computation Of,Court of Record,1980-01-01,23,headnote_only,order_text,unknown
S. 537----Complaint lodged by police instead of by Executive Officer as required by section 174 Quetta Municipal Law-Accused pleading guilty-Irregularity_CRIMINAL PROCEDURE CODE (CR.P.C) CRIMINAL PROCEDURE CODE (V OF 1898)_1,S. 537----Complaint lodged by police instead of by Executive Officer as required by section 174 Quetta Municipal Law-Accused pleading guilty-Irregularity CRIMINAL PROCEDURE CODE (CR.P.C) CRIMINAL PROCEDURE CODE (V OF 1898) 1,Doe'S Not Vitiate Proceedings. In This Case,Court of Record,,46,headnote_only,order_text,unknown
S. 345 (21-Case under section 420 Indian Penal Code instituted on police-report-Court granting permission to compound over the head of the Crown-Permission_CRIMINAL PROCEDURE CODE (CR.P.C) CRIMINAL PROCEDURE CODE (V OF 1898)_1,S. 345 (21-Case under section 420 Indian Penal Code instituted on police-report-Court granting permission to compound over the head of the Crown-Permission CRIMINAL PROCEDURE CODE (CR.P.C) CRIMINAL PROCEDURE CODE (V OF 1898) 1,Indian Penal Code Can Be Compounded By The Person Cheated With The Court'S Permission,Court of Record,,63,headnote_only,order_text,unknown
S. 439-Order of acquittal by Magistrate passed after permitting compromise of case instituted on police-report under section 420 Indian Penal Code---Acquittal can be set aside in revision and retrial ordered even in absence of appeal by Local Government. The revisional jurisdiction of this Court under section 439_CRIMINAL PROCEDURE CODE (V OF 1898)_1,S. 439-Order of acquittal by Magistrate passed after permitting compromise of case instituted on police-report under section 420 Indian Penal Code---Acquittal can be set aside in revision and retrial ordered even in absence of appeal by Local Government. The revisional jurisdiction of this Court under section 439 CRIMINAL PROCEDURE CODE (V OF 1898) 1,Legality,Court of Record,,7,headnote_only,order_text,unknown
S. 439-Order of acquittal by Magistrate passed after permitting compromise of case instituted on police-report under section 420 Indian Penal Code---Acquittal can be set aside in revision and retrial ordered even in absence of appeal by Local Government. The revisional jurisdiction of this Court under section 439_PAKISTAN PENAL CODE CRIMINAL PROCEDURE CODE (V OF 1898)_1,S. 439-Order of acquittal by Magistrate passed after permitting compromise of case instituted on police-report under section 420 Indian Penal Code---Acquittal can be set aside in revision and retrial ordered even in absence of appeal by Local Government. The revisional jurisdiction of this Court under section 439 PAKISTAN PENAL CODE CRIMINAL PROCEDURE CODE (V OF 1898) 1,Legality,Court of Record,,7,headnote_only,order_text,unknown
rape---Reappraisal of evidence---Benefit of doubt---Contradictions in the statement of victim---Accused-petitioner was charged for abduction and raping the daughter of the complainant---Alleged abductee/victim had categorically stated that she was in contact with the petitioner through cell phone prior to the occurrence---Victim further stated that on the day of occurrence_SS. 365-B & 376---FORCIBLE ABDUCTION_1,rape---Reappraisal of evidence---Benefit of doubt---Contradictions in the statement of victim---Accused-petitioner was charged for abduction and raping the daughter of the complainant---Alleged abductee/victim had categorically stated that she was in contact with the petitioner through cell phone prior to the occurrence---Victim further stated that on the day of occurrence SS. 365-B & 376---FORCIBLE ABDUCTION 1,Whereupon She Went Out Of Her House And Thereafter The Petitioner Took Her To A Vacant House Where He Committed Sexual Intercourse With Her---Alleged Abductee Had Not Stated That The Petitioner Was Carrying Any Weapon At The Time Of Her Alleged Abduction---Even Otherwise,Court of Record,,7,headnote_only,order_text,unknown
(V of 1908)_CIVIL PROCEDURE CODE --ORDER IX OF C.P.C. APPEARANCE OF PARTIES AND CONSEQUENCE OF NON-APPEARANCE CIVIL PROCEDURE CODE_1,(V of 1908) CIVIL PROCEDURE CODE --ORDER IX OF C.P.C. APPEARANCE OF PARTIES AND CONSEQUENCE OF NON-APPEARANCE CIVIL PROCEDURE CODE 1,R. 3 And O. 17,Court of Record,,25,headnote_only,order_text,unknown
(V of 1908)_CIVIL PROCEDURE CODE_1,(V of 1908) CIVIL PROCEDURE CODE 1,R. 3 And O. 17,Court of Record,,25,headnote_only,order_text,unknown
S. 22-Barring Courts from questioning order of Rent Controller-Nevertheless order_SIND RENT RESTRICTION ACT (X OF 1947) AS AMENDED BY ACT (XXVI OF 1948)_1,S. 22-Barring Courts from questioning order of Rent Controller-Nevertheless order SIND RENT RESTRICTION ACT (X OF 1947) AS AMENDED BY ACT (XXVI OF 1948) 1,Open T,Court of Record,,27,headnote_only,order_text,unknown
S. 22-Barring Courts from questioning order of Rent Controller-Nevertheless order_SINDH RENT RESTRICTION ACT 1947 SIND RENT RESTRICTION ACT (X OF 1947) AS AMENDED BY ACT (XXVI OF 1948)_1,S. 22-Barring Courts from questioning order of Rent Controller-Nevertheless order SINDH RENT RESTRICTION ACT 1947 SIND RENT RESTRICTION ACT (X OF 1947) AS AMENDED BY ACT (XXVI OF 1948) 1,Open T,Court of Record,,27,headnote_only,order_text,unknown
who was deemed to be a civil servant for purposes of Service Tribunals Act_SERVICE TRIBUNALS ACT 1973 ----SS.2-A & 4---ANNEAL BEFORE SERVICE TRIBUNAL---RIGHT OF FILING DEPARTMENTAL REPRESENTATION---PERSON_1,who was deemed to be a civil servant for purposes of Service Tribunals Act SERVICE TRIBUNALS ACT 1973 ----SS.2-A & 4---ANNEAL BEFORE SERVICE TRIBUNAL---RIGHT OF FILING DEPARTMENTAL REPRESENTATION---PERSON 1,Could Make A Representation Before Competent Authority,Court of Record,,8,headnote_only,order_text,unknown
Ss. 302 & 337-A(i)---Constitution of Pakistan_S. 498---PENAL CODE (XLV OF 1860)_1,Ss. 302 & 337-A(i)---Constitution of Pakistan S. 498---PENAL CODE (XLV OF 1860) 1,Shajjah-I-Khafifah---Pre-Arrest Bail,Court of Record,,67,headnote_only,order_text,unknown
S. 58-Claim based on mortgage of shops for a sum-Constitutes a claim to immovable property. As soon as Moiz-ud-Din created a mortgage for a sum in the property comprised in the mortgage_TRANSFER OF PROPERTY ACT 1882 THE TRANSFER OF PROPERTY ACT (IV OF 1882)_1,S. 58-Claim based on mortgage of shops for a sum-Constitutes a claim to immovable property. As soon as Moiz-ud-Din created a mortgage for a sum in the property comprised in the mortgage TRANSFER OF PROPERTY ACT 1882 THE TRANSFER OF PROPERTY ACT (IV OF 1882) 1,(Shops),Court of Record,,35,headnote_only,order_text,unknown
Art. 188---Supreme Court Rules_S. 9(C)---CONSTITUTION OF PAKISTAN_1,Art. 188---Supreme Court Rules S. 9(C)---CONSTITUTION OF PAKISTAN 1,O.Xxvi,Court of Record,,5,headnote_only,order_text,unknown
S. 2-Alienation contrary to custom-Declaration that alienation is invalid_SPECIFIC RELIEF ACT 1877 (E) WEST PUNJAB MUSLIM PERSONAL LAW (SHARIAT) APPLICATION ACT (IX OF 1948)_1,S. 2-Alienation contrary to custom-Declaration that alienation is invalid SPECIFIC RELIEF ACT 1877 (E) WEST PUNJAB MUSLIM PERSONAL LAW (SHARIAT) APPLICATION ACT (IX OF 1948) 1,Of The Central Legislature,Court of Record,,4,headnote_only,order_text,unknown
S. 2-Alienation contrary to custom-Declaration that alienation is invalid_(E) WEST PUNJAB MUSLIM PERSONAL LAW (SHARIAT) APPLICATION ACT (IX OF 1948)_1,S. 2-Alienation contrary to custom-Declaration that alienation is invalid (E) WEST PUNJAB MUSLIM PERSONAL LAW (SHARIAT) APPLICATION ACT (IX OF 1948) 1,Of The Central Legislature,Court of Record,,4,headnote_only,order_text,unknown
S.5---Constitution of Pakistan (1973)_SERVICE TRIBUNALS ACT 1973 ----S.4(1)---LIMITATION ACT (IX OF 1908)_1,S.5---Constitution of Pakistan (1973) SERVICE TRIBUNALS ACT 1973 ----S.4(1)---LIMITATION ACT (IX OF 1908) 1,And Thereafter Filed Petitions Before Supreme Court,Court of Record,,11,headnote_only,order_text,disposed_of
S.3---Contempt of Court proceedings---Submission of unconditional apology---Effect---Discharge of notice for Contempt of Court---Alleged contemnor_ARTS. 204(2) & 184(3)---CONTEMPT OF COURT ORDINANCE (V OF 2003)_1,S.3---Contempt of Court proceedings---Submission of unconditional apology---Effect---Discharge of notice for Contempt of Court---Alleged contemnor ARTS. 204(2) & 184(3)---CONTEMPT OF COURT ORDINANCE (V OF 2003) 1,Delivered A Speech Addressing The General Public,Court of Record,,32,headnote_only,order_text,unknown
1993_PLC(CS)_139,1993 PLC(CS) 686,ABDUL LATIF v. MEDICAL SUPERINTENDENT,Lahore High Court,1992-11-29,278,headnote_only,order_text,petition_dismissed
S. 510-Imperial Serologist_CRIMINAL PROCEDURE CODE (CR.P.C) CRIMINAL PROCEDURE CODE (V OF 1898)_1,S. 510-Imperial Serologist CRIMINAL PROCEDURE CODE (CR.P.C) CRIMINAL PROCEDURE CODE (V OF 1898) 1,Dated 28Th/29Th March 1949,Court of Record,,28,headnote_only,order_text,unknown
Art. 134B -Execution sale_FIRST SCHEDULE_1,Art. 134B -Execution sale FIRST SCHEDULE 1,"And The Word """"Transferor"""" As Extending To The Judgment Debtor Whose Laud Is Sold. Such A Con­Struction Cannot Be Adopted. It Is Not Only That The Words Themselves Do Not Properly Bear That Meaning. Apart From That",Court of Record,,44,headnote_only,order_text,unknown
"Picha Pillai the right to all my Properties and moneys_WILL-CONSTRUCTION-""""I HAVE BEQUEATHED TO RAY SON_1","Picha Pillai the right to all my Properties and moneys WILL-CONSTRUCTION-""""I HAVE BEQUEATHED TO RAY SON 1",And He Shall Solely Enjoy Them. If He Or His Son Has No Child,Court of Record,,14,headnote_only,order_text,unknown
R.4-Joint Hindu Family-One heir out of all heirs having exactly same interest can appeal. At the time when the appeal to the High Court was lodged the first respondent was Santi Nayak_O. 41_1,R.4-Joint Hindu Family-One heir out of all heirs having exactly same interest can appeal. At the time when the appeal to the High Court was lodged the first respondent was Santi Nayak O. 41 1,Who Seem To Have Been His Grand-Sons,Court of Record,,23,headnote_only,order_text,unknown
1936_---ORDER_1,1936 ---ORDER 1,In Accordance With S. 291,Court of Record,1936-01-01,4,headnote_only,order_text,unknown
1936_CODE OF CIVIL PROCEDURE 1908 ---ORDER_1,1936 CODE OF CIVIL PROCEDURE 1908 ---ORDER 1,In Accordance With S. 291,Court of Record,1936-01-01,4,headnote_only,order_text,unknown
1936_CONTEMPT OF COURT ----ELECTION PETITIONS COMMISSION CONSTITUTED UNDER GOVERNMENT OF INDIA (PROVINCIAL ELECTIONS) (CORRUPT PRACTICES AND ELECTION PETITIONS) ORDER_1,1936 CONTEMPT OF COURT ----ELECTION PETITIONS COMMISSION CONSTITUTED UNDER GOVERNMENT OF INDIA (PROVINCIAL ELECTIONS) (CORRUPT PRACTICES AND ELECTION PETITIONS) ORDER 1,In Accordance With S. 291,Court of Record,1936-01-01,4,headnote_only,order_text,unknown
1936_ELECTION PETITIONS COMMISSION CONSTITUTED UNDER GOVERNMENT OF INDIA (PROVINCIAL ELECTIONS) (CORRUPT PRACTICES AND ELECTION PETITIONS) ORDER 1936 ELECTION PETITIONS COMMISSION CONSTITUTED UNDER GOVERNMENT OF INDIA (PROVINCIAL ELECTIONS) (CORRUPT PRACTICES AND ELECTION PETITIONS)----- -----ORDER_1,1936 ELECTION PETITIONS COMMISSION CONSTITUTED UNDER GOVERNMENT OF INDIA (PROVINCIAL ELECTIONS) (CORRUPT PRACTICES AND ELECTION PETITIONS) ORDER 1936 ELECTION PETITIONS COMMISSION CONSTITUTED UNDER GOVERNMENT OF INDIA (PROVINCIAL ELECTIONS) (CORRUPT PRACTICES AND ELECTION PETITIONS)----- -----ORDER 1,In Accordance With S. 291,Court of Record,1936-01-01,4,headnote_only,order_text,unknown
rape---Reappraisal of evidence---Benefit of doubt---Delay of 18-days in lodging the FIR---Accused-petitioner was charged for abduction and raping the daughter of the complainant---FIR was lodged against the unknown accused and the petitioner was not named therein---Moreover_SS. 365-B & 376---FORCIBLE ABDUCTION_1,rape---Reappraisal of evidence---Benefit of doubt---Delay of 18-days in lodging the FIR---Accused-petitioner was charged for abduction and raping the daughter of the complainant---FIR was lodged against the unknown accused and the petitioner was not named therein---Moreover SS. 365-B & 376---FORCIBLE ABDUCTION 1,Mere Delay In Reporting The Matter To The Police Was Not Always Fatal To The Prosecution Case But Keeping In View The Other Factors Of A Particular Case,Court of Record,,32,headnote_only,order_text,unknown
S. 403-Accused challaned under Ss. 3 2_(A) CRIMINAL PROCEDURE CODE (V OF 1898)_1,S. 403-Accused challaned under Ss. 3 2 (A) CRIMINAL PROCEDURE CODE (V OF 1898) 1,"Criminal Procedure Code Investigating Officer Recommending """"Discharge"""" Of Accused-Accused Accordingly ``Discharged"""" By Magistrate-Subsequently Complaint Filed Against Accused Under Ss. 302",Court of Record,,10,headnote_only,order_text,unknown
S. 403-Accused challaned under Ss. 3 2_CRIMINAL PROCEDURE CODE (CR.P.C) (A) CRIMINAL PROCEDURE CODE (V OF 1898)_1,S. 403-Accused challaned under Ss. 3 2 CRIMINAL PROCEDURE CODE (CR.P.C) (A) CRIMINAL PROCEDURE CODE (V OF 1898) 1,"Criminal Procedure Code Investigating Officer Recommending """"Discharge"""" Of Accused-Accused Accordingly ``Discharged"""" By Magistrate-Subsequently Complaint Filed Against Accused Under Ss. 302",Court of Record,,10,headnote_only,order_text,unknown
1982_----S. 4---SUI GAS TRANSMISSION COMPANY LIMITED SERVICE RULES_1,1982 ----S. 4---SUI GAS TRANSMISSION COMPANY LIMITED SERVICE RULES 1,6.2 & G.3---Constitution Of Pakistan (1973),Court of Record,1982-01-01,24,headnote_only,order_text,unknown
prescribing enhanced penalty viz._INTERPRETATION OF STATUTES INTERPRETATION OF STATUTES-TEMPORARY ACT ENFORCED BY NOTIFICATION IN PARTICULAR AREA_1,prescribing enhanced penalty viz. INTERPRETATION OF STATUTES INTERPRETATION OF STATUTES-TEMPORARY ACT ENFORCED BY NOTIFICATION IN PARTICULAR AREA 1,Instead Of Punishment Prescribed By Penal Code (Xlv Of 1860) For A Certain Offence-Notification In Force At Time Of Commission Of Offence-But Withdrawn At Time Of Trial-Withdrawal Leaves Law As It Previously Was-Punishment Of Death No Longer Applicable,Court of Record,,11,headnote_only,order_text,unknown
prescribing enhanced penalty viz._PUNJAB DISTURBED AREAS ACT 1947 INTERPRETATION OF STATUTES-TEMPORARY ACT ENFORCED BY NOTIFICATION IN PARTICULAR AREA_1,prescribing enhanced penalty viz. PUNJAB DISTURBED AREAS ACT 1947 INTERPRETATION OF STATUTES-TEMPORARY ACT ENFORCED BY NOTIFICATION IN PARTICULAR AREA 1,Instead Of Punishment Prescribed By Penal Code (Xlv Of 1860) For A Certain Offence-Notification In Force At Time Of Commission Of Offence-But Withdrawn At Time Of Trial-Withdrawal Leaves Law As It Previously Was-Punishment Of Death No Longer Applicable,Court of Record,,11,headnote_only,order_text,unknown
prescribing enhanced penalty viz._INTERPRETATION OF STATUTES-TEMPORARY ACT ENFORCED BY NOTIFICATION IN PARTICULAR AREA_1,prescribing enhanced penalty viz. INTERPRETATION OF STATUTES-TEMPORARY ACT ENFORCED BY NOTIFICATION IN PARTICULAR AREA 1,Instead Of Punishment Prescribed By Penal Code (Xlv Of 1860) For A Certain Offence-Notification In Force At Time Of Commission Of Offence-But Withdrawn At Time Of Trial-Withdrawal Leaves Law As It Previously Was-Punishment Of Death No Longer Applicable,Court of Record,,11,headnote_only,order_text,unknown
whether rightly or wrongly_ABSCONSION---SCOPE---WHEN A PERSON IS NAMED AS A MURDERER IN A CASE_1,whether rightly or wrongly ABSCONSION---SCOPE---WHEN A PERSON IS NAMED AS A MURDERER IN A CASE 1,Therefore,Court of Record,,22,headnote_only,order_text,unknown
common intention---Reappraisal of evidence---Benefit of doubt---Motive not proved---Petitioner-accused was charged that he along with his co-accused committed murder of the brother of complainant---Motive behind the occurrence was that there was a dispute regarding amount of cement blocks between the deceased and the accused---Motive was jointly alleged against petitioner and co-accused that they had a dispute with deceased regarding an amount of cement blocks----It was not brought on the record as to whether deceased had to pay any amount to the petitioner and his co-accused or the petitioner had to pay any amount to the deceased---It was not stated that who out of the two (02) accused or the deceased was running the business of sale and purchase of cement blocks---Rather complainant admitted during his cross-examination that neither the deceased nor the accused were having any business of blocks---Specific amount_SS. 302(B) & 34---QATL-I-AMD_1,common intention---Reappraisal of evidence---Benefit of doubt---Motive not proved---Petitioner-accused was charged that he along with his co-accused committed murder of the brother of complainant---Motive behind the occurrence was that there was a dispute regarding amount of cement blocks between the deceased and the accused---Motive was jointly alleged against petitioner and co-accused that they had a dispute with deceased regarding an amount of cement blocks----It was not brought on the record as to whether deceased had to pay any amount to the petitioner and his co-accused or the petitioner had to pay any amount to the deceased---It was not stated that who out of the two (02) accused or the deceased was running the business of sale and purchase of cement blocks---Rather complainant admitted during his cross-examination that neither the deceased nor the accused were having any business of blocks---Specific amount SS. 302(B) & 34---QATL-I-AMD 1,Had Also Not Been Brought On The Record---Vague And Ambiguous Motive Was Alleged By The Prosecution Witnesses---Petitioner Was A Minor Of The Age Of 17 Years,Court of Record,,5,headnote_only,order_text,unknown
common intention---Reappraisal of evidence---Medical evidence---Joint role of causing firearm injuries---Petitioner-accused was charged that he along with his co-accused committed murder of the brother of complainant---Record showed that a joint role of making fire shots was assigned to petitioner and co-accused---No specific injury on the body of the deceased was attributed topetitioner---As per postmortem report_SS. 302(B) & 34---QATL-I-AMD_1,common intention---Reappraisal of evidence---Medical evidence---Joint role of causing firearm injuries---Petitioner-accused was charged that he along with his co-accused committed murder of the brother of complainant---Record showed that a joint role of making fire shots was assigned to petitioner and co-accused---No specific injury on the body of the deceased was attributed topetitioner---As per postmortem report SS. 302(B) & 34---QATL-I-AMD 1,1/4 X 1/4 Inches,Court of Record,,46,headnote_only,order_text,unknown
common intention---Reappraisal of evidence---No justification for the presence of eye-witnesses at the scene of occurrence---Chance witnesses_SS. 302(B) & 34---QATL-I-AMD_1,common intention---Reappraisal of evidence---No justification for the presence of eye-witnesses at the scene of occurrence---Chance witnesses SS. 302(B) & 34---QATL-I-AMD 1,Situated In Their Lands But No Such Arhat (Daira) Of The Complainant Party Had Been Shown In The Site Plan---No Land Owned Or Possessed By The Complainant Party Had Been Shown In The Site Plan Rather As Per Site Plan,Court of Record,,23,headnote_only,order_text,unknown
common intention---Re-appraisal of evidence---Benefit of doubt---Presence of the eyewitnesses at the time and place of occurrence not proved---Accused-petitioner was charged for committing murder of the deceased---Deposition of the complainant revealed that since the police declared three accused persons innocent_SS. 302(B) & 34---QATL-I-AMD_1,common intention---Re-appraisal of evidence---Benefit of doubt---Presence of the eyewitnesses at the time and place of occurrence not proved---Accused-petitioner was charged for committing murder of the deceased---Deposition of the complainant revealed that since the police declared three accused persons innocent SS. 302(B) & 34---QATL-I-AMD 1,Which Was Subsequently Dismissed To Their Extent---Moreover,Court of Record,,24,headnote_only,order_text,unknown
common intention---Re-appraisal of evidence---Benefit of doubt---Delay of ten hours in conducting the postmortem upon the dead body of the deceased---Consequential---Accused-petitioner was charged for committing murder of the deceased---Deposition of Medical Officer revealed that there was a delay about ten hours in conducting the postmortem examination after receiving the dead body of deceased---Medical Officer explained that it was not his fault since the police papers were not made available to him by the police_SS. 302(B) & 34---QATL-I-AMD_1,common intention---Re-appraisal of evidence---Benefit of doubt---Delay of ten hours in conducting the postmortem upon the dead body of the deceased---Consequential---Accused-petitioner was charged for committing murder of the deceased---Deposition of Medical Officer revealed that there was a delay about ten hours in conducting the postmortem examination after receiving the dead body of deceased---Medical Officer explained that it was not his fault since the police papers were not made available to him by the police SS. 302(B) & 34---QATL-I-AMD 1,Thus It Suggested That The Occurrence Was Unseen And The Said Delay Was Consumed In Procuring The Attendance Of False Eye-Witnesses---Unexplained Delay In Conducting The Postmortem Examination Caused Damage To The Prosecution'S Case---Petition Was Converted Into Appeal And Allowed,Court of Record,,9,headnote_only,order_text,unknown
common intention---Re-appraisal of evidence---Benefit of doubt---Co-accused acquitted on same set of evidence---Accused-petitioner was charged for committing murder of the deceased---Record revealed that the Trial Court acquitted the three co-accused_SS. 302(B)& 34---QATL-I-AMD_1,common intention---Re-appraisal of evidence---Benefit of doubt---Co-accused acquitted on same set of evidence---Accused-petitioner was charged for committing murder of the deceased---Record revealed that the Trial Court acquitted the three co-accused SS. 302(B)& 34---QATL-I-AMD 1,Acquittal Appeals Were Filed Against Two Only But Subsequently The Said Appeals Were Withdrawn,Court of Record,,64,headnote_only,order_text,unknown
324 & 34---Criminal Procedure Code (V of 1898)_SS. 302(B)_1,324 & 34---Criminal Procedure Code (V of 1898) SS. 302(B) 1,Section 15---Qatl-I-Amd,Court of Record,,4,headnote_only,order_text,unknown
S.13---Constitution of Pakistan (1973)_----S.21---PUNJAB PRE-EMPTION ACT (IX OF 1991)_1,S.13---Constitution of Pakistan (1973) ----S.21---PUNJAB PRE-EMPTION ACT (IX OF 1991) 1,1991,Court of Record,,6,headnote_only,order_text,unknown
Ss. 2 (za) & 9 [as amended by Control of Narcotic Substances (Amendment) Act (XX of 2022)]---Recovery of psychotropic substance---Bail_S. 497(2)---CONTROL OF NARCOTIC SUBSTANCES ACT (XXV OF 1997)_1,Ss. 2 (za) & 9 [as amended by Control of Narcotic Substances (Amendment) Act (XX of 2022)]---Recovery of psychotropic substance---Bail S. 497(2)---CONTROL OF NARCOTIC SUBSTANCES ACT (XXV OF 1997) 1,Shipper,Court of Record,,163,headnote_only,order_text,unknown
324_SS. 302(B)_1,324 SS. 302(B) 1,& 149---Anti,Court of Record,,5,headnote_only,order_text,unknown
Ss.8_SS.2(L) & 15---SPECIFIC RELIEF ACT (I OF 1877)_1,Ss.8 SS.2(L) & 15---SPECIFIC RELIEF ACT (I OF 1877) 1,"Denial Of---Proof---Payment Of Rent As The Determining Factor---Significance---Petitioner (The Purported Buyer And Landlady) Claiming To Have Purchased The Demised Property From Respondent No.1 (Purported Tenant) Through Agreement To Sell---Effect---Brief Of The Matter Was That The Respondents """"Fn"""" And """"Fs"""" Were Married In 2004",Court of Record,,15,headnote_only,order_text,unknown
viz._PREAMBLE---EXISTENCE OF LANDLORD AND TENANT RELATIONSHIP BEING THE DERIVING FACTOR CONFERRING JURISDICTION UPON THE RENT TRIBUNAL---SCOPE---THE 2009 ACT PROCEEDS ON THE ASSUMPTION THAT THERE IS A RELATIONSHIP OF LANDLORD AND TENANT BETWEEN THE PARTIES IN AN EVICTION PETITION---THE OBJECT BEHIND THE ENACTMENT OF THE 2009 ACT IS SET OUT IN ITS PREAMBLE_1,viz. PREAMBLE---EXISTENCE OF LANDLORD AND TENANT RELATIONSHIP BEING THE DERIVING FACTOR CONFERRING JURISDICTION UPON THE RENT TRIBUNAL---SCOPE---THE 2009 ACT PROCEEDS ON THE ASSUMPTION THAT THERE IS A RELATIONSHIP OF LANDLORD AND TENANT BETWEEN THE PARTIES IN AN EVICTION PETITION---THE OBJECT BEHIND THE ENACTMENT OF THE 2009 ACT IS SET OUT IN ITS PREAMBLE 1,"To Provide A Mechanism For Settlement Of Their Disputes In An Expeditious And Cost Effective Manner And For Connected Matters""""---Where There Is No Relationship Of Landlord And Tenant Between The Parties Before The Rent Controller",Court of Record,,10,headnote_only,order_text,unknown
S. 302---Qatl-i-amd---Bail_S. 497(2)---PENAL CODE (XLV OF 1860)_1,S. 302---Qatl-i-amd---Bail S. 497(2)---PENAL CODE (XLV OF 1860) 1,Non-Matching Of---Not Specifying Role Of Accused---Accused Was Arrested For Committing Murder Over A Family Property Dispute---Crime Empties Recovered From Place Of Occurrence Did Not Match With Weapon Allegedly Recovered From Accused---Inconsistency Between Recovered Crime Empties And Weapon Attributed To Accused Rendered Recovery Doubtful---Report Of Forensic Science Laboratory Was Neither Objected To Nor Denied By Complainant---Any Opinion Regarding Evidentiary Value Of Such Recovery Could Not Be Formed Without Recording Evidence At Trial---Complainant,Court of Record,,5,headnote_only,order_text,unknown
at the time of post mortem_S. 302(B)---QATL-I-AMD---REAPPRAISAL OF EVIDENCE---DELAY OF 07-HOURS AND 30-MINUTES IN CONDUCTING POSTMORTEM EXAMINATION UPON THE DEAD BODY OF THE DECEASED---ACCUSED-PETITIONER WAS CHARGED FOR COMMITTING MURDER OF THE SON OF COMPLAINANT BY FIRING---AS PER PROSECUTION VERSION THE OCCURRENCE TOOK PLACE ON 15.10.2005 AT 06:00 P.M. AND THE POST-MORTEM WAS CONDUCTED ON 16.10.2005 AT 01:30 A.M. I.E. AFTER 7-1/2 HOURS---AS PER REPORT OF MEDICAL OFFICER_1,at the time of post mortem S. 302(B)---QATL-I-AMD---REAPPRAISAL OF EVIDENCE---DELAY OF 07-HOURS AND 30-MINUTES IN CONDUCTING POSTMORTEM EXAMINATION UPON THE DEAD BODY OF THE DECEASED---ACCUSED-PETITIONER WAS CHARGED FOR COMMITTING MURDER OF THE SON OF COMPLAINANT BY FIRING---AS PER PROSECUTION VERSION THE OCCURRENCE TOOK PLACE ON 15.10.2005 AT 06:00 P.M. AND THE POST-MORTEM WAS CONDUCTED ON 16.10.2005 AT 01:30 A.M. I.E. AFTER 7-1/2 HOURS---AS PER REPORT OF MEDICAL OFFICER 1,The Reverse Process With Which Rigor Mortis Disappeared Was Called Algor Mortis---In Sudden Natural Deaths Occurring In A Temperate Climate During Average Seasonal Conditions Rigor Mortis Usually Commenced Within 2 To 4 Hours Of Death,Court of Record,,18,headnote_only,order_text,unknown
however_S. 302(B)---QATL-I-AMD---REAPPRAISAL OF EVIDENCE---UNSEEN OCCURRENCE---ACCUSED-PETITIONER WAS CHARGED FOR COMMITTING MURDER OF THE SON OF COMPLAINANT BY FIRING---ANOMALY OF TIME OF DEATH SUGGESTED THAT THE PROSECUTION WITNESSES WERE NOT PRESENT AT THE TIME OF OCCURRENCE AND THE SAME APPEARED TO BE UNSEEN OCCURRENCE---PROSECUTION WITNESSES WERE RELATIVES OF DECEASED AND SEVERAL CONTRADICTIONS HAD ALSO BEEN POINTED OUT---COMPLAINANT/EYE-WITNESS AND THE OTHER EYE-WITNESS STATED IN THEIR EXAMINATION-IN-CHIEF THAT THE DEAD BODY OF DECEASED WAS BROUGHT TO POLICE STATION ON DONKEY CART WHERE REPORT WAS LODGED AND THEREAFTER THE POLICE HAD GIVEN THE LETTER TO HOSPITAL FOR POST MORTEM_1,however S. 302(B)---QATL-I-AMD---REAPPRAISAL OF EVIDENCE---UNSEEN OCCURRENCE---ACCUSED-PETITIONER WAS CHARGED FOR COMMITTING MURDER OF THE SON OF COMPLAINANT BY FIRING---ANOMALY OF TIME OF DEATH SUGGESTED THAT THE PROSECUTION WITNESSES WERE NOT PRESENT AT THE TIME OF OCCURRENCE AND THE SAME APPEARED TO BE UNSEEN OCCURRENCE---PROSECUTION WITNESSES WERE RELATIVES OF DECEASED AND SEVERAL CONTRADICTIONS HAD ALSO BEEN POINTED OUT---COMPLAINANT/EYE-WITNESS AND THE OTHER EYE-WITNESS STATED IN THEIR EXAMINATION-IN-CHIEF THAT THE DEAD BODY OF DECEASED WAS BROUGHT TO POLICE STATION ON DONKEY CART WHERE REPORT WAS LODGED AND THEREAFTER THE POLICE HAD GIVEN THE LETTER TO HOSPITAL FOR POST MORTEM 1,The Eye-Witnesses Also Made Improvement Regarding Robbing Of Rs.25,Court of Record,,26,headnote_only,order_text,unknown
it was clear that the main source of light i.e. bulb was never taken into possession by the Investigating Officer---It was a matter of record that the said bulb was not even inspected by Investigating Officer to verify whether it was in working condition or not---Admitted position that the Investigating Officer had wrongly mentioned in the site map about the proper place where the bulb was installed---Failure to take the bulb into possession_S. 302(B)---QATL-I-AMD---REAPPRAISAL OF EVIDENCE---BENEFIT OF DOUBT---NIGHT TIME OCCURRENCE---SOURCE OF LIGHT---SCOPE---ACCUSED WERE CHARGED FOR COMMITTING MURDER OF THE FATHER OF COMPLAINANT WITH HATCHET BLOWS---FROM THE DEPOSITIONS OF WITNESSES_1,it was clear that the main source of light i.e. bulb was never taken into possession by the Investigating Officer---It was a matter of record that the said bulb was not even inspected by Investigating Officer to verify whether it was in working condition or not---Admitted position that the Investigating Officer had wrongly mentioned in the site map about the proper place where the bulb was installed---Failure to take the bulb into possession S. 302(B)---QATL-I-AMD---REAPPRAISAL OF EVIDENCE---BENEFIT OF DOUBT---NIGHT TIME OCCURRENCE---SOURCE OF LIGHT---SCOPE---ACCUSED WERE CHARGED FOR COMMITTING MURDER OF THE FATHER OF COMPLAINANT WITH HATCHET BLOWS---FROM THE DEPOSITIONS OF WITNESSES 1,In Circumstances,Court of Record,,4,headnote_only,order_text,unknown
which aspect had also remained unexplained---It was perplexing on the part of the Investigating Officer as to why he did not send the hatchets and blood stained clothes for DNA analysis---If all these factors were considered in juxtaposition_S. 302(B)---QATL-I-AMD---REAPPRAISAL OF EVIDENCE---BENEFIT OF DOUBT---RECOVERY ARTICLES---DOUBTS IN EVIDENCE---ACCUSED WERE CHARGED FOR COMMITTING MURDER OF THE FATHER OF COMPLAINANT WITH HATCHET BLOWS---MATTER OF RECORD THAT THE MANNER IN WHICH THE PARCELS OF HATCHETS WERE HANDED OVER TO INVESTIGATING OFFICER FOR ONWARD TRANSMISSION TO FORENSIC SCIENCE AGENCY WAS SHROUDED WITH MYSTERY AND CREATED DOUBT REGARDING THE DELIVERY OF THE SAME IN A PROPER AND LEGAL MANNER---MATTER OF RECORD THAT WHILE RECOVERING THE HATCHET AT THE ACCUSED'S INSTANCE NEITHER THE PERSONS FROM THE VILLAGE WERE ASSOCIATED AS WITNESSES NOR WERE THEIR NAMES MENTIONED IN THE INVESTIGATING OFFICER'S DEPOSITION---NOTABLE THAT THE RECOVERED HATCHETS DID NOT MATCH WITH THE SKETCH OF THE RECOVERY MEMO_1,which aspect had also remained unexplained---It was perplexing on the part of the Investigating Officer as to why he did not send the hatchets and blood stained clothes for DNA analysis---If all these factors were considered in juxtaposition S. 302(B)---QATL-I-AMD---REAPPRAISAL OF EVIDENCE---BENEFIT OF DOUBT---RECOVERY ARTICLES---DOUBTS IN EVIDENCE---ACCUSED WERE CHARGED FOR COMMITTING MURDER OF THE FATHER OF COMPLAINANT WITH HATCHET BLOWS---MATTER OF RECORD THAT THE MANNER IN WHICH THE PARCELS OF HATCHETS WERE HANDED OVER TO INVESTIGATING OFFICER FOR ONWARD TRANSMISSION TO FORENSIC SCIENCE AGENCY WAS SHROUDED WITH MYSTERY AND CREATED DOUBT REGARDING THE DELIVERY OF THE SAME IN A PROPER AND LEGAL MANNER---MATTER OF RECORD THAT WHILE RECOVERING THE HATCHET AT THE ACCUSED'S INSTANCE NEITHER THE PERSONS FROM THE VILLAGE WERE ASSOCIATED AS WITNESSES NOR WERE THEIR NAMES MENTIONED IN THE INVESTIGATING OFFICER'S DEPOSITION---NOTABLE THAT THE RECOVERED HATCHETS DID NOT MATCH WITH THE SKETCH OF THE RECOVERY MEMO 1,As Was Evident From The Witnesses' Testimonies---Thus,Court of Record,,26,headnote_only,order_text,unknown
S. 342---Qatl-i-amd---Reappraisal of evidence---Specific defence plea taken by accused not proved---Accused-appellant was charged for committing murder of the son of complainant by firing---Accused asserted that on the fateful day_S. 302(B)---CRIMINAL PROCEDURE CODE (V OF 1898)_1,S. 342---Qatl-i-amd---Reappraisal of evidence---Specific defence plea taken by accused not proved---Accused-appellant was charged for committing murder of the son of complainant by firing---Accused asserted that on the fateful day S. 302(B)---CRIMINAL PROCEDURE CODE (V OF 1898) 1,Hitting The Deceased; And That He,Court of Record,,4,headnote_only,order_text,unknown
reduction in---Accused-appellant was charged for committing murder of the son of complainant by firing---Trial court convicted the accused and sentenced him to death---High Court converted the death sentence into imprisonment for life---Validity---Prosecution had failed to establish the motive---Forensic Science LaboratoryReport regarding the .30-bore pistol and crime empties could not be relied upon as the empties and weapon were transmitted together_S. 302(B)---QATL-I-AMD---REAPPRAISAL OF EVIDENCE---MITIGATING CIRCUMSTANCES---SENTENCE_1,reduction in---Accused-appellant was charged for committing murder of the son of complainant by firing---Trial court convicted the accused and sentenced him to death---High Court converted the death sentence into imprisonment for life---Validity---Prosecution had failed to establish the motive---Forensic Science LaboratoryReport regarding the .30-bore pistol and crime empties could not be relied upon as the empties and weapon were transmitted together S. 302(B)---QATL-I-AMD---REAPPRAISAL OF EVIDENCE---MITIGATING CIRCUMSTANCES---SENTENCE 1,Treating The Non-Proof Of Motive And Recovery Inconsequential As Mitigating Circumstances,Court of Record,,25,headnote_only,order_text,unknown
"reduction in---Accused-appellant was charged for committing murder of the son of complainant by firing---Notable that there was no prior planning or intention on the part of the appellant to commit the murder of the deceased---Incident occurred when the deceased approached the shop of the appellant for an """"easy-load"""" and an altercation ensued between them---In the heat of passion_SS. 302(B) & 302(C)---QATL-I-AMD---REAPPRAISAL OF EVIDENCE---SENTENCE_1","reduction in---Accused-appellant was charged for committing murder of the son of complainant by firing---Notable that there was no prior planning or intention on the part of the appellant to commit the murder of the deceased---Incident occurred when the deceased approached the shop of the appellant for an """"easy-load"""" and an altercation ensued between them---In the heat of passion SS. 302(B) & 302(C)---QATL-I-AMD---REAPPRAISAL OF EVIDENCE---SENTENCE 1",Which Resulted In The Death Of The Deceased---In These Circumstances,Court of Record,,15,headnote_only,order_text,unknown
where the incident took place---Testimony of the eyewitnesses was consistent on all material particulars of the incident_S. 302(B)---QATL-I-AMD---REAPPRAISAL OF EVIDENCE---ACCUSED-APPELLANT WAS CHARGED FOR COMMITTING MURDER OF THE SON OF COMPLAINANT BY FIRING---COMPLAINANT/FATHER AND PATERNAL UNCLE OF THE DECEASED FURNISHED THE OCULAR ACCOUNT OF THE OCCURRENCE---BOTH WERE RESIDENTS OF THE CHAK_1,where the incident took place---Testimony of the eyewitnesses was consistent on all material particulars of the incident S. 302(B)---QATL-I-AMD---REAPPRAISAL OF EVIDENCE---ACCUSED-APPELLANT WAS CHARGED FOR COMMITTING MURDER OF THE SON OF COMPLAINANT BY FIRING---COMPLAINANT/FATHER AND PATERNAL UNCLE OF THE DECEASED FURNISHED THE OCULAR ACCOUNT OF THE OCCURRENCE---BOTH WERE RESIDENTS OF THE CHAK 1,Date,Court of Record,,5,headnote_only,order_text,unknown
Criminal Procedure Code (Cr.P.C) 1898--367_ANTI-TERRORISM ACT 1997--7_1,Criminal Procedure Code (Cr.P.C) 1898--367 ANTI-TERRORISM ACT 1997--7 1,Pakistan Penal Code 1860--34,Court of Record,,4,headnote_only,order_text,unknown
Ss.302(b)_S. 367(2) & (3)---PENAL CODE (XLV OF 1860)_1,Ss.302(b) S. 367(2) & (3)---PENAL CODE (XLV OF 1860) 1,S. 7(A)---Conviction And Sentence,Court of Record,,10,headnote_only,order_text,unknown
who had delivered the sealed parcels at the office of the Forensic Science Laboratory---Said Constable was not produced as witness; neither the prosecution had brought on record reliable_S. 9(C)---POSSESSION OF NARCOTIC SUBSTANCES---REAPPRAISAL OF EVIDENCE---BENEFIT OF DOUBT---SAFE TRANSMISSION OF THE SEALED PARCELS FROM THE POLICE STATION TO THE FORENSIC SCIENCE LABORATORY NOT PROVED---PROSECUTION CASE WAS THAT CONSIDERABLE QUANTITY OF NARCOTIC SUBSTANCE WAS RECOVERED FROM THE VEHICLE DRIVEN BY THE ACCUSED-PETITIONER---RECORD INDICATED THAT THE SAMPLES WERE HANDED OVER TO A CONSTABLE_1,who had delivered the sealed parcels at the office of the Forensic Science Laboratory---Said Constable was not produced as witness; neither the prosecution had brought on record reliable S. 9(C)---POSSESSION OF NARCOTIC SUBSTANCES---REAPPRAISAL OF EVIDENCE---BENEFIT OF DOUBT---SAFE TRANSMISSION OF THE SEALED PARCELS FROM THE POLICE STATION TO THE FORENSIC SCIENCE LABORATORY NOT PROVED---PROSECUTION CASE WAS THAT CONSIDERABLE QUANTITY OF NARCOTIC SUBSTANCE WAS RECOVERED FROM THE VEHICLE DRIVEN BY THE ACCUSED-PETITIONER---RECORD INDICATED THAT THE SAMPLES WERE HANDED OVER TO A CONSTABLE 1,The Benefit Of Doubt,Court of Record,,6,headnote_only,order_text,unknown
377 & 34---Qatl-i-amd_SS. 302(B)_1,377 & 34---Qatl-i-amd SS. 302(B) 1,Common Intention---Re-Appraisal Of Evidence---Delay Of 47 Hours In Lodging Fir---Consequential---Accused Was Charged For Committing Sodomy With The Son Of Complainant And Then Murdering Him---Record Showed That There Was An Established Delay Of Approximately 47 Hours In Registering The Fir---In The Time That Had Elapsed,Court of Record,,8,headnote_only,order_text,unknown
377 & 34---Criminal Procedure Code (V of 1898)_SS. 302(B)_1,377 & 34---Criminal Procedure Code (V of 1898) SS. 302(B) 1,Sodomy,Court of Record,,33,headnote_only,order_text,unknown
427_SS. 302(B)_1,427 SS. 302(B) 1,& 149---Qatl-I-Amd,Court of Record,,11,headnote_only,order_text,unknown
the samples were dispatched for chemical analysis to the Forensic Science Agency on 23.11.2022_S.9(1)(C)---POSSESSION OF NARCOTICS SUBSTANCE---RE-APPRAISAL OF EVIDENCE---BENEFIT OF DOUBT---DELAY OF FOUR DAYS IN SENDING THE SAMPLE TO LABORATORY FOR ANALYSIS---CONSEQUENTIAL---PROSECUTION CASE WAS THAT 2360-GRAMS CHARAS WAS RECOVERED FROM THE POSSESSION OF THE ACCUSED-PETITIONER---RECORD SHOWED THAT CONTRABAND NARCOTIC ALLEGEDLY RECOVERED FROM THE PETITIONER WAS SEIZED ON 19.11.2022---HOWEVER_1,the samples were dispatched for chemical analysis to the Forensic Science Agency on 23.11.2022 S.9(1)(C)---POSSESSION OF NARCOTICS SUBSTANCE---RE-APPRAISAL OF EVIDENCE---BENEFIT OF DOUBT---DELAY OF FOUR DAYS IN SENDING THE SAMPLE TO LABORATORY FOR ANALYSIS---CONSEQUENTIAL---PROSECUTION CASE WAS THAT 2360-GRAMS CHARAS WAS RECOVERED FROM THE POSSESSION OF THE ACCUSED-PETITIONER---RECORD SHOWED THAT CONTRABAND NARCOTIC ALLEGEDLY RECOVERED FROM THE PETITIONER WAS SEIZED ON 19.11.2022---HOWEVER 1,Much Less Plausible,Court of Record,,12,headnote_only,order_text,unknown
the mobile device attributed to Lady Constable was located in a Chak_S.9(1)(C)---POSSESSION OF NARCOTIC SUBSTANCES---RE-APPRAISAL OF EVIDENCE---BENEFIT OF DOUBT---CALL DATA RECORD ON THE FILE CASTING DOUBT ON THE PROSECUTION CASE---PROSECUTION CASE WAS THAT 2360-GRAMS CHARAS WAS RECOVERED FROM THE POSSESSION OF THE ACCUSED-PETITIONER---ACCUSED-PETITIONER HAD BROUGHT ON RECORD THE CALL DATA RECORDS (CDRS) OF THE SEIZING OFFICER AND LADY CONSTABLE WHICH WERE NOT EFFECTIVELY REBUTTED BY THE PROSECUTION---CALL DATA RECORDS REVEALED THAT AT THE TIME OF OCCURRENCE_1,the mobile device attributed to Lady Constable was located in a Chak S.9(1)(C)---POSSESSION OF NARCOTIC SUBSTANCES---RE-APPRAISAL OF EVIDENCE---BENEFIT OF DOUBT---CALL DATA RECORD ON THE FILE CASTING DOUBT ON THE PROSECUTION CASE---PROSECUTION CASE WAS THAT 2360-GRAMS CHARAS WAS RECOVERED FROM THE POSSESSION OF THE ACCUSED-PETITIONER---ACCUSED-PETITIONER HAD BROUGHT ON RECORD THE CALL DATA RECORDS (CDRS) OF THE SEIZING OFFICER AND LADY CONSTABLE WHICH WERE NOT EFFECTIVELY REBUTTED BY THE PROSECUTION---CALL DATA RECORDS REVEALED THAT AT THE TIME OF OCCURRENCE 1,The Mobile Data Pertaining To Seizing Officer Indicated That His Mobile Cell Number Was Connected To A Cell Tower Situated In An Area Other Than The Place Of Occurrence---Mere Denial By The Said Prosecution Witnesses That Their Mobile Phones Were Not In Their Possession At The Material Time,Court of Record,,13,headnote_only,order_text,unknown
as shown in the site plan_S.9(1)(C)---POSSESSION OF NARCOTIC SUBSTANCES---RE-APPRAISAL OF EVIDENCE---BENEFIT OF DOUBT---INFIRMITIES IN THE CASE OF PROSECUTION---SITE PLAN CASTING DOUBT ON PROSECUTION CASE---PROSECUTION CASE WAS THAT 2360-GRAM CHARAS WAS RECOVERED FROM THE POSSESSION OF THE ACCUSED-PETITIONER---OCCURRENCE AS ALLEGED IN THE FIR TOOK PLACE ON 19.11.2022 AT 08:00 A.M.---PLACE OF OCCURRENCE_1,as shown in the site plan S.9(1)(C)---POSSESSION OF NARCOTIC SUBSTANCES---RE-APPRAISAL OF EVIDENCE---BENEFIT OF DOUBT---INFIRMITIES IN THE CASE OF PROSECUTION---SITE PLAN CASTING DOUBT ON PROSECUTION CASE---PROSECUTION CASE WAS THAT 2360-GRAM CHARAS WAS RECOVERED FROM THE POSSESSION OF THE ACCUSED-PETITIONER---OCCURRENCE AS ALLEGED IN THE FIR TOOK PLACE ON 19.11.2022 AT 08:00 A.M.---PLACE OF OCCURRENCE 1,Adjacent To A Canal Near Kachi Abadi---Presence Of The Petitioner Was Shown At The Bank Of The Canal Towards The South---Panoramic View Of The Site Plan Revealed That The Place Of Occurrence Was Open And Visible From A Considerable Distance,Court of Record,,16,headnote_only,order_text,unknown
S. 342---Possession of narcotic substances---Re-appraisal of evidence---Benefit of doubt---Defence plea of accused in her statement recorded under Section 342_S.9(1)(C)---CRIMINAL PROCEDURE CODE (V OF 1898)_1,S. 342---Possession of narcotic substances---Re-appraisal of evidence---Benefit of doubt---Defence plea of accused in her statement recorded under Section 342 S.9(1)(C)---CRIMINAL PROCEDURE CODE (V OF 1898) 1,Cr.P.C.,Court of Record,,37,headnote_only,order_text,unknown
336 & 337-D---Attempt to qatl-i-amd_SS. 324_1,336 & 337-D---Attempt to qatl-i-amd SS. 324 1,P.P.C. But Payment Of Arsh Was Maintained---Validity---Prosecution Proved Its Case Against Accused Beyond Shadow Of Any Doubt To The Extent Of Offences Under Sections 324 And 336,Court of Record,,7,headnote_only,order_text,unknown
Art. 25---Staff of District judiciary---Moharars_PREAMBLE---CONSTITUTION OF PAKISTAN_1,Art. 25---Staff of District judiciary---Moharars PREAMBLE---CONSTITUTION OF PAKISTAN 1,6,Court of Record,,13,headnote_only,order_text,unknown
there was only mentioning of one injury caused by the petitioner with the butt of his rifle at the left side of the head of deceased but according to the medical evidence brought on the record through Medical Officer_S. 302(B)---QATL-I-AMD---REAPPRAISAL OF EVIDENCE---BENEFIT OF DOUBT---DISHONEST IMPROVEMENTS MADE BY EYE-WITNESSES---PETITIONER WAS CHARGED FOR COMMITTING MURDER OF THE HUSBAND OF COMPLAINANT BY INFLICTING RIFLE-BUTT BLOW ON THE LEFT SIDE OF HIS HEAD---IN THE CONTENTS OF THE F.I.R_1,there was only mentioning of one injury caused by the petitioner with the butt of his rifle at the left side of the head of deceased but according to the medical evidence brought on the record through Medical Officer S. 302(B)---QATL-I-AMD---REAPPRAISAL OF EVIDENCE---BENEFIT OF DOUBT---DISHONEST IMPROVEMENTS MADE BY EYE-WITNESSES---PETITIONER WAS CHARGED FOR COMMITTING MURDER OF THE HUSBAND OF COMPLAINANT BY INFLICTING RIFLE-BUTT BLOW ON THE LEFT SIDE OF HIS HEAD---IN THE CONTENTS OF THE F.I.R 1,As Mentioned In The Contents Of The Fir And In The Medical Evidence Of The Prosecution---In Order To Bring Their Evidence In Line With The Medical Evidence,Court of Record,,52,headnote_only,order_text,unknown
302(c) & 34---Anti-Terrorism Act (XXVII of 1997)_SS. 302(B)_1,302(c) & 34---Anti-Terrorism Act (XXVII of 1997) SS. 302(B) 1,Common Intention,Court of Record,,26,headnote_only,order_text,unknown
S.7---Qatl-i-amd_SS. 302(B) & 34---ANTI-TERRORISM ACT (XXVII OF 1997)_1,S.7---Qatl-i-amd SS. 302(B) & 34---ANTI-TERRORISM ACT (XXVII OF 1997) 1,Act Of Terrorism---Reappraisal Of Evidence---Sentence,Court of Record,,27,headnote_only,order_text,unknown
the occurrence took place on 14.09.2015 at 6:00 p.m._S.302(B)---QATL-I-AMD---REAPPRAISAL OF EVIDENCE---UNEXPLAINED DELAY OF ABOUT MORE THAN FIVE HOURS IN LODGING THE FIR---CONSEQUENTIAL---ACCUSED WAS CHARGED FOR COMMITTING MURDER OF THE SON OF COMPLAINANT THROUGH FIRING---AS PER THE FIR_1,the occurrence took place on 14.09.2015 at 6:00 p.m. S.302(B)---QATL-I-AMD---REAPPRAISAL OF EVIDENCE---UNEXPLAINED DELAY OF ABOUT MORE THAN FIVE HOURS IN LODGING THE FIR---CONSEQUENTIAL---ACCUSED WAS CHARGED FOR COMMITTING MURDER OF THE SON OF COMPLAINANT THROUGH FIRING---AS PER THE FIR 1,After An Unexplained Delay Of More Than Five Hours,Court of Record,,18,headnote_only,order_text,unknown
the said recoveries would not advance the prosecution's case because such piece of circumstantial evidence_S.302(B)---QATL-I-AMD---REAPPRAISAL OF EVIDENCE---RECOVERY OF WEAPON OF OFFENCE AND CRIME EMPTIES---INCONSEQUENTIAL WHEN OCULAR ACCOUNT DISBELIEVED---ACCUSED WAS CHARGED FOR COMMITTING MURDER OF THE SON OF COMPLAINANT THROUGH FIRING---RECORD SHOWED THAT KALASHNIKOV WAS RECOVERED ON THE POINTATION OF ACCUSED AND CRIME EMPTIES FROM THE SPOT AND THERE WAS A POSITIVE FORENSIC SCIENCE AGENCY REPORT IN RESPECT THEREOF---HOWEVER_1,the said recoveries would not advance the prosecution's case because such piece of circumstantial evidence S.302(B)---QATL-I-AMD---REAPPRAISAL OF EVIDENCE---RECOVERY OF WEAPON OF OFFENCE AND CRIME EMPTIES---INCONSEQUENTIAL WHEN OCULAR ACCOUNT DISBELIEVED---ACCUSED WAS CHARGED FOR COMMITTING MURDER OF THE SON OF COMPLAINANT THROUGH FIRING---RECORD SHOWED THAT KALASHNIKOV WAS RECOVERED ON THE POINTATION OF ACCUSED AND CRIME EMPTIES FROM THE SPOT AND THERE WAS A POSITIVE FORENSIC SCIENCE AGENCY REPORT IN RESPECT THEREOF---HOWEVER 1,Could Not Form The Basis For Conviction,Court of Record,,21,headnote_only,order_text,unknown
Art.129(g)---Qatl-i-amd---Reappraisal of evidence---Withholding material witnesses from giving evidence---Adverse presumption---Accused-petitioner was charged for committing murder of wife of his brother/daughter of complainant by firing---Record showed that neither husband of deceased_S.302(B)---QANUN-E-SHAHADAT (10 OF 1984)_1,Art.129(g)---Qatl-i-amd---Reappraisal of evidence---Withholding material witnesses from giving evidence---Adverse presumption---Accused-petitioner was charged for committing murder of wife of his brother/daughter of complainant by firing---Record showed that neither husband of deceased S.302(B)---QANUN-E-SHAHADAT (10 OF 1984) 1,"Deceased Had Been Married With """"Zh"""" For The Last 16/17 Years And She Had Four Children From The Said Wedlock---Husband Of Deceased And Children Of The Deceased Were The Natural Eye-Witnesses Of The Occurrence Being Inmates Of The Area",Court of Record,,33,headnote_only,order_text,unknown
at 06.30 pm_S.302(B)---QATL-I-AMD---REAPPRAISAL OF EVIDENCE---DELAY OF 15 HOURS AND 20 MINUTES IN CONDUCTING POSTMORTEM EXAMINATION UPON THE DEAD BODY OF THE DECEASED DUE TO DELAY IN RECEIVING POLICE PAPERS---CONSEQUENTIAL---ACCUSED-PETITIONER WAS CHARGED FOR COMMITTING MURDER OF WIFE OF HIS BROTHER/DAUGHTER OF COMPLAINANT BY FIRING---OCCURRENCE IN THE CASE TOOK PLACE ON 30.07.2012_1,at 06.30 pm S.302(B)---QATL-I-AMD---REAPPRAISAL OF EVIDENCE---DELAY OF 15 HOURS AND 20 MINUTES IN CONDUCTING POSTMORTEM EXAMINATION UPON THE DEAD BODY OF THE DECEASED DUE TO DELAY IN RECEIVING POLICE PAPERS---CONSEQUENTIAL---ACCUSED-PETITIONER WAS CHARGED FOR COMMITTING MURDER OF WIFE OF HIS BROTHER/DAUGHTER OF COMPLAINANT BY FIRING---OCCURRENCE IN THE CASE TOOK PLACE ON 30.07.2012 1,At 09.50 Am And As Such There Was Delay Of Fifteen (15) Hours And Twenty (20) Minutes In Conducting Postmortem Examination On The Dead-Body Of The Deceased-,Court of Record,,8,headnote_only,order_text,unknown
voluntarily causing hurt in committing robbery---Re-appraisal of evidence---Benefit of doubt---No available reasons for the presence of witnesses at the time and place of occurrence---Chance witnesses_SS. 302(B) & 394---QATL-I-AMD_1,voluntarily causing hurt in committing robbery---Re-appraisal of evidence---Benefit of doubt---No available reasons for the presence of witnesses at the time and place of occurrence---Chance witnesses SS. 302(B) & 394---QATL-I-AMD 1,Wallet And A Ring From The Complainant During Robbery And On Resistance,Court of Record,,58,headnote_only,order_text,unknown
Ss. 302_S. 497(2)---PENAL CODE (XLV OF 1860)_1,Ss. 302 S. 497(2)---PENAL CODE (XLV OF 1860) 1,& 149---Constitution Of Pakistan,Court of Record,,3,headnote_only,order_text,unknown
"the place where the occurrence took place was a passage in-front of an open plot---House of deceased and her husband had not been shown in the site plan though the house of one """"GM"""" and one """"SM"""" had been shown therein---Both the eye-witnesses stated that they were present inside the house of deceased_S.302(B)---QATL-I-AMD---REAPPRAISAL OF EVIDENCE---SITE PLAN OF THE OCCURRENCE NOT SUPPORTING PROSECUTION STORY---ACCUSED-PETITIONER WAS CHARGED FOR COMMITTING MURDER OF WIFE OF HIS BROTHER/DAUGHTER OF COMPLAINANT BY FIRING---AS PER SITE PLAN_1","the place where the occurrence took place was a passage in-front of an open plot---House of deceased and her husband had not been shown in the site plan though the house of one """"GM"""" and one """"SM"""" had been shown therein---Both the eye-witnesses stated that they were present inside the house of deceased S.302(B)---QATL-I-AMD---REAPPRAISAL OF EVIDENCE---SITE PLAN OF THE OCCURRENCE NOT SUPPORTING PROSECUTION STORY---ACCUSED-PETITIONER WAS CHARGED FOR COMMITTING MURDER OF WIFE OF HIS BROTHER/DAUGHTER OF COMPLAINANT BY FIRING---AS PER SITE PLAN 1",The Deceased And The Witnesses All Simultaneously Reached At The Said Passage Situated In-Front Of An Open Plot,Court of Record,,40,headnote_only,order_text,unknown
evidence of---Scope---Accused-petitioner was charged for committing murder of wife of his brother/daughter of complainant by firing---Ocular account of the prosecution had been brought on the record through complainant and an eye-witness---As per contents of the FIR_S.302(B)---QATL-I-AMD---REAPPRAISAL OF EVIDENCE---PRESENCE OF WITNESSES AT THE TIME AND PLACE OF OCCURRENCE NOT PROVED---CHANCE WITNESSES_1,evidence of---Scope---Accused-petitioner was charged for committing murder of wife of his brother/daughter of complainant by firing---Ocular account of the prosecution had been brought on the record through complainant and an eye-witness---As per contents of the FIR S.302(B)---QATL-I-AMD---REAPPRAISAL OF EVIDENCE---PRESENCE OF WITNESSES AT THE TIME AND PLACE OF OCCURRENCE NOT PROVED---CHANCE WITNESSES 1,Deceased Went Out Of Her House Towards A Shop In Order To Purchase Grocery---In The Meanwhile,Court of Record,,22,headnote_only,order_text,unknown
while the other appellant was travelling on the passenger seat---Evidence placed on record showed that the bags were delivered on 14.3.2017 by a Constable_S.9(C)---POSSESSION OF NARCOTIC SUBSTANCES---RE-APPRAISAL OF EVIDENCE---BENEFIT OF DOUBT---SAFE CUSTODY AND SAFE TRANSMISSION OF NARCOTIC SUBSTANCE TO THE LABORATORY NOT PROVED---PROSECUTION CASE WAS THAT 314-KILOGRAMS NARCOTIC SUBSTANCE WAS RECOVERED FROM THE SECRET CAVITIES OF THE VEHICLE DRIVEN BY APPELLANT_1,while the other appellant was travelling on the passenger seat---Evidence placed on record showed that the bags were delivered on 14.3.2017 by a Constable S.9(C)---POSSESSION OF NARCOTIC SUBSTANCES---RE-APPRAISAL OF EVIDENCE---BENEFIT OF DOUBT---SAFE CUSTODY AND SAFE TRANSMISSION OF NARCOTIC SUBSTANCE TO THE LABORATORY NOT PROVED---PROSECUTION CASE WAS THAT 314-KILOGRAMS NARCOTIC SUBSTANCE WAS RECOVERED FROM THE SECRET CAVITIES OF THE VEHICLE DRIVEN BY APPELLANT 1,The Laboratory In K-(Karachi) Had Returned The Bags On The Ground That They Were To Be Examined By The Office Of The Chemical Examiner,Court of Record,,71,headnote_only,order_text,unknown
S. 540---Possession of narcotic substances---Re-appraisal of evidence---Summoning of witnesses given up by the prosecution---Powers of Trial Court---Scope---Prosecution case was that 314-kilograms narcotic substance was recovered from the secret cavities of the vehicle driven by appellant_S.9(C)---CRIMINAL PROCEDURE CODE (V OF 1898)_1,S. 540---Possession of narcotic substances---Re-appraisal of evidence---Summoning of witnesses given up by the prosecution---Powers of Trial Court---Scope---Prosecution case was that 314-kilograms narcotic substance was recovered from the secret cavities of the vehicle driven by appellant S.9(C)---CRIMINAL PROCEDURE CODE (V OF 1898) 1,It Would Not Come Within The Ambit Of The Expression 'Filling The Lacunas' Because The Trial Court Would Not Be Facilitating The Prosecution To Remedy An Inherent Weakness In Its Case But Would Rather Be Correcting An Inadvertent Or Reckless Omission On The Part Of The Prosecution During The Trial---Prosecution In This Case,Court of Record,,4,headnote_only,order_text,unknown
voluntarily causing hurt in committing robbery---Re-appraisal of evidence---Benefit of doubt---Weapon of offence and crime empties sent for forensics together---Effect---Accused were charged for snatching motorcycle_SS. 302(B) & 394---QATL-I-AMD_1,voluntarily causing hurt in committing robbery---Re-appraisal of evidence---Benefit of doubt---Weapon of offence and crime empties sent for forensics together---Effect---Accused were charged for snatching motorcycle SS. 302(B) & 394---QATL-I-AMD 1,Committed Murder Of The Brother Of Complainant By Firing---Record Showedthat On 16.12.2009,Court of Record,,23,headnote_only,order_text,unknown
voluntarily causing hurt in committing robbery---Re-appraisal of evidence---Benefit of doubt---Recovery of looted articles from the possession of accused-petitioner---Inconsequential---No independent witnesses for recovery proceedings---Accused were charged for snatching motorcycle_SS. 302(B) & 394---QATL-I-AMD_1,voluntarily causing hurt in committing robbery---Re-appraisal of evidence---Benefit of doubt---Recovery of looted articles from the possession of accused-petitioner---Inconsequential---No independent witnesses for recovery proceedings---Accused were charged for snatching motorcycle SS. 302(B) & 394---QATL-I-AMD 1,Committed Murder Of The Brother Of Complainant By Firing---On The Date Of The Accused'S Apprehension I.E. 08.12.2009,Court of Record,,25,headnote_only,order_text,unknown
148 & 149---Qatl-i-amd_SS. 302(B)_1,148 & 149---Qatl-i-amd SS. 302(B) 1,Unlawful Assembly---Reappraisal Of Evidence---Benefit Of Doubt---Unnatural Conduct Of Eye-Witnesses---Accused Were Charged For Committing Murder Of The Brother Of Complainant By Firing---Courts Below Observed That The Alleged Eyewitnesses Were Present At The Spot At The Time Of Occurrence---Conduct Of The Alleged Eye-Witnesses Was Highly Unnatural And Inconsistent With Ordinary Human Behavior---Despite Being Brother And Cousin Of The Deceased,Court of Record,,20,headnote_only,order_text,unknown
to undergo rigorous imprisonment for seven years---High Court dismissed the appeal---Validity---According to the testimony of Seizing Officer_SS. 9(D) & 11(C)---POSSESSION AND TRANSPORTATION OF NARCOTIC SUBSTANCES---REAPPRAISAL OF EVIDENCE---CONTRADICTIONS IN THE STATEMENTS OF WITNESSES---SAFE CUSTODY AND TRANSMISSION OF RECOVERED CONTRABAND NOT ESTABLIHSHED---PROSECUTION CASE WAS THAT ONE PACKET CONTAINING 1005-GRAMS ICE/AMPHETAMINE WAS RECOVERED FROM BENEATH THE DRIVER'S SEAT AND 6000-GRAMS CHARS IN FIVE PACKETS WAS RECOVERED FROM THE TRUNK OF THE VEHICLE DRIVEN BY THE ACCUSED/PETITIONER---TRIAL COURT CONVICTED AND SENTENCED THE PETITIONER UNDER SECTIONS 9(D) AND 11(C) OF THE ACT 2019_1,to undergo rigorous imprisonment for seven years---High Court dismissed the appeal---Validity---According to the testimony of Seizing Officer SS. 9(D) & 11(C)---POSSESSION AND TRANSPORTATION OF NARCOTIC SUBSTANCES---REAPPRAISAL OF EVIDENCE---CONTRADICTIONS IN THE STATEMENTS OF WITNESSES---SAFE CUSTODY AND TRANSMISSION OF RECOVERED CONTRABAND NOT ESTABLIHSHED---PROSECUTION CASE WAS THAT ONE PACKET CONTAINING 1005-GRAMS ICE/AMPHETAMINE WAS RECOVERED FROM BENEATH THE DRIVER'S SEAT AND 6000-GRAMS CHARS IN FIVE PACKETS WAS RECOVERED FROM THE TRUNK OF THE VEHICLE DRIVEN BY THE ACCUSED/PETITIONER---TRIAL COURT CONVICTED AND SENTENCED THE PETITIONER UNDER SECTIONS 9(D) AND 11(C) OF THE ACT 2019 1,The Motorcar,Court of Record,,26,headnote_only,order_text,unknown
201 & 34---Qatl-i-amd_SS. 302(B)_1,201 & 34---Qatl-i-amd SS. 302(B) 1,Common Intention---Reappraisal Of Evidence---Benefit Of Doubt---Delay In Lodging The Fir---Accused-Petitioners Were Charged For Committing Murder Of Son Of Complainant And Her Husband'S Nephew---Complainant Reported The Matter On 17.02.2016 To Police Officer,Court of Record,,20,headnote_only,order_text,unknown
201 & 34---Criminal Procedure Code (V of 1898)_SS. 302(B)_1,201 & 34---Criminal Procedure Code (V of 1898) SS. 302(B) 1,Causing Disappearance Of Evidence Of An Offence Or Giving False Information To Screen An Offender,Court of Record,,86,headnote_only,order_text,remanded
Art.40---Confessional statement_SS. 164 & 364---QANUN-E-SHAHADAT (10 OF 1984)_1,Art.40---Confessional statement SS. 164 & 364---QANUN-E-SHAHADAT (10 OF 1984) 1,Even If Made In The Immediate Presence Of A Magistrate As Is Mandated Under Article 38 Of The Qanun-E-Shahadat,Court of Record,,5,headnote_only,order_text,unknown
302(c)_SS. 302(B)_1,302(c) SS. 302(B) 1,Abetment,Court of Record,,50,headnote_only,order_text,unknown
Pakistan Penal Code 1860--109_BENEFIT OF DOUBT--TERM_1,Pakistan Penal Code 1860--109 BENEFIT OF DOUBT--TERM 1,Pakistan Penal Code 1860--149,Court of Record,,4,headnote_only,order_text,unknown
Medical evidence--Term_INCONSEQUENTIAL--TERM_1,Medical evidence--Term INCONSEQUENTIAL--TERM 1,Pakistan Penal Code 1860--148,Court of Record,,4,headnote_only,order_text,unknown
Pakistan Penal Code 1860--109_MOTIVE NOT PROVED--TERM_1,Pakistan Penal Code 1860--109 MOTIVE NOT PROVED--TERM 1,Pakistan Penal Code 1860--149,Court of Record,,4,headnote_only,order_text,unknown
Pakistan Penal Code 1860--148_PAKISTAN PENAL CODE 1860--109_1,Pakistan Penal Code 1860--148 PAKISTAN PENAL CODE 1860--109 1,Pakistan Penal Code 1860--302,Court of Record,,4,headnote_only,order_text,unknown
Anti-Terrorism Act 1997--6_ADVERSE PRESUMPTION--TERM_1,Anti-Terrorism Act 1997--6 ADVERSE PRESUMPTION--TERM 1,Kidnapping Or Abduction For Ransom--Term,Court of Record,,4,headnote_only,order_text,unknown
Ss. 6 & 7(e)---Qanun-e-Shahadat (10 of 1984)_S. 365-A---ANTI-TERRORISM ACT (XXVII OF 1997)_1,Ss. 6 & 7(e)---Qanun-e-Shahadat (10 of 1984) S. 365-A---ANTI-TERRORISM ACT (XXVII OF 1997) 1,But The High Court Altered The Sentence To Imprisonment For Life---Validity---Employee Of The Complainant Party,Court of Record,,9,headnote_only,order_text,unknown
responsibility of---After submission of report under Section 173_SS. 173 & 493---FILING OF INVESTIGATION REPORT---PROSECUTOR_1,responsibility of---After submission of report under Section 173 SS. 173 & 493---FILING OF INVESTIGATION REPORT---PROSECUTOR 1,Where Relentless Liaison Is Required With Investigating Officer To Ensure That Immediately After Framing Of Charge By Trial Court,Court of Record,,21,headnote_only,order_text,unknown
Ss. 302 & 324---Qatl-i-amd and attempt to commit qatl-i-amd---Bail_S. 497---PENAL CODE (XLV OF 1860)_1,Ss. 302 & 324---Qatl-i-amd and attempt to commit qatl-i-amd---Bail S. 497---PENAL CODE (XLV OF 1860) 1,Responsibility Of---Case Management System---Accused Sought Bail On The Plea Of Delay In Conclusion Of Trial As He Had Been In Custody For Last 2 Years And 05 Months And Trial Had Not Been Concluded---Validity---No Plausible Justification Was Shown As To Why Such Prolong Delay Was Caused And Why Prosecution Was So Helpless And Failed To Produce Prosecution Witnesses In Court For Early And Timely Conclusion Of Trial---Due To Reckless Conduct,Court of Record,,39,headnote_only,order_text,unknown
Anti-Money Laundering Act 2010--21_ANTI-MONEY LAUNDERING ACT 2010--2_1,Anti-Money Laundering Act 2010--21 ANTI-MONEY LAUNDERING ACT 2010--2 1,Criminal Procedure Code (Cr.P.C) 1898--497,Court of Record,,5,headnote_only,order_text,unknown
Ss. 334_S. 497(2)---PENAL CODE (XLV OF 1860)_1,Ss. 334 S. 497(2)---PENAL CODE (XLV OF 1860) 1,Grant Of---Further Inquiry---Co-Accused,Court of Record,,11,headnote_only,order_text,unknown
Ss. 302 & 149---Qatl-i-amd_S. 426---PENAL CODE (XLV OF 1860)_1,Ss. 302 & 149---Qatl-i-amd S. 426---PENAL CODE (XLV OF 1860) 1,On The Basis Of Which The Co-Accused Persons,Court of Record,,3,headnote_only,order_text,unknown
i.e. 02:15 p.m._S. 302(B)---QATL-I-AMD---RE-APPRAISAL OF EVIDENCE---OCULAR ACCOUNT SUPPORTED BY MEDICAL EVIDENCE---ACCUSED WERE CHARGED FOR COMMITTING MURDER OF THE SON OF COMPLAINANT---OCULAR ACCOUNT OF THE PROSECUTION WAS BROUGHT ON RECORD BY THE COMPLAINANTAND A WITNESS---OCCURRENCE TOOK PLACE IN THE AREA OF THE VILLAGE AND BOTH THE EYE-WITNESSES WERE RESIDENTS OF THE SAME VILLAGE---SAID WITNESSES STATED THAT UPON HEARING THE HUE AND CRY OF DECEASED THEY CAME OUT OF THEIR HOUSES AND WITNESSED THE OCCURRENCE---SAID WITNESSES BEING RESIDENTS OF THE HOUSES SITUATED NEAR THE PLACE OF INCIDENT WERE THE NATURAL EYE-WITNESSES OF THE OCCURRENCE AND THEIR PRESENCE AT THE SPOT AT THE RELEVANT TIME_1,i.e. 02:15 p.m. S. 302(B)---QATL-I-AMD---RE-APPRAISAL OF EVIDENCE---OCULAR ACCOUNT SUPPORTED BY MEDICAL EVIDENCE---ACCUSED WERE CHARGED FOR COMMITTING MURDER OF THE SON OF COMPLAINANT---OCULAR ACCOUNT OF THE PROSECUTION WAS BROUGHT ON RECORD BY THE COMPLAINANTAND A WITNESS---OCCURRENCE TOOK PLACE IN THE AREA OF THE VILLAGE AND BOTH THE EYE-WITNESSES WERE RESIDENTS OF THE SAME VILLAGE---SAID WITNESSES STATED THAT UPON HEARING THE HUE AND CRY OF DECEASED THEY CAME OUT OF THEIR HOUSES AND WITNESSED THE OCCURRENCE---SAID WITNESSES BEING RESIDENTS OF THE HOUSES SITUATED NEAR THE PLACE OF INCIDENT WERE THE NATURAL EYE-WITNESSES OF THE OCCURRENCE AND THEIR PRESENCE AT THE SPOT AT THE RELEVANT TIME 1,Said Witnesses Were Cross-Examined At Length But Their Evidence Could Not Be Shaken As They Corroborated Each Other On All Material Aspects Of The Case And Their Evidence Was Reliable,Court of Record,,24,headnote_only,order_text,unknown
it was mentioned that after arranging transport_S. 302(B)---QATL-I-AMD---RE-APPRAISAL OF EVIDENCE---DELAY OF 9-10 HOURS IN LODGING THE FIR PLAUSIBLY EXPLAINED---SCOPE---ACCUSED WERE CHARGED FOR COMMITTING MURDER OF THE SON OF COMPLAINANT---RECORD SHOWED THAT THERE WAS A DELAY OF NINE TO TEN HOURS IN LODGING THE FIR BUT THE COMPLAINANT HAD PLAUSIBLY EXPLAINED THE SAID DELAY---IN THE CONTENTS OF THE FIR_1,it was mentioned that after arranging transport S. 302(B)---QATL-I-AMD---RE-APPRAISAL OF EVIDENCE---DELAY OF 9-10 HOURS IN LODGING THE FIR PLAUSIBLY EXPLAINED---SCOPE---ACCUSED WERE CHARGED FOR COMMITTING MURDER OF THE SON OF COMPLAINANT---RECORD SHOWED THAT THERE WAS A DELAY OF NINE TO TEN HOURS IN LODGING THE FIR BUT THE COMPLAINANT HAD PLAUSIBLY EXPLAINED THE SAID DELAY---IN THE CONTENTS OF THE FIR 1,The Dead Body Was Handed Over To The Complainant Party Who Took The Said Dead Body To The Village---Complainant Further Stated Therein That After Performing The Funeral Rites,Court of Record,,13,headnote_only,order_text,unknown
the recovered weapons were stained with human blood---Therefore_S. 302(B)---QATL-I-AMD---RE-APPRAISAL OF EVIDENCE---RECOVERY OF WEAPON OF OFFENCE ON THE INSTANCE OF PETITIONERS---RELIANCE---SCOPE---ACCUSED WERE CHARGED FOR COMMITTING MURDER OF THE SON OF COMPLAINANT---BLOOD-STAINED DAGGER WAS RECOVERED ON THE POINTING OF THE PETITIONERAND THE BLOOD STAINED HATCHET WAS RECOVERED ON THE POINTING OF THE CO-PETITIONER---RECOVERY WITNESS HAD STATED THAT THE SAID WEAPONS WERE RECOVERED AT THE INSTANCE OF PETITIONERS ON 02.12.2018---ACCORDING TO THE REPORT OF CHEMICAL EXAMINER AND SEROLOGIST_1,the recovered weapons were stained with human blood---Therefore S. 302(B)---QATL-I-AMD---RE-APPRAISAL OF EVIDENCE---RECOVERY OF WEAPON OF OFFENCE ON THE INSTANCE OF PETITIONERS---RELIANCE---SCOPE---ACCUSED WERE CHARGED FOR COMMITTING MURDER OF THE SON OF COMPLAINANT---BLOOD-STAINED DAGGER WAS RECOVERED ON THE POINTING OF THE PETITIONERAND THE BLOOD STAINED HATCHET WAS RECOVERED ON THE POINTING OF THE CO-PETITIONER---RECOVERY WITNESS HAD STATED THAT THE SAID WEAPONS WERE RECOVERED AT THE INSTANCE OF PETITIONERS ON 02.12.2018---ACCORDING TO THE REPORT OF CHEMICAL EXAMINER AND SEROLOGIST 1,As Well As,Court of Record,,25,headnote_only,order_text,unknown
302(c) & 34---Criminal Procedure Code (V of 1898)_SS. 302(B)_1,302(c) & 34---Criminal Procedure Code (V of 1898) SS. 302(B) 1,Common Intention---Re-Appraisal Of Evidence---Specific Plea Of Exercise Of Self Defence---Scope---Accused-Petitioner Was Charged That He Along With His Co-Accused Persons Committed Murder Of The Brother Of Complainant By Firing---Admittedly The Occurrence Took Place In-Front Of The House Of The Petitioner Situated In A Village Of District S-(Sialkot)---Deceased And The Witnesses Were Residents Of District G-(Gujranwala)---Therefore,Court of Record,,31,headnote_only,order_text,unknown
302(c) & 34---Qatl-i-amd_SS. 302(B)_1,302(c) & 34---Qatl-i-amd SS. 302(B) 1,Alteration Of---Accused-Petitioner Was Charged That He Along With His Co-Accused Persons Committed Murder Of The Brother Of Complainant By Firing---Ocular Account Of The Prosecution Brought On The Record Through Complainant And An Eye-Witness To The Extent Of Role Attributed To The Petitioner Of Causing Firearm Injuries To Deceased Was Confidence Inspiring And Trustworthy And The Same Had Also Been Supported By The Medical Evidence Produced By The Prosecution Through Medical Officer---Circumstances Established That Prosecution Had Proved Its Case But Due To Extenuating Circumstances,Court of Record,,10,headnote_only,order_text,unknown
evidence of---Benefit of doubt---Accused persons were convicted by Trial Court and sentenced to death for committing qatl-i-amd but High Court converted the sentence into imprisonment for life---Validity---Evidence of two prosecution witnesses_S.302(B)---QATL-I-AMD---RE-APPRAISAL OF EVIDENCE---CHANCE WITNESS_1,evidence of---Benefit of doubt---Accused persons were convicted by Trial Court and sentenced to death for committing qatl-i-amd but High Court converted the sentence into imprisonment for life---Validity---Evidence of two prosecution witnesses S.302(B)---QATL-I-AMD---RE-APPRAISAL OF EVIDENCE---CHANCE WITNESS 1,Fell Short Of Such Rigorous Standards---Both Prosecution Witnesses Were Unable To Provide An Explanation For Their Presence At The Location Of Incident At The Precise Moment---Actions Of Both The Prosecution Witnesses During Incident Were Unnatural,Court of Record,,7,headnote_only,order_text,unknown
Benefit of Doubt--TERM_ANTI-TERRORISM ACT 1997--7_1,Benefit of Doubt--TERM ANTI-TERRORISM ACT 1997--7 1,Pakistan Penal Code 1860--144,Court of Record,,4,headnote_only,order_text,unknown
Pakistan Penal Code 1860--109_ANTI-TERRORISM ACT 1997--7_1,Pakistan Penal Code 1860--109 ANTI-TERRORISM ACT 1997--7 1,Pakistan Penal Code 1860--302,Court of Record,,4,headnote_only,order_text,unknown
S.13---Constitution of Pakistan (1973)_PUNJAB PRE-EMPTION ACT 1913 ----S.21---PUNJAB PRE-EMPTION ACT (IX OF 1991)_1,S.13---Constitution of Pakistan (1973) PUNJAB PRE-EMPTION ACT 1913 ----S.21---PUNJAB PRE-EMPTION ACT (IX OF 1991) 1,1991,Court of Record,,6,headnote_only,order_text,unknown
Reglns. 11 & 40---Constitution of Pakistan_S. 121-A---FRONTIER CRIMES REGULATIONS (III OF 1901) [SINCE REPEALED]_1,Reglns. 11 & 40---Constitution of Pakistan S. 121-A---FRONTIER CRIMES REGULATIONS (III OF 1901) [SINCE REPEALED] 1,Conspiracy Of---Right Of Appeal---Scope---Constitutional Amendment---Retrospective Effect---Accused Assailed His Conviction And Sentence Awarded By Trial Court Whereby He Was Sentenced To 14 Years Of Imprisonment---Validity---Where A Particular Statute/Law Provides A Self-Contained Mechanism And Well Defined Forum Of Redressal For Determination Of Questions Of Law Or Facts By Way Of An Appeal Or Revision To Another Authority Or Tribunal As The Case May Be,Court of Record,,68,headnote_only,order_text,unknown
S.5---Explosive material_S. 7 (FF)---EXPLOSIVE SUBSTANCES ACT (VI OF 1908)_1,S.5---Explosive material S. 7 (FF)---EXPLOSIVE SUBSTANCES ACT (VI OF 1908) 1,Prosecution'S Own Account Of Events Was Fraught With Doubtful Circumstances That Had Created Doubt,Court of Record,,16,headnote_only,order_text,unknown
376 & 496-B---Forcible abduction_SS. 365-B_1,376 & 496-B---Forcible abduction SS. 365-B 1,No Mark Of Violence Was Noted On The Body Of Abductee---Neither It Was A Case Of Forcible Abduction Punishable Under Section 365-B,Court of Record,,22,headnote_only,order_text,unknown
S.9 (c)---Qanun-e-Shahadat (10 of 1984)_SS. 497 & 103---CONTROL OF NARCOTIC SUBSTANCES ACT (XXV OF 1997)_1,S.9 (c)---Qanun-e-Shahadat (10 of 1984) SS. 497 & 103---CONTROL OF NARCOTIC SUBSTANCES ACT (XXV OF 1997) 1,Grant Of---Recovery Proceedings---Evidence Through Modern Devices---Video Recording Not Made---Accused Was Arrested For Recovery Of 1100 Grams Of Heroin From His Possession---Validity---Neither Any Video In Shape Of Recording And Photographs Of Alleged Recovery Was Collected By Police Nor Any Private Witness From Locality Was Associated To Prove Alleged Recovery From The Possession Of Accused---Use Of Modern Devices During Recoveries,Court of Record,,28,headnote_only,order_text,unknown
matching of---National Database and Registration Authority (NADRA) record---Wife of accused died due to suicide but complainant produced an affidavit of deceased lady wherein she recorded apprehension to her life---Accused was convicted and sentenced on basis of such affidavit---Validity---Complainant produced an affidavit claiming to have been executed by deceased---Report of hand writing expert showed that thumb impression of deceased_S. 302---QATL-I-AMD--- RE-APPRAISAL OF EVIDENCE---BENEFIT OF DOUBT---THUMB IMPRESSION_1,matching of---National Database and Registration Authority (NADRA) record---Wife of accused died due to suicide but complainant produced an affidavit of deceased lady wherein she recorded apprehension to her life---Accused was convicted and sentenced on basis of such affidavit---Validity---Complainant produced an affidavit claiming to have been executed by deceased---Report of hand writing expert showed that thumb impression of deceased S. 302---QATL-I-AMD--- RE-APPRAISAL OF EVIDENCE---BENEFIT OF DOUBT---THUMB IMPRESSION 1,Did Not Match With The Thumb Impression Available On Stamp Paper Allegedly Executed By Deceased Recording Apprehension To Her Life---On Account Of Producing Fake Affidavit Criminal Case Was Lodged Against Complainant,Court of Record,,51,headnote_only,order_text,unknown
S. 302 (b)---Qatl-i-amd and abduction for ransom---Re-appraisal of evidence---Voice recognition_SS. 7 (A) & 7(E)---PENAL CODE (XLV OF 1860)_1,S. 302 (b)---Qatl-i-amd and abduction for ransom---Re-appraisal of evidence---Voice recognition SS. 7 (A) & 7(E)---PENAL CODE (XLV OF 1860) 1,That Alleged Murder Remained Unwitnessed And At Some Subsequent Stage Accused Persons Had Been Implicated On The Basis Of Suspicion---Claim Of Complainant In Respect Of Recognizing Voice Of One Accused During Ransom Demand Made Over Telephone,Court of Record,,5,headnote_only,order_text,unknown
especially when it stands as the sole basis for conviction_RETRACTED CONFESSION---EFFECT---RETRACTED CONFESSION_1,especially when it stands as the sole basis for conviction RETRACTED CONFESSION---EFFECT---RETRACTED CONFESSION 1,Ethical And Practical Concerns---When Coupled With Dismissal Of Oral Evidence Furnished By Complainant,Court of Record,,13,headnote_only,order_text,unknown
prosecution had to establish that chain of custody was safe_S. 9(1)(D)---RECOVERY OF NARCOTIC SUBSTANCE---RE-APPRAISAL OF EVIDENCE---CHAIN OF CUSTODY---SCOPE---OPIUM WEIGHING 16215 GRAMS WAS ALLEGEDLY RECOVERED FROM ACCUSED WHILE TRANSPORTING THE SAME IN A CAR---TRIAL COURT CONVICTED THE ACCUSED AND SENTENCED HIM TO IMPRISONMENT FOR LIFE---VALIDITY---FOR JUSTIFYING CONVICTION OF ACCUSED_1,prosecution had to establish that chain of custody was safe S. 9(1)(D)---RECOVERY OF NARCOTIC SUBSTANCE---RE-APPRAISAL OF EVIDENCE---CHAIN OF CUSTODY---SCOPE---OPIUM WEIGHING 16215 GRAMS WAS ALLEGEDLY RECOVERED FROM ACCUSED WHILE TRANSPORTING THE SAME IN A CAR---TRIAL COURT CONVICTED THE ACCUSED AND SENTENCED HIM TO IMPRISONMENT FOR LIFE---VALIDITY---FOR JUSTIFYING CONVICTION OF ACCUSED 1,Particularly In Narcotics Cases Where Law Imposes Severe And Inexorable Punishments---Any Rupture Or Inconsistency In Chain Of Custody Strikes At The Root Of Prosecution'S Case Rendering Evidence Susceptible To Doubt And Challenge---Prosecution Bears Burden Of Ensuring Unbroken,Court of Record,,13,headnote_only,order_text,unknown
Art. 129_S. 302(B)---QANUN-E-SHAHADAT (10 OF 1984)_1,Art. 129 S. 302(B)---QANUN-E-SHAHADAT (10 OF 1984) 1,S.103---Qatl-I-Amd---Re-Appraisal Of Evidence---Withholding Of Evidence---Recovery Proceedings---Non-Associating Private Witnesses---Accused Was Convicted And Sentenced To Death For Committing Murder Of His Wife---Validity---At The Trial,Court of Record,,10,headnote_only,order_text,unknown
1980_PUNJAB PRE-EMPTION ACT 1913 ----S.30---SUPREME COURT RULES_1,1980 PUNJAB PRE-EMPTION ACT 1913 ----S.30---SUPREME COURT RULES 1,R.I.---Review Of Supreme Court Judgment---Finding Of Fact ---Pre-Emption Suit---Limitation---Computation Of,Court of Record,1980-01-01,23,headnote_only,order_text,unknown
who had been acquitted by Trial Court---Such exculpatory confession which had not been taken into consideration for conviction against its maker_S. 302 (B)---QATL-I-AMD---RE-APPRAISAL OF EVIDENCE---CONFESSION OF CO-ACCUSED---EXCULPATORY STATEMENT---BENEFIT OF DOUBT---FIVE PERSONS WERE ALLEGED TO HAVE BEEN INVOLVED IN THE CASE BUT FOUR WERE ACQUITTED OF THE CHARGE---ACCUSED WAS CONVICTED FOR COMMITTING QATL-I-AMD AND SENTENCED TO IMPRISONMENT FOR LIFE BY TRIAL COURT ON THE BASIS OF EXCULPATORY CONFESSION OF ONE CO-ACCUSED WHO APPEARED AS PROSECUTION WITNESS---VALIDITY---EXCULPATORY CONFESSION OF CO-ACCUSED WHO APPEARED AS PROSECUTION WITNESS WAS RECORDED ON 19-12-2011 WHILE HE WAS ARRESTED ON 13-12-2011---EXCULPATORY STATEMENT WAS NOT BELIEVED TO THE EXTENT OF CO-ACCUSED HIMSELF_1,who had been acquitted by Trial Court---Such exculpatory confession which had not been taken into consideration for conviction against its maker S. 302 (B)---QATL-I-AMD---RE-APPRAISAL OF EVIDENCE---CONFESSION OF CO-ACCUSED---EXCULPATORY STATEMENT---BENEFIT OF DOUBT---FIVE PERSONS WERE ALLEGED TO HAVE BEEN INVOLVED IN THE CASE BUT FOUR WERE ACQUITTED OF THE CHARGE---ACCUSED WAS CONVICTED FOR COMMITTING QATL-I-AMD AND SENTENCED TO IMPRISONMENT FOR LIFE BY TRIAL COURT ON THE BASIS OF EXCULPATORY CONFESSION OF ONE CO-ACCUSED WHO APPEARED AS PROSECUTION WITNESS---VALIDITY---EXCULPATORY CONFESSION OF CO-ACCUSED WHO APPEARED AS PROSECUTION WITNESS WAS RECORDED ON 19-12-2011 WHILE HE WAS ARRESTED ON 13-12-2011---EXCULPATORY STATEMENT WAS NOT BELIEVED TO THE EXTENT OF CO-ACCUSED HIMSELF 1,Could Not Be Used Against Accused---On The Basis Of Same Evidence,Court of Record,,26,headnote_only,order_text,unknown
Pakistan Penal Code 1860--120-B_BENEFIT OF DOUBT--TERM_1,Pakistan Penal Code 1860--120-B BENEFIT OF DOUBT--TERM 1,Pakistan Penal Code 1860--324,Court of Record,,4,headnote_only,order_text,unknown
Pakistan Penal Code 1860--302_IDENTIFICATION PARADE--TERM_1,Pakistan Penal Code 1860--302 IDENTIFICATION PARADE--TERM 1,Qatl-E-Amd--Term,Court of Record,,3,headnote_only,order_text,unknown
Art. 22---High Court (Lahore) Rules and Orders_S. 302(B)---QANUN-E-SHAHADAT (10 OF 1984)_1,Art. 22---High Court (Lahore) Rules and Orders S. 302(B)---QANUN-E-SHAHADAT (10 OF 1984) 1,Chapter 11,Court of Record,,4,headnote_only,order_text,unknown
Benefit of Doubt--TERM_ABSCONSION--TERM_1,Benefit of Doubt--TERM ABSCONSION--TERM 1,Qatl-E-Amd--Term,Court of Record,,3,headnote_only,order_text,unknown
but it cannot be read in isolation_S. 302 (B)---QATL-I-AMD---RE-APPRAISAL OF EVIDENCE---ABSCONSION---POST MORTEM REPORT---SCOPE---BENEFIT OF DOUBT---ACCUSED WAS CONVICTED BY TRIAL COURT FOR QATL-I-AMD AND WAS SENTENCED TO DEATH BUT HIGH COURT CONVERTED DEATH SENTENCE INTO IMPRISONMENT FOR LIFE---VALIDITY---MERE ABSCONSION CANNOT BY ITSELF FORM SOLE BASIS OF CONVICTION---ABSCONSION MAY BE TREATED AS A CORROBORATIVE PIECE OF EVIDENCE_1,but it cannot be read in isolation S. 302 (B)---QATL-I-AMD---RE-APPRAISAL OF EVIDENCE---ABSCONSION---POST MORTEM REPORT---SCOPE---BENEFIT OF DOUBT---ACCUSED WAS CONVICTED BY TRIAL COURT FOR QATL-I-AMD AND WAS SENTENCED TO DEATH BUT HIGH COURT CONVERTED DEATH SENTENCE INTO IMPRISONMENT FOR LIFE---VALIDITY---MERE ABSCONSION CANNOT BY ITSELF FORM SOLE BASIS OF CONVICTION---ABSCONSION MAY BE TREATED AS A CORROBORATIVE PIECE OF EVIDENCE 1,Nature Of Injuries,Court of Record,,8,headnote_only,order_text,unknown
like blood_S. 302(B)---QATL-I-AMD---RE-APPRAISAL OF EVIDENCE---RECOVERY---EFFECT---JUDICIAL CONFESSION---PROOF---BENEFIT OF DOUBT---ACCUSED PERSONS WERE CONVICTED FOR QATL-I-AMD---MALE ACCUSED WAS SENTENCED TO DEATH WHILE THE FEMALE ACCUSED WAS SENTENCED TO IMPRISONMENT FOR LIFE---VALIDITY---RECOVERY OF CHADDAR ON POINTING OUT OF FEMALE ACCUSED WAS NOT STAINED WITH ANY INCRIMINATING MATERIAL_1,like blood S. 302(B)---QATL-I-AMD---RE-APPRAISAL OF EVIDENCE---RECOVERY---EFFECT---JUDICIAL CONFESSION---PROOF---BENEFIT OF DOUBT---ACCUSED PERSONS WERE CONVICTED FOR QATL-I-AMD---MALE ACCUSED WAS SENTENCED TO DEATH WHILE THE FEMALE ACCUSED WAS SENTENCED TO IMPRISONMENT FOR LIFE---VALIDITY---RECOVERY OF CHADDAR ON POINTING OUT OF FEMALE ACCUSED WAS NOT STAINED WITH ANY INCRIMINATING MATERIAL 1,Etc. Of Deceased-,Court of Record,,32,headnote_only,order_text,unknown
absence of---Accused was convicted for qatl-i-amd and sentenced to death---Validity---Occurrence took place on the night of 11-01-2011 at 20:15 pm_S. 302(B)---QATL-I-AMD---RE-APPRAISAL OF EVIDENCE---NIGHT OCCURRENCE---SOURCE OF LIGHT_1,absence of---Accused was convicted for qatl-i-amd and sentenced to death---Validity---Occurrence took place on the night of 11-01-2011 at 20:15 pm S. 302(B)---QATL-I-AMD---RE-APPRAISAL OF EVIDENCE---NIGHT OCCURRENCE---SOURCE OF LIGHT 1,Identification Of Accused In The Darkness Of Night Was Not Free From Doubt---No Recovery Was Effected Insofar As Source Of Light Was Concerned---In Absence Of Any Source Of Light Having Been Mentioned In Fir And Recovery Of Such Source,Court of Record,,26,headnote_only,order_text,unknown
S. 5---Explosive substance_S. 7(FF)---EXPLOSIVE SUBSTANCES ACT (VI OF 1908)_1,S. 5---Explosive substance S. 7(FF)---EXPLOSIVE SUBSTANCES ACT (VI OF 1908) 1,Whereas The Co-Accused Was Acquitted---Validity---Prosecution Failed To Prove That Accused Was Owner Of The Motor Cycle Used In The Occurrence,Court of Record,,47,headnote_only,order_text,unknown
Anti-Terrorism Act 1997--7_ANTI-TERRORISM ACT 1997--11-F_1,Anti-Terrorism Act 1997--7 ANTI-TERRORISM ACT 1997--11-F 1,Explosive Substances Act 1908--5,Court of Record,,2,headnote_only,order_text,unknown
Arts. 9_SS. 3 & 4---CONSTITUTION OF PAKISTAN_1,Arts. 9 SS. 3 & 4---CONSTITUTION OF PAKISTAN 1,Which Were Outside Their Domain---Present Matter Was Of Immense Public Importance Involving The Fundamental Rights Of The People---Right To Life (Article 9 Of The Constitution),Court of Record,,78,headnote_only,order_text,unknown
Ss. 7 & 11-F (2)---Constitution of Pakistan_SS. 4 & 5---ANTI-TERRORISM ACT (XXVII OF 1997)_1,Ss. 7 & 11-F (2)---Constitution of Pakistan SS. 4 & 5---ANTI-TERRORISM ACT (XXVII OF 1997) 1,That There Was Nothing On Record To Show That Accused Persons Belonged To Any Proscribed / Terrorist Organization---None Of The Prosecution Witnesses Stated That Accused Persons Were Members Of Any Proscribed / Terrorist Organizations---Complainant Failed To Produce Any Proof That Accused Persons Belonged To Banned Organization---Material Facts / Evidence Were Overlooked And Could Not Be Properly Appreciated At The Time Of Pronouncement Of Judgment Under Review,Court of Record,,62,headnote_only,order_text,petition_allowed
there was no reason for them to make consultation and deliberation as to who should be the complainant of case_S.302(B)---QATL-I-AMD---RE-APPRAISAL OF EVIDENCE---DELAY IN FIR---CONSULTATION---PRESUMPTION---BENEFIT OF DOUBT---ACCUSED PERSONS WERE CONVICTED FOR QATL-I-AMD BY TRIAL COURT AND WERE SENTENCED TO IMPRISONMENT FOR LIFE---HIGH COURT MAINTAINED CONVICTION AND SENTENCES OF ACCUSED PERSONS---VALIDITY---TESTIMONY OF INVESTIGATING OFFICER WAS SUFFICIENT TO PROVE THAT TIME CONSUMED IN CONSULTATION AND DELIBERATION CAUSED DELAY IN LODGING FIR---IF COMPLAINANT AND HIS WIFE WERE PRESENT AT THE SPOT AND HAD WITNESSED THE INCIDENT_1,there was no reason for them to make consultation and deliberation as to who should be the complainant of case S.302(B)---QATL-I-AMD---RE-APPRAISAL OF EVIDENCE---DELAY IN FIR---CONSULTATION---PRESUMPTION---BENEFIT OF DOUBT---ACCUSED PERSONS WERE CONVICTED FOR QATL-I-AMD BY TRIAL COURT AND WERE SENTENCED TO IMPRISONMENT FOR LIFE---HIGH COURT MAINTAINED CONVICTION AND SENTENCES OF ACCUSED PERSONS---VALIDITY---TESTIMONY OF INVESTIGATING OFFICER WAS SUFFICIENT TO PROVE THAT TIME CONSUMED IN CONSULTATION AND DELIBERATION CAUSED DELAY IN LODGING FIR---IF COMPLAINANT AND HIS WIFE WERE PRESENT AT THE SPOT AND HAD WITNESSED THE INCIDENT 1,Which Could Be Used Either Way And By Either Side I.E. For Real Or False Involvement---Prosecution Failed To Prove Charge Against Accused Persons As There Were Infirmities,Court of Record,,76,headnote_only,order_text,appeal_allowed
Criminal Procedure Code (Cr.P.C) 1898--516-A_APPLICABILITY--TERM_1,Criminal Procedure Code (Cr.P.C) 1898--516-A APPLICABILITY--TERM 1,National Accountability Bureau Ordinance 1999--13,Court of Record,,5,headnote_only,order_text,unknown
13 & 17---Criminal Procedure Code (V of 1898)_SS. 12_1,13 & 17---Criminal Procedure Code (V of 1898) SS. 12 1,Grant Of---Non-Filing Of Objections-,Court of Record,,27,headnote_only,order_text,unknown
vague in nature---Forensic Science Laboratory Report---Principle---Benefit of doubt---Accused was convicted for qatl-i-amd and sentenced to death---Validity---Vague motive was alleged by prosecution_S. 302(B)---QATL-I-AMD---RE-APPRAISAL OF EVIDENCE---MOTIVE_1,vague in nature---Forensic Science Laboratory Report---Principle---Benefit of doubt---Accused was convicted for qatl-i-amd and sentenced to death---Validity---Vague motive was alleged by prosecution S. 302(B)---QATL-I-AMD---RE-APPRAISAL OF EVIDENCE---MOTIVE 1,Could Not Be Considered Without Discussing Merits And Demerits Of Such Pieces Of Prosecution Evidence---When Prosecution Evidence Had Already Been Disbelieved,Court of Record,,4,headnote_only,order_text,unknown
Ss. 3 & 4---Money laundering---Bail_S. 497(2)---ANTI-MONEY LAUNDERING ACT (VII OF 2010)_1,Ss. 3 & 4---Money laundering---Bail S. 497(2)---ANTI-MONEY LAUNDERING ACT (VII OF 2010) 1,Which Had Been Attached---Case Of Both The Accused Persons Fell Within The Ambit Of Further Inquiry Under Section 497(2),Court of Record,,13,headnote_only,order_text,unknown
Inconsequential--Term_FAILURE TO PROVE MOTIVE--TERM_1,Inconsequential--Term FAILURE TO PROVE MOTIVE--TERM 1,Motive--Term,Court of Record,,4,headnote_only,order_text,unknown
Court has to assess whether read as a whole_S. 302(B)---QATL-I-AMD---RE-APPRAISAL OF EVIDENCE---MOTIVE---FAILURE TO PROVE---EFFECT---MINOR DISCREPANCIES IN EVIDENCE---INCONSEQUENTIAL---ACCUSED WAS CONVICTED FOR QATL-I-AMD OF HIS FATHER AND BROTHER AND WAS SENTENCED TO DEATH ON TWO COUNTS---VALIDITY---WHILE APPRECIATING EVIDENCE OF A WITNESS_1,Court has to assess whether read as a whole S. 302(B)---QATL-I-AMD---RE-APPRAISAL OF EVIDENCE---MOTIVE---FAILURE TO PROVE---EFFECT---MINOR DISCREPANCIES IN EVIDENCE---INCONSEQUENTIAL---ACCUSED WAS CONVICTED FOR QATL-I-AMD OF HIS FATHER AND BROTHER AND WAS SENTENCED TO DEATH ON TWO COUNTS---VALIDITY---WHILE APPRECIATING EVIDENCE OF A WITNESS 1,Court Has To Keep In Mind The Deficiencies,Court of Record,,75,headnote_only,order_text,unknown
Pakistan Penal Code 1860--302_BENEFIT OF DOUBT--TERM_1,Pakistan Penal Code 1860--302 BENEFIT OF DOUBT--TERM 1,Re-Appraisal Of Evidence--Term,Court of Record,,3,headnote_only,order_text,unknown
absence of---Inconsistency regarding injuries---Benefit of doubt---Accused was convicted for qatl-i-amd and was sentenced to death on two counts---Validity---In matters where prosecution case contains doubts and mysteries_S. 302(B)---QATL-I-AMD---RE-APPRAISAL OF EVIDENCE---RECOVERY OF WEAPON---SUBSTANTIVE EVIDENCE_1,absence of---Inconsistency regarding injuries---Benefit of doubt---Accused was convicted for qatl-i-amd and was sentenced to death on two counts---Validity---In matters where prosecution case contains doubts and mysteries S. 302(B)---QATL-I-AMD---RE-APPRAISAL OF EVIDENCE---RECOVERY OF WEAPON---SUBSTANTIVE EVIDENCE 1,Which Was Weapon Of Offence Was Only Corroborative Piece Of Evidence---In Absence Of Substantive Evidence,Court of Record,,30,headnote_only,order_text,unknown
"while accused """"MK"""" was seated in the front passenger seat---Trial Court convicted both the accused and sentenced them to suffer imprisonment for life---Appeal was preferred before the High Court but was dismissed---Validity---As per record_9(C)---POSSESSION OF NARCOTIC SUBSTANCE---REAPPRAISAL OF EVIDENCE---PERSON SEATED IN FRONT PASSENGER SEAT---NOT AWARE OF PRESENCE OF NARCOTICS IN THE VEHICLE---PROSECUTION CASE WAS THAT 30 KILOGRAM CHARAS/HASHISH WAS RECOVERED FROM THE TRUCK DRIVEN BY ACCUSED """"GK""""_1","while accused """"MK"""" was seated in the front passenger seat---Trial Court convicted both the accused and sentenced them to suffer imprisonment for life---Appeal was preferred before the High Court but was dismissed---Validity---As per record 9(C)---POSSESSION OF NARCOTIC SUBSTANCE---REAPPRAISAL OF EVIDENCE---PERSON SEATED IN FRONT PASSENGER SEAT---NOT AWARE OF PRESENCE OF NARCOTICS IN THE VEHICLE---PROSECUTION CASE WAS THAT 30 KILOGRAM CHARAS/HASHISH WAS RECOVERED FROM THE TRUCK DRIVEN BY ACCUSED """"GK"""" 1","Attributing The Illicit Narcotics Found In The Vehicle To Petitioner """"Mk"""" Could Not Be Justified In The Absence Of Any Evidence Linking Him To The Possession Or Control Of The Vehicle",Court of Record,,29,headnote_only,order_text,unknown
"while accused """"MK"""" was seated in the front passenger seat---Trial Court convicted both the accused and sentenced them to suffer imprisonment for life---Appeal was preferred before the High Court but was dismissed---Validity---Record showed that the intercepted truck was under the control and custody of the driver_9(C)---POSSESSION OF NARCOTIC SUBSTANCE---REAPPRAISAL OF EVIDENCE---PRESUMPTION OF KNOWLEDGE AND CONSTRUCTIVE POSSESSION OF CONTRABAND---SCOPE---PROSECUTION CASE WAS THAT 30 KILOGRAM CHARAS/HASHISH WAS RECOVERED FROM THE TRUCK DRIVEN BY ACCUSED """"GK""""_1","while accused """"MK"""" was seated in the front passenger seat---Trial Court convicted both the accused and sentenced them to suffer imprisonment for life---Appeal was preferred before the High Court but was dismissed---Validity---Record showed that the intercepted truck was under the control and custody of the driver 9(C)---POSSESSION OF NARCOTIC SUBSTANCE---REAPPRAISAL OF EVIDENCE---PRESUMPTION OF KNOWLEDGE AND CONSTRUCTIVE POSSESSION OF CONTRABAND---SCOPE---PROSECUTION CASE WAS THAT 30 KILOGRAM CHARAS/HASHISH WAS RECOVERED FROM THE TRUCK DRIVEN BY ACCUSED """"GK"""" 1",Which Legally Amounted To His Constructive Possession Of The Narcotic Recovered From The Vehicle---In Such Circumstances,Court of Record,,29,headnote_only,order_text,unknown
"evidence of---Scope---Prosecution case was that 30 kilogram charas/hashish was recovered from the truck driven by accused """"GK""""_9(C)---POSSESSION OF NARCOTIC SUBSTANCE---REAPPRAISAL OF EVIDENCE---OFFICIAL WITNESSES_1","evidence of---Scope---Prosecution case was that 30 kilogram charas/hashish was recovered from the truck driven by accused """"GK"""" 9(C)---POSSESSION OF NARCOTIC SUBSTANCE---REAPPRAISAL OF EVIDENCE---OFFICIAL WITNESSES 1",Enmity,Court of Record,,9,headnote_only,order_text,unknown
common intention---Reappraisal of evidence---Minor contradictions in the statement of witnesses---Inconsequential---Accused-appellant was charged that he along with his co-accused committed murder of the brother of complainant---The argument that statements of the eye-witnesses were riddled with material contradictions and discrepancies did not bear merit---There were only minor inconsistencies for instance_SS. 302(B) & 34---QATL-I-AMD_1,common intention---Reappraisal of evidence---Minor contradictions in the statement of witnesses---Inconsequential---Accused-appellant was charged that he along with his co-accused committed murder of the brother of complainant---The argument that statements of the eye-witnesses were riddled with material contradictions and discrepancies did not bear merit---There were only minor inconsistencies for instance SS. 302(B) & 34---QATL-I-AMD 1,Whereas In His Court Testimony He Deposed That The Shot Passed Through And Through And This Assertion Stood Contradicted By The Medical Evidence Which Indicated The Entry Wound Was On The Upper Part Of The Chest Near The Neck And The Exit Wound Was Located At The Mid-Back---Other Than This Defence Was Unable To Point To Any Substantial Contradiction Capable Of Undermining The Foundational Structure Of The Prosecution'S Case---Even Otherwise,Court of Record,,26,headnote_only,order_text,unknown
396 & 460---Criminal Procedure Code (V of 1898)_SS. 302(B)_1,396 & 460---Criminal Procedure Code (V of 1898) SS. 302(B) 1,Dacoity With Murder,Court of Record,,14,headnote_only,order_text,unknown
Motive not proved--Term_MITIGATING CIRCUMSTANCE--TERM_1,Motive not proved--Term MITIGATING CIRCUMSTANCE--TERM 1,Pakistan Penal Code 1860--396,Court of Record,,4,headnote_only,order_text,unknown
396 & 460---Qatl-i-amd_SS. 302(B)_1,396 & 460---Qatl-i-amd SS. 302(B) 1,Person Jointly Concerned In Lurking House-Trespass Or House-Breaking By Night---Reappraisal Of Evidence---Motive Not Proved---Mitigating Circumstance---Quantum Of Sentence---Accused Were Charged That They Entered Into The Home Of Complainant,Court of Record,,35,headnote_only,order_text,unknown
S. 164---Qatl-i-amd_SS. 302(B) & 376---CRIMINAL PROCEDURE CODE (V OF 1898)_1,S. 164---Qatl-i-amd SS. 302(B) & 376---CRIMINAL PROCEDURE CODE (V OF 1898) 1,Dopatta Of The Deceased Was Recovered From The Abandoned House Of The Appellant,Court of Record,,31,headnote_only,order_text,unknown
Medical evidence--Term_CRIMINAL PROCEDURE CODE (CR.P.C) 1898--164_1,Medical evidence--Term CRIMINAL PROCEDURE CODE (CR.P.C) 1898--164 1,Pakistan Penal Code 1860--376,Court of Record,,3,headnote_only,order_text,unknown
Pakistan Penal Code 1860--148_CO-ACCUSED ACQUITTED--TERM_1,Pakistan Penal Code 1860--148 CO-ACCUSED ACQUITTED--TERM 1,Pakistan Penal Code 1860--302,Court of Record,,4,headnote_only,order_text,unknown
1980_----S: 15---SUPREME COURT RULES_1,1980 ----S: 15---SUPREME COURT RULES 1,R.1---Review Of Judgment Of Supreme Court---Three Grounds Having Been Raised For The Review Of Judgment,Court of Record,1980-01-01,22,headnote_only,order_text,unknown
2006_PLD_594,2006 PLD 594,Muhammad Hussain v. Ghulam Qadir Through Legal Heirs,Court of Record,2006-01-01,209,headnote_only,order_text,unknown
2006_PLD_589,2006 PLD 589,Mst. Khurshid Begum Through Legal Heirs v. Muhammad Sadiq,Court of Record,2006-01-01,209,headnote_only,order_text,unknown
5.302/149/148---Constitution of Pakistan (1973)_CRIMINAL PROCEDURE CODE (CR.P.C) ----S. 497---PENAL CODE (XLV OF 1860)_1,5.302/149/148---Constitution of Pakistan (1973) CRIMINAL PROCEDURE CODE (CR.P.C) ----S. 497---PENAL CODE (XLV OF 1860) 1,Therefore,Court of Record,,39,headnote_only,order_text,leave_refused
S.167/409---Prevention of Corruption Act (II of 1047)_----S. 497---PENAL CODE (XLV OF 1860)_1,S.167/409---Prevention of Corruption Act (II of 1047) ----S. 497---PENAL CODE (XLV OF 1860) 1,Art.185(3)---Bail--Contention Was That The Case Made Out Against The Accused Under S. 167,Court of Record,,20,headnote_only,order_text,unknown
1994_SCMR_481,1994 SCMR 481,Abdus Sattar v. Abdul Ghafoor,Supreme Court of Pakistan,1994-01-01,211,headnote_only,order_text,unknown
Rr. 1_CIVIL PROCEDURE CODE --ORDER XXXIX OF C.P.C. TEMPORARY INJUNCTIONS AND INTERLOCUTORY ORDERS ----OXXXIX_1,Rr. 1 CIVIL PROCEDURE CODE --ORDER XXXIX OF C.P.C. TEMPORARY INJUNCTIONS AND INTERLOCUTORY ORDERS ----OXXXIX 1,Art. 185---Proceedings For Contempt Of Court For Disobedience Of Temporary Injunction--Rights Of Parties Inter Se Were Not Adjudged By Court---Interim Injunction Granted By High Court In Favour Of Respondents Was Subjected To Furnishing Of Adequate Security For Mesne Profits To The Satisfaction Of Trial Court--Application For Contempt Of Court For Disobedience Of Interim Injunction Was Disposed Of By Supreme Court With Observation That It Was Not Fit Stage For Disposal Of Such Application,Court of Record,,10,headnote_only,order_text,unknown
Rr. 1_----OXXXIX_1,Rr. 1 ----OXXXIX 1,Art. 185---Proceedings For Contempt Of Court For Disobedience Of Temporary Injunction--Rights Of Parties Inter Se Were Not Adjudged By Court---Interim Injunction Granted By High Court In Favour Of Respondents Was Subjected To Furnishing Of Adequate Security For Mesne Profits To The Satisfaction Of Trial Court--Application For Contempt Of Court For Disobedience Of Interim Injunction Was Disposed Of By Supreme Court With Observation That It Was Not Fit Stage For Disposal Of Such Application,Court of Record,,10,headnote_only,order_text,unknown
S.17---Ejectment of appellant from house in question which had been transferred to respondent while appellant's claim for transfer of same to him had been rejected by Settlement Authorities and also by the High Court in exercise of its Constitutional jurisdiction---High Court's judgment_DISPLACED PERSONS (COMPENSATION AND REHABILITATION) ACT 1958 ----S. 10---CANTONMENTS RENT RESTRICTION ACT (XI OF 1963)_1,S.17---Ejectment of appellant from house in question which had been transferred to respondent while appellant's claim for transfer of same to him had been rejected by Settlement Authorities and also by the High Court in exercise of its Constitutional jurisdiction---High Court's judgment DISPLACED PERSONS (COMPENSATION AND REHABILITATION) ACT 1958 ----S. 10---CANTONMENTS RENT RESTRICTION ACT (XI OF 1963) 1,In Fact Comprised Of Two Different Properties Bearing Two Separate Numbers And As Such Could Not Have Been Allotted To The Same Person (Respondent)---Appellants' Such Plea Had Been Dealt With By High Court And Rejected Which Order Having Not Been Challenged Had Attained Finality---Appellants Were Thus,Court of Record,,28,headnote_only,order_text,unknown
Art. 185(3)---Petitioner (vendee) had failed in all the three Courts in defending purchase of land against preemption claim---Ground urged in petition for leave to appeal was that petitioner had on account of intermediary purchase become owner in estate and could for that reason match the right with pre-emptor ---Such ground had been taken up before Supreme Court for the first time_----S. 15---CONSTITUTION OF PAKISTAN (1973)_1,Art. 185(3)---Petitioner (vendee) had failed in all the three Courts in defending purchase of land against preemption claim---Ground urged in petition for leave to appeal was that petitioner had on account of intermediary purchase become owner in estate and could for that reason match the right with pre-emptor ---Such ground had been taken up before Supreme Court for the first time ----S. 15---CONSTITUTION OF PAKISTAN (1973) 1,Said Ground Was Untenable In View Of S. 15,Court of Record,,3,headnote_only,order_text,unknown
Art. 185(3)---Petitioner (vendee) had failed in all the three Courts in defending purchase of land against preemption claim---Ground urged in petition for leave to appeal was that petitioner had on account of intermediary purchase become owner in estate and could for that reason match the right with pre-emptor ---Such ground had been taken up before Supreme Court for the first time_PUNJAB PRE-EMPTION ACT 1913 ----S. 15---CONSTITUTION OF PAKISTAN (1973)_1,Art. 185(3)---Petitioner (vendee) had failed in all the three Courts in defending purchase of land against preemption claim---Ground urged in petition for leave to appeal was that petitioner had on account of intermediary purchase become owner in estate and could for that reason match the right with pre-emptor ---Such ground had been taken up before Supreme Court for the first time PUNJAB PRE-EMPTION ACT 1913 ----S. 15---CONSTITUTION OF PAKISTAN (1973) 1,Said Ground Was Untenable In View Of S. 15,Court of Record,,3,headnote_only,order_text,unknown
S.17---Ejectment of appellant from house in question which had been transferred to respondent while appellant's claim for transfer of same to him had been rejected by Settlement Authorities and also by the High Court in exercise of its Constitutional jurisdiction---High Court's judgment_----S. 10---CANTONMENTS RENT RESTRICTION ACT (XI OF 1963)_1,S.17---Ejectment of appellant from house in question which had been transferred to respondent while appellant's claim for transfer of same to him had been rejected by Settlement Authorities and also by the High Court in exercise of its Constitutional jurisdiction---High Court's judgment ----S. 10---CANTONMENTS RENT RESTRICTION ACT (XI OF 1963) 1,In Fact Comprised Of Two Different Properties Bearing Two Separate Numbers And As Such Could Not Have Been Allotted To The Same Person (Respondent)---Appellants' Such Plea Had Been Dealt With By High Court And Rejected Which Order Having Not Been Challenged Had Attained Finality---Appellants Were Thus,Court of Record,,28,headnote_only,order_text,unknown
S.109---Appreciation of evidence--Evidence of complainant (father of prosecutrix) did not inspire confidence that he had spoken the whole truth---Prosecution witnesses in their anxiety and enthusiasm to fall in line with the prosecution story had made additions_----S.10(3)---PENAL CODE (XLV OF 1860)_1,S.109---Appreciation of evidence--Evidence of complainant (father of prosecutrix) did not inspire confidence that he had spoken the whole truth---Prosecution witnesses in their anxiety and enthusiasm to fall in line with the prosecution story had made additions ----S.10(3)---PENAL CODE (XLV OF 1860) 1,Therefore,Court of Record,,29,headnote_only,order_text,unknown
Part II_----ANNEXURE IV_1,Part II ----ANNEXURE IV 1,Art. 185(3)---Import Of Machinery---Leave To Appeal Was Granted To Consider Whether Machinery In Question,Court of Record,,30,headnote_only,order_text,unknown
Part II_IMPORT POLICY ORDER 1980 ----ANNEXURE IV_1,Part II IMPORT POLICY ORDER 1980 ----ANNEXURE IV 1,Art. 185(3)---Import Of Machinery---Leave To Appeal Was Granted To Consider Whether Machinery In Question,Court of Record,,30,headnote_only,order_text,unknown
S.302/34---Constitution of Pakistan (1973)_----S. 540---PENAL CODE (XLV OF 1860)_1,S.302/34---Constitution of Pakistan (1973) ----S. 540---PENAL CODE (XLV OF 1860) 1,However,Court of Record,,18,headnote_only,order_text,leave_refused
S.302/34---Constitution of Pakistan (1973)_CRIMINAL PROCEDURE CODE (CR.P.C) ----S. 540---PENAL CODE (XLV OF 1860)_1,S.302/34---Constitution of Pakistan (1973) CRIMINAL PROCEDURE CODE (CR.P.C) ----S. 540---PENAL CODE (XLV OF 1860) 1,However,Court of Record,,18,headnote_only,order_text,leave_refused
10_----SS. 2(1)_1,10 ----SS. 2(1) 1,"Art. 185--Temporary Allotment Of Land To Jammu And Kashmir Refugees Did Not Amount To """"Allotment"""" Of Land Within Meaning Of S.2(1)",Court of Record,,5,headnote_only,order_text,unknown
1994_SCMR_588,1994 SCMR 588,Nallamsetty Yanadaiah v. The State,Supreme Court of Pakistan,1994-01-01,213,headnote_only,order_text,unknown
R. 25---Constitution of Pakistan (1973)_CIVIL PROCEDURE CODE --ORDER XLI OF C.P.C. APPEALS FROM ORIGINAL DECREES ----O.XLI_1,R. 25---Constitution of Pakistan (1973) CIVIL PROCEDURE CODE --ORDER XLI OF C.P.C. APPEALS FROM ORIGINAL DECREES ----O.XLI 1,While Setting Aside Order Of Remand And Additional Issues Had Found That Controversy Sought To Be Raised In Additional Issues Framed By First Appellate Court Was Already Covered By Issues Framed In Suit By Trial Court And If There Was Some Deficiency In Evidence,Court of Record,,40,headnote_only,order_text,unknown
R. 25---Constitution of Pakistan (1973)_----O.XLI_1,R. 25---Constitution of Pakistan (1973) ----O.XLI 1,While Setting Aside Order Of Remand And Additional Issues Had Found That Controversy Sought To Be Raised In Additional Issues Framed By First Appellate Court Was Already Covered By Issues Framed In Suit By Trial Court And If There Was Some Deficiency In Evidence,Court of Record,,40,headnote_only,order_text,unknown
R.10---Constitution of Pakistan (1973)_CIVIL PROCEDURE CODE --ORDER I OF C.P.C. PARTIES TO SUITS ----O.I_1,R.10---Constitution of Pakistan (1973) CIVIL PROCEDURE CODE --ORDER I OF C.P.C. PARTIES TO SUITS ----O.I 1,Whatsoever,Court of Record,,4,headnote_only,order_text,unknown
R.10---Constitution of Pakistan (1973)_----O.I_1,R.10---Constitution of Pakistan (1973) ----O.I 1,Whatsoever,Court of Record,,4,headnote_only,order_text,unknown
Arts. 203-D & 185(3)---Repugnancy to Injunctions of Islam ---Vires of S.4_----S. 4---CONSTITUTION OF PAKISTAN (1973)_1,Arts. 203-D & 185(3)---Repugnancy to Injunctions of Islam ---Vires of S.4 ----S. 4---CONSTITUTION OF PAKISTAN (1973) 1,1961,Court of Record,,18,headnote_only,order_text,unknown
1980_PUNJAB PRE-EMPTION ACT 1913 ----S: 15---SUPREME COURT RULES_1,1980 PUNJAB PRE-EMPTION ACT 1913 ----S: 15---SUPREME COURT RULES 1,R.1---Review Of Judgment Of Supreme Court---Three Grounds Having Been Raised For The Review Of Judgment,Court of Record,1980-01-01,22,headnote_only,order_text,unknown
Art. 20---Leave to appeal was granted to consider whether having regard to Art. 20 of the Constitution_----S. 16-A---CONSTITUTION OF PAKISTAN (1973)_1,Art. 20---Leave to appeal was granted to consider whether having regard to Art. 20 of the Constitution ----S. 16-A---CONSTITUTION OF PAKISTAN (1973) 1,Could Be Utilized Under The Scheme Framed Under S.16-A,Court of Record,,6,headnote_only,order_text,unknown
Art. 20---Leave to appeal was granted to consider whether having regard to Art. 20 of the Constitution_DISPLACED PERSONS (COMPENSATION AND REHABILITATION) ACT 1958 ----S. 16-A---CONSTITUTION OF PAKISTAN (1973)_1,Art. 20---Leave to appeal was granted to consider whether having regard to Art. 20 of the Constitution DISPLACED PERSONS (COMPENSATION AND REHABILITATION) ACT 1958 ----S. 16-A---CONSTITUTION OF PAKISTAN (1973) 1,Could Be Utilized Under The Scheme Framed Under S.16-A,Court of Record,,6,headnote_only,order_text,unknown
S. 16-A---Evacuee Trust Properties (Management and Disposal) Act (XIII of 1975)_EVACUEE PROPERTY AND DISPLACED PERSONS LAWS (REPEAL) ACT 1975 ----PREAMBLE---DISPLACED PERSONS (COMPENSATION AND REHABILITATION) ACT (XXVIII OF 1958)_1,S. 16-A---Evacuee Trust Properties (Management and Disposal) Act (XIII of 1975) EVACUEE PROPERTY AND DISPLACED PERSONS LAWS (REPEAL) ACT 1975 ----PREAMBLE---DISPLACED PERSONS (COMPENSATION AND REHABILITATION) ACT (XXVIII OF 1958) 1,Art. 185---Appeal Before Supreme Court---Repeal Of Evacuee Laws---Effect---Laws Relating To Evacuee Properties And Rehabilitation Of Displaced Persons Having Been Repealed With The Result That The Relevant Provisions For The Purposes Of Administration Of Evacuee Trust Property (S. 16-A,Court of Record,,6,headnote_only,order_text,unknown
S. 4---Constitution of Pakistan (1973)_----S. 302/324/149/148---SUPPRESSION OF TERRORIST ACTIVITIES (SPECIAL COURTS) ACT (XV OF 1975)_1,S. 4---Constitution of Pakistan (1973) ----S. 302/324/149/148---SUPPRESSION OF TERRORIST ACTIVITIES (SPECIAL COURTS) ACT (XV OF 1975) 1,About Use Of Klashnikov Like Weapon In The Occurrence---Material Available With Prosecution Was Sufficient,Court of Record,,34,headnote_only,order_text,leave_refused
S.5(2)---Constitution of Pakistan (1973)_----S. 409---PREVENTION OF CORRUPTION ACT (II OF 1947)_1,S.5(2)---Constitution of Pakistan (1973) ----S. 409---PREVENTION OF CORRUPTION ACT (II OF 1947) 1,Whether In The Facts And Circumstances Of The Case The Delay In Filing The Petition Could Be Condoned,Court of Record,,57,headnote_only,order_text,unknown
S.5(2)---Constitution of Pakistan (1973)_PAKISTAN PENAL CODE ----S. 409---PREVENTION OF CORRUPTION ACT (II OF 1947)_1,S.5(2)---Constitution of Pakistan (1973) PAKISTAN PENAL CODE ----S. 409---PREVENTION OF CORRUPTION ACT (II OF 1947) 1,Whether In The Facts And Circumstances Of The Case The Delay In Filing The Petition Could Be Condoned,Court of Record,,57,headnote_only,order_text,unknown
Ss. 10 & 11---Requisitioned property---Effect of subsequent allotment---Property in question_----S. 9---DISPLACED PERSONS (LAND SETTLEMENT) ACT (XLVII OF 1958)_1,Ss. 10 & 11---Requisitioned property---Effect of subsequent allotment---Property in question ----S. 9---DISPLACED PERSONS (LAND SETTLEMENT) ACT (XLVII OF 1958) 1,Pakistan Rehabilitation Ordinance,Court of Record,,8,headnote_only,order_text,unknown
Ss. 10 & 11---Requisitioned property---Effect of subsequent allotment---Property in question_PAKISTAN REHABILITATION ORDINANCE 1948 ----S. 9---DISPLACED PERSONS (LAND SETTLEMENT) ACT (XLVII OF 1958)_1,Ss. 10 & 11---Requisitioned property---Effect of subsequent allotment---Property in question PAKISTAN REHABILITATION ORDINANCE 1948 ----S. 9---DISPLACED PERSONS (LAND SETTLEMENT) ACT (XLVII OF 1958) 1,Pakistan Rehabilitation Ordinance,Court of Record,,8,headnote_only,order_text,unknown
Pakistan Penal Code 1860--420_CONSTITUTION OF PAKISTAN 1973--185_1,Pakistan Penal Code 1860--420 CONSTITUTION OF PAKISTAN 1973--185 1,Pakistan Penal Code 1860--471,Court of Record,,5,headnote_only,order_text,unknown
S. 5 (2)---Penal Code (XLV of 1860)_----S. 561-A---PREVENTION OF CORRUPTION ACT (II OF 1947)_1,S. 5 (2)---Penal Code (XLV of 1860) ----S. 561-A---PREVENTION OF CORRUPTION ACT (II OF 1947) 1,& 471---Offences In Respect Of Banks (Special Courts) Ordinance (Ix Of 1984),Court of Record,,6,headnote_only,order_text,unknown
Cr.P.C: --Nature.----S. 561-A---Prevention of Corruption Act (II of 1947)_CRIMINAL PROCEDURE CODE (CR.P.C) ----S. 561-A---POWERS OF HIGH COURT UNDER S. 561-A_1,Cr.P.C: --Nature.----S. 561-A---Prevention of Corruption Act (II of 1947) CRIMINAL PROCEDURE CODE (CR.P.C) ----S. 561-A---POWERS OF HIGH COURT UNDER S. 561-A 1,Ss. 420,Court of Record,,14,headnote_only,order_text,unknown
S. 561-A---Scope of S. 10_OFFENCES IN RESPECT OF BANKS (SPECIAL COURTS) ORDINANCE 1984 ---S. 10---CRIMINAL PROCEDURE CODE (V OF 1898)_1,S. 561-A---Scope of S. 10 OFFENCES IN RESPECT OF BANKS (SPECIAL COURTS) ORDINANCE 1984 ---S. 10---CRIMINAL PROCEDURE CODE (V OF 1898) 1,1984---Provision Of S.10,Court of Record,,8,headnote_only,order_text,unknown
Art._CONTRACT ACT 1872 ----SS. 214 & 215---CONSTITUTION OF PAKISTAN (1973)_1,Art. CONTRACT ACT 1872 ----SS. 214 & 215---CONSTITUTION OF PAKISTAN (1973) 1,Particularly,Court of Record,,52,headnote_only,order_text,unknown
Art._----SS. 214 & 215---CONSTITUTION OF PAKISTAN (1973)_1,Art. ----SS. 214 & 215---CONSTITUTION OF PAKISTAN (1973) 1,Particularly,Court of Record,,52,headnote_only,order_text,unknown
Art. 181---Constitution of Pakistan (1973)_----S. 115---LIMITATION ACT (IX OF 1908)_1,Art. 181---Constitution of Pakistan (1973) ----S. 115---LIMITATION ACT (IX OF 1908) 1,Specifically Providing Period Of Limitation Of 90 Days For Filing Of A Civil Revision In The High Court,Court of Record,,3,headnote_only,order_text,unknown
Sindh Rented Premises Ordinance_-----SS. 14` & 15---APPLICATION UNDER S. 14_1,Sindh Rented Premises Ordinance -----SS. 14` & 15---APPLICATION UNDER S. 14 1,Had Attained The Age Of 61 Years And Was Living With Her Crippled Son On The Top Floor Of The Same Building And They Both Found It Inconvenient To Reside At The Top Floor---Landlady Also In His Application For Ejectment After Describing Her Age,Court of Record,,79,headnote_only,order_text,unknown
Art. 185(3)---Cancellation of all arms licences granted in respect of prohibited bore weapons and automatic weapons issued after first day of December 1988---High Court in its judgment in question_WEST PAKISTAN ARMS ORDINANCE 1965 ----S. 12---CONSTITUTION OF PAKISTAN (1973)_1,Art. 185(3)---Cancellation of all arms licences granted in respect of prohibited bore weapons and automatic weapons issued after first day of December 1988---High Court in its judgment in question WEST PAKISTAN ARMS ORDINANCE 1965 ----S. 12---CONSTITUTION OF PAKISTAN (1973) 1,West Pakistan Arms Ordinance,Court of Record,,17,headnote_only,order_text,unknown
R.3---Constitution of Pakistan (1973)_CIVIL PROCEDURE CODE --ORDER XXIII OF C.P.C. WITHDRAWAL AND ADJUSTMENT OF SUITS ----O.XXIII_1,R.3---Constitution of Pakistan (1973) CIVIL PROCEDURE CODE --ORDER XXIII OF C.P.C. WITHDRAWAL AND ADJUSTMENT OF SUITS ----O.XXIII 1,However,Court of Record,,82,headnote_only,order_text,leave_refused
Art. 185(3)---Determination of entitlement to proprietary rights under Colonization of Government Lands (Punjab) Act_COLONIZATION OF GOVERNMENT LANDS (PUNJAB) ACT 1912 ----S. 10---CONSTITUTION OF PAKISTAN (1973)_1,Art. 185(3)---Determination of entitlement to proprietary rights under Colonization of Government Lands (Punjab) Act COLONIZATION OF GOVERNMENT LANDS (PUNJAB) ACT 1912 ----S. 10---CONSTITUTION OF PAKISTAN (1973) 1,On Question Of Prohibited Zone,Court of Record,,26,headnote_only,order_text,unknown
Art. 185(3)---Determination of entitlement to proprietary rights under Colonization of Government Lands (Punjab) Act_----S. 10---CONSTITUTION OF PAKISTAN (1973)_1,Art. 185(3)---Determination of entitlement to proprietary rights under Colonization of Government Lands (Punjab) Act ----S. 10---CONSTITUTION OF PAKISTAN (1973) 1,On Question Of Prohibited Zone,Court of Record,,26,headnote_only,order_text,unknown
S. 53-A---Agreement to sell_----SS. 5 & 15---TRANSFER OF PROPERTY ACT (IV OF 1882)_1,S. 53-A---Agreement to sell ----SS. 5 & 15---TRANSFER OF PROPERTY ACT (IV OF 1882) 1,Under The Circumstances,Court of Record,,14,headnote_only,order_text,unknown
Art7---Special Courts for Speedy Trials Act (IX of 1992)_CONSTITUTION OF PAKISTAN 1973 ----ARTS. 14 & 184(3)---UNIVERSAL DECLARATION OF HUMAN RIGHTS IN ISLAM_1,Art7---Special Courts for Speedy Trials Act (IX of 1992) CONSTITUTION OF PAKISTAN 1973 ----ARTS. 14 & 184(3)---UNIVERSAL DECLARATION OF HUMAN RIGHTS IN ISLAM 1,Special Courts For Speedy Trials Act,Court of Record,,6,headnote_only,order_text,unknown
Art7---Special Courts for Speedy Trials Act (IX of 1992)_----ARTS. 14 & 184(3)---UNIVERSAL DECLARATION OF HUMAN RIGHTS IN ISLAM_1,Art7---Special Courts for Speedy Trials Act (IX of 1992) ----ARTS. 14 & 184(3)---UNIVERSAL DECLARATION OF HUMAN RIGHTS IN ISLAM 1,Special Courts For Speedy Trials Act,Court of Record,,6,headnote_only,order_text,unknown
Art. 185(3)---Leave to appeal was granted to consider the contention that documents placed on file by the plaintiff/respondent_----S. 15---CONSTITUTION OF PAKISTAN (1973)_1,Art. 185(3)---Leave to appeal was granted to consider the contention that documents placed on file by the plaintiff/respondent ----S. 15---CONSTITUTION OF PAKISTAN (1973) 1,Were Relied Upon While Those Available On The File In Support Of The Petitioner'S Cases Were Rejected,Court of Record,,21,headnote_only,order_text,unknown
Art. 185(3)---Leave to appeal was granted to consider the contention that documents placed on file by the plaintiff/respondent_PUNJAB PRE-EMPTION ACT 1913 ----S. 15---CONSTITUTION OF PAKISTAN (1973)_1,Art. 185(3)---Leave to appeal was granted to consider the contention that documents placed on file by the plaintiff/respondent PUNJAB PRE-EMPTION ACT 1913 ----S. 15---CONSTITUTION OF PAKISTAN (1973) 1,Were Relied Upon While Those Available On The File In Support Of The Petitioner'S Cases Were Rejected,Court of Record,,21,headnote_only,order_text,unknown
"no doubt_----SS. 302/149 & 307/149---APPRAISAL OF EVIDENCE---BENEFIT OF DOUBT---MAXIM """"FALSUS IN UNO FALSUS IN OMNIBUS""""_1","no doubt ----SS. 302/149 & 307/149---APPRAISAL OF EVIDENCE---BENEFIT OF DOUBT---MAXIM """"FALSUS IN UNO FALSUS IN OMNIBUS"""" 1",But It Was Not Possible In The Case Where The Very Prosecution Witnesses On Whose Testimony Conviction Of The Accused Had Been Maintained Had Been Held To Be Not Worthy Of Credence So Far As The Other Accused Charged For Effectively Firing At The Deceased And Committing Murderous Assault On The Injured Prosecution Witnesses And Other Persons Having Received Their Injuries In The Same Transaction Were Concerned---Case Of Accused Was Identical With That Of His Said Co-Accused--Additionally,Court of Record,,50,headnote_only,order_text,unknown
S.5---West Pakistan Arms Ordinance (XX of 1965)_---S. 302---EXPLOSIVE SUBSTANCES ACT (XI OF 1908)_1,S.5---West Pakistan Arms Ordinance (XX of 1965) ---S. 302---EXPLOSIVE SUBSTANCES ACT (XI OF 1908) 1,Art. 185,Court of Record,,8,headnote_only,order_text,unknown
whether sanction for reconstruction which was obtained by the landlord_SINDH RENTED PREMISES ORDINANCE 1979 ----S.15(2)(VI)---EJECTMENT ON GROUND OF RECONSTRUCTION---PERIOD OF SANCTION OF AUTHORITY FOR RECONSTRUCTION OF BUILDING HAD EXPIRED DURING PENDENCY OF THE CASE---EFFECT---HELD_1,whether sanction for reconstruction which was obtained by the landlord SINDH RENTED PREMISES ORDINANCE 1979 ----S.15(2)(VI)---EJECTMENT ON GROUND OF RECONSTRUCTION---PERIOD OF SANCTION OF AUTHORITY FOR RECONSTRUCTION OF BUILDING HAD EXPIRED DURING PENDENCY OF THE CASE---EFFECT---HELD 1,Notwithstanding The Fact That The Original Period For Which It Was Granted Had Expired Till The Conclusion Of The Proceedings Before The Highest Court,Court of Record,,7,headnote_only,order_text,unknown
S.195 ... Constitution of Pakistan (1973)_----S. 193---CRIMINAL PROCEDURE CODE (V OF 1898)_1,S.195 ... Constitution of Pakistan (1973) ----S. 193---CRIMINAL PROCEDURE CODE (V OF 1898) 1,Cr.P.C. High Court Could Have Made A Complaint Under S. 193,Court of Record,,17,headnote_only,order_text,unknown
5.193---Contention that S. 476_CRIMINAL PROCEDURE CODE (CR.P.C) ----S. 476---PENAL CODE (XLV OF 1860)_1,5.193---Contention that S. 476 CRIMINAL PROCEDURE CODE (CR.P.C) ----S. 476---PENAL CODE (XLV OF 1860) 1,Cr.P.C. Does Not Contemplate Such A Procedure,Court of Record,,17,headnote_only,order_text,unknown
S.195 ... Constitution of Pakistan (1973)_PAKISTAN PENAL CODE ----S. 193---CRIMINAL PROCEDURE CODE (V OF 1898)_1,S.195 ... Constitution of Pakistan (1973) PAKISTAN PENAL CODE ----S. 193---CRIMINAL PROCEDURE CODE (V OF 1898) 1,Cr.P.C. High Court Could Have Made A Complaint Under S. 193,Court of Record,,17,headnote_only,order_text,unknown
Art. 185 (3)---Land in question_CODE OF CIVIL PROCEDURE 1908 ----S. 12 (2)---CONSTITUTION OF PAKISTAN (1973)_1,Art. 185 (3)---Land in question CODE OF CIVIL PROCEDURE 1908 ----S. 12 (2)---CONSTITUTION OF PAKISTAN (1973) 1,Challenging Judgment And Decree Of Trial Court In Appeal But Remained Unsuccessful--Validity---Petitioners Contending That Court Below Had Failed To Take Notice That Effect Of Judgment And Decree In Suit Instituted By Respondent Was That Consent Decree Passed In Favour Of Petitioners Had Been Annulled Which Could Not Be Legally Done Except Upon An Application Filed By Respondents Under S.12(2),Court of Record,,5,headnote_only,order_text,unknown
Art. 185 (3)---Land in question_----S. 12 (2)---CONSTITUTION OF PAKISTAN (1973)_1,Art. 185 (3)---Land in question ----S. 12 (2)---CONSTITUTION OF PAKISTAN (1973) 1,Challenging Judgment And Decree Of Trial Court In Appeal But Remained Unsuccessful--Validity---Petitioners Contending That Court Below Had Failed To Take Notice That Effect Of Judgment And Decree In Suit Instituted By Respondent Was That Consent Decree Passed In Favour Of Petitioners Had Been Annulled Which Could Not Be Legally Done Except Upon An Application Filed By Respondents Under S.12(2),Court of Record,,5,headnote_only,order_text,unknown
Art. 185 (3)---Plaintiff's ownership in land question was affirmed by all the Courts below---Land in question_----S. 42---CONSTITUTION OF PAKISTAN (1973)_1,Art. 185 (3)---Plaintiff's ownership in land question was affirmed by all the Courts below---Land in question ----S. 42---CONSTITUTION OF PAKISTAN (1973) 1,Could Not Be Considered As Owners In The Estate In Which They Had No Proprietary Rights---All The Three Courts Below Had Concurrently Found That Interpretation Of Mahazi Malikan,Court of Record,,48,headnote_only,order_text,leave_refused
Art. 185 (3)---Plaintiff's ownership in land question was affirmed by all the Courts below---Land in question_SPECIFIC RELIEF ACT 1877 ----S. 42---CONSTITUTION OF PAKISTAN (1973)_1,Art. 185 (3)---Plaintiff's ownership in land question was affirmed by all the Courts below---Land in question SPECIFIC RELIEF ACT 1877 ----S. 42---CONSTITUTION OF PAKISTAN (1973) 1,Could Not Be Considered As Owners In The Estate In Which They Had No Proprietary Rights---All The Three Courts Below Had Concurrently Found That Interpretation Of Mahazi Malikan,Court of Record,,48,headnote_only,order_text,leave_refused
2-A_WEST PAKISTAN MUSLIM PERSONAL LAW (SHARIAT) APPLICATION ACT 1962 ----SS. 2_1,2-A WEST PAKISTAN MUSLIM PERSONAL LAW (SHARIAT) APPLICATION ACT 1962 ----SS. 2 1,Ss.3 & 4---Relevant Provisions Of Act V Of 1962 And Ordinance Viii Of 1961 Have To Be Read Together And Rule Of Interpretation For Harmonising Statutory Provision Is To Be Applied---Last Male Owner Dying In 1947---Life Estate Of Widow Of Deceased Terminating In 1962---Persons Entitled To Inherit On Termination Of Life Estate Of Widow By Operation Of Law Vide S.3,Court of Record,,8,headnote_only,order_text,unknown
Art. 185 (3)---Plaintiff's suit for preemption was decreed in 1987_---S.12---CONSTITUTION OF PAKISTAN (1973)_1,Art. 185 (3)---Plaintiff's suit for preemption was decreed in 1987 ---S.12---CONSTITUTION OF PAKISTAN (1973) 1,Decree In Question,Court of Record,,22,headnote_only,order_text,unknown
Art. 185 (3)---Plaintiff's suit for preemption was decreed in 1987_N.-W.F.P. PRE-EMPTION ACT 1987 ---S.12---CONSTITUTION OF PAKISTAN (1973)_1,Art. 185 (3)---Plaintiff's suit for preemption was decreed in 1987 N.-W.F.P. PRE-EMPTION ACT 1987 ---S.12---CONSTITUTION OF PAKISTAN (1973) 1,Decree In Question,Court of Record,,22,headnote_only,order_text,unknown
Art. 185(3)---Cancellation of all arms licences granted in respect of prohibited bore weapons and automatic weapons issued after first day of December 1988---High Court in its judgment in question_----S. 12---CONSTITUTION OF PAKISTAN (1973)_1,Art. 185(3)---Cancellation of all arms licences granted in respect of prohibited bore weapons and automatic weapons issued after first day of December 1988---High Court in its judgment in question ----S. 12---CONSTITUTION OF PAKISTAN (1973) 1,West Pakistan Arms Ordinance,Court of Record,,17,headnote_only,order_text,unknown
Art. 185(3)---Leave to appeal was granted to consider inter alia whether corroboration of the ocular account was necessary and if so_PAKISTAN PENAL CODE ----S. 302/34---CONSTITUTION OF PAKISTAN (1973)_1,Art. 185(3)---Leave to appeal was granted to consider inter alia whether corroboration of the ocular account was necessary and if so PAKISTAN PENAL CODE ----S. 302/34---CONSTITUTION OF PAKISTAN (1973) 1,Which According To The Doctor Could Result From A Single Fire,Court of Record,,11,headnote_only,order_text,unknown
Art. 185(3)---Leave to appeal was granted to consider inter alia whether corroboration of the ocular account was necessary and if so_----S. 302/34---CONSTITUTION OF PAKISTAN (1973)_1,Art. 185(3)---Leave to appeal was granted to consider inter alia whether corroboration of the ocular account was necessary and if so ----S. 302/34---CONSTITUTION OF PAKISTAN (1973) 1,Which According To The Doctor Could Result From A Single Fire,Court of Record,,11,headnote_only,order_text,unknown
Arts. 185(3) & 199---Entitlement of appellant to property in question_----S.2(2)---CONSTITUTION OF PAKISTAN (1973)_1,Arts. 185(3) & 199---Entitlement of appellant to property in question ----S.2(2)---CONSTITUTION OF PAKISTAN (1973) 1,Stood Validly Transferred To A Claimant As A House,Court of Record,,34,headnote_only,order_text,unknown
Art. 3/4--Constitution of Pakistan (1973)_----S. 514---PROHIBITION (ENFORCEMENT OF HADD) ORDER (4 OF 1979)_1,Art. 3/4--Constitution of Pakistan (1973) ----S. 514---PROHIBITION (ENFORCEMENT OF HADD) ORDER (4 OF 1979) 1,Of The Surety Bond On The Ground That Even Earlier Than The Date Of His Alleged Death The Accused Had Remained Absent From The Court,Court of Record,,46,headnote_only,order_text,leave_granted
para. 20---Constitution of Pakistan (1973)_----CHAP. III_1,para. 20---Constitution of Pakistan (1973) ----CHAP. III 1,Settlement Scheme No. 1,Court of Record,,19,headnote_only,order_text,unknown
S. 312---Constitution of Pakistan (1973)_----S. 10(2)---PENAL CODE (XLV OF 1860)_1,S. 312---Constitution of Pakistan (1973) ----S. 10(2)---PENAL CODE (XLV OF 1860) 1,Direct Or Circumstantial,Court of Record,,66,headnote_only,order_text,unknown
S. 312---Constitution of Pakistan (1973)_OFFENCE OF ZINA (ENFORCEMENT OF HUDOOD) ORDINANCE 1979 ----S. 10(2)---PENAL CODE (XLV OF 1860)_1,S. 312---Constitution of Pakistan (1973) OFFENCE OF ZINA (ENFORCEMENT OF HUDOOD) ORDINANCE 1979 ----S. 10(2)---PENAL CODE (XLV OF 1860) 1,And S. 312,Court of Record,,34,headnote_only,order_text,unknown
1978---West Pakistan Industrial and Commercial Employment (Standing Orders) Ordinance_----S. 45---LAHORE DEVELOPMENT AUTHORITY (APPOINTMENT AND CONDITIONS OF SERVICE) REGULATIONS_1,1978---West Pakistan Industrial and Commercial Employment (Standing Orders) Ordinance ----S. 45---LAHORE DEVELOPMENT AUTHORITY (APPOINTMENT AND CONDITIONS OF SERVICE) REGULATIONS 1,S. 4(9)---Constitution Of Pakistan (1973),Court of Record,,22,headnote_only,order_text,unknown
1978---West Pakistan Industrial and Commercial Employment (Standing Orders) Ordinance_LAHORE DEVELOPMENT AUTHORITY ACT 1975 ----S. 45---LAHORE DEVELOPMENT AUTHORITY (APPOINTMENT AND CONDITIONS OF SERVICE) REGULATIONS_1,1978---West Pakistan Industrial and Commercial Employment (Standing Orders) Ordinance LAHORE DEVELOPMENT AUTHORITY ACT 1975 ----S. 45---LAHORE DEVELOPMENT AUTHORITY (APPOINTMENT AND CONDITIONS OF SERVICE) REGULATIONS 1,S. 4(9)---Constitution Of Pakistan (1973),Court of Record,,22,headnote_only,order_text,unknown
had been transferred through mutation and was assessed to land revenue ---Vendees had not claimed that land in question was not agricultural_PUNJAB PRE-EMPTION ACT 1913 ----S. 6---RIGHT OF PRE-EMPTION IN RESPECT OF AGRICULTURAL LAND---CHARACTER OF LAND---DETERMINATION OF---LAND IN QUESTION WAS DESCRIBED IN REVENUE RECORD AS AGRICULTURAL LAND_1,had been transferred through mutation and was assessed to land revenue ---Vendees had not claimed that land in question was not agricultural PUNJAB PRE-EMPTION ACT 1913 ----S. 6---RIGHT OF PRE-EMPTION IN RESPECT OF AGRICULTURAL LAND---CHARACTER OF LAND---DETERMINATION OF---LAND IN QUESTION WAS DESCRIBED IN REVENUE RECORD AS AGRICULTURAL LAND 1,Or At The Time Of Sale---Land Being Under Self-Cultivation,Court of Record,,45,headnote_only,order_text,unknown
servant_BREACH OF TRUST ----BRIBE---BRIBE IS A GIFT ACCEPTED BY A FIDUCIARY (A TRUSTEE_1,servant BREACH OF TRUST ----BRIBE---BRIBE IS A GIFT ACCEPTED BY A FIDUCIARY (A TRUSTEE 1,Servant,Court of Record,,11,headnote_only,order_text,unknown
para. 20---Disposal of evacuee property as a shop---Acquiescence by a person who was in possession of same and who could have got declaration as to conversion of same into an industrial unit--Effect---Respondent_SETTLEMENT SCHEME NO. I ----CHAP. III_1,para. 20---Disposal of evacuee property as a shop---Acquiescence by a person who was in possession of same and who could have got declaration as to conversion of same into an industrial unit--Effect---Respondent SETTLEMENT SCHEME NO. I ----CHAP. III 1,Had Voluntraily And Unilaterally Come Forward To Attorn To Appellant (Auction-Purchaser)---Respondent Had Done So In Derogation Of His Subsisting Rights In The Property In Question,Court of Record,,36,headnote_only,order_text,unknown
Art. 185---Appeal against acquittal---Finding of High Court that eye-witnesses who were chance witnesses were also interested and their presence on the night of occurrence at the shop of the deceased was highly improbable_----S. 302/34---CONSTITUTION OF PAKISTAN (1973)_1,Art. 185---Appeal against acquittal---Finding of High Court that eye-witnesses who were chance witnesses were also interested and their presence on the night of occurrence at the shop of the deceased was highly improbable ----S. 302/34---CONSTITUTION OF PAKISTAN (1973) 1,Surrounding Circumstances And Inferences Which Could Fairly Be Drawn. Therefrom---Said Testimony If Discarded,Court of Record,,29,headnote_only,order_text,unknown
Art. 185---Appeal against acquittal---Finding of High Court that eye-witnesses who were chance witnesses were also interested and their presence on the night of occurrence at the shop of the deceased was highly improbable_PAKISTAN PENAL CODE ----S. 302/34---CONSTITUTION OF PAKISTAN (1973)_1,Art. 185---Appeal against acquittal---Finding of High Court that eye-witnesses who were chance witnesses were also interested and their presence on the night of occurrence at the shop of the deceased was highly improbable PAKISTAN PENAL CODE ----S. 302/34---CONSTITUTION OF PAKISTAN (1973) 1,Surrounding Circumstances And Inferences Which Could Fairly Be Drawn. Therefrom---Said Testimony If Discarded,Court of Record,,29,headnote_only,order_text,unknown
S.302/324/34/109---Constitution of Pakistan (1973)_CRIMINAL PROCEDURE CODE (CR.P.C) ----S. 497---PENAL CODE (XLV OF 1860)_1,S.302/324/34/109---Constitution of Pakistan (1973) CRIMINAL PROCEDURE CODE (CR.P.C) ----S. 497---PENAL CODE (XLV OF 1860) 1,According To F.I.R.,Court of Record,,59,headnote_only,order_text,unknown
S. 195(1)(a) --- Deputy Commissioner had taken action and judiciously investigated the matter on the complaint filed by the accused before the Commissioner which was found to be false---Commissioner_----S. 182---CRIMINAL PROCEDURE CODE (V OF 1898)_1,S. 195(1)(a) --- Deputy Commissioner had taken action and judiciously investigated the matter on the complaint filed by the accused before the Commissioner which was found to be false---Commissioner ----S. 182---CRIMINAL PROCEDURE CODE (V OF 1898) 1,Should Not Have Necessarily Filed The Complaint Under S.182,Court of Record,,8,headnote_only,order_text,unknown
337-D/149 & 148---Constitution of Pakistan (1973)_----SS. 302(C)/149_1,337-D/149 & 148---Constitution of Pakistan (1973) ----SS. 302(C)/149 1,P.P.C.,Court of Record,,32,headnote_only,order_text,unknown
337-D/149 & 148---Constitution of Pakistan (1973)_PAKISTAN PENAL CODE ----SS. 302(C)/149_1,337-D/149 & 148---Constitution of Pakistan (1973) PAKISTAN PENAL CODE ----SS. 302(C)/149 1,P.P.C.,Court of Record,,32,headnote_only,order_text,unknown
with the leave of the Court of Appeal of New Zealand given on 6th July 1992_APPEAL THE ATTORNEY-GENERAL OF HONG KONG APPEALED_1,with the leave of the Court of Appeal of New Zealand given on 6th July 1992 APPEAL THE ATTORNEY-GENERAL OF HONG KONG APPEALED 1,Hardie Toys And Gault Jj) Delivered On 12Th December 1991 Dismissing His Appeal From The Judgment Of The Supreme Court Of New Zealand (Penlington,Court of Record,,34,headnote_only,order_text,unknown
Ss.302/149_CRIMINAL PROCEDURE CODE (CR.P.C) ----S.103---PENAL CODE (XLV OF 1860)_1,Ss.302/149 CRIMINAL PROCEDURE CODE (CR.P.C) ----S.103---PENAL CODE (XLV OF 1860) 1,Prosecution Might Pick Up Any Other Person To Act As Such,Court of Record,,18,headnote_only,order_text,unknown
relationship of---Affidavit of landlord/tenant_SINDH RENTED PREMISES ORDINANCE 1979 ----S. 5---LANDLORD AND TENANT_1,relationship of---Affidavit of landlord/tenant SINDH RENTED PREMISES ORDINANCE 1979 ----S. 5---LANDLORD AND TENANT 1,Same Can Be Accepted Unless There Is Valid Reasons For Rejecting It: --[Affidavit].----S. 5---Landlord Arid Tenant,Court of Record,,40,headnote_only,order_text,unknown
would commit violation of S. 15 (2) (iii) (a) of the Sindh Rented Premises Ordinance_SINDH RENTED PREMISES ORDINANCE 1979 ----S. 15 (2) (II) (A)---SUBLETTING---ORIGINAL TENANT ENTERING INTO PARTNERSHIP IN THE BUSINESS BEING RUN BY HIM IN THE PREMISES AS SOLE PROPRIETOR ---EFFECT--ORIGINAL TENANT BY CREATING INTEREST OF OTHER PARTNERS IN THE PREMISES (WHO SHALL BE DEEMED TO BE IN ITS POSSESSION AS PARTNERS) WITHOUT CONSENT OF THE LANDLORD_1,would commit violation of S. 15 (2) (iii) (a) of the Sindh Rented Premises Ordinance SINDH RENTED PREMISES ORDINANCE 1979 ----S. 15 (2) (II) (A)---SUBLETTING---ORIGINAL TENANT ENTERING INTO PARTNERSHIP IN THE BUSINESS BEING RUN BY HIM IN THE PREMISES AS SOLE PROPRIETOR ---EFFECT--ORIGINAL TENANT BY CREATING INTEREST OF OTHER PARTNERS IN THE PREMISES (WHO SHALL BE DEEMED TO BE IN ITS POSSESSION AS PARTNERS) WITHOUT CONSENT OF THE LANDLORD 1,Hr]D,Court of Record,,10,headnote_only,order_text,unknown
Art. 185(3)---Leave to appeal was granted for consideration of the contention that appellants having taken over possession of the property of deceased male owner under custom long before independence_WEST PAKISTAN MUSLIM PERSONAL LAW (SHARIAT) APPLICATION ACT 1962 ----S. 2-A [ADDED BY PUNJAB MUSLIM PERSONAL LAW (SHARIAT APPLICATION) (AMENDMENT) ORDINANCE (XIII OF 1983)]---CONSTITUTION OF PAKISTAN (1973)_1,Art. 185(3)---Leave to appeal was granted for consideration of the contention that appellants having taken over possession of the property of deceased male owner under custom long before independence WEST PAKISTAN MUSLIM PERSONAL LAW (SHARIAT) APPLICATION ACT 1962 ----S. 2-A [ADDED BY PUNJAB MUSLIM PERSONAL LAW (SHARIAT APPLICATION) (AMENDMENT) ORDINANCE (XIII OF 1983)]---CONSTITUTION OF PAKISTAN (1973) 1,As Amended By Ordinance Xiii Of 1983,Court of Record,,6,headnote_only,order_text,unknown
323/149 & 148---Criminal Procedure Code (V of 1898)_----SS.302/149_1,323/149 & 148---Criminal Procedure Code (V of 1898) ----SS.302/149 1,323/149 And 148,Court of Record,,28,headnote_only,order_text,unknown
Criminal Procedure Code (Cr.P.C) 1898--466_CRIMINAL PROCEDURE CODE (CR.P.C) 1898--465_1,Criminal Procedure Code (Cr.P.C) 1898--466 CRIMINAL PROCEDURE CODE (CR.P.C) 1898--465 1,Criminal Procedure Code (Cr.P.C) 1898--468,Court of Record,,5,headnote_only,order_text,unknown
Arts. 10_----S. 3---CONSTITUTION `OF PAKISTAN (1973)_1,Arts. 10 ----S. 3---CONSTITUTION `OF PAKISTAN (1973) 1,West Pakistan Maintenance Of Public Order Ordinance,Court of Record,,17,headnote_only,order_text,unknown
Arts. 10_WEST PAKISTAN MAINTENANCE OF PUBLIC ORDER ORDINANCE 1960 ----S. 3---CONSTITUTION `OF PAKISTAN (1973)_1,Arts. 10 WEST PAKISTAN MAINTENANCE OF PUBLIC ORDER ORDINANCE 1960 ----S. 3---CONSTITUTION `OF PAKISTAN (1973) 1,West Pakistan Maintenance Of Public Order Ordinance,Court of Record,,17,headnote_only,order_text,unknown
Ss. 42 & 54---Constitution of Pakistan (1973)_CODE OF CIVIL PROCEDURE 1908 ----S. 151---SPECIFIC RELIEF ACT (I OF 1877)_1,Ss. 42 & 54---Constitution of Pakistan (1973) CODE OF CIVIL PROCEDURE 1908 ----S. 151---SPECIFIC RELIEF ACT (I OF 1877) 1,High Court,Court of Record,,4,headnote_only,order_text,unknown
Ss. 42 & 54---Constitution of Pakistan (1973)_----S. 151---SPECIFIC RELIEF ACT (I OF 1877)_1,Ss. 42 & 54---Constitution of Pakistan (1973) ----S. 151---SPECIFIC RELIEF ACT (I OF 1877) 1,High Court,Court of Record,,4,headnote_only,order_text,unknown
R.11_CIVIL PROCEDURE CODE --ORDER VII OF C.P.C. PLAINT ----O.VII_1,R.11 CIVIL PROCEDURE CODE --ORDER VII OF C.P.C. PLAINT ----O.VII 1,R.5 & S.2(2)---Constitution Of Pakistan (1973),Court of Record,,41,headnote_only,order_text,unknown
the Government generally has a free hand in restricting expressive conduct than it has in restricting the written or spoken word_CONSTITUTIONAL LAW ---- FREE SPEECH---REGULATION OF EXPRESSIVE CONDUCT. UNDER THE FEDERAL CONSTITUTION'S FIRST AMENDMENT_1,the Government generally has a free hand in restricting expressive conduct than it has in restricting the written or spoken word CONSTITUTIONAL LAW ---- FREE SPEECH---REGULATION OF EXPRESSIVE CONDUCT. UNDER THE FEDERAL CONSTITUTION'S FIRST AMENDMENT 1,Like A Law Directed At Speech Itself,Court of Record,,15,headnote_only,order_text,unknown
Art. 185(3)---Lis pendens_----S. 52---CONSTITUTION OF PAKISTAN (1973)_1,Art. 185(3)---Lis pendens ----S. 52---CONSTITUTION OF PAKISTAN (1973) 1,Having Not Been Made By One Of The Parties In Suit And There Being No Allegation Of Fraud Or Illegality,Court of Record,,26,headnote_only,order_text,unknown
Art. 185(3)---Lis pendens_TRANSFER OF PROPERTY ACT 1882 ----S. 52---CONSTITUTION OF PAKISTAN (1973)_1,Art. 185(3)---Lis pendens TRANSFER OF PROPERTY ACT 1882 ----S. 52---CONSTITUTION OF PAKISTAN (1973) 1,Having Not Been Made By One Of The Parties In Suit And There Being No Allegation Of Fraud Or Illegality,Court of Record,,26,headnote_only,order_text,unknown
R.11_----O.VII_1,R.11 ----O.VII 1,R.5 & S.2(2)---Constitution Of Pakistan (1973),Court of Record,,41,headnote_only,order_text,unknown
S.34---Constitution of Pakistan (1973)_----S. 15---PUNJAB PRE-EMPTION ACT (IX OF 1991)_1,S.34---Constitution of Pakistan (1973) ----S. 15---PUNJAB PRE-EMPTION ACT (IX OF 1991) 1,Punjab Preemption Act,Court of Record,,50,headnote_only,order_text,unknown
S.34---Constitution of Pakistan (1973)_PUNJAB PRE-EMPTION ACT 1913 ----S. 15---PUNJAB PRE-EMPTION ACT (IX OF 1991)_1,S.34---Constitution of Pakistan (1973) PUNJAB PRE-EMPTION ACT 1913 ----S. 15---PUNJAB PRE-EMPTION ACT (IX OF 1991) 1,Punjab Preemption Act,Court of Record,,50,headnote_only,order_text,unknown
OXXIII_----S. 62---CIVIL PROCEDURE CODE (V OF 1908)_1,OXXIII ----S. 62---CIVIL PROCEDURE CODE (V OF 1908) 1,Arts. 199 & 185(3)---Question For Consideration In Petition For Leave To Appeal Was,Court of Record,,10,headnote_only,order_text,unknown
OXXIII_CONTRACT ACT 1872 ----S. 62---CIVIL PROCEDURE CODE (V OF 1908)_1,OXXIII CONTRACT ACT 1872 ----S. 62---CIVIL PROCEDURE CODE (V OF 1908) 1,Arts. 199 & 185(3)---Question For Consideration In Petition For Leave To Appeal Was,Court of Record,,10,headnote_only,order_text,unknown
Expln. III---Promotion and seniority of civil servants were two different matters---Explanation III to R. 8(4)_PUNJAB CIVIL SERVANTS (APPOINTMENT AND CONDITION OF SERVICE) RULES 1974 ----R. 8(4)_1,Expln. III---Promotion and seniority of civil servants were two different matters---Explanation III to R. 8(4) PUNJAB CIVIL SERVANTS (APPOINTMENT AND CONDITION OF SERVICE) RULES 1974 ----R. 8(4) 1,1974,Court of Record,,38,headnote_only,order_text,unknown
Art. 185 --Authority acquiring land for one of its projects---Collector's award for compensation was challenged before Acquisition Court---Authority's entitlement to file appeal against compensation awarded by Court---Neither S. 18_----SS. 18 & 50---CONSTITUTION OF PAKISTAN (1973)_1,Art. 185 --Authority acquiring land for one of its projects---Collector's award for compensation was challenged before Acquisition Court---Authority's entitlement to file appeal against compensation awarded by Court---Neither S. 18 ----SS. 18 & 50---CONSTITUTION OF PAKISTAN (1973) 1,Land Acquisition Act,Court of Record,,37,headnote_only,order_text,unknown
Art. 185 --Authority acquiring land for one of its projects---Collector's award for compensation was challenged before Acquisition Court---Authority's entitlement to file appeal against compensation awarded by Court---Neither S. 18_LAND ACQUISITION ACT 1894 ----SS. 18 & 50---CONSTITUTION OF PAKISTAN (1973)_1,Art. 185 --Authority acquiring land for one of its projects---Collector's award for compensation was challenged before Acquisition Court---Authority's entitlement to file appeal against compensation awarded by Court---Neither S. 18 LAND ACQUISITION ACT 1894 ----SS. 18 & 50---CONSTITUTION OF PAKISTAN (1973) 1,Land Acquisition Act,Court of Record,,37,headnote_only,order_text,unknown
proper and potential' value_LAND ACQUISITION ACT 1894 ----S. 23---COMPENSATION AWARDED BY HIGH COURT---VALIDITY---HIGH COURT ON BASIS OF DOCUMENTS ON RECORD ASCERTAINED REAL_1,proper and potential' value LAND ACQUISITION ACT 1894 ----S. 23---COMPENSATION AWARDED BY HIGH COURT---VALIDITY---HIGH COURT ON BASIS OF DOCUMENTS ON RECORD ASCERTAINED REAL 1,Its Intended Use,Court of Record,,20,headnote_only,order_text,unknown
Art. 212(3)---Seniority---Change of cadre---Effect---Civil servant's appointment as Inspector of Post Offices in the Southern Circle---Civil servant after three years_----R. 38---CONSTITUTION OF PAKISTAN (1973)_1,Art. 212(3)---Seniority---Change of cadre---Effect---Civil servant's appointment as Inspector of Post Offices in the Southern Circle---Civil servant after three years ----R. 38---CONSTITUTION OF PAKISTAN (1973) 1,To The 'L' Circle,Court of Record,,20,headnote_only,order_text,unknown
Art. 212(3)---Seniority---Change of cadre---Effect---Civil servant's appointment as Inspector of Post Offices in the Southern Circle---Civil servant after three years_POST OFFICE MANUAL ----R. 38---CONSTITUTION OF PAKISTAN (1973)_1,Art. 212(3)---Seniority---Change of cadre---Effect---Civil servant's appointment as Inspector of Post Offices in the Southern Circle---Civil servant after three years POST OFFICE MANUAL ----R. 38---CONSTITUTION OF PAKISTAN (1973) 1,To The 'L' Circle,Court of Record,,20,headnote_only,order_text,unknown
S.302/324/34/109---Constitution of Pakistan (1973)_----S. 497---PENAL CODE (XLV OF 1860)_1,S.302/324/34/109---Constitution of Pakistan (1973) ----S. 497---PENAL CODE (XLV OF 1860) 1,According To F.I.R.,Court of Record,,59,headnote_only,order_text,unknown
O.III_----S. 42---CIVIL PROCEDURE CODE (V OF 1908)_1,O.III ----S. 42---CIVIL PROCEDURE CODE (V OF 1908) 1,R. 3--Constitution Of Pakistan (1973),Court of Record,,26,headnote_only,order_text,unknown
O.III_SPECIFIC RELIEF ACT 1877 ----S. 42---CIVIL PROCEDURE CODE (V OF 1908)_1,O.III SPECIFIC RELIEF ACT 1877 ----S. 42---CIVIL PROCEDURE CODE (V OF 1908) 1,R. 3--Constitution Of Pakistan (1973),Court of Record,,26,headnote_only,order_text,unknown
O.XLI_----S. 2-A [ADDED BY PUNJAB MUSLIM PERSONAL LAW (SHARIAT APPLICATION) (AMENDMENT) ORDINANCE (XIII OF 1983)]---CIVIL PROCEDURE CODE (V OF 1908)_1,O.XLI ----S. 2-A [ADDED BY PUNJAB MUSLIM PERSONAL LAW (SHARIAT APPLICATION) (AMENDMENT) ORDINANCE (XIII OF 1983)]---CIVIL PROCEDURE CODE (V OF 1908) 1,West Pakistan Muslim Personal Law (Shariat) Application Act (V Of 1962),Court of Record,,7,headnote_only,order_text,unknown
Art. 185(3)---Leave to appeal was granted for consideration of the contention that appellants having taken over possession of the property of deceased male owner under custom long before independence_----S. 2-A [ADDED BY PUNJAB MUSLIM PERSONAL LAW (SHARIAT APPLICATION) (AMENDMENT) ORDINANCE (XIII OF 1983)]---CONSTITUTION OF PAKISTAN (1973)_1,Art. 185(3)---Leave to appeal was granted for consideration of the contention that appellants having taken over possession of the property of deceased male owner under custom long before independence ----S. 2-A [ADDED BY PUNJAB MUSLIM PERSONAL LAW (SHARIAT APPLICATION) (AMENDMENT) ORDINANCE (XIII OF 1983)]---CONSTITUTION OF PAKISTAN (1973) 1,As Amended By Ordinance Xiii Of 1983,Court of Record,,6,headnote_only,order_text,unknown
Art. 185 (3)---Leave to appeal was granted to examine_----S. 23---CONSTITUTION OF PAKISTAN (1973)_1,Art. 185 (3)---Leave to appeal was granted to examine ----S. 23---CONSTITUTION OF PAKISTAN (1973) 1,Land Acquisition Act,Court of Record,,54,headnote_only,order_text,unknown
Art. 185(3)---Husband serving notice of divorce on wife in terms of provisions of Muslim Family Laws Ordinance 1961---Husband_----S. 7---CONSTITUTION OF PAKISTAN (1973)_1,Art. 185(3)---Husband serving notice of divorce on wife in terms of provisions of Muslim Family Laws Ordinance 1961---Husband ----S. 7---CONSTITUTION OF PAKISTAN (1973) 1,Died Before Completion Of 90 Days Of Service Of Notice Of Divorce---Effect---During The Period Of 90 Days Had The Husband Been Alive,Court of Record,,44,headnote_only,order_text,unknown
Art. 185(3)---Husband serving notice of divorce on wife in terms of provisions of Muslim Family Laws Ordinance 1961---Husband_MUSLIM FAMILY LAWS ORDINANCE 1961 ----S. 7---CONSTITUTION OF PAKISTAN (1973)_1,Art. 185(3)---Husband serving notice of divorce on wife in terms of provisions of Muslim Family Laws Ordinance 1961---Husband MUSLIM FAMILY LAWS ORDINANCE 1961 ----S. 7---CONSTITUTION OF PAKISTAN (1973) 1,Died Before Completion Of 90 Days Of Service Of Notice Of Divorce---Effect---During The Period Of 90 Days Had The Husband Been Alive,Court of Record,,44,headnote_only,order_text,unknown
Rr. 1 & 2---Constitution of Pakistan (1973)_CIVIL PROCEDURE CODE --ORDER XXXIX OF C.P.C. TEMPORARY INJUNCTIONS AND INTERLOCUTORY ORDERS ----O.XXXIX_1,Rr. 1 & 2---Constitution of Pakistan (1973) CIVIL PROCEDURE CODE --ORDER XXXIX OF C.P.C. TEMPORARY INJUNCTIONS AND INTERLOCUTORY ORDERS ----O.XXXIX 1,Plaintiff Should Have Been Called Upon To Deposit Or Guarantee The Balance Amount Due As Price Of The Land---No Absolute Restraint Existed On Defendant In Making Such A Request To Trial Court As That Aspect Of The Matter Had Not Been Considered By It In The Interim Order That Had Been Passed---If There Was Inordinate Delay In Disposing Of The Suit 'Itself Then Also Such A Request Can Be Made With A View To Seek Suitable Alteration In The Interim Order---Parties Were At All Times Entitled On Cause Being Shown To Get Appropriate Amendment In The Interim Order---Case Being Not Fit For Grant Of Leave To Appeal,Court of Record,,7,headnote_only,order_text,leave_refused
Art. 185---Declaration/notification/announcement of the result of bye-election for National Assembly Seat---High Court directed Election Commission that the result of bye-election for National Assembly seat in question_REPRESENTATION OF THE PEOPLE ACT 1976 ----S.42---CONSTITUTION OF PAKISTAN (1973)_1,Art. 185---Declaration/notification/announcement of the result of bye-election for National Assembly Seat---High Court directed Election Commission that the result of bye-election for National Assembly seat in question REPRESENTATION OF THE PEOPLE ACT 1976 ----S.42---CONSTITUTION OF PAKISTAN (1973) 1,To Take His Seat In The National Assembly,Court of Record,,14,headnote_only,order_text,unknown
S. 12---Constitution of Pakistan (1973)_COLONIZATION OF GOVERNMENT LANDS (PUNJAB) ACT 1912 ----S. 19---SPECIFIC RELIEF ACT (I OF 1877)_1,S. 12---Constitution of Pakistan (1973) COLONIZATION OF GOVERNMENT LANDS (PUNJAB) ACT 1912 ----S. 19---SPECIFIC RELIEF ACT (I OF 1877) 1,Colonization Of Government Lands (Punjab) Act: 1912 And That Land In Question Being In Colony Area,Court of Record,,8,headnote_only,order_text,unknown
S. 12---Constitution of Pakistan (1973)_----S. 19---SPECIFIC RELIEF ACT (I OF 1877)_1,S. 12---Constitution of Pakistan (1973) ----S. 19---SPECIFIC RELIEF ACT (I OF 1877) 1,Colonization Of Government Lands (Punjab) Act: 1912 And That Land In Question Being In Colony Area,Court of Record,,8,headnote_only,order_text,unknown
Art. 185(3)---Right of pre-emption--Plea raised was that in terms of S. 4_PUNJAB PRE-EMPTION ACT 1913 ----S. 4---CONSTITUTION OF PAKISTAN (1973)_1,Art. 185(3)---Right of pre-emption--Plea raised was that in terms of S. 4 PUNJAB PRE-EMPTION ACT 1913 ----S. 4---CONSTITUTION OF PAKISTAN (1973) 1,1913,Court of Record,,20,headnote_only,order_text,unknown
Art. 185(3)---Leave to appeal was granted to examine whether the decision of Supreme Court in Muhammad Masihuzzaman's case (PLD 1992 SC 825) was not kept in view by the High Court while passing judgment in question_R. 12---CONSTITUTION OF PAKISTAN (1973)_1,Art. 185(3)---Leave to appeal was granted to examine whether the decision of Supreme Court in Muhammad Masihuzzaman's case (PLD 1992 SC 825) was not kept in view by the High Court while passing judgment in question R. 12---CONSTITUTION OF PAKISTAN (1973) 1,North,Court of Record,,4,headnote_only,order_text,unknown
Art. 185(3)---Leave to appeal was granted to examine whether the decision of Supreme Court in Muhammad Masihuzzaman's case (PLD 1992 SC 825) was not kept in view by the High Court while passing judgment in question_N.-W.F.P. PROVINCIAL ASSEMBLY (RECRUITMENT) RULES 1974 R. 12---CONSTITUTION OF PAKISTAN (1973)_1,Art. 185(3)---Leave to appeal was granted to examine whether the decision of Supreme Court in Muhammad Masihuzzaman's case (PLD 1992 SC 825) was not kept in view by the High Court while passing judgment in question N.-W.F.P. PROVINCIAL ASSEMBLY (RECRUITMENT) RULES 1974 R. 12---CONSTITUTION OF PAKISTAN (1973) 1,North,Court of Record,,4,headnote_only,order_text,unknown
inter alia providing exploitation by respondent of specified volumes of trees to be marked by appellants---Work order issued allegedly after marking of trees and respondents entering the site and carrying on the exploitation work--Appellants subsequently withholding the relevant field book issued to respondent and forbidding it from carrying on the exploitation work--Respondent filing suit against appellants for permanent injunction---Appellants moving application under S. 34_ARBITRATION ACT 1940 ----S. 34---AGREEMENT---ARBITRATION CLAUSE---EXCLUSION OF CERTAIN MATTERS FROM PURVIEW OF ARBITRATION---EFFECT---AGREEMENT BETWEEN PARTIES_1,inter alia providing exploitation by respondent of specified volumes of trees to be marked by appellants---Work order issued allegedly after marking of trees and respondents entering the site and carrying on the exploitation work--Appellants subsequently withholding the relevant field book issued to respondent and forbidding it from carrying on the exploitation work--Respondent filing suit against appellants for permanent injunction---Appellants moving application under S. 34 ARBITRATION ACT 1940 ----S. 34---AGREEMENT---ARBITRATION CLAUSE---EXCLUSION OF CERTAIN MATTERS FROM PURVIEW OF ARBITRATION---EFFECT---AGREEMENT BETWEEN PARTIES 1,Allegations Made In The Stay Application Filed By Appellants Were Vague--Arbitration Clause In The Agreement Had Expressly Excluded Matters The Decision Of Which Had Been Provided In The Agreement And As The Agreement Had Specifically Provided The Procedure For Dealing With Unauthorised Cutting Of Trees Not Marked By The Appellants,Court of Record,,29,headnote_only,order_text,unknown
Art. 185(3)---Defect of jurisdiction---Proceedings in wrong forum---Benefit of S. 14_LIMITATION ACT 1908 ----S. 14---CONSTITUTION OF PAKISTAN (1973)_1,Art. 185(3)---Defect of jurisdiction---Proceedings in wrong forum---Benefit of S. 14 LIMITATION ACT 1908 ----S. 14---CONSTITUTION OF PAKISTAN (1973) 1,1908---Entitlement---Initially,Court of Record,,11,headnote_only,order_text,unknown
Berthing and Operation of Container Vessels and Containers at Karachi Port R. 35(a)---Constitution of Pakistan (1973)_MANUAL OF PROCEDURE FOR THE HANDLING_1,Berthing and Operation of Container Vessels and Containers at Karachi Port R. 35(a)---Constitution of Pakistan (1973) MANUAL OF PROCEDURE FOR THE HANDLING 1,Then Storage Charges On Cargo In Containers Would Be Levied Against Shipping Agents As Per Scale Of Charges Provided In R. 35 (A),Court of Record,,6,headnote_only,order_text,unknown
Doctrine of ----Res judicate_STARE DECISIS_1,Doctrine of ----Res judicate STARE DECISIS 1,But The Doctrine Of Stare Decisis Is Not Affected By The Fact That Different Parties Are Involved In The Case Where The Precedent Was Established. It Was Further Pointed Out That Res Judicata Applies To Decisions Of Both Law And Facts,Court of Record,,11,headnote_only,order_text,unknown
payment of rent was made regularly---Held_SINDH RENTED PREMISES ORDINANCE 1979 ---S. 15---EJECTMENT OF TENANT WAS SOUGHT ON GROUND OF DEFAULT---AGREEMENT BETWEEN THE PARTIES REQUIRED THAT RENT WAS TO BE PAID MONTHLY---TENANT TAKING LEA OF PRACTICE OF PAYMENT OF ACCUMULATED RENT---SUCH PLEA HAS TO BE SPECIFICALLY PLEADED---RECORD SHOWED THAT EXCEPT FOR SOME OCCASIONS WHEN RENT WAS PAID FOR TWO OR THREE MONTHS BY TENANT_1,payment of rent was made regularly---Held SINDH RENTED PREMISES ORDINANCE 1979 ---S. 15---EJECTMENT OF TENANT WAS SOUGHT ON GROUND OF DEFAULT---AGREEMENT BETWEEN THE PARTIES REQUIRED THAT RENT WAS TO BE PAID MONTHLY---TENANT TAKING LEA OF PRACTICE OF PAYMENT OF ACCUMULATED RENT---SUCH PLEA HAS TO BE SPECIFICALLY PLEADED---RECORD SHOWED THAT EXCEPT FOR SOME OCCASIONS WHEN RENT WAS PAID FOR TWO OR THREE MONTHS BY TENANT 1,Uniform,Court of Record,,23,headnote_only,order_text,unknown
Art. 185(3)---Appeal against acquittal---Plea of self-defence by injured accused---Motive---Appreciation of evidence---Prosecution's case was that matter relating to motive was patched up but best witnesses of the motive were not produced by the prosecution--Held_---S. 302/149---CONSTITUTION OF PAKISTAN (1973)_1,Art. 185(3)---Appeal against acquittal---Plea of self-defence by injured accused---Motive---Appreciation of evidence---Prosecution's case was that matter relating to motive was patched up but best witnesses of the motive were not produced by the prosecution--Held ---S. 302/149---CONSTITUTION OF PAKISTAN (1973) 1,It Would Be Difficult To Hold That The Grounds On Which The High Court Had Acquitted The Accused Were Not Supportable From The Evidence On Record Or That No Reasonable Person Would Conceivably Reach The Conclusion At Which The High Court Had Arrived At. ----S.--302/149---Recovery---Corroboration---Necessity---Appreciation-Of--Evidence---Corroboration Is Always Required With Regard To The Version Of The Prosecution And With Regard To The Identity Of Each Accused---Where No Empty Was Recovered From The Spot,Court of Record,,11,headnote_only,order_text,unknown
O.VII_BANKING COMPANIES (RECOVERY OF LOANS) ORDINANCE 1979 -----S. 6(4)---CIVIL PROCEDURE CODE (V OF 1908)_1,O.VII BANKING COMPANIES (RECOVERY OF LOANS) ORDINANCE 1979 -----S. 6(4)---CIVIL PROCEDURE CODE (V OF 1908) 1,Art. 185(3)---Rejection Of Plaint For Showing No Cause Of Action---Bar Of Jurisdiction Of Civil Court---Plaintiff In His Suit Filed Before Civil Judge Had Sought Declaration To The Effect That Loan Agreement With Respondent (Bank) Was Illegal,Court of Record,,41,headnote_only,order_text,unknown
O.VII_-----S. 6(4)---CIVIL PROCEDURE CODE (V OF 1908)_1,O.VII -----S. 6(4)---CIVIL PROCEDURE CODE (V OF 1908) 1,Art. 185(3)---Rejection Of Plaint For Showing No Cause Of Action---Bar Of Jurisdiction Of Civil Court---Plaintiff In His Suit Filed Before Civil Judge Had Sought Declaration To The Effect That Loan Agreement With Respondent (Bank) Was Illegal,Court of Record,,41,headnote_only,order_text,unknown
Art. 185---Declaration/notification/announcement of the result of bye-election for National Assembly Seat---High Court directed Election Commission that the result of bye-election for National Assembly seat in question_----S.42---CONSTITUTION OF PAKISTAN (1973)_1,Art. 185---Declaration/notification/announcement of the result of bye-election for National Assembly Seat---High Court directed Election Commission that the result of bye-election for National Assembly seat in question ----S.42---CONSTITUTION OF PAKISTAN (1973) 1,To Take His Seat In The National Assembly,Court of Record,,14,headnote_only,order_text,unknown
Art. 185(3)---Nature of transaction_----SS. 54 & 118--CONSTITUTION OF PAKISTAN (1973)_1,Art. 185(3)---Nature of transaction ----SS. 54 & 118--CONSTITUTION OF PAKISTAN (1973) 1,Was One Of Sale Or Exchange-,Court of Record,,7,headnote_only,order_text,unknown
1980_CONSTITUTION OF PAKISTAN 1973 ----ART.188---SUPREME COURT RULES_1,1980 CONSTITUTION OF PAKISTAN 1973 ----ART.188---SUPREME COURT RULES 1,R. 1---Review Of Supreme Court Judgment---Petition For Leave To Appeal Filed By Petitioner Was Dismissed By Supreme Court,Court of Record,1980-01-01,2,headnote_only,order_text,unknown
1980_----ART.188---SUPREME COURT RULES_1,1980 ----ART.188---SUPREME COURT RULES 1,R. 1---Review Of Supreme Court Judgment---Petition For Leave To Appeal Filed By Petitioner Was Dismissed By Supreme Court,Court of Record,1980-01-01,2,headnote_only,order_text,unknown
1980_CONSTITUTION OF PAKISTAN 1973 ----ART.186-A---SUPREME COURT RULES_1,1980 CONSTITUTION OF PAKISTAN 1973 ----ART.186-A---SUPREME COURT RULES 1,"Rr. 5 & 6---Power Of Supreme Court To Transfer Cases---Scope---Expression """"Pending Before Any High Court"""" In Art. 186-A---Import---Whether Such Expression Could Be Amenable To Construction """"Pending Within The Jurisdiction Of High Court""""--Constitution Embodies And Gives Effect To Scheme Of Federation---Article 186-A Of The Constitution Empowers And Enables Supreme Court To Transfer Any Case",Court of Record,1980-01-01,36,headnote_only,order_text,unknown
1980_----ART.186-A---SUPREME COURT RULES_1,1980 ----ART.186-A---SUPREME COURT RULES 1,"Rr. 5 & 6---Power Of Supreme Court To Transfer Cases---Scope---Expression """"Pending Before Any High Court"""" In Art. 186-A---Import---Whether Such Expression Could Be Amenable To Construction """"Pending Within The Jurisdiction Of High Court""""--Constitution Embodies And Gives Effect To Scheme Of Federation---Article 186-A Of The Constitution Empowers And Enables Supreme Court To Transfer Any Case",Court of Record,1980-01-01,36,headnote_only,order_text,unknown
Art. 185(3)---Right of pre-emption--Plea raised was that in terms of S. 4_----S. 4---CONSTITUTION OF PAKISTAN (1973)_1,Art. 185(3)---Right of pre-emption--Plea raised was that in terms of S. 4 ----S. 4---CONSTITUTION OF PAKISTAN (1973) 1,1913,Court of Record,,20,headnote_only,order_text,unknown
Art. 185(3)---Defect of jurisdiction---Proceedings in wrong forum---Benefit of S. 14_----S. 14---CONSTITUTION OF PAKISTAN (1973)_1,Art. 185(3)---Defect of jurisdiction---Proceedings in wrong forum---Benefit of S. 14 ----S. 14---CONSTITUTION OF PAKISTAN (1973) 1,1908---Entitlement---Initially,Court of Record,,11,headnote_only,order_text,unknown
Art. 185(3)---Nature of transaction_TRANSFER OF PROPERTY ACT 1882 ----SS. 54 & 118--CONSTITUTION OF PAKISTAN (1973)_1,Art. 185(3)---Nature of transaction TRANSFER OF PROPERTY ACT 1882 ----SS. 54 & 118--CONSTITUTION OF PAKISTAN (1973) 1,Was One Of Sale Or Exchange-,Court of Record,,7,headnote_only,order_text,unknown
O.X)IXIX_----R. 15---CIVIL PROCEDURE CODE (V OF 1908)_1,O.X)IXIX ----R. 15---CIVIL PROCEDURE CODE (V OF 1908) 1,However,Court of Record,,7,headnote_only,order_text,unknown
O.X)IXIX_PUNJAB MINOR MINERAL CONCESSION RULES 1990 ----R. 15---CIVIL PROCEDURE CODE (V OF 1908)_1,O.X)IXIX PUNJAB MINOR MINERAL CONCESSION RULES 1990 ----R. 15---CIVIL PROCEDURE CODE (V OF 1908) 1,However,Court of Record,,7,headnote_only,order_text,unknown
S. 302/149---Constitution of-Pakistan (1973)_CRIMINAL PROCEDURE CODE (CR.P.C) ----S. 497---PENAL CODE (XLV OF 1860)_1,S. 302/149---Constitution of-Pakistan (1973) CRIMINAL PROCEDURE CODE (CR.P.C) ----S. 497---PENAL CODE (XLV OF 1860) 1,Grant Of---Accused Had Allegedly Caused A Fire-Arm Injury To The Deceased---Order Of High Court Refusing Bail To Accused Was Not Interfered With In Circumstances,Court of Record,,7,headnote_only,order_text,leave_refused
it can be refused by the Court only if the equities in the case are against .the plaintiff. The Court while refusing to grant a decree for specific performance to a plaintiff must find some thing in the conduct of plaintiff which disentitled him to the grant of equitable relief of specific performance_SPECIFIC RELIEF ACT 1877 ----S. 22---GRANT AND REFUSAL OF RELIEF OF SPECIFIC PERFORMANCE BY COURT--CONSIDERATIONS. IT IS TRUE THAT GRANT OF RELIEF OF SPECIFIC PERFORMANCE IS DISCRETIONARY WITH THE COURT BUT THIS DISCRETION CANNOT BE EXERCISED ARBITRARILY. THE RELIEF OF SPECIFIC PERFORMANCE BEING AN EQUITABLE RELIEF_1,it can be refused by the Court only if the equities in the case are against .the plaintiff. The Court while refusing to grant a decree for specific performance to a plaintiff must find some thing in the conduct of plaintiff which disentitled him to the grant of equitable relief of specific performance SPECIFIC RELIEF ACT 1877 ----S. 22---GRANT AND REFUSAL OF RELIEF OF SPECIFIC PERFORMANCE BY COURT--CONSIDERATIONS. IT IS TRUE THAT GRANT OF RELIEF OF SPECIFIC PERFORMANCE IS DISCRETIONARY WITH THE COURT BUT THIS DISCRETION CANNOT BE EXERCISED ARBITRARILY. THE RELIEF OF SPECIFIC PERFORMANCE BEING AN EQUITABLE RELIEF 1,The Circumstances Have So Materially Changed That It Would Be Unjust To Enforce The Agreement Specifically. The Specific Performance Of A Contract Cannot Be Refused Merely- Because It Is Lawful For The Court To Refuse It. Section 22 Of The Specific Relief Act,Court of Record,,24,headnote_only,order_text,unknown
Art. 185(3)---Agreement between parties to resolve inheritance dispute on the special oath of referee---Referee took special oath_----S. 8---CONSTITUTION OF PAKIS AN (1973)_1,Art. 185(3)---Agreement between parties to resolve inheritance dispute on the special oath of referee---Referee took special oath ----S. 8---CONSTITUTION OF PAKIS AN (1973) 1,He Had In Fact,Court of Record,,44,headnote_only,order_text,leave_refused
Art. 185(3)---Agreement between parties to resolve inheritance dispute on the special oath of referee---Referee took special oath_OATHS ACT 1873 ----S. 8---CONSTITUTION OF PAKIS AN (1973)_1,Art. 185(3)---Agreement between parties to resolve inheritance dispute on the special oath of referee---Referee took special oath OATHS ACT 1873 ----S. 8---CONSTITUTION OF PAKIS AN (1973) 1,He Had In Fact,Court of Record,,44,headnote_only,order_text,leave_refused
R. 9---Necessary party and proper party in suit ---Non-joinder of party who was neither necessary party nor proper party---Effect---Necessary parties are persons who ought to have been joined as parties and in whose absence no effective decree could be passed---Proper parties are persons whose presence before the Court would be necessary to enable it effectively and completely to adjudicate upon and settle all questions involved in the suit---Person sought to be impleaded in suit by defendants from whom they allegedly purchased plot in question was not in possession of the plot and while appearing as a witness from plaintiff side_CIVIL PROCEDURE CODE --ORDER I OF C.P.C. PARTIES TO SUITS ----O. I_1,R. 9---Necessary party and proper party in suit ---Non-joinder of party who was neither necessary party nor proper party---Effect---Necessary parties are persons who ought to have been joined as parties and in whose absence no effective decree could be passed---Proper parties are persons whose presence before the Court would be necessary to enable it effectively and completely to adjudicate upon and settle all questions involved in the suit---Person sought to be impleaded in suit by defendants from whom they allegedly purchased plot in question was not in possession of the plot and while appearing as a witness from plaintiff side CIVIL PROCEDURE CODE --ORDER I OF C.P.C. PARTIES TO SUITS ----O. I 1,He Rather Admitted In Court That The Plot Belonged To Plaintiff; He Had Denied Execution Of Any Sale Deed In Favour Of Defendants---Person Sought To Have Been Impleaded By Defendants Vas Thus,Court of Record,,18,headnote_only,order_text,unknown
1994_SCMR_2271,1994 SCMR 2271,Nabil Dar v. Suhair Mamdouh Sudki Deais Dar,Supreme Court of Pakistan,1994-01-01,206,headnote_only,order_text,unknown
Ss. 265_----ART. 185(3)---COMPANIES ORDINANCE (XLVII OF 1984)_1,Ss. 265 ----ART. 185(3)---COMPANIES ORDINANCE (XLVII OF 1984) 1,"& 270---Petition For Leave To Appeal Against Interlocutory Order Passed By High Court In Civil Original Petitions---Not Only The Civil Original Petitions But Also Civil Miscellaneous Applications In Which The Interlocutory Orders Had Been Passed """"Subject To Notice"""" Were Pending Decision Before The High Court--Contention Of The Petitioners In The Petition For Leave To Appeal Required Deeper Appreciation Of Facts And Relevant Law And Also Clear Cut Findings By Supreme Court On Merits Of The Case---Non-Interference With Interim Orders Passed By A Court Of Competent Jurisdiction Is A """"Rule"""" And Interference Is An """"Exception” Supreme Court",Court of Record,,10,headnote_only,order_text,unknown
Art.212-B(l) --- Offence to be subject for disposal by a Special Court for Speedy Trials must conform to the requirements laid down in Art.212-B(1) of the Constitution---Fact that offence had led to public outrage or created panic or an atmosphere of fear or anxiety amongst the public or a section thereof would not by itself make the offence heinous_----S.2(C)---CONSTITUTION OF PAKISTAN (1973)_1,Art.212-B(l) --- Offence to be subject for disposal by a Special Court for Speedy Trials must conform to the requirements laid down in Art.212-B(1) of the Constitution---Fact that offence had led to public outrage or created panic or an atmosphere of fear or anxiety amongst the public or a section thereof would not by itself make the offence heinous ----S.2(C)---CONSTITUTION OF PAKISTAN (1973) 1,Brutal And Sensational In Character Or Shocking To Public Morality---So Long As The Offence Possessed Such Characteristics,Court of Record,,7,headnote_only,order_text,unknown
Art. 185(3)----Recovery of interest on loan---Petitioners having secured loan from respondents assailed recovery of interest by them on assumption that Federal Shariat Court in Dr. Mahmood-ur-Rehman Faisal's case (PLD 1992 FSC 1) having declared interest as prohibited_CODE OF CIVIL PROCEDURE 1908 ----S.34---CONSTITUTION OF PAKISTAN (1973)_1,Art. 185(3)----Recovery of interest on loan---Petitioners having secured loan from respondents assailed recovery of interest by them on assumption that Federal Shariat Court in Dr. Mahmood-ur-Rehman Faisal's case (PLD 1992 FSC 1) having declared interest as prohibited CODE OF CIVIL PROCEDURE 1908 ----S.34---CONSTITUTION OF PAKISTAN (1973) 1,They (Petitioners) Were Not Required To Pay Interest On Loan Secured By Them From Respondent And Muchless Compound Interest---Effect---Judgment Of Federal Shariat Court Had Not Yet Attained Finality Since Appeal Against Same Was Pending Before Shariat Appellate Bench Of Supreme Court---Petitioners Having Secured Loan In Question,Court of Record,,39,headnote_only,order_text,leave_refused
Art. 185(3)----Recovery of interest on loan---Petitioners having secured loan from respondents assailed recovery of interest by them on assumption that Federal Shariat Court in Dr. Mahmood-ur-Rehman Faisal's case (PLD 1992 FSC 1) having declared interest as prohibited_----S.34---CONSTITUTION OF PAKISTAN (1973)_1,Art. 185(3)----Recovery of interest on loan---Petitioners having secured loan from respondents assailed recovery of interest by them on assumption that Federal Shariat Court in Dr. Mahmood-ur-Rehman Faisal's case (PLD 1992 FSC 1) having declared interest as prohibited ----S.34---CONSTITUTION OF PAKISTAN (1973) 1,They (Petitioners) Were Not Required To Pay Interest On Loan Secured By Them From Respondent And Muchless Compound Interest---Effect---Judgment Of Federal Shariat Court Had Not Yet Attained Finality Since Appeal Against Same Was Pending Before Shariat Appellate Bench Of Supreme Court---Petitioners Having Secured Loan In Question,Court of Record,,39,headnote_only,order_text,leave_refused
R. 17---Constitution of Pakistan (1973)_CIVIL PROCEDURE CODE --ORDER VI OF C.P.C. PLEADING GENERALLY ----O.VI_1,R. 17---Constitution of Pakistan (1973) CIVIL PROCEDURE CODE --ORDER VI OF C.P.C. PLEADING GENERALLY ----O.VI 1,Yet Such Amendment Could Not Be Allowed To Change Complexion Of Suit---Belated Attempt Of Plaintiff To Amend Plaint Was Not Warranted By Facts And Law---No Exception Could Be Taken To The Order In Question,Court of Record,,19,headnote_only,order_text,leave_refused
R. 17---Constitution of Pakistan (1973)_----O.VI_1,R. 17---Constitution of Pakistan (1973) ----O.VI 1,Yet Such Amendment Could Not Be Allowed To Change Complexion Of Suit---Belated Attempt Of Plaintiff To Amend Plaint Was Not Warranted By Facts And Law---No Exception Could Be Taken To The Order In Question,Court of Record,,19,headnote_only,order_text,leave_refused
Ss.14 & 15---Suit under S.31 of the Investment Corporation of Pakistan Ordinance_INVESTMENT CORPORATION OF PAKISTAN ORDINANCE 1966 ----S. 31---LIMITATION ACT (IX OF 1908)_1,Ss.14 & 15---Suit under S.31 of the Investment Corporation of Pakistan Ordinance INVESTMENT CORPORATION OF PAKISTAN ORDINANCE 1966 ----S. 31---LIMITATION ACT (IX OF 1908) 1,Was The Recovery Of Dues Through Collector Or Civil Court And Since The Recovery Had Been Stayed By The Injunction Order,Court of Record,,34,headnote_only,order_text,unknown
1977---Held_AIRPORTS SECURITY FORCE ACT 1975 ----S. 11 [AS AMENDED BY AIRPORTS SECURITY FORCE (AMENDMENT) ORDINANCE (XXXV OF 1984))---AIRPORTS SECURITY FORCE (DISCIPLINE) RULES_1,1977---Held AIRPORTS SECURITY FORCE ACT 1975 ----S. 11 [AS AMENDED BY AIRPORTS SECURITY FORCE (AMENDMENT) ORDINANCE (XXXV OF 1984))---AIRPORTS SECURITY FORCE (DISCIPLINE) RULES 1,Airports Security Force (Discipline) Rules,Court of Record,,4,headnote_only,order_text,unknown
S.4---Officers and members of Airports Security Force who were civilians and had been appointed through Federal Public Service Commission were to be treated as holding civil posts in connection with affairs of Federation even if they were serving in the Ministry of Defence and had been subjected to Pakistan Army Act_AIRPORTS SECURITY FORCE ACT 1975 ----S. 7 [AS AMENDED BY AIRPORTS SECURITY FORCE (AMENDMENT) ORDINANCE (XXXV OF 1984)]---SERVICE TRIBUNALS ACT (LXX OF 1973)_1,S.4---Officers and members of Airports Security Force who were civilians and had been appointed through Federal Public Service Commission were to be treated as holding civil posts in connection with affairs of Federation even if they were serving in the Ministry of Defence and had been subjected to Pakistan Army Act AIRPORTS SECURITY FORCE ACT 1975 ----S. 7 [AS AMENDED BY AIRPORTS SECURITY FORCE (AMENDMENT) ORDINANCE (XXXV OF 1984)]---SERVICE TRIBUNALS ACT (LXX OF 1973) 1,Which Were Taken Against Him As Departmental Proceedings And Was Dismissed Or Removed From Service,Court of Record,,36,headnote_only,order_text,unknown
S.4---Officers and members of Airports Security Force who were civilians and had been appointed through Federal Public Service Commission were to be treated as holding civil posts in connection with affairs of Federation even if they were serving in the Ministry of Defence and had been subjected to Pakistan Army Act_----S. 7 [AS AMENDED BY AIRPORTS SECURITY FORCE (AMENDMENT) ORDINANCE (XXXV OF 1984)]---SERVICE TRIBUNALS ACT (LXX OF 1973)_1,S.4---Officers and members of Airports Security Force who were civilians and had been appointed through Federal Public Service Commission were to be treated as holding civil posts in connection with affairs of Federation even if they were serving in the Ministry of Defence and had been subjected to Pakistan Army Act ----S. 7 [AS AMENDED BY AIRPORTS SECURITY FORCE (AMENDMENT) ORDINANCE (XXXV OF 1984)]---SERVICE TRIBUNALS ACT (LXX OF 1973) 1,Which Were Taken Against Him As Departmental Proceedings And Was Dismissed Or Removed From Service,Court of Record,,36,headnote_only,order_text,unknown
1977---Held_----S. 11 [AS AMENDED BY AIRPORTS SECURITY FORCE (AMENDMENT) ORDINANCE (XXXV OF 1984))---AIRPORTS SECURITY FORCE (DISCIPLINE) RULES_1,1977---Held ----S. 11 [AS AMENDED BY AIRPORTS SECURITY FORCE (AMENDMENT) ORDINANCE (XXXV OF 1984))---AIRPORTS SECURITY FORCE (DISCIPLINE) RULES 1,Airports Security Force (Discipline) Rules,Court of Record,,4,headnote_only,order_text,unknown
S.136---Constitutional jurisdiction---Once a party opts to invoke the remedies provided for under the relevant statute_CONSTITUTION OF PAKISTAN 1973 ----ART. 199---INCOME TAX ORDINANCE (XXXI OF 1979)_1,S.136---Constitutional jurisdiction---Once a party opts to invoke the remedies provided for under the relevant statute CONSTITUTION OF PAKISTAN 1973 ----ART. 199---INCOME TAX ORDINANCE (XXXI OF 1979) 1,Upto The Stage Of Filing Of Appeal Before The Tribunal,Court of Record,,27,headnote_only,order_text,unknown
after recording fresh evidence_----SS.540 & 342---ACCUSED ACCORDING TO THE PRINCIPLES OF. LAW_1,after recording fresh evidence ----SS.540 & 342---ACCUSED ACCORDING TO THE PRINCIPLES OF. LAW 1,But The Direction Of The. Appellate Court In Its Remand Order Was Explicit In This Behalf---Failure Of Trial Court To Do So After Recording Fresh Evident. Had Resulted In Prejudice To The Accused As That Evidence Had Been Relied Upon .In Convicting Them--Convictions And Sentences Of Accused Were Consequently Set Aside And The Case Was Remitted To Trial Court To Examine The Accused Under S.342,Court of Record,,29,headnote_only,order_text,unknown
after recording fresh evidence_CRIMINAL PROCEDURE CODE (CR.P.C) ----SS.540 & 342---ACCUSED ACCORDING TO THE PRINCIPLES OF. LAW_1,after recording fresh evidence CRIMINAL PROCEDURE CODE (CR.P.C) ----SS.540 & 342---ACCUSED ACCORDING TO THE PRINCIPLES OF. LAW 1,But The Direction Of The. Appellate Court In Its Remand Order Was Explicit In This Behalf---Failure Of Trial Court To Do So After Recording Fresh Evident. Had Resulted In Prejudice To The Accused As That Evidence Had Been Relied Upon .In Convicting Them--Convictions And Sentences Of Accused Were Consequently Set Aside And The Case Was Remitted To Trial Court To Examine The Accused Under S.342,Court of Record,,29,headnote_only,order_text,unknown
Criminal Procedure Code (Cr.P.C) 1898--540_CRIMINAL PROCEDURE CODE (CR.P.C) 1898--476_1,Criminal Procedure Code (Cr.P.C) 1898--540 CRIMINAL PROCEDURE CODE (CR.P.C) 1898--476 1,Pakistan Penal Code 1860--386,Court of Record,,7,headnote_only,order_text,unknown
Ss.295-A_----S.497---PENAL CODE (XLV OF 1860)_1,Ss.295-A ----S.497---PENAL CODE (XLV OF 1860) 1,Art.185(3)---Leave To Appeal---Contention,Court of Record,,34,headnote_only,order_text,unknown
Ss.295-A_CRIMINAL PROCEDURE CODE (CR.P.C) ----S.497---PENAL CODE (XLV OF 1860)_1,Ss.295-A CRIMINAL PROCEDURE CODE (CR.P.C) ----S.497---PENAL CODE (XLV OF 1860) 1,Art.185(3)---Leave To Appeal---Contention,Court of Record,,34,headnote_only,order_text,unknown
was not at all raised before High Court which allowed the petition---Where High Court_----ARTS.199 & 185(3)---CONSTITUTIONAL PETITION---GROUND OF LACHES BEING URGED BEFORE SUPREME COURT_1,was not at all raised before High Court which allowed the petition---Where High Court ----ARTS.199 & 185(3)---CONSTITUTIONAL PETITION---GROUND OF LACHES BEING URGED BEFORE SUPREME COURT 1,If Any,Court of Record,,9,headnote_only,order_text,unknown
was not at all raised before High Court which allowed the petition---Where High Court_CONSTITUTION OF PAKISTAN 1973 ----ARTS.199 & 185(3)---CONSTITUTIONAL PETITION---GROUND OF LACHES BEING URGED BEFORE SUPREME COURT_1,was not at all raised before High Court which allowed the petition---Where High Court CONSTITUTION OF PAKISTAN 1973 ----ARTS.199 & 185(3)---CONSTITUTIONAL PETITION---GROUND OF LACHES BEING URGED BEFORE SUPREME COURT 1,If Any,Court of Record,,9,headnote_only,order_text,unknown
1993_SCMR_87,1993 SCMR 87,Sojhro Khan v. Ghulam Murtaza,Supreme Court of Pakistan,1993-01-01,209,headnote_only,order_text,unknown
S.67---Property in question_----ART.148 & S.28---TRANSFER OF PROPERTY ACT (IV OF 1882)_1,S.67---Property in question ----ART.148 & S.28---TRANSFER OF PROPERTY ACT (IV OF 1882) 1,Whereafter,Court of Record,,12,headnote_only,order_text,unknown
S.67---Property in question_LIMITATION ACT 1908 ----ART.148 & S.28---TRANSFER OF PROPERTY ACT (IV OF 1882)_1,S.67---Property in question LIMITATION ACT 1908 ----ART.148 & S.28---TRANSFER OF PROPERTY ACT (IV OF 1882) 1,Whereafter,Court of Record,,12,headnote_only,order_text,unknown
Ss.5(2) & 5(1)---Order did not contain any reference that the competent authority had considered in the public interest that the pending case should be tried and decided speedily---Order also did not contain the particulars of the pending case and the Court where the same was pending_PAKISTAN PENAL CODE ----SS.302/34 & 324/34---SPECIAL COURTS FOR SPEEDY TRIALS ORDINANCE (XXV OF 1991)_1,Ss.5(2) & 5(1)---Order did not contain any reference that the competent authority had considered in the public interest that the pending case should be tried and decided speedily---Order also did not contain the particulars of the pending case and the Court where the same was pending PAKISTAN PENAL CODE ----SS.302/34 & 324/34---SPECIAL COURTS FOR SPEEDY TRIALS ORDINANCE (XXV OF 1991) 1,It Could Ignore It And Call For Proper Amendment Or Clarification Before Proceeding With The Case-,Court of Record,,42,headnote_only,order_text,unknown
Art. 185(3)----Dismissal of employee on charge of misconduct---Employee was reinstated in service with back benefits by the order of Labour Court as affirmed by Labour Appellate Tribunal---High Court maintained the order of Labour Courts ---Validity--Leave to appeal was granted to consider inter alia the effect of not impleading the body corporate_---S. 25-A---CONSTITUTION OF PAKISTAN (1973)_1,Art. 185(3)----Dismissal of employee on charge of misconduct---Employee was reinstated in service with back benefits by the order of Labour Court as affirmed by Labour Appellate Tribunal---High Court maintained the order of Labour Courts ---Validity--Leave to appeal was granted to consider inter alia the effect of not impleading the body corporate ---S. 25-A---CONSTITUTION OF PAKISTAN (1973) 1,The Bath Which Was To Enforce The Order And Suffer The Burden Of Back Benefits; There Being Statutory Rules Of Service Applicable,Court of Record,,3,headnote_only,order_text,unknown
back benefits have to be paid---Where_INDUSTRIAL DISPUTE ---- BACK BENEFITS---WHERE ORDER OF DISMISSAL OR REMOVAL HAD BEEN SET ASIDE UNCONDITIONALLY_1,back benefits have to be paid---Where INDUSTRIAL DISPUTE ---- BACK BENEFITS---WHERE ORDER OF DISMISSAL OR REMOVAL HAD BEEN SET ASIDE UNCONDITIONALLY 1,Reinstatement Was Conditional And A Departmental Enquiry Could Still Be Made,Court of Record,,6,headnote_only,order_text,unknown
Art. 185(3)----Dismissal of employee on charge of misconduct---Employee was reinstated in service with back benefits by the order of Labour Court as affirmed by Labour Appellate Tribunal---High Court maintained the order of Labour Courts ---Validity--Leave to appeal was granted to consider inter alia the effect of not impleading the body corporate_INDUSTRIAL RELATIONS ORDINANCE 1969 ----S.25-A---CONSTITUTION OF PAKISTAN (1973)_1,Art. 185(3)----Dismissal of employee on charge of misconduct---Employee was reinstated in service with back benefits by the order of Labour Court as affirmed by Labour Appellate Tribunal---High Court maintained the order of Labour Courts ---Validity--Leave to appeal was granted to consider inter alia the effect of not impleading the body corporate INDUSTRIAL RELATIONS ORDINANCE 1969 ----S.25-A---CONSTITUTION OF PAKISTAN (1973) 1,The Bath Which Was To Enforce The Order And Suffer The Burden Of Back Benefits; There Being Statutory Rules Of Service Applicable,Court of Record,,3,headnote_only,order_text,unknown
S. 32---National Bank of Pakistan (Staff) Service Rules_NATIONAL BANK OF PAKISTAN (STAFF) SERVICE RULES 1973 ----R. 38---NATIONAL BANK OF PAKISTAN ORDINANCE (XIX OF 1949)_1,S. 32---National Bank of Pakistan (Staff) Service Rules NATIONAL BANK OF PAKISTAN (STAFF) SERVICE RULES 1973 ----R. 38---NATIONAL BANK OF PAKISTAN ORDINANCE (XIX OF 1949) 1,Having Been Framed,Court of Record,,8,headnote_only,order_text,unknown
S. 32---National Bank of Pakistan (Staff) Service Rules_----R. 38---NATIONAL BANK OF PAKISTAN ORDINANCE (XIX OF 1949)_1,S. 32---National Bank of Pakistan (Staff) Service Rules ----R. 38---NATIONAL BANK OF PAKISTAN ORDINANCE (XIX OF 1949) 1,Having Been Framed,Court of Record,,8,headnote_only,order_text,unknown
Arts. 185(3) & 199---Leave to appeal was granted to consider; whether when deciding a Constitutional petition_----S. 153---CONSTITUTION OF PAKISTAN (1973)_1,Arts. 185(3) & 199---Leave to appeal was granted to consider; whether when deciding a Constitutional petition ----S. 153---CONSTITUTION OF PAKISTAN (1973) 1,Wrong Nomenclature Of Proceedings Before And Court Which Otherwise Had Jurisdiction To Entertain The Same And Give Verdict On Merits Thereof,Court of Record,,84,headnote_only,order_text,unknown
1993_SCMR_133,1993 SCMR 133,Bashir v. The State,Supreme Court of Pakistan,1993-01-01,210,headnote_only,order_text,unknown
physical possession of land in question_WEST PAKISTAN LAND REVENUE ACT 1967 ----S.52---ENTRIES IN RECORD OF RIGHTS---PRESUMPTION---PRESUMPTION OF TRUTH WAS ATTACHED TO EVERY ENTRY OF THE RECORD OF RIGHTS---WHERE PLAINTIFF WAS OCCUPANCY TENANT OF LAND IN QUESTION_1,physical possession of land in question WEST PAKISTAN LAND REVENUE ACT 1967 ----S.52---ENTRIES IN RECORD OF RIGHTS---PRESUMPTION---PRESUMPTION OF TRUTH WAS ATTACHED TO EVERY ENTRY OF THE RECORD OF RIGHTS---WHERE PLAINTIFF WAS OCCUPANCY TENANT OF LAND IN QUESTION 1,They Would Be Deemed To Be Tenants At Will For Such Co-Owners Entered Upon The Same Not As Owners/Landlords On Account Of Abandonment But As Tenants At Will And They Were Legally Estopped To Deny Rights Of Their Landlord/Occupancy Tenant---Occupancy Tenant Was Not Under Obligation To Physically Cultivate The Land Himself But All That Was Expected Of Him Was To Arrange Cultivation Thereof,Court of Record,,32,headnote_only,order_text,unknown
Art.185(3)---Execution of document of compromise by Pardanashin ladies---Burden to prove execution of such document relied upon by petitioner and payment allegedly made by petitioner as mentioned therein_---- CONSTITUTION OF PAKISTAN (1973)_1,Art.185(3)---Execution of document of compromise by Pardanashin ladies---Burden to prove execution of such document relied upon by petitioner and payment allegedly made by petitioner as mentioned therein ---- CONSTITUTION OF PAKISTAN (1973) 1,In Rejecting Petitioner'S Claim,Court of Record,,5,headnote_only,order_text,leave_refused
Art.185(3)---Execution of document of compromise by Pardanashin ladies---Burden to prove execution of such document relied upon by petitioner and payment allegedly made by petitioner as mentioned therein_PARDHANASHIN LADY ---- CONSTITUTION OF PAKISTAN (1973)_1,Art.185(3)---Execution of document of compromise by Pardanashin ladies---Burden to prove execution of such document relied upon by petitioner and payment allegedly made by petitioner as mentioned therein PARDHANASHIN LADY ---- CONSTITUTION OF PAKISTAN (1973) 1,In Rejecting Petitioner'S Claim,Court of Record,,5,headnote_only,order_text,leave_refused
Art.185(3)---Imposition of compensatory costs---Eviction of tenant---Order of eviction against tenant (petitioner) was maintained. up to Supreme Court---Landlady having died during execution proceedings tenant filing application objecting to execution proceedings on the ground that he had entered into compromise with heirs of deceased by advancing them money---Petitioner (tenant) however_WEST PAKISTAN URBAN RENT RESTRICTION ORDINANCE 1959 ----S.13---CONSTITUTION OF PAKISTAN (1973)_1,Art.185(3)---Imposition of compensatory costs---Eviction of tenant---Order of eviction against tenant (petitioner) was maintained. up to Supreme Court---Landlady having died during execution proceedings tenant filing application objecting to execution proceedings on the ground that he had entered into compromise with heirs of deceased by advancing them money---Petitioner (tenant) however WEST PAKISTAN URBAN RENT RESTRICTION ORDINANCE 1959 ----S.13---CONSTITUTION OF PAKISTAN (1973) 1,Thereafter,Court of Record,,19,headnote_only,order_text,unknown
Arts. 185(3) & 199---Leave to appeal was granted to consider; whether when deciding a Constitutional petition_CODE OF CIVIL PROCEDURE 1908 ----S. 153---CONSTITUTION OF PAKISTAN (1973)_1,Arts. 185(3) & 199---Leave to appeal was granted to consider; whether when deciding a Constitutional petition CODE OF CIVIL PROCEDURE 1908 ----S. 153---CONSTITUTION OF PAKISTAN (1973) 1,Wrong Nomenclature Of Proceedings Before And Court Which Otherwise Had Jurisdiction To Entertain The Same And Give Verdict On Merits Thereof,Court of Record,,84,headnote_only,order_text,unknown
Ss.10 & 11---Constitution of Pakistan (1973). Art.185(3)---Leave to appeal was granted to examine that petitioner was in possession of house in question on relevant date and had filed CH Form which was prior to the date when house in question_----SCHED. PARAS 1 TO 4---DISPLACED PERSONS (COMPENSATION AND REHABILITATION) ACT (XXVIII OF 1958)_1,Ss.10 & 11---Constitution of Pakistan (1973). Art.185(3)---Leave to appeal was granted to examine that petitioner was in possession of house in question on relevant date and had filed CH Form which was prior to the date when house in question ----SCHED. PARAS 1 TO 4---DISPLACED PERSONS (COMPENSATION AND REHABILITATION) ACT (XXVIII OF 1958) 1,Was Entitled To Transfer Of The House But His Ch Form Was Rejected Without Any Information To Him,Court of Record,,4,headnote_only,order_text,unknown
Sched._DISPLACED PERSONS (COMPENSATION AND REHABILITATION) ACT 1958 ----SS.10 & 11---SETTLEMENT SCHEME NO.V_1,Sched. DISPLACED PERSONS (COMPENSATION AND REHABILITATION) ACT 1958 ----SS.10 & 11---SETTLEMENT SCHEME NO.V 1,Art.185(3)---Allotment---Entitlement---Petitioner Being A Claimant Displaced Person,Court of Record,,4,headnote_only,order_text,unknown
Sched._----SS.10 & 11---SETTLEMENT SCHEME NO.V_1,Sched. ----SS.10 & 11---SETTLEMENT SCHEME NO.V 1,Art.185(3)---Allotment---Entitlement---Petitioner Being A Claimant Displaced Person,Court of Record,,4,headnote_only,order_text,unknown
para.4---Disposal of house by drawing of lots---Validity---Order for deletion of the house from the list having been passed by competent Authority_SETTLEMENT SCHEME NO. V ----SCHED._1,para.4---Disposal of house by drawing of lots---Validity---Order for deletion of the house from the list having been passed by competent Authority SETTLEMENT SCHEME NO. V ----SCHED. 1,Under Paras.L,Court of Record,,10,headnote_only,order_text,unknown
Entry No.43---Finance Act (XII of 1967)_---THIRD SCHED._1,Entry No.43---Finance Act (XII of 1967) ---THIRD SCHED. 1,Preamble---Constitution Of Pakistan (1973),Court of Record,,41,headnote_only,order_text,leave_granted
O.I_----S.15---CIVIL PROCEDURE CODE (V OF 1908)_1,O.I ----S.15---CIVIL PROCEDURE CODE (V OF 1908) 1,Not A Party In Ejectment Application,Court of Record,,5,headnote_only,order_text,unknown
while cancelling a registered criminal case_CRIMINAL PROCEDURE CODE (CR.P.C) ----SS.435 & 439---NO DOUBT A MAGISTRATE_1,while cancelling a registered criminal case CRIMINAL PROCEDURE CODE (CR.P.C) ----SS.435 & 439---NO DOUBT A MAGISTRATE 1,Cr.P.C.,Court of Record,,57,headnote_only,order_text,unknown
while cancelling a registered criminal case_----SS.435 & 439---NO DOUBT A MAGISTRATE_1,while cancelling a registered criminal case ----SS.435 & 439---NO DOUBT A MAGISTRATE 1,Cr.P.C.,Court of Record,,57,headnote_only,order_text,unknown
Art.70---Proof of facts by oral evidence ---Vendees in support of their claim of being tenants relying upon oral statements of Patwari and pre-emptor_MARTIAL LAW REGULATION 1972 NO. 115 ----PARA. 25---QANUN-E-SHAHADAT (10 OF 1984)_1,Art.70---Proof of facts by oral evidence ---Vendees in support of their claim of being tenants relying upon oral statements of Patwari and pre-emptor MARTIAL LAW REGULATION 1972 NO. 115 ----PARA. 25---QANUN-E-SHAHADAT (10 OF 1984) 1,Therefore,Court of Record,,19,headnote_only,order_text,unknown
1972 [M.L.R. 115]_PUNJAB PRE-EMPTION ACT 1913 ----S.15---LAND REFORMS REGULATION_1,1972 [M.L.R. 115] PUNJAB PRE-EMPTION ACT 1913 ----S.15---LAND REFORMS REGULATION 1,Of Land In Question---Proof---In Relevant Jamabandi,Court of Record,,20,headnote_only,order_text,unknown
Art.70---Proof of facts by oral evidence ---Vendees in support of their claim of being tenants relying upon oral statements of Patwari and pre-emptor_----PARA. 25---QANUN-E-SHAHADAT (10 OF 1984)_1,Art.70---Proof of facts by oral evidence ---Vendees in support of their claim of being tenants relying upon oral statements of Patwari and pre-emptor ----PARA. 25---QANUN-E-SHAHADAT (10 OF 1984) 1,Therefore,Court of Record,,19,headnote_only,order_text,unknown
Exception_PAKISTAN PENAL CODE ----SS. 300_1,Exception PAKISTAN PENAL CODE ----SS. 300 1,& 304 Part I---Appreciation Of Evidence Defence Version---Plea Of Grave And Sudden Provocation---Benefit Of Reasonable Doubt,Court of Record,,29,headnote_only,order_text,unknown
Exception_----SS. 300_1,Exception ----SS. 300 1,& 304 Part I---Appreciation Of Evidence Defence Version---Plea Of Grave And Sudden Provocation---Benefit Of Reasonable Doubt,Court of Record,,29,headnote_only,order_text,unknown
Punjab Pre-emption Act_PUNJAB PRE-EMPTION ACT 1991 ----S.35(1) & (2)---SCOPE AND APPLICABILITY OF S.35(1) & (2)---PROVISION OF S.35(1)_1,Punjab Pre-emption Act PUNJAB PRE-EMPTION ACT 1991 ----S.35(1) & (2)---SCOPE AND APPLICABILITY OF S.35(1) & (2)---PROVISION OF S.35(1) 1,Would Apply To Suits Which Were Instituted Or Pending Between 1-8-1986 And 28-3-1990 (Both Days Inclusive),Court of Record,,15,headnote_only,order_text,unknown
Art.185(3)---Remand of case by High Court to Rent Controller with direction to reassess evidence and give decision again---Validity---Order of remand showed that evidence on record was sufficient to give finding on question of default in payment of rent---Where entire evidence on record was available which was sufficient for Appellate Court to pronounce judgment and decide the issue_CANTONMENTS RENT RESTRICTION ACT 1963 ----SS. 17 & 23(1)---CONSTITUTION OF PAKISTAN (1973)_1,Art.185(3)---Remand of case by High Court to Rent Controller with direction to reassess evidence and give decision again---Validity---Order of remand showed that evidence on record was sufficient to give finding on question of default in payment of rent---Where entire evidence on record was available which was sufficient for Appellate Court to pronounce judgment and decide the issue CANTONMENTS RENT RESTRICTION ACT 1963 ----SS. 17 & 23(1)---CONSTITUTION OF PAKISTAN (1973) 1,Particularly When No Evidence Was To Be Recorded---Order Of Remand Thus,Court of Record,,37,headnote_only,order_text,unknown
O.XLI_CANTONMENTS RENT RESTRICTION ACT 1963 ----S. 23---CIVIL PROCEDURE CODE (V OF 1908)_1,O.XLI CANTONMENTS RENT RESTRICTION ACT 1963 ----S. 23---CIVIL PROCEDURE CODE (V OF 1908) 1,1908---Applicability To Proceedings Under Cantonments Rent Restriction Act,Court of Record,,9,headnote_only,order_text,unknown
O.XLI_----S. 23---CIVIL PROCEDURE CODE (V OF 1908)_1,O.XLI ----S. 23---CIVIL PROCEDURE CODE (V OF 1908) 1,1908---Applicability To Proceedings Under Cantonments Rent Restriction Act,Court of Record,,9,headnote_only,order_text,unknown
Art.185(3)---Remand of case by High Court to Rent Controller with direction to reassess evidence and give decision again---Validity---Order of remand showed that evidence on record was sufficient to give finding on question of default in payment of rent---Where entire evidence on record was available which was sufficient for Appellate Court to pronounce judgment and decide the issue_----SS. 17 & 23(1)---CONSTITUTION OF PAKISTAN (1973)_1,Art.185(3)---Remand of case by High Court to Rent Controller with direction to reassess evidence and give decision again---Validity---Order of remand showed that evidence on record was sufficient to give finding on question of default in payment of rent---Where entire evidence on record was available which was sufficient for Appellate Court to pronounce judgment and decide the issue ----SS. 17 & 23(1)---CONSTITUTION OF PAKISTAN (1973) 1,Particularly When No Evidence Was To Be Recorded---Order Of Remand Thus,Court of Record,,37,headnote_only,order_text,unknown
Preamble & O.XX_----S. 21---CIVIL PROCEDURE CODE (V OF 1908)_1,Preamble & O.XX ----S. 21---CIVIL PROCEDURE CODE (V OF 1908) 1,After Hearing Petitioners,Court of Record,,36,headnote_only,order_text,unknown
R.1---Civil Procedure Code (V of 1908)_----O. XXVI_1,R.1---Civil Procedure Code (V of 1908) ----O. XXVI 1,R.4---Review Of Supreme Court Judgment---Point Not Raised At The Hearing ---Effect--Petitioners In Support Of Review Petition Contending That Supreme Court,Court of Record,,7,headnote_only,order_text,unknown
R.1---Civil Procedure Code (V of 1908)_ORDER XXVI OF SUPREME COURT RULES ----O. XXVI_1,R.1---Civil Procedure Code (V of 1908) ORDER XXVI OF SUPREME COURT RULES ----O. XXVI 1,R.4---Review Of Supreme Court Judgment---Point Not Raised At The Hearing ---Effect--Petitioners In Support Of Review Petition Contending That Supreme Court,Court of Record,,7,headnote_only,order_text,unknown
Preamble & O.XX_SINDH RENTED PREMISES ORDINANCE 1979 ----S. 21---CIVIL PROCEDURE CODE (V OF 1908)_1,Preamble & O.XX SINDH RENTED PREMISES ORDINANCE 1979 ----S. 21---CIVIL PROCEDURE CODE (V OF 1908) 1,After Hearing Petitioners,Court of Record,,36,headnote_only,order_text,unknown
Art.185(3)---Leave to appeal was_----S.12---CONSTITUTION OF PAKISTAN (1973)_1,Art.185(3)---Leave to appeal was ----S.12---CONSTITUTION OF PAKISTAN (1973) 1,Court Could Deny The Relief Of Specific Performance,Court of Record,,24,headnote_only,order_text,unknown
Art.185(3)---Leave to appeal was_SPECIFIC RELIEF ACT 1877 ----S.12---CONSTITUTION OF PAKISTAN (1973)_1,Art.185(3)---Leave to appeal was SPECIFIC RELIEF ACT 1877 ----S.12---CONSTITUTION OF PAKISTAN (1973) 1,Court Could Deny The Relief Of Specific Performance,Court of Record,,24,headnote_only,order_text,unknown
S.497(2)--Constitution of Pakistan (1973)_----S.302/307/149---CRIMINAL PROCEDURE CODE (V OF 1898)_1,S.497(2)--Constitution of Pakistan (1973) ----S.302/307/149---CRIMINAL PROCEDURE CODE (V OF 1898) 1,Cr.P.C. Inasmuch As,Court of Record,,20,headnote_only,order_text,unknown
S.497(2)--Constitution of Pakistan (1973)_PAKISTAN PENAL CODE ----S.302/307/149---CRIMINAL PROCEDURE CODE (V OF 1898)_1,S.497(2)--Constitution of Pakistan (1973) PAKISTAN PENAL CODE ----S.302/307/149---CRIMINAL PROCEDURE CODE (V OF 1898) 1,Cr.P.C. Inasmuch As,Court of Record,,20,headnote_only,order_text,unknown
R.5---Constitution of Pakistan (1973)_CIVIL PROCEDURE CODE --ORDER XLI OF C.P.C. APPEALS FROM ORIGINAL DECREES ----O.XLI_1,R.5---Constitution of Pakistan (1973) CIVIL PROCEDURE CODE --ORDER XLI OF C.P.C. APPEALS FROM ORIGINAL DECREES ----O.XLI 1,However,Court of Record,,23,headnote_only,order_text,appeal_dismissed
Ss.5(2) & 5(1)---Order did not contain any reference that the competent authority had considered in the public interest that the pending case should be tried and decided speedily---Order also did not contain the particulars of the pending case and the Court where the same was pending_----SS.302/34 & 324/34---SPECIAL COURTS FOR SPEEDY TRIALS ORDINANCE (XXV OF 1991)_1,Ss.5(2) & 5(1)---Order did not contain any reference that the competent authority had considered in the public interest that the pending case should be tried and decided speedily---Order also did not contain the particulars of the pending case and the Court where the same was pending ----SS.302/34 & 324/34---SPECIAL COURTS FOR SPEEDY TRIALS ORDINANCE (XXV OF 1991) 1,It Could Ignore It And Call For Proper Amendment Or Clarification Before Proceeding With The Case-,Court of Record,,42,headnote_only,order_text,unknown
S.54---Stay of suit---Deferral of decision by Trial Court on issue relating to stay of appellant's suit ---Effect--Execution of sale-deeds in respect of same property in favour of two separate sets of vendees---Contesting respondents and appellant filing separate suits on basis of their respective sale-deeds---Trial Court_CODE OF CIVIL PROCEDURE 1908 ----S.10---TRANSFER OF PROPERTY ACT (IV OF 1882)_1,S.54---Stay of suit---Deferral of decision by Trial Court on issue relating to stay of appellant's suit ---Effect--Execution of sale-deeds in respect of same property in favour of two separate sets of vendees---Contesting respondents and appellant filing separate suits on basis of their respective sale-deeds---Trial Court CODE OF CIVIL PROCEDURE 1908 ----S.10---TRANSFER OF PROPERTY ACT (IV OF 1882) 1,Proceeding To Record Evidence By Tagging Both Suits-,Court of Record,,30,headnote_only,order_text,unknown
S.54---Stay of suit---Deferral of decision by Trial Court on issue relating to stay of appellant's suit ---Effect--Execution of sale-deeds in respect of same property in favour of two separate sets of vendees---Contesting respondents and appellant filing separate suits on basis of their respective sale-deeds---Trial Court_----S.10---TRANSFER OF PROPERTY ACT (IV OF 1882)_1,S.54---Stay of suit---Deferral of decision by Trial Court on issue relating to stay of appellant's suit ---Effect--Execution of sale-deeds in respect of same property in favour of two separate sets of vendees---Contesting respondents and appellant filing separate suits on basis of their respective sale-deeds---Trial Court ----S.10---TRANSFER OF PROPERTY ACT (IV OF 1882) 1,Proceeding To Record Evidence By Tagging Both Suits-,Court of Record,,30,headnote_only,order_text,unknown
Chap. V_----SCHED._1,Chap. V ----SCHED. 1,S. 31---Regulations 1985 Having Not Been Laid Before The National Assembly In Terms Of S.31 Of The Act,Court of Record,,59,headnote_only,order_text,unknown
business or profession---Effect of restriction imposed by any law---Any restriction relating to freedom of trade_CONSTITUTION OF PAKISTAN 1973 ----ART.18---FREEDOM OF TRADE_1,business or profession---Effect of restriction imposed by any law---Any restriction relating to freedom of trade CONSTITUTION OF PAKISTAN 1973 ----ART.18---FREEDOM OF TRADE 1,Even If Provided By Law Would Be Hit By Art. 18 Of The Constitution,Court of Record,,10,headnote_only,order_text,unknown
Customs Act_CUSTOMS ACT 1969 ----S.171---NON-SERVICE4OF NOTICE UNDER S.171_1,Customs Act CUSTOMS ACT 1969 ----S.171---NON-SERVICE4OF NOTICE UNDER S.171 1,If The Recovery Memo Mentioning The Ground Of Seizure Is Furnished To The Accused. ----S.171---Object And Scope Of S.171---Notice Under S.171---Purpose---When The Information Sought To Be Conveyed To The Accused By Virtue Of Notice Under S.171 Is Passed On To The Accused Through Other Steps Taken In The Course Of Proceedings Commenced Against Him,Court of Record,,30,headnote_only,order_text,unknown
O.XXIII_QANUN-E-SHAHADAT ORDER 1984 ----ART. 103---CIVIL PROCEDURE CODE (V OF 1908)_1,O.XXIII QANUN-E-SHAHADAT ORDER 1984 ----ART. 103---CIVIL PROCEDURE CODE (V OF 1908) 1,Grant,Court of Record,,23,headnote_only,order_text,unknown
S.17---Defendant in possession of property in question under agreement to sell_----S.53-A---REGISTRATION ACT (XVI OF 1908)_1,S.17---Defendant in possession of property in question under agreement to sell ----S.53-A---REGISTRATION ACT (XVI OF 1908) 1,Which He Admittedly Acquired On Basis Of Unregistered Deed Executed By Previous Owner In His Favour Before The Alleged Execution Of Registered Sale-Deed In Favour Of Plaintiff---Provision Of S.53-A,Court of Record,,4,headnote_only,order_text,unknown
Art.185(3)---Leave to appeal was granted to consider whether a person in possession of property purchased through an unregistered document would not be protected on the principle enunciated in S.53-A_TRANSFER OF PROPERTY ACT 1882 ----S.53-A---CONSTITUTION OF PAKISTAN (1973)_1,Art.185(3)---Leave to appeal was granted to consider whether a person in possession of property purchased through an unregistered document would not be protected on the principle enunciated in S.53-A TRANSFER OF PROPERTY ACT 1882 ----S.53-A---CONSTITUTION OF PAKISTAN (1973) 1,1882. ----S.53-A-,Court of Record,,10,headnote_only,order_text,unknown
1993_SCMR_434,1993 SCMR 434,Namdar Khan v. Muhammad Akram Khan,Supreme Court of Pakistan,1993-01-01,210,headnote_only,order_text,unknown
R.19---Dismissal of application for restoration of appeal which had been dismissed for non-prosecution---Validity---Appeal was transferred to First Appellate Court on 3-12-1983 and on that date_CIVIL PROCEDURE CODE --ORDER XLI OF C.P.C. APPEALS FROM ORIGINAL DECREES ----O.XLI_1,R.19---Dismissal of application for restoration of appeal which had been dismissed for non-prosecution---Validity---Appeal was transferred to First Appellate Court on 3-12-1983 and on that date CIVIL PROCEDURE CODE --ORDER XLI OF C.P.C. APPEALS FROM ORIGINAL DECREES ----O.XLI 1,Appeal Was Dismissed---Appellant'S Plea Before High Court Was That Counsel Who Appeared For Them Was Not Their Counsel And He Was Not Authorised To Appear On Their Behalf---Joint Affidavit Was Filed On Behalf Of Three Counsels,Court of Record,,57,headnote_only,order_text,unknown
Art.185(3)---Leave to appeal was granted to consider whether in dismissing defendants' appeal with regard to the sale-deed and the rent note_----ART.77---CONSTITUTION OF PAKISTAN (1973)_1,Art.185(3)---Leave to appeal was granted to consider whether in dismissing defendants' appeal with regard to the sale-deed and the rent note ----ART.77---CONSTITUTION OF PAKISTAN (1973) 1,Yet They Had Not Cared To Produce Them In Court,Court of Record,,18,headnote_only,order_text,unknown
Art.185(3)---Leave to appeal was granted to consider whether in dismissing defendants' appeal with regard to the sale-deed and the rent note_QANUN-E-SHAHADAT ORDER 1984 ----ART.77---CONSTITUTION OF PAKISTAN (1973)_1,Art.185(3)---Leave to appeal was granted to consider whether in dismissing defendants' appeal with regard to the sale-deed and the rent note QANUN-E-SHAHADAT ORDER 1984 ----ART.77---CONSTITUTION OF PAKISTAN (1973) 1,Yet They Had Not Cared To Produce Them In Court,Court of Record,,18,headnote_only,order_text,unknown
their denial about the execution of sale-deed could not be accepted as gospel truth particularly when their predecessor who executed the documents before independent qualified deed writer and attesting witnesses and received consideration before the Sub-Registrar_TRANSFER OF PROPERTY ACT 1882 ----S.54---EXECUTION OF SALE-DEED---PROOF---PLAINTIFFS'WITNESSES INSTEAD OF SUPPORTING THEIR CASE CONTRADICTED THEM WITH REGARD TO NON-EXECUTION OF SALE-DEED FROM WHICH IT COULD BE SAFELY CONCLUDED THAT PLAINTIFFS HAD NOT COME TO COURT WITH CLEAN HANDS AND PART OF THEIR CLAIM HAVING BEEN NEGATIVED BY THEIR OWN WITNESSES_1,their denial about the execution of sale-deed could not be accepted as gospel truth particularly when their predecessor who executed the documents before independent qualified deed writer and attesting witnesses and received consideration before the Sub-Registrar TRANSFER OF PROPERTY ACT 1882 ----S.54---EXECUTION OF SALE-DEED---PROOF---PLAINTIFFS'WITNESSES INSTEAD OF SUPPORTING THEIR CASE CONTRADICTED THEM WITH REGARD TO NON-EXECUTION OF SALE-DEED FROM WHICH IT COULD BE SAFELY CONCLUDED THAT PLAINTIFFS HAD NOT COME TO COURT WITH CLEAN HANDS AND PART OF THEIR CLAIM HAVING BEEN NEGATIVED BY THEIR OWN WITNESSES 1,Never Challenged The Documents In Question Or Denied Receipt Of Consideration--Defendant Appearing As His Own Witness Produced Original Sale-Deed Which Was Returned To Him By Court After Perusal And Copy Of Same Was Exhibited--Defendant Who Had Appeared Before The Sub-Registrar At The Time Of Registration Of Sale-Deed And Payment Of Sale Consideration Was Not Cross-Examined Either About The Due Execution Of Sale-Deed Or Payment Of Sale Consideration Before Sub-Registrar---Evidence On Record Thus,Court of Record,,20,headnote_only,order_text,unknown
Art.185(3)---Leave to appeal was granted to consider whether High Court was justified in holding that S.65_----S.65---CONSTITUTION OF PAKISTAN (1973)_1,Art.185(3)---Leave to appeal was granted to consider whether High Court was justified in holding that S.65 ----S.65---CONSTITUTION OF PAKISTAN (1973) 1,Could Have Been Pressed Into Service On The Ground That Assessing Officer Had Not Adverted To The Items Namely,Court of Record,,18,headnote_only,order_text,unknown
197 & 199---Criminal Procedure Code (V of 1898)_---SS.193_1,197 & 199---Criminal Procedure Code (V of 1898) ---SS.193 1,Art. 185---Matters Before High Court Were; Contempt Of Court Proceedings And Application For Initiating Criminal Proceedings Against Respondent-,Court of Record,,3,headnote_only,order_text,unknown
2012_SCMR_1912,2012 SCMR 1912,Muhammad Iqbal Alias Lali Sarwar v. Muhammad Iqbal,Supreme Court of Pakistan,2012-01-01,155,headnote_only,order_text,leave_granted
2011_SCMR_356,2011 SCMR 356,Syed Sabir Hussain Shah v. Government Of The Punjab,Supreme Court of Pakistan,2011-01-01,238,headnote_only,order_text,leave_refused
2008_SCMR_659,2008 SCMR 659,Nazir Ahmad v. Akhtar Mehmood,Supreme Court of Pakistan,2008-01-01,143,headnote_only,order_text,leave_granted
