case_id,citation,case_title,court_name,decision_date,word_count,effective_stored_type,detected_type,parsed_outcome
2004_YLR_223,2004 YLR 223,"67	2004 YLR 223	Mst. BASRAJ BEGUM VS BAHADUR SHER - Honorable Justice Ijaz-ul-Hassan Khan - Muhammad Aman Khan , Shahabuddin Burq	PESHAWAR-HIGH-COURT",Peshawar High Court,2004-01-01,773,full_judgment,headnote_only,unknown
2004_YLR_105,2004 YLR 105,41	2004 YLR 105	MUHAMMAD KHAN VS ABDULLAH - Honorable Justice IJAZ-UL-HASSAN KHAN - Mian Muhammad Younas	PESHAWAR-HIGH-COURT,Supreme Court of Pakistan,2004-01-01,1123,full_judgment,headnote_only,revision_dismissed
2004_YLR_151,2004 YLR 151,"54	2004 YLR 151	ALLIED BANK OF PAKISTAN LTD. VS TRISTAR SHIPPING LINES LTD. - Honorable Justice Mushir Alam - Asim Mansoor , Aziz-ur-Rehman	KARACHI-HIGH-COURT-SINDH",Supreme Court of Pakistan,2004-01-01,1876,full_judgment,headnote_only,unknown
2001_YLR_2454,2001 YLR 2454,644	2001 YLR 2454	SABIR HUSSAIN VS MUSHTAQ AHMED - 	LAHORE-HIGH-COURT-LAHORE,Lahore High Court,2001-01-01,5540,full_judgment,headnote_only,appeal_allowed
2006_YLR_1834,2006 YLR 1834,"621	2006 YLR 1834	Dr. EMMANUEL ONUWABUCHI KEKE VS State - Honorable Justice ASIF SAEED KHAN KHOSA - Hammad Akbar Wallana , Muhammad Sharif	LAHORE-HIGH-COURT-LAHORE",Lahore High Court,2006-01-01,301,full_judgment,headnote_only,unknown
2006_YLR_2694,2006 YLR 2694,"913	2006 YLR 2694	MUHAMMAD SHOAIB VS State - Honorable Justice Tariq Shamim - Ahmad Raza , M.R. Khalid Malik	LAHORE-HIGH-COURT-LAHORE",Supreme Court of Pakistan,2006-01-01,366,full_judgment,headnote_only,unknown
2007_YLR_1962,2007 YLR 1962,"641	2007 YLR 1962	WAHID GUL VS State - Honorable Justice IJAZ-UL-HASSAN KHAN - Mushtaq Ahmad and Muhammad Iqbal , Zia ud Din Siddiqui	PESHAWAR-HIGH-COURT",Peshawar High Court,2007-01-01,540,full_judgment,headnote_only,unknown
2007_YLR_2735,2007 YLR 2735,"880	2007 YLR 2735	MUHAMMAD YOUSUF VS MUHAMMAD ALAM USMANI - Honorable Justice Sardar Muhammad Aslam - Jehangir Ahmad Jhoja , Ahmad Waheed	LAHORE-HIGH-COURT-LAHORE",Supreme Court of Pakistan,2007-01-01,358,full_judgment,headnote_only,revision_dismissed
2008_YLR_1100,2008 YLR 1100,380	2008 YLR 1100	MUHAMMAD RAFIQ VS State - Honorable Justice Hasnat Ahmad Khan - Ch. Muhammad Hanif	LAHORE-HIGH-COURT-LAHORE,Lahore High Court,2008-01-01,344,full_judgment,headnote_only,unknown
2015_SCMR_1002,2015 SCMR 1002,Ikramullah and others v. The State,Supreme Court of Pakistan,2015,494,full_judgment,headnote_only,unknown
2018_SCMR_2039,2018 SCMR 2039,The State through Regional Director ANF v. Imam Bakhsh and others,Supreme Court of Pakistan,2018,404,full_judgment,headnote_only,unknown
2019_SCMR_608,2019 SCMR 608,Abdul Ghani and others v. The State,Supreme Court of Pakistan,2019,316,full_judgment,headnote_only,appeal_allowed
2007_PLD_190,PLD 2007 Lah 190,Muhammad Aslam v. Mst. Nasreen Akhtar and others,Lahore High Court,2007,318,full_judgment,headnote_only,petition_dismissed
2012_PLD_SC_268,PLD 2012 SC 268,Apollo Textile Mills Ltd. v. Soneri Bank Ltd.,Supreme Court of Pakistan,2012,386,full_judgment,headnote_only,unknown
2015_SCMR_1060,2015 SCMR 1060,National Bank of Pakistan v. Tri-Star Shipping Industries Ltd.,Supreme Court of Pakistan,2015,318,full_judgment,headnote_only,unknown
2019_CLD_1088,2019 CLD 1088,Chenab Ltd. v. Bank of Punjab,Lahore High Court,2019,321,full_judgment,headnote_only,appeal_dismissed
1999_SCMR_1402,1999 SCMR 1402,The Collector of Customs v. Sheikh Spinning Mills,Supreme Court of Pakistan,1999,365,full_judgment,headnote_only,unknown
1992_PLD_SC_847,PLD 1992 SC 847,Commissioner of Income Tax v. Hamdard Dawakhana,Supreme Court of Pakistan,1992,318,full_judgment,headnote_only,unknown
2022_SCMR_1978,2022 SCMR 1978,Premier Systems (Pvt.) Ltd. v. Commissioner Inland Revenue,Supreme Court of Pakistan,2022,334,full_judgment,headnote_only,leave_refused
1996_PLD_Lah_672,PLD 1996 Lah 672,Messrs Chenab Cement Product v. Banking Tribunal,Lahore High Court,1996,306,full_judgment,headnote_only,appeal_dismissed
2026_SCMR_1,2026 SCMR 1,"AMBREEN AKRAM VS ASAD ULLAH KHAN - Honorable Justice Syed Mansoor Ali Shah - Rana Rashid Akram Khan , Umer Ijaz Gilani",Supreme Court of Pakistan,2026,2830,full_judgment,headnote_only,unknown
2026_SCMR_54,2026 SCMR 54,"MUHAMMAD MUSHTAQ VS Malik MUMTAZ - Honorable Justice Shahid Waheed - Ahmed Ali , Nemo",Supreme Court of Pakistan,2026,873,full_judgment,headnote_only,unknown
2026_SCMR_201,2026 SCMR 201,"WAK LIMITED, MULTAN ROAD, LAHORE VS COLLECTOR CENTRAL EXCISE AND SALES TAX LAHORE (NOW COMMISSIONER INLAND REVENUE LTU, LAHORE) - Honorable Justice Muhammad Shafi Siddiqui - Ali Sibtain Fazli , Mrs. Kausar Parveen",Supreme Court of Pakistan,2026,404,full_judgment,headnote_only,unknown
2026_SCMR_287,2026 SCMR 287,"GUL TIAZ KHAN MARWAT VS The REGISTRAR PESHAWAR HIGH COURT, PESHAWAR - Honorable Justice Shakeel Ahmad - Saleem Ullah Khan Ranazai , Shah Faisal Ilyas",Supreme Court of Pakistan,2026,989,full_judgment,headnote_only,appeal_allowed
2026_SCMR_278,2026 SCMR 278,"The PROVINCE OF SINDH through Chief Secretary Government of Sindh VS RAJ KUMAR LOHANA - Honorable Justice Muhammad Ali Mazhar - Imtiaz Solangi , Syed Ghulam Shabbir Shah",Supreme Court of Pakistan,2026,910,full_judgment,headnote_only,unknown
2026_SCMR_274,2026 SCMR 274,"AIN-UD-DIN VS The ACTING SECTOR COMMANDER NHMP, SHAHI BAG KALAT QUETTA - Honorable Justice Syed Mansoor Ali Shah - Muhammad Umar Ijaz Gilani , Raja Shafaqat Khan Abbasi",Supreme Court of Pakistan,2026,311,full_judgment,headnote_only,unknown
2026_SCMR_267,2026 SCMR 267,"M. ASGHAR JANJUA VS FEDERATION OF PAKISTAN - Honorable Justice Muhammad Ali Mazhar - Muhammad Haseeb Jamali , Mohsin Qadir Shahwani",Supreme Court of Pakistan,2026,690,full_judgment,headnote_only,unknown
2026_SCMR_262,2026 SCMR 262,NAFEES-UL-HASSAN VS State - Honorable Justice Irfan Saadat Khan - Ch. Muhammad Jahangir Wahlah,Supreme Court of Pakistan,2026,406,full_judgment,headnote_only,unknown
2026_SCMR_257,2026 SCMR 257,LAIQ SHAH VS State - Honorable Justice Malik Shahzad Ahmad Khan - Shabbir Hussain Gigyani,Supreme Court of Pakistan,2026,804,full_judgment,headnote_only,unknown
2026_SCMR_251,2026 SCMR 251,GHULAM SARWAR GHANGRO VS State - Honorable Justice Muhammad Hashim Khan Kakar - Syed Muhammad Tayyab Shah,Supreme Court of Pakistan,2026,915,full_judgment,headnote_only,unknown
2026_SCMR_227,2026 SCMR 227,"COMMISSIONER INLAND REVENUE (LEGAL), ISLAMABAD VS PAKISTAN LNG LIMITED - Honorable Justice Ayesha A. Malik - Ms. Asma Hamid , Jehanzeb Awan",Supreme Court of Pakistan,2026,5487,full_judgment,headnote_only,unknown
2026_SCMR_398,2026 SCMR 398,ASIM GULFRAZ VS State - Honorable Justice Ishtiaq Ibrahim - Shoukat Hayat,Supreme Court of Pakistan,2026,1079,full_judgment,headnote_only,unknown
2026_SCMR_393,2026 SCMR 393,MAQSOOD ALI VS State - Honorable Justice Malik Shahzad Ahmad Khan - Arshad Hussain Yousafzai,Supreme Court of Pakistan,2026,975,full_judgment,headnote_only,unknown
2026_SCMR_373,2026 SCMR 373,"PAKISTAN STOCK EXCHANGE LIMITED VS COMMISSIONER INLAND REVENUE ZONE-VI, KARACHI - Honorable Justice Munib Akhtar - Abdul Ghaffar Khan , Munawar Ali Memon",Supreme Court of Pakistan,2026,1067,full_judgment,headnote_only,leave_refused
2026_SCMR_368,2026 SCMR 368,"RAFHAN MAIZE PRODUCTS CO. LIMITED VS The APPELLATE TRIBUNAL INLAND REVENUE, MULTAN - Honorable Justice Muhammad Shafi Siddiqui - Muhammad Ajmal Khan , Muhammad Yahya",Supreme Court of Pakistan,2026,300,full_judgment,headnote_only,unknown
2026_SCMR_357,2026 SCMR 357,"DISTRICT AND SESSIONS JUDGE (AUTHORITY), JHANG VS GHULAM SHABBIR - Honorable Justice Syed Mansoor Ali Shah - Khalid Masood Ghani , Sher Aman",Supreme Court of Pakistan,2026,1458,full_judgment,headnote_only,unknown
2026_PTD_1,2026 PTD 1,"COCA COLA EXPORT CORPORATION PAKISTAN BRANCH VS DEPUTY COMMISSIONER INLAND REVENUE - Honorable Justice Khalid Ishaq - Muhammad Shoaib Rashid and Minahil Khan , Shahjahan Khan",Lahore High Court,2026,3395,full_judgment,headnote_only,unknown
2026_PTD_23,2026 PTD 23,"PAKO COMPUTERS VS CUSTOMS APPELLATE TRIBUNAL - Honorable Justice Muhammad Junaid Ghaffar - Waseem Ahmad Malik , Ali Tahir and Khalilullah Jakhro",High Court of Sindh,2026,724,full_judgment,headnote_only,unknown
2026_PTD_29,2026 PTD 29,"COMMISSIONER INLAND REVENUE, LAHORE VS COCA COLA PAKISTAN LIMITED, LAHORE - Honorable Justice Munib Akhtar - Ahmed Pervaiz , Muhammad Shoaib Rashid",Supreme Court of Pakistan,2026,986,full_judgment,headnote_only,leave_refused
2026_PTD_34,2026 PTD 34,"FATIMA FERTILIZER COMPANY VS CUSTOMS APPELLATE TRIBUNAL - Honorable Justice Malik Javid Iqbal Wains - Muhammad Shoaib Rashid, Muhammad Hameed Bakhsh , Rana Muhammad Mehtab",Lahore High Court,2026,878,full_judgment,headnote_only,unknown
2026_PTD_41,2026 PTD 41,USMAN ALI VS State - Honorable Justice Adnan Iqbal Chaudhry - Aqil Ahmed,High Court of Sindh,2026,600,full_judgment,headnote_only,unknown
2026_PTD_45,2026 PTD 45,"PAKISTAN MOBILE COMMUNICATIONS LIMITED (PMCL) VS COMMISSIONER INLAND REVENUE (ZONE-IV) LARGE TAXPAYERS, UNIT, ISLAMABAD - Honorable Justice Babar Sattar - Sardar Ahmed Jamal Sukhera and Sikandar Sukhera , Asma Hamid, Mustafa Khalid, Saima Kamila, Zulqarnain Bhatti, Shehr Yar Khan and Khayyam Mushir",Islamabad High Court,2026,1495,full_judgment,headnote_only,disposed_of
2026_PTD_86,2026 PTD 86,COMMISSIONER INLAND REVENUE VS RIY METALS RECYCLING (PVT.) LTD. - Syed Zain-ul-Abidien Bokhari,Lahore High Court,2026,419,full_judgment,headnote_only,remanded
2026_PTD_90,2026 PTD 90,"COMMISSIONER INLAND REVENUE (LEGAL ZONE), LARGE TAXPAYERS' OFFICE, LAHORE VS SEVEN STAR SUGAR MILLS (PRIVATE) LIMITED, KARACHI - Honorable Justice Muhammad Shafi Siddiqui - Ahmed Pervaiz , Nemo",Supreme Court of Pakistan,2026,490,full_judgment,headnote_only,appeal_allowed
2026_PTD_95,2026 PTD 95,"SINDH REVENUE BOARD, KARACHI VS LOGON BROADBAND (PVT.) LTD. - Honorable Justice Muhammad Osman Ali Hadi - Muhammad Farhan , Qazi Umair Ali and Muhammad Inzimam Shareef",High Court of Sindh,2026,539,full_judgment,headnote_only,unknown
2026_PTD_117,2026 PTD 117,"COLLECTOR, COLLECTORATE OF CUSTOMS, MODEL CUSTOMS COLLECTORATE, ALLAMA IQBAL INTERNATIONAL AIRPORT, LAHORE VS MUHAMMAD SALEEM BADHSH - Honorable Justice Khalid Ishaq - Nadeem Mehmood Mian , Muhammad Tariq Malik and Abdul Salam Sajid",Lahore High Court,2026,1230,full_judgment,headnote_only,remanded
2026_PTD_123,2026 PTD 123,"POPULAR SUGAR MILLS LTD. VS FEDERATION OF PAKISTAN - Honorable Justice Muhammad Junaid Ghaffar, ACJ and Muhammad Abdur Rahman - Abdul Raheem Lakhani , Ayaz Sarwar Jamali",High Court of Sindh,2026,447,full_judgment,headnote_only,petition_allowed
2026_PTD_126,2026 PTD 126,"ZUBAIR FEED INDUSTRIES (PRIVATE) LIMITED VS FEDERATION OF PAKISTAN through Chairman Federal Board of Revenue - Honorable Justice Muhammad Azam Khan - Hafiz Muhammad Idris , Hafiz Ahsan Khokhar",Islamabad High Court,2026,1254,full_judgment,headnote_only,unknown
2026_PTD_140,2026 PTD 140,EXIDE PAKISTAN LIMITED VS FEDERATION OF PAKISTAN through Secretary Revenue - Honorable Justice Muhammad Junaid Ghaffar - Makhdoom Ali Khan,High Court of Sindh,2026,954,full_judgment,headnote_only,unknown
2026_PTD_146,2026 PTD 146,"PAK AUSTRIA FACHHOCHSCHULE INSTITUTE OF APPLIED SCIENCES AND TECHNOLOGY, HARIPUR VS SECRETARY, REVENUE DIVISION, ISLAMABAD - Honorable Justice Dr. Asif Mahmood Jah -",Islamabad High Court,2026,459,full_judgment,headnote_only,disposed_of
2026_PTD_150,2026 PTD 150,"ZAFAR ASLAM KHAN, PESHAWAR VS COMMISSIONER INLAND REVENUE, ZONE-SOUTH, RTO, ISLAMABAD - Honorable Justice M. M. Akram - Zain ul Hassan",Peshawar High Court,2026,1106,full_judgment,headnote_only,appeal_dismissed
2026_PTD_156,2026 PTD 156,"IFTIKHAR AHMED KHAN VS CUSTOMS APPELLATE TRIBUNAL - Honorable Justice Saman Rafat Imtiaz - M. Ikram Shah and Raja Iftikhar Ahmed , M. Amin Feroz Khan and Ch. Talib",Islamabad High Court,2026,539,full_judgment,headnote_only,unknown
2026_PTD_163,2026 PTD 163,"WAHID ULLAH VS COLLECTOR OF CUSTOMS (ADJUDICATION) - Honorable Justice Shakil Ahmed Abbasi - Muhammad Usman Malik , Humayun Naseer",Lahore High Court,2026,392,full_judgment,headnote_only,disposed_of
2026_PTD_173,2026 PTD 173,"HUB POWER COMPANY LIMITED VS DEPUTY COMMISSIONER INLAND REVENUE (AUDIT-VI) - Honorable Justice Sardar Ejaz Ishaq Khan - Makhdoom Ali Khan and Saad M. Hashmi , Babar Bilal",Islamabad High Court,2026,865,full_judgment,headnote_only,unknown
2026_PTD_179,2026 PTD 179,"KINGCRETE ASSOCIATES (PVT.) LTD. VS COMMISSIONER INLAND REVENUE, CTO, LAHORE - Honorable Justice Zahid Sikandar - Ch. Qamar Zaman , Imran Saeed",Lahore High Court,2026,638,full_judgment,headnote_only,unknown
2026_PTD_185,2026 PTD 185,"KHURSHEED & SONS VS FEDERATION OF PAKISTAN, ISLAMABAD - Honorable Justice Raheel Kamran - Tanveer Ahmad , Mahmood Ahmad Bhatti",Lahore High Court,2026,1003,full_judgment,headnote_only,unknown
2026_CLD_1,2026 CLD 1,"FRANZEN LANBOUW C.V. through Deed of Assignment by Terrapoint B.V. VS TASCO through Administrator - Honorable Justice Muhammad Jaffer Raza - Mobeen Rana , Muhammad Ali Hakro",High Court of Sindh,2026,314,full_judgment,headnote_only,unknown
2026_CLD_9,2026 CLD 9,"AMTEX LIMITED VS SECURITIES AND EXCHANGE COMMISSION OF PAKISTAN - Honorable Justice Muhammad Azam Khan - Anique Salman Malik , Hafiz Sultan Mazhar Sher and Muhammad Waseem Ahmed Rana",Islamabad High Court,2026,1720,full_judgment,headnote_only,unknown
2026_CLD_26,2026 CLD 26,"PEOPLES STEEL MILLS LTD. VS ASIAN COUNSEL ENGINEER (PVT.) LTD. - Honorable Justice Muhammad Jaffer Raza - Zahid Hamid , Umar Sikandar",High Court of Sindh,2026,606,full_judgment,headnote_only,unknown
2026_CLD_34,2026 CLD 34,"PAKISTAN RAILWAYS ADVISORY AND CONSULTANCY SERVICE LIMITED VS EXECUTIVE DIRECTOR, ADJUDICATION DIVISION, ADJUDICATION-II, SECP - Nemo , Hammad Javed",High Court,2026,423,full_judgment,headnote_only,appeal_dismissed
2026_CLD_49,2026 CLD 49,"KASHF FOUNDATION VS EXECUTIVE DIRECTOR, ADJUDICATION-I - Saira Soofi, Mehek Zafar and Shehla Sattar , Asima Wajid",High Court,2026,300,full_judgment,headnote_only,disposed_of
2026_CLD_53,2026 CLD 53,ASKARI BANK LTD. VS A.H. INTERNATIONAL (PVT.) LTD. - Honorable Justice Muhammad Hasan (Akber) - Irfanullah Khan and Lubna Aman,High Court of Sindh,2026,790,full_judgment,headnote_only,unknown
2026_CLD_61,2026 CLD 61,"TCS, INCHARGE REGIONAL OFFICE, GUJRANWALA VS MUHAMMAD SIDDIQUE GHUMMAN - Honorable Justice Anwaar Hussain - Ch. Arshad",Lahore High Court,2026,565,full_judgment,headnote_only,appeal_dismissed
2026_CLD_70,2026 CLD 70,"FAISAL BANK LIMITED VS DOST STEELS LIMITED - Honorable Justice Muhammad Hasan (Akber) - Rashid Anwer and Yousuf Khalid Anwer , Ali Nawaz Khuhawar",High Court of Sindh,2026,319,full_judgment,headnote_only,unknown
2026_CLD_73,2026 CLD 73,"EFU GENERAL INSURANCE LTD. VS SECURE LOGISTIC GROUP, ISLAMABAD - Honorable Justice Babar Sattar - Ali Ibrahim, Ambreen Khalid and Barrister Faiza Asad",Islamabad High Court,2026,432,full_judgment,headnote_only,revision_allowed
2026_CLD_78,2026 CLD 78,WHITE CRYSTALS LIMITED VS INFRASTRUCTURE GROWTH CAPITAL FUND GENERAL PARTNER LTD. - Honorable Justice Mohammad Abdur Rehman - Farjad Ali Khan,High Court of Sindh,2026,407,full_judgment,headnote_only,unknown
2026_CLD_96,2026 CLD 96,"VITAL CHEMICAL CORPORATION VS MCB BANK LIMITED - Muhammad Suleman Bhatti , Sardar Riaz Karim",Lahore High Court,2026,353,full_judgment,headnote_only,appeal_allowed
2026_CLD_113,2026 CLD 113,VS -,High Court,2026,1750,full_judgment,headnote_only,unknown
2026_CLD_277,2026 CLD 277,"SHANGHAI MARINE DIESEL ENGINE RESEARCH INSTITUTE VS HUANENG FUYUN PORT AND SHIPPING (PVT.) LIMITED - Honorable Justice Agha Faisal - Khalid Mehmood Siddiqui and Zeeshan Kalwar , Farooq H. Naek and Syed Qaim Ali Shah",High Court of Sindh,2026,566,full_judgment,headnote_only,unknown
2026_CLD_281,2026 CLD 281,"DANDOT CEMENT COMPANY LIMITED VS SECURITIES AND EXCHANGE COMMISSION OF PAKISTAN - Honorable Justice Inaam Ameen Minhas - Salman Aslam Butt and Anique Salman Malik , Hafiz Munawar Iqbal and Syed Pervaiz Zahoor and Muhammad Waseem A. Rana",Islamabad High Court,2026,1061,full_judgment,headnote_only,unknown
2026_CLD_292,2026 CLD 292,"SALMAN CAPITAL INVESTMENTS (PVT.) LIMITED VS HABIB BANK LIMITED - Honorable Justice Muhammad Iqbal Kalhoro - Muhammad Immad Qamar , Ijaz Ahmed Zahid",High Court of Sindh,2026,2124,full_judgment,headnote_only,unknown
2026_SCMR_190,2026 SCMR 190,"SINDH IRRIGATION and DRAINAGE AUTHORITY VS PROVINCE OF SINDH - Honorable Justice Muhammad Ali Mazhar - Altaf Hussain , Suresh Kumar",Supreme Court of Pakistan,2026,1012,full_judgment,headnote_only,unknown
2026_SCMR_350,2026 SCMR 350,"FAZAL MEHMOOD VS State - Honorable Justice Irfan Saadat Khan - Ms. Ambreen Anwar Raja , Sher Aman",Supreme Court of Pakistan,2026,843,full_judgment,headnote_only,unknown
2026_SCMR_339,2026 SCMR 339,"FEDERATION OF PAKISTAN through Ministry of Water and Power VS SPENCER POWERGEN COMPANY OF PAKISTAN LIMITED - Honorable Justice Miangul Hassan Aurangzeb - Salman Akram Raja , Muhammad Akram Sheikh",Supreme Court of Pakistan,2026,808,full_judgment,headnote_only,unknown
2026_SCMR_321,2026 SCMR 321,"Dr. MUHAMMAD BASHIR QASIM VS GULZAR MEHMOOD - Honorable Justice Irfan Saadat Khan - Raja Qasit Nawaz Khan , Nemo",Supreme Court of Pakistan,2026,301,full_judgment,headnote_only,leave_refused
2026_SCMR_488,2026 SCMR 488,HAMID ULLAH KHAN VS State - Honorable Justice Irfan Saadat Khan - Zafar Iqbal,Supreme Court of Pakistan,2026,340,full_judgment,headnote_only,unknown
2026_SCMR_476,2026 SCMR 476,IBRAR VS State - Honorable Justice Naeem Akhter Afghan - Sagheer Ahmed Qadri,Supreme Court of Pakistan,2026,366,full_judgment,headnote_only,unknown
2026_SCMR_1201,2026 SCMR 1201,SADDAM KAKAR VS State - Honorable Justice Malik Shahzad Ahmad Khan - M. Ashraf Sammo,Supreme Court of Pakistan,2026,1550,full_judgment,headnote_only,unknown
2026_SCMR_1076,2026 SCMR 1076,FAYAZ KHAN VS MOHSIN SHAH - Honorable Justice Muhammad Ali Mazhar - Shabbir Hussain Gigyani Khan,Supreme Court of Pakistan,2026,530,full_judgment,headnote_only,unknown
2026_SCMR_1196,2026 SCMR 1196,"ASHFAQUE HUSSAIN VS State - Honorable Justice Muhammad Ali Mazhar - Amir Nawaz , Nemo",Supreme Court of Pakistan,2026,376,full_judgment,headnote_only,unknown
2026_SCMR_1185,2026 SCMR 1185,"UMER DRAZ VS State - Honorable Justice Ishtiaq Ibrahim - Anis Muhammad Shahzad , M. Mumtaz Afridi",Supreme Court of Pakistan,2026,1155,full_judgment,headnote_only,unknown
2026_SCMR_1178,2026 SCMR 1178,SHAHID IQBAL VS State - Honorable Justice Malik Shahzad Ahmad Khan - Sagheer Ahmad Qadri,Supreme Court of Pakistan,2026,923,full_judgment,headnote_only,unknown
2026_SCMR_576,2026 SCMR 576,"The SENIOR GENERAL MANAGER (CHIEF EXECUTIVE OFFICER), PAKISTAN RAILWAYS, RAILWAY HEADQUARTER, LAHORE VS Syed QAISER ABBAS - Honorable Justice Aqeel Ahmed Abbasi - Jawad Mahmood Pasha , Nemo",Supreme Court of Pakistan,2026,350,full_judgment,headnote_only,leave_refused
2026_SCMR_566,2026 SCMR 566,"DEPUTY COMMISSIONER OF INCOME TAX, ISLAMABAD VS MARI GAS COMPANY LIMITED, ISLAMABAD - Honorable Justice Syed Mansoor Ali Shah - Dr. G. M. Chaudhary, Ch. Zafar Iqbal, Dr. Farhat Zafar, Ch. Imtiaz Ahmed , Azid Nafees, Hafiz M. Idrees, Khurram Mumtaz Hashmi, Sardar Ahmed Jamal Sukhera",Supreme Court of Pakistan,2026,503,full_judgment,headnote_only,unknown
2026_SCMR_561,2026 SCMR 561,"Mst. RAFIA YAQOOB VS SULEMAN AYUB - Honorable Justice Musarrat Hilali - Iftikhar Ahmed Awan , Atif Nisar Abbasi",Supreme Court of Pakistan,2026,418,full_judgment,headnote_only,unknown
2026_SCMR_558,2026 SCMR 558,"SECRETARY TO GOVERNMENT OF KHYBER PAKHTUNKHWA COMMUNICATION AND WORKS DEPARTMENT, CIVIL SECRETARIAT, PESHAWAR VS INAYAT ULLAH - Honorable Justice Musarrat Hilali - Bashar Naveed , Nemo",Supreme Court of Pakistan,2026,518,full_judgment,headnote_only,appeal_dismissed
2026_SCMR_545,2026 SCMR 545,"COMMISSIONER INLAND REVENUE REGIONAL TAX OFFICE, PESHAWAR VS CHERAT CEMENT COMPANY LTD. NOWSHERA - Honorable Justice Munib Akhtar - Qaiser Abbas Bangash , Isaac Ali Qazi",Supreme Court of Pakistan,2026,398,full_judgment,headnote_only,appeal_dismissed
2026_SCMR_1119,2026 SCMR 1119,"JAVED IQBAL VS Mst. FARHAT IQBAL (deceased) - Honorable Justice Shahid Bilal Hassan - S.A. Mahmood Khan Sadozai , Muhammad Aslam Khan Dhukkar",Supreme Court of Pakistan,2026,334,full_judgment,headnote_only,appeal_dismissed
2026_SCMR_1106,2026 SCMR 1106,"WAPDA through Chairman, Punjab VS IFTIKHAR ALI - Honorable Justice Yahya Afridi, CJ and Shahid Bilal Hassan - Syed Hassan Ali Raza , Nemo",Supreme Court of Pakistan,2026,626,full_judgment,headnote_only,leave_refused
2026_SCMR_1099,2026 SCMR 1099,SHAHID CHAUDHRY VS The STATE through Special Prosecutor Customs Lahore - Honorable Justice Aqeel Ahmed Abbasi - Shahryar Kasuri,Supreme Court of Pakistan,2026,445,full_judgment,headnote_only,unknown
2026_SCMR_1085,2026 SCMR 1085,MUHAMMAD MUMTAZ VS State - Honorable Justice Ishtiaq Ibrahim - Saeed Khurshid Ahmed,Supreme Court of Pakistan,2026,2067,full_judgment,headnote_only,unknown
2026_SCMR_1056,2026 SCMR 1056,SALAMAT ALI VS State - Honorable Justice Musarrat Hilali - Qari Abdul Rasheed,Supreme Court of Pakistan,2026,532,full_judgment,headnote_only,appeal_allowed
2026_SCMR_1045,2026 SCMR 1045,"PROVINCE OF PUNJAB through Secretary Punjab Emergency Service Department, Lahore VS MUHAMMAD KHALIL - Honorable Justice Ayesha A. Malik - Sanaullah Zahid , Ms. Saira Khalid",Supreme Court of Pakistan,2026,438,full_judgment,headnote_only,appeal_allowed
2026_SCMR_1042,2026 SCMR 1042,"ABDULLAH VS WARYAM - Honorable Justice Jamal Khan Mandokhail - M. Ashraf Soomro , Noor Ahmed Memon",Supreme Court of Pakistan,2026,503,full_judgment,headnote_only,appeal_allowed
2026_SCMR_1033,2026 SCMR 1033,"CAPITAL DEVELOPMENT AUTHORITY (CDA), through Chairman, Islamabad VS Dr. SHEIKH MUHAMMAD SHOAIB SHAFI - Honorable Justice Muhammad Ali Mazhar - Amir Latif Gill , Taimoor Aslam Khan",Supreme Court of Pakistan,2026,1316,full_judgment,headnote_only,unknown
2026_SCMR_1010,2026 SCMR 1010,IFTIKHAR AHMED alias Papu VS State - Honorable Justice Malik Shahzad Ahmad Khan - Shah Khawar,Supreme Court of Pakistan,2026,1762,full_judgment,headnote_only,unknown
2026_SCMR_502,2026 SCMR 502,"The DIRECTOR GENERAL OF CUSTOMS VALUATION, CUSTOM HOUSE, KARACHI VS AL AMIN CERA - Honorable Justice Miangul Hassan Aurangzeb - Raja Muhammad Iqbal",Supreme Court of Pakistan,2026,754,full_judgment,headnote_only,appeal_allowed
2026_SCMR_499,2026 SCMR 499,"Mst. EDAN BIBI VS NASEEM KHAN - Honorable Justice Muhammad Shafi Siddiqui - Khalid Rehman Qureshi , Nemo",Supreme Court of Pakistan,2026,414,full_judgment,headnote_only,leave_refused
2026_SCMR_494,2026 SCMR 494,"SHAFQAT ALI VS Mst. ZAIB UN NISA - Honorable Justice Syed Hasan Azhar Rizvi - Ms. Farhana Qamar , M. Asif Mukhtar Butt",Supreme Court of Pakistan,2026,595,full_judgment,headnote_only,leave_refused
2026_SCMR_658,2026 SCMR 658,"FARID KHAN VS HAMID BADSHAH - Honorable Justice Shahid Bilal Hassan - Shah Khawar , Muhammad Taif Khan",Supreme Court of Pakistan,2026,499,full_judgment,headnote_only,leave_refused
2026_SCMR_652,2026 SCMR 652,"The COLLECTOR OF CUSTOMS, COLLECTORATE OF CUSTOMS APPRAISEMENT, KARACHI VS M.M. STEEL, SIALKOT - Honorable Justice Muhammad Shafi Siddiqui - Muhammad Khalil Dogar , Nemo",Supreme Court of Pakistan,2026,935,full_judgment,headnote_only,unknown
2026_SCMR_645,2026 SCMR 645,"FAISALABAD ELECTRICITY SUPPLY COMPANY (FESCO) through Chief Executive, Faisalabad VS TARIQ SHAHZAD WEAVING FACTORY - Honorable Justice Qazi Faez Isa - Waqar Amin Sheikh , Khawaja Tariq A. Raheem",Supreme Court of Pakistan,2026,352,full_judgment,headnote_only,unknown
2026_SCMR_635,2026 SCMR 635,ABID VS State - Honorable Justice Muhammad Ali Mazhar - Syed Khawar Ameer Bukhari,Supreme Court of Pakistan,2026,385,full_judgment,headnote_only,unknown
2026_SCMR_621,2026 SCMR 621,MANZOOR AHMED VS State - Honorable Justice Irfan Saadat Khan - Qari Abdul Rasheed,Supreme Court of Pakistan,2026,1956,full_judgment,headnote_only,unknown
2026_SCMR_614,2026 SCMR 614,"REHMAT ALI VS State - Honorable Justice Ali Baqar Najafi - Muhammad Usman Mirza , Sajjad Hussain Bhatti",Supreme Court of Pakistan,2026,549,full_judgment,headnote_only,unknown
2026_SCMR_466,2026 SCMR 466,SHAHZAD LIAQAT VS State - Honorable Justice Ishtiaq Ibrahim - Muhammad Akram Gondal,Supreme Court of Pakistan,2026,1529,full_judgment,headnote_only,unknown
2026_SCMR_461,2026 SCMR 461,"MUHAMMAD ABID VS GOVERNMENT OF KHYBER PAKHTUNKHWA through Secretary Excise, Taxation and Narcotics Control Department, Peshawar - Honorable Justice Muhammad Ali Mazhar - Ahmad Ali , Zahid Yousaf",Supreme Court of Pakistan,2026,462,full_judgment,headnote_only,unknown
2026_SCMR_449,2026 SCMR 449,"SHAKEEL AHMED KAYANI VS The MANAGING DIRECTOR/CHIEF EXECUTIVE OFFICER, ISLAMABAD - Honorable Justice Syed Mansoor Ali Shah - Muhammad Bashir Khan , Sultan Mazhar Sher Khan",Supreme Court of Pakistan,2026,1727,full_judgment,headnote_only,unknown
2026_SCMR_434,2026 SCMR 434,MUHAMMAD WASEEM VS State - Honorable Justice Irfan Saadat Khan - Zulfiqar Ahmed Bhutta,Supreme Court of Pakistan,2026,374,full_judgment,headnote_only,unknown
2026_SCMR_413,2026 SCMR 413,"FIAZ alias Mansha VS State - Honorable Justice Ishtiaq Ibrahim - Malik Noman Khalid , Syed Intekhab Hussain Shah",Supreme Court of Pakistan,2026,2624,full_judgment,headnote_only,unknown
2026_SCMR_605,2026 SCMR 605,"SENIOR MEMBER BOARD OF REVENUE, PUNJAB, LAHORE VS ABDUL SHAKOOR (Deceased) - Honorable Justice Shahid Bilal Hassan - Ahmad Awais Qazi , M.A. Ghaffar Ul Haq",Supreme Court of Pakistan,2026,326,full_judgment,headnote_only,leave_refused
2026_SCMR_598,2026 SCMR 598,MUHAMMAD IKRAM VS State - Honorable Justice Muhammad Hashim Khan Kakar - Basharatullah Khan,Supreme Court of Pakistan,2026,629,full_judgment,headnote_only,unknown
2026_SCMR_594,2026 SCMR 594,SHAUKAT ALI VS State - Honorable Justice Ali Baqar Najafi - Agha Intizar Ali Imran,Supreme Court of Pakistan,2026,367,full_judgment,headnote_only,unknown
2026_SCMR_587,2026 SCMR 587,"ABDUL MAJEED VS Mst. KHALIDA BIBI (Deceased) - Honorable Justice Shahid Bilal Hassan - Ajmal Raza Bhatti , Nemo",Supreme Court of Pakistan,2026,649,full_judgment,headnote_only,leave_refused
2026_SCMR_729,2026 SCMR 729,AMJAD ALI VS State - Honorable Justice Irfan Saadat Khan - Muhammad Kasim Mirjat,Supreme Court of Pakistan,2026,1071,full_judgment,headnote_only,unknown
2026_SCMR_723,2026 SCMR 723,"FAZAL HUSSAIN VS COMMISSIONER DERA GHAZI KHAN, DIVISION DERA GHAZI KHAN - Honorable Justice Salahuddin Panhwar - Abdul Rehman Khan Lashari , Khalid Masood Ghani",Supreme Court of Pakistan,2026,531,full_judgment,headnote_only,unknown
2026_SCMR_533,2026 SCMR 533,"MCB BANK LIMITED VS UZMA TEHREEM - Honorable Justice Naeem Akhter Afghan - Salman Aslam Butt , Muhammad Imran Malik",Supreme Court of Pakistan,2026,707,full_judgment,headnote_only,unknown
2026_SCMR_521,2026 SCMR 521,"GOVERNMENT OF KHYBER PAKHTUNKHWA through Secretary Home, Peshawar VS ATTIQ ULLAH KHAN - Honorable Justice Aqeel Ahmed Abbasi - Zahid Yousaf Qureshi , Nemo",Supreme Court of Pakistan,2026,700,full_judgment,headnote_only,unknown
2026_SCMR_998,2026 SCMR 998,MUJAHID KHAN VS State - Honorable Justice Ishtiaq Ibrahim - Ajmal Khan Janjua,Supreme Court of Pakistan,2026,745,full_judgment,headnote_only,unknown
2026_SCMR_994,2026 SCMR 994,"Mst. SAFIA KHANUM VS ADDITIONAL DISTRICT JUDGE-II EAST, ISLAMABAD - Honorable Justice Shahid Bilal Hassan - Muhammad Ikhlaque Awan , Nemo",Supreme Court of Pakistan,2026,377,full_judgment,headnote_only,unknown
2026_SCMR_987,2026 SCMR 987,"MUHAMMAD FAREEDON REHMAN VS State - Honorable Justice Muhammad Hashim Khan Kakar - Hamid Rashid , Aftab Alam Yasir",Supreme Court of Pakistan,2026,905,full_judgment,headnote_only,unknown
2026_SCMR_1171,2026 SCMR 1171,"BURKI & CO VS DIRECTOR, INTELLIGENCE AND INVESTIGATION (CUSTOMS), KARACHI - Honorable Justice Muhammad Shafi Siddiqui - Salahuddin Ahmed , Syed Talha Salman",Supreme Court of Pakistan,2026,885,full_judgment,headnote_only,unknown
2026_SCMR_1160,2026 SCMR 1160,MUHAMMAD JUMAN VS State - Honorable Justice Irfan Saadat Khan - Chaudhry Muhammad Zardad,Supreme Court of Pakistan,2026,1304,full_judgment,headnote_only,unknown
2026_SCMR_1146,2026 SCMR 1146,"OSAMA VS State - Honorable Justice Shakeel Ahmad - Abdul Hadi Tareen , Aman Ullah Khan",Supreme Court of Pakistan,2026,442,full_judgment,headnote_only,appeal_allowed
2026_SCMR_1139,2026 SCMR 1139,RIFFAT HUSSAIN VS Mst. ZAHIDA BIBI - Honorable Justice Salahuddin Panhwar - Sajjad Ahmed Bhatti,Supreme Court of Pakistan,2026,459,full_judgment,headnote_only,leave_refused
2026_SCMR_1132,2026 SCMR 1132,"MOHAMMAD ZIAFAT VS TARIQ NAWAZ KHAN TAREEN - Honorable Justice Muhammad Ali Mazhar - Ms. Saira Khalid , Abdul Rehman Qadar",Supreme Court of Pakistan,2026,358,full_judgment,headnote_only,leave_refused
2026_SCMR_783,2026 SCMR 783,MUHAMMAD SIDDIQUE VS State - Honorable Justice Ishtiaq Ibrahim - Basharat Ullah Khan,Supreme Court of Pakistan,2026,1331,full_judgment,headnote_only,unknown
2026_SCMR_775,2026 SCMR 775,"ARSHAD AZIZ ABBASI VS The SPECIAL JUDGE, CUSTOMS, TAXATION AND ANTI-SMUGGLING-I, KARACHI - Honorable Justice Aqeel Ahmed Abbasi - Muhammad Ali Lakhani , Raja Muhammad Shafqat Abbasi",Supreme Court of Pakistan,2026,317,full_judgment,headnote_only,appeal_allowed
2026_SCMR_941,2026 SCMR 941,"SHAHBAZ KHAN VS DOWLAT KHAN - Honorable Justice Shahid Waheed - Asad Jan , Nemo",Supreme Court of Pakistan,2026,763,full_judgment,headnote_only,unknown
2026_SCMR_937,2026 SCMR 937,ATTIQUE ULLAH VS State - Honorable Justice Ishtiaq Ibrahim - Arshad Hussain Yousafzai,Supreme Court of Pakistan,2026,515,full_judgment,headnote_only,unknown
2026_SCMR_769,2026 SCMR 769,"MUHAMMAD AZAM VS PROVINCE OF SINDH through Secretary Home Department - Honorable Justice Muhammad Ali Mazhar - , Kafeel Ahmed Abbasi",Supreme Court of Pakistan,2026,393,full_judgment,headnote_only,unknown
2026_SCMR_766,2026 SCMR 766,"WAJID UR REHMAN VS LATIF UR REHMAN - Honorable Justice Sardar Tariq Masood - Shan Asghar , Altaf Samad",Supreme Court of Pakistan,2026,352,full_judgment,headnote_only,unknown
2026_SCMR_929,2026 SCMR 929,"GHULAM ASGHAR KHAN VS MUHAMMAD ARIF KHAN - Honorable Justice Muhammad Shafi Siddiqui - Rahid Anwar , Maiz Ahmed",Supreme Court of Pakistan,2026,674,full_judgment,headnote_only,appeal_allowed
2026_SCMR_921,2026 SCMR 921,MUHAMMAD AMJAD VS State - Honorable Justice Ishtiaq Ibrahim - Muhammad Irfan Malik,Supreme Court of Pakistan,2026,1004,full_judgment,headnote_only,unknown
2026_PTD_192,2026 PTD 192,"COMMISSIONER INLAND REVENUE (LEGAL), ISLAMABAD VS PAKISTAN LNG LIMITED - Honorable Justice Ayesha A. Malik - Ms. Asma Hamid , Jehanzeb Awan",Supreme Court of Pakistan,2026,5579,full_judgment,headnote_only,unknown
2026_PTD_216,2026 PTD 216,"CUPOLA PAKISTAN LIMITED VS DEPUTY COMMISSIONER OF INCOME TAX - Honorable Justice Muhammad Junaid Ghaffar, CJ and Agha Faisal - Hamza Waheed and Sami-ur-Rehman , M. Aqeel Qureshi",High Court of Sindh,2026,392,full_judgment,headnote_only,unknown
2026_PTD_221,2026 PTD 221,"IMRAN ASHRAF VS GOVERNMENT OF AZAD JAMMU AND KASHMIR - Honorable Justice Syed Shahid Bahar - Sardar Tahir Anwar , Mrs. Bilqees Rasheed Minhas",High Court,2026,746,full_judgment,headnote_only,petition_dismissed
2026_PTD_227,2026 PTD 227,"MIAN GROUP, CHAKWAL KARAMDAD ARCADE VS ASSISTANT COMMISSIONER INLAND REVENUE, ISLAMABAD - Honorable Justice Babar Sattar - Mirza Saqib Siddeeq, Waqas Ahmed, Hafiz Muhammad Idris",Islamabad High Court,2026,587,full_judgment,headnote_only,disposed_of
2026_PTD_237,2026 PTD 237,"MUSHTAQ AHMAD VS GOVERNMENT OF THE PUNJAB - Khawar Siddique Sahi , Ch. Saeed Akhtar Sajid",Lahore High Court,2026,474,full_judgment,headnote_only,unknown
2026_PTD_244,2026 PTD 244,"COLLECTOR OF CUSTOMS, CUSTOM HOUSE, PESHAWAR VS NOOR MUHAMMAD - Honorable Justice Muhammad Faheem Wali - Saifullah Muhib Kakakhel , Ajoon Khan",Peshawar High Court,2026,505,full_judgment,headnote_only,unknown
2026_PTD_247,2026 PTD 247,"COMMISSIONER INLAND REVENUE VS ENGI PLASTIC INDUSTRIES - Honorable Justice Khalid Ishaq - Liaquat Ali Ch. , Barrister Usman Khalil",Lahore High Court,2026,540,full_judgment,headnote_only,unknown
2026_PTD_252,2026 PTD 252,"PAKISTAN STOCK EXCHANGE LIMITED VS COMMISSIONER INLAND REVENUE ZONE-VI, KARACHI - Honorable Justice Munib Akhtar - Abdul Ghaffar Khan , Munawar Ali Memon",Supreme Court of Pakistan,2026,1224,full_judgment,headnote_only,leave_refused
2026_PTD_269,2026 PTD 269,"WATEEN TELECOM LIMITED VS COMMISSIONER INLAND REVENUE - Honorable Justice Sardar Ejaz Ishaq Khan - Syed Ali Zafar, Ali Sibtain Fazli, Abad-ur-Rehman, Hassan Ahmed Khan and Naeem Ahmed , Osama Shahid Barrister Atif Rahim Burki and Arshad Mehmood",Islamabad High Court,2026,684,full_judgment,headnote_only,unknown
2026_PTD_274,2026 PTD 274,"KARACHI AERO CLUB (GUARANTEE) LTD. VS COMMISSIONER (APPEALS-II), SINDH REVENUE BOARD, KARACHI - Honorable Justice Alia Anwer - Usman Shaikh , Javed Akhtar",High Court of Sindh,2026,959,full_judgment,headnote_only,unknown
2026_PTD_281,2026 PTD 281,"RAFHAN MAIZE PRODUCTS CO. LIMITED VS The APPELLATE TRIBUNAL INLAND REVENUE, MULTAN - Honorable Justice Muhammad Shafi Siddiqui - Muhammad Ajmal Khan , Muhammad Yahya",Supreme Court of Pakistan,2026,411,full_judgment,headnote_only,unknown
2026_PTD_291,2026 PTD 291,"RAWAT OIL AND GHEE MILLS (PVT.) LTD. VS FEDERATION OF PAKISTAN through Secretary (Revenue)/Chairman FBR - Honorable Justice Muhammad Jaffer Raza - Muhammad Adeel Awan , Ms. Mehreen Ibrahim",High Court of Sindh,2026,781,full_judgment,headnote_only,revision_allowed
2026_PTD_296,2026 PTD 296,"MUHAMMAD ARIF KHAN VS COLLECTOR CUSTOMS MODEL CUSTOMS COLLECTORATE (ENFORCEMENT AND COMPLIANCE) CUSTOM HOUSE, JAMRUD, ROAD, PESHAWAR - Honorable Justice Muhammad Shafi Siddiqui - Farhat Nawaz Lodhi , Abdul Rauf Rohaila",Supreme Court of Pakistan,2026,372,full_judgment,headnote_only,unknown
2026_PTD_298,2026 PTD 298,"COLLECTOR OF CUSTOMS, COLLECTORATE OF CUSTOMS (ENFORCEMENT), SARGODHA VS JUMA KHAN - Honorable Justice Khalid Ishaq - Rana Muhammad Mehtab and Syed Majid Ali Bukhari , Malik Saif Bhutta",Lahore High Court,2026,1198,full_judgment,headnote_only,unknown
2026_PTD_307,2026 PTD 307,"COMMISSIONER INLAND REVENUE, RTO, LAHORE VS PREMIUM LEATHER (PVT.) LTD., LAHORE - Honorable Justice Muhammad Tahir and Zahid Sikandar - Abdul Basit , Ali Latif",Lahore High Court,2026,1409,full_judgment,headnote_only,unknown
2026_PTD_318,2026 PTD 318,"COMMISSIONER INLAND REVENUE, ZONE-II, LARGE TAXPAYERS UNIT, LAHORE VS COCA COLA EXPORT CORPORATION - Honorable Justice Khalid Ishaq - Liaquat Ali Chaudhry , Umair Ahmad and Haris Irfan",Lahore High Court,2026,1378,full_judgment,headnote_only,unknown
2026_PTD_329,2026 PTD 329,"COMMISSIONER INLAND REVENUE ZONE-II, REGIONAL TAX OFFICE, QUETTA VS DEENAR INDUSTRIES (PVT.) LTD. - Honorable Justice Iqbal Ahmed Kasi - Darya Khan, Barrister Iftikhar Raza Khan and Munawar Khan Kasi , Muhammad Umar Dogar and Raja Umair Ali",High Court of Balochistan,2026,1180,full_judgment,headnote_only,appeal_dismissed
2026_PTD_339,2026 PTD 339,"COMMISSIONER INLAND REVENUE VS FATEH TEXTILE INDUSTRIES (PVT.) LIMITED - Khalil Ahmad Ali , Khubaib Ahmad",Lahore High Court,2026,391,full_judgment,headnote_only,unknown
2026_PTD_341,2026 PTD 341,"WAQAS PRINTERS AND PUBLISHERS, PESHAWAR VS COMMISSIONER INLAND REVENUE, (UNIT-21-PESHAWAR ZONE), RTO, PESHAWAR - Honorable Justice Dr. Shah khan - Danish Ali Qazi , Ishfaq Ahmed",Peshawar High Court,2026,431,full_judgment,headnote_only,unknown
2026_PTD_347,2026 PTD 347,"COMMISSIONER INLAND REVENUE VS HUNZA SUGAR MILLS - Honorable Justice Malik Javid Iqbal Wains - Ahmad Pervaiz, Muhammad Nauman Khan, Malik Abdullah Raza and Azmat Hayat Khan Lodhi , Salman Zaheer Khan, Ali Sabtain Fazli, Hasham Ahmad Khan, Abad-ur-Rehman",Lahore High Court,2026,567,full_judgment,headnote_only,appeal_dismissed
2026_PTD_356,2026 PTD 356,"JANANA DE MALUCHO TEXTILE MILLS LTD. VS DEPUTY COMMISSIONER INLAND REVENUE ZONE-III, LTO, LAHORE - Honorable Justice Rao Muhammad Nasir Jamil (Member) - Ahmad Nawaz Khurram , Nemo",Lahore High Court,2026,499,full_judgment,headnote_only,unknown
2026_PTD_361,2026 PTD 361,"COMMISSIONER OF INCOME TAX ZONE-C, LAHORE VS LAHORE GRAMMER SCHOOL (PVT.) LTD. GULBERG, LAHORE - Honorable Justice Khalid Ishaq - Mian Yousaf Umar , Shahbaz Butt, Ibrahim Hassan and Mazhar Hussain Tahir",Lahore High Court,2026,794,full_judgment,headnote_only,unknown
2026_PTD_367,2026 PTD 367,"A. RAHIM FOODS (PVT.) LTD., LAHORE VS COMMISSIONER INLAND REVENUE, LTO, LAHORE - Honorable Justice Nasir Mahmud - Qasim Abbasi , Nemo",Lahore High Court,2026,783,full_judgment,headnote_only,disposed_of
2026_PTD_372,2026 PTD 372,"The DIRECTOR GENERAL OF CUSTOMS VALUATION, CUSTOM HOUSE, KARACHI VS AL AMIN CERA - Honorable Justice Miangul Hassan Aurangzeb - Raja Muhammad Iqbal",Supreme Court of Pakistan,2026,904,full_judgment,headnote_only,appeal_allowed
2026_PTD_390,2026 PTD 390,"FATIMA FERTILIZER COMPANY VS COMMISSIONER INLAND REVENUE, ZONE-3, LARGE TAXPAYERS OFFICE, MULTAN - Asad Zaman Tarar , Iftikhar Majid",Lahore High Court,2026,453,full_judgment,headnote_only,unknown
2026_PTD_392,2026 PTD 392,"OMV (PAKISTAN) EXPLORATION G.M.B.H. ISLAMABAD VS COMMISSIONER INLAND REVENUE (LEGAL), ISLAMABAD - Honorable Justice Babar Sattar - Hafiz Muhammad Idris and Syed Farid Bukhari , Makhdoom Ali Khan",Islamabad High Court,2026,647,full_judgment,headnote_only,disposed_of
2026_PTD_406,2026 PTD 406,"COMMISSIONER INLAND REVENUE REGIONAL TAX OFFICE, PESHAWAR VS CHERAT CEMENT COMPANY LTD. NOWSHERA - Honorable Justice Munib Akhtar - Qaiser Abbas Bangash , Isaac Ali Qazi",Supreme Court of Pakistan,2026,548,full_judgment,headnote_only,appeal_dismissed
2026_PTD_419,2026 PTD 419,"COMMISSIONER INLAND REVENUE, LEGAL ZONE, LTO, MULTAN VS AL-HILAL INDUSTRIES (PVT.) LTD. - Muhammad Shaukat Qamar , Muhammad Usman Hadi and Jamil Ahmad Shaikh",Lahore High Court,2026,911,full_judgment,headnote_only,unknown
2026_PTD_424,2026 PTD 424,"DEPUTY COMMISSIONER OF INCOME TAX, ISLAMABAD VS MARI GAS COMPANY LIMITED, ISLAMABAD - Honorable Justice Syed Mansoor Ali Shah - Dr. G. M. Chaudhary, Ch. Zafar Iqbal, Dr. Farhat Zafar , Azid Nafees, Hafiz M. Idrees, Khurram Mumtaz Hashmi, Sardar Ahmed Jamal Sukhera",Supreme Court of Pakistan,2026,603,full_judgment,headnote_only,unknown
2026_PTD_434,2026 PTD 434,"The DIRECTOR CUSTOM HOUSE, LAHORE VS DUTY FREE SHOP LIMITED SIALKOT - Honorable Justice Malik Javid Iqbal Wains - Rana Muhammad Mehtab , Umar Ilyas Khan",Lahore High Court,2026,756,full_judgment,headnote_only,remanded
2026_PTD_441,2026 PTD 441,"UIG (PVT.) LTD. VS MEMBER INLAND REVENUE (SALES TAX) - Honorable Justice Yousuf Ali Sayeed - Umair Ahmed Qazi , Waqar Memon",High Court of Sindh,2026,694,full_judgment,headnote_only,unknown
2026_PTD_455,2026 PTD 455,"DIRECTOR, DIRECTORATE GENERAL, INTELLIGENCE AND INVESTIGATION (CUSTOMS) VS ALTAF HUSSAIN - Honorable Justice Munib Akhtar - Dr. Farhat Zafar , Nemo",Supreme Court of Pakistan,2026,810,full_judgment,headnote_only,unknown
2026_PTD_458,2026 PTD 458,"FAZAL PAPER MILLS (PVT.) LIMITED VS FEDERATION OF PAKISTAN - Zahid Imran Gondal and Muhammad Junaid , Malik Muhammad Shahzad Awan",Lahore High Court,2026,400,full_judgment,headnote_only,petition_dismissed
2026_PTD_464,2026 PTD 464,"SABA INTERNATIONAL VS The FEDERATION OF PAKISTAN through Secretary Revenue Division/Chairman - Honorable Justice Arbab Ali Hakro - Iftikhar Hussain , Pervaiz Ahmed Memon, Mohabbat Hussain Awan and Syed Raza Mamnoon",High Court of Sindh,2026,625,full_judgment,headnote_only,disposed_of
2026_PTD_472,2026 PTD 472,"ALLAMA IQBAL OPEN UNIVERSITY VS COMMISSIONER INLAND REVENUE, WITHHOLDING TAX ZONE, REGIONAL TAX OFFICE, ISLAMABAD - Honorable Justice Muhammad Shafi Siddiqui - Syed Rifaqat Hussain Shah , Dr. Farhat Zafar",Supreme Court of Pakistan,2026,708,full_judgment,headnote_only,unknown
2026_PTD_475,2026 PTD 475,"ABDUL QADIR VS FEDERATION OF PAKISTAN through Cabinet Secretary Government of Pakistan, Pak. Secretariat, Islamabad - Honorable Justice Babar Sattar - Rehan Kayani and Barrister M. Usama Rauf , Fahad Khan Tareen",Islamabad High Court,2026,854,full_judgment,headnote_only,unknown
2026_PTD_496,2026 PTD 496,"ASSISTANT COMMISSIONER INLAND REVENUE, UNIT-III, ZONE-CANTT, RTO, RAWALPINDI VS UMER TARIQ KHAN - Honorable Justice Miangul Hassan Aurangzeb - Syed Rifaqat Hussain Shah , Malik Itaat Hussain Awan",Supreme Court of Pakistan,2026,804,full_judgment,headnote_only,unknown
2026_PTD_502,2026 PTD 502,"COMMISSIONER INLAND REVENUE, LTO, LAHORE VS EXPO LAHORE (PVT.) LIMITED LAHORE - Nadeem Asad , M. Usman Farooq",Lahore High Court,2026,414,full_judgment,headnote_only,unknown
2026_PTD_505,2026 PTD 505,"WAK LIMITED, MULTAN ROAD, LAHORE VS COLLECTOR CENTRAL EXCISE AND SALES TAX LAHORE (NOW COMMISSIONER INLAND REVENUE LTU, LAHORE) - Honorable Justice Muhammad Shafi Siddiqui - Ali Sibtain Fazli , Mrs. Kausar Parveen",Supreme Court of Pakistan,2026,557,full_judgment,headnote_only,unknown
2026_PTD_509,2026 PTD 509,"HUFFAZ SEAMLESS PIPE INDUSTRIES LTD. VS COMMISSIONER (APPEALS-III), SINDH REVENUE BOARD, KARACHI - Honorable Justice Mrs. Alia Anwer - Syed Hamza Ahmed Hashmi , Javed Akhtar",High Court of Sindh,2026,1599,full_judgment,headnote_only,appeal_allowed
2026_PTD_520,2026 PTD 520,"HASSAN KHALID VS FEDERATION OF PAKISTAN - Honorable Justice Khalid Ishaq - Barrister Muhammad Abdullah , Mirza Nasar Ahmed",Lahore High Court,2026,573,full_judgment,headnote_only,petition_allowed
2026_PTD_525,2026 PTD 525,"NAEEM FISH FRY VS COMMISSIONER (APPEALS-I), SINDH REVENUE BOARD, KARACHI - Honorable Justice Mrs. Alia Anwer - Syed Armughan Memhmood , Ms. Komal Laghari",High Court of Sindh,2026,811,full_judgment,headnote_only,unknown
2026_PTD_531,2026 PTD 531,"MAMOON ASLAM VS SECRETARY, REVENUE DIVISION, ISLAMABAD - Honorable Justice M. Zafar-ul-Haq Hijazi -",Islamabad High Court,2026,520,full_judgment,headnote_only,unknown
2026_PTD_535,2026 PTD 535,"KHYBER TEA AND FOOD COMPANY, PESHAWAR VS COMMISSIONER INLAND REVENUE, (PESHAWAR ZONE), RTO, PESHAWAR - Honorable Justice Abdullah Khan Kakar and Dr. Shah Khan - Muhammad Azam , Ms. Saima Ijaz",Peshawar High Court,2026,398,full_judgment,headnote_only,unknown
2026_PTD_538,2026 PTD 538,"Malik MUHAMMAD KAMRAN ASLAM (PROP:) Messrs SKY HAWKS VS SECRETARY REVENUE DIVISION, ISLAMABAD - Honorable Justice M. Zafar-ul-Haq Hijazi -",Islamabad High Court,2026,462,full_judgment,headnote_only,unknown
2026_PTD_542,2026 PTD 542,"FOUNDATION WIND ENERGY-II VS COMMISSIONER PUNJAB REVENUE AUTHORITY - Honorable Justice Jawad Hassan - Barrister Saad M. Hashmi , Khudayar Khan",Lahore High Court,2026,584,full_judgment,headnote_only,unknown
2026_PTD_555,2026 PTD 555,"INDUS MOTOR COMPANY LIMITED VS FEDERATION OF PAKISTAN - Honorable Justice Muhammad Junaid Ghaffar - Rashid Anwar and Aadil Saeed , Dr. Shah Nawaz Memon, Khalid Rajpar, Sardar Muhammad Ishaque, Muhammad Khalil Dogar",High Court of Sindh,2026,407,full_judgment,headnote_only,disposed_of
2026_PTD_577,2026 PTD 577,"HUAWEI TECHNOLOGIES PAKISTAN (PRIVATE) LIMITED VS FEDERATION OF PAKISTAN through Secretary Revenue Division (CFBR) - Honorable Justice Inaam Ameen Minhas - Sardar Taimoor Aslam and Mudassar Abbas , Muhammad Asif Jadoon",Islamabad High Court,2026,711,full_judgment,headnote_only,petition_allowed
2026_PTD_596,2026 PTD 596,"Malik AMEER HAIDER SANGHA VS FEDERATION OF PAKISTAN through Secretary Revenue Division, Civil Secretariat, Lahore - Honorable Justice Abid Hussain Chattha - Barrister Muhammad Umer Riaz, Rana Rehan and Barrister Ali Aun Awan , Ms. Riaz Begum",Lahore High Court,2026,1668,full_judgment,headnote_only,unknown
2026_PTD_606,2026 PTD 606,"MIR ""A"" BAKERS AND SWEETS, MANSEHRA ROAD, MANDIAN, ABBOTTABAD VS DIRECTOR INTELLIGENCE AND INVESTIGATION - Honorable Justice Syed Mudasser Ameer - Mudassar Malik and Waheed Shahzad , Khurram Ghias Khan and Syed Waqas Naqvi",Peshawar High Court,2026,388,full_judgment,headnote_only,unknown
2026_PTD_616,2026 PTD 616,"EXIDE PAKISTAN LTD. VS FEDERATION OF PAKISTAN - Honorable Justice Adnan Iqbal Chaudhry - Ovais Ali Shah , Nisar Ali Naushad Babar",High Court of Sindh,2026,581,full_judgment,headnote_only,unknown
2026_PTD_619,2026 PTD 619,"HARRIS HASAN SYED VS COMMISSIONER INLAND REVENUE - Honorable Justice Abid Aziz Sheikh - Barrister Saffi-ul-Hassan, Muhammad Ajmal Khan, M. Mansha Sukhera , Shahid Sarwar Chahil, Kausar Parveen and Raja Waqas Habib Khan",Lahore High Court,2026,608,full_judgment,headnote_only,disposed_of
2026_PTD_625,2026 PTD 625,D.G. KHAN CEMENT COMPANY LIMITED VS The FEDERATION OF PAKISTAN through Secretary Revenue Islamabad - Honorable Justice Amin-Ud-Din Khan -,Islamabad High Court,2026,2593,full_judgment,headnote_only,unknown
2026_PTD_641,2026 PTD 641,"REGUS EXECUTIVE CENTER KARACHI (PRIVATE) LIMITED VS ASSISTANT COMMISSIONER (UNIT-04), SRB, KARACHI - Honorable Justice Muhammad Junaid Ghaffar, ACJ and Mohammad Abdur Rahman - Sauban Tasleem , Shamshad Ahmed",High Court of Sindh,2026,377,full_judgment,headnote_only,unknown
2026_PTD_645,2026 PTD 645,MUHAMMAD NAEEM VS COMMISSIONER PUNJAB REVENUE AUTHORITY - Hafiz Muhammad Idrees and Hassan Askari Kazmi,Lahore High Court,2026,471,full_judgment,headnote_only,revision_dismissed
2026_PTD_648,2026 PTD 648,"PAKISTAN INTERNATIONAL AIRLINES CORPORATION VS COMMISSIONER INLAND REVENUE - Honorable Justice Muhammad Junaid Ghaffar, ACJ and Muhammad Abdur Rahman - Uzair Shoro , Zakia Jatoi",High Court of Sindh,2026,325,full_judgment,headnote_only,disposed_of
2026_PTD_650,2026 PTD 650,"SUNDER MEHRAN BUILDERS VS COMMISSIONER (APPEALS-I), SINDH REVENUE BOARD, KARACHI - Honorable Justice Alia Anwer - , Nabi Bukhsh Shar",High Court of Sindh,2026,1693,full_judgment,headnote_only,disposed_of
2026_PTD_662,2026 PTD 662,"COLLECTOR OF CUSTOMS (ENFORCEMENT), CUSTOM HOUSE, AIRPORT ROAD, QUETTA VS SHER ALI - Honorable Justice Muhammad Ejaz Swati - Abdus Samee Babar , Naimatullah Achakzai and Nasrullah Kakar",High Court of Balochistan,2026,376,full_judgment,headnote_only,unknown
2026_PTD_669,2026 PTD 669,"COCA COLA PAKISTAN LTD. VS COMMISSIONER INLAND REVENUE, LARGE TAXPAYERS OFFICE, LAHORE - Honorable Justice Munib Akhtar - Adnan Haider , Ahmed Pervaiz",Supreme Court of Pakistan,2026,826,full_judgment,headnote_only,unknown
2026_PTD_678,2026 PTD 678,"SHAIKH PIPE MILLS (PVT.) LIMITED VS The CUSTOMS APPELLATE TRIBUNAL, KARACHI - Honorable Justice Muhammad Junaid Ghaffar, ACJ and Mohammad Abdur Rahman - Imran Iqbal Khan , Sardar Zafar Hussain",High Court of Sindh,2026,489,full_judgment,headnote_only,disposed_of
2026_PTD_680,2026 PTD 680,"Mrs. NASREEN TAYYAB VS COMMISSIONER INLAND REVENUE, ZONE-II, RTO-I, KARACHI - Honorable Justice Fakhar-Ul-Zaman Akhtar - Faiz Ahmed , Akhtar Khan",High Court of Sindh,2026,576,full_judgment,headnote_only,unknown
2026_PTD_687,2026 PTD 687,"COLLECTOR, COLLECTORATE OF CUSTOMS, HYDERABAD VS FAZAL QADEER - Honorable Justice Muhammad Junaid Ghaffar, CJ and Muhammad Abdur Rahman - Khalilullah Jakhro , Muhammad Iqbal Riaz",High Court of Sindh,2026,702,full_judgment,headnote_only,unknown
2026_PTD_690,2026 PTD 690,"GULZAR AFZAAL, FAISALABAD VS COMMISSIONER INLAND REVENUE, RTO, FAISALABAD - Honorable Justice Mian Tauqeer Aslam - Imran Rashid and Farooq Ejaz , Farooq Anwar",Appellate Tribunal,2026,898,full_judgment,headnote_only,unknown
2026_PTD_696,2026 PTD 696,"PAKISTAN ACCUMULATORS (PVT.) LTD. VS PAKISTAN through Secretary, Ministry of Finance, Islamabad - Honorable Justice Babar Sattar - Dr. Farogh Naseem, Sardar Haseeb Iftikhar Ahmed and Salman Abbas , Barrister Muhammad Umer Riaz, Umer Ejaz Gillani, Rana Rehan, Barrister Ali Aun",Islamabad High Court,2026,748,full_judgment,headnote_only,unknown
2026_PTD_721,2026 PTD 721,"ARY COMMUNICATION LIMITED VS FEDERAL BOARD OF REVENUE - Honorable Justice Agha Faisal - Abid S. Zuberi , Ameer Bux Metlo",High Court of Sindh,2026,374,full_judgment,headnote_only,unknown
2026_PTD_724,2026 PTD 724,"QAISER AZEEM VS The COMMISSIONER INLAND REVENUE, RANGE-I, ZONE SOUTH, RTO, ISLAMABAD - Honorable Justice Mian Abdul Basit - Muhammad Khurshid , Shumail Tareen",Islamabad High Court,2026,628,full_judgment,headnote_only,unknown
2026_PTD_728,2026 PTD 728,"SUI SOUTHERN GAS COMPANY LTD. VS LARGE TAXPAYERS UNIT (L.T.U.) - Honorable Justice Muhammad Junaid Ghaffar, ACJ and Muhammad Abdur Rahman - Khalid Jawed Khan , Muhammad Aqeel Qureshi",High Court of Sindh,2026,373,full_judgment,headnote_only,unknown
2026_PTD_732,2026 PTD 732,"The COLLECTOR OF CUSTOMS, COLLECTORATE OF CUSTOMS APPRAISEMENT, KARACHI VS M.M. STEEL, SIALKOT - Honorable Justice Muhammad Shafi Siddiqui - Muhammad Khalil Dogar , Nemo",Supreme Court of Pakistan,2026,1398,full_judgment,headnote_only,unknown
2026_PTD_738,2026 PTD 738,"JAHANZAIB VS ADDITIONAL COLLECTOR OF CUSTOMS (ADJUDICATION), COLLECTORATE OF ADJUDICATION, DRY PORT, FAISALABAD - Honorable Justice Muhammad Sajid Mehmood Sethi - Mian Abdul Salam Sajid , Mian Muhammad Ashfaq Hussain",Lahore High Court,2026,924,full_judgment,headnote_only,unknown
2026_PTD_746,2026 PTD 746,"PAKISTAN INTERNATIONAL AIRLINES CORPORATION VS COLLECTOR OF CUSTOMS (PREVENTIVE) CUSTOM - Honorable Justice Muhammad Junaid Ghaffar - S. Yasir Ali , Muhabbat Hussain Awan",High Court of Sindh,2026,485,full_judgment,headnote_only,unknown
2026_PTD_753,2026 PTD 753,"COMMISSIONER INLAND REVENUE, LAHORE VS SALMAN BUTT - Honorable Justice Muhammad Shafi Siddiqui - Muhammad Saeed Tahir",Supreme Court of Pakistan,2026,335,full_judgment,headnote_only,appeal_allowed
2026_PTD_757,2026 PTD 757,"ASAD ALI VS COMMISSIONER INLAND REVENUE ZONE-I, REGIONAL TAX OFFICE, PESHAWAR - Honorable Justice Wiqar Ahmad - Mohammad Anwar , Abbas Bakhtiar",Peshawar High Court,2026,539,full_judgment,headnote_only,disposed_of
2026_PTD_770,2026 PTD 770,"DIRECTOR, DIRECTORATE INTELLIGENCE AND INVESTIGATION (CUSTOMS) VS MUHAMMAD SABIR - Honorable Justice Adnan Iqbal Chaudhry - Zulfiqar Ali Arain",High Court of Sindh,2026,603,full_judgment,headnote_only,unknown
2026_PTD_778,2026 PTD 778,"WORLDCALL TELECOM LTD. (WTCL) (Messrs Worldcall Communication Limited) VS The COMMISSIONER OF INCOME TAX, LARGER DIVISION, LARGER TAXPAYER UNIT, NABHA ROAD, LAHORE - Honorable Justice Munib Akhtar - Khurram Shahbaz Butt , Ch. Muhammad Zafar Iqbal",Supreme Court of Pakistan,2026,1085,full_judgment,headnote_only,unknown
2026_PTD_790,2026 PTD 790,"BAIG ENTERPRISES, LAHORE VS COMMISSIONER INLAND REVENUE, ZONE-IV, RTO, LAHORE - Honorable Justice Mian Abdul Bari Rashid (Member) - Nouman Yahya , Ms. Zil-e-Huma",Lahore High Court,2026,977,full_judgment,headnote_only,disposed_of
2026_PTD_795,2026 PTD 795,"RAMADA INDUSTRIES (PVT.) LTD., KARACHI VS COMMISSIONER INLAND REVENUE, ZONE-VI, CTO, KARACHI - Honorable Justice Muhammad Junaid Ghaffar, CCJ and Muhammad Abdur Rahman - Muhammad Faheem Bhayo , Barrister Ghazi Khan Khalil",High Court of Sindh,2026,539,full_judgment,headnote_only,unknown
2026_PTD_802,2026 PTD 802,"MATRACON PAKISTAN (PRIVATE) LIMITED, ISLAMABAD VS APPELLATE TRIBUNAL FOR SALES TAX ON SERVICES, KHYBER PAKHTUNKHWA through Chairman, Peshawar - Honorable Justice Aamer Farooq - Mian Sikandar Gul Kaka Kheil , Fazal Amin Shah",Peshawar High Court,2026,471,full_judgment,headnote_only,leave_refused
2026_PTD_809,2026 PTD 809,"KHYBER TEA AND FOOD COMPANY VS COMMISSIONER INLAND REVENUE, (PESHAWAR ZONE) RTO, PESHAWAR - Honorable Justice Dr. Shah Khan - Muhammad Azam , Ishfaq Ahmed",Peshawar High Court,2026,507,full_judgment,headnote_only,unknown
2026_CLD_303,2026 CLD 303,"SAFEER HUSSAIN VS CAPITAL CITY POLICE OFFICER, LAHORE - Honorable Justice Tariq Saleem Sheikh - Ch. Sultan Mahmood , Sittar Sahil",Lahore High Court,2026,477,full_judgment,headnote_only,petition_allowed
2026_CLD_310,2026 CLD 310,"Syed MUHAMMAD ALAM SHAH VS PROVINCE OF SINDH through Chief Secretary - Honorable Justice Nisar Ahmed Bhanbhro - Ahmed Hussain Shahani , Liaquat Ali Shar",High Court of Sindh,2026,1084,full_judgment,headnote_only,unknown
2026_CLD_322,2026 CLD 322,"Dr. MAQBOOL KHAN VS MIR ALAM JAN KHAN - Honorable Justice Wiqar Ahmad - Barrister Asad ul Mulk and Shakir ud Din , Aamir Javed",Peshawar High Court,2026,523,full_judgment,headnote_only,disposed_of
2026_CLD_329,2026 CLD 329,"USMAN LATIF VS BASHIR JAMIL AND BROTHERS (PRIVATE) LIMITED, SIALKOT - Honorable Justice Muhammad Sajid Mehmood Sethi - Ali Raza Khokhar , Ahmad Rafay Alam",Lahore High Court,2026,1129,full_judgment,headnote_only,unknown
2026_CLD_351,2026 CLD 351,"UNITED INSURANCE COMPANY OF PAKISTAN LIMITED VS PRESIDENT OF PAKISTAN through Secretary - Honorable Justice Inaam Ameen Minhas - Ali Ibrahim and Barrister Faiza Asad , Muhammad Saeed Raja",Islamabad High Court,2026,334,full_judgment,headnote_only,petition_dismissed
2026_CLD_369,2026 CLD 369,"LAHORE DEVELOPMENT AUTHORITY through Chief Engineer-I VS ZAHIR KHAN AND BROTHERS through Chief Executive Officer - Honorable Justice Raheel Kamran - Sahabzada Muzaffar Ali , Bakhtawar Bilal Soofi",Lahore High Court,2026,1291,full_judgment,headnote_only,unknown
2026_CLD_387,2026 CLD 387,"HUNANENG FUYUN PORT AND SHIPPING (PVT.) LTD. VS JIAOZUO CREATION HEAVY INDUSTRY COMPANY LTD. - Honorable Justice Muhammad Iqbal Kalhoro - Farooq H. Naik along with Qaim Ali Shah , Hasan Mandviwalla",High Court of Sindh,2026,415,full_judgment,headnote_only,appeal_dismissed
2026_CLD_402,2026 CLD 402,"MUHAMMAD IQBAL (PARTNER) VS APPELLATE BENCH NO.1 - Honorable Justice Muhammad Faisal Kamal Alam - Barrister Syed Ahsan Ali Shah , Syed Imran Hashmi and Syed Ibad",High Court of Sindh,2026,600,full_judgment,headnote_only,disposed_of
2026_CLD_408,2026 CLD 408,"FEDERATION OF PAKISTAN through Ministry of Water and Power VS SPENCER POWERGEN COMPANY OF PAKISTAN LIMITED - Honorable Justice Miangul Hassan Aurangzeb - Salman Akram Raja , Muhammad Akram Sheikh",Supreme Court of Pakistan,2026,808,full_judgment,headnote_only,unknown
2026_CLD_418,2026 CLD 418,"JUBILEE LIFE INSURANCE COMPANY VS MUHAMMAD MASOOM - Honorable Justice Malik Muhammad Awais Khalid - Muhammad Faisal Malik, Nuzhat Fatima Chaudhry and Ch. Ali Azam , Tanvir Iqbal Khan",Lahore High Court,2026,698,full_judgment,headnote_only,unknown
2026_CLD_426,2026 CLD 426,"GRENLIT STUDIO (PRIVATE) LIMITED VS SECURITIES EXCHANGE COMMISSION OF PAKISTAN - Honorable Justice Muhammad Osman Ali Hadi - Yahya Iqbal , Danish Nayyar and Ms. Javeria Ali",High Court of Sindh,2026,526,full_judgment,headnote_only,petition_dismissed
2026_CLD_432,2026 CLD 432,The BANK OF PUNJAB VS AGRI INTERNATIONAL - Honorable Justice Abid Hussain Chattha - Syed Muhammad Kaswar Gardezi,Lahore High Court,2026,781,full_judgment,headnote_only,unknown
2026_CLD_459,2026 CLD 459,"CAPITAL DEVELOPMENT AUTHORITY (CDA) VS HABIB RAFIQUE (PRIVATE) LIMITED - Honorable Justice Inaam Ameen Minhas - Kashif Ali Malik, Amir Latif Gill and Qaisar Abbas Gondal , Muhammad Masood Khan, Muhammad Zeeshan Younas and Syed Faisal Hussain Shah",Islamabad High Court,2026,1488,full_judgment,headnote_only,remanded
2026_CLD_479,2026 CLD 479,"MANZAR LATIF MIAN VS DEPILEX (PVT.) LTD., through Chief Executive, Ms. Masarrat Misbah - Honorable Justice Ch. Sultan Mahmood - Mehdi Tirmizi , Barrister Munawar us Salam, Barrister Isha Shahid Bilal Hassan and Shuaib Rashid",Lahore High Court,2026,646,full_judgment,headnote_only,unknown
2026_CLD_486,2026 CLD 486,"Mst. JABEEN SHAFIQ VS MUSLIM COMMERCIAL BANK LIMITED - Honorable Justice Muhammad Iqbal Kalhoro - Muhammad Haseeb Jamali, Muzamil Hussain Jalbani, Muhammad Shahrukh Siddiqui and Kashan Khan , Rizwan Ahmed Siddiqui and Barrister Sultan",High Court of Sindh,2026,821,full_judgment,headnote_only,appeal_allowed
2026_CLD_493,2026 CLD 493,"MCB BANK LIMITED VS UZMA TEHREEM - Honorable Justice Naeem Akhter Afghan - Salman Aslam Butt , Muhammad Imran Malik",Supreme Court of Pakistan,2026,707,full_judgment,headnote_only,unknown
2026_CLD_505,2026 CLD 505,"KASHF FOUNDATION VS EXECUTIVE DIRECTOR ADJUDICATION - Saira Sofi , Asima Wajid",High Court,2026,353,full_judgment,headnote_only,disposed_of
2026_CLD_510,2026 CLD 510,STANDARD CHARTERED BANK LIMITED VS WAQAR AHMED CHANDIO - Honorable Justice Muhammad Iqbal Kalhoro - Ghulam Rasool Koari,High Court of Sindh,2026,596,full_judgment,headnote_only,unknown
2026_CLD_517,2026 CLD 517,"PETROSIN CNG (PRIVATE) LIMITED VS MARI ENERGIES LIMITED - Honorable Justice Arbab Muhammad Tahir - Misbah-ul-Mustafa , Sardar Taimoor Aslam Khan, Mian Haseeb Bukhari, Mudassar Abbas and Umar Malik",Islamabad High Court,2026,498,full_judgment,headnote_only,petition_dismissed
2026_CLD_528,2026 CLD 528,"CEDAR CAPITAL (PRIVATE) LIMITED (CCPL) VS COMMISSIONER, SMD, SECP - Yawar Burki , Sohail Qadri",High Court,2026,602,full_judgment,headnote_only,unknown
2026_CLD_533,2026 CLD 533,"Mian WAQAR UD DIN VS UNITED INDUSTRIES LIMITED - Honorable Justice Shahid Karim - Samar Masood Soofi, Ahmad Raza Mirza and Salman Hanif Rajput , Adil Umar Bandial, Sajjad Ali and Taimoor Sultan",Lahore High Court,2026,2020,full_judgment,headnote_only,unknown
2026_CLD_569,2026 CLD 569,BANK ALFALAH LIMITED VS FEDERATION OF PAKISTAN through Presidential Secretariat - Honorable Justice Muhammad Iqbal Kalhoro - Tahmasp Rasheed Rizvi,High Court of Sindh,2026,1018,full_judgment,headnote_only,unknown
2026_CLD_577,2026 CLD 577,"JUBILEE LIFE INSURANCE COMPANY (PVT) LTD VS ARSHAD KHAN - Honorable Justice Wiqar Ahmad - Syed Hamid Ali Shah , Arshad Khan",Peshawar High Court,2026,553,full_judgment,headnote_only,unknown
2026_CLD_589,2026 CLD 589,"UNITED BANK LIMITED through Senior Vice President UBL, Karachi VS SHIRIMATI PUSHPA BAI - Honorable Justice Nisar Ahmed Bhanbhro - Muhammad Hussain Soomro , Liaquat Ali Shar",High Court of Sindh,2026,517,full_judgment,headnote_only,revision_dismissed
2026_CLD_594,2026 CLD 594,"PAK QATAR FAMILY TAKAFUL LTD. VS Ms. ARISHA KANWAL - Honorable Justice Muhammad Karim Khan Agha - Burhan Latif Khaisori , Nemo",High Court,2026,331,full_judgment,headnote_only,leave_refused
2026_CLD_600,2026 CLD 600,"VS - , Tariq Gujjar President and Javed Khan",High Court,2026,1447,full_judgment,headnote_only,unknown
2026_CLD_613,2026 CLD 613,"STANDARD CHARTERED BANK (PAKISTAN) LIMITED VS YAWAR FARUQUI - Honorable Justice Muhammad Osman Ali Hadi - Ijaz Ahmed Zahid , Muhammad Haseeb Jamali",High Court of Sindh,2026,484,full_judgment,headnote_only,appeal_dismissed
2026_CLD_631,2026 CLD 631,"ATLAS HONDA CARS (PAKISTAN) LIMITED VS FEDERATION OF PAKISTAN, through Secretary Ministry of Law and Justice - Honorable Justice Raheel Kamran - Waqqas Ahmad Mir, Hammad Hussain, Usman Khalid, Saifullah Khalid and Ms. Maria Farooq",Lahore High Court,2026,663,full_judgment,headnote_only,appeal_dismissed
2026_CLD_642,2026 CLD 642,"ZHONGZING TELECOM PAKISTAN (PVT.) LIMITED VS The IMPERIAL ELECTRIC COMPANY (PVT.) LIMITED - Honorable Justice Shakeel Ahmad - Qaiser Imam , Muhammad Ali Raza",Supreme Court of Pakistan,2026,769,full_judgment,headnote_only,petition_dismissed
2026_CLD_647,2026 CLD 647,"MUHAMMAD YOUNIS VS CHAIRPERSON INSURANCE TRIBUNAL, MULTAN - Honorable Justice Syed Ahsan Raza Kazmi - Zahoor Ahmad Chaudhry , Kanwar Naveed Ahmad",Lahore High Court,2026,738,full_judgment,headnote_only,unknown
2026_CLD_652,2026 CLD 652,"POWER PROFESSIONALS AND ENGINEERS PRIVATE LIMITED VS IMS ELECTRIC PRIVATE LIMITED - Honorable Justice Muhammad Osman Ali Hadi - Barrister Salman Ahmed , Muhammad Ahmed Masood and Mirza Moiz Baig",High Court of Sindh,2026,378,full_judgment,headnote_only,unknown
2026_CLD_658,2026 CLD 658,"PAKISTAN INTERNATIONAL AIRLINES CORPORATION VS COMPETITION COMMISSION OF PAKISTAN - Honorable Justice Justice (Retd.) Muhammad Junaid Ghaffar - Haroon Bilal Sharif , Hafiz Naeem",Appellate Tribunal,2026,332,full_judgment,headnote_only,appeal_allowed
2026_CLD_667,2026 CLD 667,"Mian ATTIQUE-UR-REHMAN VS EFU LIFE ASSURANCE LIMITED - Honorable Justice Justice (Retd.) Ch. Muhammad Tariq - Rana Sami ul Haq , Rana Rizwan Hussain",Lahore High Court,2026,922,full_judgment,headnote_only,unknown
2026_CLD_681,2026 CLD 681,"HARBIN ELECTRIC INTERNATIONAL COMPANY LIMITED VS NATIONAL POWER PARKS MANAGEMENT COMPANY (PRIVATE) LIMITED - Honorable Justice Asim Hafeez - Muhammad Umer Akram , Waheed Alam",Lahore High Court,2026,498,full_judgment,headnote_only,revision_allowed
2026_CLD_686,2026 CLD 686,"AL GHAZI TRACTORS LIMITED VS COMPETITION COMMISSION OF PAKISTAN - Honorable Justice Justice (Retd.) Muhammad Junaid Ghaffar - Waqas Ahmed Mir , Hafiz Naeem and Haider Afzal",Appellate Tribunal,2026,585,full_judgment,headnote_only,unknown
2026_CLD_690,2026 CLD 690,"TOYOSHIMA & CO. LTD. VS KHAS TEXTILE MILLS (PVT.) LTD. - Honorable Justice Agha Faisal - Ayaz Ali , Muhammad Anas Makhdoom and Ahmed Farhaj",High Court of Sindh,2026,338,full_judgment,headnote_only,disposed_of
2026_CLD_693,2026 CLD 693,"SADIQ FEEDS (PVT.) LTD. VS MEEZAN BANK LIMITED - Honorable Justice Jawad Hassan - Asim Tufail Farooqi, Muhammad Shoaib and Bilal Mehmood Khokhar , Anique Salman Malik",Lahore High Court,2026,350,full_judgment,headnote_only,unknown
2026_CLD_699,2026 CLD 699,"TAHIRA BATOOL VS IGI LIFE INSURANCE - Honorable Justice Justice (Retd.) Ch. Muhammad Tariq, Chairman and Malik Abid Hussain - Usman Ali Butt , Ahsan Kamal",Lahore High Court,2026,582,full_judgment,headnote_only,unknown
2026_CLD_704,2026 CLD 704,"FLOAT SECURITIES PRIVATE LIMITED VS COMMISSIONER (SMD) - Imran Khalil Naseer , Sohail Qadri",High Court,2026,318,full_judgment,headnote_only,unknown
2026_CLD_708,2026 CLD 708,VS -,High Court,2026,438,full_judgment,headnote_only,unknown
2026_CLD_731,2026 CLD 731,"FIRST ISLAMIC MODARABA VS DAWOOD CAPITAL MANAGEMENT LIMITED - Honorable Justice Muhammad Osman Ali Hadi - Taha Abdus Samad and Ms. Vera Awais , Ms. Alizeh Bashir",High Court of Sindh,2026,377,full_judgment,headnote_only,unknown
2026_CLD_749,2026 CLD 749,"The CRESCENT TEXTILE MILLS LIMITED VS SECURITIES AND EXCHANGE COMMISSION OF PAKISTAN (SECP) through Chairman - Honorable Justice Arbab Muhammad Tahir - Shehryar Kasuari , Salman Akram Raja and Malik Abdul Majid",Islamabad High Court,2026,838,full_judgment,headnote_only,unknown
2026_CLD_757,2026 CLD 757,VS -,High Court,2026,538,full_judgment,headnote_only,unknown
2026_CLD_803,2026 CLD 803,"UNITED BANK LIMITED VS PRESIDENT OF THE ISLAMIC REPUBLIC OF PAKISTAN, AIWAN-E-SADAR, ISLAMABAD - Honorable Justice Saman Rafat Imtiaz - Wasim Abid and Muhammad Ahmad , Sajjad Hameed",Islamabad High Court,2026,429,full_judgment,headnote_only,disposed_of
2025_CLD_1,2025 CLD 1,"MUHAMMAD SIDDIQ MIRZA VS STANDARD CHARTERED BANK LIMITED - Honorable Justice Yousuf Ali Sayeed - , Ghulam Rasool Korai",High Court of Sindh,2025,345,full_judgment,headnote_only,appeal_allowed
2025_CLD_15,2025 CLD 15,"STRAWBERRY SPORTS MANAGEMENT (PRIVATE) LIMITED VS FEDERATION OF PAKISTAN through Secretary Finance - Honorable Justice Babar Sattar - Noman Amin Farooqi , Adnan Haider",Islamabad High Court,2025,326,full_judgment,headnote_only,petition_dismissed
2025_CLD_23,2025 CLD 23,"Syed SAULAT HUSSAIN NAQVI VS FEDERATION OF PAKISTAN - Honorable Justice Yousuf Ali Sayeed - Ahmed Masood , Zahid F. Ebrahim",High Court of Sindh,2025,461,full_judgment,headnote_only,petition_dismissed
2025_CLD_29,2025 CLD 29,"Mst. JAMEELA RIAZ VS IGI LIFE INSURANCE through Head of Business and Operation - Honorable Justice Zafar Iqbal Tarar - Shahid Mehmood , Barrister Mian Ahmad Hamad",Lahore High Court,2025,729,full_judgment,headnote_only,unknown
2025_CLD_34,2025 CLD 34,"SIDDIQ MOTI (deceased) through Legal Heirs VS APPELLATE BENCH REGISTRY, SECURITIES AND EXCHANGE COMMISSION OF PAKISTAN, ISLAMABAD - Honorable Justice Babar Sattar - Shezada Mazhar , Shahzad Ali Rana",Islamabad High Court,2025,357,full_judgment,headnote_only,appeal_dismissed
2025_CLD_44,2025 CLD 44,"ADDITIONAL REGISTRAR OF COMPANIES, SECURITIES AND EXCHANGE COMMISSION OF PAKISTAN VS KOH-I-NOOR EDIBLE OILS LIMITED - Honorable Justice Abid Aziz Sheikh - Muhammad Khalil Rana",Lahore High Court,2025,456,full_judgment,headnote_only,unknown
2025_CLD_50,2025 CLD 50,"ABDUL WASIM VS NTN CORPORATION - Honorable Justice Zulfiqar Ahmad Khan - Ms. Naheed Akhtar , Qamaruddin",High Court of Sindh,2025,403,full_judgment,headnote_only,appeal_dismissed
2025_CLD_53,2025 CLD 53,"MUHAMMAD TARIQ VS JUBILEE LIFE INSURANCE - Honorable Justice Justice (Retd.) Ali Akbar Qureshi - Mian Muhammad Aslam , Arshad Farooq Ch. and Sher Dill Shehbaz Khagga",Lahore High Court,2025,1194,full_judgment,headnote_only,petition_allowed
2025_CLD_73,2025 CLD 73,KARACHI CHAMBER OF COMMERCE AND INDUSTRY VS FEDERATION OF PAKISTAN - Honorable Justice Yousuf Ali Sayeed - Khalid Javed,High Court of Sindh,2025,765,full_judgment,headnote_only,unknown
2025_CLD_78,2025 CLD 78,"QATAR LUBRICANTS COMPANY W.L.L. (""QALCO"") VS ATIF NAEEM RANA - Honorable Justice Muhammad Sajid Mehmood Sethi - Iftikhar-ud-Din Riaz, M. Haroon Mumtaz, Ahmad Abdul Rehman , Hafiz Talha",Lahore High Court,2025,517,full_judgment,headnote_only,unknown
2025_CLD_90,2025 CLD 90,SADIQ POULTRY (PRIVATE) LIMITED VS FEDERATION OF PAKISTAN - Honorable Justice Jawad Hassan - Sardar Taimoor Aslam Khan,Lahore High Court,2025,3183,full_judgment,headnote_only,unknown
2025_CLD_111,2025 CLD 111,"MOHSIN ABBAS VS SUZUKI MOTORS COMPANY LTD. - Honorable Justice Arbab Muhammad Tahir - Sajjad Haider Malik , Shahryar Tariq and Muhammad Taimoor Khan",Islamabad High Court,2025,643,full_judgment,headnote_only,appeal_allowed
2025_CLD_122,2025 CLD 122,"Mst. RAZIA BEGUM VS PUBLIC AT LARGE - Honorable Justice Ahmad Nadeem Arshad - Muhammad Alamgir Khan , Akhtar Saeed Bhatti",Lahore High Court,2025,1984,full_judgment,headnote_only,unknown
2025_CLD_133,2025 CLD 133,"The GOVERNMENT OF KHYBER PAKHTUNKHWA through Chief Secretary, Peshawar VS HMA PUMPS (PVT.) LTD. PESHAWAR CANTT. - Honorable Justice Syed Arshad Ali - Yasir Khalid , Barrister Muhammad Yaseen Raza Khan and Barrister Muhammad Ibrahim Khan Afridi",Peshawar High Court,2025,683,full_judgment,headnote_only,unknown
2025_CLD_138,2025 CLD 138,"STACO-SHAHID BUILDERS JOINT VENTURE (JV) VS LAHORE CANTONMENT BOARD - Honorable Justice Ahmad Nadeem Arshad - Zahid Saleem , Shahzada Muzaffar Ali with Sidra Azmat and Hanan Masood",Lahore High Court,2025,714,full_judgment,headnote_only,appeal_dismissed
2025_CLD_160,2025 CLD 160,"AL-MAKKAH PRESS (PVT.) LTD. VS STANDARD CHARTERED BANK (PAKISTAN) LIMITED - Honorable Justice Ch. Muhammad Iqbal - Muhammad Riaz , Nemo",Lahore High Court,2025,830,full_judgment,headnote_only,unknown
2025_CLD_181,2025 CLD 181,"AJMAL VS S.D.O, PESCO SUB-DIVISION, NOWSHERA CANTT-01 - Honorable Justice S M Attique Shah - Muhammad Umar Saeed , Hamid Ali",Peshawar High Court,2025,325,full_judgment,headnote_only,appeal_allowed
2025_CLD_193,2025 CLD 193,"SHOW-CAUSE NOTICE ISSUED TO M/S 3N-LIFEMED PHARMACEUTICALS VS M/S. RENACON PHARMA LTD. FOR DECEPTIVE MARKETING PRACTICES - Shahid Rafique Sheikh , Faizan Saleem",High Court,2025,609,full_judgment,headnote_only,unknown
2025_CLD_241,2025 CLD 241,"SPACECOM INTERNATIONAL, LLC VS WATEEN TELECOM LIMITED - Honorable Justice Shahid Karim - Sameer Khosa, Momal Malik and Hammad Hussain , Salman Akram Raja, Muhammad Umer Akram Chaudhry, Muhammad Ali Talib and Muhammad Hammad Amin and Waheed Ahmad",Lahore High Court,2025,502,full_judgment,headnote_only,unknown
2002_PLD_SC_510,PLD 2002 SC 510,Haji Muhammad Ismail v. Crescent Investment Bank Ltd.,Supreme Court of Pakistan,2002,305,full_judgment,headnote_only,unknown
2017_CLD_847,2017 CLD 847,Mansoor Ali v. Peshawar Particle Board Industries (Pvt.) Ltd.,Peshawar High Court,2017,306,full_judgment,headnote_only,unknown
2001_CLD_1374,2001 CLD 1374,Shafiq Ahmad v. Elite Publishers (Pvt.) Ltd.,High Court of Sindh,2001,310,full_judgment,headnote_only,disposed_of
2017_SCMR_1218,2017 SCMR 1218,Syed Mushahid Shah and others v. Federal Investigation Agency and others,Supreme Court of Pakistan,2017-01-01,1233,full_judgment,headnote_only,unknown
1986_PLD_310,1986 PLD 310,Asseff Ahmad Ali v. Muhammad Khan Junejo -  Lahore-High-Court-Lahore,Court of Record,1986-01-01,473,full_judgment,headnote_only,unknown
1986_PLD_298,1986 PLD 298,Basra v. Abdul Hakim -  Quetta-High-Court-Balochistan,Court of Record,1986-01-01,332,full_judgment,headnote_only,unknown
1986_PLD_305,1986 PLD 305,Rahm Din v. Collectorcentral Ewxcise And Land Customs -  Quetta-High-Court-Balochistan,Court of Record,1986-01-01,389,full_judgment,headnote_only,unknown
1986_PLD_327,1986 PLD 327,Zarif Ahmad Khan v. Province Of Punjab -  Lahore-High-Court-Lahore,Court of Record,1986-01-01,346,full_judgment,headnote_only,unknown
1986_PLD_333,1986 PLD 333,Administrator General Punjab v. M. Stanley Charies William Rose -  Lahore-High-Court-Lahore,Court of Record,1986-01-01,357,full_judgment,headnote_only,unknown
1986_PLD_346,1986 PLD 346,Rafhan Maize Products Company Ltd v. Monopoly Control Authority -  Lahore-High-Court-Lahore,Court of Record,1986-01-01,690,full_judgment,headnote_only,unknown
1986_PLD_360,1986 PLD 360,Government Of N.W.F.P. v. Said Kamal Shah,Court of Record,1986-01-01,530,full_judgment,headnote_only,unknown
1986_PLD_365,1986 PLD 365,"Abaseen International Ltd v. Additional Controller Of Rent, Clifton Cantonment, Karachi -  Karachi-High-Court-Sindh",Court of Record,1986-01-01,388,full_judgment,headnote_only,unknown
1986_PLD_369,1986 PLD 369,Allied Bank Of Pakistan Ltd v. Tahir Traders -  Karachi-High-Court-Sindh,Court of Record,1986-01-01,319,full_judgment,headnote_only,unknown
1986_PLD_390,1986 PLD 390,F. Brummel v. The State -  Karachi-High-Court-Sindh,Court of Record,1986-01-01,441,full_judgment,headnote_only,unknown
1986_PLD_393,1986 PLD 393,Hashwani Sales & Services Limited v. Karachi Building Control Authority -  Karachi-High-Court-Sindh,Court of Record,1986-01-01,511,full_judgment,headnote_only,unknown
1986_PLD_402,1986 PLD 402,Ramzan Bibi v. Ahmed Din -  Lahore-High-Court-Lahore,Court of Record,1986-01-01,386,full_judgment,headnote_only,unknown
1986_PLD_417,1986 PLD 417,Naseebullah Khan v. The State -  Karachi-High-Court-Sindh,Court of Record,1986-01-01,799,full_judgment,headnote_only,unknown
2011_PLD_494,2011 PLD 494,"Independent Music Group, Smc (Pvt) Ltd. v. Federation Of Pakistan Through Secretary Ministry Of Interior, Islamabad",Court of Record,2011-01-01,380,full_judgment,headnote_only,unknown
2011_PLD_458,2011 PLD 458,Zulfiqar Ali v. Mst. Yasmeen Mukarram,Court of Record,2011-01-01,462,full_judgment,headnote_only,unknown
2011_PLD_463,2011 PLD 463,Shahid Orakzai v. Province Of Punjab Through Chief Secretary,Court of Record,2011-01-01,419,full_judgment,headnote_only,petition_dismissed
2011_PLD_497,2011 PLD 497,"Muhammad Iqbal v. Additional District Judge, Rahimyar Khan",Court of Record,2011-01-01,393,full_judgment,headnote_only,appeal_dismissed
2011_PLD_504,2011 PLD 504,Abdul Hameed v. The State,Court of Record,2011-01-01,344,full_judgment,headnote_only,unknown
1998_PLC(CS)_17,1998 PLC(CS) 51,SHAMAILA MAHMOOD v. MUKHTAR AHMAD,Supreme-Court-Azad-Kashmir,1997-05-22,5258,full_judgment,headnote_only,appeal_dismissed
1998_PLC(CS)_20,1998 PLC(CS) 79,"MANAGING COMMITTEE, P.A.F. MODEL INTER","College, Sargodha Vs Muhammad Pervaiz Akhtar - Supreme-Court",1997-07-25,3254,full_judgment,headnote_only,appeal_dismissed
2011_PLD_508,2011 PLD 508,Mst. Khadija v. Ibrahim,Court of Record,2011-01-01,425,full_judgment,headnote_only,unknown
2011_PLD_514,2011 PLD 514,Dr. Naheed Fatima v. Pakistan International Air Corporation (Piac) Through Chairman,Court of Record,2011-01-01,650,full_judgment,headnote_only,unknown
2011_PLD_524,2011 PLD 524,Reza Iqbal v. Royal Group,Court of Record,2011-01-01,360,full_judgment,headnote_only,unknown
2011_PLD_534,2011 PLD 534,Wajid Asgher Cheema v. Mst. Anshka,Court of Record,2011-01-01,388,full_judgment,headnote_only,petition_allowed
2011_PLD_540,2011 PLD 540,Hafiz Shaikh Anwar-Ul-Haque v. Jehan Khan,Court of Record,2011-01-01,337,full_judgment,headnote_only,appeal_allowed
2011_PLD_569,2011 PLD 569,Syeda Adrish v. Syed Anwar-Ul-Haq,Court of Record,2011-01-01,352,full_judgment,headnote_only,unknown
2011_PLD_539,2011 PLD 539,Mst. Taniya Syed v. Sheikh Imran Jalil,Court of Record,2011-01-01,331,full_judgment,headnote_only,petition_allowed
1998_PLC(CS)_24,1998 PLC(CS) 100,ATTA ULLAH v. SHABBIR AHMAD CHUGHTAI,Supreme Court of Pakistan,1997-01-12,1351,full_judgment,headnote_only,leave_refused
1998_PLC(CS)_25,1998 PLC(CS) 103,"DIRECTOR OF EDUCATION (SCHOOLS), LAHORE REGION, LAHORE v. MUHAMMAD ABBAS",Supreme Court of Pakistan,1997-02-24,1113,full_judgment,headnote_only,leave_refused
2011_PLD_544,2011 PLD 544,Rana Nasarullah v. The State,Court of Record,2011-01-01,426,full_judgment,headnote_only,unknown
2011_PLD_548,2011 PLD 548,Mst. Choto v. Muhammad Ashraf,Court of Record,2011-01-01,323,full_judgment,headnote_only,unknown
2011_PLD_551,2011 PLD 551,"Muhammad Shafi v. Additional Sessions Judge, Kharian District Gujrat",Court of Record,2011-01-01,349,full_judgment,headnote_only,petition_allowed
2011_PLD_559,2011 PLD 559,Habibullah v. Province Of Sindh Through Secretary Revenue,Court of Record,2011-01-01,345,full_judgment,headnote_only,unknown
2011_PLD_563,2011 PLD 563,"Samina Kanwal v. Director Punjab Forestry Research Institute, Faisalabad",Court of Record,2011-01-01,451,full_judgment,headnote_only,unknown
1976_PLD_608,1976 PLD 608,Manzoor Ahmad Malik v. Judges Of The Lahore High Court,Court of Record,1976-01-01,3629,full_judgment,headnote_only,unknown
2011_PLD_579,2011 PLD 579,"Mst. Noreen Ashiq v. Additional District Judge, Kharian",Court of Record,2011-01-01,324,full_judgment,headnote_only,unknown
2011_PLD_657,2011 PLD 657,Lal Khan v. Muhammad Yousaf,Court of Record,2011-01-01,426,full_judgment,headnote_only,unknown
2011_PLD_799,2011 PLD 799,Suo Motu Case No.10 Of 2011 v. Brutal Killing Of A Youngman By Rangers,Court of Record,2011-01-01,525,full_judgment,headnote_only,unknown
2011_PLD_905,2011 PLD 905,Muhammad Ashraf Butt v. Muhammad Asif Bhatti,Court of Record,2011-01-01,392,full_judgment,headnote_only,unknown
2011_PLD_605,2011 PLD 605,"Sahiba Dost v. Chairman Admission Board/Vice-Chancellor, Uhs, Lahore",Court of Record,2011-01-01,305,full_judgment,headnote_only,petition_dismissed
2011_PLD_615,2011 PLD 615,Syed Mumtaz Hussain v. Mst. Nazima Naqvi,Court of Record,2011-01-01,404,full_judgment,headnote_only,petition_allowed
2011_PLD_620,2011 PLD 620,Shahid Siddique v. Sharja National Travels And Tourist Agency,Court of Record,2011-01-01,335,full_judgment,headnote_only,appeal_allowed
2011_PLD_633,2011 PLD 633,"Akif Shoaib v. Province Of Sindh Through Secretary, Home Department, Karachi",Court of Record,2011-01-01,479,full_judgment,headnote_only,unknown
2011_PLD_676,2011 PLD 676,Dr. Muhammad Shahid Mian v. Faiz-Ur-Rehman Faizi,Court of Record,2011-01-01,437,full_judgment,headnote_only,appeal_dismissed
2011_PLD_752,2011 PLD 752,Federation Of Pakistan Through Secretary Ministry Of Law v. Munir Hussain Bhatti,Court of Record,2011-01-01,422,full_judgment,headnote_only,unknown
2011_PLD_805,2011 PLD 805,Independent Music Group Smc (Pvt.) Ltd v. Federation Of Pakistan,Court of Record,2011-01-01,419,full_judgment,headnote_only,unknown
2011_PLD_821,2011 PLD 821,"Suo Motu Case No. 18 Of 2010 v. Violation Of Public Procurement Rules, 2004",Court of Record,2011-01-01,410,full_judgment,headnote_only,unknown
2011_PLD_835,2011 PLD 835,Maulana Abdul Haq Baloch v. Government Of Balochistan Through Secretary Industries And Mineral Development,Court of Record,2011-01-01,330,full_judgment,headnote_only,unknown
2011_PLD_916,2011 PLD 916,Syed Hassan Mehdi v. Province Of Punjab,Court of Record,2011-01-01,391,full_judgment,headnote_only,unknown
2011_PLD_1144,2011 PLD 1144,Ghani-Ur-Rehman v. National Accountability Bureau,Court of Record,2011-01-01,530,full_judgment,headnote_only,appeal_allowed
1998_PLC(CS)_27,1998 PLC(CS) 110,MUHAMMAD ASHRAF KHAN KAYANI v. AZAD GOVERNMENT OF THE STATE OF JAMMU AND KASHMIR,Supreme-Court-Azad-Kashmir,1996-02-17,6123,full_judgment,headnote_only,appeal_dismissed
1998_PLC(CS)_28,1998 PLC(CS) 122,SHAHID JAVED v. GOVERNMENT OF THE PUNJAB,Lahore High Court,1997-08-22,1951,full_judgment,headnote_only,unknown
1998_PLC(CS)_29,1998 PLC(CS) 127,MUHAMMAD SARWAR v. MUHAMMAD SHARIF CHATTER,Supreme-Court-Azad-Kashmir,1995-04-09,2213,full_judgment,headnote_only,appeal_allowed
1998_PLC(CS)_30,1998 PLC(CS) 132,REHMAT ULLAH ZIA v. AZIZ,Ud-Din Qureshi - Supreme-Court-Azad-Kashmir,1990-08-20,3556,full_judgment,headnote_only,appeal_allowed
1998_PLC(CS)_31,1998 PLC(CS) 141,ABID HUSSAIN JAFRI v. AZAD GOVERNMENT,Supreme-Court-Azad-Kashmir,1992-01-18,1590,full_judgment,headnote_only,appeal_dismissed
2010_PLD_16,2010 PLD 16,"Abdul Rehman v. Provincial Transport Authority, Balochistan Through Chairman",Court of Record,2010-01-01,312,full_judgment,headnote_only,unknown
2010_PLD_6,2010 PLD 6,Niaz Muhammad v. Province Of Sindh Through Secretary Forest,Court of Record,2010-01-01,318,full_judgment,headnote_only,disposed_of
2010_PLD_10,2010 PLD 10,Waqar Ahmad v. Nomina Akhtar,Court of Record,2010-01-01,524,full_judgment,headnote_only,unknown
2010_PLD_12,2010 PLD 12,"Azad Jammu And Kashmir Council Through Secretary v. Paidar Builders (Pvt.) Ltd. Through Engineer, Chief Executive",Court of Record,2010-01-01,364,full_judgment,headnote_only,unknown
2010_PLD_17,2010 PLD 17,Haji Abdul Karim v. Florida Builders (Pvt.) Ltd.,Court of Record,2010-01-01,422,full_judgment,headnote_only,appeal_dismissed
1984_PLC(CS)_772,1984 PLC(CS) 1528,Case #772 (1984 PLC(CS) 1528),Honorable Justice Muhammad Abdul Ghafoor Khan Lodhi - Labour-Appellate-Tribunal-Punjab,1984-05-23,547,full_judgment,headnote_only,appeal_dismissed
2010_PLD_23,2010 PLD 23,Sabir Sultan v. Ghulam Murtaza,Court of Record,2010-01-01,348,full_judgment,headnote_only,unknown
2010_PLD_33,2010 PLD 33,Muhammad Anwar v. Abdul Hameed,Court of Record,2010-01-01,322,full_judgment,headnote_only,appeal_allowed
1986_PLD_464,1986 PLD 464,"United Bank Ltd. v. President, Bazm-E-Salat -  Karachi-High-Court-Sindh",Court of Record,1986-01-01,313,full_judgment,headnote_only,unknown
1986_PLD_482,1986 PLD 482,Philip Morris Incorporated v. Lakson Tobacco Company Ltd. -  Karachi-High-Court-Sindh,Court of Record,1986-01-01,301,full_judgment,headnote_only,unknown
1976_PLD_396,1976 PLD 396,Muhammad Ajmal Khan v. Muhammat Shafaat -  Lahore-High-Court-Lahore,Court of Record,1976-01-01,44519,full_judgment,headnote_only,unknown
1986_PLD_489,1986 PLD 489,Qaiser Ali v. Karachi Road Transport Corporation -  Karachi-High-Court-Sindh,Court of Record,1986-01-01,533,full_judgment,headnote_only,unknown
1976_PLD_422,1976 PLD 422,Ayub Khan v. Fazal Haq,Court of Record,1976-01-01,4736,full_judgment,headnote_only,unknown
1986_PLD_548,1986 PLD 548,Salahuddin v. The State,Court of Record,1986-01-01,360,full_judgment,headnote_only,unknown
1986_PLD_574,1986 PLD 574,Ali Mohataram Naqvi v. Cogefar-Astaldi Sidmail -  Karachi-High-Court-Sindh,Court of Record,1986-01-01,761,full_judgment,headnote_only,unknown
1986_PLD_663,1986 PLD 663,Akhtar Hussain Zaidi v. Abdul Majeed -  Lahore-High-Court-Lahore,Court of Record,1986-01-01,494,full_judgment,headnote_only,unknown
1986_PLD_673,1986 PLD 673,Mehraj Din v. Lahore Improvement Trust Lahore,Court of Record,1986-01-01,327,full_judgment,headnote_only,disposed_of
1986_PLD_690,1986 PLD 690,Saeed Ahmad Hamdani v. Muhammad Irfan,Court of Record,1986-01-01,393,full_judgment,headnote_only,leave_granted
1986_PLD_698,1986 PLD 698,Junaid Ahmad Soomro v. Mehboob Ali Bhayo,Court of Record,1986-01-01,337,full_judgment,headnote_only,unknown
1986_PLD_741,1986 PLD 741,Ghulam Ali v. The State,Court of Record,1986-01-01,556,full_judgment,headnote_only,unknown
1985_PLD_7,1985 PLD 7,Amanullah Khan v. Abdul Ghaffar -  Karachi-High-Court-Sindh,Court of Record,1985-01-01,303,full_judgment,headnote_only,unknown
1985_PLD_21,1985 PLD 21,Mackinnon Kackenzie & Co v. Secretaty To The Govt. Of Pakistan Ministry Of Labour Manpower And Overseas Pakistanis -  Karachi-High-Court-Sindh,Court of Record,1985-01-01,451,full_judgment,headnote_only,unknown
1985_PLD_63,1985 PLD 63,"Nek Muhammad v. Member, Board Of Revenue (Judicial), Quetta -  Quetta-High-Court-Balochistan",Court of Record,1985-01-01,332,full_judgment,headnote_only,unknown
1985_PLD_68,1985 PLD 68,Muhammad Ismail v. The State -  Lahore-High-Court-Lahore,Court of Record,1985-01-01,336,full_judgment,headnote_only,unknown
1985_PLD_82,1985 PLD 82,"Collector, Central Excise And Land Customs v. Aslam Ali Shah",Court of Record,1985-01-01,323,full_judgment,headnote_only,leave_granted
1985_PLD_92,1985 PLD 92,Yousaf Salim Chishti v. Govt. Of The Punjab -  Lahore-High-Court-Lahore,Court of Record,1985-01-01,336,full_judgment,headnote_only,unknown
1985_PLD_552,1985 PLD 552,Abdul Karim v. Ali Gauhar -  Lahore-High-Court-Lahore,Court of Record,1985-01-01,337,full_judgment,headnote_only,unknown
1985_PLD_121,1985 PLD 121,Abdur Rehman Sherwani v. Abdul Ghias Nausherwani -  Quetta-High-Court-Balochistan,Court of Record,1985-01-01,499,full_judgment,headnote_only,unknown
1985_PLD_123,1985 PLD 123,Akbari Begum v. The State -  Lahore-High-Court-Lahore,Court of Record,1985-01-01,347,full_judgment,headnote_only,unknown
1983_PLC(CS)_15,1983 PLC(CS) 37,MUHAMMAD SALEEM KHAN v. D. I.,"G. Of Police, Multan - Honorable Justice Malik Zawwar Hussain - Service-Tribunal-Punjab",1982-10-17,1292,full_judgment,headnote_only,appeal_dismissed
1985_PLD_152,1985 PLD 152,Ghulam Ali v. Muhammad Hussain Kathawala -  Karachi-High-Court-Sindh,Court of Record,1985-01-01,301,full_judgment,headnote_only,unknown
1985_PLD_153,1985 PLD 153,Muhammad Buta v. Habib Ahmad,Court of Record,1985-01-01,398,full_judgment,headnote_only,leave_granted
1985_PLD_159,1985 PLD 159,"Inspector-General Of Police, Punjab, Lahore v. Mushtaq Ahmad Warraich",Court of Record,1985-01-01,435,full_judgment,headnote_only,unknown
1985_PLD_165,1985 PLD 165,Fauzia Hussain v. Khadim Hussain -  Lahore-High-Court-Lahore,Court of Record,1985-01-01,457,full_judgment,headnote_only,unknown
1983_PLC(CS)_16,1983 PLC(CS) 40,"ANWAR MEHTAB ZAIDI v. THE SECRETARY TO GOVERNMENT OF THE PUNJAB, LABOUR",Honorable Justice Abdul Hamid Chaudhry - Service-Tribunal-Punjab,1982-08-08,777,full_judgment,headnote_only,appeal_dismissed
1985_PLD_185,1985 PLD 185,"Mujtaba Ahmad v. Chief Settlement Commissioner, Punjab Board Of Revenue -  Lahore-High-Court-Lahore",Court of Record,1985-01-01,321,full_judgment,headnote_only,unknown
1985_PLD_187,1985 PLD 187,Mahmood Ahmed v. Tribunal/S. D. M. City Hyderabad -  Karachi-High-Court-Sindh,Court of Record,1985-01-01,367,full_judgment,headnote_only,unknown
1985_PLD_191,1985 PLD 191,Abdul Majid v. Azhar Ali Shah,Court of Record,1985-01-01,541,full_judgment,headnote_only,unknown
1976_PLD_1576,1976 PLD 1576,Abdul Ghafoo v. The State -  Lahore-High-Court-Lahore,Court of Record,1976-01-01,539,full_judgment,headnote_only,unknown
1959_PLD_425,1959 PLD 480,SHER HASSAN v. THE STATE,Supreme Court of Pakistan,1959-10-07,2341,full_judgment,headnote_only,unknown
1985_PLD_201,1985 PLD 201,Pak Army Furnishing Stores v. Ali Akbar Rizvi -  Karachi-High-Court-Sindh,Court of Record,1985-01-01,462,full_judgment,headnote_only,unknown
1984_PLD_14,1984 PLD 14,Rajab Ali v. Darius B. Kandawalla -  Karachi-High-Court-Sindh,Court of Record,1984-01-01,304,full_judgment,headnote_only,unknown
1984_PLD_17,1984 PLD 17,Mst. Nemat Bibi v. The State -  Federal-Shariat-Court,Court of Record,1984-01-01,338,full_judgment,headnote_only,unknown
1984_PLD_24,1984 PLD 24,Abdul Ghaffar v. Province Of Baluchistan -  Quetta-High-Court-Balochistan,Court of Record,1984-01-01,466,full_judgment,headnote_only,unknown
1984_PLD_48,1984 PLD 48,Mumtaz Ahmad v. The Stae -  Lahore-High-Court-Lahore,Court of Record,1984-01-01,336,full_judgment,headnote_only,unknown
1977_PLD_1064,1977 PLD 1064,Muhammad Yousuf v. Pakistan -  Karachi-High-Court-Sindh,Court of Record,1977-01-01,2734,full_judgment,headnote_only,petition_allowed
1984_PLD_62,1984 PLD 62,Farman Ali v. Deputy Commissioner Sanghar -  Karachi-High-Court-Sindh,Court of Record,1984-01-01,303,full_judgment,headnote_only,unknown
1984_PLD_73,1984 PLD 73,Salamullah v. The State -  Karachi-High-Court-Sindh,Court of Record,1984-01-01,340,full_judgment,headnote_only,unknown
1984_PLD_80,1984 PLD 80,"Muhammad Rafiq v. Registrar, Co-Operative Societies, Baluchistan -  Quetta-High-Court-Balochistan",Court of Record,1984-01-01,310,full_judgment,headnote_only,unknown
1998_PLC(CS)_46,1998 PLC(CS) 252,"ASLAM ALI SABZWARI v. GOVERNMENT OF THE PUNJAB LOCAL GOVERNMENT AND RURAL DEVELOPMENT, LAHORE",Lahore High Court,1998-01-01,581,full_judgment,headnote_only,petition_dismissed
1984_PLD_92,1984 PLD 92,Chagi v. Bachoo -  Quetta-High-Court-Balochistan,Court of Record,1984-01-01,641,full_judgment,headnote_only,remanded
1984_PLD_97,1984 PLD 97,Muhammad Ali v. Sakar Khanoo Bai -  Karachi-High-Court-Sindh,Court of Record,1984-01-01,386,full_judgment,headnote_only,unknown
1984_PLD_121,1984 PLD 121,Mujeeb-Ur-Rehman v. Federal Goverment Of Pakistan Through Attorney-General Of Pakistan -  Federal-Shariat-Court,Court of Record,1984-01-01,340,full_judgment,headnote_only,disposed_of
2010_PLD_260,2010 PLD 260,Wateen Telecom (Private) Ltd. v. P. T. A.,Court of Record,2010-01-01,311,full_judgment,headnote_only,petition_allowed
2010_PLD_265,2010 PLD 265,Dr. Mobashir Hassan v. Federation Of Pakistan,Court of Record,2010-01-01,4391,full_judgment,headnote_only,unknown
2010_PLD_281,2010 PLD 281,"Muhammad Usman v. Additional District Jcdge, Lahore",Court of Record,2010-01-01,483,full_judgment,headnote_only,unknown
1998_PLC(CS)_47,1998 PLC(CS) 254,"MUHAMMAD NASIR KHAN v. DISTRICT AND SESSIONS JUDGE,KHANEWAL",Lahore High Court,1997-05-30,1490,full_judgment,headnote_only,petition_allowed
1998_PLC(CS)_49,1998 PLC(CS) 264,ABDULLAH CHAUHAN v. NATIONAL BANK OF PAKISTAN,High Court of Sindh,1997-10-24,2285,full_judgment,headnote_only,unknown
2010_PLD_213,2010 PLD 213,Raja Abdul Hameed v. Shehri-Cbe Through Vice-Chairperson,Court of Record,2010-01-01,402,full_judgment,headnote_only,unknown
2010_PLD_215,2010 PLD 215,Muhammad Shahid Sahil v. The State,Court of Record,2010-01-01,486,full_judgment,headnote_only,unknown
2010_PLD_218,2010 PLD 218,"Zahid Saeed v. City District Government, Karachi Through District Coordination Officer",Court of Record,2010-01-01,387,full_judgment,headnote_only,unknown
2010_PLD_274,2010 PLD 274,Digital World Pakistan (Pvt.) Ltd. Through Chief Executive v. Samsung Gulf Electronics Fze Through Managing Director/Chief Executive Officer,Court of Record,2010-01-01,446,full_judgment,headnote_only,unknown
2010_PLD_394,2010 PLD 394,Sami Ul Haq Khilji v. Ali Raza Rizvi,Court of Record,2010-01-01,601,full_judgment,headnote_only,revision_allowed
2010_PLD_400,2010 PLD 400,Muhammad Akram Shaikh v. Pak Libya Holding Company (Pvt.) Ltd. Through Authorized Officer,Court of Record,2010-01-01,570,full_judgment,headnote_only,unknown
1998_PLC(CS)_53,1998 PLC(CS) 292,ZABEDA BEGUM v. AZAD GOVERNMENT OF THE STATE OF JAMMU AND KASHMIR,Supreme-Court-Azad-Kashmir,1998-01-01,2666,full_judgment,headnote_only,remanded
1998_PLC(CS)_54,1998 PLC(CS) 298,"MUHAMMAD TAJRIAN v. SECRETARY, ESTABLISHMENT DIVISION, GOVERNMENT OF PAKISTAN, ISLAMABAD",Supreme Court of Pakistan,1996-06-19,701,full_judgment,headnote_only,leave_refused
1998_PLC(CS)_55,1998 PLC(CS) 300,"MUHAMMAD RIAZ, DIRECTOR","General, Pakistan Public Works Department, Government Of Pakistan, Islamabad Vs Murid Ahmad Balucli, Executive Engineer, Project Civil Division,Pak. P.W.D., Sahiwal - Supreme-Court",1997-03-31,620,full_judgment,headnote_only,petition_dismissed
2010_PLD_300,2010 PLD 300,"Malik Muhammad Shoaib Bhutta, Editor, Daily Tulou, Islamabad v. Abdul Aziz Mohmand",Court of Record,2010-01-01,580,full_judgment,headnote_only,petition_dismissed
2010_PLD_308,2010 PLD 308,"Mst. Rahmat v. Additional District Judge-Ii, Muzaffargarh",Court of Record,2010-01-01,382,full_judgment,headnote_only,disposed_of
2010_PLD_312,2010 PLD 312,Sajid Mahdi v. Nazir Ahmed,Court of Record,2010-01-01,387,full_judgment,headnote_only,unknown
1998_PLC(CS)_56,1998 PLC(CS) 302,"AKHTAR HUSSAIN, EX","M.O., Pims, Islamabad Vs Executive Director, Pims, Islamabad - Supreme-Court",1997-06-02,814,full_judgment,headnote_only,leave_granted
1998_PLC(CS)_57,1998 PLC(CS) 304,"ABDUL RASHID v. DISTRICT EDUCATION OFFICER (SECONDARY), MUZAFFARABAD",Supreme-Court-Azad-Kashmir,1997-11-05,2429,full_judgment,headnote_only,appeal_allowed
1959_PLD_426,1959 PLD 482,M. A. KHANDEKAR AND OTHERS v. PAKISTAN,Lahore High Court,1959-04-02,3846,full_judgment,headnote_only,unknown
2010_PLD_326,2010 PLD 326,"State v. Inspector-General Of Police, Punjab",Court of Record,2010-01-01,378,full_judgment,headnote_only,unknown
2010_PLD_332,2010 PLD 332,Maqbool Ahmed v. District Officer (R),Court of Record,2010-01-01,442,full_judgment,headnote_only,unknown
2010_PLD_349,2010 PLD 349,"Rahm Dad v. Managing Director, Fauji Foundation, Rawalpindi Cantt.",Court of Record,2010-01-01,352,full_judgment,headnote_only,unknown
2010_PLD_413,2010 PLD 413,Rao Dil Jan Khan v. Dr. Muhammad Younis,Court of Record,2010-01-01,363,full_judgment,headnote_only,unknown
2010_PLD_384,2010 PLD 384,Ghulam Rasool v. The State,Court of Record,2010-01-01,473,full_judgment,headnote_only,unknown
2010_PLD_452,2010 PLD 452,Fabnus Construction (Pvt.) Ltd. Through Chief Executive/Director v. Iftikhar Ahmad,Court of Record,2010-01-01,428,full_judgment,headnote_only,revision_allowed
2010_PLD_498,2010 PLD 498,State v. Mst. Fazeelat Bibi,Court of Record,2010-01-01,1224,full_judgment,headnote_only,unknown
2010_PLD_585,2010 PLD 585,Muhammad Ramzan v. Rahib,Court of Record,2010-01-01,466,full_judgment,headnote_only,unknown
2010_PLD_487,2010 PLD 487,Hamid Ghani v. Muhammad Basit Siddiqui,Court of Record,2010-01-01,422,full_judgment,headnote_only,revision_dismissed
2010_PLD_569,2010 PLD 569,Ghulam Murtaza v. Mst. Asia Bibi,Court of Record,2010-01-01,377,full_judgment,headnote_only,appeal_dismissed
2010_PLD_608,2010 PLD 608,Ghulam Farid v. Mehmood Akhtar,Court of Record,2010-01-01,345,full_judgment,headnote_only,appeal_dismissed
2010_PLD_657,2010 PLD 657,Hassan Akhtar v. Azhar Hameed,Court of Record,2010-01-01,587,full_judgment,headnote_only,unknown
1998_PLC(CS)_58,1998 PLC(CS) 309,"FAKHERA T. ABBASI, S.O. FINANCE DIVISION, ISLAMABAD v. SECRETARY, ESTABLISHMENT DIVISION, ISLAMABAD",Supreme Court of Pakistan,1996-06-03,807,full_judgment,headnote_only,leave_granted
2010_PLD_612,2010 PLD 612,Mir Shakeelur Rehman v. Yahya Bakhtiar,Court of Record,2010-01-01,331,full_judgment,headnote_only,appeal_allowed
2010_PLD_654,2010 PLD 654,"Home Department, Government Of Punjab Through Secretary v. Mian Irshad Hussain",Court of Record,2010-01-01,448,full_judgment,headnote_only,unknown
2010_PLD_676,2010 PLD 676,Pakistan International Airline Corporation v. Tanweer-Ur-Rehman,Court of Record,2010-01-01,1138,full_judgment,headnote_only,unknown
2010_PLD_707,2010 PLD 707,Marathon Construction Company (Pvt.) Ltd. v. Oil And Gas Development Company Ltd.,Court of Record,2010-01-01,485,full_judgment,headnote_only,disposed_of
2010_PLD_691,2010 PLD 691,Rai Ashraf v. Muhammad Saleem Bhatti,Court of Record,2010-01-01,347,full_judgment,headnote_only,unknown
2010_PLD_725,2010 PLD 725,Shahabuddin v. The State,Court of Record,2010-01-01,519,full_judgment,headnote_only,unknown
2010_PLD_745,2010 PLD 745,Land Acquisition Collector v. Muhammad Nawaz,Court of Record,2010-01-01,308,full_judgment,headnote_only,unknown
2010_PLD_759,2010 PLD 759,"Human Rights Cases Nos.4668 Of 2006, 1111 Of 2007 And 15283-G Of 2010 Vs",Court of Record,2010-01-01,2128,full_judgment,headnote_only,unknown
2010_PLD_806,2010 PLD 806,"Justice Hasnat Ahmed Khan v. Registrar, Supreme Court Of Pakistan",Court of Record,2010-01-01,443,full_judgment,headnote_only,unknown
2010_PLD_817,2010 PLD 817,Nawabzada Iftikhar Ahmad Khan Bar v. Chief Election Commissioner Islamabad,Court of Record,2010-01-01,847,full_judgment,headnote_only,unknown
2010_PLD_841,2010 PLD 841,"Abid Iqbal Hafiz v. Secretary; Public Prosecution Department, Government Of The Punjab, Lahore",Court of Record,2010-01-01,757,full_judgment,headnote_only,disposed_of
1984_PLD_147,1984 PLD 147,Spinzer Snacks v. Anjum A. Rab -  Karachi-High-Court-Sindh,Court of Record,1984-01-01,374,full_judgment,headnote_only,unknown
1984_PLD_155,1984 PLD 155,Mogul Tobacco Company Ltd. v. Pakistan Tobacco Board -  Karachi-High-Court-Sindh,Court of Record,1984-01-01,300,full_judgment,headnote_only,unknown
1984_PLD_158,1984 PLD 158,"Bakhtiar v. Member Iii, Board Of Revenue Baluchistan, Quetta -  Quetta-High-Court-Balochistan",Court of Record,1984-01-01,435,full_judgment,headnote_only,unknown
1984_PLD_170,1984 PLD 170,Principal Cadet Colleg v. Muhammad Shoab Qureshi,Court of Record,1984-01-01,422,full_judgment,headnote_only,unknown
1984_PLD_179,1984 PLD 179,Muhammad Saleem Alias Seema v. Sardar Khan -  Lahore-High-Court-Lahore,Court of Record,1984-01-01,373,full_judgment,headnote_only,unknown
1984_PLD_195,1984 PLD 195,Shama Ahsan v. Province Of Sind -  Karachi-High-Court-Sindh,Court of Record,1984-01-01,348,full_judgment,headnote_only,unknown
1984_PLD_204,1984 PLD 204,Aslam Pervai v. The State -  Lahore-High-Court-Lahore,Court of Record,1984-01-01,581,full_judgment,headnote_only,unknown
1984_PLD_216,1984 PLD 216,Muhammad Anwar Baig v. Begum M. A. Jawad -  Karachi-High-Court-Sindh,Court of Record,1984-01-01,442,full_judgment,headnote_only,unknown
1984_PLD_223,1984 PLD 223,Allahdito v. The State -  Karachi-High-Court-Sindh,Court of Record,1984-01-01,323,full_judgment,headnote_only,appeal_dismissed
1984_PLD_227,1984 PLD 227,Lucas Alias Luci v. S.M.Naseem Member (Revenue) Board Of Revenue Punjab Lahore,Court of Record,1984-01-01,382,full_judgment,headnote_only,unknown
1984_PLD_244,1984 PLD 244,"Rab Nawaz v. Member (Colonies) Board Of Revenue, Punjab, Lahore -  Lahore-High-Court-Lahore",Court of Record,1984-01-01,346,full_judgment,headnote_only,unknown
1984_PLD_257,1984 PLD 257,H. B. L. v. Karachi Properties Investment Co. Ltd. -  Karachi-High-Court-Sindh,Court of Record,1984-01-01,427,full_judgment,headnote_only,leave_granted
1984_PLD_261,1984 PLD 261,Province Of Punja v. Muhammad Ishaq -  Lahore-High-Court-Lahore,Court of Record,1984-01-01,392,full_judgment,headnote_only,unknown
1984_PLD_269,1984 PLD 269,Abid Hussain v. Govt. Of Sind -  Karachi-High-Court-Sindh,Court of Record,1984-01-01,337,full_judgment,headnote_only,unknown
1984_PLD_289,1984 PLD 289,Siddique Khan v. Abdul Shakur Khan,Court of Record,1984-01-01,1290,full_judgment,headnote_only,unknown
1984_PLD_295,1984 PLD 295,Muhammad Amir v. Province Of Punjab -  Lahore-High-Court-Lahore,Court of Record,1984-01-01,370,full_judgment,headnote_only,unknown
1984_PLD_302,1984 PLD 302,Dada Soap Factory Ltd v. Pakistan -  Karachi-High-Court-Sindh,Court of Record,1984-01-01,409,full_judgment,headnote_only,unknown
1984_PLD_309,1984 PLD 309,Muhammad Asghar v. The State -  Lahore-High-Court-Lahore,Court of Record,1984-01-01,608,full_judgment,headnote_only,unknown
1984_PLD_315,1984 PLD 315,Ismail Dossa v. Monopoly Control Authority -  Karachi-High-Court-Sindh,Court of Record,1984-01-01,907,full_judgment,headnote_only,unknown
1984_PLD_323,1984 PLD 323,Muhammad Saeed v. The State -  Lahore-High-Court-Lahore,Court of Record,1984-01-01,427,full_judgment,headnote_only,unknown
1984_PLD_329,1984 PLD 329,Abdul Rahim v. Shahida Khan,Court of Record,1984-01-01,413,full_judgment,headnote_only,appeal_dismissed
1984_PLD_338,1984 PLD 338,"Islam Hassan Khan v. Secretary, Industries Govt. Of Punjab -  Lahore-High-Court-Lahore",Court of Record,1984-01-01,315,full_judgment,headnote_only,unknown
1984_PLD_345,1984 PLD 345,Industrial Development Bank Of Paksitan v. Yousuf Industires Ltd. -  Karachi-High-Court-Sindh,Court of Record,1984-01-01,473,full_judgment,headnote_only,unknown
1982_PLD_61,1982 PLD 61,"Municipal Committee, Bannu v. Munawar Khan, Advocate (Represented By Ms Legal Heirs)",Court of Record,1982-01-01,405,full_judgment,headnote_only,unknown
1982_PLD_92,1982 PLD 92,"Shahzad Ice Factory v. Special Judge Banking (Ii), Lahore -  Lahore-High-Court-Lahore",Court of Record,1982-01-01,322,full_judgment,headnote_only,unknown
1982_PLD_93,1982 PLD 93,Syed Rahim Shah v. Government Of N: W.F.P.,Court of Record,1982-01-01,455,full_judgment,headnote_only,unknown
1982_PLD_125,1982 PLD 125,Karachi Electric Supply Corporation Letd. v. National Industrial Relations Commission,Court of Record,1982-01-01,388,full_judgment,headnote_only,unknown
1982_PLD_126,1982 PLD 126,Taj Din v. Mahmooda Begum -  Lahore-High-Court-Lahore,Court of Record,1982-01-01,301,full_judgment,headnote_only,remanded
1982_PLD_132,1982 PLD 132,Hasan Muhammad v. Jan Muhammad -  Lahore-High-Court-Lahore,Court of Record,1982-01-01,439,full_judgment,headnote_only,unknown
1982_PLD_135,1982 PLD 135,N. B. P v. Muhammad Rafiq Malik -  Karachi-High-Court-Sindh,Court of Record,1982-01-01,330,full_judgment,headnote_only,unknown
1982_PLD_139,1982 PLD 139,Muhammad Bashir v. The State,Court of Record,1982-01-01,370,full_judgment,headnote_only,unknown
1982_PLD_141,1982 PLD 141,Alim-Ud-Din v. The State -  Lahore-High-Court-Lahore,Court of Record,1982-01-01,378,full_judgment,headnote_only,unknown
1982_PLD_142,1982 PLD 142,Tameez Gul v. Mumtaz Ali,Court of Record,1982-01-01,413,full_judgment,headnote_only,unknown
1982_PLD_146,1982 PLD 146,Aurang Khan v. Member Board Of Revenue Iii -  Quetta-High-Court-Balochistan,Court of Record,1982-01-01,360,full_judgment,headnote_only,unknown
1982_PLD_156,1982 PLD 156,Akbar v. The State -  Karachi-High-Court-Sindh,Court of Record,1982-01-01,348,full_judgment,headnote_only,unknown
1979_PLD_88,1979 PLD 88,Abdul Sattar & Co Karachi v. Dada Ltd Karachi -  Karachi-High-Court-Sindh,Court of Record,1979-01-01,416,full_judgment,headnote_only,unknown
2009_PLD_129,2009 PLD 129,"Fahad Malik v. Election Commission Of Pakistan Through Secretary Election Commission Of Pakistan, Islamabad",Court of Record,2009-01-01,375,full_judgment,headnote_only,petition_dismissed
2009_PLD_135,2009 PLD 135,Rasoolan Bibi v. Additional Session Judge,Court of Record,2009-01-01,310,full_judgment,headnote_only,unknown
2009_PLD_148,2009 PLD 148,Azhar Hussain Shah v. Harat Management (Pvt.) Ltd. Through Managing Director,Court of Record,2009-01-01,402,full_judgment,headnote_only,unknown
2009_PLD_169,2009 PLD 169,"Shadman Cotton Mills Ltd. Through Director v. Federation Of Pakistan Through The Chairman Central Board Of Revenue (Revenue Division), Islamabad",Court of Record,2009-01-01,568,full_judgment,headnote_only,unknown
1998_PLC(CS)_122,1998 PLC(CS) 615,ZULFIQAR MEHDI v. PAKISTAN INTERNATIONAL CORPORATION,"Honorable Justice Saiduzzaman Siddiqui - M.A. Siddiqui, Ejaz Muhammad, Akhtar Ali, Fakharuddin, M. Munir, M.S. Khattak, M. Aslam, M.A. Zaidi , Raja Muhammad Akram, Khan Imtiaz Muhammad Khan, Maulvi Anwar-Ul-Haq, Supreme-Court",1998-02-23,3838,full_judgment,headnote_only,petition_dismissed
1998_PLC(CS)_123,1998 PLC(CS) 624,HAQ NAWAZ KIANI v. PROVINCE OF PUNJAB,Supreme Court of Pakistan,1998-03-02,1248,full_judgment,headnote_only,leave_refused
2009_PLD_133,2009 PLD 133,Mrs. Zaibunnissa v. Muhammad Sajid,Court of Record,2009-01-01,564,full_judgment,headnote_only,unknown
2009_PLD_137,2009 PLD 137,"Kamran Iqbal v. D.G., F.I.A.",Court of Record,2009-01-01,479,full_judgment,headnote_only,unknown
2009_PLD_154,2009 PLD 154,Ibrahim Fibres Ltd. Through Secretary/Director Finance v. Federation Of Pakistan Through Secretary/Revenue Division,Court of Record,2009-01-01,351,full_judgment,headnote_only,appeal_dismissed
2009_PLD_160,2009 PLD 160,Abdul Ghani v. Rana M. Bashir,Court of Record,2009-01-01,315,full_judgment,headnote_only,unknown
2009_PLD_176,2009 PLD 176,"Industrial Development Bank Of Pakistan, Through Vice-President I.D.B.P. v. Crystal Chemicals Limited Through Director/Guarantor Crystal Chemical Ltd. And 9 Others",Court of Record,2009-01-01,500,full_judgment,headnote_only,unknown
1998_PLC(CS)_124,1998 PLC(CS) 627,HAIDER ABBAS v. PAKISTAN,High Court of Sindh,1998-01-22,4840,full_judgment,headnote_only,unknown
1998_PLC(CS)_125,1998 PLC(CS) 638,PAKISTAN ENGINEERING COUNCIL v. FEDERATION OF PAKISTAN,"Ch. Akhtar Ali, , Bashir Ahmed Ansari, Imtiaz Muhammad Khan, Supreme-Court",1998-02-27,2233,full_judgment,headnote_only,appeal_dismissed
2009_PLD_183,2009 PLD 183,Malik Bashir Ahmed Khan v. Qasim Ali,Court of Record,2009-01-01,585,full_judgment,headnote_only,unknown
2009_PLD_198,2009 PLD 198,Noor Muhammad v. Allah Ditta,Court of Record,2009-01-01,510,full_judgment,headnote_only,unknown
2009_PLD_202,2009 PLD 202,Ahmad Riaz Sheikh v. The State,Court of Record,2009-01-01,430,full_judgment,headnote_only,unknown
2009_PLD_215,2009 PLD 215,"Mirza Iftikhar Mehmood v. Area Magistrate, Police Station Nekapura, Sialkot",Court of Record,2009-01-01,408,full_judgment,headnote_only,unknown
1998_PLC(CS)_126,1998 PLC(CS) 643,KHALID NAZIR KHAN v. WATER AND POWER DEVELOPMENT AUTHORITY,"Honorable Justice Roshan Ali Mangi - Muhammad Faiz Kharal , Abdur Rehman Madni Federal-Service-Tribunal",1996-10-16,1036,full_judgment,headnote_only,appeal_dismissed
1998_PLC(CS)_127,1998 PLC(CS) 646,"MUHAMMAD MOINUDDIN v. CHAIRMAN, CENTRAL BOARD OF REVENUE, ISLAMABAD","Honorable Justice Roshan Ali Mangi - , Farhat Nawaz Lodhi Federal-Service-Tribunal",1996-07-23,965,full_judgment,headnote_only,appeal_dismissed
1998_PLC(CS)_128,1998 PLC(CS) 648,"MUKHTAR ALI v. DEPUTY DIRECTOR, DIRECTORATE","General Of Intelligence And Investigation, Regional Office, Lahore - Federal-Service-Tribunal",1996-07-09,2314,full_judgment,headnote_only,appeal_allowed
2009_PLD_186,2009 PLD 186,"Syed Muhammad Khalid v. Province Of Sindh Through Secretary Land, Karachi",Court of Record,2009-01-01,385,full_judgment,headnote_only,unknown
2009_PLD_207,2009 PLD 207,Mumtaz Ud Din Feroze v. Sheikh Iftikhar Adil,Court of Record,2009-01-01,466,full_judgment,headnote_only,appeal_allowed
2009_PLD_213,2009 PLD 213,"Mst. Parveen Amanual v. Additional District Judge-Iii, Rahimyar Khan",Court of Record,2009-01-01,316,full_judgment,headnote_only,unknown
2009_PLD_232,2009 PLD 232,"Syeda Nasreen Akhtar Qazi v. Chief Capital Police Officer, Lahore",Court of Record,2009-01-01,355,full_judgment,headnote_only,unknown
1998_PLC(CS)_129,1998 PLC(CS) 653,"MUHAMMAD SIDDIQUE v. CHAIRMAN, WAPDA, WAPDA HOUSE, LAHORE",Federal-Service-Tribunal,1996-07-23,2459,full_judgment,headnote_only,appeal_dismissed
1998_PLC(CS)_130,1998 PLC(CS) 659,"TARIQ BASHIR HASHMI v. MANAGING DIRECTOR, MRF, P.A.C., KAMRA",Federal-Service-Tribunal,1996-07-23,735,full_judgment,headnote_only,appeal_allowed
2009_PLD_223,2009 PLD 223,Mst. Rabia Khizer v. Station House Officer,Court of Record,2009-01-01,383,full_judgment,headnote_only,petition_allowed
1982_PLD_172,1982 PLD 172,Bashir Ahmad v. Hakeema -  Karachi-High-Court-Sindh,Court of Record,1982-01-01,411,full_judgment,headnote_only,unknown
2009_PLD_263,2009 PLD 263,Ghulam Muhammad v. Sher Muhammad,Court of Record,2009-01-01,467,full_judgment,headnote_only,unknown
2009_PLD_268,2009 PLD 268,Muhammad Umer Rathore v. Federation Of Pakistan,Court of Record,2009-01-01,2423,full_judgment,headnote_only,unknown
1998_PLC(CS)_132,1998 PLC(CS) 664,"SHAH NAWAZ v. CHAIRMAN, WAPDA, LAHORE","Honorable Justice Muhammad Raza Khan - Abdul Wahid , Ch. Muhammad Latif For Wapda Alongwith Sabz Ali, Assistant And Gulzada, Federal-Service-Tribunal",1996-10-29,1337,full_judgment,headnote_only,appeal_allowed
1998_PLC(CS)_133,1998 PLC(CS) 667,"SHABBIR AHMAD CHUGTAI v. SECRETARY TO GOVERNMENT OF THE PUNJAB, LG&RD DEPARTMENT, LAHORE",", Malik Abdul Majeed & Ch. Ghulam Qadir And Qazi Umer Farooq Service-Tribunal-Punjab",1996-11-10,8294,full_judgment,headnote_only,appeal_allowed
1998_PLC(CS)_134,1998 PLC(CS) 686,ATTA,"Ur-Rehman Khan Vs Deputy Postmaster-General (Lpa), Lahore G. P.O. - Honorable Justice Roshan Ali Mangi - M.M. Azim , Muhammad Hamid Khan, Town Inspector, Lahore Cantt. G.P.O. As D.R. Federal-Service-Tribunal",1996-06-09,1854,full_judgment,headnote_only,unknown
1998_PLC(CS)_135,1998 PLC(CS) 691,"GULZAR MAHMOOD v. DIRECTOR OF FISHERIES, N.","W.F.P., Peshawar - Honorable Justice Zarin Dad Khattak - Service-Tribunal-Nwfp",1994-11-07,1076,full_judgment,headnote_only,appeal_allowed
1998_PLC(CS)_137,1998 PLC(CS) 707,N.,W.F.P. Vs Dost Muhammad - Supreme-Court,1998-02-13,1646,full_judgment,headnote_only,leave_refused
1998_PLC(CS)_138,1998 PLC(CS) 711,"MUHAMMAD MUJEEB AHSAN v. SECRETARY, ESTABLISHMENT DIVISION","Honorable Justice Muhammad Bashir Jehangiri - , Nemo Supreme-Court",1995-06-04,497,full_judgment,headnote_only,leave_granted
2009_PLD_284,2009 PLD 284,Federation Of Pakistan v. Mian Muhammad Nawaz Sharif,Court of Record,2009-01-01,3876,full_judgment,headnote_only,unknown
2009_PLD_288,2009 PLD 288,Cooper & Co. (Pvt.) Ltd. Through Authorized Chairman v. Laurel Navigation (Mauritius) Ltd.,Court of Record,2009-01-01,606,full_judgment,headnote_only,unknown
2009_PLD_309,2009 PLD 309,"Madina Electric Market Through Shop-Keepers Union v. City District Government, Karachi Through Nazim-E-Aala, Karachi",Court of Record,2009-01-01,424,full_judgment,headnote_only,petition_allowed
1998_PLC(CS)_139,1998 PLC(CS) 712,"SENIOR POST MASTER, G.P.O., MARDAN v. NOOR DIN, POST MASTER, GARHI, MARDAN","Honorable Justice Abdul Hafeez Memon - Sh. Riazul Haq, Advocate Supreme Court With Ejaz Muhammad Khan , Nemo Supreme-Court",1996-12-02,644,full_judgment,headnote_only,leave_refused
1998_PLC(CS)_140,1998 PLC(CS) 714,DIRECTOR,"General, Pakistan Rangers, Lahore Vs Faiz Ahmad - , Hamid Aslam Qureshi Supreme-Court",1998-03-13,2401,full_judgment,headnote_only,unknown
1998_PLC(CS)_141,1998 PLC(CS) 720,FEDERATION OF PAKISTAN v. MUHAMMAD NAZIR,Supreme Court of Pakistan,1998-03-13,2829,full_judgment,headnote_only,disposed_of
1998_PLC(CS)_142,1998 PLC(CS) 726,"MUHAMMAD ASLAM v. SECRETARY TO THE GOVERNMENT OF PAKISTAN, MINISTRY OF SCIENCE AND TECHNOLOGY, ISLAMABAD","Honorable Justice Munawar Ahmad Mirza And Abdur Rehman Khan, Jj - Kh. Muhammad Farooq, Senior Advocate Supreme Court And M.S. Khattak , Mian Tariq Mehmood Supreme-Court",1998-04-13,383,full_judgment,headnote_only,disposed_of
1979_PLD_132,1979 PLD 132,Farhatullah Khan v. Mustafa Ali Khan -  Lahore-High-Court-Lahore,Court of Record,1979-01-01,2170,full_judgment,headnote_only,unknown
1982_PLD_264,1982 PLD 264,Ghulam Rasool v. Province Of The Punjab -  Lahore-High-Court-Lahore,Court of Record,1982-01-01,300,full_judgment,headnote_only,unknown
1982_PLD_266,1982 PLD 266,Ibrahim Ishaq Johri v. Commissioner Of Income-Tax (West) Pakistan -  Karachi-High-Court-Sindh,Court of Record,1982-01-01,331,full_judgment,headnote_only,unknown
1982_PLD_294,1982 PLD 294,Mairaf Begum v. Ejaz Anwar,Court of Record,1982-01-01,446,full_judgment,headnote_only,unknown
1982_PLD_384,1982 PLD 384,U. B. L. Lahore v. Govt. Of The Punjab -  Lahore-High-Court-Lahore,Court of Record,1982-01-01,495,full_judgment,headnote_only,unknown
1998_PLC(CS)_224,1998 PLC(CS) 1029,INSPECTOR,"General Of Police, Punjab, Lahore Vs Fazal Elahi, Sub -Inspector Police No. 113/L, Kasur - Supreme-Court",1997-12-31,342,full_judgment,headnote_only,leave_refused
2008_PLD_77,2008 PLD 77,Shahid Orakzai v. Federation Of Pakistan,Court of Record,2008-01-01,344,full_judgment,headnote_only,unknown
2008_PLD_80,2008 PLD 80,Dr. Mubashir Hassan v. Federation Of Pakistan,Court of Record,2008-01-01,313,full_judgment,headnote_only,unknown
2008_PLD_97,2008 PLD 97,Sher Ahmad Khan v. Sardar Khan,Court of Record,2008-01-01,328,full_judgment,headnote_only,remanded
2008_PLD_95,2008 PLD 95,Liaq Zaman v. Fazal Rahman,Court of Record,2008-01-01,301,full_judgment,headnote_only,remanded
1971_PLD_583,1971 PLD 583,Vs -  Karachi-High-Court-Sindh,Court of Record,1971-01-01,370,full_judgment,headnote_only,unknown
1971_PLD_585,1971 PLD 585,The President v. Mr. Justice Shaukat Ali,Court of Record,1971-01-01,551,full_judgment,headnote_only,unknown
1971_PLD_610,1971 PLD 610,Vs -  Lahore-High-Court-Lahore,Court of Record,1971-01-01,360,full_judgment,headnote_only,unknown
1971_PLD_641,1971 PLD 641,Vs -  Lahore-High-Court-Lahore,Court of Record,1971-01-01,306,full_judgment,headnote_only,unknown
1971_PLD_642,1971 PLD 642,Vs -  Karachi-High-Court-Sindh,Court of Record,1971-01-01,377,full_judgment,headnote_only,unknown
1971_PLD_676,1971 PLD 676,Vs -  Karachi-High-Court-Sindh,Court of Record,1971-01-01,343,full_judgment,headnote_only,unknown
1971_PLD_677,1971 PLD 677,Shahnaz Begum v. Hon'Ble Judges Of The High Court Of Sind & Baluchistan,Court of Record,1971-01-01,508,full_judgment,headnote_only,unknown
1971_PLD_682,1971 PLD 682,Vs -  Karachi-High-Court-Sindh,Court of Record,1971-01-01,316,full_judgment,headnote_only,unknown
1971_PLD_690,1971 PLD 690,Vs -  Lahore-High-Court-Lahore,Court of Record,1971-01-01,318,full_judgment,headnote_only,unknown
1971_PLD_694,1971 PLD 694,Qadar Bakhsh v. The State,Court of Record,1971-01-01,312,full_judgment,headnote_only,unknown
1971_PLD_715,1971 PLD 715,Vs -  Karachi-High-Court-Sindh,Court of Record,1971-01-01,301,full_judgment,headnote_only,unknown
1971_PLD_720,1971 PLD 720,Ahmad v. The State,Court of Record,1971-01-01,307,full_judgment,headnote_only,unknown
1971_PLD_746,1971 PLD 746,Vs -  Lahore-High-Court-Lahore,Court of Record,1971-01-01,457,full_judgment,headnote_only,unknown
1971_PLD_748,1971 PLD 748,Vs -  Lahore-High-Court-Lahore,Court of Record,1971-01-01,396,full_judgment,headnote_only,unknown
1971_PLD_783,1971 PLD 783,Vs -  Karachi-High-Court-Sindh,Court of Record,1971-01-01,918,full_judgment,headnote_only,unknown
1971_PLD_791,1971 PLD 791,Additional Settlement Commissioner (Land) v. Muhammad Shafi,Court of Record,1971-01-01,498,full_judgment,headnote_only,unknown
1971_PLD_811,1971 PLD 811,Lahore Improvement Trust v. Custodian Of Evacuee Property,Court of Record,1971-01-01,319,full_judgment,headnote_only,unknown
1971_PLD_813,1971 PLD 813,Vs -  Lahore-High-Court-Lahore,Court of Record,1971-01-01,316,full_judgment,headnote_only,unknown
1971_PLD_833,1971 PLD 833,Vs -  Karachi-High-Court-Sindh,Court of Record,1971-01-01,584,full_judgment,headnote_only,unknown
1971_PLD_838,1971 PLD 838,Samar Pervaiz v. Board Of Intermediate And Secondary Education,Court of Record,1971-01-01,471,full_judgment,headnote_only,unknown
1971_PLD_843,1971 PLD 843,"Mst. Firdous Fatima v. The Chairman, Board Of Intermediate -  Lahore-High-Court-Lahore",Court of Record,1971-01-01,342,full_judgment,headnote_only,unknown
1971_PLD_858,1971 PLD 858,"A. Hamid v. Hussain Hyder, Chief Settlement -  Lahore-High-Court-Lahore",Court of Record,1971-01-01,533,full_judgment,headnote_only,unknown
1971_PLD_864,1971 PLD 864,Vs -  Karachi-High-Court-Sindh,Court of Record,1971-01-01,547,full_judgment,headnote_only,unknown
1971_PLD_899,1971 PLD 899,Vs -  Karachi-High-Court-Sindh,Court of Record,1971-01-01,611,full_judgment,headnote_only,unknown
1971_PLD_906,1971 PLD 906,Vs -  Karachi-High-Court-Sindh,Court of Record,1971-01-01,485,full_judgment,headnote_only,unknown
1971_PLD_911,1971 PLD 911,Vs -  Karachi-High-Court-Sindh,Court of Record,1971-01-01,402,full_judgment,headnote_only,unknown
1971_PLD_912,1971 PLD 912,Haji Muhammad Siddiq v. Babu Karam Bakhsh And 3 Others--- -  Lahore-High-Court-Lahore,Court of Record,1971-01-01,364,full_judgment,headnote_only,unknown
1971_PLD_959,1971 PLD 959,Vs -  Lahore-High-Court-Lahore,Court of Record,1971-01-01,370,full_judgment,headnote_only,unknown
1971_PLD_979,1971 PLD 979,"Ahman And 32 Others v. Additional Commissioner (Revenue), Lahore -  Lahore-High-Court-Lahore",Court of Record,1971-01-01,512,full_judgment,headnote_only,unknown
1971_PLD_1002,1971 PLD 1002,Syed Mazhar Ali Shah v. Agricultural Development Bank Of Pakistan -  Lahore-High-Court-Lahore,Court of Record,1971-01-01,318,full_judgment,headnote_only,unknown
1971_PLD_1032,1971 PLD 1032,Vs -  Lahore-High-Court-Lahore,Court of Record,1971-01-01,448,full_judgment,headnote_only,unknown
1969_PLD_430,1969 PLD 430,Naziruddin Ahmed v. Province Of East Pakistan -  Dhaka,Court of Record,1969-01-01,566,full_judgment,headnote_only,unknown
1969_PLD_435,1969 PLD 435,Muhammad Arif v. Muhammad Kawshair Ali,Court of Record,1969-01-01,384,full_judgment,headnote_only,unknown
1969_PLD_438,1969 PLD 438,Begum Agha Abdul Karim Shorish Kash M Iri v. Government Of West Pakistan -  Lahore-High-Court-Lahore,Court of Record,1969-01-01,403,full_judgment,headnote_only,unknown
1969_PLD_477,1969 PLD 477,"Messrs Yakub & Co. v. The Collector Of Central Excise And Land Customs, Chittagong -  Dhaka",Court of Record,1969-01-01,325,full_judgment,headnote_only,unknown
1969_PLD_480,1969 PLD 480,"Nafeesa Bano v. Chief Settlement Commissioner, West Pakistan, Lahore,Pakistan (Government Of Pakistan -  Lahore-High-Court-Lahore",Court of Record,1969-01-01,303,full_judgment,headnote_only,unknown
1969_PLD_485,1969 PLD 485,"The Superintendent, Land Customs Torkham (Khyber Agency) v. Zewar Khan",Court of Record,1969-01-01,474,full_judgment,headnote_only,unknown
1969_PLD_504,1969 PLD 504,"Rattan Shikder,The State v. The State,Rattan Shikder -  Dhaka",Court of Record,1969-01-01,526,full_judgment,headnote_only,unknown
1969_PLD_527,1969 PLD 527,Mir Ghaus Bakhsh Bizanjo v. The State -  Karachi-High-Court-Sindh,Court of Record,1969-01-01,362,full_judgment,headnote_only,unknown
1969_PLD_545,1969 PLD 545,Fajar Ali v. Mst. Jamila -  Lahore-High-Court-Lahore,Court of Record,1969-01-01,343,full_judgment,headnote_only,unknown
1969_PLD_548,1969 PLD 548,Goas Ali v. Firoza Khatoon -  Dhaka,Court of Record,1969-01-01,307,full_judgment,headnote_only,unknown
1969_PLD_559,1969 PLD 559,"Karnaphuli Rayon And Chemicals Ltd v. Collector Of Central Excise And Land Customs, Chittagong -  Dhaka",Court of Record,1969-01-01,362,full_judgment,headnote_only,unknown
1969_PLD_566,1969 PLD 566,"Messrs Nabi Bakhsh & Sons v. Pakistan, Through The Secretary, Ministry Of Industries -  Karachi-High-Court-Sindh",Court of Record,1969-01-01,517,full_judgment,headnote_only,unknown
1969_PLD_586,1969 PLD 586,Vs -  Karachi-High-Court-Sindh,Court of Record,1969-01-01,433,full_judgment,headnote_only,unknown
1969_PLD_602,1969 PLD 602,Ghulam Muhammad Mustafa Khar v. Chief Elecjion Commissioner Of Pakistan -  Lahore-High-Court-Lahore,Court of Record,1969-01-01,371,full_judgment,headnote_only,unknown
1969_PLD_786,1969 PLD 786,Malik Mir Hassan v. The State -  Lahore-High-Court-Lahore,Court of Record,1969-01-01,716,full_judgment,headnote_only,unknown
1969_PLD_659,1969 PLD 659,"Muhammad Sardar Khan v. Chief Settlement Commissioner, West Pakistan -  Lahore-High-Court-Lahore",Court of Record,1969-01-01,310,full_judgment,headnote_only,unknown
1969_PLD_662,1969 PLD 662,Mir Ghaus Bakhsh Bizanjo v. Chief Election Commissioner Of Pakistan And 2 Others -  Karachi-High-Court-Sindh,Court of Record,1969-01-01,520,full_judgment,headnote_only,unknown
1969_PLD_692,1969 PLD 692,Abbas Khaleeli And Others v. Saifuddin Valika And Others -  Karachi-High-Court-Sindh,Court of Record,1969-01-01,405,full_judgment,headnote_only,unknown
1969_PLD_698,1969 PLD 698,Muhammad Ibrahim v. Mst. Muhammad Jan -  Lahore-High-Court-Lahore,Court of Record,1969-01-01,300,full_judgment,headnote_only,unknown
1969_PLD_701,1969 PLD 701,"Mst. Naze Eran v. Wall Muhammad Nagar, Deputy Custodian, Lahore -  Lahore-High-Court-Lahore",Court of Record,1969-01-01,305,full_judgment,headnote_only,unknown
1969_PLD_779,1969 PLD 779,Begum Lutfonnessa Ibrahim v. The Province Of East Pakistan -  Dhaka,Court of Record,1969-01-01,329,full_judgment,headnote_only,unknown
1969_PLD_803,1969 PLD 803,"Mrs. Momtaz Mallik v. The Taxing Officer (Registrar High Court), Dacca -  Dhaka",Court of Record,1969-01-01,390,full_judgment,headnote_only,unknown
1969_PLD_842,1969 PLD 842,Muhammad Bakhsh v. The State -  Lahore-High-Court-Lahore,Court of Record,1969-01-01,451,full_judgment,headnote_only,unknown
1969_PLD_856,1969 PLD 856,Haji Saru Mia Sawdagar v. Mst. Ai-Haj Jahanara Begum -  Dhaka,Court of Record,1969-01-01,307,full_judgment,headnote_only,unknown
1969_PLD_861,1969 PLD 861,"The Administrative Officer, Chittaranjan Cotton Mills Ltd., Dacca v. The Chittaranjan Cotton Mills' Staff Union, Dacca -  Dhaka",Court of Record,1969-01-01,329,full_judgment,headnote_only,unknown
1969_PLD_868,1969 PLD 868,"Shahidullah Kazi v. The Additional Deputy Commissioner (Development) And Election Tribunal, District` Faridpur -  Dhaka",Court of Record,1969-01-01,526,full_judgment,headnote_only,unknown
1969_PLD_894,1969 PLD 894,"Sheikh Rashid Ahmed v. Settlement Commissioner, Lahore Division -  Lahore-High-Court-Lahore",Court of Record,1969-01-01,420,full_judgment,headnote_only,unknown
1969_PLD_930,1969 PLD 930,Government Of Pakistan v. Aquil Ahmed -  Dhaka,Court of Record,1969-01-01,630,full_judgment,headnote_only,unknown
1969_PLD_985,1969 PLD 985,Nayeb Ali Dafadar v. Abdul Gani Alias Gutu Mia -  Dhaka,Court of Record,1969-01-01,303,full_judgment,headnote_only,unknown
1969_PLD_1020,1969 PLD 1020,"Farooq Badar v. Inspector-General Of Police, West Pakistan, Lahore -  Lahore-High-Court-Lahore",Court of Record,1969-01-01,326,full_judgment,headnote_only,unknown
1969_PLD_1039,1969 PLD 1039,Hussain Bakhsh v. Settlement Commissioner -  Lahore-High-Court-Lahore,Court of Record,1969-01-01,348,full_judgment,headnote_only,unknown
1969_PLD_1050,1969 PLD 1050,"The State Bank Of India Ltd v. Tde Custodian Of Evacuee Property, West Pakistan -  Lahore-High-Court-Lahore",Court of Record,1969-01-01,392,full_judgment,headnote_only,unknown
1969_PLD_1075,1969 PLD 1075,Fatima Bibi v. Ghulam Nadi -  Lahore-High-Court-Lahore,Court of Record,1969-01-01,351,full_judgment,headnote_only,unknown
1969_PLD_1087,1969 PLD 1087,Mian Arif Iftikhar v. Lahore Improvement Trust -  Lahore-High-Court-Lahore,Court of Record,1969-01-01,455,full_judgment,headnote_only,unknown
1965_PLD_45,1965 PLD 45,Ali Muhammad v. Mst. Siran Bibi -  West-Pakistan-Board-Of-Revenue,Court of Record,1965-01-01,308,full_judgment,headnote_only,remanded
1965_PLD_106,1965 PLD 106,Government Of West Pakistan v. Nasir M. Khan,Court of Record,1965-01-01,415,full_judgment,headnote_only,unknown
1965_PLD_112,1965 PLD 112,Rahmat Elahi v. Government Of West Pakistan -  Lahore-High-Court-Lahore,Court of Record,1965-01-01,321,full_judgment,headnote_only,unknown
1965_PLD_123,1965 PLD 123,Muhammad Siddiq v. Chief Settlement And Rehabilitation Commissioner,Court of Record,1965-01-01,928,full_judgment,headnote_only,unknown
1965_PLD_134,1965 PLD 134,Sikandar Shah v. The State,Court of Record,1965-01-01,465,full_judgment,headnote_only,unknown
1965_PLD_147,1965 PLD 147,"In The Matter Of: Syed Akhlaque Husain, Advocate v. In The Matter Of: Syed Akhlaque Husain, Advocate -  Lahore-High-Court-Lahore",Court of Record,1965-01-01,582,full_judgment,headnote_only,unknown
1965_PLD_151,1965 PLD 151,Abdul Razik v. The State,Court of Record,1965-01-01,309,full_judgment,headnote_only,unknown
1965_PLD_156,1965 PLD 156,Haji Ghulam Zamin v. A. B. Khondkar -  Dhaka,Court of Record,1965-01-01,453,full_judgment,headnote_only,unknown
1965_PLD_161,1965 PLD 161,Noorani Cotton Corporation v. Sales Tax Officer,Court of Record,1965-01-01,476,full_judgment,headnote_only,unknown
1965_PLD_188,1965 PLD 188,Dr. Hassan Din v. Syed Mahmood Ali Shah -  Lahore-High-Court-Lahore,Court of Record,1965-01-01,327,full_judgment,headnote_only,unknown
1965_PLD_162,1965 PLD 162,Rehmatullah Khan v. The State,Court of Record,1965-01-01,480,full_judgment,headnote_only,unknown
1965_PLD_195,1965 PLD 195,Zahir Ahmed v. Seth Sugnichand -  Karachi-High-Court-Sindh,Court of Record,1965-01-01,307,full_judgment,headnote_only,unknown
1965_PLD_201,1965 PLD 201,"Deputy Managing Director, National Bank Of Pakistan v. Ataul Huq",Court of Record,1965-01-01,474,full_judgment,headnote_only,unknown
1965_PLD_208,1965 PLD 208,Abdul Majid Sheikh v. Mushaffe Ahmed,Court of Record,1965-01-01,360,full_judgment,headnote_only,unknown
1965_PLD_214,1965 PLD 214,"A. M. Khan Leghari, C.S.P., Member, Board Of Revenue, West Pakistan, Lahore v. Government Of Pakistan, Through Secretary To Government Of Pakistan, Establishment Division -  Lahore-High-Court-Lahore",Court of Record,1965-01-01,507,full_judgment,headnote_only,unknown
1965_PLD_229,1965 PLD 229,"Malik Muhammad Usman v. The State Through E. A. C. And A. D. M., Quetta & Superintendent District Jail -  Lahore-High-Court-Lahore",Court of Record,1965-01-01,311,full_judgment,headnote_only,unknown
1965_PLD_241,1965 PLD 241,Mrs. Rowshan Bijaya Shaukat Ali Khan v. 'Fhb Government Of East Pakistan -  Dhaka,Court of Record,1965-01-01,679,full_judgment,headnote_only,unknown
1965_PLD_245,1965 PLD 245,"Jaffar Khan v. Chief Election Commissioner, Pakistan",Court of Record,1965-01-01,406,full_judgment,headnote_only,unknown
1965_PLD_249,1965 PLD 249,Abdur Rashid v. Central Board Of Revenue,Court of Record,1965-01-01,346,full_judgment,headnote_only,unknown
1965_PLD_254,1965 PLD 254,Muhammad Yaqub v. Chief Settlement Commissioner,Court of Record,1965-01-01,327,full_judgment,headnote_only,unknown
2007_PLD_571,2007 PLD 571,Fazal Dad v. Col.(Rtd.) Ghulam Muhammad Malik,Court of Record,2007-01-01,421,full_judgment,headnote_only,unknown
2007_PLD_573,2007 PLD 573,Bosicor Corporation Ltd. Through Attorney v. Aman-Ur-Rehman,Court of Record,2007-01-01,415,full_judgment,headnote_only,appeal_dismissed
2007_PLD_578,2007 PLD 578,"Mr. Justice Iftikhar Muhammad Chaudhry, Chief Justice Of Pakistan v. The President Of Pakistan Dents Through The Secretary",Court of Record,2007-01-01,459,full_judgment,headnote_only,unknown
2007_PLD_586,2007 PLD 586,"Muhammad Nazim-Ud-Din v. Chairman, National Accountability Bureau Through Director General, National Accountability Bureau, Karachi",Court of Record,2007-01-01,409,full_judgment,headnote_only,petition_allowed
1965_PLD_434,1965 PLD 434,Paramatha Nath Chowdhury v. Kamir Mondal,Court of Record,1965-01-01,376,full_judgment,headnote_only,unknown
1965_PLD_443,1965 PLD 443,Sutlej Cotton Mills Ltd. v. Commissioner Of Income-Tax,Court of Record,1965-01-01,422,full_judgment,headnote_only,unknown
1965_PLD_445,1965 PLD 445,"Agha Shaukat Ali v. Settlement And Rehabilitation Commissioner, Lahore -  Lahore-High-Court-Lahore",Court of Record,1965-01-01,439,full_judgment,headnote_only,unknown
1965_PLD_492,1965 PLD 492,"Tiger Wire Products Ltd v. Sales Tax Officer, Companies Circle I, Dacca -  Dhaka",Court of Record,1965-01-01,314,full_judgment,headnote_only,unknown
1965_PLD_505,1965 PLD 505,Z. Company v. S. Maula Bukhsh Muhammad Bashir,Court of Record,1965-01-01,648,full_judgment,headnote_only,unknown
1965_PLD_519,1965 PLD 519,Bank Of Bahawalpur Ltd v. Karim Hayat -  Karachi-High-Court-Sindh,Court of Record,1965-01-01,364,full_judgment,headnote_only,unknown
1965_PLD_522,1965 PLD 522,"Shukar Din (Naik No. 411) v. Major Abaidur Rehman Second-In-Command And M. I. C., Sutlej Rangers -  Lahore-High-Court-Lahore",Court of Record,1965-01-01,325,full_judgment,headnote_only,unknown
1965_PLD_541,1965 PLD 541,Madad Ali v. The State -  Karachi-High-Court-Sindh,Court of Record,1965-01-01,530,full_judgment,headnote_only,unknown
1965_PLD_550,1965 PLD 550,Aftab Nasir v. Mst. Fazal Bibi -  Lahore-High-Court-Lahore,Court of Record,1965-01-01,311,full_judgment,headnote_only,unknown
1965_PLD_553,1965 PLD 553,Muhammad Idrees v. The State -  Lahore-High-Court-Lahore,Court of Record,1965-01-01,450,full_judgment,headnote_only,unknown
1965_PLD_567,1965 PLD 567,Sind Flour Mills Ltd v. Abdul Hussain Moosar Jafferji -  Karachi-High-Court-Sindh,Court of Record,1965-01-01,333,full_judgment,headnote_only,unknown
1965_PLD_573,1965 PLD 573,The Collector Of Karachi v. Fida Hussain Muhammad Ali Lotia -  Karachi-High-Court-Sindh,Court of Record,1965-01-01,438,full_judgment,headnote_only,unknown
1965_PLD_584,1965 PLD 584,Muhammad Siddiq v. Muhammad Yaqoob -  Karachi-High-Court-Sindh,Court of Record,1965-01-01,301,full_judgment,headnote_only,unknown
1965_PLD_590,1965 PLD 590,Muhammad Ishaq v. Abdul Aziz -  Lahore-High-Court-Lahore,Court of Record,1965-01-01,321,full_judgment,headnote_only,unknown
1965_PLD_596,1965 PLD 596,Chand v. Abdul Ghaffar -  Lahore-High-Court-Lahore,Court of Record,1965-01-01,458,full_judgment,headnote_only,unknown
1965_PLD_603,1965 PLD 603,H. M. Saya &. Co v. Wazir Ali Industries -  Karachi-High-Court-Sindh,Court of Record,1965-01-01,410,full_judgment,headnote_only,unknown
1965_PLD_618,1965 PLD 618,Mahmooda Tahsin v. Ijaz Hussain Shah,Court of Record,1965-01-01,391,full_judgment,headnote_only,unknown
1965_PLD_622,1965 PLD 622,Abdul Latif v. (1) The State -  Karachi-High-Court-Sindh,Court of Record,1965-01-01,437,full_judgment,headnote_only,unknown
1965_PLD_623,1965 PLD 623,Muhammad Khan v. Border Allotment Committee,Court of Record,1965-01-01,770,full_judgment,headnote_only,leave_granted
1965_PLD_628,1965 PLD 628,Central Exchange Bank Ltd. v. Ch. Dilawar Ali Khan -  Lahore-High-Court-Lahore,Court of Record,1965-01-01,651,full_judgment,headnote_only,unknown
1997_PLC(CS)_93,1997 PLC(CS) 294,KHURSHID AHMED v. NATIONAL COUNCIL FOR HOMOEOPATHY,High Court of Sindh,1996-04-01,1588,full_judgment,headnote_only,appeal_dismissed
1997_PLC(CS)_94,1997 PLC(CS) 297,AZRA HAFIZ v. ISRAR HUSSAIN MUGHAL,Supreme-Court-Azad-Kashmir,1996-07-01,2145,full_judgment,headnote_only,appeal_dismissed
1965_PLD_634,1965 PLD 634,Ismail v. Fida Ali,Court of Record,1965-01-01,634,full_judgment,headnote_only,unknown
1965_PLD_640,1965 PLD 640,Jane Alam v. The State,Court of Record,1965-01-01,330,full_judgment,headnote_only,unknown
1965_PLD_662,1965 PLD 662,"Mirza Muhammad Abbas v. The Superintendent Of Police, Muzaffargarh & The State -  Lahore-High-Court-Lahore",Court of Record,1965-01-01,529,full_judgment,headnote_only,unknown
1965_PLD_669,1965 PLD 669,Shivrattan G. Mohatta v. Mohammadi Steamship Co. Ltd,Court of Record,1965-01-01,339,full_judgment,headnote_only,unknown
1965_PLD_677,1965 PLD 677,State v. Muhammad Idris Ali Sikda,Court of Record,1965-01-01,367,full_judgment,headnote_only,unknown
1965_PLD_681,1965 PLD 681,State v. Muhammad Jamil,Court of Record,1965-01-01,421,full_judgment,headnote_only,unknown
1965_PLD_686,1965 PLD 686,Muhammad Sharif v. Mst. Natho -  Lahore-High-Court-Lahore,Court of Record,1965-01-01,343,full_judgment,headnote_only,unknown
1965_PLD_692,1965 PLD 692,"Muhammad v. Hammad Raza, C. S. P., Commissioner Sargodha Division -  Lahore-High-Court-Lahore",Court of Record,1965-01-01,359,full_judgment,headnote_only,unknown
1965_PLD_698,1965 PLD 698,Muhammad Jamil Asghar v. Improvement Trust,Court of Record,1965-01-01,554,full_judgment,headnote_only,unknown
1965_PLD_729,1965 PLD 729,West Pakistan Province v. Jamshed Miran -  Lahore-High-Court-Lahore,Court of Record,1965-01-01,491,full_judgment,headnote_only,unknown
2006_PLD_155,2006 PLD 155,Sh. Muhammad Farooq v. District Returning Officer,Court of Record,2006-01-01,324,full_judgment,headnote_only,unknown
2006_PLD_158,2006 PLD 158,"Sindh Employees' Social Security Institution, Karachi v. Messrs Pearl Continental Hotel, Club Road, Karachi",Court of Record,2006-01-01,490,full_judgment,headnote_only,leave_granted
1997_PLC(CS)_95,1997 PLC(CS) 302,SARWAR HUSSAIN SHAH v. AZAD GOVERNMENT OF THE STATE OF JAMMU AND KASHMIR,Supreme-Court-Azad-Kashmir,1996-05-08,2873,full_judgment,headnote_only,appeal_dismissed
1997_PLC(CS)_97,1997 PLC(CS) 325,"ABDUL HALEEM CHAUDHRY v. SECRETARY TO GOVERNMENT OF THE PUNJAB, IRRIGATION AND POWER DEVELOPMENT, LAHORE",Supreme Court of Pakistan,1996-12-03,702,full_judgment,headnote_only,leave_granted
1997_PLC(CS)_98,1997 PLC(CS) 327,MASOOD,"Ul-Hassan, Managing Director (De Jure),Small Industries Corporation, Muzaffarabad Vs Azad Government Of The State Of J&K - Supreme-Court-Azad-Kashmir",1997-01-16,1935,full_judgment,headnote_only,petition_allowed
2006_PLD_162,2006 PLD 162,"Sardar Muhammad Naseem v. Judge, Accountability Court, Lahore",Court of Record,2006-01-01,322,full_judgment,headnote_only,unknown
1997_PLC(CS)_99,1997 PLC(CS) 333,ABDUL LATIF v. DEPUTY INSPECTOR,"General Of Police - Honorable Justice S. Nasim Haider - M.M. Aqil Awan , Azizur Rehman Service-Tribunal-Sindh",1997-01-01,1599,full_judgment,headnote_only,appeal_allowed
1997_PLC(CS)_100,1997 PLC(CS) 336,MUHAMMAD HAYAT CHANNA v. JETHANAND RATHI,"Honorable Justice Munawar Ali Khan - M.L. Shahani , Zawar Hussain Shah, A.A.-G. Service-Tribunal-Sindh",1995-04-15,1383,full_judgment,headnote_only,appeal_dismissed
1997_PLC(CS)_101,1997 PLC(CS) 339,"SHAH NAWAZ v. SECRETARY, COMMUNICATION AND WORKS DEPARTMENT","Honorable Justice S. Nasim Haider - Naimatullah Qureshi , Azizur Rehman Service-Tribunal-Sindh",1995-05-22,1089,full_judgment,headnote_only,appeal_dismissed
1997_PLC(CS)_102,1997 PLC(CS) 342,ALLAHDINO v. DEPUTY INSPECTOR,"General Of Police - Honorable Justice Munawar Ali Khan - Abdul Sattar Mughal , Abdul Ghani Shaikh, A.A.-G. Service-Tribunal-Sindh",1995-03-30,1207,full_judgment,headnote_only,appeal_dismissed
1997_PLC(CS)_103,1997 PLC(CS) 345,"GHULAM MAHDI SHAH v. SENIOR MEMBER, BOARD OF REVENUE, SINDH, HYDERABAD","Honorable Justice Munawar Ali Khan - Walid Ansari , Azizur Rehman, A.A. -G. Service-Tribunal-Sindh",1995-02-20,1325,full_judgment,headnote_only,unknown
1997_PLC(CS)_104,1997 PLC(CS) 348,"KHALID PERVAIZ BUTT v. GENERAL MANAGER (OPERATION) POWER, WAPDA",Federal-Service-Tribunal,1995-07-19,2917,full_judgment,headnote_only,unknown
1997_PLC(CS)_105,1997 PLC(CS) 356,"AZIZ AHMAD v. CHAIRMAN, BOARD OF INTERMEDIATE AND SECONDARY EDUCATION, GUJRANWALA",Lahore High Court,1996-05-29,6826,full_judgment,headnote_only,unknown
2006_PLD_166,2006 PLD 166,Tehsil Municipal Administration Faisalabad City v. Muhammad Saleem,Court of Record,2006-01-01,374,full_judgment,headnote_only,appeal_allowed
2006_PLD_171,2006 PLD 171,Anti-Narcotics Force (A.N.F.) Through Regional Director Industrial Estate Narcotics Directorate v. Ghafoor Khan Through Guardian,Court of Record,2006-01-01,337,full_judgment,headnote_only,unknown
2006_PLD_175,2006 PLD 175,"Managing Director, Nbf, Islamabad v. Muhammad Arif Raja",Court of Record,2006-01-01,386,full_judgment,headnote_only,unknown
2006_PLD_193,2006 PLD 193,"State v. Muhammad Akbar Cheema, Advocate",Court of Record,2006-01-01,398,full_judgment,headnote_only,unknown
2006_PLD_206,2006 PLD 206,Shafaqat-Ur-Rehman v. Daud-Ur-Rehman,Court of Record,2006-01-01,370,full_judgment,headnote_only,appeal_dismissed
1997_PLC(CS)_106,1997 PLC(CS) 376,MUHAMMAD ASHRAF KHAN KAYANI v. AZAD GOVERNMENT OF THE STATE OF JAMMU AND KASHMIR,Supreme-Court-Azad-Kashmir,1996-06-17,1681,full_judgment,headnote_only,unknown
1997_PLC(CS)_107,1997 PLC(CS) 380,NEK AMAL JAN v. PROVINCE OF N.,W.F.P. - Peshawar-High-Court,1997-01-01,1787,full_judgment,headnote_only,petition_dismissed
1997_PLC(CS)_108,1997 PLC(CS) 385,QURBAN HUSSAIN v. ABDUL LATIF KHAN CHUGHTAI,", Ch. Muhammad Yusuf, A.-G. Supreme-Court-Azad-Kashmir",1996-06-08,2698,full_judgment,headnote_only,appeal_dismissed
2006_PLD_189,2006 PLD 189,Mst. Rukhsana Mehdi v. Waryam,Court of Record,2006-01-01,607,full_judgment,headnote_only,unknown
2006_PLD_196,2006 PLD 196,Muhammad Farooq v. Nazir Ahmad,Court of Record,2006-01-01,325,full_judgment,headnote_only,unknown
2006_PLD_201,2006 PLD 201,Rehmat Wali v. The State,Court of Record,2006-01-01,355,full_judgment,headnote_only,unknown
2006_PLD_208,2006 PLD 208,Masood Anwar v. Sabir Khan,Court of Record,2006-01-01,408,full_judgment,headnote_only,unknown
2006_PLD_214,2006 PLD 214,Mst. Mobin Fatima v. Muhammad Yamin,Court of Record,2006-01-01,493,full_judgment,headnote_only,appeal_allowed
2006_PLD_216,2006 PLD 216,Messrs Aer Rianta International Pakistan (Pvt.) Ltd. v. Civil Aviation Authority,Court of Record,2006-01-01,332,full_judgment,headnote_only,appeal_dismissed
2006_PLD_221,2006 PLD 221,Captain S. M. Aslam v. The State,Court of Record,2006-01-01,506,full_judgment,headnote_only,revision_dismissed
2006_PLD_226,2006 PLD 226,Happy Family Associate Through Chief Executive v. Messrs Pakistan International Trading Company,Court of Record,2006-01-01,360,full_judgment,headnote_only,leave_refused
1997_PLC(CS)_109,1997 PLC(CS) 391,MUHAMMAD AYAZ KHAN v. INSPECTOR,"General Of Police - Honorable Justice Munawar Ali Khan - M.M. Aqil Awan , Azizur Rehman Service-Tribunal-Sindh",1995-05-23,2083,full_judgment,headnote_only,appeal_allowed
1997_PLC(CS)_110,1997 PLC(CS) 396,"NISAR AHMAD v. SECRETARY, GOVERNMENT OF PAKISTAN, MINISTRY OF FINANCE, ISLAMABAD",Peshawar High Court,1995-10-11,1645,full_judgment,headnote_only,remanded
1994_PLC(CS)_432,1994 PLC(CS) 1648,"MUHAMMAD SIDDIQUE v. SECRETARY, FOOD, GOVERNMENT OF THE PUNJAB, LAHORE","Honorable Justice Abdul Hamid Khan - S. Sharif Hussain , Malik Abdul Haq Service-Tribunal-Punjab",1993-12-19,1984,full_judgment,headnote_only,appeal_allowed
1994_PLC(CS)_433,1994 PLC(CS) 1653,"MAHBOOB ALI KAZI v. SENIOR SUPERINTENDENT OF POLICE, LARKANA","Honorable Justice K.B, Dodani - M.M. Kazi , Abdul Latif Ansari Service-Tribunal-Sindh",1994-01-01,1584,full_judgment,headnote_only,appeal_allowed
1994_PLC(CS)_434,1994 PLC(CS) 1657,FAZAL,"Ur-Rehman Khan Vs Director Of Industries And Mineral Development Department, Punjab, Lahore - Honorable Justice Abdul Hamid Khan - M.A. Riaz , Ch. Manzoor Hussain, District Attorney And Muhammad Ajaib Malik Service-Tribunal-Punjab",1992-04-23,3841,full_judgment,headnote_only,appeal_dismissed
1994_PLC(CS)_435,1994 PLC(CS) 1665,"AMJAD PERVEZ BUTT v. SECRETARY, MINISTRY OF INTERIOR","Honorable Justice Muhammad Ilyas Lodhi - F.E. Siddiqui , Javaid Aziz Sandhu Federal-Service-Tribunal",1994-07-11,1219,full_judgment,headnote_only,appeal_allowed
1994_PLC(CS)_436,1994 PLC(CS) 1668,"MUHAMMAD HAMAYUN v. CHAIRMAN, P.O.F. BOARD, WAH CANTT",Honorable Justice Abdul Razzaq A. Thahim - M.S. Siddiqui Federal-Service-Tribunal,1994-07-12,1601,full_judgment,headnote_only,appeal_dismissed
1994_PLC(CS)_437,1994 PLC(CS) 1672,MUHAMMAD SHAMSUL HUDA v. DIRECTOR,"General, Federal Seed Certification, Islamabad - Federal-Service-Tribunal",1994-06-08,2312,full_judgment,headnote_only,appeal_dismissed
1994_PLC(CS)_438,1994 PLC(CS) 1677,KHALIL,"Ul-Haq Awan Vs Chairman, Pakistan Telecommunication Corporation, Islamabad - Honorable Justice Abdul Razzaq A. Thahim - Pir Altaf Hussain Shah , Hafiz Sa. Rehman Federal-Service-Tribunal",1994-02-12,2776,full_judgment,headnote_only,appeal_dismissed
1994_PLC(CS)_439,1994 PLC(CS) 1682,MUHAMMAD FAROOQ v. AZAD GOVERNMENT OF THE STATE OF JAMMU AND KASHMIR,"Honorable Justice Raja Bashir Ahmad Khan - Syed Nazir Hussain Shah Kazmi , Zafar Sultan Kayani & Sardar Rafique Mahmood Supreme-Court-Azad-Kashmir",1994-01-01,1328,full_judgment,headnote_only,appeal_dismissed
1994_PLC(CS)_440,1994 PLC(CS) 1685,"MUHAMMAD SHAMIM AKHTAR v. CHAIRMAN, C.B.R., ISLAMABAD","Honorable Justice Abdul Razzaq A. Thahim - Sabihuddin Ahmed , S. Abrar A. Bukhari & Niaz Ahmed Khan Federal-Service-Tribunal",1994-07-05,1685,full_judgment,headnote_only,appeal_dismissed
1994_PLC(CS)_442,1994 PLC(CS) 1691,FIROZUDDIN AHMED v. GOVERNMENT OF PAKISTAN,"Honorable Justice Abdul Razzaq A. Thahim - Manzoor Ali Khan , Niaz Ahmed Khan & Ahmed Yousuf Ali Rizvi Federal-Service-Tribunal",1994-01-01,2191,full_judgment,headnote_only,appeal_dismissed
1994_PLC(CS)_443,1994 PLC(CS) 1696,"MUHAMMAD JAVED IQBAL v. SECRETARY, ESTABLISHMENT DIVISION, ISLAMABAD","Honorable Justice Abdul Razzaq A. Thahim - , M. Javid Aziz Sandhu Federal-Service-Tribunal",1994-07-03,1933,full_judgment,headnote_only,appeal_dismissed
1994_PLC(CS)_444,1994 PLC(CS) 1700,"NASRIN TEMUR v. PRINCIPAL, OPF GIRLS COLLEGE, ISLAMABAD","Honorable Justice Abdul Razzaq A. Thahim - Zamiruddin Ahmed , M.N. Rizvi Federal-Service-Tribunal",1994-07-18,2018,full_judgment,headnote_only,appeal_dismissed
1994_PLC(CS)_445,1994 PLC(CS) 1704,EHSAN,Ul-Haq Vs Government Of Punjab - Service-Tribunal-Punjab,1992-10-18,2491,full_judgment,headnote_only,appeal_dismissed
1994_PLC(CS)_446,1994 PLC(CS) 1710,"MUSHTAQ ALI ZAKA v. SECRETARY, ESTABLISHMENT DIVISION, ISLAMABAD","Honorable Justice Abdul Razzaq A. Thahim - Manzoor Ali Khan And Fazal H. Chaudhry , M. Javid Aziz Sandhu, & Shah Abdur Rashid Federal-Service-Tribunal",1994-07-17,3340,full_judgment,headnote_only,unknown
1994_PLC(CS)_447,1994 PLC(CS) 1717,WALI MUHAMMAD v. HONOURABLE CHIEF JUSTICE OF PAKISTAN ISLAMABAD,Federal-Service-Tribunal,1994-01-01,7471,full_judgment,headnote_only,appeal_allowed
1994_PLC(CS)_448,1994 PLC(CS) 1734,ZAHIR AHMAD KHAN v. AZAD GOVERNMENT OF THE STATE OF JAMMU AND KASHMIR,"Honorable Justice Raja Bashir Ahmad Khan - Sardar Rafique Mahmood , Syed Asghar Ali Shah & Aslam Habib Supreme-Court-Azad-Kashmir",1994-06-12,1356,full_judgment,headnote_only,appeal_dismissed
1994_PLC(CS)_449,1994 PLC(CS) 1737,MUHAMMAD AHSEN v. AZAD GOVERNMENT OF THE STATE OF JAMMU AND KASHMIR,"Honorable Justice Raja Bashir Ahmad Khan - Ishfaq Hussain Kiani , Farooq Hussain Kashmiri & M. Tabassum Aftab Alvi Supreme-Court-Azad-Kashmir",1994-06-27,672,full_judgment,headnote_only,appeal_dismissed
1994_PLC(CS)_450,1994 PLC(CS) 1738,"IQASIR ALI v. CHIEF SECURITY OFFICER, AIRPORT SECURITY","Force, Karachi - Honorable Justice Noor Muhammad Magsi - S. Riaz Haider , Javed Akhtar Federal-Service-Tribunal",1994-07-10,1557,full_judgment,headnote_only,appeal_dismissed
1994_PLC(CS)_451,1994 PLC(CS) 1742,GHULAM MUHAMMAD v. AZAD GOVERNMENT OF THE STATE OF JAMMU AND KASHMIR,"Honorable Justice Zaidullah Khan - Khawaja Shahad Ahmed , Sardar Rafique Mahmood Supreme-Court-Azad-Kashmir",1994-06-01,2120,full_judgment,headnote_only,appeal_dismissed
1994_PLC(CS)_452,1994 PLC(CS) 1746,MUHAMMAD ASLAM v. AZAD GOVERNMENT OF THE STATE OF JAMMU AND KASHMIR,"Honorable Justice Raja Bashir Ahmad Khan - Sardar Rafique Mahmood Khan , Ghulam Mustafa Mughal Supreme-Court-Azad-Kashmir",1994-07-07,1898,full_judgment,headnote_only,appeal_dismissed
1994_PLC(CS)_453,1994 PLC(CS) 1751,ZAFAR ALI v. INSPECTOR,"General Of Police, Azad Jammu And Kashmir, Muzaffarabad - Honorable Justice Raja Bashir Ahmad Khan - Sardar Rafique Mahmood Khan , Syed Nazir Hussain Shah Supreme-Court-Azad-Kashmir",1994-08-04,1055,full_judgment,headnote_only,appeal_dismissed
1994_PLC(CS)_454,1994 PLC(CS) 1753,SHAUKAT MAHMOOD v. INSPECTOR,"General Of Police, Azad Jammu And Kashmul Muzaffarabad - Honorable Justice Raja Bashir Ahmad Khan - Raja Muhammad Hanif Khan , Raja Unser Tahir, Syed Nazir Hussain Shah & Ch. Ibrahim Zia Supreme-Court-Azad-Kashmir",1994-08-07,943,full_judgment,headnote_only,appeal_dismissed
1994_PLC(CS)_455,1994 PLC(CS) 1756,KHALID SIDDIQUI v. SECRETARY TO THE GOVERNMENT OF PAKISTAN ESTABLISHMENT DIVISON,"Honorable Justice S.M. Ishaq - Muhammad Naseem , Niaz Ahmed Khan Federal-Service-Tribunal",1994-06-22,2586,full_judgment,headnote_only,remanded
1993_PLC(CS)_1,1993 PLC(CS) 1,PAKISTAN INTERNATIONAL AIRLINES CORPORATION v. SHAHABUDDIN,Supreme Court of Pakistan,1992-04-13,2171,full_judgment,headnote_only,appeal_dismissed
1993_PLC(CS)_5,1993 PLC(CS) 32,"SAJJAD HUSSAIN v. SECRETARY, ESTABLISHMENT DIVISION, ISLAMABAD","Honorable Justice Syed Ally Madad Shah - Shah Abdur Rashid , Hafiz S.A. Rehman Federal-Service-Tribunal",1992-10-01,1828,full_judgment,headnote_only,appeal_dismissed
1993_PLC(CS)_10,1993 PLC(CS) 56,"GHULAM FARID v. SECRETARY TO MINISTRY OF FOREIGN AFFAIRS, ISLAMABAD",Federal-Service-Tribunal,1992-03-16,1754,full_judgment,headnote_only,remanded
1993_PLC(CS)_11,1993 PLC(CS) 60,"MUHAMMAD ZAMAN v. SECRETARY, ESTABLISHMENT DIVISION, ISLAMABAD",", Mian Ishtiaq Hussain Federal-Service-Tribunal",1992-05-12,2597,full_judgment,headnote_only,appeal_dismissed
1993_PLC(CS)_12,1993 PLC(CS) 66,"MUHAMMAD ASLAM v. DISTRICT EDUCATION OFFICER (MALE), SARGODHA","Honorable Justice Muhammad Mahmud Aslam Pirzada - Syed Faiz Ul Hassan , Ch. Manzoor Hussain Service-Tribunal-Punjab",1991-09-15,985,full_judgment,headnote_only,appeal_dismissed
1993_PLC(CS)_14,1993 PLC(CS) 71,GHULAM JALLANI v. AZAD GOVERNMENT OF THE STATE OF JAMMU AND KASHMIR,Supreme-Court-Azad-Kashmir,1992-03-26,2390,full_judgment,headnote_only,appeal_allowed
1993_PLC(CS)_18,1993 PLC(CS) 85,"MANZOOR HUSSAIN v. GENERAL MANAGER, C.T.R., LAHORE",Federal-Service-Tribunal,1992-03-29,4128,full_judgment,headnote_only,appeal_allowed
1993_PLC(CS)_19,1993 PLC(CS) 94,MUHAMMAD ANWAR KHAN v. PRIME MINISTER,", M. Bilal Federal-Service-Tribunal",1992-05-23,3136,full_judgment,headnote_only,unknown
1993_PLC(CS)_20,1993 PLC(CS) 100,"ABDUL MAJEED v. ASSISTANT GENERAL MANAGER (STAFF), CENTRAL TELECOMMUNICATION REGION, LAHORE","Honorable Justice Ch. Hasan Nawaz - Ch. Khalid Farooq , Hafiz Tariq Naseem Federal-Service-Tribunal",1992-04-19,1910,full_judgment,headnote_only,appeal_allowed
1993_PLC(CS)_23,1993 PLC(CS) 116,"M. TAHIR RASHEED v. SECRETARY, ESTABLISHMENT DIVISION, ISLAMABAD","Honorable Justice Syed Ally Madad Shah - Kanwar Mukhtar Ahmad , Niaz Ahmad Khan, Abdul Sattar Mughal, Salman Hamid For Qazi Faiz Isa, Moor Ali & Sabihuddin Ahmed Federal-Service-Tribunal",1992-08-08,2237,full_judgment,headnote_only,unknown
1993_PLC(CS)_25,1993 PLC(CS) 134,"SABIR ZAMEER SIDDIQUI v. SECRETARY, AGRICULTURE, GOVERNMENT OF THE PUNJAB, LAHORE",Service-Tribunal-Punjab,1992-09-03,897,full_judgment,headnote_only,appeal_allowed
1984_PLC(CS)_480,1984 PLC(CS) 1060,AKHTAR MAHMOOD QURESHI v. DEPUTY INSPECTOR,"General Of Police, Tele Communication & Transport, Lahore - Honorable Justice Abdul Hamid Chaudhry - Service-Tribunal-Punjab",1983-02-16,1486,full_judgment,headnote_only,appeal_dismissed
1993_PLC(CS)_26,1993 PLC(CS) 136,"SABIR ZAMEER SIDDIQUI v. SECRETARY, AGRICULTURE, GOVERNMENT OF THE PUNJAB, LAHORE",Service-Tribunal-Sindh,1992-02-27,2870,full_judgment,headnote_only,unknown
1993_PLC(CS)_28,1993 PLC(CS) 147,"KHUDA BUX v. SECRETARY, FOREST, FISHERIES AND LIVESTOCK DEPARTMENT, GOVERNMENT OF SINDH","Honorable Justice Ghulam Mujadid Isran - M.M. Aqil Awan , Habibur Rasheed Assisted By Muhammad Ibrahim, Service-Tribunal-Sindh",1992-05-19,2311,full_judgment,headnote_only,appeal_allowed
1993_PLC(CS)_29,1993 PLC(CS) 153,MUHAMMAD RASHID v. AZAD GOVERNMENT OF THE STATE OF JAMMU AND KASHMIR,Supreme-Court-Azad-Kashmir,1993-01-01,3131,full_judgment,headnote_only,appeal_allowed
1993_PLC(CS)_30,1993 PLC(CS) 159,SKEENA BEBI v. AZAD GOVERNMENT OF THE STATE OF JAMMU AND KASHMIR,Supreme-Court-Azad-Kashmir,1992-01-16,1366,full_judgment,headnote_only,appeal_dismissed
1993_PLC(CS)_31,1993 PLC(CS) 162,JAMILA BEGUM v. AZAD GOVERNMENT OF THE STATE OF JAMMU AND KASHMIR,", M. Tabassum Aftab Alvi Supreme-Court-Azad-Kashmir",1992-04-23,1847,full_judgment,headnote_only,unknown
1993_PLC(CS)_32,1993 PLC(CS) 167,"BASHIR AHMAD v. WATER AND POWER DEVELOPMENT AUTHORITY, LAHORE",Federal-Service-Tribunal,1993-01-01,1677,full_judgment,headnote_only,appeal_dismissed
1993_PLC(CS)_33,1993 PLC(CS) 171,"IKRAMULLAH KHAN v. SECRETARY, ESTABLISHMENT DIVISION",", Saeed Akhtar & Mian Ishtiaq Hussain Federal-Service-Tribunal",1992-07-02,6675,full_judgment,headnote_only,unknown
1993_PLC(CS)_35,1993 PLC(CS) 192,"NIZAMUDDIN v. SECRETARY, MINISTRY OF INDUSTRIES, ISLAMABAD",Federal-Service-Tribunal,1993-01-01,1399,full_judgment,headnote_only,appeal_allowed
1993_PLC(CS)_36,1993 PLC(CS) 195,TARIQ MANSOOR v. THE MEMBER FINANCE/ADDITIONAL FINANCE SECRETARY,Federal-Service-Tribunal,1991-09-25,5098,full_judgment,headnote_only,appeal_allowed
1993_PLC(CS)_38,1993 PLC(CS) 210,MINHAJUL HASSAN SYED v. WAPDA,Federal-Service-Tribunal,1993-01-01,3048,full_judgment,headnote_only,appeal_dismissed
1993_PLC(CS)_39,1993 PLC(CS) 217,"GUL MAST v. GENERAL MANAGER, PAKISTAN RAILWAYS","Honorable Justice Ch. Hasan Nawaz - Abdul Waheed , S.M. Abdul Wahab Federal-Service-Tribunal",1993-01-01,1565,full_judgment,headnote_only,appeal_dismissed
1993_PLC(CS)_40,1993 PLC(CS) 220,"ABDUR RASHID v. SECRETARY, PLANNING AND DEVELOPMENT DIVISION, GOVERNMENT OF PAKISTAN",Federal-Service-Tribunal,1992-10-14,10210,full_judgment,headnote_only,unknown
1993_PLC(CS)_43,1993 PLC(CS) 268,ACCOUNTANT,"General, Azad Jammu And Kashmir, Muzaffarabad Vs Zaman Hussain Khan - Supreme-Court-Azad-Kashmir",1992-11-02,8713,full_judgment,headnote_only,appeal_allowed
1993_PLC(CS)_44,1993 PLC(CS) 286,AZAD GOVERNMENT OF THE STATE OF J&K v. MUHAMMAD RAFIQUE KHAN,Supreme-Court-Azad-Kashmir,1992-11-16,4431,full_judgment,headnote_only,appeal_allowed
1993_PLC(CS)_45,1993 PLC(CS) 297,"MUHAMMAD LATIF KHAN v. ALIUL HUSSAIN BUKHARI, D.C.F., MUZAFFARABAD",Supreme-Court-Azad-Kashmir,1992-10-06,5262,full_judgment,headnote_only,unknown
1993_PLC(CS)_46,1993 PLC(CS) 308,"ABBAS ALI v. EXECUTIVE ENGINEER (E), WAPDA, LAHORE",Federal-Service-Tribunal,1992-05-05,1828,full_judgment,headnote_only,appeal_allowed
1993_PLC(CS)_47,1993 PLC(CS) 313,"MUHAMMAD RIAZ v. EXECUTIVE ENGINEER (E), WAPDA, PASRUR",Federal-Service-Tribunal,1992-07-08,2111,full_judgment,headnote_only,appeal_allowed
1993_PLC(CS)_48,1993 PLC(CS) 318,"MUHAMMAD YAQOOB v. SECRETARY, JAILS MUHAMMAD YAQUB EXECUTIVE ENGINEER, WAPDA, ABDULLAHPUR DIVISION, FAISALABAD","Honorable Justice Ch. Hasan Nawaz - Shaukat Ali Mehr , Ch. Abdul Sattar Ali Federal-Service-Tribunal",1992-07-07,1617,full_judgment,headnote_only,appeal_allowed
1993_PLC(CS)_49,1993 PLC(CS) 322,TANVIR AHMAD v. GOVERNMENT OF PAKISTAN,Federal-Service-Tribunal,1992-06-29,3478,full_judgment,headnote_only,remanded
1993_PLC(CS)_51,1993 PLC(CS) 338,"MUHAMMAD NAWAZ KHAN v. MUHAMMAD IJAZ RASHID, ASSISTANT T&T DIRECTORATE","General, Islamabad - Supreme-Court",1992-10-04,2867,full_judgment,headnote_only,unknown
1993_PLC(CS)_53,1993 PLC(CS) 354,MUHAMMAD ASHRAF v. GOVERNMENT OF THE PUNJAB,Service-Tribunal-Punjab,1992-12-21,4573,full_judgment,headnote_only,appeal_allowed
1993_PLC(CS)_54,1993 PLC(CS) 364,M. MASOOD AHMAD QAZI v. LAHORE DEVELOPMENT AUTHORITY,", Ch. Hamid-Ud-Din Lahore-High-Court-Lahore",1993-01-01,1093,full_judgment,headnote_only,petition_dismissed
1993_PLC(CS)_61,1993 PLC(CS) 389,HAMID JAMIL v. AFZAL KHAN,Service-Tribunal-Sindh,1992-03-04,3567,full_judgment,headnote_only,appeal_dismissed
1993_PLC(CS)_62,1993 PLC(CS) 396,"MASHOOQ ALI v. MEDICAL SUPERINTENDENT, CHANDKA MEDICAL COLLEGE HOSPITAL, LARKANA",Service-Tribunal-Sindh,1992-09-03,1367,full_judgment,headnote_only,appeal_allowed
1993_PLC(CS)_63,1993 PLC(CS) 400,HADI BUX v. GOVERNMENT OF SINDH,Service-Tribunal-Sindh,1992-10-06,2969,full_judgment,headnote_only,appeal_dismissed
1993_PLC(CS)_64,1993 PLC(CS) 406,SADAQAT ALI v. DIRECTOR,"General, Department Of Supplies (Adorn. Wing), Karachi - Federal-Service-Tribunal",1992-08-09,2244,full_judgment,headnote_only,appeal_allowed
1951_PLD_293,1951 PLD 293,Sheikh Amin-Ud Din v. Lahore Electric Supply Company Ltd -  Lahore-High-Court-Lahore,Lahore High Court,1951-01-01,338,full_judgment,headnote_only,unknown
1993_PLC(CS)_66,1993 PLC(CS) 415,"ABDUL MAJID v. SECRETARY, ESTABLISHMENT DIVISION, GOVERNMENT OF PAKISTAN, ISLAMABAD","Honorable Justice Ch. Hasan Nawaz - , Hafiz Tariq Naseem Federal-Service-Tribunal",1992-08-25,1896,full_judgment,headnote_only,unknown
1993_PLC(CS)_68,1993 PLC(CS) 438,"S.U. SIDDIQUI v. MANAGER, PERSONNEL AND ADMINISTRATION DEPARTMENT P.N. DOCKYARD, KARACHI",Federal-Service-Tribunal,1984-05-19,3096,full_judgment,headnote_only,unknown
1993_PLC(CS)_70,1993 PLC(CS) 451,ANWARUL HASAN KHAN v. CHIEF SECRETARY,"Honorable Justice Munawar Ali Khan - Abdul Sattar Mughal , Habib Rashid Service-Tribunal-Sindh",1992-03-11,1473,full_judgment,headnote_only,appeal_dismissed
1993_PLC(CS)_72,1993 PLC(CS) 460,"AMIR MUHAMMAD v. S.S.P., DISTRICT EAST, KARACHI","Honorable Justice Abdur Rashid Khan Sherwani - Gulzaman Khan , Habib Rashid Service-Tribunal-Sindh",1992-08-20,1589,full_judgment,headnote_only,appeal_allowed
1993_PLC(CS)_73,1993 PLC(CS) 464,"GHULAM RASOOL MAHAR v. GOVERNMENT OF SINDH, IRRIGATION AND POWER DEPARTMENT, KARACHI","Honorable Justice Munawar Ali Khan - Manzoor Ali Khan , Naimatullah Qureshi, Jhamat Jethanand & Habibur Rasheed Service-Tribunal-Sindh",1992-08-10,2804,full_judgment,headnote_only,appeal_dismissed
1993_PLC(CS)_75,1993 PLC(CS) 471,MUHAMMAD ASLAM RIZVI v. DIRECTOR,"General, Civil Aviation Authority, Karachi - Honorable Justice Syed Haider Ali Pirzada - Azizur Rehman Karachi-High-Court-Sindh",1992-07-04,899,full_judgment,headnote_only,petition_dismissed
1993_PLC(CS)_76,1993 PLC(CS) 474,"MUHAMMAD ISMAIL v. CHAIRMAN, AREA ELECTRICITY BOARD, ISLAMABAD","Honorable Justice Syed Ally Madad Shah - Mansoor Ahmed , M. Sadiq Abbasi Federal-Service-Tribunal",1991-07-13,1006,full_judgment,headnote_only,appeal_allowed
1993_PLC(CS)_77,1993 PLC(CS) 476,"AHSAN YOUSUF FAOOQI v. MANAGING DIRECTOR, PIAC, KARACHI",Federal-Service-Tribunal,1991-06-29,1314,full_judgment,headnote_only,appeal_allowed
1993_PLC(CS)_78,1993 PLC(CS) 479,"EJAZ M. KHAN v. MANAGING DIRECTOR, PAKISTAN INTERNATIONAL AIRLINES CORPORATION, KARACHI",Federal-Service-Tribunal,1991-06-16,1029,full_judgment,headnote_only,appeal_dismissed
1993_PLC(CS)_79,1993 PLC(CS) 481,MUHAMMAD JAMEEL KHAN v. GOVERNMENT OF PAKISTAN,", Dr. G.S. Khan Federal-Service-Tribunal",1991-06-15,3324,full_judgment,headnote_only,appeal_allowed
1993_PLC(CS)_80,1993 PLC(CS) 488,ALEEM MAHMOOD v. GOVERNMENT OF PAKISTAN,"Honorable Justice Syed Ally Madad Shah & Rasheed-Ud-Din Arshad - Gulfam Akhtar Awan, Tanvir Bashir Ansari, Saleem Zulfiqar , Sardar Muhammad Amir Akbar Khan, Nemo, Saleem Zulfiqar, M/S. S. Ibrahim Shah, Dr. Sh. Aleem Mahmood And Miss Shirin Ghoury, Abdul Razaq Khan And S.M. Badrul Hassan, Ibrahim Shah, Dr. Sh. Aleem Mahmood, Akbar Hayat Khan And Abdul Raza Khan, M/S. Ibrahim Shah, Dr. Sh. Aleem Mahmood, Akbar Hayat Khan Federal-Service-Tribunal",1991-05-12,6347,full_judgment,headnote_only,appeal_dismissed
1993_PLC(CS)_81,1993 PLC(CS) 497,"MUHAMMAD ASGHAR v. DIVISIONAL TRANSPORTATION OFFICER (D) PAKISTAN RAILWAYS, KARACHI","Honorable Justice Agha Ali Hyder - , Munib Ahmed Khan Labour-Appellate-Tribunal-Sindh",1993-01-31,1155,full_judgment,headnote_only,appeal_allowed
1993_PLC(CS)_82,1993 PLC(CS) 500,"MUSSARAT HUSSAIN v. THAI AIRWAYS INTERNATIONAL AIRPORT TERMINAL NO. 3, KARACHI",", M.L. Shahani Labour-Appellate-Tribunal-Sindh",1993-02-28,1258,full_judgment,headnote_only,appeal_dismissed
1993_PLC(CS)_84,1993 PLC(CS) 505,"GENERAL TYRE AND RUBBER CO. OF PAKISTAN LIMITED, KARACHI v. AKHTAR MUNEER","Honorable Justice Agha Ali Hyder - Mehmood A. Ghani , Shafiq Qureshi Labour-Appellate-Tribunal-Sindh",1993-02-18,1050,full_judgment,headnote_only,appeal_dismissed
1993_PLC(CS)_86,1993 PLC(CS) 509,"RIAZ AHMED v. GENERAL MANAGER, PAKISTAN RAILWAYS, LAHORE",Federal-Service-Tribunal,1991-07-20,1670,full_judgment,headnote_only,appeal_dismissed
1984_PLC(CS)_483,1984 PLC(CS) 1063,"LIAQAT ALI v. SUPERINTENDENT OF POLICE, HEADQUARTERS, LAHORE",Honorable Justice Abdul Hamid Chaudhry - Service-Tribunal-Punjab,1982-07-01,1123,full_judgment,headnote_only,appeal_dismissed
1984_PLC(CS)_484,1984 PLC(CS) 1064,Case #484 (1984 PLC(CS) 1064),Labour-Appellate-Tribunal-Punjab,1982-12-22,960,full_judgment,headnote_only,appeal_dismissed
1993_PLC(CS)_87,1993 PLC(CS) 509,"NASIM AHMED v. MUSLIM COMMERCIAL BANK LTD., KARACHI",Labour-Appellate-Tribunal-Sindh,1993-02-21,410,full_judgment,headnote_only,appeal_dismissed
1993_PLC(CS)_88,1993 PLC(CS) 510,AZRA MOHSIN v. IMAM HASAN ASKARI (A.S.),Labour-Appellate-Tribunal-Sindh,1993-02-18,1000,full_judgment,headnote_only,appeal_dismissed
1993_PLC(CS)_90,1993 PLC(CS) 513,"MUHAMMAD SIDDIQ PECHUHO v. CENTRAL BOARD OF REVENUE, ISLAMABAD",Manzoor Ali Khan Federal-Service-Tribunal,1991-07-16,2819,full_judgment,headnote_only,unknown
1993_PLC(CS)_91,1993 PLC(CS) 515,"DADABHOY CERAMIC INDUSTRIES LTD., KARACHI v. DADABHOY CERAMICINDUSTRIES LABOUR UNION, KARACHI","Honorable Justice Agha Ali Hyder - Riaz Hussain Baloch , Ali Amjad Labour-Appellate-Tribunal-Sindh",1993-02-28,3074,full_judgment,headnote_only,unknown
1993_PLC(CS)_92,1993 PLC(CS) 520,HAKIM KHAN v. INSPECTOR,"General Of Police, Islamabad - Federal-Service-Tribunal",1991-07-24,2608,full_judgment,headnote_only,appeal_allowed
1993_PLC(CS)_95,1993 PLC(CS) 529,"NATIONAL BANK OF PAKISTAN, KARACHI v. WIQAR AHMED",Labour-Appellate-Tribunal-Sindh,1993-02-14,1071,full_judgment,headnote_only,appeal_allowed
1993_PLC(CS)_96,1993 PLC(CS) 530,"SAFER AHMED KHAN v. SECRETARY, DEFENCE DIVISION, RAWALPINDI","Honorable Justice Syed Ally Madad Shah - Aminur Rehman Khan , Hafiz Sa. Rehman Federal-Service-Tribunal",1993-01-01,2104,full_judgment,headnote_only,appeal_allowed
1993_PLC(CS)_97,1993 PLC(CS) 531,"PROJECT MANAGER, PAKISTAN NATIONAL PRODUCE COMPANY LIMITED,SHIKARPUR v. IRSHAD AHMED SOOMRO","Honorable Justice Agha Ali Hyder - Karam Chand Kingrani , S.P. Lodhi, Labour-Appellate-Tribunal-Sindh",1993-02-07,503,full_judgment,headnote_only,appeal_dismissed
1984_PLC(CS)_487,1984 PLC(CS) 1068,AFTAB EJAZ v. D. L,"G. Police, Lahore Range - Honorable Justice S. Abdul Jabdar Khan - Service-Tribunal-Punjab",1982-08-28,1771,full_judgment,headnote_only,appeal_allowed
1984_PLC(CS)_489,1984 PLC(CS) 1071,Case #489 (1984 PLC(CS) 1071),Labour-Appellate-Tribunal-Punjab,1982-12-13,972,full_judgment,headnote_only,appeal_allowed
1950_PLD_79,1950 PLD 36,CROWN v. ARDUR RAHMAN,High Court of Judicature Baghdad-ul-Jadid,1950-01-01,4516,full_judgment,headnote_only,unknown
1984_PLC(CS)_490,1984 PLC(CS) 1071,"ABDUL SATTAR v. SUPERINTENDENT OF POLICE, FAISALABAD",Honorable Justice Abdul Hamid Chaudhry - Service-Tribunal-Punjab,1982-08-25,1325,full_judgment,headnote_only,unknown
1984_PLC(CS)_491,1984 PLC(CS) 1073,Case #491 (1984 PLC(CS) 1073),Labour-Appellate-Tribunal-Punjab,1983-10-01,479,full_judgment,headnote_only,appeal_allowed
1993_PLC(CS)_98,1993 PLC(CS) 534,"SINDH ENGINEERING (PVT.) LIMITED, KARACHI v. SAEED AHMED",Honorable Justice Agha Ali Hyder - Abdul Hafeez Labour-Appellate-Tribunal-Sindh,1993-02-16,353,full_judgment,headnote_only,revision_dismissed
1993_PLC(CS)_99,1993 PLC(CS) 535,"FARHAT MAQBOOL v. SECRETARY, MINISTRY OF EDUCATION, ISLAMABAD",", Shah Abdur Rashid Federal-Service-Tribunal",1991-06-16,2416,full_judgment,headnote_only,appeal_dismissed
1993_PLC(CS)_100,1993 PLC(CS) 535,KHALID HUSSAIN v. PAKISTAN STEEL KARACHI,"Honorable Justice Agha Ali Hyder - Shamsuddin Khalid , Abdus Samad Labour-Appellate-Tribunal-Sindh",1993-01-31,612,full_judgment,headnote_only,unknown
1993_PLC(CS)_101,1993 PLC(CS) 537,"MUHAMMAD ASHFAQUDDIN SIDDIQUI v. SIEMENS PAKISTAN ENGINEERING COMPANY LIMITED, KARACHI","Honorable Justice Agha Ali Hyder - Khurshid Ahmed Siddiqui & Imran Bukhari , Khurshid Ahmed Siddiqui & Imran Bukhari Labour-Appellate-Tribunal-Sindh",1993-01-31,1270,full_judgment,headnote_only,unknown
1984_PLC(CS)_497,1984 PLC(CS) 1078,MUHAMMAD ASLAM v. PROVINCE OF PUNJAB,Honorable Justice Abdul Hamid Chaudhry - Service-Tribunal-Punjab,1982-08-07,1955,full_judgment,headnote_only,appeal_dismissed
1993_PLC(CS)_103,1993 PLC(CS) 540,NAWAB v. HON'BLE 3RD SINDH LABOUR COURT AT KARACHI,"Honorable Justice Agha Ali Hyder - , M. Rafiq Malik Labour-Appellate-Tribunal-Sindh",1993-01-31,361,full_judgment,headnote_only,appeal_dismissed
1993_PLC(CS)_104,1993 PLC(CS) 541,"ZENITH INDUSTRIES (PVT.) LTD., KARACHI v. HAJI MUHAMMAD","Honorable Justice Agha Ali Hyder - Sabihuddin Ahmed , Khalilur Rehman Labour-Appellate-Tribunal-Sindh",1993-03-11,703,full_judgment,headnote_only,unknown
1993_PLC(CS)_105,1993 PLC(CS) 546,ZAHID MAHMOOD v. GOVERNMENT OF PAKISTAN,Federal-Service-Tribunal,1992-01-15,2671,full_judgment,headnote_only,appeal_allowed
1993_PLC(CS)_106,1993 PLC(CS) 550,"HAKIMSONS CHEMICAL INDUSTRIES (PVT.) LTD. EMPLOYEES' UNION,KARACHI v. HAKIMSONS CHEMICAL INDUSTRIES (PVT.) LTD., KARACHI","Honorable Justice Agha Ali Hyder - Ali Amjad , Muhammad Humayun Labour-Appellate-Tribunal-Sindh",1993-03-08,1257,full_judgment,headnote_only,unknown
1950_PLD_361,1950 PLD 361,Crown v. Abdul Rehman -  Lahore-High-Court-Lahore,Lahore High Court,1950-01-01,311,full_judgment,headnote_only,unknown
1993_PLC(CS)_110,1993 PLC(CS) 556,"ARSHAD BAIG v. SECRETARY TO GOVERNMENT OF PAKISTAN, MINISTRY OF INTERIOR, ISLAMABAD","Honorable Justice Ch. Hasan Nawaz - Ch. Mushtaq Masood , Hafiz Tariq Naseem Federal-Service-Tribunal",1991-12-02,4164,full_judgment,headnote_only,appeal_dismissed
1993_PLC(CS)_113,1993 PLC(CS) 565,"R.M. IKRAM AZAM v. SECRETARY, ESTABLISHMENT DIVISION",Federal-Service-Tribunal,1991-05-22,2718,full_judgment,headnote_only,appeal_allowed
1993_PLC(CS)_115,1993 PLC(CS) 567,"ZENITH INDUSTRIES (PVT.) LTD., KARACHI v. RIAZ SHAHID","Honorable Justice Agha Ali Hyder - Sabihuddin Ahmed , Khalilur Rehman Labour-Appellate-Tribunal-Sindh",1993-03-11,628,full_judgment,headnote_only,appeal_dismissed
1993_PLC(CS)_122,1993 PLC(CS) 584,"ABDUL GHAFFAR v. SUPERINTENDING ENGINEER, SARGODHA CIRCLE (E), WAPDA, SARGODHA",Federal-Service-Tribunal,1993-01-17,1827,full_judgment,headnote_only,appeal_allowed
1993_PLC(CS)_123,1993 PLC(CS) 588,"GULZAR HUSSAIN v. CHAIRMAN, FEDERAL SERVICE TRIBUNAL, ISLAMABAD","Honorable Justice Rana Rifat Saeed - Masud A. Riaz , Zakaullah Jan, S.O. D.R. On Behalf Of Estalishment Division, Iftikhar Ahmad, A.O. And Mahboob Khan Federal-Service-Tribunal",1993-01-26,1365,full_judgment,headnote_only,appeal_allowed
1993_PLC(CS)_124,1993 PLC(CS) 592,"MUHAMMAD AMIN v. SECRETARY, ESTABLISHMENT DIVISION",", Ali Abid Federal-Service-Tribunal",1990-10-23,2772,full_judgment,headnote_only,appeal_allowed
1993_PLC(CS)_125,1993 PLC(CS) 600,RIAZ HUSSAIN v. ESTABLISHMENT DIVISION,Federal-Service-Tribunal,1991-05-14,3179,full_judgment,headnote_only,appeal_dismissed
1993_PLC(CS)_126,1993 PLC(CS) 607,"RANA MASOOD NAQVI v. PRIME MINISTER OF PAKISTAN, ISLAMABAD","Honorable Justice Syed Ally Madad Shah - Kanwar Mukhtar Ahmed , Niaz Ahmad Khan Federal-Service-Tribunal",1991-06-16,2598,full_judgment,headnote_only,appeal_dismissed
1993_PLC(CS)_127,1993 PLC(CS) 613,"HAQ NAWAZ v. CHAIRMAN, RAILWAY BOARD/SECRETARY, MINISTRY OF RAILWAYS, ISLAMABAD","Honorable Justice Syed Ally Madad Shah - , Nemo Federal-Service-Tribunal",1993-01-01,3188,full_judgment,headnote_only,appeal_dismissed
1993_PLC(CS)_130,1993 PLC(CS) 633,FAZAL,"Ur-Rehman Abbasi Vs Azad Government Of The State Of Jammu And Kashmir - Honorable Justice Sardar Muhammad Sajawal Khan - Ghulam Mustafa Moughal , Sheikh Abdul Aziz Supreme-Court-Azad-Kashmir",1992-08-31,2335,full_judgment,headnote_only,appeal_dismissed
1993_PLC(CS)_131,1993 PLC(CS) 637,JAMIL AKHTER SHERAZI v. AZAD JAMMU AND KASHMIR GOVERNMENT,"Honorable Justice Sardar Muhammad Sajawal Khan - Raja Muhammad Hanif Khan , Abdul Hameed Shahid, Syed Karamat Din Gillani & Raja Sheraz Kayani Supreme-Court-Azad-Kashmir",1992-10-10,2786,full_judgment,headnote_only,unknown
1993_PLC(CS)_132,1993 PLC(CS) 643,"MUHAMMAD SHARIF ABID v. REGIONAL COMMISSIONER, INCOME","Tax Northern Region, Islamabad - Honorable Justice Ch Hasan Nawaz - Ch. Mushtaq Masood , Abdul Rehman Madni Federal-Service-Tribunal",1992-08-01,2779,full_judgment,headnote_only,appeal_allowed
1993_PLC(CS)_134,1993 PLC(CS) 658,DAVID IQBAL v. WATER AND POWER DEVELOPMENT AUTHORITY,"Honorable Justice Ch. Hasan Nawaz - Ch. Muhammad Ikram Sheikh , Ch. Ghulam Hasan Gulshan With Muhammad Yusuf Federal-Service-Tribunal",1993-01-18,1645,full_judgment,headnote_only,appeal_dismissed
1993_PLC(CS)_135,1993 PLC(CS) 662,"AFTAB AHMAD v. GENERAL MANAGER (PLANNING), PLANNING DIVISION, WAPDA, LAHORE","Honorable Justice Ch. Hasan Nawaz - Mian Mahmood Hussain , Ch. Ghulam Hasan Gulshan Federal-Service-Tribunal",1993-01-31,6011,full_judgment,headnote_only,appeal_dismissed
1993_PLC(CS)_137,1993 PLC(CS) 679,"MANZOOR HUSSAIN v. SECRETARY, MINISTRY OF FINANCE, ISLAMABAD","Honorable Justice Syed Ally Madad Shah - , Sardar Muhammad Amir Akbar Khan Federal-Service-Tribunal",1991-03-25,1449,full_judgment,headnote_only,appeal_dismissed
1984_PLC(CS)_501,1984 PLC(CS) 1082,Case #501 (1984 PLC(CS) 1082),Labour-Appellate-Tribunal-Punjab,1982-11-16,475,full_judgment,headnote_only,appeal_dismissed
1984_PLC(CS)_504,1984 PLC(CS) 1083,MANSOOR AHMAD MALIK v. GOVERNMENT OF PUNJAB,Honorable Justice S. Abdul Jabbar Khan - Service-Tribunal-Punjab,1982-07-27,688,full_judgment,headnote_only,appeal_dismissed
1993_PLC(CS)_140,1993 PLC(CS) 687,"HAIDER ABBAS RIZVI v. CHIEF SECRETARY, GOVERNMENT OF SINDH, KARACHI","Honorable Justice Munawar Ali Khan - , Manzoor Ali Khan, Mubarak Hussain & Habibur Rashid Service-Tribunal-Sindh",1992-10-15,2308,full_judgment,headnote_only,unknown
1993_PLC(CS)_141,1993 PLC(CS) 692,"ABDUL RAZZAK v. CHIEF MINISTER, SINDH, KARACHI AND OTHERS",Service-Tribunal-Sindh,1992-11-12,2339,full_judgment,headnote_only,appeal_allowed
1993_PLC(CS)_142,1993 PLC(CS) 698,"SHOUKAT ALI SHAHANI v. SENIOR SUPERINTENDENT OF POLICE, S.R.P., SUKKUR",Service-Tribunal-Sindh,1993-01-01,1550,full_judgment,headnote_only,remanded
1949_PLD_421,1949 PLD 421,Muhammad Khan v. The Crown -  Lahore-High-Court-Lahore,Lahore High Court,1949-01-01,422,full_judgment,headnote_only,unknown
1993_PLC(CS)_144,1993 PLC(CS) 712,"GULZAR ABBAS v. DISTRICT MANAGER, KARACHI TRANSPORT CORPORATION, KARACHI","Honorable Justice Agha Ali Hyder - M. Latif Saghar , Gul Muhammad Soomro Labour-Appellate-Tribunal-Sindh",1993-04-21,681,full_judgment,headnote_only,unknown
1993_PLC(CS)_145,1993 PLC(CS) 714,MUHAMMAD NAWAZ v. KARACHI TRANSPORT CORPORATION,"Honorable Justice Agha Ali Hyder - Ch. Muhammad Ashraf Khan , Gul Muhammad Soomro Labour-Appellate-Tribunal-Sindh",1993-05-17,1101,full_judgment,headnote_only,appeal_dismissed
1993_PLC(CS)_146,1993 PLC(CS) 714,"TASDIQ WARIS v. S.S.P., SINDH RESERVE POLICE, SUKKUR",Service-Tribunal-Sindh,1992-09-29,2500,full_judgment,headnote_only,appeal_allowed
1993_PLC(CS)_147,1993 PLC(CS) 716,"ZIAUL HASAN TIRMIZI v. MANAGING DIRECTOR, PAKISTAN INTERNATIONAL AIRLINES CORPORATION (PIAC), KARACHI","Honorable Justice Agha Ali Hyder - Ashraf Hussain Rizvi , Khairul Aman Labour-Appellate-Tribunal-Sindh",1993-04-06,1230,full_judgment,headnote_only,appeal_dismissed
1993_PLC(CS)_148,1993 PLC(CS) 719,PAKISTAN STEEL v. MUHAMMAD AZHAR,"Honorable Justice Agha Ali Hyder - Akhlaq Ahmed Siddiqui , Ashraf Hussain Rizvi Labour-Appellate-Tribunal-Sindh",1993-04-26,482,full_judgment,headnote_only,unknown
1949_PLD_257,1949 PLD 257,Lumbhardar Zutshi v. The King,Court of Record,1949-01-01,350,full_judgment,headnote_only,leave_granted
1993_PLC(CS)_150,1993 PLC(CS) 720,GHULAM HUSSAIN v. CHAIRMAN PAKISTAN INDUSTRIAL DEVELOPMENT CORPORATION,"Honorable Justice Agha Ali Hyder - Manzar Alam , Abdul Rauf Kasuri Labour-Appellate-Tribunal-Sindh",1993-04-28,472,full_judgment,headnote_only,appeal_dismissed
1949_PLD_270,1949 PLD 270,Kanda v. Waghu,Court of Record,1949-01-01,319,full_judgment,headnote_only,unknown
1949_PLD_278,1949 PLD 278,"Sardar Abdul Halim Khan v. Chairman, Lahore Improvement Trust -  Lahore-High-Court-Lahore",Lahore High Court,1949-01-01,301,full_judgment,headnote_only,unknown
1993_PLC(CS)_151,1993 PLC(CS) 722,"KARACHI ELECTRIC SUPPLY CORPORATION LIMITED, KARACHI v. FAQIR HUSSAIN","Honorable Justice Agha Ali Hyder - Izzat Puri , Nazar Akbar Labour-Appellate-Tribunal-Sindh",1993-04-20,735,full_judgment,headnote_only,appeal_dismissed
1949_PLD_305,1949 PLD 305,The Bank Of India Ltd. v. Jamsetji A. H. Chinoy And Messrs. Chinoy & Co.,Court of Record,1949-01-01,322,full_judgment,headnote_only,unknown
1993_PLC(CS)_153,1993 PLC(CS) 726,"S. SAJJAD ALI SHAH v. OPERATIONAL HEAD BULK WATER SUPPLY DEPARTMENT, PAKISTAN STEEL, KARACHI","Honorable Justice Agha Ali Hyder - Muhammad Majeed Jeelani , Abdus Samad Labour-Appellate-Tribunal-Sindh",1993-04-22,640,full_judgment,headnote_only,appeal_dismissed
1993_PLC(CS)_154,1993 PLC(CS) 728,SALAH,"Ud-Din Vs Chairman, Wapda, Lahore - Honorable Justice Abdul Razzak A. Thahim - Mian Mahmood Hussain & Muhammad Asghar Malik , Syed Iftikhar Ahmed Federal-Service-Tribunal",1993-01-24,4142,full_judgment,headnote_only,appeal_allowed
1993_PLC(CS)_155,1993 PLC(CS) 728,"INDUSTRIAL CLOTHINGS (PVT.) LTD., KARACHI v. MUHAMMAD ISMAIL","Honorable Justice Agha Ali Hyder - Mehmood Abdul Ghani , Raja Shamsuz Zaman Labour-Appellate-Tribunal-Sindh",1993-04-20,1007,full_judgment,headnote_only,appeal_allowed
1993_PLC(CS)_156,1993 PLC(CS) 730,"KHANPUR GUL v. NATIONAL MOTORS LIMITED, KARACHI","Honorable Justice Agha Ali Hyder - Shari Muhammad , S. Qamaruddin Hassan Labour-Appellate-Tribunal-Sindh",1993-04-04,2082,full_judgment,headnote_only,appeal_dismissed
1984_PLC(CS)_506,1984 PLC(CS) 1085,"NOOR AHMAD v. DIVISIONAL FOREST OFFICER, FAISALABAD",Honorable Justice S. Abdul Jabbar Khan - Service-Tribunal-Punjab,1982-07-28,826,full_judgment,headnote_only,appeal_allowed
1993_PLC(CS)_159,1993 PLC(CS) 737,"MUHAMMAD AKBAR v. SENIOR CIVIL JUDGE, LAHORE","Honorable Justice Akhtar Hassan - Ch. Muhammad Iqbal , Javed Ahmad Cheema Service-Tribunal-Punjab",1992-11-28,2005,full_judgment,headnote_only,appeal_dismissed
1993_PLC(CS)_160,1993 PLC(CS) 742,ABDUL HAFEEZ v. MASTER GENERAL OF ORDNANCE,Federal-Service-Tribunal,1992-10-31,926,full_judgment,headnote_only,unknown
2006_PLD_350,2006 PLD 350,"Sh. Jamil Ahmed Through Legal Heirs v. Administrator Municipal Committee, Abbottabad",Court of Record,2006-01-01,495,full_judgment,headnote_only,leave_refused
2006_PLD_358,2006 PLD 358,Mazhar Ali Chaudhry v. Wasim Sajjad,Court of Record,2006-01-01,384,full_judgment,headnote_only,unknown
2006_PLD_365,2006 PLD 365,Abdul Malik v. The State,Court of Record,2006-01-01,448,full_judgment,headnote_only,unknown
1993_PLC(CS)_163,1993 PLC(CS) 744,"NICHIMEN COMPANY EMPLOYEES' UNION, KARACHI v. NICHIMEN CORPORATION, KARACHI",", Qurban Ali Abbasi Labour-Appellate-Tribunal-Sindh",1993-05-17,1334,full_judgment,headnote_only,appeal_dismissed
1993_PLC(CS)_164,1993 PLC(CS) 746,KHALID JAVED BABES REGIONAL COMMISSIONER OF INCOME,"Tax, Islamabad Vs Regional Commissioner Of Income-Tax, Islamabad - Honorable Justice Syed Ally Madad Shah - Atiqur Rehman Qazi , Mushtaq Ahmed, Second Secretary, Cbr And Qaiser Ali Federal-Service-Tribunal",1992-08-29,1614,full_judgment,headnote_only,unknown
1993_PLC(CS)_165,1993 PLC(CS) 747,JUNAID AHMAD v. PREMIER MERCANTILE SERVICES (PRIVATE) LIMITED KARACHI,"Honorable Justice Agha Ali Hyder - Ch. Muhammad Ashraf Khan , Muhammad Humayun Labour-Appellate-Tribunal-Sindh",1993-04-29,1068,full_judgment,headnote_only,unknown
2006_PLD_388,2006 PLD 388,Jumman Alias Juma v. The State,Court of Record,2006-01-01,439,full_judgment,headnote_only,unknown
2006_PLD_587,2006 PLD 587,"Wattan Party Through President And Others v. Federation Of Pakistan Through Cabinet Committee Of Privatization, Islamabad",Court of Record,2006-01-01,467,full_judgment,headnote_only,unknown
2006_PLD_576,2006 PLD 576,Syed Amjad Ali v. Mst. Kaneez Fatima,Court of Record,2006-01-01,733,full_judgment,headnote_only,appeal_dismissed
2006_PLD_582,2006 PLD 582,Muhammad Ibrahim v. Asrar Ahmad Khan,Court of Record,2006-01-01,303,full_judgment,headnote_only,unknown
1994_SCMR_456,1994 SCMR 456,Asrmat Hayat Khan v. Yousaf Masih,Supreme Court of Pakistan,1994-01-01,521,full_judgment,headnote_only,unknown
1994_SCMR_475,1994 SCMR 475,Abdul Hamid v. The State,Supreme Court of Pakistan,1994-01-01,350,full_judgment,headnote_only,unknown
1994_SCMR_494,1994 SCMR 494,Muhammad Zaman Khan v. Muhammad Ramzan Khan,Supreme Court of Pakistan,1994-01-01,591,full_judgment,headnote_only,disposed_of
1994_SCMR_498,1994 SCMR 498,Mangta v. Province Of Punjab,Supreme Court of Pakistan,1994-01-01,621,full_judgment,headnote_only,leave_refused
1994_SCMR_506,1994 SCMR 506,"Muhammad Umar v. Asad Ali Shah,",Supreme Court of Pakistan,1994-01-01,440,full_judgment,headnote_only,leave_refused
1993_SCMR_582,1993 SCMR 582,Wapda v. Zahoor Ahmed,Supreme Court of Pakistan,1993-01-01,541,full_judgment,headnote_only,leave_granted
1994_SCMR_527,1994 SCMR 527,Abdul Sattar v. Province Of The Punjab,Supreme Court of Pakistan,1994-01-01,307,full_judgment,headnote_only,leave_granted
1994_SCMR_532,1994 SCMR 532,"Akhtar Ali Javed v. Principal, Quaid-E-Azam Medical College, Bahawalpur",Supreme Court of Pakistan,1994-01-01,450,full_judgment,headnote_only,unknown
1994_SCMR_549,1994 SCMR 549,Sher Muhammad v. The State,Supreme Court of Pakistan,1994-01-01,366,full_judgment,headnote_only,unknown
1994_SCMR_555,1994 SCMR 555,Muhammad Azim v. Ali Mohtashim,Supreme Court of Pakistan,1994-01-01,328,full_judgment,headnote_only,unknown
1994_SCMR_560,1994 SCMR 560,Manzoor Ahmad v. Muhammad Iqbal,Supreme Court of Pakistan,1994-01-01,346,full_judgment,headnote_only,unknown
1994_SCMR_565,1994 SCMR 565,"Hurmat v. Muhammad Khan - , Nemo, Ch. Inayat Ullah, Advocate Supreme Court Instructed By Rao Muhammad Yousaf Khan, Advocate-On-Record",Supreme Court of Pakistan,1994-01-01,404,full_judgment,headnote_only,unknown
1994_SCMR_572,1994 SCMR 572,Umar Hayat Khan v. Inayatullah Butt,Supreme Court of Pakistan,1994-01-01,303,full_judgment,headnote_only,unknown
1994_SCMR_579,1994 SCMR 579,Shah Muhammad v. Imtiaz Ahmad,Supreme Court of Pakistan,1994-01-01,457,full_judgment,headnote_only,leave_granted
1994_SCMR_611,1994 SCMR 611,Annaporna Dutt v. The State,Supreme Court of Pakistan,1994-01-01,377,full_judgment,headnote_only,unknown
1994_SCMR_659,1994 SCMR 659,Ghulam Abbas v. The State,Supreme Court of Pakistan,1994-01-01,318,full_judgment,headnote_only,leave_refused
1993_SCMR_593,1993 SCMR 593,Semco Salvage Pte Limited v. Kaptan Yusuf Kalkavan,Supreme Court of Pakistan,1993-01-01,322,full_judgment,headnote_only,unknown
1994_SCMR_665,1994 SCMR 665,"Muhammad Shuaib v. Sessions Judge, Swat",Supreme Court of Pakistan,1994-01-01,351,full_judgment,headnote_only,leave_granted
1994_SCMR_672,1994 SCMR 672,Yaqoob Khan v. The State,Supreme Court of Pakistan,1994-01-01,361,full_judgment,headnote_only,unknown
1994_SCMR_688,1994 SCMR 688,Muhammad Ashraf v. The State,Supreme Court of Pakistan,1994-01-01,340,full_judgment,headnote_only,appeal_dismissed
1994_SCMR_691,1994 SCMR 691,Liaqat Ali v. The State,Supreme Court of Pakistan,1994-01-01,313,full_judgment,headnote_only,unknown
1994_SCMR_700,1994 SCMR 700,Muhammad Younus v. The State,Supreme Court of Pakistan,1994-01-01,312,full_judgment,headnote_only,unknown
1994_SCMR_709,1994 SCMR 709,Federation Of Pakistan v. Khurshid Spinning Mills Ltd. Faisalabad,Supreme Court of Pakistan,1994-01-01,325,full_judgment,headnote_only,leave_granted
1993_SCMR_1686,1993 SCMR 1686,Abdul Majid v. Muhammad Afzal Khokhar,Supreme Court of Pakistan,1993-01-01,923,full_judgment,headnote_only,leave_granted
1994_SCMR_740,1994 SCMR 740,Karachi Electric Supply Corporation v. Islamic Republic Of Pakistan,Supreme Court of Pakistan,1994-01-01,497,full_judgment,headnote_only,leave_granted
1994_SCMR_749,1994 SCMR 749,State v. Hanif Ahmed,Supreme Court of Pakistan,1994-01-01,470,full_judgment,headnote_only,leave_granted
1994_SCMR_759,1994 SCMR 759,Jamal Khan Jaffar v. Rahim Shah,Supreme Court of Pakistan,1994-01-01,568,full_judgment,headnote_only,leave_granted
1994_SCMR_791,1994 SCMR 791,Saeeda Begum v. Shameem Ahmad,Supreme Court of Pakistan,1994-01-01,420,full_judgment,headnote_only,leave_granted
1994_SCMR_804,1994 SCMR 804,Amina Bai v. Karachi Metropolitan Corporation,Supreme Court of Pakistan,1994-01-01,327,full_judgment,headnote_only,leave_granted
1994_SCMR_841,1994 SCMR 841,Muhammad Hussain v. Ghulam Hussain,Supreme Court of Pakistan,1994-01-01,395,full_judgment,headnote_only,unknown
1994_SCMR_859,1994 SCMR 859,Export Promotion Bureau v. Qaiser Shafiullah,Supreme Court of Pakistan,1994-01-01,930,full_judgment,headnote_only,unknown
1994_SCMR_918,1994 SCMR 918,Exon Corporation And Esso Inc v. Nisar Ahmad Jafry,Supreme Court of Pakistan,1994-01-01,477,full_judgment,headnote_only,unknown
1994_SCMR_932,1994 SCMR 932,"Federation Of Pakistan v. Muhammad Shafi Muhammadi, Advocate",Supreme Court of Pakistan,1994-01-01,385,full_judgment,headnote_only,unknown
1994_SCMR_947,1994 SCMR 947,Government Of N.-W.F.P. v. Abdur Rehman Qureshi,Supreme Court of Pakistan,1994-01-01,387,full_judgment,headnote_only,leave_granted
1994_SCMR_973,1994 SCMR 973,Muhammad Rauf v. Muhammad Abbas,Supreme Court of Pakistan,1994-01-01,344,full_judgment,headnote_only,unknown
1994_SCMR_977,1994 SCMR 977,Altaf Hussain v. Ghulam Muhammad,Supreme Court of Pakistan,1994-01-01,375,full_judgment,headnote_only,leave_granted
1994_SCMR_984,1994 SCMR 984,Muhammad Saeed v. Sardar Begum,Supreme Court of Pakistan,1994-01-01,337,full_judgment,headnote_only,leave_refused
1994_SCMR_1024,1994 SCMR 1024,M.H. Mirza v. Federation Of Pakistan,Supreme Court of Pakistan,1994-01-01,605,full_judgment,headnote_only,leave_granted
1994_SCMR_1048,1994 SCMR 1048,"Administrator, Market Committee, Kasur v. Muhammad Sharif",Supreme Court of Pakistan,1994-01-01,660,full_judgment,headnote_only,unknown
1994_SCMR_1066,1994 SCMR 1066,Khairullah v. The State,Supreme Court of Pakistan,1994-01-01,449,full_judgment,headnote_only,leave_granted
1994_SCMR_1077,1994 SCMR 1077,Faryad Hussain v. The State,Supreme Court of Pakistan,1994-01-01,542,full_judgment,headnote_only,unknown
1994_SCMR_1096,1994 SCMR 1096,Muhammad Bashi v. Khalid Mehmood,Supreme Court of Pakistan,1994-01-01,510,full_judgment,headnote_only,unknown
1994_SCMR_1109,1994 SCMR 1109,Mian Muhammad v. Ghulam Baqar,Supreme Court of Pakistan,1994-01-01,304,full_judgment,headnote_only,leave_refused
1994_SCMR_1116,1994 SCMR 1116,Abdul Razzaq v. Riasat Ali,Supreme Court of Pakistan,1994-01-01,362,full_judgment,headnote_only,leave_refused
1994_SCMR_1121,1994 SCMR 1121,Muhammad Ikram v. Namroz Khan,Supreme Court of Pakistan,1994-01-01,319,full_judgment,headnote_only,leave_refused
1993_SCMR_693,1993 SCMR 693,Ghulam Murtaza v. Muhammad Arif,Supreme Court of Pakistan,1993-01-01,306,full_judgment,headnote_only,leave_granted
1994_SCMR_1129,1994 SCMR 1129,Allah Bakhsh v. Umar,Supreme Court of Pakistan,1994-01-01,409,full_judgment,headnote_only,leave_refused
1994_SCMR_1132,1994 SCMR 1132,"Board Of Intermediate And Secondary Education, Sargodha v. Muhammad Nasir Ali Khan",Supreme Court of Pakistan,1994-01-01,507,full_judgment,headnote_only,leave_refused
1994_SCMR_1137,1994 SCMR 1137,Muhammad Ayub Awan v. Muhammad Yaqub,Supreme Court of Pakistan,1994-01-01,406,full_judgment,headnote_only,leave_refused
1994_SCMR_1140,1994 SCMR 1140,Ali Begum v. Zardad Khan,Supreme Court of Pakistan,1994-01-01,339,full_judgment,headnote_only,unknown
1994_SCMR_1147,1994 SCMR 1147,Bashir Ahmed v. The State,Supreme Court of Pakistan,1994-01-01,337,full_judgment,headnote_only,leave_refused
1994_SCMR_1166,1994 SCMR 1166,"Altaf Khan v. Joint Admission Committee, Medical College, Peshawar",Supreme Court of Pakistan,1994-01-01,466,full_judgment,headnote_only,leave_granted
1994_SCMR_1176,1994 SCMR 1176,Ahmad Subhan Alias Bana v. The State,Supreme Court of Pakistan,1994-01-01,330,full_judgment,headnote_only,leave_refused
1994_SCMR_1179,1994 SCMR 1179,Muhammad Rafique v. The State,Supreme Court of Pakistan,1994-01-01,405,full_judgment,headnote_only,unknown
1994_SCMR_1269,1994 SCMR 1269,Auditor-General Of Pakistan v. Sajjad Hussain Shah,Supreme Court of Pakistan,1994-01-01,354,full_judgment,headnote_only,unknown
1994_SCMR_1188,1994 SCMR 1188,Hayat Muhammad v. Tajuddin,Supreme Court of Pakistan,1994-01-01,568,full_judgment,headnote_only,leave_granted
1994_SCMR_1204,1994 SCMR 1204,Muhammad Ramzan v. Muhammad Mumtaz,Supreme Court of Pakistan,1994-01-01,311,full_judgment,headnote_only,leave_refused
1994_SCMR_1211,1994 SCMR 1211,Muhammad Tufail v. The State,Supreme Court of Pakistan,1994-01-01,413,full_judgment,headnote_only,leave_refused
1994_SCMR_1250,1994 SCMR 1250,"Daulat Khan v. Member, Board Of Revenue (Revenue), Punjab",Supreme Court of Pakistan,1994-01-01,352,full_judgment,headnote_only,leave_granted
1994_SCMR_1257,1994 SCMR 1257,Zahoor Hussain Shah v. The State,Supreme Court of Pakistan,1994-01-01,354,full_judgment,headnote_only,leave_granted
1994_SCMR_1275,1994 SCMR 1275,Shahid M. Akhtar v. Water And Power Development Authority,Supreme Court of Pakistan,1994-01-01,341,full_judgment,headnote_only,leave_granted
1994_SCMR_1283,1994 SCMR 1283,Government Of Sindh v. Raeesa Farooq,Supreme Court of Pakistan,1994-01-01,622,full_judgment,headnote_only,unknown
1994_SCMR_1333,1994 SCMR 1333,Noor Nissa v. Nazir Ahmad Khan Lughmani,Supreme Court of Pakistan,1994-01-01,480,full_judgment,headnote_only,leave_refused
1994_SCMR_1444,1994 SCMR 1444,Saeeda Begum v. Mukhtar Ahmad Butt,Supreme Court of Pakistan,1994-01-01,638,full_judgment,headnote_only,unknown
1994_SCMR_1449,1994 SCMR 1449,Muhammad Saeed v. Muhammad Irfan,Supreme Court of Pakistan,1994-01-01,375,full_judgment,headnote_only,unknown
1994_SCMR_1454,1994 SCMR 1454,Sardar v. Rashid Ahmad,Supreme Court of Pakistan,1994-01-01,350,full_judgment,headnote_only,leave_refused
1994_SCMR_1460,1994 SCMR 1460,Noor Muhammad v. Muhammad Siddique,Supreme Court of Pakistan,1994-01-01,386,full_judgment,headnote_only,unknown
1994_SCMR_1484,1994 SCMR 1484,"Muhammad Ramzan v. Union Council, Bajnial",Supreme Court of Pakistan,1994-01-01,430,full_judgment,headnote_only,leave_refused
1994_SCMR_1488,1994 SCMR 1488,Government Of The Punjab v. Shahida Begum,Supreme Court of Pakistan,1994-01-01,455,full_judgment,headnote_only,unknown
1994_SCMR_1504,1994 SCMR 1504,Naseer Hussain v. Nawaz,Supreme Court of Pakistan,1994-01-01,357,full_judgment,headnote_only,unknown
1994_SCMR_1523,1994 SCMR 1523,"Pervez Ijaz Sheikh v. Secretary, Establishmet Division, Government Of Pakistan",Supreme Court of Pakistan,1994-01-01,422,full_judgment,headnote_only,unknown
1994_SCMR_1565,1994 SCMR 1565,Imam Bakhsh Baqar v. The State,Supreme Court of Pakistan,1994-01-01,355,full_judgment,headnote_only,leave_refused
1994_SCMR_1608,1994 SCMR 1608,Muhammad Izharul Ahsan Qurcshi v. M/S. P.I.A.C.,Supreme Court of Pakistan,1994-01-01,365,full_judgment,headnote_only,leave_refused
1994_SCMR_1612,1994 SCMR 1612,Abdullah Jan v. The State,Supreme Court of Pakistan,1994-01-01,312,full_judgment,headnote_only,unknown
1994_SCMR_1631,1994 SCMR 1631,Hakam Ali v. Shah Muhammad,Supreme Court of Pakistan,1994-01-01,358,full_judgment,headnote_only,leave_refused
1993_SCMR_1692,1993 SCMR 1692,Government Of The Punjab v. Shamim Waheed Sheikh,Supreme Court of Pakistan,1993-01-01,806,full_judgment,headnote_only,unknown
1994_SCMR_1651,1994 SCMR 1651,Muhammad Iqbal v. National Bank Of Pakistan,Supreme Court of Pakistan,1994-01-01,427,full_judgment,headnote_only,leave_granted
1994_SCMR_1658,1994 SCMR 1658,"Mohibullah, Chief Officer, Town Committee, Amangerh v. Mansoor Khan, Planning Officer, District Council, Mardan - , Shahzad Akbar, Advocate Supreme Court & Mian Shakurullah Jan, Advocate-On-Record (Absent) And Haji Ma. Qayyum Mazhar,",Supreme Court of Pakistan,1994-01-01,416,full_judgment,headnote_only,unknown
1994_SCMR_1674,1994 SCMR 1674,Shahid Maqbool v. The State,Supreme Court of Pakistan,1994-01-01,341,full_judgment,headnote_only,leave_refused
1994_SCMR_1677,1994 SCMR 1677,Abdur Rashid v. Manzoor Ahmad,Supreme Court of Pakistan,1994-01-01,327,full_judgment,headnote_only,leave_refused
1994_SCMR_1679,1994 SCMR 1679,Nisar Ahmad v. The State,Supreme Court of Pakistan,1994-01-01,301,full_judgment,headnote_only,leave_granted
1994_SCMR_1706,1994 SCMR 1706,Nargis Shaheen v. Federation Of Pakistan,Supreme Court of Pakistan,1994-01-01,490,full_judgment,headnote_only,leave_refused
1994_SCMR_1711,1994 SCMR 1711,Khan Muhammad v. Muhammad Akram,Supreme Court of Pakistan,1994-01-01,361,full_judgment,headnote_only,unknown
1994_SCMR_1718,1994 SCMR 1718,Allah Ditta v. Yousuf,Supreme Court of Pakistan,1994-01-01,385,full_judgment,headnote_only,unknown
1994_SCMR_1722,1994 SCMR 1722,Minjawar v. Abdul Matin,Supreme Court of Pakistan,1994-01-01,392,full_judgment,headnote_only,leave_refused
1994_SCMR_1729,1994 SCMR 1729,Liaquat Ali v. Bashiran Bibi,Supreme Court of Pakistan,1994-01-01,311,full_judgment,headnote_only,leave_refused
1994_SCMR_1733,1994 SCMR 1733,Muhammad Yousaf v. The State,Supreme Court of Pakistan,1994-01-01,416,full_judgment,headnote_only,unknown
1994_SCMR_1737,1994 SCMR 1737,Barkat Ullah v. Wali Muhammad,Supreme Court of Pakistan,1994-01-01,420,full_judgment,headnote_only,leave_refused
1994_SCMR_1740,1994 SCMR 1740,Federation Of Pakisfan v. Tahira Begum,Supreme Court of Pakistan,1994-01-01,481,full_judgment,headnote_only,leave_granted
1994_SCMR_1750,1994 SCMR 1750,Feroze Khan v. Zaman Ali,Supreme Court of Pakistan,1994-01-01,316,full_judgment,headnote_only,leave_granted
1994_SCMR_1758,1994 SCMR 1758,Calicon (Pvt.) Ltd. v. Federal Government Of Pakistan,Supreme Court of Pakistan,1994-01-01,399,full_judgment,headnote_only,leave_refused
1994_SCMR_1763,1994 SCMR 1763,Faiz Bakhsh v. Ali Muhammad,Supreme Court of Pakistan,1994-01-01,373,full_judgment,headnote_only,leave_granted
1994_SCMR_1766,1994 SCMR 1766,"Momin Khan v. Additional Secretary, Home And Tribal Affairs Department, Peshawar",Supreme Court of Pakistan,1994-01-01,341,full_judgment,headnote_only,leave_refused
1994_SCMR_1771,1994 SCMR 1771,Lalan v. Noor Muhammad,Supreme Court of Pakistan,1994-01-01,317,full_judgment,headnote_only,leave_refused
1994_SCMR_1778,1994 SCMR 1778,Amir Siab v. Government Of N.-W.F.P.,Supreme Court of Pakistan,1994-01-01,376,full_judgment,headnote_only,leave_refused
1994_SCMR_1793,1994 SCMR 1793,Muhammad Tufail v. Additional District Judge,Supreme Court of Pakistan,1994-01-01,374,full_judgment,headnote_only,leave_refused
1994_SCMR_1797,1994 SCMR 1797,Ghulam Muhammad v. Jan Muhammad,Supreme Court of Pakistan,1994-01-01,486,full_judgment,headnote_only,leave_refused
1994_SCMR_1801,1994 SCMR 1801,"Muhammad Bashir v. Secretary To The Government Of The Punjab, Education Department, Lahore",Supreme Court of Pakistan,1994-01-01,442,full_judgment,headnote_only,remanded
1994_SCMR_1807,1994 SCMR 1807,Pakistan Diploma Engineers Federation (Regd.) v. Federation Of Pakistan,Supreme Court of Pakistan,1994-01-01,412,full_judgment,headnote_only,unknown
1994_SCMR_1836,1994 SCMR 1836,Muhammad Bakhsh v. Province Of Punjab,Supreme Court of Pakistan,1994-01-01,623,full_judgment,headnote_only,unknown
1994_SCMR_1856,1994 SCMR 1856,Salehon v. Sardaran,Supreme Court of Pakistan,1994-01-01,423,full_judgment,headnote_only,leave_refused
1994_SCMR_1861,1994 SCMR 1861,Muhammad Nawaz v. Ahmad Ali,Supreme Court of Pakistan,1994-01-01,439,full_judgment,headnote_only,leave_refused
1994_SCMR_1864,1994 SCMR 1864,"Muhammad Sultan v. Member (Revenue), Board Of Revenue/Chief Settlement Commissioner, Punjab, Lahore",Supreme Court of Pakistan,1994-01-01,327,full_judgment,headnote_only,leave_granted
1994_SCMR_1868,1994 SCMR 1868,Sadiq Hussain Shah v. Zamin Shah,Supreme Court of Pakistan,1994-01-01,481,full_judgment,headnote_only,leave_refused
1994_SCMR_1877,1994 SCMR 1877,Mumtaz Imran v. Nasrin Mehmooda,Supreme Court of Pakistan,1994-01-01,407,full_judgment,headnote_only,leave_refused
1994_SCMR_1884,1994 SCMR 1884,Ali Sher Alias Ajab Ali v. The State,Supreme Court of Pakistan,1994-01-01,321,full_judgment,headnote_only,leave_refused
1994_SCMR_1893,1994 SCMR 1893,Ghulam Nabi v. Javaid Iqbal,Supreme Court of Pakistan,1994-01-01,683,full_judgment,headnote_only,leave_granted
1994_SCMR_1908,1994 SCMR 1908,Government Of Pakistan v. Nizamuddin,Supreme Court of Pakistan,1994-01-01,373,full_judgment,headnote_only,leave_granted
1994_SCMR_1918,1994 SCMR 1918,Usman Bhai v. Ali Imam Zaidi,Supreme Court of Pakistan,1994-01-01,457,full_judgment,headnote_only,leave_granted
1994_SCMR_1935,1994 SCMR 1935,Aisha Bibi v. Nazir Ahmad,Supreme Court of Pakistan,1994-01-01,535,full_judgment,headnote_only,unknown
1994_SCMR_1945,1994 SCMR 1945,Allah Bakhsh v. Fathe Bibi,Supreme Court of Pakistan,1994-01-01,340,full_judgment,headnote_only,leave_refused
1994_SCMR_1949,1994 SCMR 1949,"Abdul Wahab Umer v. Evacuee Trust Property Board, Government Of Pakistan",Supreme Court of Pakistan,1994-01-01,374,full_judgment,headnote_only,leave_granted
1994_SCMR_1953,1994 SCMR 1953,Government Of Pakistan v. Manzoor Brothers,Supreme Court of Pakistan,1994-01-01,631,full_judgment,headnote_only,leave_refused
1994_SCMR_1962,1994 SCMR 1962,Ehsan Ahmed v. The State,Supreme Court of Pakistan,1994-01-01,374,full_judgment,headnote_only,leave_refused
1994_SCMR_1968,1994 SCMR 1968,Shamsul Oamar v. Faqir Taj,Supreme Court of Pakistan,1994-01-01,436,full_judgment,headnote_only,leave_refused
1994_SCMR_1972,1994 SCMR 1972,"Muhammad Siddique v. Member (Consolidation), Board Of Revenue, Lahore",Supreme Court of Pakistan,1994-01-01,351,full_judgment,headnote_only,appeal_dismissed
1994_SCMR_1978,1994 SCMR 1978,Zubaida Bibi v. Majidan,Supreme Court of Pakistan,1994-01-01,380,full_judgment,headnote_only,leave_granted
1994_SCMR_1988,1994 SCMR 1988,Sharifan Bibi v. Kamal Din,Supreme Court of Pakistan,1994-01-01,423,full_judgment,headnote_only,leave_granted
1994_SCMR_2002,1994 SCMR 2002,Sahib Khatoon v. Allah Ditta,Supreme Court of Pakistan,1994-01-01,375,full_judgment,headnote_only,unknown
1994_SCMR_2007,1994 SCMR 2007,Shamsuddin v. Ghulam Farid,Supreme Court of Pakistan,1994-01-01,425,full_judgment,headnote_only,leave_granted
1994_SCMR_2011,1994 SCMR 2011,"Muhammad Refique v. Deputy Commissioner, Abbottabad",Supreme Court of Pakistan,1994-01-01,401,full_judgment,headnote_only,leave_granted
1994_SCMR_2021,1994 SCMR 2021,"Abdul Sattar v. Muhammad Shafiq Khan - , Walayat Umer Ch., Advocate-On-Record, A.R. Shaukat, Senior Advocate Supreme Court: Amicus Curaie.",Supreme Court of Pakistan,1994-01-01,452,full_judgment,headnote_only,unknown
1994_SCMR_2037,1994 SCMR 2037,Abdul Ghani v. Zahoor Ahmed,Supreme Court of Pakistan,1994-01-01,503,full_judgment,headnote_only,leave_refused
1994_SCMR_2044,1994 SCMR 2044,Ghulam Sarwar v. Bana Rani,Supreme Court of Pakistan,1994-01-01,545,full_judgment,headnote_only,leave_refused
1994_SCMR_2058,1994 SCMR 2058,Ghulam Haider v. Abdul Shakoor,Supreme Court of Pakistan,1994-01-01,372,full_judgment,headnote_only,leave_granted
1994_SCMR_2102,1994 SCMR 2102,Yousuf Masih v. The State,Supreme Court of Pakistan,1994-01-01,377,full_judgment,headnote_only,unknown
1993_PLC(CS)_235,1993 PLC(CS) 903,"JAMIL AHMED v. DISTRICT MANAGER, KARACHI TRANSPORT CORPORATION,NORTH KARACHI",Labour-Appellate-Tribunal-Sindh,1987-12-09,587,full_judgment,headnote_only,appeal_dismissed
1994_SCMR_2121,1994 SCMR 2121,"Masood Aslam Dar v. Secretary, Establishment Division, Islamabad",Supreme Court of Pakistan,1994-01-01,525,full_judgment,headnote_only,leave_granted
1994_SCMR_2142,1994 SCMR 2142,Imtiaz Ahmad v. Government Of Pakistan,Supreme Court of Pakistan,1994-01-01,344,full_judgment,headnote_only,unknown
1994_SCMR_2163,1994 SCMR 2163,Abdul Rashid v. Mahmood Ali Khan,Supreme Court of Pakistan,1994-01-01,395,full_judgment,headnote_only,leave_granted
1994_SCMR_2213,1994 SCMR 2213,Trustees Of The Port Of Karachi v. Muhammad Saleem,Supreme Court of Pakistan,1994-01-01,595,full_judgment,headnote_only,unknown
1994_SCMR_2240,1994 SCMR 2240,Barkat Bibi v. Khushi Muhammad,Supreme Court of Pakistan,1994-01-01,327,full_judgment,headnote_only,unknown
1994_SCMR_2248,1994 SCMR 2248,"Industrial Development Bank Of Pakistan v. Maida Limited - , S.M. Noorul Hasan, Advocate Supreme Court",Supreme Court of Pakistan,1994-01-01,506,full_judgment,headnote_only,leave_granted
1994_SCMR_2265,1994 SCMR 2265,Noor Jahan v. Roshan Jahan,Supreme Court of Pakistan,1994-01-01,306,full_judgment,headnote_only,unknown
1994_SCMR_2277,1994 SCMR 2277,Bibi Rani v. Najabat Ali,Supreme Court of Pakistan,1994-01-01,341,full_judgment,headnote_only,unknown
1994_SCMR_2281,1994 SCMR 2281,Ramzan Sugar Mills Ltd. v. Mian Miraj-Ud-Din,Supreme Court of Pakistan,1994-01-01,319,full_judgment,headnote_only,leave_refused
1994_SCMR_2286,1994 SCMR 2286,Muhammad Mushtaq v. Federation Of Pakistan,Supreme Court of Pakistan,1994-01-01,321,full_judgment,headnote_only,leave_refused
1994_SCMR_2288,1994 SCMR 2288,Arshad Muhammad Khan v. Kalsoom Bibi,Supreme Court of Pakistan,1994-01-01,418,full_judgment,headnote_only,leave_refused
1994_SCMR_2295,1994 SCMR 2295,Manzoor Oadir v. Rajab Ali,Supreme Court of Pakistan,1994-01-01,396,full_judgment,headnote_only,leave_refused
1994_SCMR_2301,1994 SCMR 2301,"Muhammad Rafi v. Muhammad Ashfaq, Civil Judge,Hasilpir",Supreme Court of Pakistan,1994-01-01,461,full_judgment,headnote_only,leave_refused
1994_SCMR_2308,1994 SCMR 2308,Muhammad Akram v. P.I.A,Supreme Court of Pakistan,1994-01-01,323,full_judgment,headnote_only,petition_dismissed
1994_SCMR_2316,1994 SCMR 2316,Glaxo Laboratories Of Pakistan Ltd. v. Federation Of Pakistan,Supreme Court of Pakistan,1994-01-01,428,full_judgment,headnote_only,leave_granted
1993_SCMR_7,1993 SCMR 7,"Union Council, Dhabeji v. Al-Noor Textile Mills Ltd.",Supreme Court of Pakistan,1993-01-01,470,full_judgment,headnote_only,unknown
1993_SCMR_21,1993 SCMR 21,Quetta Hindu Panchayat v. Dilshad Akhtar,Supreme Court of Pakistan,1993-01-01,679,full_judgment,headnote_only,unknown
1993_SCMR_61,1993 SCMR 61,State v. Hafeez-Ur-Rehman Najmi,Supreme Court of Pakistan,1993-01-01,621,full_judgment,headnote_only,unknown
1993_SCMR_71,1993 SCMR 71,"Salman Taseer v. Judge, Special Court",Supreme Court of Pakistan,1993-01-01,479,full_judgment,headnote_only,unknown
1993_SCMR_94,1993 SCMR 94,Muhammad Sadiq v. The State,Supreme Court of Pakistan,1993-01-01,397,full_judgment,headnote_only,unknown
1993_SCMR_119,1993 SCMR 119,Maqbool Ahmed v. Military Accountant-General,Supreme Court of Pakistan,1993-01-01,348,full_judgment,headnote_only,unknown
1993_SCMR_138,1993 SCMR 138,"Chairman, Wapda, Lahore v. Zahoor Ahmad",Supreme Court of Pakistan,1993-01-01,355,full_judgment,headnote_only,leave_granted
1993_SCMR_145,1993 SCMR 145,Shamir v. Faiz Elahi,Supreme Court of Pakistan,1993-01-01,650,full_judgment,headnote_only,unknown
1993_SCMR_153,1993 SCMR 153,Nasir Ahmed v. The State,Supreme Court of Pakistan,1993-01-01,492,full_judgment,headnote_only,unknown
1993_SCMR_160,1993 SCMR 160,Muhammad Nawaz v. Muhammad Aslam,Supreme Court of Pakistan,1993-01-01,525,full_judgment,headnote_only,leave_granted
1993_SCMR_168,1993 SCMR 168,"Rehmat Ali v. Chief Land Commissioner, Punjab",Supreme Court of Pakistan,1993-01-01,348,full_judgment,headnote_only,unknown
1993_SCMR_177,1993 SCMR 177,Muhammad Nasim Butt v. The State,Supreme Court of Pakistan,1993-01-01,651,full_judgment,headnote_only,leave_refused
1993_SCMR_183,1993 SCMR 183,Bashir Ahmad v. Muhammad Yousaf,Supreme Court of Pakistan,1993-01-01,304,full_judgment,headnote_only,leave_granted
1993_SCMR_200,1993 SCMR 200,M. K. Muhammad v. Muhammad Abu Bakar,Supreme Court of Pakistan,1993-01-01,913,full_judgment,headnote_only,unknown
1993_SCMR_211,1993 SCMR 211,Shakeel Ahmad v. The State,Supreme Court of Pakistan,1993-01-01,766,full_judgment,headnote_only,unknown
1993_SCMR_224,1993 SCMR 224,Shahbaz Afghan v. The State,Supreme Court of Pakistan,1993-01-01,500,full_judgment,headnote_only,unknown
1993_SCMR_229,1993 SCMR 229,Akbar Zaman v. The State,Supreme Court of Pakistan,1993-01-01,570,full_judgment,headnote_only,leave_granted
1993_SCMR_236,1993 SCMR 236,Muhammad Ali v. Sikandar Hayat,Supreme Court of Pakistan,1993-01-01,431,full_judgment,headnote_only,leave_granted
1993_SCMR_245,1993 SCMR 245,Muhammad Latif v. Zulfiqar Ali,Supreme Court of Pakistan,1993-01-01,373,full_judgment,headnote_only,leave_granted
1993_SCMR_251,1993 SCMR 251,Muhammad Yar v. Sawan Mai,Supreme Court of Pakistan,1993-01-01,318,full_judgment,headnote_only,unknown
1993_SCMR_256,1993 SCMR 256,Ghulam Mustafa Shah v. Haji,Supreme Court of Pakistan,1993-01-01,349,full_judgment,headnote_only,leave_granted
1993_SCMR_305,1993 SCMR 305,Noor Hussain v. Farooq Zaman,Supreme Court of Pakistan,1993-01-01,382,full_judgment,headnote_only,leave_granted
1993_SCMR_322,1993 SCMR 322,"Aley Nabi v. Chairman, Sindh Labour Court",Supreme Court of Pakistan,1993-01-01,508,full_judgment,headnote_only,leave_granted
1993_SCMR_363,1993 SCMR 363,Sardar Begum v. Muhammad Anwar Shah,Supreme Court of Pakistan,1993-01-01,508,full_judgment,headnote_only,leave_granted
1993_SCMR_828,1993 SCMR 828,Fayyaz Akhtar v. The State,Supreme Court of Pakistan,1993-01-01,349,full_judgment,headnote_only,unknown
1993_SCMR_441,1993 SCMR 441,"Ahmad Saeed Kirmani v. Muslim Commercial Bank Ltd., Islamabad",Supreme Court of Pakistan,1993-01-01,876,full_judgment,headnote_only,unknown
1993_SCMR_544,1993 SCMR 544,Abdul Aziz v. The State,Supreme Court of Pakistan,1993-01-01,495,full_judgment,headnote_only,unknown
1993_SCMR_454,1993 SCMR 454,"Zila Council, Jhelum v. I.C.I. Pakistan Ltd. (Formerly Ici Pakistan Manufacturers Limited), Khewra, District Jhelum",Supreme Court of Pakistan,1993-01-01,392,full_judgment,headnote_only,unknown
1993_SCMR_468,1993 SCMR 468,"Union Council, Ali Wahan, Sukkur v. Associated Cement (Pvt.) Limited",Supreme Court of Pakistan,1993-01-01,466,full_judgment,headnote_only,leave_granted
1993_SCMR_498,1993 SCMR 498,Muhammad Amin v. Maqbool Ahmad,Supreme Court of Pakistan,1993-01-01,374,full_judgment,headnote_only,leave_granted
1993_SCMR_515,1993 SCMR 515,Mariam Bai v. Islamic Republic Of Pakistan,Supreme Court of Pakistan,1993-01-01,370,full_judgment,headnote_only,leave_granted
1993_SCMR_525,1993 SCMR 525,Jalal v. Allahyar,Supreme Court of Pakistan,1993-01-01,575,full_judgment,headnote_only,unknown
2023_SCMR_581,2023 SCMR 581,Muhammad Tanveer v. The State,Supreme Court of Pakistan,2023-01-01,358,full_judgment,headnote_only,unknown
2023_SCMR_584,2023 SCMR 584,"Syed Hammad Nabi v. Inspector General Of Police Punjab, Lahore",Supreme Court of Pakistan,2023-01-01,370,full_judgment,headnote_only,unknown
2023_SCMR_603,2023 SCMR 603,"Federation Of Pakistan Through Chairman Federal Board Of Revenue Fbr House, Islamabad v. Zahid Malik",Supreme Court of Pakistan,2023-01-01,319,full_judgment,headnote_only,unknown
2023_SCMR_613,2023 SCMR 613,"Zafar Iqbal v. Additional District And Sessions Judge, Ferozewala",Supreme Court of Pakistan,2023-01-01,430,full_judgment,headnote_only,unknown
2023_SCMR_616,2023 SCMR 616,Pakistan Television Corporation v. Noor Sanat Shah,Supreme Court of Pakistan,2023-01-01,746,full_judgment,headnote_only,appeal_dismissed
2023_SCMR_636,2023 SCMR 636,Imran Ahmad Khan Niazi v. Main Muhammad Shahbaz Sharif,Supreme Court of Pakistan,2023-01-01,2103,full_judgment,headnote_only,unknown
2020_SCMR_1222,2020 SCMR 1222,Matti Ullah v. The State,Supreme Court of Pakistan,2020-01-01,475,full_judgment,headnote_only,appeal_dismissed
2023_SCMR_681,2023 SCMR 681,"Commissioner Inland Revenue Zone-I, Regional Tax Office, Quetta v. Hajvairy Steel Industries (Pvt.) Limited, Quetta",Supreme Court of Pakistan,2023-01-01,401,full_judgment,headnote_only,unknown
2023_SCMR_686,2023 SCMR 686,Province Of Sindh Through Chief Secretary v. Ghulam Shabbir,Supreme Court of Pakistan,2023-01-01,786,full_judgment,headnote_only,unknown
2023_SCMR_700,2023 SCMR 700,National Highway Authority v. Rai Ahmad Nawaz Khan,Supreme Court of Pakistan,2023-01-01,342,full_judgment,headnote_only,unknown
2020_SCMR_1237,2020 SCMR 1237,Muhammad Yasin v. The State,Supreme Court of Pakistan,2020-01-01,397,full_judgment,headnote_only,unknown
2023_SCMR_723,2023 SCMR 723,Aman Ullah v. The State,Supreme Court of Pakistan,2023-01-01,879,full_judgment,headnote_only,leave_refused
2023_SCMR_734,2023 SCMR 734,Muhammad Nawaz Alias Karo v. The State,Supreme Court of Pakistan,2023-01-01,412,full_judgment,headnote_only,unknown
2006_PLD_LAH_512,PLD 2006 Lah 512,"Lt.-Gen.(Retd.) JAMSHAID GULZAR, CHAIRMAN FPSC, ISLAMABAD VS FEDERATION OF PAKISTAN through Secretary Establishment Division, Government of Pakistan, Islamabad - Honorable Justice SYED SHABBAR RAZA RIZVI - M. Akram Sheikh, Naseer-ud-Din Nayyar, Hafiz Arafat , Makhdoom Ali Khan",Lahore High Court,2006-01-01,858,full_judgment,headnote_only,unknown
2023_SCMR_742,2023 SCMR 742,"Peerzada Waqar Alam v. National Accountability Bureau (Nab) Through Chairman, Islamabad",Supreme Court of Pakistan,2023-01-01,376,full_judgment,headnote_only,unknown
2023_SCMR_761,2023 SCMR 761,"Divisional Superintendent, Pakistan Railways v. Umar Daraz",Supreme Court of Pakistan,2023-01-01,572,full_judgment,headnote_only,leave_refused
2020_SCMR_1248,2020 SCMR 1248,Mufti Kafayat Ullah v. The State,Supreme Court of Pakistan,2020-01-01,325,full_judgment,headnote_only,unknown
2023_SCMR_766,2023 SCMR 766,President National Bank Of Pakistan v. Waqas Ahmed Khan,Supreme Court of Pakistan,2023-01-01,476,full_judgment,headnote_only,appeal_allowed
2020_SCMR_1250,2020 SCMR 1250,Sarwar v. The State,Supreme Court of Pakistan,2020-01-01,323,full_judgment,headnote_only,leave_refused
2023_SCMR_774,2023 SCMR 774,"Province Of Punjab Through Secretary Agriculture Department, Lahore v. Saleem Ijaz",Supreme Court of Pakistan,2023-01-01,366,full_judgment,headnote_only,unknown
2023_SCMR_781,2023 SCMR 781,Ahmed Ali v. The State,Supreme Court of Pakistan,2023-01-01,571,full_judgment,headnote_only,appeal_allowed
1983_PLC(CS)_101,1983 PLC(CS) 329,"Munshi MUHAMMAD AKRAM v. COMMISSIONER, LAHORE DIVISION AND ANOTHER",Honorable Justice Malik Zawwar Hussain - Service-Tribunal-Punjab,1980-09-30,1008,full_judgment,headnote_only,appeal_allowed
2023_SCMR_795,2023 SCMR 795,Imran Mehmood v. The State,Supreme Court of Pakistan,2023-01-01,1116,full_judgment,headnote_only,unknown
2023_SCMR_803,2023 SCMR 803,"Divisional Superintendent, Postal Services, D.G. Khan v. Nadeem Raza",Supreme Court of Pakistan,2023-01-01,857,full_judgment,headnote_only,unknown
2023_SCMR_815,2023 SCMR 815,Rao Abdul Rehman (Deceased) v. Muhammad Afzal (Deceased),Supreme Court of Pakistan,2023-01-01,770,full_judgment,headnote_only,unknown
2023_SCMR_831,2023 SCMR 831,Aqil v. The State,Supreme Court of Pakistan,2023-01-01,855,full_judgment,headnote_only,leave_refused
2023_SCMR_848,2023 SCMR 848,"Federal Public Service Commission, Islamabad v. Dr. Shahid Hanif",Supreme Court of Pakistan,2023-01-01,301,full_judgment,headnote_only,appeal_allowed
2023_SCMR_857,2023 SCMR 857,Gul Muhammad v. The State,Supreme Court of Pakistan,2023-01-01,371,full_judgment,headnote_only,unknown
2023_SCMR_870,2023 SCMR 870,Mst. Hajira Bibi Alias Seema v. Abdul Qaseem,Supreme Court of Pakistan,2023-01-01,341,full_judgment,headnote_only,appeal_allowed
2020_SCMR_1264,2020 SCMR 1264,Wazir Khan v. Sherin Dad,Supreme Court of Pakistan,2020-01-01,718,full_judgment,headnote_only,leave_refused
2023_SCMR_884,2023 SCMR 884,Abdul Rehman Alias Muhammad Zeeshan v. The State,Supreme Court of Pakistan,2023-01-01,326,full_judgment,headnote_only,unknown
2023_SCMR_890,2023 SCMR 890,Kauser Parveen v. Kasb Bank,Supreme Court of Pakistan,2023-01-01,511,full_judgment,headnote_only,unknown
2020_SCMR_1268,2020 SCMR 1268,Jehanzeb Khan v. The State,Supreme Court of Pakistan,2020-01-01,344,full_judgment,headnote_only,unknown
2023_SCMR_900,2023 SCMR 900,Ali Taj v. The State,Supreme Court of Pakistan,2023-01-01,804,full_judgment,headnote_only,unknown
2023_SCMR_915,2023 SCMR 915,"Federation Of Pakistan Through Secretary Establishment Division, Islamabad v. Misri Ladhani",Supreme Court of Pakistan,2023-01-01,300,full_judgment,headnote_only,unknown
2020_SCMR_1270,2020 SCMR 1270,Muhammad Jahangir Khan v. The State,Supreme Court of Pakistan,2020-01-01,587,full_judgment,headnote_only,appeal_dismissed
2023_SCMR_929,2023 SCMR 929,Ansar v. The State,Supreme Court of Pakistan,2023-01-01,613,full_judgment,headnote_only,leave_refused
2023_SCMR_939,2023 SCMR 939,"The Collector Of Sales Tax And Central Excise, Lahore v. Qadbros Engineering (Pvt.) Ltd., Lahore",Supreme Court of Pakistan,2023-01-01,680,full_judgment,headnote_only,unknown
2023_SCMR_950,2023 SCMR 950,Nawabzada Abdul Qadir Khan v. Land Acquisition Collector Mardan,Supreme Court of Pakistan,2023-01-01,400,full_judgment,headnote_only,unknown
2023_SCMR_960,2023 SCMR 960,"Zakir Mehmood v. Secretary, Ministry Of Defence (D.P), Pakistan Secretariat, Rawalpindi",Supreme Court of Pakistan,2023-01-01,615,full_judgment,headnote_only,unknown
2023_SCMR_967,2023 SCMR 967,Adeel Manzoor v. The State,Supreme Court of Pakistan,2023-01-01,326,full_judgment,headnote_only,unknown
2020_SCMR_1279,2020 SCMR 1279,Uber Technologies Inc. v. David Heller,Supreme Court of Pakistan,2020-01-01,993,full_judgment,headnote_only,appeal_dismissed
2023_SCMR_969,2023 SCMR 969,"Public Interest Law Association Of Pakistan v. Province Of Punjab Through Chief Secretary, Civil Secretariat, Lower Mall, Lahore",Supreme Court of Pakistan,2023-01-01,376,full_judgment,headnote_only,unknown
2023_SCMR_975,2023 SCMR 975,Ahtisham Ali v. The State,Supreme Court of Pakistan,2023-01-01,524,full_judgment,headnote_only,appeal_dismissed
2023_SCMR_981,2023 SCMR 981,Wapda Through Chairman v. Alam Sher,Supreme Court of Pakistan,2023-01-01,326,full_judgment,headnote_only,appeal_dismissed
2020_SCMR_1396,2020 SCMR 1396,Mst. Attia Bano v. Abdul Majeed,Supreme Court of Pakistan,2020-01-01,410,full_judgment,headnote_only,appeal_dismissed
2023_SCMR_988,2023 SCMR 988,Muhammad Rafiq v. Mst. Ghulam Zoharan Mai,Supreme Court of Pakistan,2023-01-01,360,full_judgment,headnote_only,appeal_dismissed
2023_SCMR_992,2023 SCMR 992,"Muhammad Raqeeb v. Government Of Khyber Pakhtunkhwa Through Chief Secretary, Peshawar",Supreme Court of Pakistan,2023-01-01,384,full_judgment,headnote_only,appeal_dismissed
2020_SCMR_1401,2020 SCMR 1401,"Rizwana Altaf v. Chief Justice, High Court Of Sindh",Supreme Court of Pakistan,2020-01-01,574,full_judgment,headnote_only,leave_refused
1983_PLC(CS)_103,1983 PLC(CS) 333,"HAJI BASHIR AHMAD KHAN v. SECRETARY, ESTABLISHMENT DIVISION",Federal-Service-Tribunal,1983-01-01,2003,full_judgment,headnote_only,appeal_dismissed
1983_PLC(CS)_104,1983 PLC(CS) 337,MUHAMMAD YOUSAF v. INSPECTOR,"General Of Police, Punjab And 3 Others - Honorable Justice Malik Zawwar Hussain - Service-Tribunal-Punjab",1982-07-28,871,full_judgment,headnote_only,appeal_dismissed
2023_SCMR_999,2023 SCMR 999,Noor Kamal v. The State,Supreme Court of Pakistan,2023-01-01,356,full_judgment,headnote_only,unknown
2023_SCMR_1011,2023 SCMR 1011,"Commissioner Inland Revenue Z-Iii, Corporate Regional Tax Office, Tax House, Karachi v. Msc Switzerland Geneva",Supreme Court of Pakistan,2023-01-01,776,full_judgment,headnote_only,unknown
2020_SCMR_1414,2020 SCMR 1414,Javed Ishfaq v. The State,Supreme Court of Pakistan,2020-01-01,491,full_judgment,headnote_only,leave_refused
2023_SCMR_1072,2023 SCMR 1072,Pirzada Noor-Ul-Basar v. Mst. Pakistan Bibi,Supreme Court of Pakistan,2023-01-01,438,full_judgment,headnote_only,appeal_dismissed
2020_SCMR_1418,2020 SCMR 1418,"Commissioner Faisalabad Division, Faisalabad v. Allah Bakhsh",Supreme Court of Pakistan,2020-01-01,535,full_judgment,headnote_only,unknown
2023_SCMR_1093,2023 SCMR 1093,"Muhammad Taimur v. Chairman, National Accountability Bureau Nab Headquarters, Islamabad",Supreme Court of Pakistan,2023-01-01,509,full_judgment,headnote_only,remanded
2023_SCMR_1097,2023 SCMR 1097,Muhammad Usman v. The State,Supreme Court of Pakistan,2023-01-01,710,full_judgment,headnote_only,unknown
2020_SCMR_1425,2020 SCMR 1425,"Aqeel Shahzad v. Government Of Khyber Pakhtunkhwa Through Chief Secretary, Khyber Pakhtunkhwa, Peshawar",Supreme Court of Pakistan,2020-01-01,345,full_judgment,headnote_only,unknown
2023_SCMR_1103,2023 SCMR 1103,"National Highway Authority Through Chairman, Islamabad v. Sambu Construction Co. Ltd. Islamabad",Supreme Court of Pakistan,2023-01-01,317,full_judgment,headnote_only,leave_refused
2023_SCMR_1128,2023 SCMR 1128,"Fakhar Nawaz v. Administrative Secretary/Senior Member Board Of Revenue, Peshawar",Supreme Court of Pakistan,2023-01-01,354,full_judgment,headnote_only,unknown
2020_SCMR_1432,2020 SCMR 1432,"Chief Commissioner Of Inland Revenue, Ltu, Islamabad v. Muhammad Javed Paracha",Supreme Court of Pakistan,2020-01-01,324,full_judgment,headnote_only,leave_refused
2023_SCMR_1135,2023 SCMR 1135,Raja Muhammad Shahid v. The Inspector General Of Police,Supreme Court of Pakistan,2023-01-01,387,full_judgment,headnote_only,unknown
2023_SCMR_1140,2023 SCMR 1140,Salman Zahid v. The State,Supreme Court of Pakistan,2023-01-01,513,full_judgment,headnote_only,unknown
2020_SCMR_1437,2020 SCMR 1437,Kymab Ltd v. Regeneron Pharmaceuticals Inc,Supreme Court of Pakistan,2020-01-01,656,full_judgment,headnote_only,unknown
2023_SCMR_1152,2023 SCMR 1152,Muhammad Imran v. The State,Supreme Court of Pakistan,2023-01-01,352,full_judgment,headnote_only,unknown
2020_SCMR_1474,2020 SCMR 1474,Naimatullah Khan v. Federation Of Pakistan,Supreme Court of Pakistan,2020-01-01,765,full_judgment,headnote_only,disposed_of
2023_SCMR_1155,2023 SCMR 1155,Muhammad Mumtaz Shah (Deceased) v. Ghulam Hussain Shah (Deceased),Supreme Court of Pakistan,2023-01-01,315,full_judgment,headnote_only,unknown
2023_SCMR_1166,2023 SCMR 1166,"Allied Bank Limited v. The Commissioner Of Income Tax, Lahore",Supreme Court of Pakistan,2023-01-01,358,full_judgment,headnote_only,unknown
2023_SCMR_1171,2023 SCMR 1171,Ashiq Muhammad v. Mst. Suhagan,Supreme Court of Pakistan,2023-01-01,334,full_judgment,headnote_only,appeal_allowed
2023_SCMR_1176,2023 SCMR 1176,Kashmali Khan v. Mst. Malala,Supreme Court of Pakistan,2023-01-01,506,full_judgment,headnote_only,unknown
1983_PLC(CS)_105,1983 PLC(CS) 339,MUHAMMAD MUSTAQEEM v. SECRETARY TO GOVERNMENT OF SIND,High Court of Sindh,1982-05-10,1805,full_judgment,headnote_only,petition_dismissed
2020_SCMR_1488,2020 SCMR 1488,Naimatullah Khan v. Federation Of Pakistan,Supreme Court of Pakistan,2020-01-01,372,full_judgment,headnote_only,unknown
2023_SCMR_1189,2023 SCMR 1189,Habib Bank Limited v. Mehboob Rabbani,Supreme Court of Pakistan,2023-01-01,1217,full_judgment,headnote_only,unknown
2023_SCMR_1232,2023 SCMR 1232,Allied Bank Limited v. Habib-Ur-Rehman,Supreme Court of Pakistan,2023-01-01,470,full_judgment,headnote_only,unknown
2023_SCMR_1247,2023 SCMR 1247,"Mian Azam Waheed v. The Collector Of Customs Through Additional Collector Of Customs, Karachi",Supreme Court of Pakistan,2023-01-01,486,full_judgment,headnote_only,leave_refused
2020_SCMR_1499,2020 SCMR 1499,Naimatullah Khan v. Federation Of Pakistan,Supreme Court of Pakistan,2020-01-01,624,full_judgment,headnote_only,unknown
2023_SCMR_1258,2023 SCMR 1258,"Allied Bank Limited v. Federation Of Pakistan Through Collectorate Of Customs, Peshawar",Supreme Court of Pakistan,2023-01-01,451,full_judgment,headnote_only,unknown
2023_SCMR_1267,2023 SCMR 1267,"Dr. Abdul Nabi, Professor, Department Of Chemistry, University Of Balochistan, Sariab Road, Quetta v. Executive Officer, Cantonment Board, Quetta",Supreme Court of Pakistan,2023-01-01,592,full_judgment,headnote_only,unknown
2023_SCMR_1278,2023 SCMR 1278,Abdul Wahid v. The State,Supreme Court of Pakistan,2023-01-01,396,full_judgment,headnote_only,unknown
2023_SCMR_1319,2023 SCMR 1319,"Collector Customs, Model Customs Collectorate, Peshawar v. Muhammad Ismail",Supreme Court of Pakistan,2023-01-01,330,full_judgment,headnote_only,leave_refused
2020_SCMR_1517,2020 SCMR 1517,Iftikhar Ahmed v. Mst. Saima Zia,Supreme Court of Pakistan,2020-01-01,359,full_judgment,headnote_only,unknown
2023_SCMR_1325,2023 SCMR 1325,"National Logistics Cell, Government Of Pakistan, Hq Nlc, Karachi v. The Collector Of Customs, Model Customs Collectorate, Port Muhammad Bin Qasim, Karachi",Supreme Court of Pakistan,2023-01-01,503,full_judgment,headnote_only,unknown
2023_SCMR_1339,2023 SCMR 1339,Muhammad Munir v. Umar Hayat,Supreme Court of Pakistan,2023-01-01,1039,full_judgment,headnote_only,unknown
2023_SCMR_1348,2023 SCMR 1348,"Pakistan Electronic Media Regulatory Authority (Pemra) Through Chairman, Islamabad v. Southern Networks Limited, Karachi",Supreme Court of Pakistan,2023-01-01,668,full_judgment,headnote_only,disposed_of
2023_SCMR_1357,2023 SCMR 1357,"Chairman, National Accountability Bureau, Islamabad v. Yar Muhammad Solangi",Supreme Court of Pakistan,2023-01-01,311,full_judgment,headnote_only,leave_refused
2020_SCMR_1523,2020 SCMR 1523,Ab v. Pridwin Preparatory School,Supreme Court of Pakistan,2020-01-01,1063,full_judgment,headnote_only,unknown
2023_SCMR_1361,2023 SCMR 1361,Injum Aqeel v. Latif Muhammad Chaudhry,Supreme Court of Pakistan,2023-01-01,466,full_judgment,headnote_only,unknown
2023_SCMR_1427,2023 SCMR 1427,"Asrar Ahmed v. Chairman Pakistan Aeronautical Complex Board, Kamra",Supreme Court of Pakistan,2023-01-01,527,full_judgment,headnote_only,leave_refused
2023_SCMR_1375,2023 SCMR 1375,Muhammad Ijaz v. The State,Supreme Court of Pakistan,2023-01-01,684,full_judgment,headnote_only,leave_refused
2023_SCMR_1381,2023 SCMR 1381,National Database And Registration Authority (Nadra) v. Jawad Khan,Supreme Court of Pakistan,2023-01-01,465,full_judgment,headnote_only,leave_refused
2023_SCMR_1397,2023 SCMR 1397,Saeed Ullah v. The State,Supreme Court of Pakistan,2023-01-01,311,full_judgment,headnote_only,unknown
2020_SCMR_1621,2020 SCMR 1621,Najaf Iqbal v. Shahzad Rafique,Supreme Court of Pakistan,2020-01-01,378,full_judgment,headnote_only,appeal_dismissed
2023_SCMR_1407,2023 SCMR 1407,Rajby Industries Karachi v. Federation Of Pakistan,Supreme Court of Pakistan,2023-01-01,836,full_judgment,headnote_only,leave_refused
2023_SCMR_1434,2023 SCMR 1434,M. Hamad Hassan v. Mst. Isma Bukhari,Supreme Court of Pakistan,2023-01-01,318,full_judgment,headnote_only,unknown
2023_SCMR_1502,2023 SCMR 1502,Tri-Star Industries (Pvt.) Limited v. Trisa Burstenfabrik Ag Triengen,Supreme Court of Pakistan,2023-01-01,393,full_judgment,headnote_only,unknown
2020_SCMR_1664,2020 SCMR 1664,"Pakistan Railways Through Chairman, Islamabad v. Sajid Hussain",Supreme Court of Pakistan,2020-01-01,301,full_judgment,headnote_only,unknown
2023_SCMR_1516,2023 SCMR 1516,"Islamabad Electric Supply Company Limited (Iesco) v. The Appellate Tribunal Inland Revenue (H.Q), Islamabad",Supreme Court of Pakistan,2023-01-01,645,full_judgment,headnote_only,leave_refused
2020_SCMR_1672,2020 SCMR 1672,Hazrat Nabi Shah Alias Hazrat Khan v. The State,Supreme Court of Pakistan,2020-01-01,340,full_judgment,headnote_only,leave_refused
2023_SCMR_1669,2023 SCMR 1669,Zain Ali v. The State,Supreme Court of Pakistan,2023-01-01,528,full_judgment,headnote_only,unknown
2023_SCMR_1560,2023 SCMR 1560,Telenor Microfinance Bank Limited v. Shamim Bano,Supreme Court of Pakistan,2023-01-01,361,full_judgment,headnote_only,unknown
2023_SCMR_1568,2023 SCMR 1568,Maskeen Ullah v. The State,Supreme Court of Pakistan,2023-01-01,796,full_judgment,headnote_only,leave_refused
2023_SCMR_1573,2023 SCMR 1573,Jalla v. Shell International Trading And Shipping Co. Ltd.,Supreme Court of Pakistan,2023-01-01,505,full_judgment,headnote_only,unknown
2020_SCMR_1675,2020 SCMR 1675,Khush Rang v. The State,Supreme Court of Pakistan,2020-01-01,328,full_judgment,headnote_only,unknown
2023_SCMR_1595,2023 SCMR 1595,"The Commissioner Of Income Tax, Companies Zone-Ii, New Income Tax Building, Shahrah-E-Kamal Attaturk, Karachi v. Pak Saudi Fertilizers Ltd., Karachi",Supreme Court of Pakistan,2023-01-01,423,full_judgment,headnote_only,unknown
2023_SCMR_1635,2023 SCMR 1635,Tassaduq Hussain Shah v. Allah Ditta Shah,Supreme Court of Pakistan,2023-01-01,508,full_judgment,headnote_only,unknown
2023_SCMR_1660,2023 SCMR 1660,Qazi Humayun v. Mst. Sabiha Qayum,Supreme Court of Pakistan,2023-01-01,477,full_judgment,headnote_only,unknown
2023_SCMR_1683,2023 SCMR 1683,"Market Committee, Multan v. Additional Commissioner (Consolidation), Multan",Supreme Court of Pakistan,2023-01-01,415,full_judgment,headnote_only,leave_refused
2023_SCMR_1691,2023 SCMR 1691,"Muhammad Yaseen v. Secretary, Ministry Of Interior And Narcotics Control, Narcotics Control Division, Islamabad",Supreme Court of Pakistan,2023-01-01,324,full_judgment,headnote_only,unknown
2020_SCMR_1689,2020 SCMR 1689,Government Of Balochistan Through Chief Secretary Quetta v. Dr. Muhammad Tariq Jafar,Supreme Court of Pakistan,2020-01-01,435,full_judgment,headnote_only,unknown
2023_SCMR_1694,2023 SCMR 1694,"Commissioner Of Income Tax, Companies Zone, Islamabad v. Fauji Foundation Limited",Supreme Court of Pakistan,2023-01-01,340,full_judgment,headnote_only,leave_refused
2023_SCMR_1698,2023 SCMR 1698,Atta Ul Mustafa v. The State,Supreme Court of Pakistan,2023-01-01,590,full_judgment,headnote_only,unknown
2023_SCMR_1703,2023 SCMR 1703,"Muhammad Yaseen v. Province Of Sindh Through Secretary Education And Literacy Department, Government Of Sindh At Karachi",Supreme Court of Pakistan,2023-01-01,434,full_judgment,headnote_only,unknown
2023_SCMR_1709,2023 SCMR 1709,State v. Tasnim Jalal Goraya (Deceased),Supreme Court of Pakistan,2023-01-01,488,full_judgment,headnote_only,unknown
2023_SCMR_1712,2023 SCMR 1712,Ch. Saeed Ahmed Khalil v. The State,Supreme Court of Pakistan,2023-01-01,394,full_judgment,headnote_only,unknown
2023_SCMR_1716,2023 SCMR 1716,"Collector Of Customs, Customs House, Lahore v. Wasim Radio Traders, Lahore",Supreme Court of Pakistan,2023-01-01,497,full_judgment,headnote_only,unknown
2023_SCMR_1724,2023 SCMR 1724,Allah Dewayo Shahani v. The State,Supreme Court of Pakistan,2023-01-01,316,full_judgment,headnote_only,appeal_dismissed
2023_SCMR_1773,2023 SCMR 1773,Muhammad Aziz Alias Mana v. The State,Supreme Court of Pakistan,2023-01-01,359,full_judgment,headnote_only,unknown
2023_SCMR_1776,2023 SCMR 1776,"Sindh Revenue Board Through Secretary Government Of Sindh, Karachi v. Quick Food Industries (Pvt.) Limited",Supreme Court of Pakistan,2023-01-01,372,full_judgment,headnote_only,unknown
2023_SCMR_1791,2023 SCMR 1791,Barkhurdar v. The State,Supreme Court of Pakistan,2023-01-01,406,full_judgment,headnote_only,unknown
2023_SCMR_1797,2023 SCMR 1797,"Commissioner Inland Revenue Zone-Iv, Large Taxpayer Unit, Karachi v. Al-Abid Silk Mills Ltd., A-39, Manghopir Road, Site, Karachi",Supreme Court of Pakistan,2023-01-01,394,full_judgment,headnote_only,unknown
2023_SCMR_1843,2023 SCMR 1843,Khalid Mehmood v. Chaklala Cantonment Board,Supreme Court of Pakistan,2023-01-01,370,full_judgment,headnote_only,unknown
2023_SCMR_1853,2023 SCMR 1853,Government Of Pakistan Through Secretary Interior v. Zia Ullah Khan,Supreme Court of Pakistan,2023-01-01,320,full_judgment,headnote_only,disposed_of
2023_SCMR_1898,2023 SCMR 1898,Saad Zia v. The State,Supreme Court of Pakistan,2023-01-01,448,full_judgment,headnote_only,unknown
2023_SCMR_1901,2023 SCMR 1901,Mohammad Boota (Deceased) v. Mst. Fatima,Supreme Court of Pakistan,2023-01-01,415,full_judgment,headnote_only,unknown
2023_SCMR_1914,2023 SCMR 1914,"Col. (Retd.) Subh Sadiq Malik v. The State Through Chairman, Nab, Islamabad",Supreme Court of Pakistan,2023-01-01,386,full_judgment,headnote_only,unknown
2023_SCMR_1919,2023 SCMR 1919,"Jameel Qadir v. Government Of Balochistan, Local Government, Rural Development And Agrovilles Department, Quetta",Supreme Court of Pakistan,2023-01-01,689,full_judgment,headnote_only,unknown
2022_SCMR_42,2022 SCMR 42,Muhammad Salman v. Naveed Anjum,Supreme Court of Pakistan,2022-01-01,668,full_judgment,headnote_only,unknown
2020_SCMR_1818,2020 SCMR 1818,Muhammad Sharif v. The State,Supreme Court of Pakistan,2020-01-01,359,full_judgment,headnote_only,unknown
2023_SCMR_1948,2023 SCMR 1948,Abdul Rasheed v. The State,Supreme Court of Pakistan,2023-01-01,450,full_judgment,headnote_only,unknown
2020_SCMR_1822,2020 SCMR 1822,"The Commissioner Inland Revenue, Zone-Iii, Rto-Ii, Lahore v. Hamza Nasir Wire",Supreme Court of Pakistan,2020-01-01,320,full_judgment,headnote_only,unknown
2023_SCMR_1951,2023 SCMR 1951,"Chief Minister Through Secretary Government Of Punjab, Irrigation Department, Lahore v. Muhammad Afzal Anjum Thor",Supreme Court of Pakistan,2023-01-01,324,full_judgment,headnote_only,leave_refused
2023_SCMR_1955,2023 SCMR 1955,"Sultan Ahmed v. Registrar, Balochistan High Court, Quetta",Supreme Court of Pakistan,2023-01-01,841,full_judgment,headnote_only,appeal_dismissed
2023_SCMR_1972,2023 SCMR 1972,"Collector Of Customs, Peshawar v. New Shinwari Ltd.",Supreme Court of Pakistan,2023-01-01,436,full_judgment,headnote_only,leave_refused
2023_SCMR_1977,2023 SCMR 1977,Zafar Nawaz v. The State,Supreme Court of Pakistan,2023-01-01,336,full_judgment,headnote_only,unknown
2020_SCMR_1844,2020 SCMR 1844,State Life Insurance Corporation Of Pakistan v. Mst. Begum Rashida Jamil,Supreme Court of Pakistan,2020-01-01,413,full_judgment,headnote_only,leave_refused
2023_SCMR_2012,2023 SCMR 2012,Hayat Muhammad v. Muhammad Riaz,Supreme Court of Pakistan,2023-01-01,471,full_judgment,headnote_only,unknown
2020_SCMR_1846,2020 SCMR 1846,"Director General Of Intelligence And Investigation, F.B.R., Islamabad v. Muhammad Aslam Khan",Supreme Court of Pakistan,2020-01-01,349,full_judgment,headnote_only,appeal_dismissed
2023_SCMR_2016,2023 SCMR 2016,Muhammad Hanif v. The State,Supreme Court of Pakistan,2023-01-01,788,full_judgment,headnote_only,unknown
2023_SCMR_2028,2023 SCMR 2028,"Abid Shahid Zuberi, Advocate Supreme Court Of Pakistan v. Federation Of Pakistan Through Secretary, Cabinet Division, Islamabad",Supreme Court of Pakistan,2023-01-01,381,full_judgment,headnote_only,unknown
2020_SCMR_1850,2020 SCMR 1850,Ibrar Hussain v. The State,Supreme Court of Pakistan,2020-01-01,345,full_judgment,headnote_only,unknown
2023_SCMR_2058,2023 SCMR 2058,Sheikh Humayun Nazir v. The State,Supreme Court of Pakistan,2023-01-01,737,full_judgment,headnote_only,unknown
2020_SCMR_1853,2020 SCMR 1853,"Ghous Bukhsh v. Commander (A&Q) Cholistan Rangers, Rahim Yar Khan",Supreme Court of Pakistan,2020-01-01,323,full_judgment,headnote_only,unknown
2023_SCMR_2070,2023 SCMR 2070,"Commissioner Inland Revenue, Chenab Zone, Rto, Faisalabad v. Rose Food Industries, Faisalabad",Supreme Court of Pakistan,2023-01-01,381,full_judgment,headnote_only,unknown
2023_SCMR_2075,2023 SCMR 2075,"Cantonment Board Peshawar, Peshawar Cantt. v. Raco Advertisers",Supreme Court of Pakistan,2023-01-01,458,full_judgment,headnote_only,appeal_allowed
2023_SCMR_2084,2023 SCMR 2084,"Commissioner Inland Revenue, Zone-I, Rto, Peshawar v. Ajmal Ali Shiraz Messrs Shiraz Restaurant, Peshawar",Supreme Court of Pakistan,2023-01-01,372,full_judgment,headnote_only,petition_dismissed
2023_SCMR_2087,2023 SCMR 2087,"Federal Public Service Commission Through Chairman, Islamabad v. Shiraz Manzoor",Supreme Court of Pakistan,2023-01-01,478,full_judgment,headnote_only,unknown
2023_SCMR_2096,2023 SCMR 2096,Abdul Nafey v. Muhammad Rafique,Supreme Court of Pakistan,2023-01-01,487,full_judgment,headnote_only,leave_refused
2020_SCMR_1862,2020 SCMR 1862,Muhammad Uzair Jamal v. The State,Supreme Court of Pakistan,2020-01-01,417,full_judgment,headnote_only,leave_refused
2023_SCMR_2103,2023 SCMR 2103,Shah Fakhr-E-Alam v. Mst. Shaukat Ara,Supreme Court of Pakistan,2023-01-01,351,full_judgment,headnote_only,unknown
2023_SCMR_2111,2023 SCMR 2111,"Manzar Abbas v. District Police Officer, Sargodha",Supreme Court of Pakistan,2023-01-01,548,full_judgment,headnote_only,leave_refused
2023_SCMR_2119,2023 SCMR 2119,Dr. Muhammad Saleem v. Government Of Balochistan,Supreme Court of Pakistan,2023-01-01,303,full_judgment,headnote_only,unknown
2023_SCMR_2122,2023 SCMR 2122,Noman Khaliq v. The State,Supreme Court of Pakistan,2023-01-01,321,full_judgment,headnote_only,unknown
2023_SCMR_2133,2023 SCMR 2133,Saif-Ur-Rehman v. Ijaz,Supreme Court of Pakistan,2023-01-01,352,full_judgment,headnote_only,unknown
2023_SCMR_2158,2023 SCMR 2158,Sheikh Muhammad Iftikhar Ahmad v. Faiz Ahmad,Supreme Court of Pakistan,2023-01-01,366,full_judgment,headnote_only,unknown
2020_SCMR_1966,2020 SCMR 1966,Khalid Naseer v. The State,Supreme Court of Pakistan,2020-01-01,352,full_judgment,headnote_only,leave_refused
2023_SCMR_2165,2023 SCMR 2165,"Mohammad Sibtain Khan v. Election Commission Of Pakistan Through Chief Election Commissioner, Islamabad",Supreme Court of Pakistan,2023-01-01,602,full_judgment,headnote_only,unknown
2020_SCMR_2055,2020 SCMR 2055,The Commissioner Inland Revenue v. The Secretary Revenue Division,Supreme Court of Pakistan,2020-01-01,305,full_judgment,headnote_only,unknown
2020_SCMR_2020,2020 SCMR 2020,Akhtar v. The State,Supreme Court of Pakistan,2020-01-01,547,full_judgment,headnote_only,unknown
2022_SCMR_77,2022 SCMR 77,"Secretary, Ministry Of Finance, Islamabad v. Tayyaba Halim Subhani",Supreme Court of Pakistan,2022-01-01,548,full_judgment,headnote_only,unknown
2022_SCMR_13,2022 SCMR 13,Mst. Hayat Bibi v. Alamzeb,Supreme Court of Pakistan,2022-01-01,511,full_judgment,headnote_only,appeal_allowed
2022_SCMR_18,2022 SCMR 18,Muhammad Akram v. The State,Supreme Court of Pakistan,2022-01-01,503,full_judgment,headnote_only,unknown
2022_SCMR_25,2022 SCMR 25,"Government Of The Punjab Through Secretary, Schools Education Department, Lahore v. Abdur Rehman",Supreme Court of Pakistan,2022-01-01,699,full_judgment,headnote_only,unknown
2020_SCMR_2029,2020 SCMR 2029,Mst. Kalsoom Begum v. Rizwan Shah,Supreme Court of Pakistan,2020-01-01,350,full_judgment,headnote_only,appeal_allowed
2022_SCMR_133,2022 SCMR 133,Niamatullah Khan Advocate v. Federation Of Pakistan,Supreme Court of Pakistan,2022-01-01,821,full_judgment,headnote_only,petition_dismissed
2020_SCMR_2037,2020 SCMR 2037,"Abdul Rehman Malik v. Synthia D. Ritchie, Americans National",Supreme Court of Pakistan,2020-01-01,547,full_judgment,headnote_only,appeal_dismissed
2022_SCMR_47,2022 SCMR 47,Moulvi Din Muhammad v. Bibi Shakira,Supreme Court of Pakistan,2022-01-01,333,full_judgment,headnote_only,appeal_allowed
2022_SCMR_152,2022 SCMR 152,Niamatullah Khan v. Federation Of Pakistan,Supreme Court of Pakistan,2022-01-01,555,full_judgment,headnote_only,unknown
2022_SCMR_406,2022 SCMR 406,Government Of Khyber Pakhtunkhwa v. Sher Aman,Supreme Court of Pakistan,2022-01-01,705,full_judgment,headnote_only,appeal_allowed
2022_SCMR_50,2022 SCMR 50,Zahid v. The State,Supreme Court of Pakistan,2022-01-01,409,full_judgment,headnote_only,leave_refused
2022_SCMR_55,2022 SCMR 55,Mushtaq Ul Aarifin v. Mumtaz Muhammad,Supreme Court of Pakistan,2022-01-01,626,full_judgment,headnote_only,appeal_allowed
2022_SCMR_64,2022 SCMR 64,Mst. Parveen (Deceased) v. Muhammad Pervaiz,Supreme Court of Pakistan,2022-01-01,885,full_judgment,headnote_only,unknown
2020_SCMR_2064,2020 SCMR 2064,"The Divisional Superintendent, Pakistan Railways, Rawalpindi v. Syed Irshad Ali Abid",Supreme Court of Pakistan,2020-01-01,390,full_judgment,headnote_only,appeal_allowed
2022_SCMR_189,2022 SCMR 189,"Principal Public School Sangota, Government Of Khyber Pakhtunkhwa v. Sarbiland",Supreme Court of Pakistan,2022-01-01,595,full_judgment,headnote_only,unknown
2020_SCMR_2068,2020 SCMR 2068,"Government Of Khyber Pakhtunkhwa, Workers Welfare Board v. Raheel Ali Gohar",Supreme Court of Pakistan,2020-01-01,431,full_judgment,headnote_only,unknown
2022_SCMR_201,2022 SCMR 201,"Syed Azam Shah v. Federation Of Pakistan Through Secretary Cabinet Division, Cabinet Secretariat, Islamabad",Supreme Court of Pakistan,2022-01-01,313,full_judgment,headnote_only,unknown
2020_SCMR_2084,2020 SCMR 2084,Amjad v. The State,Supreme Court of Pakistan,2020-01-01,312,full_judgment,headnote_only,unknown
2020_SCMR_2089,2020 SCMR 2089,Sidra Abbas v. The State,Supreme Court of Pakistan,2020-01-01,451,full_judgment,headnote_only,unknown
2020_SCMR_2096,2020 SCMR 2096,State v. Ahmad Omer Shaikh,Supreme Court of Pakistan,2020-01-01,626,full_judgment,headnote_only,unknown
1983_PLC(CS)_107,1983 PLC(CS) 345,"MUHAMMAD YOUNAS v. CHAIRMAN, WAPDA",Honorable Justice Shah Abdur Rashid - Federal-Service-Tribunal,1982-09-09,1488,full_judgment,headnote_only,unknown
1983_PLC(CS)_109,1983 PLC(CS) 350,Malik GHULAM YASIN v. PROVINCE OF THE PUNJAB AND ANOTHER,Service-Tribunal-Punjab,1982-11-14,1300,full_judgment,headnote_only,appeal_dismissed
2020_SCMR_2101,2020 SCMR 2101,Nasrullah Khan v. Mst. Khairunnisa,Supreme Court of Pakistan,2020-01-01,356,full_judgment,headnote_only,appeal_dismissed
2022_SCMR_219,2022 SCMR 219,Niamatullah Khan v. Federation Of Pakistan,Supreme Court of Pakistan,2022-01-01,350,full_judgment,headnote_only,unknown
2022_SCMR_238,2022 SCMR 238,Niamatullah Khan v. Federation Of Pakistan,Supreme Court of Pakistan,2022-01-01,438,full_judgment,headnote_only,unknown
2020_SCMR_2116,2020 SCMR 2116,Muhammad Javed v. The State,Supreme Court of Pakistan,2020-01-01,324,full_judgment,headnote_only,unknown
2020_SCMR_2122,2020 SCMR 2122,Application For Release Of Funds To Be Paid By Bahria Town To The Government Of Sindh Pursuant To Order Dated 21.3.2019 Vs,Supreme Court of Pakistan,2020-01-01,394,full_judgment,headnote_only,unknown
2020_SCMR_2129,2020 SCMR 2129,"Ajmir Shah v. The Inspector-General, Frontier Corps Khyber Pakhtunkhwa",Supreme Court of Pakistan,2020-01-01,654,full_judgment,headnote_only,leave_refused
2022_SCMR_284,2022 SCMR 284,Bahar Shah v. Manzoor Ahmad,Supreme Court of Pakistan,2022-01-01,1047,full_judgment,headnote_only,unknown
2022_SCMR_292,2022 SCMR 292,"Divisional Superintendent, Quetta Postal Division v. Muhammad Ibrahim",Supreme Court of Pakistan,2022-01-01,372,full_judgment,headnote_only,unknown
2022_SCMR_309,2022 SCMR 309,Jehangir v. Mst. Shams Sultana,Supreme Court of Pakistan,2022-01-01,341,full_judgment,headnote_only,appeal_allowed
2020_SCMR_2134,2020 SCMR 2134,Muhammad Jawed v. First Women Bank Ltd.,Supreme Court of Pakistan,2020-01-01,609,full_judgment,headnote_only,leave_refused
2022_SCMR_317,2022 SCMR 317,Ajab Khan v. The State,Supreme Court of Pakistan,2022-01-01,513,full_judgment,headnote_only,leave_refused
2022_SCMR_321,2022 SCMR 321,Abdul Qadir v. Jahangir Khan,Supreme Court of Pakistan,2022-01-01,429,full_judgment,headnote_only,leave_refused
2020_SCMR_2143,2020 SCMR 2143,Ali Muhammad v. The State,Supreme Court of Pakistan,2020-01-01,600,full_judgment,headnote_only,appeal_dismissed
2020_SCMR_2147,2020 SCMR 2147,"Martin Dow Marker Ltd., Quetta v. Asadullah Khan",Supreme Court of Pakistan,2020-01-01,586,full_judgment,headnote_only,unknown
2022_SCMR_327,2022 SCMR 327,Senior Superintendent Of Police (Operations) v. Shahid Nazir,Supreme Court of Pakistan,2022-01-01,362,full_judgment,headnote_only,appeal_dismissed
2020_SCMR_2155,2020 SCMR 2155,Amjad Khan v. Muhammad Irshad (Deceased),Supreme Court of Pakistan,2020-01-01,459,full_judgment,headnote_only,unknown
2020_SCMR_2166,2020 SCMR 2166,"Fayyaz Hussain v. Federation Of Pakistan Through Secretary Ministry Of Interior, Islamabad",Supreme Court of Pakistan,2020-01-01,339,full_judgment,headnote_only,leave_refused
2022_SCMR_363,2022 SCMR 363,Muhammad Baqir v. The State,Supreme Court of Pakistan,2022-01-01,328,full_judgment,headnote_only,unknown
2022_SCMR_366,2022 SCMR 366,"Supreme Court Employees Co-Operative Housing Society, Islamabad v. Marshal Construction Management",Supreme Court of Pakistan,2022-01-01,627,full_judgment,headnote_only,unknown
2022_SCMR_399,2022 SCMR 399,Abdul Rehman v. Mst. Allah Wasai,Supreme Court of Pakistan,2022-01-01,443,full_judgment,headnote_only,appeal_allowed
2022_SCMR_426,2022 SCMR 426,"Fawad Ahmad Mukhtar v. Commissioner Inland Revenue (Zone-Ii),Regional Tax Office, Multan",Supreme Court of Pakistan,2022-01-01,426,full_judgment,headnote_only,unknown
2022_SCMR_448,2022 SCMR 448,"Bashir Ahmed Badini, D&Sj, Dera Allah Yar v. Hon'Ble Chairman And Member Of Administration Committee And Promotion Committee Of Hon'Ble High Court Of Balochistan",Supreme Court of Pakistan,2022-01-01,1116,full_judgment,headnote_only,unknown
2022_SCMR_472,2022 SCMR 472,Government Of Khyber Pakhtunkhwa v. Intizar Ali,Supreme Court of Pakistan,2022-01-01,342,full_judgment,headnote_only,unknown
2019_SCMR_46,2019 SCMR 46,"Government Of Khyber Pakhtunkhwa Through Secretary Local Government And Rural Development Department, Peshawar v. Lucky Cement Limited",Supreme Court of Pakistan,2019-01-01,466,full_judgment,headnote_only,appeal_dismissed
2022_SCMR_487,2022 SCMR 487,"Muhammad Shabbir v. Quaid-E-Azam University Through Vice-Chancellor, Islamabad",Supreme Court of Pakistan,2022-01-01,441,full_judgment,headnote_only,unknown
2022_SCMR_515,2022 SCMR 515,Salman Khan v. The State,Supreme Court of Pakistan,2022-01-01,351,full_judgment,headnote_only,unknown
2019_SCMR_57,2019 SCMR 57,"Agro Tractors (Private) Limited v. Fecto Belarus Tractors Limited, Karachi",Supreme Court of Pakistan,2019-01-01,302,full_judgment,headnote_only,appeal_dismissed
2022_SCMR_616,2022 SCMR 616,Dost Muhammad v. Mian Riaz Hussain,Supreme Court of Pakistan,2022-01-01,350,full_judgment,headnote_only,appeal_dismissed
2022_SCMR_528,2022 SCMR 528,Muhammad Zahid v. Province Of Sindh,Supreme Court of Pakistan,2022-01-01,359,full_judgment,headnote_only,unknown
2022_SCMR_544,2022 SCMR 544,Abdul Ghani v. The State,Supreme Court of Pakistan,2022-01-01,312,full_judgment,headnote_only,unknown
2022_SCMR_547,2022 SCMR 547,Gul Nawab v. The State,Supreme Court of Pakistan,2022-01-01,330,full_judgment,headnote_only,unknown
2019_SCMR_61,2019 SCMR 61,Sardar Masood Khan Luni v. Election Commission Of Pakistan,Supreme Court of Pakistan,2019-01-01,357,full_judgment,headnote_only,appeal_dismissed
2019_SCMR_79,2019 SCMR 79,Munir Ahmad v. The State,Supreme Court of Pakistan,2019-01-01,326,full_judgment,headnote_only,unknown
2022_SCMR_595,2022 SCMR 595,Sindh Irrigation And Drainage Authority v. Government Of Sindh,Supreme Court of Pakistan,2022-01-01,359,full_judgment,headnote_only,unknown
2019_SCMR_74,2019 SCMR 74,Moiz Abbas v. Mrs. Latifa,Supreme Court of Pakistan,2019-01-01,476,full_judgment,headnote_only,appeal_allowed
2019_SCMR_84,2019 SCMR 84,Taj Wali Shah v. Bakhti Zaman,Supreme Court of Pakistan,2019-01-01,523,full_judgment,headnote_only,unknown
2022_SCMR_627,2022 SCMR 627,"Capital Development Authority Through Chairman, Islamabad v. Shabir Hussain",Supreme Court of Pakistan,2022-01-01,565,full_judgment,headnote_only,unknown
2022_SCMR_640,2022 SCMR 640,Syed Hamad Raza v. The State,Supreme Court of Pakistan,2022-01-01,307,full_judgment,headnote_only,unknown
2022_SCMR_650,2022 SCMR 650,Munir Hussain v. Province Of Sindh,Supreme Court of Pakistan,2022-01-01,385,full_judgment,headnote_only,leave_refused
2022_SCMR_660,2022 SCMR 660,Syed Jawad Shah v. The State,Supreme Court of Pakistan,2022-01-01,350,full_judgment,headnote_only,unknown
2019_SCMR_101,2019 SCMR 101,"Space Telecom (Private) Limited, Lahore v. Pakistan Telecommunication Authority, Islamabad",Supreme Court of Pakistan,2019-01-01,678,full_judgment,headnote_only,leave_refused
2022_SCMR_663,2022 SCMR 663,Chaudhry Nadeem Sultan v. The State,Supreme Court of Pakistan,2022-01-01,352,full_judgment,headnote_only,unknown
2022_SCMR_667,2022 SCMR 667,Ch. Riaz Ahmad v. Munir Sultan Malik,Supreme Court of Pakistan,2022-01-01,573,full_judgment,headnote_only,appeal_dismissed
2022_SCMR_673,2022 SCMR 673,"Government Of Khyber Pakhtunkhwa Through Secretary Health, Civil Secretariat, Peshawar v. Dr. Liaqat Ali",Supreme Court of Pakistan,2022-01-01,319,full_judgment,headnote_only,unknown
2022_SCMR_676,2022 SCMR 676,Abdul Majid Afridi v. The State,Supreme Court of Pakistan,2022-01-01,489,full_judgment,headnote_only,leave_refused
2019_SCMR_118,2019 SCMR 118,Mian Shaukat Ali v. Punjab Public Service Commission,Supreme Court of Pakistan,2019-01-01,354,full_judgment,headnote_only,unknown
2022_SCMR_690,2022 SCMR 690,Muhammad Sadiq v. The State,Supreme Court of Pakistan,2022-01-01,403,full_judgment,headnote_only,leave_refused
2022_SCMR_694,2022 SCMR 694,"Uzma Manzoor v. Vice-Chancellor Khushal Khan Khattak University, Karak",Supreme Court of Pakistan,2022-01-01,403,full_judgment,headnote_only,unknown
1992_PLC(CS)_203,1992 PLC(CS) 798,AZIZ,Ul-Rehman Vs Azad Government Of The State Of Jammu And Kashmir - Supreme-Court-Azad-Kashmir,1991-12-21,358,full_judgment,headnote_only,unknown
1992_PLC(CS)_204,1992 PLC(CS) 799,"ZULFIQAR HAIDER v. PAKISTAN STEEL, KARACHI",Labour-Appellate-Tribunal-Sindh,1990-10-18,3416,full_judgment,headnote_only,unknown
1983_PLC(CS)_111,1983 PLC(CS) 354,"Hafiz MUHAMMAD GHAZ1 v. SECRETARY TO GOVERNMENT OF THE PUNJAB, FORESTRY",Service-Tribunal-Punjab,1982-11-17,1162,full_judgment,headnote_only,appeal_allowed
2022_SCMR_703,2022 SCMR 703,Pir Fazal Rabbani v. Ghulam Akbar,Supreme Court of Pakistan,2022-01-01,518,full_judgment,headnote_only,appeal_dismissed
2022_SCMR_710,2022 SCMR 710,"President, Zarai Taraqiati Bank Limited, Islamabad v. Agha Hassan Khursheed",Supreme Court of Pakistan,2022-01-01,327,full_judgment,headnote_only,unknown
2019_SCMR_137,2019 SCMR 137,Mian Zia Ur Rehman v. Syed Nadir Ali Shah,Supreme Court of Pakistan,2019-01-01,316,full_judgment,headnote_only,appeal_dismissed
2022_SCMR_722,2022 SCMR 722,Islamabad Electric Supply Company Ltd. (Iesco) v. Commissioner Inland Revenue Islamabad,Supreme Court of Pakistan,2022-01-01,365,full_judgment,headnote_only,unknown
2019_SCMR_143,2019 SCMR 143,Darnley v. Croydon Health Services Nhs Trust,Supreme Court of Pakistan,2019-01-01,1058,full_judgment,headnote_only,unknown
2019_SCMR_158,2019 SCMR 158,"Dewan Khalid Textile Mills Ltd. v. Commissioner Of Income Tax (Legal Division), Large Taxpayers Unit, Karachi",Supreme Court of Pakistan,2019-01-01,597,full_judgment,headnote_only,appeal_allowed
2022_SCMR_745,2022 SCMR 745,"Usman Ghani v. The Chief Post Master, Gpo Karachi",Supreme Court of Pakistan,2022-01-01,384,full_judgment,headnote_only,unknown
2019_SCMR_165,2019 SCMR 165,"Jacques Chagnon, In His Capacity As President Of The National Assembly Of Québec v. Syndicat De La Fonction Publique Et Parapublique Du Québec",Supreme Court of Pakistan,2019-01-01,1142,full_judgment,headnote_only,unknown
2019_SCMR_221,2019 SCMR 221,Pakistan Olympic Association v. Nadeem Aftab Sindhu,Supreme Court of Pakistan,2019-01-01,701,full_judgment,headnote_only,unknown
2022_SCMR_759,2022 SCMR 759,Province Of Punjab Through Do(R) Sheikhupura v. Javed Akbar,Supreme Court of Pakistan,2022-01-01,625,full_judgment,headnote_only,unknown
1986_PLC(CS)_132,1986 PLC(CS) 444,Mrs. S.J. Usmani v. GOVERNMENT OF PUNJAB,Honorable Justice Abdul Hamid Chaudhry - Service-Tribunal-Punjab,1982-11-25,1192,full_judgment,headnote_only,appeal_dismissed
2015_PLC(CS)_132,2015 PLC(CS) 1078,Mir INTIKHAB,"Ul-Haq Vs Provincial Government Through Chief Secretary, Gilgit - Honorable Justice Sahib Khan And Wazir Shakeel Ahmed - Basharat Ali And Aurangzeb Khan , Imran Hussain Gilgit-Baltistan Chief Court",2014-12-01,1518,full_judgment,headnote_only,petition_allowed
2012_SCMR_1267,2012 SCMR 1267,"C.V. ""Lemon Bay"" v. Sadruddin",Supreme Court of Pakistan,2012-01-01,585,full_judgment,headnote_only,unknown
2012_SCMR_1651,2012 SCMR 1651,Raja Mujahid Muzaffar v. Federation Of Pakistan,Supreme Court of Pakistan,2012-01-01,1229,full_judgment,headnote_only,unknown
2012_SCMR_1685,2012 SCMR 1685,Dr. Muhammad Riaz Akhtar Alias Dr. Shahid v. The State,Supreme Court of Pakistan,2012-01-01,342,full_judgment,headnote_only,unknown
1986_PLC(CS)_133,1986 PLC(CS) 447,"MUHAMMAD ASLAM HAYAT v. SECRETARY TO GOVERNMENT OF PUNJAB, AGRICULTURE DEPARTMENT",Honorable Justice Abdul Hamid Chaudhary - Service-Tribunal-Punjab,1985-10-26,1822,full_judgment,headnote_only,appeal_allowed
2015_PLC(CS)_133,2015 PLC(CS) 1082,MUHAMMAD AMIN v. GOVERNMENT OF PUNJAB,"Honorable Justice Amir Hani Muslim - Ch. Mushtaq Ahmed Khan , Shahid Mobeen Supreme-Court",2015-02-10,1384,full_judgment,headnote_only,remanded
1983_PLC(CS)_247,1983 PLC(CS) 746,Case #247 (1983 PLC(CS) 746),Labour-Appellate-Tribunal-Sindh,1983-01-01,1160,full_judgment,headnote_only,unknown
2012_SCMR_1273,2012 SCMR 1273,Ikram-Ul-Haq v. Raja Naveed Sabir,Supreme Court of Pakistan,2012-01-01,412,full_judgment,headnote_only,appeal_dismissed
1986_PLC(CS)_134,1986 PLC(CS) 451,"Dr. MUHAMMAD HANIF ARIF v. SECRETARY TO GOVERNMENT OF PUNJAB, HEALTH DEPARTMENT, LAHORE",Service-Tribunal-Punjab,1986-01-01,1555,full_judgment,headnote_only,appeal_dismissed
2012_SCMR_1691,2012 SCMR 1691,Muhammad Abid v. The State,Supreme Court of Pakistan,2012-01-01,363,full_judgment,headnote_only,unknown
2012_SCMR_1698,2012 SCMR 1698,"Collector Of Customs, Lahore v. Mrs. Shahida Anwar",Supreme Court of Pakistan,2012-01-01,436,full_judgment,headnote_only,appeal_dismissed
2012_SCMR_1700,2012 SCMR 1700,Ch. Liaquat Ali v. Province Of Punjab,Supreme Court of Pakistan,2012-01-01,636,full_judgment,headnote_only,unknown
2012_SCMR_1725,2012 SCMR 1725,Muhammad Safdar v. Punjab Land Commission Through Secretary,Supreme Court of Pakistan,2012-01-01,757,full_judgment,headnote_only,unknown
2012_SCMR_1732,2012 SCMR 1732,Sanjay Chandra v. Central Bureau Of Investigation,Supreme Court of Pakistan,2012-01-01,989,full_judgment,headnote_only,unknown
2012_SCMR_1784,2012 SCMR 1784,President Balochistan High Court Bar Association v. Federation Of Pakistan,Supreme Court of Pakistan,2012-01-01,543,full_judgment,headnote_only,unknown
1967_PLD_SC_191,PLD 1967 SC 191,GHULAM MUHAMMAD VS GOVERNMENT OF WEST PAKISTAN -,Supreme Court of Pakistan,1967-01-01,10483,full_judgment,headnote_only,unknown
1983_PLC(CS)_248,1983 PLC(CS) 747,"Mian MUHAMMAD HANIF AND OTHERS v. SECRETARY TO GOVERNMENT OF THE PUNJAB, COMMUNICATION AND WORKS DEPARTMENT",Service-Tribunal-Punjab,1983-01-01,3276,full_judgment,headnote_only,appeal_dismissed
2012_SCMR_1400,2012 SCMR 1400,Om Prakash v. The State,Supreme Court of Pakistan,2012-01-01,541,full_judgment,headnote_only,appeal_allowed
2012_SCMR_1719,2012 SCMR 1719,Muhammad Saleem v. Province Of Punjab Through Collector/Do(R) T.T. Singh,Supreme Court of Pakistan,2012-01-01,600,full_judgment,headnote_only,appeal_allowed
2012_SCMR_1860,2012 SCMR 1860,"Paramount Spinning Mills Ltd. v. Customs, Sales Tax And Central Excise Appellate Tribunal",Supreme Court of Pakistan,2012-01-01,531,full_judgment,headnote_only,unknown
1992_PLD_LAH_1,PLD 1992 Lah 1,KHURSHID AHMAD VS GOVT. OF PUNJAB -,Lahore High Court,1992-01-01,15560,full_judgment,headnote_only,unknown
2012_SCMR_1549,2012 SCMR 1549,Municipal Corporation Of Delhi v. Association Of Victims Of Uphaar Tragedy,Supreme Court of Pakistan,2012-01-01,487,full_judgment,headnote_only,unknown
2012_SCMR_1881,2012 SCMR 1881,E.N.E. Kos 1 Limited v. Petroleo Brasileiro S.A.,Supreme Court of Pakistan,2012-01-01,1269,full_judgment,headnote_only,appeal_allowed
2012_SCMR_1936,2012 SCMR 1936,Hasil Khan v. The State,Supreme Court of Pakistan,2012-01-01,594,full_judgment,headnote_only,unknown
1986_PLC(CS)_135,1986 PLC(CS) 454,"HAMID ALI v. ASSISTANT COMMISSIONER/ COLLECTOR, KABIRWALA",Service-Tribunal-Punjab,1985-10-29,2600,full_judgment,headnote_only,appeal_allowed
2015_PLC(CS)_135,2015 PLC(CS) 1091,"KHALID FAROOQ TIPU v. SECRETAY, MINISTRY OF FINANCE, PAKISTAN SECRETARIAT, ISLAMABAD","Honorable Justice Sheikh Ahmad Farooq - Riaz Ahmad Tahir , Miss Humaira Latif Ch. Federal-Service-Tribunal",2015-05-20,8262,full_judgment,headnote_only,unknown
1986_PLC(CS)_136,1986 PLC(CS) 459,"MUHAMMAD NAWAZ v. COMMISSIONER, DERA GHAZI KHAN DIVISION D.G. KHAN",Service-Tribunal-Punjab,1985-10-30,1259,full_judgment,headnote_only,appeal_allowed
2012_SCMR_1428,2012 SCMR 1428,"Farid Company (Pvt.) Ltd. v. Vice-Commissioner, Pessi",Supreme Court of Pakistan,2012-01-01,427,full_judgment,headnote_only,appeal_dismissed
2012_SCMR_1945,2012 SCMR 1945,Muhammad Yousaf Butt v. P.C. Abdul Lateef Shar,Supreme Court of Pakistan,2012-01-01,411,full_judgment,headnote_only,unknown
1986_PLC(CS)_137,1986 PLC(CS) 462,"SHAN MUHAMMAD v. SECRETARY TO GOVERNMENT OF PUNJAB, EDUCATION DEPARTMENT",Honorable Justice S. Abdul Jabbar Khan - Service-Tribunal-Punjab,1985-11-16,1390,full_judgment,headnote_only,appeal_dismissed
1983_PLC(CS)_249,1983 PLC(CS) 748,Case #249 (1983 PLC(CS) 748),Labour-Appellate-Tribunal-Sindh,1983-01-01,896,full_judgment,headnote_only,unknown
2015_PLC(CS)_137,2015 PLC(CS) 1114,"ABDUL MALIK v. CHIEF SECRETARY, GOVERNMENT OF BALOCHISTAN",Honorable Justice Muhammad Ibrahim Sumalani - Service-Tribunal-Balochistan,2014-03-25,1089,full_judgment,headnote_only,appeal_dismissed
2012_SCMR_1442,2012 SCMR 1442,R v. Gnango,Supreme Court of Pakistan,2012-01-01,317,full_judgment,headnote_only,unknown
2011_SCMR_131,2011 SCMR 131,Khaliq Hussain v. The State,Supreme Court of Pakistan,2011-01-01,362,full_judgment,headnote_only,leave_refused
2012_SCMR_1955,2012 SCMR 1955,Pur Bux v. The State,Supreme Court of Pakistan,2012-01-01,349,full_judgment,headnote_only,unknown
1986_PLC(CS)_138,1986 PLC(CS) 464,GHULAM RASUL JAVED v. DIRECTOR,"General, Agriculture (Field), Punjab - Service-Tribunal-Punjab",1985-10-30,925,full_judgment,headnote_only,appeal_allowed
2015_PLC(CS)_138,2015 PLC(CS) 1117,Dr. AZIM,"Ur-Rahim Khan Meo Vs Province Of Sindh Through Chief Secretary - Honorable Justice Sh. Azmat Saeed - M. Aqil Awan , Shafi Muhammad Chandio Supreme-Court",2015-02-13,3539,full_judgment,headnote_only,appeal_dismissed
1986_PLC(CS)_139,1986 PLC(CS) 466,"JAMALUD DIN v. SECRETARY TO GOVERNMENT OF PUNJAB, LABOUR DEPARTMENT",Service-Tribunal-Punjab,1985-10-29,1322,full_judgment,headnote_only,appeal_allowed
2012_SCMR_1539,2012 SCMR 1539,"Mehmood Hussain v. Presiding Officer, Punjab Labour Court",Supreme Court of Pakistan,2012-01-01,477,full_judgment,headnote_only,appeal_allowed
2011_SCMR_118,2011 SCMR 118,"Mst. Sumaira Gul v. Land Acquisition Collector G.S.C. Wapda, Peshawar",Supreme Court of Pakistan,2011-01-01,353,full_judgment,headnote_only,appeal_allowed
2011_SCMR_136,2011 SCMR 136,Khalid Aziz v. The State,Supreme Court of Pakistan,2011-01-01,403,full_judgment,headnote_only,appeal_allowed
2012_SCMR_1694,2012 SCMR 1694,University Of Karachi v. Tariq Hussain,Supreme Court of Pakistan,2012-01-01,398,full_judgment,headnote_only,appeal_dismissed
2011_SCMR_261,2011 SCMR 261,M. Anwar Sidhu v. National Bank Of Pakistan,Supreme Court of Pakistan,2011-01-01,390,full_judgment,headnote_only,unknown
1986_PLC(CS)_140,1986 PLC(CS) 469,Case #140 (1986 PLC(CS) 469),Labour-Appellate-Tribunal-Punjab,1985-05-12,711,full_judgment,headnote_only,appeal_dismissed
2015_PLC(CS)_140,2015 PLC(CS) 1130,FEDERAL PUBLIC SERVICE COMMISSION v. ALTAF HUSSAIN,"Honorable Justice Amir Hani Muslim - Sajid Ilyas Bhatti , Imran Fazal Siddiqui Supreme-Court",2014-11-21,2652,full_judgment,headnote_only,disposed_of
1986_PLC(CS)_141,1986 PLC(CS) 469,"ZAHEER HAIDER v. DEPUTY DIRECTOR FOOD, FAISALABAD",Service-Tribunal-Punjab,1985-10-29,1100,full_judgment,headnote_only,appeal_allowed
1986_PLC(CS)_142,1986 PLC(CS) 471,Case #142 (1986 PLC(CS) 471),Labour-Appellate-Tribunal-Punjab,1985-05-12,899,full_judgment,headnote_only,appeal_dismissed
2015_PLC(CS)_142,2015 PLC(CS) 1143,MUHAMMAD NADEEM v. GOVERNMENT OF BALOCHISTAN,"Honorable Justice Muhammad Noor Meskanzai And Muhammad Hashim Khan Kakar - Nemo , Shai Haq Baloch Quetta-High-Court-Balochistan",2015-04-14,2368,full_judgment,headnote_only,petition_dismissed
1986_PLC(CS)_143,1986 PLC(CS) 471,"ABDUL RASHID v. DIRECTOR AGRICULTURAL ENGINEERING, FAISALABAD",Honorable Justice S. Abdul Jabbar Khan - Service-Tribunal-Punjab,1985-11-16,1039,full_judgment,headnote_only,appeal_dismissed
2015_PLC(CS)_143,2015 PLC(CS) 1149,GHULAM AULIA v. FEDERATION OF PAKISTAN through Secretary,"Honorable Justice Aziz-Ur-Rehman - Muhammad Arshad Khan Tanoli , Khalid Javed Karachi-High-Court-Sindh",2014-12-31,13691,full_judgment,headnote_only,appeal_dismissed
1986_PLC(CS)_144,1986 PLC(CS) 473,Case #144 (1986 PLC(CS) 473),Labour-Appellate-Tribunal-Punjab,1986-01-01,889,full_judgment,headnote_only,appeal_dismissed
2015_PLC(CS)_144,2015 PLC(CS) 1182,"PWD EMPLOYEES UNION, BALOCHISTAN v. SECRETARY, COMMUNICATION AND WORKS DEPARTMENT, GOVERNMENT OF BALOCHISTAN QUETTA","Honorable Justice Ghulam Mustafa Mengal And Muhammad Hashim Khan Kakar - Muhammad Riaz Ahmed , Baz Muhammad Kakar Quetta-High-Court-Balochistan",2014-11-10,9649,full_judgment,headnote_only,unknown
1986_PLC(CS)_145,1986 PLC(CS) 474,"MAJID AHMAD v. CHAIRMAN, MARKET COMMITTEE, BADDU MALHI",Service-Tribunal-Punjab,1985-11-14,771,full_judgment,headnote_only,appeal_dismissed
1986_PLC(CS)_146,1986 PLC(CS) 475,Case #146 (1986 PLC(CS) 475),Labour-Appellate-Tribunal-Punjab,1985-05-12,735,full_judgment,headnote_only,appeal_allowed
2015_PLC(CS)_146,2015 PLC(CS) 1210,"MUHAMMAD ANAYET GONDAL v. The REGISTRAR, LAHORE HIGH COURT, LAHORE","Honorable Justice Ejaz Afzal Khan - , Nemo Supreme-Court",2015-03-05,952,full_judgment,headnote_only,appeal_dismissed
1986_PLC(CS)_147,1986 PLC(CS) 475,"ATTA MUHAMMAD v. DIVISIONAL FOREST OFFICER, RANGE MANAGEMENT DIVISION, LAHORE",Honorable Justice Abdul Hamid Chaudhry - Service-Tribunal-Punjab,1985-11-11,2440,full_judgment,headnote_only,appeal_dismissed
2015_PLC(CS)_147,2015 PLC(CS) 1213,ROZEENA KHATOON v. PROVINCIAL GOVERNMENT through Chief Secretary,"Honorable Justice Sahib Khan And Muhammad Alam - Amjad Hussain And Javed Ahmad , Sher Ndir Gilgit-Baltistan Chief Court",2013-05-02,782,full_judgment,headnote_only,petition_dismissed
1986_PLC(CS)_148,1986 PLC(CS) 476,Case #148 (1986 PLC(CS) 476),Labour-Appellate-Tribunal-Punjab,1985-05-12,668,full_judgment,headnote_only,unknown
2015_PLC(CS)_148,2015 PLC(CS) 1215,Dr. AKHTAR BANO v. GOVERNMENT OF BALOCHISTAN,"Honorable Justice Zaheer-Ud-Din Kakar - Muhammad Kazim , Naseer Ahmed Bangulzai Service-Tribunal-Balochistan",2015-04-15,1484,full_judgment,headnote_only,unknown
1986_PLC(CS)_149,1986 PLC(CS) 478,Case #149 (1986 PLC(CS) 478),Labour-Appellate-Tribunal-Punjab,1985-04-15,636,full_judgment,headnote_only,appeal_dismissed
1986_PLC(CS)_150,1986 PLC(CS) 479,"GHULAM HUSSAIN v. CRESCENT BOARDS LIMITED, FAISALABAD",Honorable Justice Muhammad Abdul Ghafoor Khan Lodhi - Labour-Appellate-Tribunal-Punjab,1984-12-11,458,full_judgment,headnote_only,appeal_dismissed
2015_PLC(CS)_150,2015 PLC(CS) 1224,"Engineer MUHAMMAD SADIQ v. SECRETARY, COLLEGES HIGHER AND TECHNICAL EDUCATION DEPARTMENT, QUETTA",Honorable Justice Muhammad Ibrahim Sumalani - Inayataullah Kakar Service-Tribunal-Balochistan,2014-05-06,1074,full_judgment,headnote_only,appeal_allowed
1986_PLC(CS)_151,1986 PLC(CS) 480,Case #151 (1986 PLC(CS) 480),Labour-Appellate-Tribunal-Punjab,1984-12-11,644,full_judgment,headnote_only,disposed_of
1986_PLC(CS)_152,1986 PLC(CS) 480,"ABDUR REHMAN v. COMMISSIONER, BAHAWALPUR DIVISION",Honorable Justice S. Abdul Jabbar Khan - Service-Tribunal-Punjab,1985-10-27,505,full_judgment,headnote_only,appeal_dismissed
2015_PLC(CS)_152,2015 PLC(CS) 1231,Dr. RIFFAT KAMAL v. FEDERATION OF PAKISTAN,"Honorable Justice Ijaz Ahmed Chaudhry - Muhammad Aftab Alam Rana , Dr. Muhammad Fayyaz Supreme-Court",2015-02-24,1764,full_judgment,headnote_only,appeal_allowed
1986_PLC(CS)_153,1986 PLC(CS) 481,Case #153 (1986 PLC(CS) 481),Labour-Appellate-Tribunal-Punjab,1984-12-11,422,full_judgment,headnote_only,appeal_allowed
1986_PLC(CS)_154,1986 PLC(CS) 481,MASOOD AKBAR KHAN v. ADDITIONAL CHIEF SECRETARY to GOVTERNMENT OF PUNJAB S G A & I DEPARTMENT,Honorable Justice S. Abdul Jabbar Khan - Service-Tribunal-Punjab,1985-10-27,957,full_judgment,headnote_only,appeal_allowed
2015_PLC(CS)_154,2015 PLC(CS) 1242,"MUHAMMAD ESSA SHAHOOK v. CHIEF SECRETARY, GOVERNMENT OF BALOCHISTAN, QUETTA","Honorable Justice Muhammad Ibrahim Sumalani - Zahid Muqeem Ansari , Jaffar Raza Khan Service-Tribunal-Balochistan",2014-03-28,1464,full_judgment,headnote_only,appeal_dismissed
1986_PLC(CS)_155,1986 PLC(CS) 482,Case #155 (1986 PLC(CS) 482),Labour-Appellate-Tribunal-Punjab,1984-12-12,544,full_judgment,headnote_only,appeal_dismissed
2015_PLC(CS)_155,2015 PLC(CS) 1246,REHMAT SANOBER v. BALOCHISTAN PUBLIC SERVICE COMMISSION,"Honorable Justice Muhammad Noor Meskanzai And Muhammad Hashim Khan Kakar - Muhammad Qahir Shah And Akram Shah , Shai Haq Baloch Quetta-High-Court-Balochistan",2015-06-29,3325,full_judgment,headnote_only,leave_refused
1986_PLC(CS)_156,1986 PLC(CS) 483,FAZAL ELAHI v. PAKISTAN RAILWAYS,Honorable Justice Muhammad Abdul Ghafoor Khan Lodhi - Labour-Appellate-Tribunal-Punjab,1984-12-12,423,full_judgment,headnote_only,appeal_dismissed
1986_PLC(CS)_157,1986 PLC(CS) 483,"AZIZUR REHMAN v. DEPUTY DIRECTOR, HEALTH SERVICES, BAH4WALPUR DIVISION",Service-Tribunal-Punjab,1985-11-10,716,full_judgment,headnote_only,appeal_dismissed
1986_PLC(CS)_158,1986 PLC(CS) 484,Case #158 (1986 PLC(CS) 484),Labour-Appellate-Tribunal-Punjab,1984-12-11,453,full_judgment,headnote_only,appeal_allowed
1986_PLC(CS)_159,1986 PLC(CS) 485,Case #159 (1986 PLC(CS) 485),Labour-Appellate-Tribunal-Punjab,1984-12-12,647,full_judgment,headnote_only,unknown
2015_PLC(CS)_159,2015 PLC(CS) 1270,FAZLI HAKEEM v. SECRETARY STATE AND FRONTIER REGIONS DIVISION ISLAMABAD,"Honorable Justice Ejaz Afzal Khan - Abdur Rehman Siddiqui , Ejaz Anwar Supreme-Court",2013-02-08,1600,full_judgment,headnote_only,remanded
1986_PLC(CS)_160,1986 PLC(CS) 485,"DR. GHULAM RASUL v. CHIEF SECRETARY, PUNJAB",Service-Tribunal-Punjab,1985-10-11,2440,full_judgment,headnote_only,appeal_dismissed
1986_PLC(CS)_161,1986 PLC(CS) 487,PUNJAB ROAD TRANSPORT BOARD v. IRSHAD BEGUM,Honorable Justice Muhammad Abdul Ghafoor Khan Lodhi - Labour-Appellate-Tribunal-Punjab,1985-05-12,594,full_judgment,headnote_only,unknown
2015_PLC(CS)_161,2015 PLC(CS) 1278,"Ch. SHABBIR HUSSAIN v. LAHORE HIGH COURT, LAHORE","Honorable Justice Shahid Waheed - , Nayyar Iqbal Ghouri Punjab-Subordinate-Judicial-Service-Tribunal",2015-01-01,3553,full_judgment,headnote_only,appeal_dismissed
1986_PLC(CS)_162,1986 PLC(CS) 488,Case #162 (1986 PLC(CS) 488),Labour-Appellate-Tribunal-Punjab,1985-05-08,977,full_judgment,headnote_only,appeal_dismissed
1986_PLC(CS)_163,1986 PLC(CS) 490,PUNJAB URBAN TRANSPORT CORPORATION v. DAVID ASGHAR,Honorable Justice Muhammad Abdul Ghafoor Khan Lodhi - Labour-Appellate-Tribunal-Punjab,1985-05-08,528,full_judgment,headnote_only,appeal_dismissed
2015_PLC(CS)_163,2015 PLC(CS) 1287,"DIVISIONAL SUPERINTENDENT PAKISTAN RAILWAYS, QUETTA v. SHAUKAT ALI","Honorable Justice Ijaz Ahmed Chaudhry - M.D. Shahzad Feroz , Nemo Supreme-Court",2015-03-05,1314,full_judgment,headnote_only,appeal_allowed
1986_PLC(CS)_164,1986 PLC(CS) 490,SYED IHSAN MEHDIJAFERY v. COMMISSIONER LAHORE DIVISION,Honorable Justice S. Abdul Jabbar Khan - Service-Tribunal-Punjab,1985-10-08,1153,full_judgment,headnote_only,appeal_dismissed
1986_PLC(CS)_165,1986 PLC(CS) 491,Case #165 (1986 PLC(CS) 491),Labour-Appellate-Tribunal-Punjab,1985-05-08,771,full_judgment,headnote_only,appeal_dismissed
1986_PLC(CS)_166,1986 PLC(CS) 492,"Syed ZAFAR ALI SHAH v. SUPERINTENDENT OF POLICE, BAHAWALPUR",Honorable Justice Mian Faiz Karim - Service-Tribunal-Punjab,1986-01-01,1322,full_judgment,headnote_only,leave_granted
2015_PLC(CS)_166,2015 PLC(CS) 1296,"BUSHRA ABBAS v. GOVERNMENT OF PUNJAB through Secretary Education (Schools), Punjab, Lahore","Honorable Justice Shah Khawar - Ch. Ehsan Ali Gill , Rana Muhammad Hussain Lahore-High-Court-Lahore",2014-12-04,1059,full_judgment,headnote_only,petition_allowed
2015_PLC(CS)_167,2015 PLC(CS) 1299,"MUHAMMAD ANAYET GONDAL v. The REGISTRAR, LAHORE HIGH COURT, LAHORE",", Razzaq A. Mirza Supreme-Court",2015-01-14,583,full_judgment,headnote_only,unknown
1986_PLC(CS)_167,1986 PLC(CS) 493,Case #167 (1986 PLC(CS) 493),Labour-Appellate-Tribunal-Punjab,1985-10-21,875,full_judgment,headnote_only,appeal_allowed
2015_PLC(CS)_168,2015 PLC(CS) 1300,Syed JAWAD RAZA NAQVI v. FEDERAL TAX OMBUDSMAN (FTO),"Honorable Justice Faisal Arab And Zafar Ahmed Rajput - Khawaja Shamsul Islam , Khalil Dogar Karachi-High-Court-Sindh",2015-04-14,1505,full_judgment,headnote_only,petition_dismissed
1986_PLC(CS)_168,1986 PLC(CS) 494,Case #168 (1986 PLC(CS) 494),Labour-Appellate-Tribunal-Punjab,1985-10-20,771,full_judgment,headnote_only,unknown
1986_PLC(CS)_169,1986 PLC(CS) 495,"KHUSHI MUHAMMAD v. DEPUTY DIRECTOR, LIVESTOCK AND DAIRY DEVELOPMENT, BAHAWALPUR DIVISION BAHAWALPUR",Honorable Justice Mian Faiz Karim - Service-Tribunal-Punjab,1986-01-01,1570,full_judgment,headnote_only,appeal_dismissed
2015_PLC(CS)_170,2015 PLC(CS) 1313,MUHAMMAD ASHRAF v. UNITED BANK LIMITED,"Honorable Justice Anwar Zaheer Jamali - , Mehmood Abdul Ghani Supreme-Court",2015-04-02,1433,full_judgment,headnote_only,leave_refused
1986_PLC(CS)_170,1986 PLC(CS) 496,Case #170 (1986 PLC(CS) 496),Labour-Appellate-Tribunal-Punjab,1985-10-19,427,full_judgment,headnote_only,disposed_of
1986_PLC(CS)_171,1986 PLC(CS) 497,Case #171 (1986 PLC(CS) 497),Labour-Appellate-Tribunal-Punjab,1985-10-19,757,full_judgment,headnote_only,unknown
2015_PLC(CS)_172,2015 PLC(CS) 1320,"The COMMANDANT, KHYBER PAKHTUNKHWA CONSTABULARY, HEADQUARTERS PESHAWAR v. MUHAMMAD NASIR","Honorable Justice Amir Hani Muslim - Ms. Shireen Imran , Hafiz S.A. Rehman Supreme-Court",2015-03-31,1577,full_judgment,headnote_only,remanded
1986_PLC(CS)_172,1986 PLC(CS) 498,Case #172 (1986 PLC(CS) 498),Labour-Appellate-Tribunal-Punjab,1986-01-01,1634,full_judgment,headnote_only,appeal_dismissed
2015_PLC(CS)_173,2015 PLC(CS) 1324,Syed MAZHAR,"Ul-Haq Vs Innspector-General Of Police, Police Headquarter, Quetta - Honorable Justice Zaheer-Ud-Din Kakar, Chairman, Muhammad Ibrahim Sumalani, And Farzand Ali Mengal - Mazhar Ilyas Nagi , Hamayoon Tareen Service-Tribunal-Balochistan",2014-12-03,2449,full_judgment,headnote_only,appeal_allowed
1986_PLC(CS)_173,1986 PLC(CS) 498,"MUHAMMAD SARWAR v. THE STATE through DEPUTY COMMISSIONER, BAHAWALNAGAR",Service-Tribunal-Punjab,1986-01-01,1079,full_judgment,headnote_only,appeal_dismissed
2015_PLC(CS)_174,2015 PLC(CS) 1331,UMAR HAYAT KHAWAJA v. NATIONAL BANK OF PAKISTAN,"Honorable Justice Faisal Zaman Khan - Umar Hayat Khawaja , Abid Hussain And Umar Abdullah Lahore-High-Court-Lahore",2015-01-01,1928,full_judgment,headnote_only,petition_dismissed
1986_PLC(CS)_174,1986 PLC(CS) 500,"Hafiz MUHAMMAD AMIN v. SUPERINTENDENT OF POLICE, RAHIM YAR KHAN",Honorable Justice Mian Faiz Karim - Service-Tribunal-Punjab,1986-01-01,1250,full_judgment,headnote_only,appeal_allowed
2015_PLC(CS)_175,2015 PLC(CS) 1336,"INTERNATIONAL ISLAMIC UNIVERSITY, ISLAMABAD v. Dr. SHAMEEM TARIQ","Honorable Justice Shaukat Aziz Siddiqui - Rehan-Ud-Din Golra , Rehan-Ud-Din Khan Golra Islamabad",2015-07-09,2687,full_judgment,headnote_only,unknown
1986_PLC(CS)_175,1986 PLC(CS) 501,"DIVISIONAL SUPERINTENDENT, PAKISTAN RAILWAYS, RAWALPINDI v. MUHAMMAD YASEEN",Honorable Justice Muhammad Abdul Ghafoor Khan Lodhi - Labour-Appellate-Tribunal-Punjab,1985-10-21,400,full_judgment,headnote_only,appeal_dismissed
1991_PLD_LAH_10,PLD 1991 Lah 10,DOST MUHAMMAD VS ASHIQ MUHAMMAD -,Lahore High Court,1991-01-01,1519,full_judgment,headnote_only,unknown
1991_PLD_SCAJK_39,PLD 1991 AJ&K SC 39,MUHAMMAD MUNIR VS THE STATE -,Supreme Court of Azad Jammu & Kashmir,1991-01-01,340,full_judgment,headnote_only,unknown
1986_PLC(CS)_176,1986 PLC(CS) 502,"ABDUL SATTAR v. AGRICULTURAL DEVELOPMENT BANK OF PAKISTAN, MUZAFFARGARH",Honorable Justice Muhammad Abdul Ghafoor Khan Lodhi - Labour-Appellate-Tribunal-Punjab,1985-10-21,351,full_judgment,headnote_only,appeal_allowed
2012_SCMR_1931,2012 SCMR 1931,Mst. Fakhra Begum v. Mst. Sadia Ashraf,Supreme Court of Pakistan,2012-01-01,463,full_judgment,headnote_only,appeal_allowed
2011_SCMR_442,2011 SCMR 442,Engineer Hafeezullah v. C.E.O. (Ptcl),Supreme Court of Pakistan,2011-01-01,366,full_judgment,headnote_only,leave_refused
2015_PLC(CS)_177,2015 PLC(CS) 1353,SARHAD DEVELOPMENT AUTHORITY v. Syed MUHAMMAD LATIF SHAH,"Honorable Justice Amir Hani Muslim - Muhammad Ijaz Sabi , Nemo Supreme-Court",2015-03-25,1314,full_judgment,headnote_only,petition_dismissed
1983_PLC(CS)_251,1983 PLC(CS) 752,Case #251 (1983 PLC(CS) 752),Labour-Appellate-Tribunal-Sindh,1983-01-01,1185,full_judgment,headnote_only,unknown
2011_SCMR_371,2011 SCMR 371,Prime Minister Inspection Team National Highway Authority v. Zaheer Mirza,Supreme Court of Pakistan,2011-01-01,348,full_judgment,headnote_only,unknown
2011_SCMR_379,2011 SCMR 379,Zulfiqar Hussain v. The State,Supreme Court of Pakistan,2011-01-01,423,full_judgment,headnote_only,disposed_of
2012_SCMR_1950,2012 SCMR 1950,President Balochistan High Court Bar Association v. Federation Of Pakistan,Supreme Court of Pakistan,2012-01-01,434,full_judgment,headnote_only,unknown
2011_SCMR_474,2011 SCMR 474,Muhammad Saleem v. Muhammad Azan,Supreme Court of Pakistan,2011-01-01,418,full_judgment,headnote_only,leave_refused
2011_SCMR_487,2011 SCMR 487,Major (Retd.) Ahsan-Ul-Haque v. Muhammad Ejaz,Supreme Court of Pakistan,2011-01-01,343,full_judgment,headnote_only,petition_allowed
1986_PLC(CS)_177,1986 PLC(CS) 503,REGIONAL,"Union, Central Telecommunications Vs Divisional Engineer (Phones) Pakistan Telephone S Telegraph, Faisalabad - Honorable Justice Muhammad Abdul Ghafoor Khan Lodhi - Labour-Appellate-Tribunal-Punjab",1985-10-21,472,full_judgment,headnote_only,revision_dismissed
1991_PLD_LAH_60,PLD 1991 SC 60,MUHAMMAD ISMAIL VS SAKINA BIBI -,Supreme Court of Pakistan,1991-01-01,3396,full_judgment,headnote_only,unknown
2015_PLC(CS)_178,2015 PLC(CS) 1357,"KHALIL AHMED AWAN v. SECRETARY, MINISTRY OF INTERIOR","Abdul Salam Memon , Muhammad Saad Siddiqui Karachi-High-Court-Sindh",2014-12-09,1849,full_judgment,headnote_only,appeal_dismissed
1986_PLC(CS)_178,1986 PLC(CS) 503,MUHAMMAD SIDDIQUE ALVI v. THE GOVERNMENT OF THE PUNJAB,Service-Tribunal-Punjab,1985-10-23,1555,full_judgment,headnote_only,appeal_allowed
2011_SCMR_621,2011 SCMR 621,Sultan Ahmad v. Muhammad Yousuf,Supreme Court of Pakistan,2011-01-01,310,full_judgment,headnote_only,unknown
2011_SCMR_664,2011 SCMR 664,Khalid Mehmood v. The State,Supreme Court of Pakistan,2011-01-01,360,full_judgment,headnote_only,unknown
2015_PLC(CS)_179,2015 PLC(CS) 1362,AMIN,"Ur-Rehman Vs Government Of Khyber Pakhtunkhwa - Honorable Justice Waqar Ahmad Seth - Abdul Ghaffar Khan , Mian Arshad Jan Peshawar-High-Court",2015-03-17,757,full_judgment,headnote_only,appeal_dismissed
2011_SCMR_593,2011 SCMR 593,Ahmad Nawaz v. The State,Supreme Court of Pakistan,2011-01-01,813,full_judgment,headnote_only,leave_granted
1991_PLD_LAH_268,PLD 1991 Lah 268,THE STATE VS NAVEED ASIF -,Lahore High Court,1991-01-01,1124,full_judgment,headnote_only,unknown
1991_PLD_LAH_386,PLD 1991 Lah 386,MUHAMMAD ASHRAF VS THE STATE -,Lahore High Court,1991-01-01,3540,full_judgment,headnote_only,unknown
1983_PLC(CS)_253,1983 PLC(CS) 754,Case #253 (1983 PLC(CS) 754),Labour-Appellate-Tribunal-Sindh,1983-01-01,933,full_judgment,headnote_only,unknown
1983_PLC(CS)_254,1983 PLC(CS) 754,ABDUL MAJID DOGAR v. GOVERNMENT OF THE PUNJAB,Honorable Justice S. Abdul Jabbar Khan - Service-Tribunal-Punjab,1982-06-03,786,full_judgment,headnote_only,unknown
2011_SCMR_753,2011 SCMR 753,Muhammad Akbar v. Muhammad Anwar,Supreme Court of Pakistan,2011-01-01,312,full_judgment,headnote_only,leave_refused
1983_PLC(CS)_255,1983 PLC(CS) 756,Case #255 (1983 PLC(CS) 756),Labour-Appellate-Tribunal-Sindh,1983-01-01,1542,full_judgment,headnote_only,unknown
1986_PLC(CS)_179,1986 PLC(CS) 504,Case #179 (1986 PLC(CS) 504),Labour-Appellate-Tribunal-Punjab,1985-10-22,377,full_judgment,headnote_only,appeal_allowed
2011_SCMR_563,2011 SCMR 563,Sabir Ali Alias Fauji v. The State,Supreme Court of Pakistan,2011-01-01,404,full_judgment,headnote_only,leave_granted
2011_SCMR_577,2011 SCMR 577,Zarai Taraqiati Bank Ltd. v. Hakeem Khan,Supreme Court of Pakistan,2011-01-01,413,full_judgment,headnote_only,unknown
2011_SCMR_713,2011 SCMR 713,Ansar Mehmood v. Abdul Khaliq,Supreme Court of Pakistan,2011-01-01,416,full_judgment,headnote_only,appeal_allowed
2011_SCMR_788,2011 SCMR 788,Saleem Ullah Khan v. Shahid Hamid,Supreme Court of Pakistan,2011-01-01,331,full_judgment,headnote_only,disposed_of
1986_PLC(CS)_180,1986 PLC(CS) 505,Case #180 (1986 PLC(CS) 505),Labour-Appellate-Tribunal-Punjab,1985-10-22,485,full_judgment,headnote_only,appeal_dismissed
2015_PLC(CS)_181,2015 PLC(CS) 1367,"SECRETARY ESTABLISHMENT DIVISION, GOVERNMENT OF PAKISTAN, ISLAMABAD v. AFTAB AHMED MANIKA","Honorable Justice Nasir-Ul-Mulk - Salman Aslam Butt , Ms. Asma Jahangir Supreme-Court",2015-04-22,5870,full_judgment,headnote_only,appeal_allowed
1986_PLC(CS)_181,1986 PLC(CS) 506,Case #181 (1986 PLC(CS) 506),Labour-Appellate-Tribunal-Punjab,1985-10-21,423,full_judgment,headnote_only,appeal_allowed
1986_PLC(CS)_182,1986 PLC(CS) 506,"MUHAMMAD ARSHAD v. SECRETARY TO GOVERNMENT OF PUNJAB, LIVESTOCK and DAIRY DEVELOPMENT DEPARTMENT LAHORE",Service-Tribunal-Punjab,1985-10-16,1608,full_judgment,headnote_only,appeal_dismissed
2011_SCMR_877,2011 SCMR 877,Muhammad Akram Rahi v. The State,Supreme Court of Pakistan,2011-01-01,508,full_judgment,headnote_only,leave_granted
2011_SCMR_888,2011 SCMR 888,Muhammad Sadiq v. The State,Supreme Court of Pakistan,2011-01-01,307,full_judgment,headnote_only,leave_granted
2011_SCMR_683,2011 SCMR 683,Ghulam Shabbir Ahmed v. The State,Supreme Court of Pakistan,2011-01-01,405,full_judgment,headnote_only,appeal_dismissed
2011_SCMR_929,2011 SCMR 929,Ali Sher v. The State,Supreme Court of Pakistan,2011-01-01,444,full_judgment,headnote_only,disposed_of
2011_SCMR_941,2011 SCMR 941,Abdul Majeed v. The State,Supreme Court of Pakistan,2011-01-01,318,full_judgment,headnote_only,leave_granted
2011_SCMR_977,2011 SCMR 977,Central Board Of Revenue (Now F.B.R.) v. Reckitt Benckiser Pakistan Ltd.,Supreme Court of Pakistan,2011-01-01,344,full_judgment,headnote_only,unknown
2015_PLC(CS)_183,2015 PLC(CS) 1385,"Lt. Col. (Retd.) SULTAN ZEB KHAN v. BOARD OF GOVERNORS, FAZLE HAQ COLLEGE, MARDAN","Honorable Justice Mazhar Alam Khan And Rooh-Ul-Amin Khan - Abdul Samad Khan And Ishtiaq Ibrahim , Amjad And Syed Sikandar Hayat Shah Peshawar-High-Court",2014-11-06,3783,full_judgment,headnote_only,petition_dismissed
2011_SCMR_743,2011 SCMR 743,Syed Muhammad Hussain Shah v. Abdul Qayyum,Supreme Court of Pakistan,2011-01-01,483,full_judgment,headnote_only,unknown
1986_PLC(CS)_183,1986 PLC(CS) 507,"GOVERNMENT TRANSPORT SERVICE, LAHORE v. ZAHEER",Uddin Babar - Honorable Justice Muhammad Abdul Ghafoor Khan Lodhi - Labour-Appellate-Tribunal-Punjab,1985-10-23,352,full_judgment,headnote_only,appeal_dismissed
2011_SCMR_962,2011 SCMR 962,Reference No. 1 Of 2011 Vs,Supreme Court of Pakistan,2011-01-01,438,full_judgment,headnote_only,unknown
2011_SCMR_1009,2011 SCMR 1009,Mubashir Ahmad v. Syed Muhammad Shah,Supreme Court of Pakistan,2011-01-01,346,full_judgment,headnote_only,unknown
2011_SCMR_1013,2011 SCMR 1013,State Life Insurance Corporation Of Pakistan v. Javaid Iqbal,Supreme Court of Pakistan,2011-01-01,375,full_judgment,headnote_only,unknown
1983_PLC(CS)_256,1983 PLC(CS) 756,"MUHAMMAD DIN v. MEMBER, BOARD OF REVENUE, PUNJAB",Service-Tribunal-Punjab,1982-06-14,871,full_judgment,headnote_only,appeal_dismissed
