case_id,citation,case_title,court_name,decision_date,word_count,effective_stored_type,detected_type,parsed_outcome,split_offset
2004_YLR_202,2004 YLR 202,"64	2004 YLR 202	BAKHT ZAMIN VS AMIN KHAN - Honorable Justice Ijaz-ul-Hassan Khan - Iqbal Hussain , Shamsur Rehman	PESHAWAR-HIGH-COURT",Supreme Court of Pakistan,2004-01-01,2466,full_judgment,mixed,revision_dismissed,2281
2004_YLR_21,2004 YLR 21,"11	2004 YLR 21	TASNEEM-UL-HASAN FAROOQI VS Hafiz MUHAMMAD NAEEM - Honorable Justice Justice Muhammad Moosa K. Legharim - Fazle Ghani Khan , Shoa-un-Nabi	ELECTION-TRIBUNAL-SINDH",High Court of Sindh,2004-01-01,4310,full_judgment,mixed,petition_dismissed,2873
2004_YLR_192,2004 YLR 192,"62	2004 YLR 192	ALL PAKISTAN TEXTILE MILLS ASSOCIATION VS PROVINCE OF SINDH through SECRETARY - Honorable Justice SABIHUDDIN AHMED - Muhammad Ali Sayeed and Khalil ur-Rehman , Makhdum Ali Khan, Sulleman Habibullah, Manzoor Ahmed, Abrar Hassan and Abd",High Court of Sindh,2004-01-01,5574,full_judgment,mixed,unknown,4533
2004_YLR_216,2004 YLR 216,"66	2004 YLR 216	GUL MUHAMMAD alias GULOO VS THE STATE - Honorable Justice AZIZULLAH M. MEMON - Mehmood A. Qureshi , Jawaid Akhtar , Shakoor Abbasi	KARACHI-HIGH-COURT-SINDH",High Court of Sindh,2004-01-01,2726,full_judgment,mixed,appeal_allowed,1465
2006_YLR_105,2006 YLR 105,46	2006 YLR 105	Mst. GHULAM FATIMA VS State - Honorable Justice Ijaz Ahmad Chaudhry - Abdul Rashid Sheikh	LAHORE-HIGH-COURT-LAHORE,Lahore High Court,2006-01-01,1275,full_judgment,mixed,revision_dismissed,1380
2006_YLR_1056,2006 YLR 1056,"326	2006 YLR 1056	ZULFIQAR ALI alias BILLA VS State - Honorable Justice RAHMAT HUSSAIN JAFFERI - A. Q. Halepota , Habib Ahmed	LAHORE-HIGH-COURT-LAHORE",Lahore High Court,2006-01-01,2791,full_judgment,mixed,appeal_dismissed,2815
2006_YLR_1067,2006 YLR 1067,"328	2006 YLR 1067	Mst. MEIJI VS MAHFOOZ ALI - Honorable Justice Syed Jamshed Ali - Muhammad Shahzad Shaukat , Hassan Ahmad Khan Kanwar	LAHORE-HIGH-COURT-LAHORE",Supreme Court of Pakistan,2006-01-01,2323,full_judgment,mixed,revision_dismissed,2590
2006_YLR_1060,2006 YLR 1060,"327	2006 YLR 1060	FATEH MUHAMMAD through Legal Heirs VS ZAHOOR UL HAQ - Honorable Justice Jawwad S. Khawaja - S. M. Masud , Syed Kaleem Ahmed Khurshid and Muhammad Sharif Chohan	LAHORE-HIGH-COURT-LAHORE",Supreme Court of Pakistan,2006-01-01,4334,full_judgment,mixed,appeal_allowed,2613
2006_YLR_1052,2006 YLR 1052,"325	2006 YLR 1052	MUHAMMAD LATIF VS INAYAT ALI - Honorable Justice Jawwad S. Khawaja - Malik Muhammad Akram Khan Awan , Rana Tahir Mehmood	LAHORE-HIGH-COURT-LAHORE",Lahore High Court,2006-01-01,1995,full_judgment,mixed,revision_allowed,1751
2006_YLR_1074,2006 YLR 1074,"330	2006 YLR 1074	IMRAN VS State - Honorable Justice RAHMAT HUSSAIN JAFFERI - Abdul Waheed Katpar , Habib Ahmed	KARACHI-HIGH-COURT-SINDH",High Court of Sindh,2006-01-01,4002,full_judgment,mixed,appeal_dismissed,2880
2006_YLR_1141,2006 YLR 1141,"358	2006 YLR 1141	MUHAMMAD AKRAM VS State - Honorable Justice SYED SHABBAR RAZA RIZVI - Muhammad Islam Sheikh , Hashim Sabir Raja, A.A.-G. along with Muhammad Rafique	LAHORE-HIGH-COURT-LAHORE",Lahore High Court,2006-01-01,1258,full_judgment,mixed,disposed_of,1437
2006_YLR_1143,2006 YLR 1143,"359	2006 YLR 1143	ABDUR RAZZAQ VS GHULAM MUSTAFA - Honorable Justice Muhammad Muzammal Khan - Noor-ul-Hassan , Nemo	LAHORE-HIGH-COURT-LAHORE",Lahore High Court,2006-01-01,2426,full_judgment,mixed,revision_dismissed,3896
2006_YLR_1133,2006 YLR 1133,"355	2006 YLR 1133	SAFDAR ALI VS MUHAMMAD NAWAZ - Honorable Justice Farrukh Latif - Ch. Shahid Saeed , C. M. Latif Rawn	LAHORE-HIGH-COURT-LAHORE",Lahore High Court,2006-01-01,1910,full_judgment,mixed,revision_dismissed,2614
2006_YLR_1139,2006 YLR 1139,357	2006 YLR 1139	UMAR DRAZ VS IFTIKHAR AHMAD - Honorable Justice Maulvi Anwarul Haq - Muhammad Iqbal-IV	LAHORE-HIGH-COURT-LAHORE,Lahore High Court,2006-01-01,1278,full_judgment,mixed,appeal_dismissed,2341
2006_YLR_1128,2006 YLR 1128,353	2006 YLR 1128	ZULFIQAR ALI VS State - Honorable Justice ASIF SAEED KHAN KHOSA - Sed Shakir Ali Rizvi,Lahore High Court,2006-01-01,2354,full_judgment,mixed,unknown,3532
2006_YLR_1132,2006 YLR 1132,"354	2006 YLR 1132	MUHAMMAD RAMZAN VS State - Honorable Justice Muhammad Raza Khan - Saif-ur-Rehman Khan , Muhammad Yaqoob Khan Marwat	PESHAWAR-HIGH-COURT",Peshawar High Court,2006-01-01,417,full_judgment,mixed,petition_allowed,845
2001_YLR_2521,2001 YLR 2521,655	2001 YLR 2521	ABDUL KHALIQ VS FAZALUR REHMAN - 	PESHAWAR-HIGH-COURT,Peshawar High Court,2001-01-01,3213,full_judgment,mixed,unknown,3873
2001_YLR_2509,2001 YLR 2509,"650	2001 YLR 2509	ASIF BATG MUHAMMAD VS CHAIRMAN, N.A.B. - 	KARACHI-HIGH-COURT-SINDH",High Court of Sindh,2001-01-01,1768,full_judgment,mixed,remanded,2454
2001_YLR_2512,2001 YLR 2512,651	2001 YLR 2512	KHURSHID BEGUM VS MAJEED AHMAD KHAN - 	LAHORE-HIGH-COURT-LAHORE,Lahore High Court,2001-01-01,1717,full_judgment,mixed,unknown,1750
2001_YLR_2526,2001 YLR 2526,656	2001 YLR 2526	MUHAMMAD AYAZ KHAN VS ABDUL RAUF - 	LAHORE-HIGH-COURT-LAHORE,Lahore High Court,2001-01-01,3428,full_judgment,mixed,revision_dismissed,3406
2001_YLR_2519,2001 YLR 2519,"654	2001 YLR 2519	SIKANDAR VS SUB-DIVISIONAL MAGISTRATE, MATIARI - 	KARACHI-HIGH-COURT-SINDH",Supreme Court of Pakistan,2001-01-01,1020,full_judgment,mixed,unknown,1444
2001_YLR_2514,2001 YLR 2514,652	2001 YLR 2514	MUHAMMAD RAFIQ VS STATE - 	LAHORE-HIGH-COURT-LAHORE,Supreme Court of Pakistan,2001-01-01,873,full_judgment,mixed,revision_dismissed,1372
2004_YLR_46,2004 YLR 46,"17	2004 YLR 46	REHMATULLAH BAIG ALVI VS THE STATE - Honorable Justice Wahid Bux Brohi and Muhammad Moosa K. Leghari - Farid Gul Khan , Shahadat Awan	KARACHI-HIGH-COURT-SINDH",High Court of Sindh,2004-01-01,1427,full_judgment,mixed,remanded,1454
2004_YLR_71,2004 YLR 71,"27	2004 YLR 71	AKHLAQ AHMED VS THE STATE - Honorable Justice Ijaz Ahmad Chaudhry - Zahid Hussain Khan , Mrs. Siddiqua Altaf	LAHORE-HIGH-COURT-LAHORE",Supreme Court of Pakistan,2004-01-01,4231,full_judgment,mixed,unknown,2979
2004_YLR_62,2004 YLR 62,"24	2004 YLR 62	Mst. RIAZ QAYYUM VS THE STATE - Honorable Justice TASSADUQ HUSSAIN JILANI - Rashdeen Nawaz Kasuri , M. Bilal Khan with Ali Tipu Khan	LAHORE-HIGH-COURT-LAHORE",Lahore High Court,2004-01-01,3199,full_judgment,mixed,unknown,3174
2004_YLR_70,2004 YLR 70,"26	2004 YLR 70	MUHAMMAD AYYUB VS THE STATE - Honorable Justice M.A. SHAHID SIDDIQUI - Abdul Aziz Khan Niazi , Waseem Khan Babar	LAHORE-HIGH-COURT-LAHORE",Supreme Court of Pakistan,2004-01-01,758,full_judgment,mixed,unknown,1469
2004_YLR_53,2004 YLR 53,"21	2004 YLR 53	SHAMSUL TABRAIZ VS FAZLI QADIR - Honorable Justice Talaat Qayum Qureshi - Mian Fazal Amin , Muhammad Javed Yousafzai	PESHAWAR-HIGH-COURT",Peshawar High Court,2004-01-01,1697,full_judgment,mixed,appeal_allowed,2313
2004_YLR_50,2004 YLR 50,"20	2004 YLR 50	ABDUL SATTAR VS MUHAMMAD ISHAQ - Honorable Justice Syed Sakhi Hussain Bukhari - A.M. Farani , Nadeem Iqbal Chaudhry	LAHORE-HIGH-COURT-LAHORE",Lahore High Court,2004-01-01,1669,full_judgment,mixed,revision_allowed,2861
2004_YLR_48,2004 YLR 48,18	2004 YLR 48	AZMAT BASHIR VS THE STATE - Honorable Justice KHAWAJA MUHAMMAD SHARIF - Zafar Iqbal Chohan	LAHORE-HIGH-COURT-LAHORE,Supreme Court of Pakistan,2004-01-01,560,full_judgment,mixed,unknown,960
2004_YLR_84,2004 YLR 84,"30	2004 YLR 84	M.Z. KHAN VS AZIZ-UD-DIN AHMAD KHAN - Honorable Justice Syed Zahid Hussain - Muhammad Hanif Khan Niazi , Kh. Muhammad Afzal	LAHORE-HIGH-COURT-LAHORE",Supreme Court of Pakistan,2004-01-01,3695,full_judgment,mixed,petition_allowed,6312
2004_YLR_94,2004 YLR 94,"34	2004 YLR 94	MUHAMMAD AFZAL VS THE STATE - Honorable Justice Mian Muhammad Jahangir - Ch. Muhammad Arif Bhindar , Sajjad Ali Jafri	LAHORE-HIGH-COURT-LAHORE",Supreme Court of Pakistan,2004-01-01,1174,full_judgment,mixed,unknown,1961
2004_YLR_990,2004 YLR 990,"264	2004 YLR 990	MUKHTAR AHMAD VS THE STATE - Honorable Justice KHAWAJA MUHAMMAD SHARIF - Masud Mirza , H. Masood	LAHORE-HIGH-COURT-LAHORE",Lahore High Court,2004-01-01,1904,full_judgment,mixed,unknown,1588
2003_YLR_365,2003 YLR 365,"79	2003 YLR 365	MUHAMMAD ANWAR VS ADDITIONAL DISTRICT JUDGE, LAHORE",Supreme Court of Pakistan,2003-01-01,2469,full_judgment,mixed,petition_dismissed,4197
2003_YLR_742,2003 YLR 742,"153	2003 YLR 742	MACHIN KHAN VS SHER MUHAMMAD KHAN - Honorable Justice Talaat Qayyum Qureshi - Muzamil Shah Khattak , Khalid Khan	PESHAWAR-HIGH-COURT",Peshawar High Court,2003-01-01,1909,full_judgment,mixed,appeal_dismissed,2843
2004_YLR_102,2004 YLR 102,"39	2004 YLR 102	Mst. ISLAM BIBI VS INAYAT ULLAH - Honorable Justice Talaat Qayum Qureshi - Syed Walayat Ali Shah , Mian Shoukat Hussain	PESHAWAR-HIGH-COURT",Peshawar High Court,2004-01-01,1036,full_judgment,mixed,revision_allowed,1777
2004_YLR_107,2004 YLR 107,"42	2004 YLR 107	ASHRAF VS THE STATE - Honorable Justice Muhammad Moosa K. Leghari - Madad Ali Shah , Muhammad Azeem Panhwar	KARACHI-HIGH-COURT-SINDH",High Court of Sindh,2004-01-01,2041,full_judgment,mixed,disposed_of,2206
2003_YLR_839,2003 YLR 839,"LTD. VS Mst. SURRAYA JAN - Honorable Justice Mian Saqib Nisar - Najaf Shah , Muhammad Aslam Riaz and Ashter Ausaf Ali	LAHORE-HIGH-COURT-LAHORE",Lahore High Court,2003-01-01,3249,full_judgment,mixed,petition_dismissed,4873
2003_YLR_362,2003 YLR 362,"78	2003 YLR 362	ABDUL GHAFFAR VS BASHIR AHMAD - Honorable Justice Farrukh Lateef - Malik Sharif Ahmad , Muhammad Naveed Hashmi	LAHORE-HIGH-COURT-LAHORE",Lahore High Court,2003-01-01,1240,full_judgment,mixed,revision_dismissed,1924
2006_YLR_1093,2006 YLR 1093,"335	2006 YLR 1093	IRFANULLAH alias IRFAN KHAN VS State - Honorable Justice Muhammad Raza Khan - Muhammad Yaqoob Khan Marwat , Ehsanul Haq Malik,Hummayun Khan Wazir	PESHAWAR-HIGH-COURT",Peshawar High Court,2006-01-01,788,full_judgment,mixed,revision_allowed,1752
2006_YLR_1090,2006 YLR 1090,"334	2006 YLR 1090	MAHMOOD ALI VS ABDUL LATIF - Honorable Justice Jawwad S. Khawaja - Abdul Wahid Chaudhry , Respondent ex parte.	LAHORE-HIGH-COURT-LAHORE",Lahore High Court,2006-01-01,1363,full_judgment,mixed,revision_allowed,2500
2006_YLR_1096,2006 YLR 1096,"337	2006 YLR 1096	JAHAN KHAN VS ADDITIONAL DISTRICT JUDGE, MIANWALI - Honorable Justice Syed Zahid Hussain - Raja Ghulam Hassan Khan , Awan Muhammad Hanif Khan	LAHORE-HIGH-COURT-LAHORE",Lahore High Court,2006-01-01,1482,full_judgment,mixed,revision_dismissed,2948
2006_YLR_10,2006 YLR 10,"6	2006 YLR 10	SHEHAR YAR alias SHAHRI VS State - Honorable Justice Fazal-e-Miran Chauhan - Malik Zafar Mahmood Anjam , Muhammad Anwar-ul-Haq Shah,5. Learned counsel	LAHORE-HIGH-COURT-LAHORE",Supreme Court of Pakistan,2006-01-01,1423,full_judgment,mixed,revision_allowed,1972
2006_YLR_1084,2006 YLR 1084,"332	2006 YLR 1084	Raja MUHAMMAD YOUSAF through Legal heirs VS Mst. SHARIFAN BIBI - Honorable Justice Jawwad S. Khawaja - Abdul Wahid Chaudhry , Sheikh Abdul Aziz	LAHORE-HIGH-COURT-LAHORE",Lahore High Court,2006-01-01,3197,full_judgment,mixed,petition_allowed,2949
2006_YLR_108,2006 YLR 108,47	2006 YLR 108	Messrs NATIONAL INSURANCE CORPORATION VS AL-KHAN CONSTRUCTION CO.,Lahore High Court,2006-01-01,1674,full_judgment,mixed,appeal_allowed,1910
2006_YLR_1094,2006 YLR 1094,"336	2006 YLR 1094	RASHEED AHMAD VS NASAR DIN - Honorable Justice Jawwad S. Khawaja - Ch. Shaukat Ali Javed , Ch. Abdur Rehman Madni	LAHORE-HIGH-COURT-LAHORE",Lahore High Court,2006-01-01,878,full_judgment,mixed,petition_allowed,1317
2006_YLR_1081,2006 YLR 1081,"331	2006 YLR 1081	GHULAM SARWAR BODLA VS MUHAMMAD ASHRAF - Honorable Justice Sardar Muhammad Aslam - Muhammad Ramzan Ch. , Ch. M. Amin Javaid	LAHORE-HIGH-COURT-LAHORE",Lahore High Court,2006-01-01,1473,full_judgment,mixed,unknown,3836
2004_YLR_115,2004 YLR 115,"45	2004 YLR 115	SAHIB RASUL VS SAEED ULLAH KHAN - Honorable Justice Talaat Qayum Qureshi - Muhammad Nawaz Khan , Haji Arbab Muhammad Usman Khan	PESHAWAR-HIGH-COURT",Peshawar High Court,2004-01-01,3289,full_judgment,mixed,revision_allowed,4849
2004_YLR_111,2004 YLR 111,43	2004 YLR 111	Mst. ASMAT NIGAR VS Sayed IBRAR HUSSAIN SHAH - Honorable Justice TALAAT QAYUM QURESHI - Miss Farhana Marwat	PESHAWAR-HIGH-COURT,Peshawar High Court,2004-01-01,1580,full_judgment,mixed,petition_dismissed,2597
2006_YLR_1036,2006 YLR 1036,"321	2006 YLR 1036	NIAMATULLAH VS ABDUL QAHAR - Honorable Justice Amanullah Khan, C.J. and Mehta Kailash Nath Kohli - Azizullah Kakar , Nemo	QUETTA-HIGH-COURT-BALOCHISTAN",High Court of Balochistan,2006-01-01,1750,full_judgment,mixed,petition_dismissed,1336
2006_YLR_1046,2006 YLR 1046,"324	2006 YLR 1046	AMANAT ALI VS MUHAMMAD DIN - Honorable Justice Muhammad Sair Ali - Ustad Muhammad Iqbal , Talat Farooq Sheikh	LAHORE-HIGH-COURT-LAHORE",Lahore High Court,2006-01-01,3872,full_judgment,mixed,revision_allowed,1649
2006_YLR_1042,2006 YLR 1042,"323	2006 YLR 1042	SHABIR AHMAD VS State - Honorable Justice RAHMAT HUSSAIN JAFFERI - Salahuddin Khan Gandapur , Habib Ahmed	KARACHI-HIGH-COURT-SINDH",High Court of Sindh,2006-01-01,2128,full_judgment,mixed,appeal_dismissed,2611
2006_YLR_1039,2006 YLR 1039,"322	2006 YLR 1039	Mst. NOORAN MAI VS AHMAD BUKHSH - Honorable Justice Sardar Muhammad Aslam - Malik Noor Muhammad Awan , Kh. Ibrar Majal	LAHORE-HIGH-COURT-LAHORE",Lahore High Court,2006-01-01,2268,full_judgment,mixed,revision_allowed,2260
2006_YLR_102,2006 YLR 102,"45	2006 YLR 102	ALLAH BAKHSH VS MUHAMMAD RAMZAN through Allah Bakhsh - Honorable Justice Maulvi Anwarul Haq - Malik Muhammad Sharif , Malik M. Latif Khokhar	LAHORE-HIGH-COURT-LAHORE",Lahore High Court,2006-01-01,1938,full_judgment,mixed,petition_allowed,2258
2006_YLR_1029,2006 YLR 1029,"319	2006 YLR 1029	RASHID LATIF VS RETURNING OFFICER, UNION COUNCIL NO.48, TOBA TEK SINGH - Honorable Justice Syed Hamid Ali Shah - Zafar Iqbal Chohan , Najeeb Faisal Chaudhry, A.A.-G.,Ch. Muhammad Aslam Zia,3. On the other hand, learned counsel	LAHOR",Lahore High Court,2006-01-01,1131,full_judgment,mixed,petition_allowed,2487
2006_YLR_1153,2006 YLR 1153,"362	2006 YLR 1153	MUHAMMAD ILYAS VS WALAYAT HUSSAIN - Honorable Justice Muhammad Muzammal Khan - Baleegh-uz-Zaman , Iqbal Ahmad Awan	LAHORE-HIGH-COURT-LAHORE",Lahore High Court,2006-01-01,2255,full_judgment,mixed,revision_allowed,2334
2006_YLR_114,2006 YLR 114,"49	2006 YLR 114	SHAHBAZ AHMAD VS State - Honorable Justice Ijaz Ahmad Chaudhry - Mian Abdul Qadoos , Raja Akhtar Nawaz	LAHORE-HIGH-COURT-LAHORE",Supreme Court of Pakistan,2006-01-01,2888,full_judgment,mixed,appeal_allowed,2550
2006_YLR_1161,2006 YLR 1161,"364	2006 YLR 1161	MUHAMMAD TARIQ alias Tara VS State - Honorable Justice SARDAR MUHAMMAD ASLAM - Ch. Abdul Saleem Khan , Mian Abdul Qayyum Anjum	LAHORE-HIGH-COURT-LAHORE",Lahore High Court,2006-01-01,3088,full_judgment,mixed,appeal_dismissed,2497
2006_YLR_1167,2006 YLR 1167,"366	2006 YLR 1167	MUHAMMAD AKRAM VS Rao MUHAMMD TAHSEEN KHAN - Honorable Justice Mian Saqib Nisar - Dr. Muhammad Akmal Saleemi , Rao Jala-ud-Din	LAHORE-HIGH-COURT-LAHORE",Lahore High Court,2006-01-01,788,full_judgment,mixed,petition_allowed,1804
2006_YLR_1157,2006 YLR 1157,"363	2006 YLR 1157	RAHAT AFZA VS Bao MUHAMMAD RAFIQUE alias BABA GOGI SAIN - Honorable Justice Tanvir Bashir Ansari - Abdul Wahid Khan , M. A. Sabir Nishtar	LAHORE-HIGH-COURT-LAHORE",Lahore High Court,2006-01-01,2309,full_judgment,mixed,appeal_allowed,2533
2006_YLR_1240,2006 YLR 1240,"402	2006 YLR 1240	Haji ALTAF AHMED VS Haji AHMED DIN - Honorable Justice Muhammad Khalid Alvi - Ch. Imdad Ali Khan , M. Naeem Sadiq	LAHORE-HIGH-COURT-LAHORE",Lahore High Court,2006-01-01,3293,full_judgment,mixed,appeal_dismissed,4135
2006_YLR_1231,2006 YLR 1231,"398	2006 YLR 1231	MUNAWAR JEHAN VS ALI NAWAZ - Honorable Justice Maulvi Anwarul Haq - Pir Muhammad Kaleem Ahmad Khurshid , Sadaqat Mehmood Butt	LAHORE-HIGH-COURT-LAHORE",Supreme Court of Pakistan,2006-01-01,1943,full_judgment,mixed,revision_allowed,2249
2006_YLR_1223,2006 YLR 1223,394	2006 YLR 1223	NOOR MUHAMMAD VS MUHAMMAD ISHAQ - Honorable Justice Bashir A. Mujahid - Mehdi Khan Chohan	LAHORE-HIGH-COURT-LAHORE,Supreme Court of Pakistan,2006-01-01,1501,full_judgment,mixed,unknown,1880
2006_YLR_1235,2006 YLR 1235,"400	2006 YLR 1235	AKHTAR ALI QURESHI VS Qari AMEER ALAM - Honorable Justice Syed Hamid Ali Shah - Ejaz Ahmad Bodla , Sher Zaman Khan	LAHORE-HIGH-COURT-LAHORE",Lahore High Court,2006-01-01,1538,full_judgment,mixed,appeal_allowed,1954
2006_YLR_1219,2006 YLR 1219,"392	2006 YLR 1219	MUHAMMAD IQBAL VS GHULAM SAKEENA - Honorable Justice Sheikh Azmat Saeed - Sh. Naveed Shaharyar , Nemo	LAHORE-HIGH-COURT-LAHORE",Lahore High Court,2006-01-01,1159,full_judgment,mixed,appeal_allowed,2250
2006_YLR_122,2006 YLR 122,"51	2006 YLR 122	TAHIR SAEED EFFENDI VS CHAIRMAN, SECURITIES AND EXCHANGE COMMISSION OF PAKISTAN - Honorable Justice Muhammad Mujeebullah Siddiqui and Khilji Arif Hussain - Anjum Ghani Khan , Agha Faquir Muhammad	KARACHI-HIGH-COURT-SINDH",High Court of Sindh,2006-01-01,728,full_judgment,mixed,appeal_dismissed,1638
2001_YLR_2542,2001 YLR 2542,660	2001 YLR 2542	FALAKNAZ BUILDERS VS KARACHI BUILDING CONTROL AUTHORITY - 	KARACHI-HIGH-COURT-SINDH,High Court of Sindh,2001-01-01,10980,full_judgment,mixed,disposed_of,13591
2001_YLR_2537,2001 YLR 2537,659	2001 YLR 2537	AMIR ALI HUSSAIN SHALWANI VS ISMAILI MASALWALA - 	KARACHI-HIGH-COURT-SINDH,Supreme Court of Pakistan,2001-01-01,2979,full_judgment,mixed,unknown,2222
2006_YLR_1019,2006 YLR 1019,"316	2006 YLR 1019	GHULAM SARWAR VS MUSHTAQ AHMAD - Honorable Justice Maulvi Anwarul Haq - Ch. Muhammad Hussain Jahanian , Mian M. Arshad Latif	LAHORE-HIGH-COURT-LAHORE",Lahore High Court,2006-01-01,3472,full_judgment,mixed,unknown,1848
2006_YLR_1024,2006 YLR 1024,"317	2006 YLR 1024	AZRA PARVEEN VS State - Honorable Justice Khawaja Muhammad Sharif - Muhammad Zaman Khan Vardag , Tariq Waheed Khan	LAHORE-HIGH-COURT-LAHORE",Lahore High Court,2006-01-01,1353,full_judgment,mixed,appeal_allowed,1487
2004_YLR_173,2004 YLR 173,"59	2004 YLR 173	MUHAMMAD HANIF VS MUHAMMAD BASHIR - Honorable Justice KHAWAJA MUHAMMAD SAEED - , Muhammad Yunus Arvi	SUPREME-COURT-AZAD-KASHMIR",Supreme Court of Pakistan,2004-01-01,3370,full_judgment,mixed,unknown,4360
2004_YLR_179,2004 YLR 179,"60	2004 YLR 179	Haji ABDUL RAZAQUE VS Mst. ZAHIDA BEGUM - Honorable Justice Muhammad Afzal Soomro - Abdul Qadir , Abdul Naeem	KARACHI-HIGH-COURT-SINDH",High Court of Sindh,2004-01-01,2996,full_judgment,mixed,petition_dismissed,3580
2004_YLR_170,2004 YLR 170,"58	2004 YLR 170	ABDUL HAYEE VS GHULAM MEHDI - Honorable Justice Muhammad Afzal Soomro - Abdul Fateh Malik , A. M. Mobeen Khan,Abdul Stattar Chohan	KARACHI-HIGH-COURT-SINDH",High Court of Sindh,2004-01-01,2272,full_judgment,mixed,disposed_of,1882
2004_YLR_184,2004 YLR 184,"61	2004 YLR 184	COMMISSIONER OF INCOME-TAX VS Messrs SAEED MOTORS, MIRPUR - Honorable Justice MUHAMMAD YUNUS SURAKHVI - Umar Mehmood Kasuri , Ch. Muhammad Afzal	SUPREME-COURT-AZAD-KASHMIR",Supreme Court of Pakistan,2004-01-01,4758,full_judgment,mixed,unknown,3500
2006_YLR_1208,2006 YLR 1208,"386	2006 YLR 1208	Mst. NAZIR BEGUM alias NAZIRAN BEGUM VS PROVINCE OF PUNJAB through Collector, Sargodha - Honorable Justice Syed Jamshed Ali - Malik Muhammad Akram Khan Awan and Muhammad Sharif Butt , Mian Ghulam Rasool	LAHORE-HIGH-COURT-LAHORE",Supreme Court of Pakistan,2006-01-01,1715,full_judgment,mixed,petition_allowed,2527
2006_YLR_1203,2006 YLR 1203,"384	2006 YLR 1203	SARDAR KHAN VS GULZAR AHMAD - Honorable Justice Muhammad Muzammal Khan - Rana Muhammad Sarwar , Zahid Hussain Khan	LAHORE-HIGH-COURT-LAHORE",Lahore High Court,2006-01-01,1765,full_judgment,mixed,revision_allowed,2325
2006_YLR_119,2006 YLR 119,"50	2006 YLR 119	SAQIB ZAID KHAN VS UNIVERSITY OF HEALTH SCIENCES KHAYABAN-E-JAMIA, LAHORE - Honorable Justice Muhammad Sayeed Akhtar and Muhammad Jehangir Arshad - Malik Abdus Sattar Chughtai , Malik Abdus Sattar Chughtai	LAHORE-HIGH-COURT-LAHORE",Supreme Court of Pakistan,2006-01-01,1936,full_judgment,mixed,petition_dismissed,1597
2006_YLR_1106,2006 YLR 1106,"343	2006 YLR 1106	AMIN ALI VS MUHAMMAD SHAKEEL - Honorable Justice Jawwad S. Khawaja - Muhammad Shahzad Shaukat , Ch. Muhammad Nasrullah Warraich and M. R. Jan	LAHORE-HIGH-COURT-LAHORE",Lahore High Court,2006-01-01,3230,full_judgment,mixed,petition_allowed,3654
2006_YLR_1111,2006 YLR 1111,"344	2006 YLR 1111	FAIZULLAH VS State - Honorable Justice Muhammad Raza Khan - Ghulam Hur Khan , Muhammad Yaqoob Khan Marwat	PESHAWAR-HIGH-COURT",Peshawar High Court,2006-01-01,525,full_judgment,mixed,unknown,1431
2006_YLR_1116,2006 YLR 1116,"347	2006 YLR 1116	MUHAMMAD ASHFAQ VS State - Honorable Justice Tanvir Bashir Ansari - Ijaz Ahmad Chaddhar , Muhammad Gulfam Arshad	LAHORE-HIGH-COURT-LAHORE",Supreme Court of Pakistan,2006-01-01,699,full_judgment,mixed,petition_dismissed,1153
2006_YLR_111,2006 YLR 111,"48	2006 YLR 111	TAYAB VS MUHAMMAD SIDDIQ - Honorable Justice MUHAMMAD MUJEEBULLAH SIDDIQUI - Jhamat Jethanand , Allah Bachayo Soomro and Moharram G. Baloach	KARACHI-HIGH-COURT-SINDH",High Court of Sindh,2006-01-01,1883,full_judgment,mixed,appeal_allowed,2444
2006_YLR_1101,2006 YLR 1101,"340	2006 YLR 1101	MUHAMMAD MUMTAZ HUSSAIN VS RETURNING OFFICER, UNION COUNCIL No.50, KOT LAKHANA JHANG, DISTRICT JHANG - Honorable Justice Syed Shabbar Raza Rizvi - Zafar Iqbal Chohan , Muhammad Waseem Ashraf	LAHORE-HIGH-COURT-LAHORE",Lahore High Court,2006-01-01,751,full_judgment,mixed,disposed_of,1682
2006_YLR_1100,2006 YLR 1100,"339	2006 YLR 1100	AKRAM VS State - Honorable Justice Muhammad Raza Khan - Ghulam Hur Khan Balooch , Muhammad Yaqoob Khan Marwat	PESHAWAR-HIGH-COURT",Peshawar High Court,2006-01-01,479,full_judgment,mixed,petition_allowed,583
2006_YLR_1290,2006 YLR 1290,"424	2006 YLR 1290	Mst. GHULAM FATIMA VS SAMI ULLAH - Honorable Justice Jawwad S. Khawaja - Imtiaz Hussain Khan Balooch , Malik Muhammad Akram Khan	LAHORE-HIGH-COURT-LAHORE",Lahore High Court,2006-01-01,1677,full_judgment,mixed,petition_allowed,2562
2006_YLR_1283,2006 YLR 1283,"421	2006 YLR 1283	ALI HASSAN VS Mst. HAKIMAN - Honorable Justice Muhammad Muzammal Khan - Ch. Muhammad Aslam Sindhu , Makhdoom Ghulam Shabbir	LAHORE-HIGH-COURT-LAHORE",High Court of Sindh,2006-01-01,1873,full_judgment,mixed,revision_dismissed,2369
2006_YLR_1295,2006 YLR 1295,"426	2006 YLR 1295	BASHIR AHMAD VS State - Honorable Justice KHAWAJA MUHAMMAD SHARIF - Sardar Muhammad Latif Khan Khosa and Sardar Balakh Sher Khan Khosa , Azmat Ali Khanzada	LAHORE-HIGH-COURT-LAHORE",Lahore High Court,2006-01-01,1988,full_judgment,mixed,unknown,1491
2006_YLR_1275,2006 YLR 1275,"418	2006 YLR 1275	SARFRAZ KHAN through Legal Heirs VS MEHRAM - Honorable Justice Muhammad Khalid Alvi - Muhammad Baleegh-uz-Zaman Chaudhary , Muhammad Arif Chaudhry	LAHORE-HIGH-COURT-LAHORE",Supreme Court of Pakistan,2006-01-01,1313,full_judgment,mixed,appeal_allowed,1894
2001_YLR_2478,2001 YLR 2478,646	2001 YLR 2478	MUHAMMAD SARWAR CHAUDHRY VS STATE - 	SUPREME-COURT-AZAD-KASHMIR,Superior Courts of Pakistan,2001-01-01,9723,full_judgment,mixed,appeal_allowed,3443
2001_YLR_2502,2001 YLR 2502,648	2001 YLR 2502	NAJAM ALI SHAH VS ADDITIONAL DEPUTY COMMISSIONER - 	LAHORE-HIGH-COURT-LAHORE,Lahore High Court,2001-01-01,2977,full_judgment,mixed,petition_allowed,3875
2001_YLR_2497,2001 YLR 2497,647	2001 YLR 2497	NAWAB VS ALLAH DITTA - 	LAHORE-HIGH-COURT-LAHORE,Lahore High Court,2001-01-01,3334,full_judgment,mixed,revision_allowed,5476
2006_YLR_124,2006 YLR 124,"52	2006 YLR 124	MUHAMMAD SAFDAR VS State - Honorable Justice Ijaz Ahmad Chaudhry - Sardar Khuram Latif Khan Khosa , Tahir Abbas Rizvi	LAHORE-HIGH-COURT-LAHORE",Lahore High Court,2006-01-01,3812,full_judgment,mixed,appeal_allowed,3573
2006_YLR_1263,2006 YLR 1263,"412	2006 YLR 1263	MASJID GHOSIA JARANWALI, KHUSHAB VS REHMAT ULLAH - Honorable Justice Sheikh Azmat Saeed - Malik Muhammad Imtiaz Mahal , Mian Zulfiqar Ali,Shafqat Hayat Bloach	LAHORE-HIGH-COURT-LAHORE",Lahore High Court,2006-01-01,525,full_judgment,mixed,appeal_dismissed,789
2006_YLR_1254,2006 YLR 1254,"408	2006 YLR 1254	NAZIR HUSSAIN VS Mst. AZIZ FATIMA - Honorable Justice Muhammad Muzammal Khan - Malik Noor Muhammad Awan , M. Sarwar Awan	LAHORE-HIGH-COURT-LAHORE",Lahore High Court,2006-01-01,1689,full_judgment,mixed,petition_dismissed,1973
2006_YLR_1253,2006 YLR 1253,"407	2006 YLR 1253	PASSCO EMPLOYEES COOPERATIVE HOUSING SOCIETY VS Messrs SEEWELL CORPORATION - Honorable Justice Mian Saqib Nisar - Muhammad Akram Khawaja , Riaz Karim Qureshi	LAHORE-HIGH-COURT-LAHORE",Supreme Court of Pakistan,2006-01-01,550,full_judgment,mixed,appeal_dismissed,1373
2006_YLR_1317,2006 YLR 1317,"434	2006 YLR 1317	Dr. AKMAL WAHEED VS State - Honorable Justice RAHMAT HUSSAIN JAFFERI - M. Ilyas Khan along with Muhammad Farooq , I.A. Hashmi, Special Public Prosecutor along with Moula Bux Bhatti	KARACHI-HIGH-COURT-SINDH",High Court of Sindh,2006-01-01,9436,full_judgment,mixed,appeal_allowed,3742
2006_YLR_1334,2006 YLR 1334,"435	2006 YLR 1334	SHEHLUM VS State - Honorable Justice Shamsuddin Hisbani - Syed Madad Ali Shah , Salahuddin Panhwar	KARACHI-HIGH-COURT-SINDH",Supreme Court of Pakistan,2006-01-01,4629,full_judgment,mixed,appeal_dismissed,3638
2006_YLR_1341,2006 YLR 1341,"436	2006 YLR 1341	MUHAMMAD DIN VS SHAH MUHAMMAD - Honorable Justice Maulvi Anwarul Haq - Ahmad Raza , M. Tariq Nadeem	LAHORE-HIGH-COURT-LAHORE",Lahore High Court,2006-01-01,2399,full_judgment,mixed,petition_allowed,2901
2006_YLR_1312,2006 YLR 1312,"432	2006 YLR 1312	NAWAB KHAN VS T.M.A. through T.M.O., Shujabad, District Multan - Honorable Justice Muhammad Nawaz Bhatti - Abdul Rasheed Sheikh , Sh. Muhammad Yaseen along with Malik Rizwan Ahmad, T.M.O. and Ahmad Ali TO",Lahore High Court,2006-01-01,1501,full_judgment,mixed,unknown,1647
2006_YLR_1395,2006 YLR 1395,"455	2006 YLR 1395	ANJUMAN JAMIAT-UL-IKHWAN VS KARACHI BUILDING CONTROL AUTHORITY - Honorable Justice Mrs. Yasmeen Abbasey and Anwar Zaheer Jamali - Shafaat Hussain , Faisal Kamal	KARACHI-HIGH-COURT-SINDH",High Court of Sindh,2006-01-01,2934,full_judgment,mixed,petition_allowed,2241
2006_YLR_1394,2006 YLR 1394,"454	2006 YLR 1394	GHULAM RASOOL VS State - Honorable Justice MUHAMMD AFZAL SOOMRO - Muhammad Ayaz Soomro , Mushtaque Ahmed Abbasi	KARACHI-HIGH-COURT-SINDH",High Court of Sindh,2006-01-01,319,full_judgment,mixed,unknown,740
2006_YLR_1409,2006 YLR 1409,"461	2006 YLR 1409	SAFDAR ALI VS State - Honorable Justice Mian Muhammad Najam-uz-Zaman - Zafar Iqbal Chohan , Zafar Iqbal Chohan for Petitioners. Khaliq Bhatti	LAHORE-HIGH-COURT-LAHORE",Lahore High Court,2006-01-01,405,full_judgment,mixed,petition_allowed,708
2006_YLR_1400,2006 YLR 1400,"456	2006 YLR 1400	MUHAMMAD AKMAL VS State - Honorable Justice Sardar Muhammad Aslam - Allah Bakhsh Gondal , Khadim Hussain Qaiser	LAHORE-HIGH-COURT-LAHORE",Supreme Court of Pakistan,2006-01-01,1388,full_judgment,mixed,unknown,1973
2006_YLR_138,2006 YLR 138,"55	2006 YLR 138	Khawaja GHULAM RASOOL KUREJA VS RETURNING OFFICER - Honorable Justice Muhammad Jehangir Arshad - Masud Ahmad Khan , Sardar Iqbal Khakwani and S. Muhammad Jamil	LAHORE-HIGH-COURT-LAHORE",Lahore High Court,2006-01-01,2400,full_judgment,mixed,petition_allowed,5285
2006_YLR_1186,2006 YLR 1186,"375	2006 YLR 1186	Mst. IRSHAD BEGUM VS STATE LIFE INSURANCE CO. through Chairman and another - Honorable Justice Muhammad Muzammal Khan - Liaqat Ali Butt , Ibrar Ahmed and Tariq Nasim	LAHORE-HIGH-COURT-LAHORE",Supreme Court of Pakistan,2006-01-01,1398,full_judgment,mixed,petition_allowed,2613
2006_YLR_1191,2006 YLR 1191,"377	2006 YLR 1191	ALOZIE MARTINS VS State - Honorable Justice ALI NAWAZ CHOWHAN - Aftab Ahmad Bajwa , Muhammad Sharif	LAHORE-HIGH-COURT-LAHORE",Lahore High Court,2006-01-01,838,full_judgment,mixed,unknown,871
2006_YLR_1192,2006 YLR 1192,"378	2006 YLR 1192	MUHAMMAD MUMTAZ VS SALEHOON through L.Rs. - Honorable Justice Maulvi Anwarul Haq - Aman Ullah Malik , Nemo	LAHORE-HIGH-COURT-LAHORE",Lahore High Court,2006-01-01,1063,full_judgment,mixed,unknown,976
2006_YLR_1349,2006 YLR 1349,"438	2006 YLR 1349	SOHAIL SHAHZAD VS State - Honorable Justice KHAWAJA MUHAMMAD SHARIF - Syed Zahid Hussain Bukhari , Tahir Abbas Rizvi and Ch. Imtiaz Ahmad,Learned counsel also pressed into service the dishonest improvements made on the part of the e",Lahore High Court,2006-01-01,2194,full_judgment,mixed,unknown,2397
2006_YLR_1345,2006 YLR 1345,"437	2006 YLR 1345	RAFIULLAH VS State - Honorable Justice Tariq Parvez Khan - Muhammad Ejaz Khan , Akhtar Naveed D.A.-G,8. Learned counsel	PESHAWAR-HIGH-COURT",Peshawar High Court,2006-01-01,1923,full_judgment,mixed,appeal_allowed,2279
2006_YLR_1355,2006 YLR 1355,"440	2006 YLR 1355	ABDUL KHALIQ VS State - Honorable Justice IJAZ AHMAD CHAUDHRY - Mirza Abdullah Baig , A.H. Masood and Tahir Abbas Rizvi	LAHORE-HIGH-COURT-LAHORE",Lahore High Court,2006-01-01,2166,full_judgment,mixed,unknown,1799
2006_YLR_1359,2006 YLR 1359,"441	2006 YLR 1359	ISMAIL through Legal Heirs VS PROVINCE OF SINDH through Chief Secretary - Honorable Justice Mushir Alam - Jhamat Jethanand , Masood A. Noorani,	KARACHI-HIGH-COURT-SINDH",High Court of Sindh,2006-01-01,2344,full_judgment,mixed,revision_dismissed,2336
2006_YLR_1363,2006 YLR 1363,442	2006 YLR 1363	ANJUMAN JAMIA MASJID SHUHDA through Senior Vice-President VS PROVINCE OF PUNJAB through District Officer,Lahore High Court,2006-01-01,1877,full_judgment,mixed,revision_dismissed,2478
2006_YLR_1369,2006 YLR 1369,"444	2006 YLR 1369	IFTIKHAR AHMED VS BOARD OF TRUSTEES, PORT OF KARACHI - Honorable Justice ANWER ZAHEER JAMALI - Abrar Hassan , S. Hassan Azhar Rizvi	KARACHI-HIGH-COURT-SINDH",High Court of Sindh,2006-01-01,848,full_judgment,mixed,disposed_of,1199
2006_YLR_1371,2006 YLR 1371,"445	2006 YLR 1371	Malik AHMAD NAWAZ BHUTTA VS ELECTION COMMISSION OF PAKISTAN, ISLAMABAD through Chief Election Commissioner - Honorable Justice Maulvi Anwarul Haq - Muhammad Arif Alvi and Malik Khan Langah , Zafar Ullah Khan Khakwani, A.A.-G.,Mian A",Lahore High Court,2006-01-01,2558,full_judgment,mixed,petition_allowed,2973
2006_YLR_1385,2006 YLR 1385,"452	2006 YLR 1385	ABDUL-SATTAR VS State - Honorable Justice Nadeem Azhar Siddiqi - Altaf Hussain Surahio , Mushtaque Ahmed Abbasi	KARACHI-HIGH-COURT-SINDH",High Court of Sindh,2006-01-01,2426,full_judgment,mixed,unknown,2544
2006_YLR_136,2006 YLR 136,"54	2006 YLR 136	Mst. MUMTAZI VS YAR MUHAMMAD - Honorable Justice Muhammad Mujeebullah Siddiqui - Hakim Ali Siddiqui , Nemo	KARACHI-HIGH-COURT-SINDH",High Court of Sindh,2006-01-01,1149,full_judgment,mixed,revision_dismissed,2700
2006_YLR_1389,2006 YLR 1389,"453	2006 YLR 1389	SHOAIB MUHAMMAD VS KULSOOM BIBI - Honorable Justice Mrs. Qaiser Iqbal - Iftikhar Javed Kazi , Shoukat Hayat	KARACHI-HIGH-COURT-SINDH",High Court of Sindh,2006-01-01,3651,full_judgment,mixed,appeal_dismissed,4929
2006_YLR_1381,2006 YLR 1381,"449	2006 YLR 1381	JAHAD WALI VS State - Honorable Justice MUHAMMAD AFZAL SOOMRO - Muhammad Ayaz Soomro , Muhammad Ismail Bhutto	KARACHI-HIGH-COURT-SINDH",High Court of Sindh,2006-01-01,290,headnote_only,mixed,unknown,543
2004_YLR_239,2004 YLR 239,"74	2004 YLR 239	Mirza ALLAH DITTA alias MIRZA JAVED AKHTAR VS Mst. AMNA BIBI - Honorable Justice Abdul Shakoor Paracha - Sheikh Naveed Shaharyar with Zahid Hussain Khan , M.A. Zafar	LAHORE-HIGH-COURT-LAHORE",Lahore High Court,2004-01-01,6033,full_judgment,mixed,appeal_dismissed,6222
2004_YLR_33,2004 YLR 33,"14	2004 YLR 33	MUHAMMAD ARIF VS THE STATE - Honorable Justice RAHMAT HUSSAIN JAFFERI - Fahim Riaz Siddique , Habib Ahmed	KARACHI-HIGH-COURT-SINDH",High Court of Sindh,2004-01-01,4604,full_judgment,mixed,unknown,4322
2004_YLR_29,2004 YLR 29,"12	2004 YLR 29	Sahibzada M. MUNAWAR ALI KHAN VS RETURNING OFFICER - Honorable Justice Maulvi Anwarul Haq - Muhammad Akram Qureshi , Muhammad Amer Rehman and Shehzad Shaukat	LAHORE-HIGH-COURT-LAHORE",Lahore High Court,2004-01-01,761,full_judgment,mixed,petition_allowed,1298
2006_YLR_1523,2006 YLR 1523,511	2006 YLR 1523	Messrs IBRAHIM FIBRES LIMITED through Managing Director VS HAMEED MASOOD,Supreme Court of Pakistan,2006-01-01,10016,full_judgment,mixed,unknown,10922
2006_YLR_1539,2006 YLR 1539,"512	2006 YLR 1539	FAROOQ HAMID VS LAHORE DEVELOPMENT AUTHORITY through Director-General - Honorable Justice Nasim Sikandar - Ms. Saima Amin Khawaja , Muhammad Ghani and Nawab Pervaiz Akhtar Thaheem	LAHORE-HIGH-COURT-LAHORE",Lahore High Court,2006-01-01,1341,full_judgment,mixed,unknown,1692
2006_YLR_1501,2006 YLR 1501,"504	2006 YLR 1501	Mst. KANEEZAN VS MUHAMMAD RAMZAN - Honorable Justice Tanvir Bashir Ansari - Nemo , Taffazal Hussain Rizvi	LAHORE-HIGH-COURT-LAHORE",Lahore High Court,2006-01-01,1820,full_judgment,mixed,revision_allowed,2250
2006_YLR_1507,2006 YLR 1507,"506	2006 YLR 1507	MUHAMMAD IRFAN VS State - Honorable Justice Khawaja Muhammad Sharif - Siddiqua Altaf , Kh. Shaukat Ali	LAHORE-HIGH-COURT-LAHORE",Lahore High Court,2006-01-01,2137,full_judgment,mixed,appeal_dismissed,2705
2006_YLR_1516,2006 YLR 1516,"509	2006 YLR 1516	JAFFAR MEHMOOD MALIK VS Ch. KHALID HUSSAIN - Honorable Justice Muhammad Jehangir Arshad - Masud Ahmad Khan , Malik Muhammad Aslam Channar,",Supreme Court of Pakistan,2006-01-01,2541,full_judgment,mixed,petition_allowed,4487
2006_YLR_1513,2006 YLR 1513,"508	2006 YLR 1513	GHULAM MUHAMMAD VS MUHAMMAD ASLAM - Honorable Justice Sardar Muhammad Aslam - Malik Noor Muhammad Awan , Mian Ghulam Hussain	LAHORE-HIGH-COURT-LAHORE",Lahore High Court,2006-01-01,1788,full_judgment,mixed,revision_allowed,1830
2006_YLR_1498,2006 YLR 1498,"503	2006 YLR 1498	MUHAMMAD ASHRAF VS State - Honorable Justice KHAWAJA MUHAMMAD SHARIF - Ch. Muhammad Nazir , Tahir Mahmood Gondal	LAHORE-HIGH-COURT-LAHORE",Lahore High Court,2006-01-01,1265,full_judgment,mixed,appeal_allowed,1544
2006_YLR_1520,2006 YLR 1520,"510	2006 YLR 1520	Mst. BIDHAI VS MUHAMMAD SULEMAN though Legal Heirs - Honorable Justice Muhammad Khalid Alvi - Chaudhary Shoukat Ali Saqib , Nemo	LAHORE-HIGH-COURT-LAHORE",Lahore High Court,2006-01-01,1310,full_judgment,mixed,unknown,2283
2006_YLR_1496,2006 YLR 1496,"502	2006 YLR 1496	MUHAMMAD INAM VS Mst. KHUSHNOOD AKHTAR - Honorable Justice Sardar Muhammad Aslam - Ch. Nisar Ahmad , Sohail Majeed	LAHORE-HIGH-COURT-LAHORE",Lahore High Court,2006-01-01,1626,full_judgment,mixed,revision_allowed,2641
2006_YLR_14,2006 YLR 14,"8	2006 YLR 14	MUHAMMAD RAMZAN VS State - Honorable Justice Sh. Javaid Sarfraz - Ch. Muhammad Zulfiqar Cheema , Muhammad Yousaf Syed,4. Learned counsel	LAHORE-HIGH-COURT-LAHORE",Supreme Court of Pakistan,2006-01-01,696,full_judgment,mixed,unknown,1422
2000_YLR_340,2000 YLR 340,91	2000 YLR 340	HASSAN ALIAS HASSNI VS THE STATE - 	LAHORE-HIGH-COURT-LAHORE,Lahore High Court,2000-01-01,1968,full_judgment,mixed,unknown,1249
2000_YLR_350,2000 YLR 350,95	2000 YLR 350	HABIB-UR-REHMAN VS REHMAT ULLAH - 	PESHAWAR-HIGH-COURT,Supreme Court of Pakistan,2000-01-01,700,full_judgment,mixed,petition_dismissed,1731
2000_YLR_345,2000 YLR 345,93	2000 YLR 345	AMJAD NAEEM VS THE STATE - 	PESHAWAR-HIGH-COURT,Peshawar High Court,2000-01-01,1233,full_judgment,mixed,appeal_allowed,1810
2001_YLR_2475,2001 YLR 2475,645	2001 YLR 2475	JAMEELA VS MUBENA BEGUM - 	KARACHI-HIGH-COURT-SINDH,High Court of Sindh,2001-01-01,1661,full_judgment,mixed,appeal_dismissed,923
2006_YLR_1425,2006 YLR 1425,"469	2006 YLR 1425	LEVER BROTHERS PAKISTAN LTD. VS Messrs EFFEF INDUSTRIES LTD. - Honorable Justice Nadeem Azhar Siddiqi - Munawar Ghani , Muhammad Qadir	KARACHI-HIGH-COURT-SINDH",Supreme Court of Pakistan,2006-01-01,2831,full_judgment,mixed,unknown,4591
2006_YLR_143,2006 YLR 143,56	2006 YLR 143	SHAFQAT HAYAT VS State - Honorable Justice Sh. Hakim Ali and Muhammad Jehangir Arshad - Mian Muhammad Tayyab Watto	LAHORE-HIGH-COURT-LAHORE,Lahore High Court,2006-01-01,2821,full_judgment,mixed,petition_dismissed,3908
2006_YLR_1431,2006 YLR 1431,"471	2006 YLR 1431	MAQSOOD AHMAD VS MUHAMMAD ANWAR ALI - Honorable Justice Sardar Muhammad Aslam - Dr. Muhammad Akmal Saleemi , Qari Nadeem Ahmad Awaisi	LAHORE-HIGH-COURT-LAHORE",Lahore High Court,2006-01-01,1239,full_judgment,mixed,revision_allowed,2230
2006_YLR_1421,2006 YLR 1421,466	2006 YLR 1421	Mst. KANWAL IRAM VS Dr. HABIB ULLAH - Honorable Justice Maulvi Anwarul Haq - Ch. Ayyaz Muhammad Khan	LAHORE-HIGH-COURT-LAHORE,Lahore High Court,2006-01-01,896,full_judgment,mixed,appeal_dismissed,1438
2006_YLR_1418,2006 YLR 1418,"465	2006 YLR 1418	SADDAR alias SADARUDDIN VS State - Honorable Justice Nadeem Azhar Siddiqui - Ali Nawaz Ghanghro , Mushtaque Ahmed Kourejo	KARACHI-HIGH-COURT-SINDH",High Court of Sindh,2006-01-01,1883,full_judgment,mixed,unknown,2494
2006_YLR_1435,2006 YLR 1435,"473	2006 YLR 1435	IRFAN ALI VS State - Honorable Justice ALI NAWAZ CHOWHAN - Zafar Iqbal Chohan , Tahseen Irfan	LAHORE-HIGH-COURT-LAHORE",Lahore High Court,2006-01-01,694,full_judgment,mixed,disposed_of,880
2006_YLR_1436,2006 YLR 1436,"474	2006 YLR 1436	Mst. SAHIB BIBI VS State - Honorable Justice Mian Muhammad Najam-uz-Zaman - Sheikh Hamad Danish , Syed Tahir Abbas Rizvi with Muhammad Amir, S.-I.	LAHORE-HIGH-COURT-LAHORE",Lahore High Court,2006-01-01,923,full_judgment,mixed,unknown,1388
2006_YLR_1299,2006 YLR 1299,"428	2006 YLR 1299	AMJAD MASIH VS State - Honorable Justice M. BILAL KHAN - Abdul Majeed Chishti , Mian Muhammad Bashir and Imtiaz Ahmad Chaudhary	LAHORE-HIGH-COURT-LAHORE",Lahore High Court,2006-01-01,3482,full_judgment,mixed,appeal_dismissed,3773
2006_YLR_130,2006 YLR 130,"53	2006 YLR 130	Mst. SHARMAN VS Syed ALI HUSSAIN - Honorable Justice Muhammad Jehangir Arshad - Hasnat Ahmed Khan and Muhammad Ashab Malik , Abdul Majeed Khan	LAHORE-HIGH-COURT-LAHORE",Lahore High Court,2006-01-01,4102,full_judgment,mixed,revision_allowed,5737
2006_YLR_12,2006 YLR 12,"7	2006 YLR 12	MUHAMMAD ISMAIL VS NUSRAT ALI SADDIQUI - Honorable Justice Muhammad Nawaz Bhatti - Mehr Haq Nawaz Humayun , Mubashar Latif Gill	LAHORE-HIGH-COURT-LAHORE",Lahore High Court,2006-01-01,978,full_judgment,mixed,petition_dismissed,2149
2006_YLR_1480,2006 YLR 1480,498	2006 YLR 1480	ARSHAD HUSSAIN VS State - Honorable Justice MIAN MUHAMMAD NAJAM,Lahore High Court,2006-01-01,3267,full_judgment,mixed,appeal_dismissed,2222
2006_YLR_1489,2006 YLR 1489,"500	2006 YLR 1489	MUHAMMAD MALIK VS Mst. KHURSHID BIBI through Legal Heirs - Honorable Justice Sardar Muhammad Aslam - Zafar Iqbal Ch. , Akhtar Masood Khan	LAHORE-HIGH-COURT-LAHORE",Lahore High Court,2006-01-01,1913,full_judgment,mixed,revision_allowed,2599
2006_YLR_1471,2006 YLR 1471,"496	2006 YLR 1471	SAJJADULLAH QURESHI VS GOVERNMENT OF SINDH through Secretary Local Government Housing - Honorable Justice Amir Hani Muslim and Sarmad Jalal Osmany - David Lawrence , Sardar Abdul Sattar Chohan,Ghulam Shabbir Dayo and Shaikh Amanulla",High Court of Sindh,2006-01-01,2866,full_judgment,mixed,unknown,1899
2006_YLR_1476,2006 YLR 1476,"497	2006 YLR 1476	Mst. HAMIDA BEGUM VS MUHAMMAD ISMAIL - Honorable Justice Jawwad S. Khawaja - Kh. Saeed-uz-Zafar , Muhammad Younas Chaudhry	LAHORE-HIGH-COURT-LAHORE",Lahore High Court,2006-01-01,2341,full_judgment,mixed,petition_allowed,3203
2006_YLR_1453,2006 YLR 1453,"486	2006 YLR 1453	MUHAMMAD RAFIQ through L.Rs. VS MERAJ DIN through L.Rs. - Honorable Justice Mian Saqib Nisar - Iqbal Hameed-ur-Reman , Mian Sarfraz-ul-Hassan	LAHORE-HIGH-COURT-LAHORE",Lahore High Court,2006-01-01,1562,full_judgment,mixed,revision_dismissed,1709
2006_YLR_1446,2006 YLR 1446,"480	2006 YLR 1446	SAJJAD HUSSAIN VS TEHSIL MUNICIPAL ADMINISTRATION, TAUNSA SHARIF through Tehsil Nazim - Honorable Justice Jawwad S. Khawaja - Syed Tajjamal Hussain Bokhari , Malik Muhammad Rafique Rajwana	LAHORE-HIGH-COURT-LAHORE",Supreme Court of Pakistan,2006-01-01,656,full_judgment,mixed,petition_dismissed,1329
2006_YLR_1456,2006 YLR 1456,"487	2006 YLR 1456	NASEER AHMED VS State - Honorable Justice Sardar Muhammad Aslam - Zafar Iqbal Chohan , Ch. Muhammad Nazir	LAHORE-HIGH-COURT-LAHORE",Supreme Court of Pakistan,2006-01-01,406,full_judgment,mixed,unknown,735
2006_YLR_1459,2006 YLR 1459,"489	2006 YLR 1459	Mst. SARWARI BEGUM VS MUNAWAR SULTANA - Honorable Justice Jawwad S. Khawaja - S.M. Tayyab , Jahangir A. Jhoja	LAHORE-HIGH-COURT-LAHORE",Lahore High Court,2006-01-01,1119,full_judgment,mixed,petition_allowed,1850
2006_YLR_1680,2006 YLR 1680,"571	2006 YLR 1680	SHAKEEL MASIH VS Sheikh NADEEM PERVAIZ through Special Attorney - Honorable Justice Mian Saqib Nisar - Abdul Majid Khan , Muhammad Akhtar Rana	LAHORE-HIGH-COURT-LAHORE",Lahore High Court,2006-01-01,1434,full_judgment,mixed,appeal_allowed,2913
2006_YLR_1673,2006 YLR 1673,"569	2006 YLR 1673	Rana SHAHID IQBAL VS Mst. SAKEENA BIBI - Honorable Justice Jawwad S. Khawaja - Muhammad Yasin Chughtai , Hamid Ali Mirza	LAHORE-HIGH-COURT-LAHORE",Supreme Court of Pakistan,2006-01-01,2839,full_judgment,mixed,appeal_allowed,2607
2006_YLR_1682,2006 YLR 1682,"572	2006 YLR 1682	Dr. ZAFAR IQBAL VS State - Honorable Justice Muhammad Afzal Soomro - Raza Hashmi , Syed Ziauddin Nasir	KARACHI-HIGH-COURT-SINDH",Supreme Court of Pakistan,2006-01-01,3634,full_judgment,mixed,unknown,3357
2006_YLR_168,2006 YLR 168,"63	2006 YLR 168	WASIM AKRAM VS State - Honorable Justice Anwar Zaheer Jamali - Zahid F. Ebrahim , Aamir Jalil Zubedi, A.A.-G.	KARACHI-HIGH-COURT-SINDH",Supreme Court of Pakistan,2006-01-01,1837,full_judgment,mixed,petition_allowed,2464
2006_YLR_1678,2006 YLR 1678,"570	2006 YLR 1678	NASEEB-UR-REHMAN VS DILAWAR KHAN - Honorable Justice Muhammad Raza Khan - Qasim Khattak , Abdul Jabbar Khattak	PESHAWAR-HIGH-COURT",Supreme Court of Pakistan,2006-01-01,1079,full_judgment,mixed,remanded,2799
2006_YLR_1637,2006 YLR 1637,"558	2006 YLR 1637	KARAM ALI VS State - Honorable Justice IJAZ AHMAD CHAUDHRY - Burhan Moazzam Malik and Arshad Hussain Bhutta , S.D. Qureshi	LAHORE-HIGH-COURT-LAHORE",Lahore High Court,2006-01-01,4791,full_judgment,mixed,appeal_allowed,3568
2006_YLR_1632,2006 YLR 1632,"555	2006 YLR 1632	TAJ MUHAMMAD VS SHUKAR DIN - Honorable Justice Jawwad S. Khawaja - Jahangir A. Jhoja , Hafeez Ahmed Chaudhry	LAHORE-HIGH-COURT-LAHORE",Lahore High Court,2006-01-01,1148,full_judgment,mixed,revision_allowed,2210
2006_YLR_1645,2006 YLR 1645,"559	2006 YLR 1645	Haji TARIQ ALI VS Mst. SHAMIM AKHTAR - Honorable Justice Muhammad Muzammal Khan - Ihsan Ali Sheikh , Syed Mehmood Shah Bokhari	LAHORE-HIGH-COURT-LAHORE",Supreme Court of Pakistan,2006-01-01,1787,full_judgment,mixed,revision_allowed,1615
2006_YLR_1775,2006 YLR 1775,"603	2006 YLR 1775	GHULAM YASIN alias BHAIDOO VS State - Honorable Justice KHAWAJA MUHAMMAD SHARIF - Ms. Humaira Naheed Khan , Masood Sabir	LAHORE-HIGH-COURT-LAHORE",Lahore High Court,2006-01-01,4166,full_judgment,mixed,appeal_dismissed,4946
2006_YLR_176,2006 YLR 176,"65	2006 YLR 176	DAROO alias DUR MUHAMMAD VS State - Honorable Justice Anwar Zaheer Jamali - Syed Madad Ali Shah , Rasheed Ahmed Qureshi, Asstt. A.-G.	KARACHI-HIGH-COURT-SINDH",High Court of Sindh,2006-01-01,3666,full_judgment,mixed,appeal_allowed,3569
2006_YLR_161,2006 YLR 161,"61	2006 YLR 161	BAKHSHAL VS MUKHTIAR AHMED through Legal Heirs - Honorable Justice Anwar Zaheer Jamali - Syed Madad Ali Shah , Kishanchand	KARACHI-HIGH-COURT-SINDH",High Court of Sindh,2006-01-01,1802,full_judgment,mixed,appeal_allowed,2158
2006_YLR_1599,2006 YLR 1599,"545	2006 YLR 1599	Raja MUHAMMAD ASGHAR VS State - Honorable Justice Iftikhar Hussain Butt - Abdul Majeed Malik , Sardar Muhammad Raziq Khan	SHARIAT-COURT-AZAD-KASHMIR",Superior Courts of Pakistan,2006-01-01,6816,full_judgment,mixed,appeal_allowed,6679
2006_YLR_15,2006 YLR 15,"9	2006 YLR 15	MUBARIK KHAN DAFADAR B.M.P. VS GOVERNMENT OF THE PUNJAB through Secretary, Home Department - Honorable Justice Muhammad Nawaz Bhatti - Bashir , Ahmad Chaudhry , Muhammad Arshad	LAHORE-HIGH-COURT-LAHORE",Lahore High Court,2006-01-01,681,full_judgment,mixed,disposed_of,867
2006_YLR_1585,2006 YLR 1585,"537	2006 YLR 1585	AHMED YAR VS PROVINCE OF PUNJAB through Collector, Faisalabad - Honorable Justice Mian Saqib Nisar - Sameer Ijaz , Rafey Ahmad Khan, A.A.-G. and Syed Ijaz Qutab	LAHORE-HIGH-COURT-LAHORE",Lahore High Court,2006-01-01,919,full_judgment,mixed,revision_allowed,1230
2006_YLR_1577,2006 YLR 1577,"533	2006 YLR 1577	Raja SHAUKAT ALI VS MUHAMMAD AKRAM through Legal Heirs - Honorable Justice Jawwad S. Khawaja - Mehdi Khan Chohan , Jahangir A. Jhoja	LAHORE-HIGH-COURT-LAHORE",Lahore High Court,2006-01-01,1740,full_judgment,mixed,unknown,2622
2006_YLR_1595,2006 YLR 1595,"543	2006 YLR 1595	FAQIR MUHAMMAD through Legal Heirs VS MUHAMMAD YOUNIS - Honorable Justice Muhammad Sair Ali - Ch. Muhammad Aslam Zia , Ch. Muhammad Younas	LAHORE-HIGH-COURT-LAHORE",Lahore High Court,2006-01-01,1248,full_judgment,mixed,revision_dismissed,1924
2006_YLR_1583,2006 YLR 1583,"536	2006 YLR 1583	SHAHZAD alias BAGGO VS State - Honorable Justice M.A. SHAHID SIDDIQUI - Zafar Iqbal Chohan , Muhammad Sharif	LAHORE-HIGH-COURT-LAHORE",Lahore High Court,2006-01-01,1096,full_judgment,mixed,appeal_dismissed,1790
2006_YLR_158,2006 YLR 158,"60	2006 YLR 158	MUHAMMAD SHAFIQUE alias SHEEQOO VS State - Honorable Justice M. Bilal Khan - Malik Muhammad Akram Khan Awan , Shahzad Hassan	LAHORE-HIGH-COURT-LAHORE",Supreme Court of Pakistan,2006-01-01,1408,full_judgment,mixed,petition_allowed,1259
2006_YLR_1588,2006 YLR 1588,"539	2006 YLR 1588	MUHAMMADI BEGUM VS ABDUL LATIF - Honorable Justice Jawwad S. Khawaja - Mian Mehmood Rasheed , Mohsin Ranjha	LAHORE-HIGH-COURT-LAHORE",Lahore High Court,2006-01-01,1436,full_judgment,mixed,petition_allowed,2463
2006_YLR_1591,2006 YLR 1591,"540	2006 YLR 1591	MUHAMMAD SAEED VS State - Honorable Justice Khawaja Muhammad Sharif - Zafar Iqbal Chohan , Ghulam Hussain Malik	LAHORE-HIGH-COURT-LAHORE",Supreme Court of Pakistan,2006-01-01,400,full_judgment,mixed,unknown,789
2006_YLR_155,2006 YLR 155,"59	2006 YLR 155	MOOHAN LAL VS State - Honorable Justice Muhammad Afzal Soomro - Ali Nawaz Ghanghro , Habib-ur-Rehman Shaikh, Assistant A.-G.	KARACHI-HIGH-COURT-SINDH",High Court of Sindh,2006-01-01,1754,full_judgment,mixed,unknown,2191
2006_YLR_1558,2006 YLR 1558,"521	2006 YLR 1558	NASIR KHAN VS State - Honorable Justice Rustam Ali Malik - Zafar Iqbal Chohan , Abdul Rauf Farooqi	LAHORE-HIGH-COURT-LAHORE",Lahore High Court,2006-01-01,893,full_judgment,mixed,revision_allowed,1708
2006_YLR_1569,2006 YLR 1569,"528	2006 YLR 1569	ASHIQ HUSSAIN through Legal Heirs VS Mst. SAJJAD FATIMA - Honorable Justice Syed Zahid Hussain - M.A. Zafar and Kazim Khan , Ch. Riasat Ali	LAHORE-HIGH-COURT-LAHORE",Lahore High Court,2006-01-01,1353,full_judgment,mixed,disposed_of,1751
2006_YLR_1554,2006 YLR 1554,"519	2006 YLR 1554	ARSHAD MEHMOOD VS State - Honorable Justice M.A. SHAHID SIDDIQUI - Syed Naeem-ul-Hassan , Tahir Mehmood Gondal, A.A.-G and Iram Sajjad Gul	LAHORE-HIGH-COURT-LAHORE",Supreme Court of Pakistan,2006-01-01,1073,full_judgment,mixed,unknown,1763
2006_YLR_1572,2006 YLR 1572,"530	2006 YLR 1572	GHULAM RASOOL VS MUHAMMAD YOUSAF - Honorable Justice Sheikh Azmat Saeed - Taqi Ahmed Khan , Khalid Masood Sandhu	LAHORE-HIGH-COURT-LAHORE",Lahore High Court,2006-01-01,1305,full_judgment,mixed,revision_dismissed,1899
2006_YLR_1551,2006 YLR 1551,"518	2006 YLR 1551	MUHAMMAD IBRAHIM VS ABDUL RAZAQ - Honorable Justice Syed Hamid Ali Shah - Walayat Umar , Ras Tariq Chaudhry	LAHORE-HIGH-COURT-LAHORE",Lahore High Court,2006-01-01,1346,full_judgment,mixed,petition_dismissed,1554
2006_YLR_1700,2006 YLR 1700,"578	2006 YLR 1700	MUHAMMAD ABBAS VS State - Honorable Justice Ijaz-ul-Hassan Khan - Sher Afzal Khan Jadoon , Waliullah Khokar	PESHAWAR-HIGH-COURT",Peshawar High Court,2006-01-01,2349,full_judgment,mixed,appeal_dismissed,2349
2006_YLR_1709,2006 YLR 1709,582	2006 YLR 1709	JAFFAR HUSSAIN VS State - Honorable Justice Ijaz Ahmad Chaudhry - Muhammad Farooq Qureshi Chishti	LAHORE-HIGH-COURT-LAHORE,Lahore High Court,2006-01-01,1934,full_judgment,mixed,unknown,3248
2006_YLR_1694,2006 YLR 1694,"576	2006 YLR 1694	KATTO BROHI VS State - Honorable Justice Nadeem Azhar Siddiqui - Muhammad Ayaz Soomro , Mushtaq Ahmed Korejo	KARACHI-HIGH-COURT-SINDH",High Court of Sindh,2006-01-01,2581,full_judgment,mixed,unknown,1467
2006_YLR_1705,2006 YLR 1705,"580	2006 YLR 1705	MANZOOR AHMAD VS Mst. ALLAH RAKHI - Honorable Justice Sheikh Azmat Saeed - Ch. Bashir Ahmad , Ch. Siddique Ahmad and Ch. Abdul Wahid	LAHORE-HIGH-COURT-LAHORE",Lahore High Court,2006-01-01,1789,full_judgment,mixed,appeal_allowed,2963
2006_YLR_171,2006 YLR 171,"64	2006 YLR 171	Ch. MUHAMMAD TARIQ VS CHIEF ELECTION COMMISSONER OF PAKISTAN, ISLAMABAD - Honorable Justice Muhammad Jehangir Arshad - Muhammad Irfan Wyne , M.R. Khalid Malik, Addl. A.-G. Muhammad Aril Alvi	LAHORE-HIGH-COURT-LAHORE",Lahore High Court,2006-01-01,2709,full_judgment,mixed,unknown,5577
2006_YLR_1720,2006 YLR 1720,"586	2006 YLR 1720	SHAHZAD USMAN VS PRESIDING OFFICER, DISTRICT AND SESSIONS JUDGE, SOUTH, KARACHI - Honorable Justice Muhammad Athar Saeed - Nazar Akber , Mumtaz Ahmad Shaikh	KARACHI-HIGH-COURT-SINDH",High Court of Sindh,2006-01-01,4703,full_judgment,mixed,petition_dismissed,3650
2006_YLR_2003,2006 YLR 2003,"689	2006 YLR 2003	SHAUKAT ALI alias BILLA VS State - Honorable Justice M.A. SHAHID SIDDIQUI - Shaukat Hussain Khan Baloch , Muhammad Sharif	LAHORE-HIGH-COURT-LAHORE",Lahore High Court,2006-01-01,1290,full_judgment,mixed,appeal_dismissed,1825
2006_YLR_1,2006 YLR 1,1	2006 YLR 1	RAHOO KHAN VS MEHRUDDIN - Honorable Justice GHULAM RABBANI - Nazar M. Jamali	KARACHI-HIGH-COURT-SINDH,High Court of Sindh,2006-01-01,481,full_judgment,mixed,appeal_dismissed,1670
2006_YLR_1993,2006 YLR 1993,"686	2006 YLR 1993	MUHAMMAD YOUSAF VS MUHAMMAD HUSSAIN - Honorable Justice Maulvi Anwarul Haq - Ch. Riasat Ali , Ch. Muhammad Hussain Naqshbandi	LAHORE-HIGH-COURT-LAHORE",Lahore High Court,2006-01-01,2410,full_judgment,mixed,revision_allowed,1824
2006_YLR_1989,2006 YLR 1989,"685	2006 YLR 1989	JAVED VS State - Honorable Justice ALI NAWAZ CHOWHAN - Irfan Ahmad , Tahseen Irfan and Ashfaq Ahmad Ch.	LAHORE-HIGH-COURT-LAHORE",Lahore High Court,2006-01-01,1917,full_judgment,mixed,disposed_of,2193
2006_YLR_202,2006 YLR 202,"69	2006 YLR 202	ABDUL RAHEEM VS MANZOOR HUSSAIN SHAH - Honorable Justice Azizullah M. Memon - Syed Madad Ali Shah , Allah Bachayo Soomro,Masood A. Noorani, Addl. A.-G. Sindh,2. Heard Mr. Syed Madad Ali Shah, learned counsel for the appellant, Mr. Mas",High Court of Sindh,2006-01-01,2793,full_judgment,mixed,appeal_allowed,2801
2006_YLR_2031,2006 YLR 2031,"696	2006 YLR 2031	RAMZAN alias JANI VS State - Honorable Justice CH. IFTIKHAR HUSSAIN - Rana Hidayat Ali , Ch. Ghulam Hussain	LAHORE-HIGH-COURT-LAHORE",Lahore High Court,2006-01-01,4516,full_judgment,mixed,unknown,3277
2006_YLR_1648,2006 YLR 1648,560	2006 YLR 1648	Malik SALAH-UD-DIN DOGAR VS THE STATE - Honorable Justice ALI NAWAZ CHOWHAN - A. K. Dogar	LAHORE-HIGH-COURT-LAHORE,Supreme Court of Pakistan,2006-01-01,5183,full_judgment,mixed,disposed_of,3534
2006_YLR_1666,2006 YLR 1666,"565	2006 YLR 1666	SHAFQAT ALI VS BOARD OF REVENUE, PUNJAB, LAHORE - Honorable Justice Muhammad Miuzammal Khan - Mian Bashir , Rana Muneer-ul-Hasan	LAHORE-HIGH-COURT-LAHORE",Lahore High Court,2006-01-01,1144,full_judgment,mixed,remanded,1646
2006_YLR_1662,2006 YLR 1662,"563	2006 YLR 1662	FAIZ MUHAMMAD VS SHER MUHAMMMAD - Honorable Justice Jawwad S. Khawaja - S.M. Masud , Syed Ijaz Qutab	LAHORE-HIGH-COURT-LAHORE",Lahore High Court,2006-01-01,1618,full_judgment,mixed,revision_allowed,2878
2006_YLR_164,2006 YLR 164,"62	2006 YLR 164	NADEEM ASGHAR KAIRA VS State - Honorable Justice M. Bilal Khan - Aitzaz Ahsan , Ch. Aamir Rehman Addl. A.-G. assisted by Ms. Tahira Sultana	LAHORE-HIGH-COURT-LAHORE",Supreme Court of Pakistan,2006-01-01,2398,full_judgment,mixed,petition_allowed,1786
2006_YLR_1664,2006 YLR 1664,"564	2006 YLR 1664	TANVIR VS State - Honorable Justice Ijaz Ahmad Chaudhry - Tariq Zulfiqar Ahmad Chaudhry , Sheikh Arshad Ali	LAHORE-HIGH-COURT-LAHORE",Supreme Court of Pakistan,2006-01-01,1057,full_judgment,mixed,unknown,1763
2006_YLR_1657,2006 YLR 1657,561	2006 YLR 1657	IMAM ALI SHAH VS Mst. KUBRA BIBI - Honorable Justice Muhammad Muzammal Khan - Karamat Ali Butt	LAHORE-HIGH-COURT-LAHORE,Lahore High Court,2006-01-01,1750,full_judgment,mixed,revision_dismissed,1503
2006_YLR_1740,2006 YLR 1740,"591	2006 YLR 1740	KHIZAR HAYAT VS State - Honorable Justice KHAWAJA MUHAMMAD SHARIF - Pir. Ahmad Shah Khagga assisted by Rao Atif Nawaz , Waseem Khan Babar	LAHORE-HIGH-COURT-LAHORE",Lahore High Court,2006-01-01,2895,full_judgment,mixed,appeal_dismissed,1557
2006_YLR_1744,2006 YLR 1744,"592	2006 YLR 1744	MUHAMMAD TUFAIL VS State - Honorable Justice MUHAMMAD JEHANGIR ARSHAD - Muhammad Aslam Khan Dukkar , Ghazanfar Ali Khan	LAHORE-HIGH-COURT-LAHORE",Lahore High Court,2006-01-01,2822,full_judgment,mixed,appeal_dismissed,1732
2006_YLR_1733,2006 YLR 1733,"590	2006 YLR 1733	MUHAMMAD SAEED VS State - Honorable Justice Muhammad Nawaz Bhatti - Abdul Aziz Khan Niazi , Rao Atif Nawaz Khan	LAHORE-HIGH-COURT-LAHORE",Lahore High Court,2006-01-01,3613,full_judgment,mixed,appeal_allowed,2202
2006_YLR_17,2006 YLR 17,"10	2006 YLR 17	KARIM BUX alias ABDUL HAFEEZ alias MUHAMMAD HASSAN VS State - Honorable Justice Muhammad Afzal Soomro - Muhammad Ayaz Soomro , Mushtaque Ahmed Abbasi	KARACHI-HIGH-COURT-SINDH",High Court of Sindh,2006-01-01,940,full_judgment,mixed,disposed_of,1322
2006_YLR_1818,2006 YLR 1818,"614	2006 YLR 1818	MUHAMMAD IQBAL VS State - Honorable Justice CH. IFTIKHAR HUSSAIN - Mian Muhammad Sikandar Hayatan , Ehsan Sabir	LAHORE-HIGH-COURT-LAHORE",Lahore High Court,2006-01-01,4407,full_judgment,mixed,unknown,2568
2006_YLR_1810,2006 YLR 1810,"612	2006 YLR 1810	MUHAMMAD NAWAZ VS State - Honorable Justice ASIF SAEED KHAN KHOSA - Masood Mirza , A.H. Masood and Mian Muhammad Bashir	LAHORE-HIGH-COURT-LAHORE",Lahore High Court,2006-01-01,3288,full_judgment,mixed,appeal_dismissed,2525
2006_YLR_1801,2006 YLR 1801,"611	2006 YLR 1801	MUHAMMAD KHALID VS State - Honorable Justice IJAZ AHMAD CHAUDHRY - Syed Mazahar Ali Abkar Naqvi and Shahbaz Ahmad Dhilun , Ashfaq Ahmad Chaudhry	LAHORE-HIGH-COURT-LAHORE",Lahore High Court,2006-01-01,5603,full_judgment,mixed,appeal_allowed,2926
2006_YLR_1815,2006 YLR 1815,"613	2006 YLR 1815	MUHAMMAD AKRAM VS D.P.O., LODHRAN - Honorable Justice Sh. Javed Sarfraz and Fazal-e-Miran Chauhan - Muhammad Tariq Nadeem , Malik Muhammad Qasim	LAHORE-HIGH-COURT-LAHORE",Lahore High Court,2006-01-01,1631,full_judgment,mixed,appeal_allowed,2658
2006_YLR_191,2006 YLR 191,"ABDUL MAJEED MALIK VS DISTRICT RETURNING OFFICER, RAWALPINDI - Honorable Justice Muhammad Akhtar Shabbir - Sh. Zameer Hussain , Qazi Muhammad Amin	LAHORE-HIGH-COURT-LAHORE",Lahore High Court,2006-01-01,6746,full_judgment,mixed,petition_dismissed,7408
2006_YLR_1953,2006 YLR 1953,668	2006 YLR 1953	MUHAMMAD WAHEED AKHTAR VS State - Honorable Justice Ali Nawaz Chowhan and Umar Ata Bandial - Rao Abdul Jabbar Khan	LAHORE-HIGH-COURT-LAHORE,Supreme Court of Pakistan,2006-01-01,731,full_judgment,mixed,unknown,877
2006_YLR_216,2006 YLR 216,"72	2006 YLR 216	Mst. NAZEERAN BIBI VS ADDITIONAL DISTRICT JUDGE, OKARA - Honorable Justice Muhammad Jehangir Arshad - Salman Mansoor	LAHORE-HIGH-COURT-LAHORE",Lahore High Court,2006-01-01,3175,full_judgment,mixed,revision_dismissed,3562
2006_YLR_2165,2006 YLR 2165,"736	2006 YLR 2165	MUHAMMAD AFZAL VS State - Honorable Justice KHAWAJA MUHAMMAD SHARIF - Munir Ahmad Bhatti , M. Saleem Shad	LAHORE-HIGH-COURT-LAHORE",Lahore High Court,2006-01-01,3044,full_judgment,mixed,appeal_dismissed,2730
2006_YLR_2170,2006 YLR 2170,"737	2006 YLR 2170	Mst. NOOR JEHAN VS State - Honorable Justice Khawaja Muhammad Sharif - M. A. Zafar , Badar Munir Malik	LAHORE-HIGH-COURT-LAHORE",Lahore High Court,2006-01-01,3772,full_judgment,mixed,appeal_allowed,3347
2006_YLR_1767,2006 YLR 1767,"600	2006 YLR 1767	MUHAMMAD ASLAM VS State - Honorable Justice MUHAMMAD FARRUKH MAHMUD - S.M. Jahangir Iqbal Bokhari , Altaf Hussain Bokhari	LAHORE-HIGH-COURT-LAHORE",Supreme Court of Pakistan,2006-01-01,2907,full_judgment,mixed,appeal_dismissed,1645
2006_YLR_1756,2006 YLR 1756,"597	2006 YLR 1756	MANZOOR AHMAD VS State - Honorable Justice MUHAMMAD FARRUKH MAHMUD - Sardar Muhammad Aslam Khan Dhukkar , Shaheen Masood Rizvi, A.A.-G. assisted by M.A. Farazi	LAHORE-HIGH-COURT-LAHORE",Lahore High Court,2006-01-01,5385,full_judgment,mixed,unknown,3598
2006_YLR_1753,2006 YLR 1753,"595	2006 YLR 1753	Mst. SAIRA SHAUKAT through Special Attorney VS DISTRICT COLLECTOR I.C.T., ISLAMABAD - Honorable Justice Maulvi Anwarul Haq - Syed M. Tayyab	LAHORE-HIGH-COURT-LAHORE",Lahore High Court,2006-01-01,719,full_judgment,mixed,disposed_of,982
2006_YLR_1915,2006 YLR 1915,"652	2006 YLR 1915	RULYA VS PROVINCE OF PUNJAB through District Collector, Sargodha - Honorable Justice Muhammad Muzammal Khan - Naveed Shaharyar , Ch. Muhammad Suleman	LAHORE-HIGH-COURT-LAHORE",Lahore High Court,2006-01-01,2840,full_judgment,mixed,revision_allowed,2246
2006_YLR_1910,2006 YLR 1910,"651	2006 YLR 1910	Mst. ZIADAN VS Mst. BAKHAN - Honorable Justice Muhammad Sair Ali - Hakim Sabir Raja , Malik Allah Yar Khan	LAHORE-HIGH-COURT-LAHORE",Lahore High Court,2006-01-01,2768,full_judgment,mixed,revision_dismissed,1738
2006_YLR_1887,2006 YLR 1887,"642	2006 YLR 1887	MUHAMMAD IQBAL VS State - Honorable Justice MUHAMMAD FARRUKH MAHMUD - Ms. Tayyiba Ramzan Chaudhry and Malik Muhammad Aslam, Defence counsel , Ashfaq Ahmad Chaudhry	LAHORE-HIGH-COURT-LAHORE",Lahore High Court,2006-01-01,2429,full_judgment,mixed,appeal_dismissed,2385
2006_YLR_18,2006 YLR 18,11	2006 YLR 18	MUHAMMAD SULEMAN VS NAZIR AHMAD - Honorable Justice Muhammad Nawaz Bhatti - Shaukat Bilal Khan Bangash	LAHORE-HIGH-COURT-LAHORE,Supreme Court of Pakistan,2006-01-01,1096,full_judgment,mixed,petition_dismissed,2403
2006_YLR_1981,2006 YLR 1981,"682	2006 YLR 1981	MUHAMMAD DAUD VS GULZAR HUSSAIN - Honorable Justice Muhammad Muzammal Khan - A.G. Tariq Chaudhary , Malik Noor Muhammad Awan	LAHORE-HIGH-COURT-LAHORE",Supreme Court of Pakistan,2006-01-01,1464,full_judgment,mixed,revision_dismissed,1634
2006_YLR_1975,2006 YLR 1975,"679	2006 YLR 1975	MUMTAZ AHMAD VS State - Honorable Justice Maulvi Anwarul Haq and Fazal-e-Miran Chauhan - Ch. Muhammad Tariq Niaz , Yousaf Sayed	LAHORE-HIGH-COURT-LAHORE",Supreme Court of Pakistan,2006-01-01,729,full_judgment,mixed,unknown,1234
2006_YLR_1959,2006 YLR 1959,"671	2006 YLR 1959	GHULAM ABBAS VS State - Honorable Justice KHAWAJA MUHAMMAD SHARIF - Ch. Falak Sher , Mehr Muhammad Saleem	LAHORE-HIGH-COURT-LAHORE",Lahore High Court,2006-01-01,1246,full_judgment,mixed,unknown,1233
2006_YLR_1968,2006 YLR 1968,"675	2006 YLR 1968	MUHAMMAD HANIF VS MANZOOR AHMAD MALIK, ADDITIONAL DISTRICT JUDGE, KHUSHAB - Honorable Justice Mian Saqib Nisar - Atif Pervaiz Chaudhry , Malik Muhammad Imtiaz Mahal	LAHORE-HIGH-COURT-LAHORE",Lahore High Court,2006-01-01,1247,full_judgment,mixed,petition_allowed,1545
2006_YLR_2038,2006 YLR 2038,"697	2006 YLR 2038	SAMAR ALI VS ZARAT HUSSAIN - Honorable Justice Muhammad Sair Ali - Khalid Ikram Khatana , Amar Zahoor Chowhan	LAHORE-HIGH-COURT-LAHORE",Lahore High Court,2006-01-01,1868,full_judgment,mixed,revision_dismissed,1158
2006_YLR_2061,2006 YLR 2061,"709	2006 YLR 2061	JAVED IQBAL VS State - Honorable Justice SARDAR MUHAMMAD ASLAM - Miss Kubra Gillani , Sarfraz Gondal	LAHORE-HIGH-COURT-LAHORE",Supreme Court of Pakistan,2006-01-01,1097,full_judgment,mixed,appeal_allowed,1418
2006_YLR_2063,2006 YLR 2063,"710	2006 YLR 2063	ALLAH YAR VS SHER MUHAMMD - Honorable Justice Rustam Ali Malik - Zain ul Abidin , Masood Akhtar	LAHORE-HIGH-COURT-LAHORE",Lahore High Court,2006-01-01,3337,full_judgment,mixed,appeal_dismissed,1882
2006_YLR_2052,2006 YLR 2052,"704	2006 YLR 2052	ZUHAIB ZAFAR VS State - Honorable Justice Sh. Abdur Rashid - Justin Gill , Amir Feroze	LAHORE-HIGH-COURT-LAHORE",Lahore High Court,2006-01-01,1049,full_judgment,mixed,remanded,2288
2006_YLR_2058,2006 YLR 2058,707	2006 YLR 2058	ABDUL RASHID VS State - Honorable Justice Sh. Javaid Sarfraz - Ch. Zulfiqar Ali Sidhu	LAHORE-HIGH-COURT-LAHORE,Supreme Court of Pakistan,2006-01-01,395,full_judgment,mixed,petition_dismissed,820
2006_YLR_185,2006 YLR 185,"67	2006 YLR 185	KARACHI STOCK EXCHANGE through Attorney VS MUHAMMAD ASHAQEEN - Honorable Justice S. ALI ASLAM JAFRI - Naimur Rehman and Rizwana Islamil , Mushtaq A. Memon	KARACHI-HIGH-COURT-SINDH",High Court of Sindh,2006-01-01,3474,full_judgment,mixed,appeal_allowed,4201
2006_YLR_1852,2006 YLR 1852,"629	2006 YLR 1852	MUHAMMAD AYUB VS Rana ABDUL REHMAN - Honorable Justice Ali Nawaz Chowhan - Rana Muhammad Naeem Khan , Muhammad Arif Bhindar	LAHORE-HIGH-COURT-LAHORE",Supreme Court of Pakistan,2006-01-01,2759,full_judgment,mixed,unknown,2421
2006_YLR_1868,2006 YLR 1868,"637	2006 YLR 1868	MUHAMMAD YOUSAF BUTT VS MUHAMMAD ASLAM BUTT - Honorable Justice Muhammad Sayeed Akhtar - Syed Muhammad Kaleem Ahmad Khurshid , Zahid Iqbal	LAHORE-HIGH-COURT-LAHORE",Lahore High Court,2006-01-01,1535,full_judgment,mixed,petition_dismissed,1338
2006_YLR_1881,2006 YLR 1881,"641	2006 YLR 1881	MUHAMMAD ISHTIAQ alias JAT VS State - Honorable Justice MUHAMMAD FARRUKH MAHMUD - Miss Shahabat Rizvi and Abdul Qayyum Anjam on Court's call , A.H. Masood	LAHORE-HIGH-COURT-LAHORE",Lahore High Court,2006-01-01,3618,full_judgment,mixed,appeal_allowed,3436
2006_YLR_183,2006 YLR 183,"66	2006 YLR 183	Maulvi ABDUL RASHID LAHOOLOHAN VS STATION HOUSE OFFICER - Honorable Justice M. Bilal Khan - Mian Muzaffar Ahmad , Ch. Aamir Rehman	LAHORE-HIGH-COURT-LAHORE",Supreme Court of Pakistan,2006-01-01,1495,full_judgment,mixed,petition_dismissed,1219
2006_YLR_1849,2006 YLR 1849,"628	2006 YLR 1849	MUHAMMAD RIAZ VS State - Honorable Justice KHAWAJA MUHAMMAD SHARIF - Sahibzada Farooq Ali , Wajid Ali Bhatti	LAHORE-HIGH-COURT-LAHORE",Lahore High Court,2006-01-01,2102,full_judgment,mixed,appeal_dismissed,2810
2006_YLR_1833,2006 YLR 1833,620	2006 YLR 1833	MUHAMMAD RAZZAQ VS State - Honorable Justice Khawaja Muhammad Sharif and M. A. Shahid Siddiqui - Ch. Muhammad Akram	LAHORE-HIGH-COURT-LAHORE,Supreme Court of Pakistan,2006-01-01,364,full_judgment,mixed,unknown,665
2006_YLR_1835,2006 YLR 1835,"622	2006 YLR 1835	HAJRAN BIBI VS MUHAMMAD BOOTA - Honorable Justice Jawwad S. Khawaja - Muhammad Shahzad Shaukat , Ch. Muhammad Ashraf Wahla	LAHORE-HIGH-COURT-LAHORE",Lahore High Court,2006-01-01,1255,full_judgment,mixed,petition_allowed,1804
2006_YLR_1841,2006 YLR 1841,"624	2006 YLR 1841	MUHAMMAD AJMAL VS State - Honorable Justice KHAWAJA MUHAMMAD SHARIF - Zafar Mehmood Anjum , Muhammad Zafar Khan Sial	LAHORE-HIGH-COURT-LAHORE",Lahore High Court,2006-01-01,1446,full_judgment,mixed,appeal_dismissed,1636
2006_YLR_2180,2006 YLR 2180,"740	2006 YLR 2180	RASHID alias BAOU MASIH VS State - Honorable Justice IJAZ AHMAD CHAUDHRY - Ijaz Ahmad Chaddhar , Raja Akhtar Nawaz	LAHORE-HIGH-COURT-LAHORE",Lahore High Court,2006-01-01,5238,full_judgment,mixed,unknown,3489
2006_YLR_2194,2006 YLR 2194,"742	2006 YLR 2194	Mst. ASMA USMAN VS Syed ADIL HUSSAIN - Honorable Justice Azizullah M. Memon - Raja Sikandar Khan Yasir , Zubair Ahmed	KARACHI-HIGH-COURT-SINDH",High Court of Sindh,2006-01-01,2554,full_judgment,mixed,unknown,2820
2006_YLR_2189,2006 YLR 2189,"741	2006 YLR 2189	ABDUL HAQ VS State - Honorable Justice SYED SAKHI HUSSAIN BOKHARI - Syed Zahid Hussain Bokhari , A.H. Masood	LAHORE-HIGH-COURT-LAHORE",Lahore High Court,2006-01-01,2532,full_judgment,mixed,unknown,2696
2006_YLR_2201,2006 YLR 2201,744	2006 YLR 2201	MUHAMMAD SAEED VS JAN MUHAMMAD - Honorable Justice Muhammad Akhtar Shabbir - Muhammad Ibrahim	LAHORE-HIGH-COURT-LAHORE,Lahore High Court,2006-01-01,1225,full_judgment,mixed,revision_dismissed,3213
2006_YLR_2207,2006 YLR 2207,"747	2006 YLR 2207	MUHAMMAD SHARIF VS NOOR AHMAD through Legal Heirs - Honorable Justice Mian Hamid Farooq - Raja Abudl Razzaq , Maqbool Ellahi Malik	LAHORE-HIGH-COURT-LAHORE",Lahore High Court,2006-01-01,3092,full_judgment,mixed,appeal_dismissed,1735
2006_YLR_2198,2006 YLR 2198,"743	2006 YLR 2198	SHER MUHAMMAD VS MOMIN KHAN - Honorable Justice Ijaz-ul-Hassan Khan - Malik Haroon Iqbal , Fazle Karim	PESHAWAR-HIGH-COURT",Peshawar High Court,2006-01-01,1962,full_judgment,mixed,appeal_dismissed,3419
2006_YLR_2084,2006 YLR 2084,718	2006 YLR 2084	ALLAH WASAYA VS MEMBER,Supreme Court of Pakistan,2006-01-01,4299,full_judgment,mixed,petition_allowed,7333
2006_YLR_209,2006 YLR 209,"71	2006 YLR 209	AMANULLAH VS State - Honorable Justice FAZAL-E-MIRAN CHAUHAN - Sahibzada Farooq Ali , Sh. Muhammad Raheem	LAHORE-HIGH-COURT-LAHORE",Lahore High Court,2006-01-01,4530,full_judgment,mixed,disposed_of,2766
2006_YLR_2095,2006 YLR 2095,720	2006 YLR 2095	MUHAMMAD IBRAHIM VS KHUDA YAR - Honorable Justice Muhammad Akhtar Shabbir - Raees Abdul Qadir Wrind	LAHORE-HIGH-COURT-LAHORE,Lahore High Court,2006-01-01,2699,full_judgment,mixed,revision_dismissed,4680
2006_YLR_20,2006 YLR 20,12	2006 YLR 20	Malik MUHAMMAD ISHTIAQ VS ABIDA PARVEEN - Honorable Justice Ch. Ijaz Ahmad - M. Baleegh-uz-Zaman Chaudhry	LAHORE-HIGH-COURT-LAHORE,Lahore High Court,2006-01-01,1641,full_judgment,mixed,revision_dismissed,3245
2006_YLR_2102,2006 YLR 2102,"722	2006 YLR 2102	MEHBOOB RAHMATULLAH VS State - Honorable Justice Zia Perwaz - Sohail Muzaffar , Mehmood Alam Rizvi	KARACHI-HIGH-COURT-SINDH",Supreme Court of Pakistan,2006-01-01,3380,full_judgment,mixed,unknown,2310
2006_YLR_2091,2006 YLR 2091,"719	2006 YLR 2091	MUHAMMAD AZIM VS State - Honorable Justice KHAWAJA MUHAMMAD SHARIF - Ch. Pervaiz Aftab , Ch. Falak Sher	LAHORE-HIGH-COURT-LAHORE",Lahore High Court,2006-01-01,2289,full_judgment,mixed,unknown,2306
2006_YLR_229,2006 YLR 229,75	2006 YLR 229	SHEHZAD RIAZ VS FEDERATION OF PAKISTAN through Secretary Cabinet Division - Honorable Justice MUHAMMAD MUJEEBULLAH SIDDIQUI - Amer Raza Naqvi	KARACHI-HIGH-COURT-SINDH,High Court of Sindh,2006-01-01,6929,full_judgment,mixed,petition_dismissed,9538
2006_YLR_2304,2006 YLR 2304,"784	2006 YLR 2304	Syed GHULAM SHABBIR VS AHMAD - Honorable Justice Syed Jamshed Ali - Ghulam Farid Sanotra and Malik Ghulam Siddique Awan , Malik Muhammad Akram Khan Awan	LAHORE-HIGH-COURT-LAHORE",Lahore High Court,2006-01-01,4409,full_judgment,mixed,appeal_dismissed,4272
2006_YLR_2414,2006 YLR 2414,"824	2006 YLR 2414	MUHAMMAD ILYAS VS State - Honorable Justice KHAWAJA MUHAMMAD SHARIF - Altaf Ibrahimm Qureshi assisted by M. Azhat Saleem , Masoof Sabir	LAHORE-HIGH-COURT-LAHORE",Lahore High Court,2006-01-01,3135,full_judgment,mixed,unknown,2763
2006_YLR_2419,2006 YLR 2419,"825	2006 YLR 2419	FAKHAR-UD-DIN HAIDER through Legal Heirs VS Mst. BILQEES BEGUM - Honorable Justice Muhammad Sair Ali - Rao Munawar Khan , Ch. Muhammad Aslam Zia	LAHORE-HIGH-COURT-LAHORE",Lahore High Court,2006-01-01,1102,full_judgment,mixed,appeal_allowed,1624
2006_YLR_242,2006 YLR 242,"76	2006 YLR 242	SHAHZAD ULLAH KHAN VS Begum HALEEMA KHAN - Honorable Justice M. Bilal Khan - Azam Nazeer Tarar , Ch. Ehsan-ul-Haq Bhalli,Shahzad Hassan	LAHORE-HIGH-COURT-LAHORE",Lahore High Court,2006-01-01,4924,full_judgment,mixed,unknown,2637
2006_YLR_2236,2006 YLR 2236,"757	2006 YLR 2236	HIDAYAT ULLAH KHAN VS YAQOOB KHAN MARWAT - Honorable Justice Ijaz-ul-Hassan Khan - Muhammad Arif Khan , Abdus Samad Khan	PESHAWAR-HIGH-COURT",Peshawar High Court,2006-01-01,2525,full_judgment,mixed,revision_allowed,4203
2006_YLR_2240,2006 YLR 2240,"758	2006 YLR 2240	GHULAM YASEEN VS Syed RIAZ HUSSAIN SHAH - Honorable Justice Mian Muhammad Najam-uz-Zaman - Zafar Iqbal Chohan , Rana Muhammad Ayub Khan Joya	LAHORE-HIGH-COURT-LAHORE",Lahore High Court,2006-01-01,1547,full_judgment,mixed,appeal_allowed,2328
2006_YLR_2259,2006 YLR 2259,"768	2006 YLR 2259	MUHAMMAD YOUSAF VS SAFDAR HUSSAIN - Honorable Justice Ch. Ijaz Ahmad - Ata-ul-Mohsin Lar , Zafar Iqbal Ch.	LAHORE-HIGH-COURT-LAHORE",Lahore High Court,2006-01-01,1964,full_judgment,mixed,appeal_dismissed,1617
2006_YLR_2246,2006 YLR 2246,"761	2006 YLR 2246	ALI GUL VS State - Honorable Justice Gulzar Ahmad - Nisar Ahmed Abro , Ali Azhar Tunio	KARACHI-HIGH-COURT-SINDH",High Court of Sindh,2006-01-01,784,full_judgment,mixed,disposed_of,943
2006_YLR_224,2006 YLR 224,"74	2006 YLR 224	ABDUR RAZAQ VS State - Honorable Justice Muhammad Jehangir Arshad - Mumtaz Hussain Bazmi , Malik Sadiq Mahmood Khurram	LAHORE-HIGH-COURT-LAHORE",Lahore High Court,2006-01-01,2896,full_judgment,mixed,petition_allowed,1628
2006_YLR_2250,2006 YLR 2250,"763	2006 YLR 2250	TALIB VS State - Honorable Justice Ghulam Nabi Soomro - Nisar Ahmed Abro , Altaf Hussain Surahio	KARACHI-HIGH-COURT-SINDH",High Court of Sindh,2006-01-01,380,full_judgment,mixed,unknown,741
2006_YLR_2265,2006 YLR 2265,"770	2006 YLR 2265	AABAD ALI VS MUHAMMAD YAHYA - Honorable Justice Muhammad Sayeed Akhtar - M. Sharif Chohan , Mst. Shaista Kaiser and Javed-ur-Rehman Rana	LAHORE-HIGH-COURT-LAHORE",Lahore High Court,2006-01-01,2024,full_judgment,mixed,appeal_dismissed,1744
2006_YLR_2402,2006 YLR 2402,"820	2006 YLR 2402	MUHAMMAD YAQOOB VS State - Honorable Justice Khawaja Muhammad Sharif - Khalid Bin Aziz , Masood Sabir	LAHORE-HIGH-COURT-LAHORE",Lahore High Court,2006-01-01,1780,full_judgment,mixed,appeal_dismissed,2236
2006_YLR_2407,2006 YLR 2407,"822	2006 YLR 2407	AZHAR VS State - Honorable Justice MUHAMMAD FARRUKH MAHMUD - Mian Abdul Qayyum Anjum and Mehboob Rasoon Awan , Col",Lahore High Court,2006-01-01,2239,full_judgment,mixed,appeal_allowed,1827
2006_YLR_23,2006 YLR 23,"13	2006 YLR 23	MUHAMMAD BAKHSH VS State - Honorable Justice Muhammad Nawaz Bhatti - Ch. M. Zulfiqar Ali Chheena , Miss Zahida Batool	LAHORE-HIGH-COURT-LAHORE",Supreme Court of Pakistan,2006-01-01,539,full_judgment,mixed,petition_dismissed,834
2006_YLR_2396,2006 YLR 2396,"818	2006 YLR 2396	SHERAZ KHAN VS State - Honorable Justice MUHAMMAD FARRUKH MAHMUD - Muhammad Asghar Rokhari , A. H. Masood	LAHORE-HIGH-COURT-LAHORE",Lahore High Court,2006-01-01,1941,full_judgment,mixed,appeal_dismissed,1979
2006_YLR_2399,2006 YLR 2399,819	2006 YLR 2399	Dr. MUHAMMAD SIDDIQUE Chaudhry VS DISTRICT REGISTRAR,Lahore High Court,2006-01-01,1550,full_judgment,mixed,revision_allowed,2493
2006_YLR_2228,2006 YLR 2228,"756	2006 YLR 2228	ABDUL MAJEED VS State - Honorable Justice AHMED KHAN LASHARI - Naseer Ahmed Bangulzai and Farooq Anwar , Khalid Dogar	QUETTA-HIGH-COURT-BALOCHISTAN",High Court of Balochistan,2006-01-01,3899,full_judgment,mixed,appeal_dismissed,4211
2006_YLR_221,2006 YLR 221,"73	2006 YLR 221	Dr. AMBREEN VS State - Honorable Justice Muhammad Moosa K. Leghari - Abdul Sattar Kazi , Madad Ali Shah	KARACHI-HIGH-COURT-SINDH",Supreme Court of Pakistan,2006-01-01,1645,full_judgment,mixed,disposed_of,1973
2006_YLR_2487,2006 YLR 2487,"855	2006 YLR 2487	SHAHID ALI VS State - Honorable Justice Asif Saeed Khan Khosa and Ijaz Ahmad Chaudhry - Ch. Noor Muhammad , Raja Akhtar Nawaz with Mamoor Khan	LAHORE-HIGH-COURT-LAHORE",Supreme Court of Pakistan,2006-01-01,717,full_judgment,mixed,unknown,1422
2006_YLR_249,2006 YLR 249,"77	2006 YLR 249	MUHAMMAD SHARIF VS ALLAH DITTA - Honorable Justice Muhammad Mujeebullah Siddiqui - Faiz Muhammad G. Soomro , Hassan Mahmood Baig,Nemo	KARACHI-HIGH-COURT-SINDH",High Court of Sindh,2006-01-01,4258,full_judgment,mixed,appeal_dismissed,3614
2006_YLR_2498,2006 YLR 2498,"861	2006 YLR 2498	SUGHRAN BIBI VS MUHAMMAD NAZIR alias MUHAMMAD AKRAM - Honorable Justice Jawwad S. Khawaja - Shaukat Hussain Khan , Muhammad Saleem Cheema	LAHORE-HIGH-COURT-LAHORE",Lahore High Court,2006-01-01,1515,full_judgment,mixed,revision_allowed,2625
2006_YLR_24,2006 YLR 24,"14	2006 YLR 24	ABDUL GHAFOOR VS DILDAR HUSSAIN - Honorable Justice Maulvi Anwarul Haq - Ch. Muhammad Siddique Safdar , Altaf Ibrahim Qureshi,2. Learned counsel for the petitioner contends with reference to the case of Mohamed Amin v. Jogendra Kumar B",Lahore High Court,2006-01-01,1074,full_judgment,mixed,revision_dismissed,2259
2006_YLR_2271,2006 YLR 2271,"772	2006 YLR 2271	ADAM SUGAR MILLS LTD. through Director VS SECRETARY FOOD, GOVERNMENT OF PUNJAB - Honorable Justice Muhammad Muzammal Khan - M. A. Zafar , Ch. Muhammad Suleman	LAHORE-HIGH-COURT-LAHORE",Lahore High Court,2006-01-01,1100,full_judgment,mixed,appeal_allowed,2218
2006_YLR_2282,2006 YLR 2282,"777	2006 YLR 2282	BOARD OF INTERMEDIATE AND SECONDARY EDUCATION, GUJRANWALA through Chairman VS ZEESHAN AHMAD - Honorable Justice Syed Sakhi Hussain Bokhari - Sh. Shahid Waheed , Respondent proceeded ex parte	LAHORE-HIGH-COURT-LAHORE",Lahore High Court,2006-01-01,1480,full_judgment,mixed,revision_allowed,1707
2006_YLR_2277,2006 YLR 2277,"775	2006 YLR 2277	PARKS AND HORTICULTURE AUTHORITY through Director-General VS ADDITIONAL DISTRICT JUDGE, LAHORE - Honorable Justice Syed Sakhi Hussain Bokhari - Syed Mumtaz Hussain Bukhari , Syed Kazim Bukhari with Ch. Zahoor Naqvi	LAHORE-HIGH-COURT",Lahore High Court,2006-01-01,1355,full_judgment,mixed,revision_allowed,1517
2006_YLR_2268,2006 YLR 2268,"771	2006 YLR 2268	KHURSHID AHMAD VS ABDUL RASHID NIZAMI - Honorable Justice Mian Hamid Farooq - Mian Sohail Ahmed , Nemo	LAHORE-HIGH-COURT-LAHORE",Lahore High Court,2006-01-01,1907,full_judgment,mixed,petition_allowed,3455
2006_YLR_2537,2006 YLR 2537,"872	2006 YLR 2537	ZAHEER AHMED CHAUDHRY VS CITY DISTRICT GOVERNMENT, KARACHI through Nazim-e-Ala - Honorable Justice MUHAMMAD MUJEEBULLAH SIDDIQUI - Yousuf Moulvi , Manzoor Ahmed	KARACHI-HIGH-COURT-SINDH",High Court of Sindh,2006-01-01,26053,full_judgment,mixed,petition_dismissed,9270
2006_YLR_2517,2006 YLR 2517,"871	2006 YLR 2517	Alhaj DIWAN BUKHTIAR SAID MUHAMMAD VS DIWAN MAUDOOD MASOOD - Honorable Justice Sh. Abdur Rashid - Ch. Mushtaq Ahmad Khan and A.D. Nasim , Abid Hassan Minto and Syed Afzal Haider Shah	LAHORE-HIGH-COURT-LAHORE",Lahore High Court,2006-01-01,11933,full_judgment,mixed,revision_dismissed,9812
2006_YLR_2472,2006 YLR 2472,"847	2006 YLR 2472	Mst. UMAT-UL-MUNIR VS FAYAZ AHMED KHAN through Legal Heirs - Honorable Justice Muhammad Sair Ali - Farooq Qureshi Chishti , S. M. Tayyab	LAHORE-HIGH-COURT-LAHORE",Supreme Court of Pakistan,2006-01-01,2231,full_judgment,mixed,revision_dismissed,2730
2006_YLR_2464,2006 YLR 2464,"844	2006 YLR 2464	ZULFIQAR ALI VS State - Honorable Justice SARDAR MUHAMMAD ASLAM - Ms. Irum Sajjad Gul , Ms. Safia Khatoon	LAHORE-HIGH-COURT-LAHORE",Lahore High Court,2006-01-01,732,full_judgment,mixed,appeal_dismissed,1228
2006_YLR_2151,2006 YLR 2151,"733	2006 YLR 2151	ARIF MASIH VS State - Honorable Justice Ijaz Ahmad Chaudhry - Akbar Munawar Durrani , Mian Abdul Qayyum Anjum	LAHORE-HIGH-COURT-LAHORE",Lahore High Court,2006-01-01,3196,full_judgment,mixed,appeal_allowed,1944
2006_YLR_2133,2006 YLR 2133,"731	2006 YLR 2133	Master NAZEER AHMAD VS State - Honorable Justice Muhammad Farrukh Mahmud - Sardar Ahmad Khan, Muhammad Shahid Khan, Hafiz Shahid Nadeem and Sardar Muhammad Shamim Khan , Ghazanfar Ali Khan	LAHORE-HIGH-COURT-LAHORE",Lahore High Court,2006-01-01,9036,full_judgment,mixed,unknown,3642
2006_YLR_2430,2006 YLR 2430,"829	2006 YLR 2430	ALI AGHZAR VS State - Honorable Justice MUHAMMAD FARRUKH MAHMUD - Muhammad Azam Tarrar , Malik Muhammad Aslam	LAHORE-HIGH-COURT-LAHORE",Lahore High Court,2006-01-01,4570,full_judgment,mixed,unknown,2605
2006_YLR_2451,2006 YLR 2451,"837	2006 YLR 2451	MUHAMMAD HUSSAIN VS MARIAM BIBI - Honorable Justice Jawwad S. Khawaja - Muhammad Suhail Dar , Shaukat Ali Mehr	LAHORE-HIGH-COURT-LAHORE",Supreme Court of Pakistan,2006-01-01,788,full_judgment,mixed,petition_allowed,1287
2006_YLR_2443,2006 YLR 2443,"833	2006 YLR 2443	SHAHBAZ AHMAD VS State - Honorable Justice Muhammad Farrukh Mahmud - Nemo , Sheikh Asif Hussain	LAHORE-HIGH-COURT-LAHORE",Lahore High Court,2006-01-01,1864,full_judgment,mixed,disposed_of,2248
2006_YLR_2723,2006 YLR 2723,"922	2006 YLR 2723	FAROOQ IMRAN VS Mst. HAFEEZ MUNIR through Special Attorney - Honorable Justice Mian Hamid Farooq - Nauman Qureshi , Dr. Khalid Ranjha	LAHORE-HIGH-COURT-LAHORE",Lahore High Court,2006-01-01,3379,full_judgment,mixed,appeal_dismissed,1910
2006_YLR_2716,2006 YLR 2716,"920	2006 YLR 2716	ABDUR REHMAN VS State - Honorable Justice ASIF SAEED KHAN KHOSA - Aftab Farrukh , Shahzad Saleem	LAHORE-HIGH-COURT-LAHORE",Lahore High Court,2006-01-01,2971,full_judgment,mixed,appeal_allowed,2694
2006_YLR_2735,2006 YLR 2735,"925	2006 YLR 2735	MUHAMMAD ASLAM through Legal Representatives VS MAHMOODA BEGUM alias Mst. MAHMOODA SABOOHI - Honorable Justice Muhammad Sair Ali - Ch. Imdad Ali , Ch. Mushtaq Ahmad Khan	LAHORE-HIGH-COURT-LAHORE",Lahore High Court,2006-01-01,5161,full_judgment,mixed,appeal_allowed,3624
2006_YLR_2713,2006 YLR 2713,"919	2006 YLR 2713	MUHAMMAD SAFDAR VS DIRECTOR ANTI-CORRUPTION ESTABLISHMENT, PUNJAB - Honorable Justice M. Bilal Khan - Ch. Muhammad Aslam Sandhu , Ch. Aamir Rehman, Addl.A.-G. assisted by Tanvir Ahmad Shami	LAHORE-HIGH-COURT-LAHORE",Lahore High Court,2006-01-01,2104,full_judgment,mixed,petition_dismissed,3284
2006_YLR_2709,2006 YLR 2709,"918	2006 YLR 2709	MUHAMMAD WAKEEL VS State - Honorable Justice Khawaja Muhammad Sharif - Rao Abdul Jabbar Khan , Ashfaq Ahmad Ch.	LAHORE-HIGH-COURT-LAHORE",Lahore High Court,2006-01-01,2062,full_judgment,mixed,disposed_of,2244
2006_YLR_2352,2006 YLR 2352,"797	2006 YLR 2352	MUHAMMAD ASLAM VS State - Honorable Justice MUHAMMAD FARRUKH MAHMUD - Munir Ahmad Bhatti and Mirza Abdullah Baig , Hashim Sabir Raja, A.A.-G. assisted by Qasim Ali	LAHORE-HIGH-COURT-LAHORE",Lahore High Court,2006-01-01,3551,full_judgment,mixed,unknown,2152
2006_YLR_2337,2006 YLR 2337,"792	2006 YLR 2337	Mst. ZEBA VS State - Honorable Justice Syed Sakhi Hussain Bukhari - Nadeem Siddique , Ch. Muhammad Suleman	LAHORE-HIGH-COURT-LAHORE",Lahore High Court,2006-01-01,2837,full_judgment,mixed,unknown,2453
2006_YLR_2346,2006 YLR 2346,"795	2006 YLR 2346	Dr. SEEMA MALIK VS GOVERNMENT OF PUNJAB through Secretary Planning and Development Department - Honorable Justice Sh. Abdul Rashid - Azam Nazir Tarar , Faisal Zaman and Najeeb Faisal	LAHORE-HIGH-COURT-LAHORE",Lahore High Court,2006-01-01,2781,full_judgment,mixed,petition_allowed,2335
2006_YLR_2332,2006 YLR 2332,"791	2006 YLR 2332	CHOHAN BROTHERS through Sole Proprietor VS NATIONAL TELECOMMUNICATIONS CORPORATION through Chairman - Honorable Justice Abdul Shakoor Paracha - Malik Shehzah A. Khan , Tariq Mahmood Mirza	LAHORE-HIGH-COURT-LAHORE",Lahore High Court,2006-01-01,2958,full_judgment,mixed,petition_allowed,2441
2006_YLR_2357,2006 YLR 2357,"798	2006 YLR 2357	ABDULLAH SHAIKH VS State - Honorable Justice Azizullah M. Memon - Muhammad Saleem Jessar , Mushtaq Ahmed Abbasi	KARACHI-HIGH-COURT-SINDH",High Court of Sindh,2006-01-01,1864,full_judgment,mixed,appeal_allowed,1707
2006_YLR_2341,2006 YLR 2341,"793	2006 YLR 2341	NAVEED AHMAD VS IQBAL BEGUM - Honorable Justice Jawwad S. Khawaja - Muhammad Sohail Bhatti , Mian Israr-ul-Haq	LAHORE-HIGH-COURT-LAHORE",Lahore High Court,2006-01-01,1439,full_judgment,mixed,revision_allowed,650
2006_YLR_256,2006 YLR 256,"78	2006 YLR 256	ALI BAAD KHAN VS State - Honorable Justice Muhammad Afzal Soomro - Raza Hashmi and Hassan Sabir , Sardaruddin Qureshi	KARACHI-HIGH-COURT-SINDH",High Court of Sindh,2006-01-01,5087,full_judgment,mixed,disposed_of,4894
2006_YLR_2579,2006 YLR 2579,"874	2006 YLR 2579	MUHAMMAD DIN alias MAHANA VS WAZIR ALI - Honorable Justice Mian Saqib Nisar - Sardar Qasim Ahmad AIi and Ch. Muhammad Luqman , Zahid Hussain Khan	LAHORE-HIGH-COURT-LAHORE",Lahore High Court,2006-01-01,1530,full_judgment,mixed,unknown,2148
2006_YLR_2589,2006 YLR 2589,"877	2006 YLR 2589	MEHTAB RAZA VS ADDITIONAL DISTRICT JUDGE, JHANG - Honorable Justice Muhammad Muzammal Khan - Munir Ahmad Khan Zai , Syed Sarfraz Hussain Gillani	LAHORE-HIGH-COURT-LAHORE",Lahore High Court,2006-01-01,1201,full_judgment,mixed,petition_dismissed,2163
2006_YLR_2582,2006 YLR 2582,875	2006 YLR 2582	ABD ULLAH VS NAILA ASLAM - Honorable Justice Muhammad Muzammal Khan - Rana Muhammad Saleem Akhtar	LAHORE-HIGH-COURT-LAHORE,Supreme Court of Pakistan,2006-01-01,1256,full_judgment,mixed,petition_dismissed,1771
2006_YLR_2594,2006 YLR 2594,"879	2006 YLR 2594	ABDUL MAJEED KHAN VS SENIOR MEMBER, BOARD OF REVENUE, PUNJAB, LAHORE - Honorable Justice Muhammad Muzammal Khan - Petitioner in Person.	LAHORE-HIGH-COURT-LAHORE",Lahore High Court,2006-01-01,906,full_judgment,mixed,petition_dismissed,1980
2006_YLR_2107,2006 YLR 2107,"723	2006 YLR 2107	MUHAMMAD HUSSAIN VS MUHAMMAD NAWAZ - Honorable Justice Abdul Shakoor Paracha - Ch. Muhammad Rafiq Warraich , Muhammad Yaqub Pannu	LAHORE-HIGH-COURT-LAHORE",Lahore High Court,2006-01-01,1901,full_judgment,mixed,appeal_dismissed,1615
2006_YLR_2128,2006 YLR 2128,"729	2006 YLR 2128	MUHAMMAD IQBAL VS State - Honorable Justice KHAWAJA MUHAMMAD SHARIF - Balakh Sher Khosa , Sheikh Imtiaz	LAHORE-HIGH-COURT-LAHORE",Lahore High Court,2006-01-01,2056,full_judgment,mixed,appeal_dismissed,1781
2006_YLR_2116,2006 YLR 2116,"725	2006 YLR 2116	MUHAMMAD BILAL VS State - Honorable Justice Ijaz Ahmad Chaudhry - Ghulam Asghar Qadiri , Shoaib Zafar	LAHORE-HIGH-COURT-LAHORE",Lahore High Court,2006-01-01,2952,full_judgment,mixed,disposed_of,2261
2006_YLR_2111,2006 YLR 2111,"724	2006 YLR 2111	LAND ACQUISITION COLLECTOR, WAPDA SCARP VS MUHAMMAD ISMAIL - Honorable Justice SH. HAKIM ALI - Muhammad Ozair Chughtai , Raja Muhammad Sohail Iftikhar	LAHORE-HIGH-COURT-LAHORE",Supreme Court of Pakistan,2006-01-01,3097,full_judgment,mixed,appeal_allowed,3289
2006_YLR_2123,2006 YLR 2123,"727	2006 YLR 2123	MAQBOOL AHMED SHAIKH VS State - Honorable Justice Nadeem Azhar Siddiqui - Asif Ali Abdul Razak Soomro , Muhammad Ismail Bhutto	KARACHI-HIGH-COURT-SINDH",Supreme Court of Pakistan,2006-01-01,1179,full_judgment,mixed,disposed_of,1867
2006_YLR_2767,2006 YLR 2767,"932	2006 YLR 2767	NADEEM AKHTAR VS ELECTION TRIBUNAL - Honorable Justice Syed Shabbar Raza Rizvi - Sh. Zameer Hussain , Maqbool Elahi Malik and Razzaq A. Mirza	LAHORE-HIGH-COURT-LAHORE",Lahore High Court,2006-01-01,1784,full_judgment,mixed,petition_dismissed,2684
2006_YLR_2763,2006 YLR 2763,930	2006 YLR 2763	Mst. MADIHA SULTANA VS MUHAMMAD SHARIF - Honorable Justice Syed Shabbar Raza Rizvi - Kanzus Saadat Siddique	LAHORE-HIGH-COURT-LAHORE,Supreme Court of Pakistan,2006-01-01,883,full_judgment,mixed,disposed_of,1353
2006_YLR_2779,2006 YLR 2779,"939	2006 YLR 2779	MUHAMMAD IQBAL VS KHURSHID AHMAD PERVAIZ - Honorable Justice Abdul Shakoor Paracha - Rana Muhammad Anwar and Rana Abdul Hamid , Rana Abdul Rahim Khan	LAHORE-HIGH-COURT-LAHORE",Lahore High Court,2006-01-01,4138,full_judgment,mixed,revision_allowed,3722
2006_YLR_2776,2006 YLR 2776,"937	2006 YLR 2776	SULTAN MAHMOOD VS HOUSE BUILDING FINANCE CORPORATION, through District Manager - Honorable Justice Sardar Muhammad Aslam - A. G. Tariq Chaudhary , Muhammad Ramzan Chaudhary	LAHORE-HIGH-COURT-LAHORE",Lahore High Court,2006-01-01,1171,full_judgment,mixed,appeal_allowed,1446
2006_YLR_2787,2006 YLR 2787,"940	2006 YLR 2787	Ch. ABDUL MAJID VS SHAHID alias SHADI - Honorable Justice Khawaja Muhammad Sharif - Ms. Erum Sajjad Gul , Ch. Saeed Ahmad	LAHORE-HIGH-COURT-LAHORE",Supreme Court of Pakistan,2006-01-01,3327,full_judgment,mixed,unknown,4141
2006_YLR_2623,2006 YLR 2623,"889	2006 YLR 2623	ARSHAD AHMAD VS MUHAMMAD SHARIF - Honorable Justice Muhammad Muzammal Khan - Mrs. Rizwana Anjum Mufti , Khan Muhammad Bajwa	LAHORE-HIGH-COURT-LAHORE",Lahore High Court,2006-01-01,2596,full_judgment,mixed,appeal_allowed,3931
2006_YLR_2607,2006 YLR 2607,"882	2006 YLR 2607	MUHAMMAD ASLAM VS MUHAMMAD ANWAR - Honorable Justice Maulvi Anwarul Haq - Mian Mushtaq Ahmad , Muhammad Iqbal Khan	LAHORE-HIGH-COURT-LAHORE",Lahore High Court,2006-01-01,3303,full_judgment,mixed,revision_allowed,2622
2006_YLR_2622,2006 YLR 2622,"888	2006 YLR 2622	ABDUL HAMID VS MUNAZA FAKHAR - Honorable Justice Jawwad S. Khawaja - Ch. Hafeez Ahmad , Syed Farooq Hassan Naqvi	LAHORE-HIGH-COURT-LAHORE",Lahore High Court,2006-01-01,908,full_judgment,mixed,revision_allowed,1850
2006_YLR_2604,2006 YLR 2604,"881	2006 YLR 2604	Ms. QURATULAIN ALEEM VS MUHAMMAD REHAN KAHN - Honorable Justice Mrs. Yasmin Abbasey - Anwar Hussain , Badrul Alam	KARACHI-HIGH-COURT-SINDH",High Court of Sindh,2006-01-01,1756,full_judgment,mixed,appeal_dismissed,2677
2006_YLR_2311,2006 YLR 2311,"785	2006 YLR 2311	Haji KHALID MAHMOOD VS ABDUL HAMID - Honorable Justice Sheikh Azmat Saeed - Abdul Waheed Butt , Mian Muzaffar Hussain	LAHORE-HIGH-COURT-LAHORE",Lahore High Court,2006-01-01,2745,full_judgment,mixed,unknown,4297
2006_YLR_2317,2006 YLR 2317,"787	2006 YLR 2317	KHURSHID BIBI VS Rana MUHAMMD YAQOOB - Honorable Justice Sh. Abdul Rashid - Muhammad Ghani , Abdus Saboor Khan	LAHORE-HIGH-COURT-LAHORE",Lahore High Court,2006-01-01,2670,full_judgment,mixed,appeal_allowed,1689
2006_YLR_2323,2006 YLR 2323,"789	2006 YLR 2323	UMAR DIN VS ANJUMAN MASJID HANFIA GHOUSIA, OKARA through President - Honorable Justice Syed Hamid Ali Shah - Rao Jalal-ud-Din , Mian Muhammad Hanif	LAHORE-HIGH-COURT-LAHORE",Lahore High Court,2006-01-01,1927,full_judgment,mixed,revision_dismissed,1410
2006_YLR_2744,2006 YLR 2744,"926	2006 YLR 2744	Molvi TAJ-UD-DIN VS CHIEF ELECTION COMMISSIONER, ISLAMABAD - Honorable Justice SALIM KHAN - Barrister Masood Kausar , D.A.-G along with Sher Afghan D.E.C., H. Division, Saifur Rehman, Assistant and Sardar Nasir Aslam Khan	PESHAWAR-H",Peshawar High Court,2006-01-01,6965,full_judgment,mixed,petition_allowed,6208
2006_YLR_2756,2006 YLR 2756,"927	2006 YLR 2756	MUHAMMAD IQBAL VS State - Honorable Justice ASIF SAEED KHAN KHOSA - Mian Abdul Qayyum Anjum , M. Najam-uz-Zagib Raj	LAHORE-HIGH-COURT-LAHORE",Lahore High Court,2006-01-01,1086,full_judgment,mixed,appeal_dismissed,2335
2006_YLR_273,2006 YLR 273,"81	2006 YLR 273	Ch. MUMTAZ KHAN, EX-MANAGER CANTT. BOARD BRANCH, NATIONAL BANK OF PAKISTAN, RAWALPINDI VS State - Honorable Justice Ch. Ijaz Ahmad - Khakan Babar , Tariq Shamim	LAHORE-HIGH-COURT-LAHORE",Supreme Court of Pakistan,2006-01-01,2814,full_judgment,mixed,petition_allowed,4977
2006_YLR_2689,2006 YLR 2689,"912	2006 YLR 2689	MUHAMMAD RAFIQUE VS LIAQAT ALI - Honorable Justice Muhammad Sair Ali - Shaukat Haroon , Mian Shahid Iqbal	LAHORE-HIGH-COURT-LAHORE",Lahore High Court,2006-01-01,2517,full_judgment,mixed,appeal_allowed,3584
2006_YLR_269,2006 YLR 269,"80	2006 YLR 269	Messrs TRADING CORPORATION OF PAKISTAN VS CITY DISTRICT GOVERNMENT, KARACHI - Honorable Justice Amir Hani Muslim - Syed Mamnoon Hassan , Manzoor Ahmed	KARACHI-HIGH-COURT-SINDH",High Court of Sindh,2006-01-01,2474,full_judgment,mixed,unknown,2825
2006_YLR_26,2006 YLR 26,"15	2006 YLR 26	IMAM BAKHSH VS SADIQ HUSSAIN, S.H.O. - Honorable Justice Ijaz Ahmad Chaudhry - Petitioner in person. , Haji Muhammad Aslam Malik	LAHORE-HIGH-COURT-LAHORE",Lahore High Court,2006-01-01,1139,full_judgment,mixed,revision_allowed,1977
2006_YLR_2829,2006 YLR 2829,"954	2006 YLR 2829	RAHIM SHAH VS DIN MUHMMAD through Legal Heirs - Honorable Justice Muhammad Sayeed Akhtar - Ghulam Nabi Bhatti , Ch. Ilyas Kamal	LAHORE-HIGH-COURT-LAHORE",Lahore High Court,2006-01-01,1778,full_judgment,mixed,revision_allowed,1807
2006_YLR_2821,2006 YLR 2821,951	2006 YLR 2821	MUHAMMAD YOUSAF KHAN VS State - Honorable Justice Ijaz Ahmad Chaudltry - M. A. Zafar	LAHORE-HIGH-COURT-LAHORE,Lahore High Court,2006-01-01,1715,full_judgment,mixed,revision_dismissed,2490
2006_YLR_2832,2006 YLR 2832,"955	2006 YLR 2832	MUMTAZ alias TAJU VS State - Honorable Justice Muhammad Nawaz Bhatti - Altaf Ibrahim Qureshi , Raja Sultan Khurram uz Zaman	LAHORE-HIGH-COURT-LAHORE",Lahore High Court,2006-01-01,3837,full_judgment,mixed,appeal_allowed,2442
2006_YLR_2816,2006 YLR 2816,"949	2006 YLR 2816	Malik GHULAM AKBAR KHAN VS State - Honorable Justice Zia Pervaiz - Rana Ikramullah and I.A. Hashmi , Suhail Jabbar	KARACHI-HIGH-COURT-SINDH",High Court of Sindh,2006-01-01,1841,full_judgment,mixed,unknown,886
2006_YLR_2838,2006 YLR 2838,"956	2006 YLR 2838	KHADIM HUSAIN KHOKHAR VS CHAIRMAN, NAB - Honorable Justice AZIZULLAH M. MEMON - Syed Sarfaraz Ahmed , Shafaat Nabi Khan Sherwani	KARACHI-HIGH-COURT-SINDH",High Court of Sindh,2006-01-01,2583,full_judgment,mixed,petition_dismissed,1304
2006_YLR_2652,2006 YLR 2652,898	2006 YLR 2652	MUHAMMAD ASHRAF VS State - Honorable Justice MIAN MUHAMMAD NAJUM,Lahore High Court,2006-01-01,1858,full_judgment,mixed,unknown,1748
2006_YLR_2638,2006 YLR 2638,"893	2006 YLR 2638	SADDAR DIN VS MEHBOOB ELAHI - Honorable Justice Muhammad Jehangir Arshad - Ch. Muhammad Afzal Pansota , Behram Khan	LAHORE-HIGH-COURT-LAHORE",Lahore High Court,2006-01-01,2397,full_judgment,mixed,appeal_allowed,2497
2006_YLR_2634,2006 YLR 2634,"892	2006 YLR 2634	MAZHAR NAWAZ KHAN BABAR VS SECRETARY, HOME DEPARTMENT, GOVERNMENT OF PUNJAB - Honorable Justice Maulvi Anwarul Haq - Ahmad Nadeem Chandia , Haji M. Aslam Malik	LAHORE-HIGH-COURT-LAHORE",Lahore High Court,2006-01-01,1933,full_judgment,mixed,disposed_of,1142
2006_YLR_2628,2006 YLR 2628,"890	2006 YLR 2628	SARDAR ALI through Legal Representatives VS Major GHULAM HAIDER KHAN NIAZI through Legal Representatives - Honorable Justice Mian Saqib Nisar - Ch. Khurshid Ahmad , Rana Amir Ahmad Khan	LAHORE-HIGH-COURT-LAHORE",Supreme Court of Pakistan,2006-01-01,2127,full_judgment,mixed,appeal_allowed,2563
2006_YLR_2646,2006 YLR 2646,"895	2006 YLR 2646	MUHAMMAD SARWAR VS State - Honorable Justice Khawaja Muhammad Sharif - Muhammad Yar Khan Daha , Abdul Qayyum Anjum	LAHORE-HIGH-COURT-LAHORE",Lahore High Court,2006-01-01,1295,full_judgment,mixed,appeal_allowed,981
2006_YLR_2642,2006 YLR 2642,"894	2006 YLR 2642	MUHAMMAD SADIQ VS State - Honorable Justice SHEIKH AZMAT SAEED - Amjad Ali Chathha , Bashir Ahmed Gill	LAHORE-HIGH-COURT-LAHORE",Lahore High Court,2006-01-01,2125,full_judgment,mixed,appeal_allowed,1525
2006_YLR_2671,2006 YLR 2671,"904	2006 YLR 2671	MUHAMMAD SALEEM KHAN VS State - Honorable Justice MUHAMMAD FARRUKH MAHMUD - Khawaja Sultan Ahmad , Kazim Ali Bhangoo",Lahore High Court,2006-01-01,2817,full_judgment,mixed,unknown,1748
2006_YLR_2663,2006 YLR 2663,"902	2006 YLR 2663	SANA ULLAH VS State - Honorable Justice KHAWAJA MUHAMMAD SHARIF - Syed Zahid Hussain Bukhari , A.H. Masood	LAHORE-HIGH-COURT-LAHORE",Lahore High Court,2006-01-01,3501,full_judgment,mixed,unknown,2237
2006_YLR_265,2006 YLR 265,"79	2006 YLR 265	MUHAMMAD SHABBIR VS Malik IMRAN SHAHBAZ, RETURNING OFFICER, UNION COUNCILS - Honorable Justice Syed Shabbar Raza Rizvi - M. Dilawar Mahmood , Azam Nazir Tarrar	LAHORE-HIGH-COURT-LAHORE",Lahore High Court,2006-01-01,2437,full_judgment,mixed,petition_allowed,2397
2006_YLR_2668,2006 YLR 2668,"903	2006 YLR 2668	HASSAN RAZA alias TAIDI VS State - Honorable Justice ALI NAWAZ CHOWHAN - Aftab Ahmad Bajwa and Sher Afghan Asadi , Sardar Zahid Gul Khan	LAHORE-HIGH-COURT-LAHORE",Lahore High Court,2006-01-01,1365,full_judgment,mixed,unknown,1484
2006_YLR_2361,2006 YLR 2361,"799	2006 YLR 2361	SHABBIR HUSSAIN VS State - Honorable Justice MUHAMMAD FARRUKH MAHMUD - Sardar Khurram Latif Khan Khosa , Imtiaz Ahmad Chaudhry	LAHORE-HIGH-COURT-LAHORE",Lahore High Court,2006-01-01,2172,full_judgment,mixed,appeal_dismissed,2179
2006_YLR_2373,2006 YLR 2373,"804	2006 YLR 2373	KHALID HUSSAIN VS State - Honorable Justice Muhammad Mujeebullah Siddiqui - Roashan Ali Solangi , Muhammad Ismail Bhutto	KARACHI-HIGH-COURT-SINDH",High Court of Sindh,2006-01-01,1829,full_judgment,mixed,unknown,1890
2006_YLR_2376,2006 YLR 2376,"805	2006 YLR 2376	ASMAT ULLAH alias BILLA PATHAN VS State - Honorable Justice ASIF SAEED KHAN KHOSA - Arshad Nazir Mirza , Sohail Tariq	LAHORE-HIGH-COURT-LAHORE",Lahore High Court,2006-01-01,1240,full_judgment,mixed,unknown,2429
2006_YLR_2366,2006 YLR 2366,"801	2006 YLR 2366	ABBAS ALI VS State - Honorable Justice Mian Muhammad Najam-uz- Zaman - Sh. Muhammad Iqbal Nasir , Sohail Tariq	LAHORE-HIGH-COURT-LAHORE",Lahore High Court,2006-01-01,523,full_judgment,mixed,appeal_allowed,1182
2006_YLR_2364,2006 YLR 2364,"800	2006 YLR 2364	Mst. GUL FAREEN VS AHMED NAWAZ - Honorable Justice SALIM KHAN - Fazal-e-Gul Khan , Muhammad Asim Khan	PESHAWAR-HIGH-COURT",Supreme Court of Pakistan,2006-01-01,1106,full_judgment,mixed,appeal_dismissed,2270
2006_YLR_2378,2006 YLR 2378,"806	2006 YLR 2378	MUHAMMAD ABBAS VS State - Honorable Justice ASIF SAEED KHAN KHOSA - Chaudhry Tariq Javed , Chaudhry Imitaz Ahmad	LAHORE-HIGH-COURT-LAHORE",Lahore High Court,2006-01-01,1135,full_judgment,mixed,appeal_allowed,1672
2006_YLR_2912,2006 YLR 2912,"987	2006 YLR 2912	MUHAMMAD HUSSAIN VS State - Honorable Justice ALI NAWAZ CHOWHAN - Muhammad Waseem , Mirza Abdullah Baig	LAHORE-HIGH-COURT-LAHORE",Lahore High Court,2006-01-01,2573,full_judgment,mixed,appeal_dismissed,1718
2006_YLR_2927,2006 YLR 2927,"991	2006 YLR 2927	RASHID AMUDALA VS State - Honorable Justice ALI NAWAZ CHOWHAN - Aftab Ahmad Bajwa , Rao Sharif	LAHORE-HIGH-COURT-LAHORE",Lahore High Court,2006-01-01,650,full_judgment,mixed,disposed_of,801
2006_YLR_2933,2006 YLR 2933,"993	2006 YLR 2933	NASIR MAHMOOD VS Agha MUHAMMAD SIDDIQUE - Honorable Justice Mian Hamid Farooq and Syed Hamid Ali Shah - Mian Muhammad Waheed Akhtar , Zafar Iqbal Chowhan	LAHORE-HIGH-COURT-LAHORE",Lahore High Court,2006-01-01,521,full_judgment,mixed,disposed_of,1192
2006_YLR_2925,2006 YLR 2925,"990	2006 YLR 2925	GULSHAN ARA VS State - Honorable Justice SARDAR MUHAMMAD ASLAM - Azmat Ullah Warraich , Ch. Imtiaz Ahmad	LAHORE-HIGH-COURT-LAHORE",Lahore High Court,2006-01-01,1000,full_judgment,mixed,appeal_dismissed,1575
2006_YLR_2969,2006 YLR 2969,"1011	2006 YLR 2969	SHAMIM alias TANVIR VS State - Honorable Justice SH. AZMAT SAEED - Ms. Sabahat Rizvi , Zaheer ud Din Babar	LAHORE-HIGH-COURT-LAHORE",Lahore High Court,2006-01-01,1394,full_judgment,mixed,appeal_dismissed,1319
2006_YLR_2975,2006 YLR 2975,"1014	2006 YLR 2975	AMANULLAH VS MUHAMMAD SALEEM - Honorable Justice Maulvi Anwarul Haq - Taqi Ahmad Khan , Rana Zulfiqar Ali Khan	LAHORE-HIGH-COURT-LAHORE",Lahore High Court,2006-01-01,1136,full_judgment,mixed,revision_allowed,1652
2006_YLR_2960,2006 YLR 2960,"1008	2006 YLR 2960	MUHAMMAD ASHFAQ VS State - Honorable Justice ALI NAWAZ CHOWHAN - Muzaffar Ahmed Mian , Muhammad Sharif	LAHORE-HIGH-COURT-LAHORE",Lahore High Court,2006-01-01,1773,full_judgment,mixed,appeal_dismissed,1781
2006_YLR_2963,2006 YLR 2963,"1009	2006 YLR 2963	MUHAMMAD ASLAM alias TADY VS State - Honorable Justice Khawaja Muhammad Sharif - Muhammad Ahsan Bhoon , Nemo	LAHORE-HIGH-COURT-LAHORE",Lahore High Court,2006-01-01,2558,full_judgment,mixed,unknown,1684
2006_YLR_2979,2006 YLR 2979,"1016	2006 YLR 2979	MUHAMMAD RASHID VS State - Honorable Justice IJAZ AHMAD CHAUDHRY - Mansoor-ur-Rehman Khan Afradi , Ch. Muhammad Sharif	LAHORE-HIGH-COURT-LAHORE",Lahore High Court,2006-01-01,3407,full_judgment,mixed,appeal_allowed,752
2006_YLR_2972,2006 YLR 2972,"1012	2006 YLR 2972	M. ASLAM VS State - Honorable Justice Sh. Abdul Rashid and M. Bilal Khan - Zafar Iqbal Chohan , Abdul Haq Awan	LAHORE-HIGH-COURT-LAHORE",Supreme Court of Pakistan,2006-01-01,806,full_judgment,mixed,unknown,1567
2006_YLR_2881,2006 YLR 2881,"973	2006 YLR 2881	MUHAMMAD ASLAM VS Messrs PACIFIC TEXTILE INDUSTRIES - Honorable Justice ANWAR ZAHEER JAMALI - Ms. Fauzia Rasheed , Chaudhary Rasheed Ahmed	KARACHI-HIGH-COURT-SINDH",Supreme Court of Pakistan,2006-01-01,968,full_judgment,mixed,unknown,1227
2006_YLR_2877,2006 YLR 2877,"972	2006 YLR 2877	SUALEEN VS State - Honorable Justice Khawaja Muhammad Sharif - Muhammad Arif Raja , Sh. Mumtaz Ali	LAHORE-HIGH-COURT-LAHORE",Supreme Court of Pakistan,2006-01-01,2349,full_judgment,mixed,unknown,2284
2006_YLR_2885,2006 YLR 2885,"975	2006 YLR 2885	Mst. ZARINA FATIMA VS Syed ABDUL MUSSAWWIR SHAH - Honorable Justice Muhammad Afzal Soomro - Shehenshah Hussain , Nasir Mehmood	KARACHI-HIGH-COURT-SINDH",High Court of Sindh,2006-01-01,1207,full_judgment,mixed,unknown,1500
2006_YLR_286,2006 YLR 286,"85	2006 YLR 286	GHULAM AKBAR VS RIAZ alias RIAZI - Honorable Justice Ijaz Ahmad Chaudhry - Ch. Muhammad Siddique Safdar , Ch. Muhammad Atif Murtaza	LAHORE-HIGH-COURT-LAHORE",Lahore High Court,2006-01-01,2191,full_judgment,mixed,revision_dismissed,2182
2006_YLR_2887,2006 YLR 2887,"976	2006 YLR 2887	Mst. BASHIRAN BIBI VS State - Honorable Justice Khawaja Muhammad Sharif - Mian Liaqat Ali and Kh. Fabir Ejaz , Sh. Khalid Habib	LAHORE-HIGH-COURT-LAHORE",Lahore High Court,2006-01-01,1287,full_judgment,mixed,appeal_allowed,1296
2006_YLR_2504,2006 YLR 2504,"864	2006 YLR 2504	WISAL MUHAMMAD VS State - Honorable Justice Ijaz-ul-Hassan Khan - Saitullah Khan Khattak , Ilyas Ahmad Qureshi	PESHAWAR-HIGH-COURT",Peshawar High Court,2006-01-01,2016,full_judgment,mixed,appeal_dismissed,3822
2006_YLR_2515,2006 YLR 2515,"870	2006 YLR 2515	MUHAMMAD ALI VS AHMAD YAR - Honorable Justice Jawwad S. Khawaja - Mian Abu-ul-Hassan , Arshad Ali Chohan	LAHORE-HIGH-COURT-LAHORE",Lahore High Court,2006-01-01,1116,full_judgment,mixed,revision_allowed,796
2006_YLR_2503,2006 YLR 2503,"863	2006 YLR 2503	MUHAMMAD IBRAHIM VS RIAZ AHMAD - Honorable Justice Jawwad S. Khawaja - Shaukat Ali Mehr , Mian Muhammad Athar	LAHORE-HIGH-COURT-LAHORE",Lahore High Court,2006-01-01,853,full_judgment,mixed,revision_allowed,1411
2006_YLR_2508,2006 YLR 2508,"865	2006 YLR 2508	Mst. FARZANA VS S.H.O., POLICE STATION, SAKRAND - Honorable Justice Munib Ahmad Khan - Ms. Kaneez Fatima Shaikh , Mr. Thari	KARACHI-HIGH-COURT-SINDH",Supreme Court of Pakistan,2006-01-01,514,full_judgment,mixed,unknown,1256
2006_YLR_298,2006 YLR 298,"88	2006 YLR 298	SHAHID AZIZ KIANI VS ELECTION COMMISSION OF PAKISTAN through Secretary - Honorable Justice Muhammad Akhtar Shabbir - Sardar Muhammad Latif Khan Khosa , Majeeb-ur-Rahman Kayani	LAHORE-HIGH-COURT-LAHORE",Lahore High Court,2006-01-01,3158,full_judgment,mixed,petition_dismissed,2310
2006_YLR_2,2006 YLR 2,"2	2006 YLR 2	SHAH NAWAZ BAJWA VS State - Honorable Justice M. Bilal Khan - Muhammad Akbar Cheema , Ch. Muhammad Siddique	LAHORE-HIGH-COURT-LAHORE",Supreme Court of Pakistan,2006-01-01,893,full_judgment,mixed,unknown,1687
2006_YLR_2996,2006 YLR 2996,"1025	2006 YLR 2996	MUHAMMAD ANWAR VS State - Honorable Justice Ijaz Ahmad Chaudhry - Muhammad Ahsan Bhoon , Shahid Naeem Mirza	LAHORE-HIGH-COURT-LAHORE",Supreme Court of Pakistan,2006-01-01,1248,full_judgment,mixed,unknown,1855
2006_YLR_3001,2006 YLR 3001,"1028	2006 YLR 3001	SHAUKAT ALI VS State - Honorable Justice Khawaja Muhammad Sharif - Siddique Ahmad Ch. , S.D. Qureshi	LAHORE-HIGH-COURT-LAHORE",Lahore High Court,2006-01-01,1575,full_judgment,mixed,appeal_allowed,1616
2006_YLR_2998,2006 YLR 2998,"1026	2006 YLR 2998	MUHAMMAD RAMZAN VS State - Honorable Justice Sardar Muhammad Aslam - Ch. Mushtaq Saleem , Ch. Jehangir Wahlah	LAHORE-HIGH-COURT-LAHORE",Supreme Court of Pakistan,2006-01-01,657,full_judgment,mixed,petition_dismissed,1250
2006_YLR_3088,2006 YLR 3088,"1064	2006 YLR 3088	MANU alias MANTHAR VS State - Honorable Justice Mrs. Qaisar Iqbal - Khadim Hussain D.Solangi , Rasheed A. Qureshi	KARACHI-HIGH-COURT-SINDH",High Court of Sindh,2006-01-01,854,full_judgment,mixed,unknown,1458
2006_YLR_3074,2006 YLR 3074,"1060	2006 YLR 3074	MUHAMMAD AFZAL VS PAKISTAN INTERNATIONAL AIRLINES CORPORATION - Honorable Justice ANWAR ZAHEER JAMALI - Qamar Abbas , Amir Malik	KARACHI-HIGH-COURT-SINDH",High Court of Sindh,2006-01-01,4399,full_judgment,mixed,unknown,1785
2006_YLR_3070,2006 YLR 3070,"1059	2006 YLR 3070	Mst. KAUSAR BIBI VS State - Honorable Justice KHAWAJA MUHAMMAD SHARIF - Nadeem Siddiqui , Ashfaq Ahmad Ch.	LAHORE-HIGH-COURT-LAHORE",Lahore High Court,2006-01-01,3115,full_judgment,mixed,unknown,1491
2006_YLR_3089,2006 YLR 3089,"1065	2006 YLR 3089	SAIFULLAH VS State - Honorable Justice Ijaz Ahmad Chaudhry - Kh. Basit Waheed and Rai Haider Ali Khan Kharal , Muhammad Azam, Mian Abdul Qayyum Anjum and Abdul Majeed Chishti	LAHORE-HIGH-COURT-LAHORE",Supreme Court of Pakistan,2006-01-01,3286,full_judgment,mixed,appeal_allowed,2878
2006_YLR_2804,2006 YLR 2804,"944	2006 YLR 2804	MUHAMMAD USMAN VS State - Honorable Justice ALI NAWAZ CHOWHAN - Rab Nawaz Noon , Tanveer Iqbal	LAHORE-HIGH-COURT-LAHORE",Lahore High Court,2006-01-01,1933,full_judgment,mixed,disposed_of,1480
2006_YLR_2797,2006 YLR 2797,942	2006 YLR 2797	Mirza MUHAMMAD IQBAL BAIG VS FEDERATION OF PAKISTAN - Honorable Justice Khawaja Muhammad Sharif - Khawaja Haris Ahmad	LAHORE-HIGH-COURT-LAHORE,Lahore High Court,2006-01-01,2016,full_judgment,mixed,petition_allowed,4159
2006_YLR_279,2006 YLR 279,"83	2006 YLR 279	ALLAH WASAYYA TEXTILE AND FINISHING MILLS LTD. through Director VS GOVERNMENT OF PUNJAB through Secretary, Agriculture Department, Lahore - Honorable Justice Maulvi Anwarul Haq - Mian Ahmad Mahmood , Zafar Ullah Khan Khakwani	LAHORE-H",Lahore High Court,2006-01-01,1991,full_judgment,mixed,petition_dismissed,4259
2006_YLR_2793,2006 YLR 2793,"941	2006 YLR 2793	AMEER ALI VS State - Honorable Justice Muhammad Farrukh Mahmud - Abdul Sattar Zafar and Sardar Muhammad Aslam Afghan , Ghazanfar Ali Khan	LAHORE-HIGH-COURT-LAHORE",Supreme Court of Pakistan,2006-01-01,2340,full_judgment,mixed,appeal_allowed,2553
2006_YLR_2801,2006 YLR 2801,943	2006 YLR 2801	MUHAMMAD NAEEM SHAH VS State - Honorable Justice MIAN MUHAMMAD NAJAM-,Lahore High Court,2006-01-01,1468,full_judgment,mixed,unknown,462
2006_YLR_278,2006 YLR 278,"82	2006 YLR 278	BAKHT HUSSAIN VS State - Honorable Justice Anwar Zaheer Jamali - Syed Madad Ally Shah , Massod A. Noorani	KARACHI-HIGH-COURT-SINDH",High Court of Sindh,2006-01-01,555,full_judgment,mixed,unknown,1541
2006_YLR_3036,2006 YLR 3036,"1044	2006 YLR 3036	NOOR alias NOORA VS State - Honorable Justice SARDAR MUHAMMAD ASLAM - Khalid Aseer Chaudhary , Shawar Khilji	LAHORE-HIGH-COURT-LAHORE",Supreme Court of Pakistan,2006-01-01,1576,full_judgment,mixed,appeal_dismissed,1136
2006_YLR_3039,2006 YLR 3039,"1045	2006 YLR 3039	MUHAMMAD FAISAL VS State - Honorable Justice ASIF SAEED KHAN KHOSA - Muhammad Asif Ranjha , M. Tounas Rana	LAHORE-HIGH-COURT-LAHORE",Supreme Court of Pakistan,2006-01-01,1396,full_judgment,mixed,unknown,3563
2006_YLR_3031,2006 YLR 3031,"1043	2006 YLR 3031	LIAQUAT ALI VS State - Honorable Justice ASIF SAEED KHAN KHOSA - Miss Ruby Hayat Awan , Syed Afzal Hussain Jaffery	LAHORE-HIGH-COURT-LAHORE",Lahore High Court,2006-01-01,2573,full_judgment,mixed,appeal_dismissed,1858
2006_YLR_3022,2006 YLR 3022,"1039	2006 YLR 3022	ABDUL QADIR VS State - Honorable Justice Nadeem Azhar Siddiqi - Jai Jai Veshnu Mange Ram , Muhammad Ismail Bhutto	KARACHI-HIGH-COURT-SINDH",High Court of Sindh,2006-01-01,897,full_judgment,mixed,unknown,1284
2006_YLR_3024,2006 YLR 3024,"1040	2006 YLR 3024	HAQ NAWAZ VS BASHIR AHMAD - Honorable Justice Maulvi Anwarul Haq - Syed Arshad Hussain Jafferi , Muhammad Zafar Khan Sial	LAHORE-HIGH-COURT-LAHORE",Supreme Court of Pakistan,2006-01-01,2229,full_judgment,mixed,petition_allowed,4183
2006_YLR_3028,2006 YLR 3028,"1041	2006 YLR 3028	REFERENCE BY THE PRESIDENT OF THE ISLAMIC REPUBLIC OF PAKISTAN VS REFERENCE BY THE PRESIDENT OF THE ISLAMIC REPUBLIC OF PAKISTAN - Honorable Justice Munir A. Sheikh - M.B. Zaman, Senior Advocate Supreme Court, Sh. Abdul Manan	LAHOR",Supreme Court of Pakistan,2006-01-01,737,full_judgment,mixed,unknown,2344
2006_YLR_3009,2006 YLR 3009,"1032	2006 YLR 3009	GHULAM QADIR VS State - Honorable Justice Sh. Abdur Rashid and M. Bilal Khan - Ahmad Awais Khurram , Rana Amir Ahmad, A.A.-G. assisted by Muhammad Naveed Shabbir Goraya	LAHORE-HIGH-COURT-LAHORE",Supreme Court of Pakistan,2006-01-01,628,full_judgment,mixed,unknown,1438
2006_YLR_3029,2006 YLR 3029,"1042	2006 YLR 3029	MUMTAZ ALI VS State - Honorable Justice Nadeem Azhar Siddiqi - Ali Nawaz Ghanghro , Mushtaq Ahmed Abbasi	KARACHI-HIGH-COURT-SINDH",High Court of Sindh,2006-01-01,1106,full_judgment,mixed,unknown,1944
2006_YLR_3057,2006 YLR 3057,"1054	2006 YLR 3057	IJAZ AHMAD VS State - Honorable Justice Sardar Muhammad Aslam - Raja Muhammad Anwar , M. Akbar Tarar, Add.A.-G. assisted by Miss Kubra Gilani	LAHORE-HIGH-COURT-LAHORE",Lahore High Court,2006-01-01,2357,full_judgment,mixed,appeal_dismissed,2133
2006_YLR_304,2006 YLR 304,"89	2006 YLR 304	MUHAMMAD IQBAL VS RAEES-UD-DIN - Honorable Justice Maulvi Anwarul Haq - Malik Sharif Ahmad , Mirza Aziz Akbar Baig and Ch. Tariq Mehmood Bajwa	LAHORE-HIGH-COURT-LAHORE",Lahore High Court,2006-01-01,2113,full_judgment,mixed,appeal_allowed,1765
2006_YLR_293,2006 YLR 293,"87	2006 YLR 293	SHAFAQAT KARIM VS SHAUKAT KARIM - Honorable Justice Muhammad Jehangir Arshad - Syed Ikhtisar Ahmad , Hafiz Ch. Muhammad Tahir	LAHORE-HIGH-COURT-LAHORE",Lahore High Court,2006-01-01,3397,full_judgment,mixed,revision_allowed,5146
2006_YLR_2948,2006 YLR 2948,1001	2006 YLR 2948	RAMZAN VS AKHTAR HAYAT - Honorable Justice Ijaz Ahmad Chaudhry - Malik Ashiq Hussain	LAHORE-HIGH-COURT-LAHORE,Lahore High Court,2006-01-01,1269,full_judgment,mixed,revision_dismissed,2483
2006_YLR_2957,2006 YLR 2957,"1006	2006 YLR 2957	Mst. YASMEEN VS State - Honorable Justice Ijaz Ahmad Chaudhry - Rafique Ahmad Malik , Rao Atif Nawaz	LAHORE-HIGH-COURT-LAHORE",Supreme Court of Pakistan,2006-01-01,1104,full_judgment,mixed,unknown,1513
2006_YLR_3188,2006 YLR 3188,"1103	2006 YLR 3188	AMIR BUX VS State - Honorable Justice RAHMAT HUSSAIN JAFFERI - Maqbool Ahmed Awan , Habibur Rehman Shaikh	KARACHI-HIGH-COURT-SINDH",High Court of Sindh,2006-01-01,3637,full_judgment,mixed,unknown,5308
2006_YLR_316,2006 YLR 316,"92	2006 YLR 316	SALMA VS ADDITIONAL DISTRICT AND SESSIONS JUDGE, FAISALABAD - Honorable Justice Muhammad Muzammal Khan - Shaukat Rafique Bajwa	LAHORE-HIGH-COURT-LAHORE",Lahore High Court,2006-01-01,2451,full_judgment,mixed,petition_allowed,3170
2006_YLR_3158,2006 YLR 3158,1092	2006 YLR 3158	MUHAMMAD QAISER VS State - Honorable Justice MIAN MUHAMMAD NAJAM,Lahore High Court,2006-01-01,3971,full_judgment,mixed,unknown,2764
2006_YLR_3170,2006 YLR 3170,"1096	2006 YLR 3170	RAHAM HUSSAIN VS State - Honorable Justice Rahmat Hussain Jafferi - Appellant in person. , Mahmood S.Yousifi	KARACHI-HIGH-COURT-SINDH",High Court of Sindh,2006-01-01,1181,full_judgment,mixed,appeal_allowed,1829
2006_YLR_3174,2006 YLR 3174,"1098	2006 YLR 3174	QURBAN SHAR VS State - Honorable Justice Rahmat Hussain Jafferi - Qurban Shar , Habibur Rehman Shaikh	KARACHI-HIGH-COURT-SINDH",High Court of Sindh,2006-01-01,1092,full_judgment,mixed,appeal_allowed,2326
2006_YLR_2893,2006 YLR 2893,"979	2006 YLR 2893	MUHAMMAD EHSAN VS State - Honorable Justice Khawaja Muhammad Sharif - Iram Sajjad Gul , Kazim Iqbal Bhangoo	LAHORE-HIGH-COURT-LAHORE",Supreme Court of Pakistan,2006-01-01,2258,full_judgment,mixed,appeal_dismissed,2204
2006_YLR_289,2006 YLR 289,"86	2006 YLR 289	Mian MUHAMMAD HANIF TAHIR VS CHIEF ELECTION COMMISSIONER OF PAKISTAN, ISLAMABAD - Honorable Justice Muhammad Akhtar Shabbir - Petitioner in person.	LAHORE-HIGH-COURT-LAHORE",Lahore High Court,2006-01-01,1919,full_judgment,mixed,petition_dismissed,1853
2006_YLR_2889,2006 YLR 2889,"977	2006 YLR 2889	Malik SHER MUHAMMAD VS IRSHAD BEGUM - Honorable Justice Abdul Shakoor Paracha - Sh. Anwar-ul-Haq , Nemo	LAHORE-HIGH-COURT-LAHORE",Lahore High Court,2006-01-01,844,full_judgment,mixed,appeal_allowed,1579
2006_YLR_28,2006 YLR 28,16	2006 YLR 28	PIR BAKHSH VS MUHAMMAD FAYYAZ - Honorable Justice Maulvi Anwarul Haq - Irshad Hussain Jafferi	LAHORE-HIGH-COURT-LAHORE,Lahore High Court,2006-01-01,819,full_judgment,mixed,revision_dismissed,726
2006_YLR_2891,2006 YLR 2891,"978	2006 YLR 2891	NOOR MUHAMMAD VS FAZAL AHMAD - Honorable Justice Sheikh Azmat Saeed - Ch. Muhammad Anwar Bhindar , Ras Tariq Ch.	LAHORE-HIGH-COURT-LAHORE",Lahore High Court,2006-01-01,1170,full_judgment,mixed,revision_dismissed,951
2006_YLR_3121,2006 YLR 3121,"1078	2006 YLR 3121	MURTAZA VS State - Honorable Justice Muhammad Afzal Soomro - Jai Jai Veshnu Mange Ram , Mushtaque Ahmad Korejo	KARACHI-HIGH-COURT-SINDH",Supreme Court of Pakistan,2006-01-01,1097,full_judgment,mixed,disposed_of,1733
2006_YLR_3123,2006 YLR 3123,"1079	2006 YLR 3123	MUHAMMAD AKBAR VS MUHAMMAD AKHTAR - Honorable Justice Ijaz Ahmad Chaudhry - Khalid Ikram Khatana , Mehr Ahmad Bakhsh Bharwana	LAHORE-HIGH-COURT-LAHORE",Supreme Court of Pakistan,2006-01-01,1403,full_judgment,mixed,unknown,1585
2006_YLR_3128,2006 YLR 3128,"1081	2006 YLR 3128	MUHAMMAD AMIN VS State - Honorable Justice Rahmat Hussain Jafferi - Muhammad Amin Pitafi , Habib-ur-Rehman Shaikh	KARACHI-HIGH-COURT-SINDH",Supreme Court of Pakistan,2006-01-01,1523,full_judgment,mixed,appeal_dismissed,2626
2006_YLR_3106,2006 YLR 3106,"1070	2006 YLR 3106	ABDUL KHALIQ VS ABDUL MALIK - Honorable Justice Raja Fayyaz Ahmed, C.J. and Akhtar Zaman Malghani - Muhammad Zafar and Baz Muhammad Kakar , Ehsan-ul-Haq and Naeem Akhtar	QUETTA-HIGH-COURT-BALOCHISTAN",Supreme Court of Pakistan,2006-01-01,3464,full_judgment,mixed,petition_allowed,4296
2006_YLR_320,2006 YLR 320,"93	2006 YLR 320	AQEEL AHMED VS MUHAMMAD AKRAM - Honorable Justice MUHAMMAD JEHANGIR ARSHAD - Bilal Ahmad Qazi , Muhammad Akbar Cheema,MUHAMMAD JEHANGIR ARSHAD, J.---This R.F.A. has been filed against the judgment and decree, dated 6-10-2004 passed by",Lahore High Court,2006-01-01,3005,full_judgment,mixed,appeal_allowed,3248
2006_YLR_3213,2006 YLR 3213,"1113	2006 YLR 3213	ATTAULLAH alias QASIM VS State - Honorable Justice RAHMAT HUSSAIN JAFFERI - Mushtaq Ahmed and M. R. Syed , Habib Ahmed	KARACHI-HIGH-COURT-SINDH",High Court of Sindh,2006-01-01,6763,full_judgment,mixed,appeal_allowed,6689
2006_YLR_3209,2006 YLR 3209,"1111	2006 YLR 3209	A.RSHAD ABDULLAH VS GOVERNMENT OF SINDH through Secretary, Housing and Town Planning Department - Honorable Justice AMIR HANI MUSLIM - Arshad Tayebaly , Ahmad Pirzada	KARACHI-HIGH-COURT-SINDH",High Court of Sindh,2006-01-01,1636,full_judgment,mixed,unknown,3173
2006_YLR_3206,2006 YLR 3206,"1110	2006 YLR 3206	JHANDOO VS State - Honorable Justice Syed Zawwar Hussain Jaffery - Ghulam Shabbir Dayo , Habib-ur-Rehman Shaikh	KARACHI-HIGH-COURT-SINDH",High Court of Sindh,2006-01-01,2042,full_judgment,mixed,disposed_of,1493
2006_YLR_352,2006 YLR 352,"101	2006 YLR 352	MUHAMMAD IQBAL VS ADDITIONAL DISTRICT AND SESSIONS JUDGE, CHICHAWATNI - Honorable Justice Ijaz Ahmad Chaudhry - Rana A.O. Kamran , Muhammad Ameer Bhatti	LAHORE-HIGH-COURT-LAHORE",Supreme Court of Pakistan,2006-01-01,1247,full_judgment,mixed,appeal_dismissed,1574
2006_YLR_359,2006 YLR 359,"104	2006 YLR 359	MUBEEN alias Haji MUHAMMAD MUBEEN VS State - Honorable Justice MUHAMMAD MOOSA K. LEGHARI - Rasheed Ahmed Qureshi, Asstt. A.-G. , Rasheed Ahmed Qureshi, Asstt. A.-G.	KARACHI-HIGH-COURT-SINDH",High Court of Sindh,2006-01-01,1222,full_judgment,mixed,remanded,2649
2006_YLR_354,2006 YLR 354,102	2006 YLR 354	MIR MUMTAZ ALI TALPUR VS ALLAH BUKHSH CHANDIO - Honorable Justice Shamsuddin Hisbani - Saeeduddin Siddiqui	KARACHI-HIGH-COURT-SINDH,High Court of Sindh,2006-01-01,1320,full_judgment,mixed,appeal_dismissed,2397
2006_YLR_349,2006 YLR 349,"99	2006 YLR 349	SHAUKAT HUSSAIN VS CIVIL JUDGE, MULTAN - Honorable Justice Maulvi Anwarul Haq - Mian Habib-ur-Rehman Ansari	LAHORE-HIGH-COURT-LAHORE",Lahore High Court,2006-01-01,999,full_judgment,mixed,appeal_dismissed,1485
2006_YLR_33,2006 YLR 33,"19	2006 YLR 33	MUHAMMAD AZAM VS ADDITIONAL DISTRICT JUDGE - Honorable Justice Muhammad Jehangir Arshad - Ch. Muhammad Shafi Meo , Abdul Jalil Khan	LAHORE-HIGH-COURT-LAHORE",Supreme Court of Pakistan,2006-01-01,890,full_judgment,mixed,petition_dismissed,1841
2006_YLR_357,2006 YLR 357,"103	2006 YLR 357	SHAUKAT HUSSAIN VS CIVIL JUDGE, MULTAN - Honorable Justice Maulvi Anwarul Haq - Mian Habib-ur-Rehman Ansari	LAHORE-HIGH-COURT-LAHORE",Lahore High Court,2006-01-01,1384,full_judgment,mixed,petition_dismissed,1637
2006_YLR_335,2006 YLR 335,"96	2006 YLR 335	MEHNAZ MEHBOOB VS ISHTIAQ UR RASHID - Honorable Justice Muhammad Akhtar Shabbir - Nahida Mehboob Ellahi , Raja Saeed Akram, A.A.-G.	LAHORE-HIGH-COURT-LAHORE",Lahore High Court,2006-01-01,2389,full_judgment,mixed,petition_allowed,4228
2006_YLR_340,2006 YLR 340,"97	2006 YLR 340	MUNIR KHAN VS State - Honorable Justice IJAZ-UL-HASSAN KHAN - Noor Alam Khan , Pir Liaqat Ali Shah	PESHAWAR-HIGH-COURT",Peshawar High Court,2006-01-01,3459,full_judgment,mixed,appeal_dismissed,6389
2006_YLR_35,2006 YLR 35,"20	2006 YLR 35	Mst. SHAHNAZ MAI VS SUPERINTENDENT DAR-UL-AMAAN, MULTAN - Honorable Justice Fazal-e-Miran Chauhan - Syed Athar Hasan Shah Bukhari	LAHORE-HIGH-COURT-LAHORE",Lahore High Court,2006-01-01,1858,full_judgment,mixed,petition_allowed,2683
2006_YLR_346,2006 YLR 346,"98	2006 YLR 346	MUHAMMAD HASHIM VS AMEER HAIDER SHAH - Honorable Justice Shamsuddin Hisbani - Nisar Ahmad Durrani , Muhammad Ishaque Khoso	KARACHI-HIGH-COURT-SINDH",High Court of Sindh,2006-01-01,2033,full_judgment,mixed,appeal_dismissed,2868
2006_YLR_351,2006 YLR 351,100	2006 YLR 351	KHALID AHMED VS State - Honorable Justice MUHAMMAD MOOSA K. LEGHARI - Muhammad Shafquat	KARACHI-HIGH-COURT-SINDH,High Court of Sindh,2006-01-01,592,full_judgment,mixed,remanded,1315
2006_YLR_514,2006 YLR 514,"141	2006 YLR 514	GULFAM RASHEED VS State - Honorable Justice Khawaja Muhammad Sharif - M. A. Zafar , Ms. Tehseen Irfan	LAHORE-HIGH-COURT-LAHORE",Lahore High Court,2006-01-01,3581,full_judgment,mixed,appeal_allowed,3469
2006_YLR_522,2006 YLR 522,"143	2006 YLR 522	ABDUL LATIF VS GHULAM NABI - Honorable Justice Muhammad Sadiq Leghari - S. Ali Ahmed Tariq , Khalil-ur-Rehman	KARACHI-HIGH-COURT-SINDH",High Court of Sindh,2006-01-01,2184,full_judgment,mixed,unknown,2931
2006_YLR_519,2006 YLR 519,"142	2006 YLR 519	GHULAM RASOOL VS ALLAH BAKHSH KHAN, A.S.J., CHINIOT - Honorable Justice Ijaz Ahmad Chaudhry - Basit Waheed Watto	LAHORE-HIGH-COURT-LAHORE",Lahore High Court,2006-01-01,1856,full_judgment,mixed,revision_dismissed,1784
2006_YLR_507,2006 YLR 507,"139	2006 YLR 507	ZEESHAN SHEHZAD VS DISTRICT RETURNING OFFICER - Honorable Justice Muhammad Jehangir Arshad - M. Arif Alvi, M. Junaid Iqbal Addum and Sardar Mehboob , M.R. Khalid Malik Addl.A.-G. and Pir Muhammad Asif Shah	LAHORE-HIGH-COURT-LAHORE",Lahore High Court,2006-01-01,2434,full_judgment,mixed,petition_dismissed,2499
2006_YLR_502,2006 YLR 502,"138	2006 YLR 502	MUHAMMAD SARWAR VS ELECTION COMMISSION OF PAKISTAN through Secretary - Honorable Justice Muhammad Jehangir Arshad - Haveed Asghar Malik and Mian Abbas Ahmad , M.R. Khalid Malik Addl.A.-G. and M. Arif Alvi	LAHORE-HIGH-COURT-LAHORE",Lahore High Court,2006-01-01,2852,full_judgment,mixed,unknown,4847
2006_YLR_512,2006 YLR 512,140	2006 YLR 512	IMRAN KHALID VS State - Honorable Justice Fazal-a-Miran Chauhan - Abdul Aziz Khan Niazi	LAHORE-HIGH-COURT-LAHORE,Supreme Court of Pakistan,2006-01-01,1164,full_judgment,mixed,unknown,1782
2006_YLR_50,2006 YLR 50,"27	2006 YLR 50	HAQ NAWAZ KHAN VS State - Honorable Justice Fazal-e-Miran Chauhan - Ch. Shakir Ali , Sh. Javaid Rashid	LAHORE-HIGH-COURT-LAHORE",Supreme Court of Pakistan,2006-01-01,2152,full_judgment,mixed,disposed_of,2538
2006_YLR_526,2006 YLR 526,"144	2006 YLR 526	SAIF ULLAH VS Mst. KAUSAR PARVEEN - Honorable Justice Muhammad Muzammal Khan - Raja Nosherwan Akhtar , Muhammad Asif Bhatti	LAHORE-HIGH-COURT-LAHORE",Lahore High Court,2006-01-01,2434,full_judgment,mixed,revision_allowed,3467
2006_YLR_283,2006 YLR 283,"84	2006 YLR 283	TARIQ MEHMOOD MUGHAL VS RETURNING OFFICER, UNION COUNCIL No.54",Lahore High Court,2006-01-01,1801,full_judgment,mixed,unknown,1508
2006_YLR_2854,2006 YLR 2854,"962	2006 YLR 2854	ALLAH RAKHA VS Mst. ASGHARI BEGUM - Honorable Justice Muhammad Jehangir Arshad - Mian Ahmad Nadeem Arshad , Mehmood Iqbal Khakwani	LAHORE-HIGH-COURT-LAHORE",Lahore High Court,2006-01-01,1842,full_judgment,mixed,appeal_allowed,2438
2006_YLR_2848,2006 YLR 2848,"959	2006 YLR 2848	GHULAM MUSTAFA VS NAZIR AHMED - Honorable Justice Mian Saqib Nisar - Sheikh Naveed Shaharyar , Ras Tanvir Chaudhry	LAHORE-HIGH-COURT-LAHORE",Lahore High Court,2006-01-01,2010,full_judgment,mixed,remanded,2305
2006_YLR_3267,2006 YLR 3267,"1131	2006 YLR 3267	Kh. ZIA ULLAH VS P.C.B.L. through Chairman - Honorable Justice Mian Hamid Farooq - Pir Syed Shahid Ali Shah , Ch. Safdar Mehmood	LAHORE-HIGH-COURT-LAHORE",Lahore High Court,2006-01-01,817,full_judgment,mixed,petition_dismissed,1590
2006_YLR_3287,2006 YLR 3287,"1137	2006 YLR 3287	MUHAMMAD BOOTA VS DARA - Honorable Justice Umar Ata Bandial - M. Zafar Chaudhry , Mian Riaz Ali	LAHORE-HIGH-COURT-LAHORE",Lahore High Court,2006-01-01,2078,full_judgment,mixed,revision_dismissed,1732
2006_YLR_3270,2006 YLR 3270,"1133	2006 YLR 3270	SHAUKAT ALI VS State - Honorable Justice MUHAMMAD FARRUKH MAHMUD - A.H. Masood , Badar Munir Malik",Lahore High Court,2006-01-01,3718,full_judgment,mixed,appeal_dismissed,2659
2006_YLR_3291,2006 YLR 3291,"1138	2006 YLR 3291	ABDUL KARIM and 6 others VS TAHIR-UR-REHMAN - Honorable Justice SARDAR SAID MUHAMMAD KHAN - Mujeeb-ur-Rehman, Advocate assisted by Ch. Muhammad Azam , Ch. Muhammad Taj	SHARIAT-COURT-AZAD-KASHMIR",Supreme Court of Pakistan,2006-01-01,10323,full_judgment,mixed,unknown,4871
2006_YLR_3264,2006 YLR 3264,"1130	2006 YLR 3264	RAHAT VS State - Honorable Justice Syed Hussain Mazhar Kaleem - Raja Sajjad Ahmad Khan , Raja Ibrar Hussain Khan	SHARIAT-COURT-AZAD-KASHMIR",Superior Courts of Pakistan,2006-01-01,1504,full_judgment,mixed,disposed_of,2285
2006_YLR_542,2006 YLR 542,"148	2006 YLR 542	NAZIK HUSSAIN alias GHULAM NAZIK VS State - Honorable Justice Nazir Ahmad Siddiqui - Abdul Hussain Bhutta , Mahmood ul Hassan Qureshi	LAHORE-HIGH-COURT-LAHORE",Supreme Court of Pakistan,2006-01-01,420,full_judgment,mixed,petition_allowed,1173
2006_YLR_537,2006 YLR 537,"147	2006 YLR 537	Syed TAJUDDIN VS AFZAL HABIB - Honorable Justice Nadeem Azhar Siddiqi - Muhammad Ilyas Khan Tinoli , Afzal Habib	KARACHI-HIGH-COURT-SINDH",High Court of Sindh,2006-01-01,3030,full_judgment,mixed,unknown,3265
2006_YLR_53,2006 YLR 53,"28	2006 YLR 53	Mst. SIDDIQAN through Special Attorney VS MADRISSA ARABIA YAQUB- UL-ULOOM through Muntazin - Honorable Justice Maulvi Anwarul Haq - Muhammad Ameer Bhatti and Mian Habib-ur-Rehman Ansari , Mian Abbas Ahmad	LAHORE-HIGH-COURT-LAHORE",Lahore High Court,2006-01-01,2048,full_judgment,mixed,petition_allowed,3313
2006_YLR_545,2006 YLR 545,"150	2006 YLR 545	MUHAMMAD ASLAM VS GHULAM FATIMA - Honorable Justice Muhammad Nawaz Bhatti - Malik Javaid Akhtar Vains , Ch. Ghulam ud Din Aslam	LAHORE-HIGH-COURT-LAHORE",Lahore High Court,2006-01-01,1517,full_judgment,mixed,appeal_dismissed,1223
2006_YLR_549,2006 YLR 549,"152	2006 YLR 549	GHULAM RASOOL VS ADDITIONAL DISTRICT JUDGE, SAHIWAL - Honorable Justice Muhammad Nawaz Bhatti - Muhammad Arif Alvi , Tariq Zulfqar Ahmad Chaudhry	LAHORE-HIGH-COURT-LAHORE",Lahore High Court,2006-01-01,2438,full_judgment,mixed,appeal_allowed,3644
2006_YLR_535,2006 YLR 535,146	2006 YLR 535	ANJUM ZAHOOR SALEEMI VS ELECTION TRIBUNAL,Lahore High Court,2006-01-01,1500,full_judgment,mixed,appeal_dismissed,1166
2006_YLR_530,2006 YLR 530,"145	2006 YLR 530	FATEH ALAM SIDDIQUI VS State - Honorable Justice MUHAMMAD MUJEEBULLAH SIDDIQUI - Anjum Ghani , Ziauddin Nasir	KARACHI-HIGH-COURT-SINDH",High Court of Sindh,2006-01-01,2380,full_judgment,mixed,appeal_allowed,1200
2006_YLR_548,2006 YLR 548,"151	2006 YLR 548	MUHAMMAD SHARIF alias ABDUL RAHIM VS State - Honorable Justice Khilji Arif Hussain - Muhammad Ayaz Soomro , Shaikh Habib-ur-Rehman A.A.-G.	KARACHI-HIGH-COURT-SINDH",High Court of Sindh,2006-01-01,866,full_judgment,mixed,unknown,1410
2006_YLR_543,2006 YLR 543,"149	2006 YLR 543	ABDUL WAHEED SIDDIQUI VS State - Honorable Justice Muhammad Afzal Soomro - Nehal Hashmi , Habibur Rasheed	KARACHI-HIGH-COURT-SINDH",High Court of Sindh,2006-01-01,902,full_judgment,mixed,disposed_of,795
2006_YLR_3142,2006 YLR 3142,1088	2006 YLR 3142	MUHAMMAD FAROOQ UMAR VS GOVERNMENT OF PAKISTAN - Honorable Justice Saiyed Saeed Ashhad - Khalid Mahmood Siddiqui	KARACHI-HIGH-COURT-SINDH,Supreme Court of Pakistan,2006-01-01,2794,full_judgment,mixed,petition_allowed,2173
2006_YLR_3147,2006 YLR 3147,"1089	2006 YLR 3147	MUHAMMAD YAKOOB VS State - Honorable Justice Rahmat Hussain Jafferi - Nizamuddin Baloch , Habib-ur-Rehman Shaikh	KARACHI-HIGH-COURT-SINDH",High Court of Sindh,2006-01-01,4075,full_judgment,mixed,appeal_allowed,4929
2006_YLR_313,2006 YLR 313,"91	2006 YLR 313	Mst. CHANAN BIBI VS IMTIAZ - Honorable Justice Maulvi Anwarul Haq - Ch. Imdad Ali , Malik Javed Akhtar Wains	LAHORE-HIGH-COURT-LAHORE",Supreme Court of Pakistan,2006-01-01,2294,full_judgment,mixed,unknown,3305
2006_YLR_3139,2006 YLR 3139,"1086	2006 YLR 3139	RUKAN-UD-DIN VS GOVERNMENT OF SINDH through Secretary, Home Department - Honorable Justice Syed Zawwar Hussain Jaffery and Amir Hani Muslim - Ghulam Shabeer Khoso , Anwar Mansoor Khan	KARACHI-HIGH-COURT-SINDH",High Court of Sindh,2006-01-01,602,full_judgment,mixed,disposed_of,1657
2006_YLR_425,2006 YLR 425,"JAMSHAID GULZAR, CHAIRMAN, FPSC VS FEDERATION OF PAKISTAN - Honorable Justice Mian Hamid Farooq - Muhammad Akram Sheikh , Makhdoom Ali Khan	LAHORE-HIGH-COURT-LAHORE",Supreme Court of Pakistan,2006-01-01,8022,full_judgment,mixed,unknown,9526
2006_YLR_413,2006 YLR 413,"126	2006 YLR 413	MUHAMMAD FAISAL HASEEB KHAN BALOCH VS VICE-CHANCELLOR, BAHA-UD-DIN ZAKARIYA UNIVERSITY, MULTAN - Honorable Justice Fazal-e-Miran Chauhan - Muhammad Khalid Farooq	LAHORE-HIGH-COURT-LAHORE",Supreme Court of Pakistan,2006-01-01,3423,full_judgment,mixed,petition_dismissed,3937
2006_YLR_41,2006 YLR 41,"23	2006 YLR 41	ABDUL SATTAR VS Mst. RAEESA - Honorable Justice Muhammad Nawaz Bhatti - Arshad Anjam Chughtai , Malik Muhammad Bakhsh Khaki,4. On the other hand learned counsel	LAHORE-HIGH-COURT-LAHORE",Supreme Court of Pakistan,2006-01-01,1048,full_judgment,mixed,petition_dismissed,1431
2006_YLR_419,2006 YLR 419,"127	2006 YLR 419	MUHAMMAD FAYYAZ VS BARKAT HUSSAIN - Honorable Justice Ghulam Mustafa Mughal - Muhammad Azam Khan , Ali Zaman Raja	HIGH-COURT-AZAD-KASHMIR",Superior Courts of Pakistan,2006-01-01,4088,full_judgment,mixed,appeal_allowed,4487
2006_YLR_409,2006 YLR 409,"124	2006 YLR 409	MUHAMMAD ASLAM KHAN VS MUHAMMAD RAFIQUE alias SHEENA - Honorable Justice Muhammad Sadiq Leghari - Saathi M. Ishaque , S. Suleman Badshah	KARACHI-HIGH-COURT-SINDH",Supreme Court of Pakistan,2006-01-01,1032,full_judgment,mixed,unknown,1619
2006_YLR_411,2006 YLR 411,"125	2006 YLR 411	KHALID MAHMOOD VS State - Honorable Justice Nasim Sabir - Altaf Ibrahim Qureshi , Muhammad Farooq Ibrhaim	LAHORE-HIGH-COURT-LAHORE",Lahore High Court,2006-01-01,1110,full_judgment,mixed,unknown,1632
2006_YLR_308,2006 YLR 308,"90	2006 YLR 308	ABDUL KHALIQ VS Mst. SAIRAN - Honorable Justice Muhammad Jehangir Arshad - Ch. Abdul Wahid , Zafar Iqbal Ch.	LAHORE-HIGH-COURT-LAHORE",Lahore High Court,2006-01-01,2986,full_judgment,mixed,revision_dismissed,3642
2006_YLR_3098,2006 YLR 3098,"1069	2006 YLR 3098	FAROOQ-E-AZAM VS CUSTOMS AND INTELLIGENCE DEPARTMENT - Honorable Justice Syed Zawwar Hussain Jafri - Sohail Muzaffar , Muhammad Shafi Muhammadi	KARACHI-HIGH-COURT-SINDH",High Court of Sindh,2006-01-01,4271,full_judgment,mixed,unknown,2191
2006_YLR_3095,2006 YLR 3095,"1067	2006 YLR 3095	MUHAMMAD RAMZAN VS State - Honorable Justice ASIF SAEED KHAN KHOSA - Ahmad Baksh Bharwana , Muhammad Afzal Butt	LAHORE-HIGH-COURT-LAHORE",Supreme Court of Pakistan,2006-01-01,764,full_judgment,mixed,unknown,1797
2006_YLR_30,2006 YLR 30,17	2006 YLR 30	PATHAN VS State - Honorable Justice Muhammad Afzal Soomro - Muhammad Ayaz Soomro	KARACHI-HIGH-COURT-SINDH,Supreme Court of Pakistan,2006-01-01,994,full_judgment,mixed,disposed_of,679
2006_YLR_329,2006 YLR 329,"95	2006 YLR 329	FAISAL BUGHIO VS GOVERNMENT OF SINDH - Honorable Justice Zia Perwaz - Ghulam Muhammad Ebrahim and Abdul Ghafoor Mangi , Ms. Sana Minhas	KARACHI-HIGH-COURT-SINDH",High Court of Sindh,2006-01-01,3733,full_judgment,mixed,unknown,4214
2006_YLR_3308,2006 YLR 3308,"1139	2006 YLR 3308	NADEEM WALI VS State - Honorable Justice ABUDL SHAKOOR PARACHA - Aazar Latif Khan , M. Tanvir Iqbal Khan	LAHORE-HIGH-COURT-LAHORE",Lahore High Court,2006-01-01,1407,full_judgment,mixed,petition_allowed,2627
2006_YLR_32,2006 YLR 32,"18	2006 YLR 32	Malik TANVEER AHMAD VS SHER NAWAZ BALOUCH - Honorable Justice Maulvi Anwarul Haq - Ch. Saghir Ahmad , Mian Abdul Ghaffar	LAHORE-HIGH-COURT-LAHORE",Lahore High Court,2006-01-01,611,full_judgment,mixed,petition_allowed,1539
2006_YLR_3223,2006 YLR 3223,"1114	2006 YLR 3223	GULSHAN VS State - Honorable Justice Rahmat Hussain Jafferi - Appellant in person. , Habibur Rehman Shaikh	KARACHI-HIGH-COURT-SINDH",High Court of Sindh,2006-01-01,3252,full_judgment,mixed,appeal_allowed,4176
2006_YLR_3236,2006 YLR 3236,"1119	2006 YLR 3236	ZAHOOR MEHDI FAISAL VS ADDITIONAL DISTRICT JUDGE - Honorable Justice Muhammad Sayeed Akhtar - Petitioner in Person. , Liaqat Ali Butt	LAHORE-HIGH-COURT-LAHORE",Lahore High Court,2006-01-01,1052,full_judgment,mixed,petition_dismissed,1639
2006_YLR_440,2006 YLR 440,"129	2006 YLR 440	DISTRICT COUNCIL, FAISALABAD VS Ch. MUHAMMAD YASIN - Honorable Justice Muhammad Muzammal Khan - Ch. Khurshid Ahmad	LAHORE-HIGH-COURT-LAHORE",Lahore High Court,2006-01-01,3481,full_judgment,mixed,appeal_dismissed,3718
2006_YLR_454,2006 YLR 454,"131	2006 YLR 454	GHULAM YASIN VS GHULAM MUSTAFA - Honorable Justice Muhammad Jehangir Arshad - Mian Abdul Sami , Jam Abdul Majeed Mustafai	LAHORE-HIGH-COURT-LAHORE",Lahore High Court,2006-01-01,3535,full_judgment,mixed,appeal_allowed,3484
2006_YLR_43,2006 YLR 43,24	2006 YLR 43	MUHAMMAD SALEEM ASLAM SHEIKH VS CHIEF ELECTION COMMISSIONER - Honorable Justice Muhammad Jehangir Arshad - Muhammad Iqbal Sial	LAHORE-HIGH-COURT-LAHORE,Lahore High Court,2006-01-01,1098,full_judgment,mixed,petition_dismissed,2444
2006_YLR_445,2006 YLR 445,"130	2006 YLR 445	ALI NAWAZ VS LAHORE HIGH COURT, LAHORE through Registrar - Honorable Justice Muhammad Muzammal Khan - Muhammad Ahsan Bhoon	LAHORE-HIGH-COURT-LAHORE",Lahore High Court,2006-01-01,5025,full_judgment,mixed,unknown,3930
2006_YLR_638,2006 YLR 638,"175	2006 YLR 638	SABIR ALI VS KHALIDA PERVEEN - Honorable Justice Maulvi Anwarul Haq - Muhammad Ramzan Khalid Joya , Sardar Riaz Karim	LAHORE-HIGH-COURT-LAHORE",Lahore High Court,2006-01-01,1756,full_judgment,mixed,revision_allowed,1902
2006_YLR_627,2006 YLR 627,"171	2006 YLR 627	GHULAM HUSSAIN VS GHULAM HAIDER - Honorable Justice Muhammad Nawaz Bhatti - Khizar Hayat Khan Punian and Sardar Muhammad Rafique Khan , Mian Irshad Ali Qureshi	LAHORE-HIGH-COURT-LAHORE",Lahore High Court,2006-01-01,2218,full_judgment,mixed,appeal_dismissed,2943
2006_YLR_643,2006 YLR 643,"177	2006 YLR 643	Sardar GHULAM ABBAS KHAN VS DISTRICT RETURNING OFFICER, LAYYAH - Honorable Justice Maulvi Anwarul Haq - Ch. Abdul Sattar Goraya, Rao Jamshed Ali Khan and Mian Muhammad Arshad Latif , M. Arif Alvi	LAHORE-HIGH-COURT-LAHORE",Lahore High Court,2006-01-01,3543,full_judgment,mixed,petition_allowed,4707
2006_YLR_634,2006 YLR 634,"174	2006 YLR 634	FAYYAZ HUSSAIN SHAH VS CHIEF ELECTION COMMISSIONER, ISLAMABAD - Honorable Justice Muhammad Jehangir Arshad - Muhammad Irfan Wayne , Ch. Khalil Asghar Sindhu	LAHORE-HIGH-COURT-LAHORE",High Court of Sindh,2006-01-01,1773,full_judgment,mixed,unknown,2324
2006_YLR_633,2006 YLR 633,"173	2006 YLR 633	Mst. RUBINA BIBI VS MUHAMMAD BASHIR AHMED - Honorable Justice Muhammad Nawaz Bhatti - Ch. Nawab Ali , Malik Muhammad Afzal	LAHORE-HIGH-COURT-LAHORE",Lahore High Court,2006-01-01,985,full_judgment,mixed,petition_dismissed,1683
2006_YLR_649,2006 YLR 649,"178	2006 YLR 649	Mst. RASOOLAN BIBI VS NIZAM UD DIN - Honorable Justice Muhammad Jehangir Arshad - M. A. Rashid Chaudhry , Nemo",Lahore High Court,2006-01-01,1713,full_judgment,mixed,remanded,1861
2006_YLR_641,2006 YLR 641,"176	2006 YLR 641	Mst. KHURSHIDAN BIBI VS ADDITIONAL DISTRICT JUDGE - Honorable Justice Muhammad Jehangir Arshad - Sardar Muhammad Hussain , Muhammad Umair Mohsin	LAHORE-HIGH-COURT-LAHORE",Lahore High Court,2006-01-01,1426,full_judgment,mixed,petition_allowed,1936
2006_YLR_63,2006 YLR 63,"32	2006 YLR 63	AMIR FAYYAZ ALI KHAN through General Attorney VS MEMBER, BOARD OF REVENUE JUDICIAL-1 - Honorable Justice Syed Zahid Hussain - Ahmad Waheed Khan , Ms. Samina Yousaf and Mian Zafar Iqbal Kalanauri	LAHORE-HIGH-COURT-LAHORE",Lahore High Court,2006-01-01,1340,full_judgment,mixed,disposed_of,2640
2006_YLR_631,2006 YLR 631,172	2006 YLR 631	NAZAR HUSSAIN VS State - Honorable Justice Muhammad Jehangir Arshad - Sardar Muhammad Shamim Khan	LAHORE-HIGH-COURT-LAHORE,Lahore High Court,2006-01-01,814,full_judgment,mixed,petition_dismissed,2401
2006_YLR_484,2006 YLR 484,135	2006 YLR 484	PROVINCE OF PUNJAB through District Collector VS Messers SAJID TRADERS through,Lahore High Court,2006-01-01,3567,full_judgment,mixed,unknown,2135
2006_YLR_490,2006 YLR 490,"136	2006 YLR 490	MUHAMMAD YOUSAF VS Mst. ZAINAB BIBI - Honorable Justice Muhammad Muzammal Khan - Ch. Shahid Saeed , Syed Ahmad Saeed Kirmani and Muhammad Afzal Khan	LAHORE-HIGH-COURT-LAHORE",Lahore High Court,2006-01-01,4910,full_judgment,mixed,revision_dismissed,4754
2006_YLR_498,2006 YLR 498,"137	2006 YLR 498	GHULAM ABBAS VS MURID HUSSAIN - Honorable Justice Muhammad Jehangir Arshad - Allah Wasaya Malik , Qazi Khurshid Alam	LAHORE-HIGH-COURT-LAHORE",Supreme Court of Pakistan,2006-01-01,2485,full_judgment,mixed,revision_allowed,3315
2006_YLR_4,2006 YLR 4,"3	2006 YLR 4	MUHAMMAD ALI VS REHMAT BIBI - Honorable Justice Ijaz Ahmad Chaudhry - Sahibzada Mehboob Ali , Mahr Khizer Hayat Senpal	LAHORE-HIGH-COURT-LAHORE",Lahore High Court,2006-01-01,1166,full_judgment,mixed,appeal_dismissed,1885
2006_YLR_48,2006 YLR 48,"26	2006 YLR 48	MUHAMMAD ARSHAD VS RETURNING OFFICER - Honorable Justice Muhammad Jehangir Arshad - Rehan Zafar , Muhammad Afzal Watto	LAHORE-HIGH-COURT-LAHORE",Lahore High Court,2006-01-01,1038,full_judgment,mixed,appeal_dismissed,1671
2006_YLR_476,2006 YLR 476,"134	2006 YLR 476	IJAZ ASLAM KHAN KHALIL VS Mst. SULTANA BEGUM - Honorable Justice Muhammad Sair Ali - Ch. Khurshid Ahmad , Mian Nisar Ahmad	LAHORE-HIGH-COURT-LAHORE",Supreme Court of Pakistan,2006-01-01,4334,full_judgment,mixed,revision_dismissed,2839
2006_YLR_599,2006 YLR 599,"164	2006 YLR 599	KALEEM HYDER ZAIDI duly Constituted Attorney VS MEHMOODA BEGUM - Honorable Justice Faisal Arab - Sher Ali Rizvi , Nemo	KARACHI-HIGH-COURT-SINDH",Supreme Court of Pakistan,2006-01-01,2045,full_judgment,mixed,unknown,1544
2006_YLR_582,2006 YLR 582,"161	2006 YLR 582	ALAM SHER VS SULTAN AHMAD - Honorable Justice Muhammad Sair Ali - Mian Humayoon Aslam , Hafiz Khalid Ahmed	LAHORE-HIGH-COURT-LAHORE",Lahore High Court,2006-01-01,1433,full_judgment,mixed,appeal_allowed,2185
2006_YLR_584,2006 YLR 584,"162	2006 YLR 584	Mst. BIBI KHATOON VS GUL DAD KHAN - Honorable Justice Muhammad Sadiq Laghari - Aftab Ahmed Satti , Janan Khattak	KARACHI-HIGH-COURT-SINDH",Supreme Court of Pakistan,2006-01-01,2477,full_judgment,mixed,remanded,3842
2006_YLR_589,2006 YLR 589,"163	2006 YLR 589	ABDULLAH CONTRACTORS VS WATER AND POWER DEVELOPMENT AUTHORITY - Honorable Justice Nadeem Azhar Siddiqi - Bilal A. Khawaja , Samiuddin Sami	KARACHI-HIGH-COURT-SINDH",Supreme Court of Pakistan,2006-01-01,5864,full_judgment,mixed,disposed_of,7421
2006_YLR_59,2006 YLR 59,"30	2006 YLR 59	SHAHEEN VS MUHAMMAD ALI - Honorable Justice Ch. Ijaz Ahmad - Ms. Hifza Aziz , Nemo	LAHORE-HIGH-COURT-LAHORE",Lahore High Court,2006-01-01,1186,full_judgment,mixed,unknown,1659
2006_YLR_602,2006 YLR 602,"165	2006 YLR 602	ABDUL KARIM through Attorney VS OFFICE OF THE CANTONMENT BOARD - Honorable Justice Faisal Arab - Zamiruddin Ahmed , Ashraf Ali Butt	KARACHI-HIGH-COURT-SINDH",High Court of Sindh,2006-01-01,3631,full_judgment,mixed,unknown,3780
2006_YLR_580,2006 YLR 580,"160	2006 YLR 580	RAHIM SHAIKH VS IIND ADDITIONAL DISTRICT JUDGE,",High Court of Sindh,2006-01-01,1387,full_judgment,mixed,petition_dismissed,1913
2006_YLR_577,2006 YLR 577,"158	2006 YLR 577	ABDUL RAZAK VS EXECUTIVE OFFICER, CANTONMENT BOARD OF CLIFTON - Honorable Justice Muhammad Mujeebullah Siddiqui and Sajjad Ali Shah - Petitioner in person. , Sohail H.K. Rana	KARACHI-HIGH-COURT-SINDH",High Court of Sindh,2006-01-01,645,full_judgment,mixed,disposed_of,792
2006_YLR_579,2006 YLR 579,"159	2006 YLR 579	TAFSEEL HUSSAIN alias MANTO VS State - Honorable Justice Asif Saeed Khan Khosa and Ijaz Ahmad Chaudhry - Ch. Muhammad Ishtiaq , Rana Munir-ul-Hassan	LAHORE-HIGH-COURT-LAHORE",Supreme Court of Pakistan,2006-01-01,403,full_judgment,mixed,unknown,1151
2006_YLR_576,2006 YLR 576,"157	2006 YLR 576	ABDUL REHMAN VS State - Honorable Justice Muhammad Nawaz Bhatti - Muhammad Amir Bhatti , Wajid Nawaz Bhatti	LAHORE-HIGH-COURT-LAHORE",Supreme Court of Pakistan,2006-01-01,573,full_judgment,mixed,unknown,945
2006_YLR_2077,2006 YLR 2077,"715	2006 YLR 2077	MUHAMMAD NAWAZ VS Mst. NAZARAN BIBI - Honorable Justice Jawwad S. Khawaja - Dost Muhammad Kahoot , Ch. Muhammad Yousaf	LAHORE-HIGH-COURT-LAHORE",Lahore High Court,2006-01-01,1214,full_judgment,mixed,revision_allowed,1170
2006_YLR_207,2006 YLR 207,"70	2006 YLR 207	GUL REHMAN VS State - Honorable Justice Muhammad Raza Khan - Noor Alam Khan , Sohail Ali	PESHAWAR-HIGH-COURT",Peshawar High Court,2006-01-01,1107,full_judgment,mixed,petition_allowed,1828
2006_YLR_609,2006 YLR 609,"166	2006 YLR 609	MUHAMMAD ALEEM VS DISTRICT RETURNING OFFICER, - Honorable Justice Muhammad Jehangir Arshad - Sardar Mehmud Iqbal Khakwani , Mr. Nadeem Iqbal Chaudhry	LAHORE-HIGH-COURT-LAHORE",Supreme Court of Pakistan,2006-01-01,1468,full_judgment,mixed,petition_allowed,2297
2006_YLR_611,2006 YLR 611,"167	2006 YLR 611	SEEMA FAREED VS ALI HAKIMDIN GHULAM ALI MANDVIWALA - Honorable Justice Muhammad Sadiq Leghari - Khawaja Shamsul Islam , M.A. Kazi,Akhtar Saeed	KARACHI-HIGH-COURT-SINDH",Supreme Court of Pakistan,2006-01-01,2530,full_judgment,mixed,unknown,3701
2006_YLR_619,2006 YLR 619,169	2006 YLR 619	Messrs NOBLE ENTERPRISES through Mian Muhammad Shafiq VS STATE BANK OF PAKISTAN - Honorable Justice Muhammad Muzammal Khan - Khawaja Saeed-uz-Zafar	LAHORE-HIGH-COURT-LAHORE,Lahore High Court,2006-01-01,1979,full_judgment,mixed,petition_dismissed,2610
2006_YLR_622,2006 YLR 622,"170	2006 YLR 622	QAISAR SHAH VS ABDUL KARIM - Honorable Justice IJAZ-UL-HASSAN KHAN - Khawaja Muhammad Khan , Qazi Zakiuddin	PESHAWAR-HIGH-COURT",Peshawar High Court,2006-01-01,3013,full_judgment,mixed,appeal_allowed,4723
2006_YLR_616,2006 YLR 616,"168	2006 YLR 616	MUHAMMAD ALI VS ABDUL SATTAR - Honorable Justice Maulvi Anwarul Haq - Mirza Aziz Akbar Baig , S.M. Jehangir Iqbal Bokhari	LAHORE-HIGH-COURT-LAHORE",Lahore High Court,2006-01-01,1893,full_judgment,mixed,unknown,2823
2006_YLR_61,2006 YLR 61,"31	2006 YLR 61	TURABUL HASSAN VS DISTRICT OFFICER REVENUE, TOBA TEK SINGH - Honorable Justice M. Bilal Khan - Taffazal H. Rizvi	LAHORE-HIGH-COURT-LAHORE",Lahore High Court,2006-01-01,1224,full_judgment,mixed,petition_dismissed,3160
2006_YLR_325,2006 YLR 325,"94	2006 YLR 325	Sardar AURANGZAIB ALIMGIR KHAN VS LAW SECRETARY OF GOVERNMENT OF PUNJAB - Honorable Justice Maulvi Anwarul Haq - Muhammad Amir Bhatti and Ghazi Raza , Zafarullah Khan Khakwani, A.A.-G and Tariq Sher Khan	LAHORE-HIGH-COURT-LAHORE",Lahore High Court,2006-01-01,2241,full_judgment,mixed,petition_allowed,3354
2006_YLR_3259,2006 YLR 3259,"1129	2006 YLR 3259	MAKHDOOM AHMED VS ABDUL HAMEED - Honorable Justice SH. HAKIM ALI - Sh. Ikram-ud-Din , Talat Mahmood Kakezai	LAHORE-HIGH-COURT-LAHORE",Lahore High Court,2006-01-01,2865,full_judgment,mixed,appeal_allowed,2463
2006_YLR_3252,2006 YLR 3252,"1127	2006 YLR 3252	MUHAMMAD JAMIL VS State - Honorable Justice IJAZ AHMAD CHAUDHRY - Muhammad Waseem , Ch. Imtiaz Ahmad	LAHORE-HIGH-COURT-LAHORE",Lahore High Court,2006-01-01,2526,full_judgment,mixed,remanded,2695
2006_YLR_3257,2006 YLR 3257,"1128	2006 YLR 3257	AHSAN RAZA VS U.H.S. - Honorable Justice Syed Zahid Hussain and Muhammad Sayeed Akhtar - Malik Muhammad Nadeem , Syed Najam-ul-Hassan Kazmi, Rasal Hassan Syed and Shakeel Ahmad Shahzad	LAHORE-HIGH-COURT-LAHORE",Supreme Court of Pakistan,2006-01-01,1158,full_judgment,mixed,petition_dismissed,2842
2006_YLR_3247,2006 YLR 3247,"1124	2006 YLR 3247	MUHAMMAD IQBAL VS MUHAMMAD ASHRAF - Honorable Justice Syed Zahid Hussain - Mian Shahid Iqbal , Taqi Ahmed Khan	LAHORE-HIGH-COURT-LAHORE",Lahore High Court,2006-01-01,1064,full_judgment,mixed,petition_allowed,2134
2006_YLR_65,2006 YLR 65,"33	2006 YLR 65	Mst. HUSINA BIBI VS STATION HOUSE OFFICER, POLICE STATION, SHAHR SULTAN, DISTRICT MUZAFFARGARH - Honorable Justice Muhammad Jehangir Arshad - Muhammad Ayub Khan Alizai , Syed Asif Raza Gillani	LAHORE-HIGH-COURT-LAHORE",Lahore High Court,2006-01-01,1637,full_judgment,mixed,petition_allowed,2501
2006_YLR_673,2006 YLR 673,"185	2006 YLR 673	Malik ATTA MUHAMMAD VS SECRETARY, LOCAL GOVERNMENT - Honorable Justice Muhammad Muzammal Khan - Dr. M. Mohyuddin Qazi , Fauzi Zafar	LAHORE-HIGH-COURT-LAHORE",Lahore High Court,2006-01-01,1471,full_judgment,mixed,appeal_allowed,2165
2006_YLR_661,2006 YLR 661,"181	2006 YLR 661	MEHAR VS State - Honorable Justice Syed Zawwar Hussain Jafferi - Shaikh Abdul Ghani , M. Mehmood Khan and S. Yousifi A.A.-G.	KARACHI-HIGH-COURT-SINDH",High Court of Sindh,2006-01-01,1971,full_judgment,mixed,appeal_allowed,2265
2006_YLR_652,2006 YLR 652,"179	2006 YLR 652	Mst. MUKHTARAN MAI VS AMANAT ALI - Honorable Justice Maulvi Anwarul Haq - Mian Bashir Ahmad Bhatti , Ch. Abdul Ghani	LAHORE-HIGH-COURT-LAHORE",Lahore High Court,2006-01-01,2636,full_judgment,mixed,appeal_allowed,2839
2006_YLR_666,2006 YLR 666,"183	2006 YLR 666	Mst. RUKHSANA BIBI VS MUHAMMAD ANSAR - Honorable Justice Muhammad Jehangir Arshad - Javed Majeed Ansari , Makhdoom Ijaz Hussain Bukhari	LAHORE-HIGH-COURT-LAHORE",Lahore High Court,2006-01-01,1948,full_judgment,mixed,revision_allowed,2211
2006_YLR_664,2006 YLR 664,"182	2006 YLR 664	LAEEQ AHMAD VS State - Honorable Justice M. Bilal Khan - Syed Hashim Raza Shamsi , Abdul Majeed Chishti with Abdul Islam	LAHORE-HIGH-COURT-LAHORE",Supreme Court of Pakistan,2006-01-01,859,full_judgment,mixed,petition_allowed,1533
2006_YLR_656,2006 YLR 656,"Co VS SECRETARY FOOD, GOVERNMENT OF THE PUNJAB - Honorable Justice Ali Nawaz Chowhan - Khawaja Aamir Farooq , Ch. Khurshid Anwar Bhinder Addl. A.-G. along with Ashiq Hussain Aulakh	LAHORE-HIGH-COURT-LAHORE",Lahore High Court,2006-01-01,2593,full_judgment,mixed,petition_allowed,3305
2006_YLR_669,2006 YLR 669,184	2006 YLR 669	MUHAMMAD MUSHTAQ VS ABDUL RAUF - Honorable Justice Muhammad Akhtar Shabbir - Sardar Abdul Majeed Dogar	LAHORE-HIGH-COURT-LAHORE,Lahore High Court,2006-01-01,2079,full_judgment,mixed,revision_dismissed,3557
2006_YLR_675,2006 YLR 675,"186	2006 YLR 675	AZHAR IQBAL VS DISTRICT POLICE OFFICER, MANDI BAHA-UD-DIN - Honorable Justice Sh. Abdur Rashid - Ch. Imran Raza Chadhar , Najeeb Faisal Chaudhary	LAHORE-HIGH-COURT-LAHORE",Lahore High Court,2006-01-01,1084,full_judgment,mixed,unknown,1836
2006_YLR_717,2006 YLR 717,"200	2006 YLR 717	MUHAMMAD HASSAN VS NAZAR MUHAMMAD alias NAZIR KHAN through Legal Heirs - Honorable Justice Syed Jamshed Ali - Tahir Mahmood Khokhar , Irfan Khaleel Qureshi	LAHORE-HIGH-COURT-LAHORE",Lahore High Court,2006-01-01,2518,full_judgment,mixed,appeal_dismissed,4384
2006_YLR_701,2006 YLR 701,"194	2006 YLR 701	Khawaja EHSAN ELAHI VS SUB-REGISTRAR, LAHORE - Honorable Justice Muhammad Akhtar Shabbir - Muhammad Akram Khawaja	LAHORE-HIGH-COURT-LAHORE",Lahore High Court,2006-01-01,1384,full_judgment,mixed,petition_dismissed,2211
2006_YLR_71,2006 YLR 71,"35	2006 YLR 71	NISAR AHMAD SIDDIQI VS STATION HOUSE OFFICER, POLICE STATION, CITY MIANWALI - Honorable Justice M. Bilal Khan - Mian Jameel Akhtar , Ch. Aamir Rehman, Addl.A.-G. assisted Tanvir Ahmad Shami for the State with Muhammad Aslam Ghauri	LAHO",Lahore High Court,2006-01-01,1524,full_judgment,mixed,petition_allowed,2377
2006_YLR_703,2006 YLR 703,"195	2006 YLR 703	MUHAMMAD RAMZAN VS Rana LIAQAT ALI - Honorable Justice Muhammad Nawaz Bhatti - M. Mumtaz Malik , Ch. Abdul Sattar Goraya	LAHORE-HIGH-COURT-LAHORE",Lahore High Court,2006-01-01,2670,full_judgment,mixed,revision_dismissed,3329
2006_YLR_708,2006 YLR 708,"196	2006 YLR 708	MUHAMMAD YUSUF VS MUHAMMAD ARSHAD - Honorable Justice Maulvi Anwarul Haq - Malik Saeed Hassan and Taki Ahmad Khan , Nemo	LAHORE-HIGH-COURT-LAHORE",Supreme Court of Pakistan,2006-01-01,1696,full_judgment,mixed,appeal_dismissed,1918
2006_YLR_6,2006 YLR 6,"4	2006 YLR 6	SOBEY KHAN VS State - Honorable Justice M. Bilal Khan - Tahir Lateef Sheikh , Ms. Samina Shehzadi	LAHORE-HIGH-COURT-LAHORE",Supreme Court of Pakistan,2006-01-01,1358,full_judgment,mixed,petition_allowed,1553
2006_YLR_711,2006 YLR 711,"197	2006 YLR 711	Sheikh MEHBOOB AHMED VS Mst. ZAHIDA BEGUM - Honorable Justice Mian Saqib Nisar - Muhammad Sadiq Bhatti , Muhammad Yaqub Chaudhary	LAHORE-HIGH-COURT-LAHORE",Supreme Court of Pakistan,2006-01-01,984,full_judgment,mixed,appeal_dismissed,1308
2006_YLR_712,2006 YLR 712,"198	2006 YLR 712	RIAZ AHMAD VS GOHAR AYUB - Honorable Justice Khawaja Muhammad Sharif - Ch. Imtiaz Ahmad Kamboh , Ch. Muhammad Hanif Khatana Addl. A.-G. with Muhammad Yaqoob	LAHORE-HIGH-COURT-LAHORE",Supreme Court of Pakistan,2006-01-01,1533,full_judgment,mixed,petition_allowed,1242
2006_YLR_721,2006 YLR 721,"201	2006 YLR 721	NAWAB VS QAISER ABBAS - Honorable Justice Mian Saqib Nisar - Ch. Muhammad Afzal Wahla , Saif-ul-Malook	LAHORE-HIGH-COURT-LAHORE",Lahore High Court,2006-01-01,1230,full_judgment,mixed,revision_dismissed,2230
2006_YLR_697,2006 YLR 697,"193	2006 YLR 697	Malik SAEED AHMAD VS ADDI'T'IONAL DISTRICT JUDGE - Honorable Justice Muhammad Jehangir Arshad - Raja Muhammad Suhail Iftikhar , Shabir Ahmad Afghani	LAHORE-HIGH-COURT-LAHORE",Lahore High Court,2006-01-01,1962,full_judgment,mixed,petition_dismissed,2477
2006_YLR_687,2006 YLR 687,"190	2006 YLR 687	BOARD OF INTERMEDIATE AND SECONDARY EDUCATION through Chairman VS SHAHID JAVED SHAHEEN - Honorable Justice Sh. Javaid Sarfraz - Haji Muhammad Aslam Malik , Rao Liaqat Ali Khan	LAHORE-HIGH-COURT-LAHORE",Lahore High Court,2006-01-01,2957,full_judgment,mixed,revision_dismissed,3805
2006_YLR_68,2006 YLR 68,"34	2006 YLR 68	AKHTAR ALI VS Mst. HALEEMA BIBI - Honorable Justice Maulvi Anwarul Haq - Syed Kabeer Mehmood , Ch. Abdul Ghani	LAHORE-HIGH-COURT-LAHORE",Lahore High Court,2006-01-01,1669,full_judgment,mixed,petition_dismissed,2519
2006_YLR_677,2006 YLR 677,187	2006 YLR 677	MUHAMMAD YOUSAF VS LAL DIN - Honorable Justice Muhammad Akhtar Shabbir - Sardar Abdul Majeed Dogar	LAHORE-HIGH-COURT-LAHORE,Lahore High Court,2006-01-01,1713,full_judgment,mixed,revision_dismissed,2397
2006_YLR_680,2006 YLR 680,"188	2006 YLR 680	MUHAMMAD AZAM VS DISTRICT AND SESSIONS JUDGE, GUJRAT",Lahore High Court,2006-01-01,1914,full_judgment,mixed,petition_dismissed,2481
2006_YLR_684,2006 YLR 684,"189	2006 YLR 684	Mst. ZUBAIDA BEGUM VS Syed SAEED-UL-HASSAN HASHMI - Honorable Justice Muhammad Jehangir Arshad - Mian Amir Ahmad , Mian Amir Ahmad	LAHORE-HIGH-COURT-LAHORE",Lahore High Court,2006-01-01,1994,full_judgment,mixed,revision_dismissed,2401
2006_YLR_692,2006 YLR 692,191	2006 YLR 692	FAIZ BUX VS MUHAMMAD SADIQ - Honorable Justice Muhammad Jehangir Arshad - Ch. Irshad Ahmad Jaja	LAHORE-HIGH-COURT-LAHORE,Lahore High Court,2006-01-01,1638,full_judgment,mixed,petition_dismissed,1660
2006_YLR_695,2006 YLR 695,192	2006 YLR 695	Mirza MUSHTAQ AHMED VS MUHAMMAD HUSSAIN - Honorable Justice Sh. Javaid Sarfraz - Malik Mehmood Akhtar Khan	LAHORE-HIGH-COURT-LAHORE,Supreme Court of Pakistan,2006-01-01,1266,full_judgment,mixed,unknown,2601
2006_YLR_460,2006 YLR 460,"132	2006 YLR 460	MUHAMMAD HAFEEZ KHAN VS MUHAMMAD AZEEM - Honorable Justice Ghulam Mustafa Mughal - Muhammad Ayyub Sabir , Raja Muhammad Siddique	HIGH-COURT-AZAD-KASHMIR",Superior Courts of Pakistan,2006-01-01,4263,full_judgment,mixed,appeal_dismissed,4231
2006_YLR_467,2006 YLR 467,"133	2006 YLR 467	AUQAF DEPARTMENT VS MUHAMMAD SADIQ - Honorable Justice Muhammad Jehangir Arshad - Aejaz Ahmad Ansari and M. Shamshair Iqbal Chughtai , Sardar Muhammad Hussain Khan	LAHORE-HIGH-COURT-LAHORE",Lahore High Court,2006-01-01,5786,full_judgment,mixed,unknown,8219
2006_YLR_45,2006 YLR 45,25	2006 YLR 45	GHULAM MUHAMMAD VS MEMBER,Supreme Court of Pakistan,2006-01-01,1664,full_judgment,mixed,petition_dismissed,3343
2006_YLR_554,2006 YLR 554,"153	2006 YLR 554	Shahzada ASHRAF DURRANI VS PROVINCE OF PUNJAB through Chief Secretary - Honorable Justice Sh. Abdul Rashid - Muhammad Ahmad Qayyum , Syed Ijaz Qutab, Mian Hanif Tahir, Muhammad Anzak Raja and Najeeb Faisal Chaudhry	LAHORE-HIGH-COURT-",Lahore High Court,2006-01-01,8227,full_judgment,mixed,petition_allowed,5138
2006_YLR_573,2006 YLR 573,"156	2006 YLR 573	Sheikh SULTAN TRUST VS EXCISE AND TAXATION OFFICER - Honorable Justice SABIHUDDIN AHMAD - Messrs Hafiz Abdul Baqi and Raghib Baqi , Muhammad Qasim Mirjat, Asstt. A.-G.	KARACHI-HIGH-COURT-SINDH",Supreme Court of Pakistan,2006-01-01,1720,full_judgment,mixed,petition_dismissed,2165
2006_YLR_567,2006 YLR 567,154	2006 YLR 567	JAMILA BANO VS UNIVERSITY OF KARACHI - Honorable Justice Ghulam Rabbani and Munib Ahmad Khan - Syed Nasir Abbas Rizvi	KARACHI-HIGH-COURT-SINDH,High Court of Sindh,2006-01-01,1444,full_judgment,mixed,petition_dismissed,1750
2006_YLR_569,2006 YLR 569,"155	2006 YLR 569	Professor Dr. SHAMIM HASSAN VS VICE-CHANCELLOR, UNIVERSITY OF HEALTH SCIENCES - Honorable Justice Muhammad Nawaz Bhatti - Muhammad Ramzan Khalid Joyia , Muhammad Asif Ismail	LAHORE-HIGH-COURT-LAHORE",Supreme Court of Pakistan,2006-01-01,1992,full_judgment,mixed,unknown,2759
2006_YLR_56,2006 YLR 56,"29	2006 YLR 56	MUHAMMAD RAMZAN VS SENIOR SUPERINTENDENT OF POLICE, DISTRICT OKARA - Honorable Justice M. Bilal Khan - Arif Chaudhry , Muhammad Ahsan Bhoon	LAHORE-HIGH-COURT-LAHORE",Lahore High Court,2006-01-01,1359,full_judgment,mixed,petition_dismissed,1650
2006_YLR_73,2006 YLR 73,"36	2006 YLR 73	SAHIB DAD KHAN VS LAL KHAN NIAZI - Honorable Justice Muhammad Jehangir Arshad - Inyatullah Khan Niazi , Zahid Hussain Khan	LAHORE-HIGH-COURT-LAHORE",Lahore High Court,2006-01-01,2318,full_judgment,mixed,disposed_of,3851
2006_YLR_741,2006 YLR 741,"215	2006 YLR 741	ATTA ULLAH VS MUHAMMAD MUMTAZ - Honorable Justice Jawwad S. Khawaja - Mian Hamayoon Aslam , Muhammad Yaqoob Sidhu	LAHORE-HIGH-COURT-LAHORE",Lahore High Court,2006-01-01,1615,full_judgment,mixed,revision_allowed,2612
2006_YLR_739,2006 YLR 739,"213	2006 YLR 739	ALLAH DAD VS DISTRICT RETURNING OFFICER - Honorable Justice Nazir Ahmed Siddiqui - Mian Abbas Ahmad , M.R. Khalid Malik	LAHORE-HIGH-COURT-LAHORE",Lahore High Court,2006-01-01,626,full_judgment,mixed,petition_dismissed,884
2006_YLR_734,2006 YLR 734,"210	2006 YLR 734	ZAHID-UR-REHMAN VS State - Honorable Justice Rustam Ali Malik - Shehryar Sheikh , Ghulam Asghar Qadri	LAHORE-HIGH-COURT-LAHORE",Supreme Court of Pakistan,2006-01-01,1410,full_judgment,mixed,revision_allowed,1332
2006_YLR_744,2006 YLR 744,"216	2006 YLR 744	JAM MANZOOR HUSSAIN VS ELECTION COMMISSION OF PAKISTAN, ISLAMABAD - Honorable Justice Maulvi Anwarul Haq and Ijaz Ahmad Chaudhry - Malik Muhammad Tariq Rajwana and Maulvi Soltan Alam Ansari , Mian Abbas Ahmad	LAHORE-HIGH-COURT-LAHORE",Lahore High Court,2006-01-01,1101,full_judgment,mixed,appeal_dismissed,2327
2006_YLR_775,2006 YLR 775,"230	2006 YLR 775	SAJJAD ALI VS MUHAMMAD KHAN - Honorable Justice Syed Hamid Ali Shah - Muhammad Ahsan Bhoon , Ch. Muhammad Akram Sindhu	LAHORE-HIGH-COURT-LAHORE",High Court of Sindh,2006-01-01,1707,full_judgment,mixed,appeal_allowed,1609
2006_YLR_789,2006 YLR 789,"233	2006 YLR 789	SHAUKAT ALI VS CHIEF ELECTION COMMISSIONER OF PAKISTAN - Honorable Justice Nazir Ahmad Siddiqui - Amin-ud-Din Khan , Malik Muhammad Rafiquc Rajwana and Malik M. Tariq Rajwana	LAHORE-HIGH-COURT-LAHORE",Lahore High Court,2006-01-01,1863,full_judgment,mixed,petition_dismissed,1912
2006_YLR_77,2006 YLR 77,"37	2006 YLR 77	GHAZANFAR ABBAS alias GHAZOO VS State - Honorable Justice Sh. Javaid Sarfraz - Ch. Pervaiz Aftab , Muhammad Sabir Qureshi	LAHORE-HIGH-COURT-LAHORE",Lahore High Court,2006-01-01,1219,full_judgment,mixed,remanded,1616
2006_YLR_792,2006 YLR 792,"234	2006 YLR 792	MUHAMMAD HANIF alias MEHDI VS State - Honorable Justice Mian Muhammad Najam-uz-Zaman - Ch. Imtiaz Hussain Bhatti with Muhammad Azam , Mirza Abdullah Baig	LAHORE-HIGH-COURT-LAHORE",Lahore High Court,2006-01-01,1818,full_judgment,mixed,appeal_allowed,1888
2006_YLR_785,2006 YLR 785,"232	2006 YLR 785	Mst. BARKAT BIBI VS AMEER ALAM MUNIR - Honorable Justice Muhammad Khalid Alvi - Ch. Bashir Hussain Khalid , Rana Rashid Akram Khan	LAHORE-HIGH-COURT-LAHORE",Lahore High Court,2006-01-01,2438,full_judgment,mixed,appeal_allowed,2663
2006_YLR_766,2006 YLR 766,"227	2006 YLR 766	NAZAR VS State - Honorable Justice KHAWAJA MUHAMMAD SHARIF - Zafar Iqbal Chohan , Sardar Abdul Majeed Dogar	LAHORE-HIGH-COURT-LAHORE",Lahore High Court,2006-01-01,2373,full_judgment,mixed,appeal_allowed,2183
2006_YLR_759,2006 YLR 759,"225	2006 YLR 759	MUHAMMAD RAMZAN VS Mst. SATTAN - Honorable Justice Mian Saqib Nisar - Syed Muhammad Kaleem Ahmad Khurshid , Ras Tariq Chaudhry	LAHORE-HIGH-COURT-LAHORE",Lahore High Court,2006-01-01,2796,full_judgment,mixed,revision_dismissed,3606
2006_YLR_751,2006 YLR 751,"220	2006 YLR 751	RASHEED AHMAD VS HOUSE BUILDING FINANCE CORPORATION - Honorable Justice Muhammad Sayeed Akhtar - Mian Ghulam Rasool , Syed Fazal-ur-Rehman Gillani	LAHORE-HIGH-COURT-LAHORE",Lahore High Court,2006-01-01,998,full_judgment,mixed,appeal_dismissed,1653
2006_YLR_756,2006 YLR 756,"223	2006 YLR 756	ARSHAD ASLAM KHAN VS ELECTION COMMISSION OF PAKISTAN through Secretary - Honorable Justice Maulvi Anwarul Haq - Mian Abbas Ahmad , Rao Jamshaid Ali	LAHORE-HIGH-COURT-LAHORE",Lahore High Court,2006-01-01,874,full_judgment,mixed,petition_allowed,1895
2006_YLR_763,2006 YLR 763,through Legal Heirs VS RIASAT ALI - Honorable Justice Muhammad Sair Ali - Mehdi Khan Chowhan	LAHORE-HIGH-COURT-LAHORE,Lahore High Court,2006-01-01,1367,full_judgment,mixed,unknown,1757
2006_YLR_797,2006 YLR 797,"236	2006 YLR 797	MUHAMMAD FAYYAZ VS RETURNING OFFICER, UNION COUNCIL NO.20. LODHRAN ' - Honorable Justice Nazir Ahmad Siddiqui - Ch. Abdul Sattar Goraya , Malik M. Rafique Rajwana and Malik M. Tariq Rajwana,Rao Muhammad Ramzan	LAHORE-HIGH-COURT-LAHOR",Lahore High Court,2006-01-01,1871,full_judgment,mixed,appeal_dismissed,1436
2006_YLR_79,2006 YLR 79,"38	2006 YLR 79	ASAD SHUJA SIDDIQUI through General Attorney VS LAHORE DEVELOPMENT AUTHORITY, LAHORE through Director General - Honorable Justice Ch. Ijaz Ahmad - Ch. Shaukat Ali Saqib , Mian Muzaffar Hussain, LAILDA,M. Hanif Khatana, Addl. A.-G.,Khaw",Lahore High Court,2006-01-01,1937,full_judgment,mixed,disposed_of,2633
2006_YLR_814,2006 YLR 814,239	2006 YLR 814	LIAQAT ALI VS DEPUTY COMMISSIONER,Lahore High Court,2006-01-01,1218,full_judgment,mixed,petition_allowed,2472
2006_YLR_807,2006 YLR 807,"238	2006 YLR 807	MUHAMMAD BOSTAN VS State - Honorable Justice KHAWAJA MUHAMMAD SHARIF - Sardar Muhammad Ishaq , Tanvir Iqbal, A.A.-G.	LAHORE-HIGH-COURT-LAHORE",Lahore High Court,2006-01-01,4322,full_judgment,mixed,appeal_allowed,3369
2006_YLR_816,2006 YLR 816,"240	2006 YLR 816	Mian NAZIR AHMAD VS WAPDA through Chairman - Honorable Justice MIAN SAQIB NISAR - Khawaja Haris Ahmad , Tariq Kamal Qazi	LAHORE-HIGH-COURT-LAHORE",Lahore High Court,2006-01-01,1361,full_judgment,mixed,appeal_dismissed,3284
2006_YLR_800,2006 YLR 800,"237	2006 YLR 800	KHALID HUSSAIN VS State - Honorable Justice ALI NAWAZ CHOWHAN - Azam Nazeer Tarar , Inyat Ullah Cheema	LAHORE-HIGH-COURT-LAHORE",Lahore High Court,2006-01-01,3354,full_judgment,mixed,disposed_of,2229
2006_YLR_850,2006 YLR 850,"251	2006 YLR 850	Haji Malik MUHAMMAD NAWAZ VS DISTRICT RETURNING OFFICER, MULTAN - Honorable Justice Maulvi Anwarul Haq - Pir Masood-ul-Hassan Chishti , Mehmood Ashraf Khan	LAHORE-HIGH-COURT-LAHORE",Lahore High Court,2006-01-01,1167,full_judgment,mixed,disposed_of,1476
2006_YLR_858,2006 YLR 858,"255	2006 YLR 858	ABDUL RAZAQ VS State - Honorable Justice AKHTAR ZAMAN MALGHANI - Nasir Kasi , Amanullah Tareen, Asstt.A.-G.	QUETTA-HIGH-COURT-BALOCHISTAN",High Court of Balochistan,2006-01-01,3737,full_judgment,mixed,appeal_dismissed,3180
2006_YLR_376,2006 YLR 376,"109	2006 YLR 376	Malik ASHRAF AWAN VS GOVERNMENT OF PUNJAB through Inspector-General of Police, Punjab - Honorable Justice SARDAR MUHAMMAD ASLAM - Mian Muhammad Abbas	LAHORE-HIGH-COURT-LAHORE",Lahore High Court,2006-01-01,1336,full_judgment,mixed,appeal_allowed,2593
2006_YLR_370,2006 YLR 370,"107	2006 YLR 370	MUZAMMIL SHAHZAD VS BAHAUDDIN ZAKARIYA UNIVERSITY, MULTAN through Vice-Chancellor - Honorable Justice Muhammad Nawaz Bhatti - Muhammad Amir Bhatti , Malik Muhammad Rafique Rajwana and Malik Muhammad Tariq Rajwana	LAHORE-HIGH-COURT-LA",Supreme Court of Pakistan,2006-01-01,1122,full_judgment,mixed,petition_dismissed,1655
2006_YLR_361,2006 YLR 361,"105	2006 YLR 361	GHULAM HUSSAIN VS Khawaja MUHAMMAD IQBAL - Honorable Justice Farrukh Latif - Mian Habib-ur-Rehman Ansari , Mirza Manzoor Ahmad	LAHORE-HIGH-COURT-LAHORE",Lahore High Court,2006-01-01,2856,full_judgment,mixed,appeal_dismissed,2915
2006_YLR_378,2006 YLR 378,"110	2006 YLR 378	Mst. SABIHA VS State - Honorable Justice IJAZ-UL-HASSAN KHAN - Muhammad Arif Khan , Ms. Neelam Khan	PESHAWAR-HIGH-COURT",Peshawar High Court,2006-01-01,1637,full_judgment,mixed,appeal_dismissed,2750
2006_YLR_383,2006 YLR 383,"113	2006 YLR 383	MUHAMMAD RAFIQUE VS DISTRICT RETURNING OFFICER - Honorable Justice Muhammad Jehangir Arshad - Masud Ahmad Khan , Ch. Ijaz Ahmad, Ghazanfar Ali Khan and Mirza Muhammad Azam	LAHORE-HIGH-COURT-LAHORE",Lahore High Court,2006-01-01,2148,full_judgment,mixed,appeal_dismissed,4694
2006_YLR_366,2006 YLR 366,"106	2006 YLR 366	MUNIR AHMED VS State - Honorable Justice SHAMSUDDIN HISBANI - Allah Bachayo Soomro , Rasheed A. Qureshi	KARACHI-HIGH-COURT-SINDH",High Court of Sindh,2006-01-01,2059,full_judgment,mixed,remanded,1944
2006_YLR_372,2006 YLR 372,"108	2006 YLR 372	MEHBOOB ALI VS State - Honorable Justice Shamsuddin Hisbani - Allah Bachayo Soomro , Mashooq Ali Sammo	KARACHI-HIGH-COURT-SINDH",High Court of Sindh,2006-01-01,1978,full_judgment,mixed,appeal_allowed,2761
2006_YLR_382,2006 YLR 382,"112	2006 YLR 382	TAHIR SHUJJAH VS State - Honorable Justice Muhammad Sadiq Leghari - Saathi M. Ishaque , Habibur Rasheed	KARACHI-HIGH-COURT-SINDH",High Court of Sindh,2006-01-01,541,full_judgment,mixed,unknown,787
2006_YLR_381,2006 YLR 381,"111	2006 YLR 381	FAISAL RAZA VS BAHAUDDIN ZAKARIYA UNIVERSITY, MULTAN through Chancellor - Honorable Justice Muhammad Nawaz Bhatti - Zafar Ullah Khan Khakwani , Malik Muhammad Tariq Rajwana,2. Learned counsel	LAHORE-HIGH-COURT-LAHORE",Lahore High Court,2006-01-01,296,headnote_only,mixed,disposed_of,1176
2006_YLR_836,2006 YLR 836,"246	2006 YLR 836	MUKHTAR AHMED VS NATIONAL ACCOUNTABILITY BUREAU - Honorable Justice TANVIR BASHIR ANSARI - Malik Rab Nawaz Noon and Dr. Babar Awan , Sardar Asmat Ullah Khan	LAHORE-HIGH-COURT-LAHORE",Lahore High Court,2006-01-01,2621,full_judgment,mixed,unknown,3183
2006_YLR_828,2006 YLR 828,"244	2006 YLR 828	ALTAF HUSAIN VS HANIF HASSAN - Honorable Justice Syed Hamid Ali Shah - Mirza Hafeez-ur-Rehman , Abdul Latif	LAHORE-HIGH-COURT-LAHORE",Lahore High Court,2006-01-01,1460,full_judgment,mixed,appeal_allowed,2719
2006_YLR_831,2006 YLR 831,"245	2006 YLR 831	Mst. BAKHAN VS AHMAD YAR - Honorable Justice Mian Saqib Nisar - Muhammad Farooq Qureshi Chishti , Mian Dilawar Mehmood along with Muhammad Sadiq	LAHORE-HIGH-COURT-LAHORE",Lahore High Court,2006-01-01,3554,full_judgment,mixed,unknown,2847
2006_YLR_824,2006 YLR 824,243	2006 YLR 824	DOST MUHAMMAD VS GHULAM NOOR,Lahore High Court,2006-01-01,2562,full_judgment,mixed,appeal_allowed,2958
2006_YLR_83,2006 YLR 83,"39	2006 YLR 83	Mst. RABIA VS D.P.O., MUZAFFARGARH - Honorable Justice Ijaz Ahmad Chaudhry - Mian Bashir Ahmad Bhatti assisted by Tahir Mehmood , M.R. Khalid Malik Addl. A.-G., Malik Muntazir Mehdi	LAHORE-HIGH-COURT-LAHORE",Lahore High Court,2006-01-01,2561,full_judgment,mixed,petition_allowed,2497
2006_YLR_398,2006 YLR 398,"119	2006 YLR 398	ABBAS ALI SHAH VS MUHAMMAD BASHIR - Honorable Justice Maulvi Anwarul Haq - Ahmad Nadeem Khan Chandia and Muhammad Naveed Hashmi , Sh. Muhammad Rafiq Goreja	LAHORE-HIGH-COURT-LAHORE",Lahore High Court,2006-01-01,1826,full_judgment,mixed,appeal_allowed,1576
2006_YLR_388,2006 YLR 388,"115	2006 YLR 388	MUHAMMAD ARSHAD VS RETURNING OFFICER - Honorable Justice Muhammad Jehangir Arshad - Rehan Zafar , Mian Muhammad Afzal Watto	LAHORE-HIGH-COURT-LAHORE",Lahore High Court,2006-01-01,1649,full_judgment,mixed,petition_dismissed,3281
2006_YLR_38,2006 YLR 38,21	2006 YLR 38	WATER AND POWER DEVELOPMENT AUTHORITY through Chairman VS MUHAMMAD BOOTA - Honorable Justice Syed Zahid Hussain - 2. Whereas the main contention of the learned counsel	LAHORE-HIGH-COURT-LAHORE,Lahore High Court,2006-01-01,859,full_judgment,mixed,disposed_of,2735
2006_YLR_401,2006 YLR 401,"120	2006 YLR 401	MAMOOR SHAH VS State - Honorable Justice SHAHZAD AKBAR KHAN - Abdul Karim Khan , Salahuddin Khan	PESHAWAR-HIGH-COURT",Peshawar High Court,2006-01-01,1434,full_judgment,mixed,appeal_allowed,2235
2006_YLR_391,2006 YLR 391,"116	2006 YLR 391	Haji GUL MUHAMMAD VS State - Honorable Justice Anwar Zaheer Jamali - Syed Madad Ali Shah , Anwar H. Ansari	KARACHI-HIGH-COURT-SINDH",High Court of Sindh,2006-01-01,581,full_judgment,mixed,petition_allowed,1564
2006_YLR_394,2006 YLR 394,"118	2006 YLR 394	Mst. BHAGARI VS KHIA - Honorable Justice Maulvi Anwarul Haq - Malik Muhammad Sharif , Kabir Mehmood	LAHORE-HIGH-COURT-LAHORE",Lahore High Court,2006-01-01,2063,full_judgment,mixed,revision_allowed,2533
2006_YLR_408,2006 YLR 408,"123	2006 YLR 408	SHOUKAT ALI VS State - Honorable Justice Muhammad Nawaz Bhatti - Abid Husain Bhutta , Masood Sabir	LAHORE-HIGH-COURT-LAHORE",Supreme Court of Pakistan,2006-01-01,842,full_judgment,mixed,unknown,1268
2006_YLR_392,2006 YLR 392,"117	2006 YLR 392	AHMAD KHAN VS ELECTION COMMISSION OF PAKISTAN - Honorable Justice Maulvi Anwarul Haq - Mian Abbas Ahmad , Abdul Aziz Khan	LAHORE-HIGH-COURT-LAHORE",Lahore High Court,2006-01-01,1190,full_judgment,mixed,petition_allowed,1806
2006_YLR_406,2006 YLR 406,"122	2006 YLR 406	MAZHAR IQBAL VS State - Honorable Justice Sh. Javaid Sarfraz - Ahmad Raza , Muhammad Yosuaf Syed	LAHORE-HIGH-COURT-LAHORE",Supreme Court of Pakistan,2006-01-01,856,full_judgment,mixed,petition_allowed,1803
2006_YLR_403,2006 YLR 403,"121	2006 YLR 403	MUHAMMAD WASEEM ZAFAR VS CHAIRMAN, ADMISSION BOARD, MEDICAL COLLEGES - Honorable Justice Maulvi Anwarul Haq - Mian Mushtaq Ahmad	LAHORE-HIGH-COURT-LAHORE",Lahore High Court,2006-01-01,1705,full_judgment,mixed,petition_allowed,2773
2006_YLR_39,2006 YLR 39,"22	2006 YLR 39	ARSHAD FAROOQ SIDDIQUI VS State - Honorable Justice Muhammad Mujeebullah Siddiqui - Kumail Ahmed Shirazee and Saeeda Siddiqui , Tanvir Sibtain Mahmud,S. Ziauddin Nasir, Standing Counsel	KARACHI-HIGH-COURT-SINDH",High Court of Sindh,2006-01-01,1035,full_judgment,mixed,unknown,1610
2006_YLR_387,2006 YLR 387,"114	2006 YLR 387	AKHUND JAWAID AKHTAR SIDDIQUI VS State - Honorable Justice Anwar Zaheer Jamali - Syed Madad Ali Shah , Anwar H. Ansari	KARACHI-HIGH-COURT-SINDH",High Court of Sindh,2006-01-01,546,full_judgment,mixed,disposed_of,1182
2007_YLR_1149,2007 YLR 1149,"362	2007 YLR 1149	ALI AMMAR VS State - Honorable Justice Syed Shabbar Raza Rizvi - Muhammad Kazim Khan , Ch. Khurshid Anwar Bhinder	LAHORE-HIGH-COURT-LAHORE",Lahore High Court,2007-01-01,636,full_judgment,mixed,petition_allowed,1892
2007_YLR_1188,2007 YLR 1188,"378	2007 YLR 1188	MUHAMMAD YOUSAF VS State - Honorable Justice Muhammad Jehangir Arshad - Abdul Rehman Khan , Ghulam Nabi Khan	LAHORE-HIGH-COURT-LAHORE",Supreme Court of Pakistan,2007-01-01,575,full_judgment,mixed,unknown,1352
2007_YLR_1148,2007 YLR 1148,"360	2007 YLR 1148	ABDUL MATEEN VS State - Honorable Justice Khilji Arif Hussain - Lal Chand Mamtani , Shahida Jatoi	KARACHI-HIGH-COURT-SINDH",High Court of Sindh,2007-01-01,360,full_judgment,mixed,unknown,602
2007_YLR_1144,2007 YLR 1144,"357	2007 YLR 1144	ALI AHMED VS State - Honorable Justice Muhammad Athar Saeed - Muhammad Yaseen , Agha Zafir A.A.-G.	KARACHI-HIGH-COURT-SINDH",High Court of Sindh,2007-01-01,506,full_judgment,mixed,unknown,775
2007_YLR_1190,2007 YLR 1190,"379	2007 YLR 1190	Mst. RAZIA BEGUM VS State - Honorable Justice M. Bilal Khan - Zafar Iqbal Chowhan , Sh. Khalid Habib	LAHORE-HIGH-COURT-LAHORE",Supreme Court of Pakistan,2007-01-01,773,full_judgment,mixed,petition_allowed,1572
2007_YLR_1184,2007 YLR 1184,"375	2007 YLR 1184	MUHAMMAD AHMED VS State - Honorable Justice M. Bilal Khan - N. A. Butt , Abdul Majeed Chishti	LAHORE-HIGH-COURT-LAHORE",Supreme Court of Pakistan,2007-01-01,899,full_judgment,mixed,unknown,1526
2007_YLR_1182,2007 YLR 1182,"374	2007 YLR 1182	GHULAM AKBAR VS State - Honorable Justice Ijaz Ahmad Chaudhry - Rana Sohail Ashraf , Saif Ullah Khalid	LAHORE-HIGH-COURT-LAHORE",Supreme Court of Pakistan,2007-01-01,1039,full_judgment,mixed,unknown,1741
2007_YLR_1193,2007 YLR 1193,382	2007 YLR 1193	NASEER AHMAD GHUMAN VS JAMIA MASJID BAGHDADI HANFI RIZVI BRAILVI,Lahore High Court,2007-01-01,705,full_judgment,mixed,petition_dismissed,1388
2007_YLR_1194,2007 YLR 1194,"383	2007 YLR 1194	AZHAR HUSSAIN VS State - Honorable Justice Hasnat Ahmad Khan - Malik Muhammad Iftikhar Arif , Ms. Asiya Abbasi	LAHORE-HIGH-COURT-LAHORE",Supreme Court of Pakistan,2007-01-01,1585,full_judgment,mixed,unknown,2741
2007_YLR_1146,2007 YLR 1146,"359	2007 YLR 1146	MUHAMMAD ASHRAF VS State - Honorable Justice Khawaja Muhammad Sharif - Shahid Hameed Dar , Chaudhry Muhammad Hanif Khatana A.A.-G. assisted by Muhammad Tufail for the State with Shaukat Ali	LAHORE-HIGH-COURT-LAHORE",Supreme Court of Pakistan,2007-01-01,944,full_judgment,mixed,unknown,1588
2007_YLR_1143,2007 YLR 1143,"356	2007 YLR 1143	ZAHID alias TAHIR VS State - Honorable Justice Sh. Javaid Sarfraz - Samson Joseph , Nasim Noor	LAHORE-HIGH-COURT-LAHORE",Supreme Court of Pakistan,2007-01-01,567,full_judgment,mixed,unknown,1352
2007_YLR_1187,2007 YLR 1187,"377	2007 YLR 1187	MUQADDAS SHAH VS SENIOR CIVIL JUDGE - Honorable Justice TARIQ SHAMIM - Pir Syed Kaleem Khurshid , Mian M. Rauf Ahmad	LAHORE-HIGH-COURT-LAHORE",Lahore High Court,2007-01-01,652,full_judgment,mixed,appeal_dismissed,1178
2007_YLR_1186,2007 YLR 1186,"376	2007 YLR 1186	MUHAMMAD HAYAT VS State - Honorable Justice Ijaz Ahmad Chaudhry - Mian Muhammad Hussain Chotya , Ms. Tahira Sultan	LAHORE-HIGH-COURT-LAHORE",Supreme Court of Pakistan,2007-01-01,845,full_judgment,mixed,petition_allowed,1465
2007_YLR_1152,2007 YLR 1152,"364	2007 YLR 1152	NAZAR HUSSAIN VS State - Honorable Justice Fazal-e-Miran Chauhan - Muhammad Waseem Shahab , Rao Atif Nawaz	LAHORE-HIGH-COURT-LAHORE",Supreme Court of Pakistan,2007-01-01,673,full_judgment,mixed,unknown,1418
2007_YLR_1145,2007 YLR 1145,"358	2007 YLR 1145	MUHAMMAD QAMAR VS State - Honorable Justice Muhammad Khalid Alvi - Malik Muhammad Aslam , Muhammad Afzal Pansota	LAHORE-HIGH-COURT-LAHORE",Supreme Court of Pakistan,2007-01-01,608,full_judgment,mixed,unknown,1268
2007_YLR_1197,2007 YLR 1197,"ANF SINDH VS Messrs NAUSHAD ALI AND SALEEM ASSOCIATES BUILDERS - Honorable Justice RAHMAT HUSSAIN JAFFERI - Sibtain Mehmood , Miss Wajida Maryam Mehdi	KARACHI-HIGH-COURT-SINDH",High Court of Sindh,2007-01-01,2964,full_judgment,mixed,appeal_dismissed,2842
2007_YLR_1192,2007 YLR 1192,"381	2007 YLR 1192	MUHAMMAD ILYAS VS State - Honorable Justice M. Bilal Khan - Rana Muhammad Arshad Khan , Mrs. Shazia Khalil	LAHORE-HIGH-COURT-LAHORE",Supreme Court of Pakistan,2007-01-01,682,full_judgment,mixed,unknown,1291
2007_YLR_1150,2007 YLR 1150,"363	2007 YLR 1150	NAWAB DIN alias BABU VS State - Honorable Justice Syed Sakhi Hussain Bokhari - Muqtedir Akhtar Shabbir , Mian Abdul Qayyum	LAHORE-HIGH-COURT-LAHORE",Supreme Court of Pakistan,2007-01-01,758,full_judgment,mixed,unknown,1296
2007_YLR_1181,2007 YLR 1181,"373	2007 YLR 1181	MUHAMMAD AMIN VS State - Honorable Justice M. A. Shahid Siddiqui - N. A. Butt , Mirza Abdullah Baig	LAHORE-HIGH-COURT-LAHORE",Supreme Court of Pakistan,2007-01-01,423,full_judgment,mixed,unknown,889
2007_YLR_1191,2007 YLR 1191,380	2007 YLR 1191	NASEER AHMED GHUMAN VS ABDUL JABBAR KHAN - Honorable Justice Mian Muhammad Najam-uz-Zaman and Ijaz Ahmad Chaudhry - Pervaiz Inayat Malik	LAHORE-HIGH-COURT-LAHORE,Lahore High Court,2007-01-01,420,full_judgment,mixed,petition_dismissed,1352
2006_YLR_967,2006 YLR 967,"301	2006 YLR 967	GHULAM YASEEN VS Mst. NASREEN - Honorable Justice Muhammad Nawaz Bhatti - Malik Junaid Farooq Wajdani , Muhammad Muharban Ranjha	LAHORE-HIGH-COURT-LAHORE",Lahore High Court,2006-01-01,1549,full_judgment,mixed,petition_dismissed,2315
2006_YLR_954,2006 YLR 954,"295	2006 YLR 954	ABDUL MAJEED VS State - Honorable Justice AHMED KHAN LASHARI - Naseer Ahmed Bangulzai and Farooq Anwar , Khalid Dogar	QUETTA-HIGH-COURT-BALOCHISTAN",High Court of Balochistan,2006-01-01,1404,full_judgment,mixed,appeal_dismissed,2243
2006_YLR_941,2006 YLR 941,"289	2006 YLR 941	MUHAMMAD MUSTAFA VS JANAT BIBI - Honorable Justice Muhammad Jehangir Arshad - Ch. Muhammad Afzal Pansota , Muhammad Yasin Matti	LAHORE-HIGH-COURT-LAHORE",Lahore High Court,2006-01-01,1458,full_judgment,mixed,revision_allowed,1267
2006_YLR_956,2006 YLR 956,"296	2006 YLR 956	MUHAMMAD HUSSAIN VS State - Honorable Justice KHAWAJA MUHAMMAD SHARIF - Naveed Ahmad Khawaja , Naveed Ahmad Khawaja	LAHORE-HIGH-COURT-LAHORE",Lahore High Court,2006-01-01,1950,full_judgment,mixed,unknown,2756
2006_YLR_944,2006 YLR 944,"290	2006 YLR 944	SHER AMEER VS State - Honorable Justice M. A. Shahid Siddiqui - Muhammad Masood Chishti, , Ms. Samia Bashir	LAHORE-HIGH-COURT-LAHORE",Supreme Court of Pakistan,2006-01-01,568,full_judgment,mixed,unknown,1168
2006_YLR_96,2006 YLR 96,"43	2006 YLR 96	MUHAMMAD HUSSAIN VS CIVIL JUDGE, ALIPUR DISTRICT MUZAFFARGARH",Supreme Court of Pakistan,2006-01-01,2015,full_judgment,mixed,petition_dismissed,2268
2006_YLR_915,2006 YLR 915,"273	2006 YLR 915	ABDUL WAHID VS State - Honorable Justice AKHTAR ZAMAN MALGHANI - Ashraf Khan Tanoli , Inayatullah Kansi	QUETTA-HIGH-COURT-BALOCHISTAN",Supreme Court of Pakistan,2006-01-01,1871,full_judgment,mixed,petition_dismissed,1823
2006_YLR_8,2006 YLR 8,"5	2006 YLR 8	MUDASSAR HUSSAIN KHAN VS DISTRICT RETURNING OFFICER - Honorable Justice Syed Shabbar Raza Rizvi - Ch. Muhammad Amin Javaid , Dr. S. Farooq A. Hassan Barrister",Lahore High Court,2006-01-01,906,full_judgment,mixed,disposed_of,1758
2006_YLR_891,2006 YLR 891,"264	2006 YLR 891	Syed AMIN ULLAH VS SELECTION COMMITTEE FOR BOLAN MEDICAL COLLEGE through Chairman - Honorable Justice Raja Fayyaz Ahmed, C.J. and Muhammad Nadir Khan - Muhammad Qahir Shah , Addl. A.-G. and Raja M. Afsar,Mr. Muhammad Qahir Shah, lear",High Court of Balochistan,2006-01-01,3037,full_judgment,mixed,petition_dismissed,2364
2006_YLR_896,2006 YLR 896,"265	2006 YLR 896	MUHAMMAD YOUNUS VS MUHAMMAD AKRAM - Honorable Justice Jawwad S. Khawaja - Muhammad Farooq Qureshi Chishti , Ch. Muhammad Yaqoob Sandhu	LAHORE-HIGH-COURT-LAHORE",Lahore High Court,2006-01-01,3957,full_judgment,mixed,unknown,7427
2006_YLR_907,2006 YLR 907,"WEALTH TAX, COMPANIES ZONE, FAISALABAD VS M",Lahore High Court,2006-01-01,1014,full_judgment,mixed,appeal_dismissed,2229
2007_YLR_111,2007 YLR 111,"33	2007 YLR 111	MUHAMMAD AFZAL VS State - Honorable Justice IJAZ AHMAD CHAUDHRY - Kh. Sultan Ahmad , Mian Abdul Qayyum Anjum	LAHORE-HIGH-COURT-LAHORE",Lahore High Court,2007-01-01,10172,full_judgment,mixed,unknown,5243
2007_YLR_1138,2007 YLR 1138,"355	2007 YLR 1138	ABDUL SATTAR alias MUHAMMAD ILYAS VS State - Honorable Justice MUHAMMAD FARRUKH MAHMUD - Syed Zahid Hussain Bokhari , Akhtar Ali Monga and Ch. Nazeer Ahmad	LAHORE-HIGH-COURT-LAHORE",Lahore High Court,2007-01-01,2858,full_judgment,mixed,appeal_allowed,3775
2007_YLR_1136,2007 YLR 1136,"354	2007 YLR 1136	NAEEM BAIG VS Haji ABDUL GHANI - Honorable Justice Muhammad Sadiq Leghari - Chaudhry Abdul Rasheed , Rana Khan	KARACHI-HIGH-COURT-SINDH",Supreme Court of Pakistan,2007-01-01,1492,full_judgment,mixed,unknown,1540
2007_YLR_10,2007 YLR 10,"4	2007 YLR 10	TARIQ MAHMOOD VS MOUJ DIN - Honorable Justice Muhammad Akhtar Shabbir - Hafiz Khalil Ahmad , Nadeem Mahmud Mian	LAHORE-HIGH-COURT-LAHORE",Lahore High Court,2007-01-01,1011,full_judgment,mixed,revision_dismissed,1620
2007_YLR_109,2007 YLR 109,32	2007 YLR 109	HARAPPA TEXTILE MILLS LIMITED VS Messrs B.A.S.F. PAKISTAN,Lahore High Court,2007-01-01,1126,full_judgment,mixed,unknown,2678
2007_YLR_1135,2007 YLR 1135,"353	2007 YLR 1135	Rana RIAZ AHMAD VS State - Honorable Justice Sardar Muhammad Aslam - Rana Iqbal Ahmad Khan , Ahmad Rauf	LAHORE-HIGH-COURT-LAHORE",Lahore High Court,2007-01-01,446,full_judgment,mixed,revision_allowed,1334
2007_YLR_1214,2007 YLR 1214,"389	2007 YLR 1214	MUHAMMAD SALEEM VS State - Honorable Justice M. A. SHAHID SIDDIQUI - Ch. Majid Hussain , Abdullah Hameed Awan	LAHORE-HIGH-COURT-LAHORE",Lahore High Court,2007-01-01,3340,full_judgment,mixed,unknown,2357
2007_YLR_1219,2007 YLR 1219,"390	2007 YLR 1219	CHIEF ENGINEER, WAPDA VS MANZOOR AHMAD - Honorable Justice MUHAMMAD JEHANGIR ARSHAD - Hafiz Muhammad Abdul Qayum , Ch. Muhammad Nawaz	LAHORE-HIGH-COURT-LAHORE",Lahore High Court,2007-01-01,1806,full_judgment,mixed,unknown,3425
2007_YLR_1203,2007 YLR 1203,"385	2007 YLR 1203	MUHAMMAD ISHAQUE VS State - Honorable Justice IJAZ AHMAD CHAUDHRY - Ch. Muhammad Anwar Bhinder , Ms. Najma Parveen	LAHORE-HIGH-COURT-LAHORE",Lahore High Court,2007-01-01,4099,full_judgment,mixed,appeal_allowed,2978
2007_YLR_1222,2007 YLR 1222,"391	2007 YLR 1222	LIAQUAT ALI VS SPECIAL JUDGE, ANTI-TERRORISM COURT NO.1, GUJRANWALA - Honorable Justice SH. ABDUR RASHID - Khalid Masood Ch. , Najeeb Faisal Ch.	LAHORE-HIGH-COURT-LAHORE",Lahore High Court,2007-01-01,1324,full_judgment,mixed,unknown,1948
2007_YLR_1210,2007 YLR 1210,"387	2007 YLR 1210	MUHAMMAD FAROOQ VS State - Honorable Justice Syed Sajjad Hussain Shah - Syed Ali Raza Giliani , Maqbool Ahmed Qureshi	LAHORE-HIGH-COURT-LAHORE",Supreme Court of Pakistan,2007-01-01,1323,full_judgment,mixed,appeal_dismissed,1592
2007_YLR_1213,2007 YLR 1213,"388	2007 YLR 1213	SAEEDAN BIBI VS NASIR HUSSAIN - Honorable Justice Maulvi Anwarul Haq - Abid Hussain Bhutta , Nazir Ahmad Bailiff	LAHORE-HIGH-COURT-LAHORE",Supreme Court of Pakistan,2007-01-01,285,headnote_only,mixed,disposed_of,879
2007_YLR_1224,2007 YLR 1224,"392	2007 YLR 1224	TERRA MARINE AGENCIES VS VTH ADDITIONAL DISTRICT JUDGE - Honorable Justice Azizullah M. Memon - Agha Faqir Muhammad , Ms. Rukhsana Ahmed	KARACHI-HIGH-COURT-SINDH",High Court of Sindh,2007-01-01,4038,full_judgment,mixed,appeal_dismissed,3489
2007_YLR_1209,2007 YLR 1209,"386	2007 YLR 1209	MUHAMMAD AMIN VS State - Honorable Justice M. Bilal Khan - Mian Muhammad Hussain Chotya , Ch. Abdul Ghani	LAHORE-HIGH-COURT-LAHORE",Supreme Court of Pakistan,2007-01-01,867,full_judgment,mixed,petition_allowed,1729
2007_YLR_1082,2007 YLR 1082,"335	2007 YLR 1082	ZAFAR ALI VS State - Honorable Justice Rahmat Hussain Jafferi - M.M. Aqil Awan , Arshad Lodhi	KARACHI-HIGH-COURT-SINDH",High Court of Sindh,2007-01-01,2151,full_judgment,mixed,appeal_allowed,3921
2007_YLR_1071,2007 YLR 1071,"331	2007 YLR 1071	MUHAMMAD AIJAZ VS DIRECTOR CUSTOMS - Honorable Justice SAJJAD ALI SHAH - Muhammad Raees Khan , Arif Motan	KARACHI-HIGH-COURT-SINDH",High Court of Sindh,2007-01-01,1614,full_judgment,mixed,petition_dismissed,1835
2007_YLR_1074,2007 YLR 1074,"332	2007 YLR 1074	AHMAD YAR VS DISTRICT COLLECTOR, PAKPATTAN SHARIF - Honorable Justice Syed Sakhi Hussain Bokhari - Ch. Nusrat Javed Bajwa , Ch. Muhammad Yaqoob Sindhu	LAHORE-HIGH-COURT-LAHORE",High Court of Sindh,2007-01-01,1068,full_judgment,mixed,appeal_dismissed,1805
2007_YLR_107,2007 YLR 107,"31	2007 YLR 107	AFTAB SALEEM CHOUDHARY VS SONERI BANK LIMITED through Attorneys - Honorable Justice MIAN HAMID FAROOQ - Muzammil Akhtar Shabbir , Khawaja Umar Masood	LAHORE-HIGH-COURT-LAHORE",Supreme Court of Pakistan,2007-01-01,1130,full_judgment,mixed,appeal_allowed,1409
2007_YLR_1085,2007 YLR 1085,336	2007 YLR 1085	IMRAN RAZA VS State - Honorable Justice Saiyed Saeed Ashhad - Saathi M. Ishaque	KARACHI-HIGH-COURT-SINDH,High Court of Sindh,2007-01-01,588,full_judgment,mixed,unknown,1294
2007_YLR_1067,2007 YLR 1067,"330	2007 YLR 1067	GHULAM QASIM VS State - Honorable Justice MUHAMMAD FARRUKH MAHMUD - Ms. Lubna Ghulam Murtaza , Badar Munir Malik",Supreme Court of Pakistan,2007-01-01,2872,full_judgment,mixed,appeal_allowed,2953
2007_YLR_1076,2007 YLR 1076,"333	2007 YLR 1076	NAUBAHAR alias BAHARU VS State - Honorable Justice MUHAMMAD FARRUKH MAHMUD - Ch. Imtiaz Ahmad Khan , Naeem Ahmad Lodhi and Mirza Abdullah Baig	LAHORE-HIGH-COURT-LAHORE",Lahore High Court,2007-01-01,2167,full_judgment,mixed,appeal_dismissed,2863
2007_YLR_1086,2007 YLR 1086,"337	2007 YLR 1086	Mrs. TASNIM MALIK VS SECRETARY COOPERATIVES - Honorable Justice Umar Ata Bandial - Muhammad Ismail Malik , Ahmad Waheed Khan	LAHORE-HIGH-COURT-LAHORE",Lahore High Court,2007-01-01,1015,full_judgment,mixed,disposed_of,2630
2007_YLR_1080,2007 YLR 1080,"334	2007 YLR 1080	MUHAMMAD RAFIQ VS GOVERNMENT OF SINDH, HOUSING AND TOWN PLANNING, SINDH SECRETARIAT, KARACHI - Honorable Justice Ghulam Rabbani and Gulzar Ahmed - Mansoorul Arifm , Muhammad Sarwar Khan	KARACHI-HIGH-COURT-SINDH",High Court of Sindh,2007-01-01,911,full_judgment,mixed,disposed_of,1743
2007_YLR_1065,2007 YLR 1065,"329	2007 YLR 1065	KHALID MEHMOOD VS Mst. ANJUM FIRDOUS - Honorable Justice Muhammad Jehangir Arshad - Sardar Muhammad Iqbal Khakwani , Shamsher Iqbal Chughtai	LAHORE-HIGH-COURT-LAHORE",Supreme Court of Pakistan,2007-01-01,755,full_judgment,mixed,disposed_of,1758
2007_YLR_1242,2007 YLR 1242,"395	2007 YLR 1242	GHULAM RASOOL VS State - Honorable Justice Ijaz Ahmad Chaudhry - Naveed Ahmad Khawaja , A. H. Masood	LAHORE-HIGH-COURT-LAHORE",Supreme Court of Pakistan,2007-01-01,3083,full_judgment,mixed,appeal_allowed,2864
2007_YLR_1234,2007 YLR 1234,"394	2007 YLR 1234	MUHAMMAD AMIN VS State - Honorable Justice IJAZ AHMAD CHAUDHRY - Ms. Rukhsana Tabassum , Syed Tahir Abbas Rizvi	LAHORE-HIGH-COURT-LAHORE",Lahore High Court,2007-01-01,4673,full_judgment,mixed,appeal_allowed,3248
2007_YLR_1251,2007 YLR 1251,"398	2007 YLR 1251	MUHAMMAD SHAFIQUE alias BHOLA VS State - Honorable Justice Mian Muhammad Najam-uz-Zaman - Ch. Shafqat Ali Sularia , Miss Tehsin Irfan	LAHORE-HIGH-COURT-LAHORE",Lahore High Court,2007-01-01,3633,full_judgment,mixed,appeal_allowed,3393
2007_YLR_1249,2007 YLR 1249,"397	2007 YLR 1249	QAMAR ABBAS alias BASU VS State - Honorable Justice Muhammad Jehangir Arshad - Abdul Aziz Khan Niazi , Muhammad Anwarul Haq	LAHORE-HIGH-COURT-LAHORE",Supreme Court of Pakistan,2007-01-01,690,full_judgment,mixed,unknown,1665
2007_YLR_1232,2007 YLR 1232,"393	2007 YLR 1232	MUHAMMAD ASIF VS State - Honorable Justice Khawaja Muhammad Sharif - Siddiqua Altaf , Ijaz Ahmad Bajwa	LAHORE-HIGH-COURT-LAHORE",Lahore High Court,2007-01-01,1724,full_judgment,mixed,appeal_allowed,2348
2007_YLR_1247,2007 YLR 1247,"396	2007 YLR 1247	NIAZ MUHAMMAD VS State - Honorable Justice Ijaz Ahmad Chaudhry - Tariq Masood , Nemo	LAHORE-HIGH-COURT-LAHORE",Lahore High Court,2007-01-01,1479,full_judgment,mixed,revision_dismissed,2479
2006_YLR_982,2006 YLR 982,"305	2006 YLR 982	UMER JAN VS State - Honorable Justice Ijaz-ul-Hassan Khan - Muhammad Waheed Anjum , Chaudhary Muhammad Ayaz	PESHAWAR-HIGH-COURT",Peshawar High Court,2006-01-01,2613,full_judgment,mixed,appeal_dismissed,4233
2006_YLR_986,2006 YLR 986,306	2006 YLR 986	SAEED AHMAD VS State - Honorable Justice MIAN MUHAMMAD NAJAM-,Lahore High Court,2006-01-01,2817,full_judgment,mixed,appeal_allowed,2670
2006_YLR_970,2006 YLR 970,"303	2006 YLR 970	MUHAMMAD ARIF VS State - Honorable Justice M.A. SHAHID SIDDIQUI - S.M Nazim , A.H. Masood,Ijaz Ahmad Bajwa,Masood Sadiq Mirza	LAHORE-HIGH-COURT-LAHORE",Lahore High Court,2006-01-01,4442,full_judgment,mixed,appeal_dismissed,2839
2006_YLR_93,2006 YLR 93,"42	2006 YLR 93	GHULAM NABI VS MANAK - Honorable Justice Muhammad Jehangir Arshad - Sh. Naveed Shehryar , Allah Bukhsh Gondal	LAHORE-HIGH-COURT-LAHORE",Lahore High Court,2006-01-01,1648,full_judgment,mixed,petition_dismissed,2948
2006_YLR_930,2006 YLR 930,"282	2006 YLR 930	ABDUL REHMAN VS State - Honorable Justice M. BILAL KHAN - Mian Saeed-ud-Din Ahmad , Abdul Majeed Chishti	LAHORE-HIGH-COURT-LAHORE",Lahore High Court,2006-01-01,925,full_judgment,mixed,disposed_of,1134
2006_YLR_91,2006 YLR 91,"41	2006 YLR 91	MUHAMMAD IBRAHIM VS SUPERINTENDANT, CENTRAL JAIL, D.G. KHAN - Honorable Justice Ijaz Ahmad Chaudhrry - Tariq Mehmood Khan , Zafarullah Khan Khakwani	LAHORE-HIGH-COURT-LAHORE",Supreme Court of Pakistan,2006-01-01,1131,full_judgment,mixed,petition_dismissed,1758
2007_YLR_1046,2007 YLR 1046,"324	2007 YLR 1046	MUHAMMAD AZEEM alias JEEJA VS State - Honorable Justice MUHAMMAD FARRUKH MAHUMD - Shaukat Rafiq Bajwa and Muhammad Akhtar , Raja Sher Zaman and Muhammad Akram Qureshi	LAHORE-HIGH-COURT-LAHORE",Supreme Court of Pakistan,2007-01-01,3724,full_judgment,mixed,appeal_dismissed,4283
2007_YLR_1057,2007 YLR 1057,"326	2007 YLR 1057	IMTIAZ VS State - Honorable Justice Khawaja Muhammad Sharif - Muhammad Khan Dial , Saleem Shad	LAHORE-HIGH-COURT-LAHORE",Lahore High Court,2007-01-01,1819,full_judgment,mixed,unknown,1850
2007_YLR_1034,2007 YLR 1034,"318	2007 YLR 1034	ZAHIDA TABBASAM LILAK VS PAKISTAN DEFENCE HOUSING AUTHORITY - Honorable Justice Faisal Arab - Zafar Hadi Shah , Ch. Hameed Ahmed	KARACHI-HIGH-COURT-SINDH",High Court of Sindh,2007-01-01,1552,full_judgment,mixed,unknown,2140
2007_YLR_1052,2007 YLR 1052,"325	2007 YLR 1052	NOOR MUHAMMAD VS State - Honorable Justice MUHAMMAD FARRUKH MAHMUD - Ms. Najma Pervin , Ch. Nazir Ahmad",Lahore High Court,2007-01-01,2779,full_judgment,mixed,unknown,3928
2007_YLR_1063,2007 YLR 1063,"328	2007 YLR 1063	NASEEM AHMED SEHAR VS GOVERNMENT OF SINDH - Honorable Justice ZIA PERWAZ - M. Tariq , Abdul Karim Khan	KARACHI-HIGH-COURT-SINDH",High Court of Sindh,2007-01-01,994,full_judgment,mixed,unknown,1831
2007_YLR_1060,2007 YLR 1060,"327	2007 YLR 1060	AMAN ULLAH VS State - Honorable Justice MUHAMMAD FARRUKH MAHMUD - Muhammad Arif Rana , Badar Munir Malik",Lahore High Court,2007-01-01,2013,full_judgment,mixed,unknown,1595
2007_YLR_1038,2007 YLR 1038,"320	2007 YLR 1038	MULTAN BEVERAGES CO. VS ABDUL RAHMAN - Honorable Justice IQBAL HAMEEDUR RAHMAN - Mian Muhammad Akram , Ch",Lahore High Court,2007-01-01,1401,full_judgment,mixed,appeal_allowed,1326
2007_YLR_1045,2007 YLR 1045,"323	2007 YLR 1045	MUHAMMAD YOUSIF alias DODO VS State - Honorable Justice Anwar Zaheer Jamali - Khadim Hussain D. Solangi , Masood A. Noorani	KARACHI-HIGH-COURT-SINDH",High Court of Sindh,2007-01-01,518,full_judgment,mixed,unknown,1200
2007_YLR_1036,2007 YLR 1036,"319	2007 YLR 1036	MUHAMMAD AZEEM VS State - Honorable Justice Asif Saeed Khan Khosa - Chaudhry Imran Raza Chadhar , Rao Javed Khurshid	LAHORE-HIGH-COURT-LAHORE",Supreme Court of Pakistan,2007-01-01,992,full_judgment,mixed,unknown,2503
2007_YLR_1259,2007 YLR 1259,"401	2007 YLR 1259	ALLAHDAD VS State - Honorable Justice Maqbool Baqar - Syed Madad Ali Shah , Rasheed A. Qureshi	KARACHI-HIGH-COURT-SINDH",High Court of Sindh,2007-01-01,3432,full_judgment,mixed,unknown,2804
2007_YLR_1256,2007 YLR 1256,"399	2007 YLR 1256	Chaudhry GHULAM HAIDER VS SPECIAL JUDGE, ANTI-TERRORISM COURT NO.III, LAHORE - Honorable Justice ASIF SAEED KHAN KHOSA - N. A. Butt , Tahir Mehmood Gondal	LAHORE-HIGH-COURT-LAHORE",Lahore High Court,2007-01-01,828,full_judgment,mixed,petition_allowed,2397
2007_YLR_1271,2007 YLR 1271,"406	2007 YLR 1271	MUNICIPAL COROPRATION, MULTAN through Mayor VS SAJJAD ALI - Honorable Justice Maulvi Anwarul Haq - Mian Habib-ur-Rehman Ansari , Malik Javed Akhtar Wains, Rana Bashir Ahmad and Arshad Anjum Chughtai	LAHORE-HIGH-COURT-LAHORE",Lahore High Court,2007-01-01,1210,full_judgment,mixed,revision_allowed,1647
2007_YLR_126,2007 YLR 126,"34	2007 YLR 126	Mirza MUNAWAR BAIG VS BANK ALFALAH LIMITED - Honorable Justice JAWWAD S. KHAWAJA - Muhammad Saeed Ansari and Muhammad Yousaf Chaudhry , Ch. Abdul Rauf	LAHORE-HIGH-COURT-LAHORE",Lahore High Court,2007-01-01,941,full_judgment,mixed,appeal_allowed,894
2007_YLR_1278,2007 YLR 1278,"409	2007 YLR 1278	MUHAMMAD RAZZAQ VS MUHAMMAD AKRAM alias BHAGA - Honorable Justice Khawaja Muhammad Sharif - Rai Muhammad Zafar Bhatti , Rana Altaf Hussain Khan	LAHORE-HIGH-COURT-LAHORE",Supreme Court of Pakistan,2007-01-01,844,full_judgment,mixed,petition_allowed,1621
2007_YLR_1273,2007 YLR 1273,"407	2007 YLR 1273	EHSAN ELAHI VS Haji MUHAMMAD ZAKARULLAH - Honorable Justice Mian Saqib Nisar - Malik Muhammad Nawaz and Malik Muhammad Aslam , M. A. Prizada	LAHORE-HIGH-COURT-LAHORE",Lahore High Court,2007-01-01,2568,full_judgment,mixed,appeal_dismissed,3266
2007_YLR_1264,2007 YLR 1264,"402	2007 YLR 1264	MUHAMMAD AKMAL KHAN VS State - Honorable Justice Muhammad Akhtar Shabbir - Muhammad Bilal Butt , Ch. Muhammad Akbar	LAHORE-HIGH-COURT-LAHORE",Supreme Court of Pakistan,2007-01-01,1221,full_judgment,mixed,petition_allowed,2777
2007_YLR_1277,2007 YLR 1277,"408	2007 YLR 1277	MEHTAB ALI VS State - Honorable Justice Muhammad Farrukh Mahmud - Rana Jehanzaib Khan , Sh. Muhammad Arshad	LAHORE-HIGH-COURT-LAHORE",Supreme Court of Pakistan,2007-01-01,381,full_judgment,mixed,unknown,781
2007_YLR_1258,2007 YLR 1258,"400	2007 YLR 1258	ROOP KHAN alias ABDUL RAOOF VS State - Honorable Justice Sardar Muhammad Aslam - Syed Karamat Ali Naqvi , Naeem Ahmad Khan	LAHORE-HIGH-COURT-LAHORE",Supreme Court of Pakistan,2007-01-01,433,full_judgment,mixed,petition_allowed,960
2007_YLR_1268,2007 YLR 1268,404	2007 YLR 1268	FAQIR MUHAMMAD VS State - Honorable Justice Muhammad Jehangir Arshad - Abdul Rasheed Rashid	LAHORE-HIGH-COURT-LAHORE,Supreme Court of Pakistan,2007-01-01,258,headnote_only,mixed,disposed_of,955
2007_YLR_1269,2007 YLR 1269,"405	2007 YLR 1269	ZESHAN AHMED VS State - Honorable Justice M. A. Shahid Siddiqui - Syed Karamat Ali Naqvi , Nizam-ud-Din Arif	LAHORE-HIGH-COURT-LAHORE",Supreme Court of Pakistan,2007-01-01,1088,full_judgment,mixed,unknown,2258
2007_YLR_146,2007 YLR 146,"42	2007 YLR 146	MIR HASSAN VS State - Honorable Justice RAHMAT HUSSAIN JAFFERI - Gul Bahar Korai , Habibur Rehman Shaikh	KARACHI-HIGH-COURT-SINDH",High Court of Sindh,2007-01-01,4119,full_judgment,mixed,unknown,2223
2007_YLR_1454,2007 YLR 1454,"480	2007 YLR 1454	GHULAM HASSAN through Representatives VS Mst. KANIZ BEGUM - Honorable Justice Maulvi Anwarul Haq - Mian Habib-ur-Rehman Ansari , Malik Javed Akhtar Wains	LAHORE-HIGH-COURT-LAHORE",Lahore High Court,2007-01-01,2194,full_judgment,mixed,appeal_dismissed,1276
2007_YLR_1462,2007 YLR 1462,"482	2007 YLR 1462	ALLAH RAKHA VS State - Honorable Justice Hasnat Ahmad Khan - Altaf Ibrahim Qureshi , Rao Atif Nawaz	LAHORE-HIGH-COURT-LAHORE",Lahore High Court,2007-01-01,5326,full_judgment,mixed,disposed_of,2522
2007_YLR_1457,2007 YLR 1457,"481	2007 YLR 1457	MUHAMMAD IQBAL SIDDIQUI VS PROVINCE OF SINDH, MINISTERY OF FOOD AND COOPERATION - Honorable Justice RAHMAT HUSSAIN JAFFERI - Badar Alam , Arif Bilal Sherwani	KARACHI-HIGH-COURT-SINDH",High Court of Sindh,2007-01-01,2678,full_judgment,mixed,petition_dismissed,2497
2007_YLR_1451,2007 YLR 1451,"479	2007 YLR 1451	MUHAMMAD TAHIR VS State - Honorable Justice Hamid Farooq Durrani - Sajjad Afzal , Shazia Mughal and Qazi Shamas",Supreme Court of Pakistan,2007-01-01,1860,full_judgment,mixed,unknown,1755
2007_YLR_145,2007 YLR 145,"41	2007 YLR 145	ZAHID alias NAZIR VS State - Honorable Justice Nadeem Azhar Siddiqui - Jai Jai Veshnu Mange Ram , Muhammad Ismail Bhutto	KARACHI-HIGH-COURT-SINDH",High Court of Sindh,2007-01-01,614,full_judgment,mixed,unknown,808
2007_YLR_1373,2007 YLR 1373,"454	2007 YLR 1373	MUHAMMAD SHABIR alias SHABO VS JUDICIAL MAGISTRATE, DUNIYAPUR, DISTRICT LODHRAN - Honorable Justice Tariq Shamim - Malik Javed Akhtar Wains , Sardar Zafar Ahmad Lund,	LAHORE-HIGH-COURT-LAHORE",Supreme Court of Pakistan,2007-01-01,587,full_judgment,mixed,petition_allowed,1802
2007_YLR_1369,2007 YLR 1369,"453	2007 YLR 1369	TARIQ SHABEER VS MUHAMMAD IJAZ - Honorable Justice Jawwad S. Khawaja - Ch. Shaukat Ali Javed , Mehdi Khan Chohan for Respondent with Muhammad, Ilyas	LAHORE-HIGH-COURT-LAHORE",Lahore High Court,2007-01-01,2103,full_judgment,mixed,unknown,2700
2007_YLR_1366,2007 YLR 1366,"451	2007 YLR 1366	MUHAMMAD KHALID JAVEED VS Mst. SHAHIDA PARVEEN - Honorable Justice Sh. Hakim Ali - Muhammad Aslam Khan Dhukkar , Mumtaz Ahmad Aamir	LAHORE-HIGH-COURT-LAHORE",Lahore High Court,2007-01-01,1192,full_judgment,mixed,disposed_of,1877
2007_YLR_1355,2007 YLR 1355,"445	2007 YLR 1355	Syed IQBAL HUSSAIN SHAH VS PROVINCE OF PUNJAB through Collector Muzaffargarh - Honorable Justice MUHAMMAD JEHANGIR ARSHAD - Mian Bashir Ahmad Bhatti , Sh. Ghias ul Haq	LAHORE-HIGH-COURT-LAHORE",Lahore High Court,2007-01-01,1392,full_judgment,mixed,unknown,2699
2007_YLR_1354,2007 YLR 1354,"444	2007 YLR 1354	MUHAMMAD SAEED VS State - Honorable Justice Fazal-e-Miran Chauhan - Saleem Anwar Khan , Farzana Khan	LAHORE-HIGH-COURT-LAHORE",Supreme Court of Pakistan,2007-01-01,421,full_judgment,mixed,petition_allowed,982
2007_YLR_1352,2007 YLR 1352,"443	2007 YLR 1352	FATEH KHAN VS ZULFIQAR KHAN - Honorable Justice Mian Saqib Nisar and Fazal-e-Miran Chauhan - Mian Humayoon Aslam , Muhammad Farooq Qureshi Chishti	LAHORE-HIGH-COURT-LAHORE",Lahore High Court,2007-01-01,873,full_judgment,mixed,appeal_dismissed,1318
2007_YLR_1361,2007 YLR 1361,"449	2007 YLR 1361	WARYAM VS MUHAMMAD MEHRAB - Honorable Justice Jawwad S. Khawaja - Qari Nadeem Ahmad Awaisi , Arshad Hussain Butt	LAHORE-HIGH-COURT-LAHORE",Supreme Court of Pakistan,2007-01-01,1696,full_judgment,mixed,revision_dismissed,1223
2007_YLR_1368,2007 YLR 1368,"452	2007 YLR 1368	NASIR ALI VS SUPERINTENDENT, NEW CENTRAL JAIL, MULTAN - Honorable Justice Muhammad Jehangir Arshad - Ch. Zulfiqar Ali Sidhu , Mubashir Latif Gill, A.A.-G. along with Ali Akbar	LAHORE-HIGH-COURT-LAHORE",Lahore High Court,2007-01-01,748,full_judgment,mixed,disposed_of,1427
2007_YLR_1374,2007 YLR 1374,455	2007 YLR 1374	TARIQ MASOOD CH. VS DASTAGIR PAPER,Lahore High Court,2007-01-01,2511,full_judgment,mixed,appeal_dismissed,2856
2007_YLR_135,2007 YLR 135,38	2007 YLR 135	DEFENCE HOUSING AUTHORITY LAHORE VS Lt.-Col.,Lahore High Court,2007-01-01,1762,full_judgment,mixed,appeal_allowed,3617
2007_YLR_1364,2007 YLR 1364,450	2007 YLR 1364	SAEED AHMAD VS REGIONAL POLICE OFFICER - Honorable Justice Muhammad Moosa K. Leghari and Sajjad Ali Shah - Tahir Nisar Rajput	KARACHI-HIGH-COURT-SINDH,High Court of Sindh,2007-01-01,1110,full_judgment,mixed,unknown,1950
2007_YLR_1360,2007 YLR 1360,"448	2007 YLR 1360	KALSOOM BIBI VS STATION HOUSE OFFICER, POLICE STATION, DHANOOT, DISTRICT LODHRAN - Honorable Justice Iqbal Hameed-ur-Rehman - M. Ghiasul Haq Sheikh , Saddar-ud-Din, S.-I.	LAHORE-HIGH-COURT-LAHORE",Lahore High Court,2007-01-01,518,full_judgment,mixed,petition_allowed,1534
2007_YLR_1358,2007 YLR 1358,"446	2007 YLR 1358	KHURSHEED AHMAD VS State - Honorable Justice Muhammad Farrukh Mahmud - Malik Javed Akhtar Wains , Ijaz Ahmad Khan	LAHORE-HIGH-COURT-LAHORE",Supreme Court of Pakistan,2007-01-01,309,full_judgment,mixed,unknown,651
2007_YLR_1351,2007 YLR 1351,"441	2007 YLR 1351	MUHAMMAD ZAHID ALAM VS HIGHER EDUCATION COMMISSION, ISLAMABAD through Chairman - Honorable Justice Muhammad Sayeed Akhtar - Rana Asif Saeed , Ch. Muhammad Saghir	LAHORE-HIGH-COURT-LAHORE",Supreme Court of Pakistan,2007-01-01,356,full_judgment,mixed,petition_dismissed,932
2007_YLR_1298,2007 YLR 1298,"422	2007 YLR 1298	JAFAR VS State - Honorable Justice IJAZ AHMAD CHAUDHRY - Mian Subah Sadiq Wattoo , Maqbool Ahmed Qureshi	LAHORE-HIGH-COURT-LAHORE",Lahore High Court,2007-01-01,4405,full_judgment,mixed,appeal_allowed,3157
2007_YLR_1306,2007 YLR 1306,"424	2007 YLR 1306	SALAMAT ALI VS State - Honorable Justice Hasnat Ahmad Khan - Rana Abdul Hakeem Khan , Abdul Hameed Khokhar	LAHORE-HIGH-COURT-LAHORE",Supreme Court of Pakistan,2007-01-01,1257,full_judgment,mixed,unknown,2293
2007_YLR_1319,2007 YLR 1319,"431	2007 YLR 1319	RIFFAT IQBAL VS ADDITIONAL DISTRICT JUDGE, MANDI BAHAUDDIN - Honorable Justice Muhammad Muzammal Khan - Tariq Masood , Ch. M. Naeem	LAHORE-HIGH-COURT-LAHORE",Lahore High Court,2007-01-01,1263,full_judgment,mixed,revision_dismissed,2606
2007_YLR_12,2007 YLR 12,"5	2007 YLR 12	NAZEER AHMED VS MUHAMMAD ALI - Honorable Justice Munib Ahmed Khan - Abdul Latif Malik , Abdul Aziz Memon and Abdul Jabbar Qureshi	KARACHI-HIGH-COURT-SINDH",High Court of Sindh,2007-01-01,1530,full_judgment,mixed,unknown,1626
2007_YLR_130,2007 YLR 130,"36	2007 YLR 130	UNIVERSITY OF PUNJAB, LAHORE through Vice-Chancellor VS Prof. Dr. MAJID NAEEM - Honorable Justice Syed Asghar Haider - Muhammad Arif Raja , Ahmed Awais	LAHORE-HIGH-COURT-LAHORE",Lahore High Court,2007-01-01,1353,full_judgment,mixed,petition_dismissed,3424
2007_YLR_1311,2007 YLR 1311,"426	2007 YLR 1311	HIDAYATULLAH VS State - Honorable Justice Nadeem Azhar Siddiqi - Altaf Hussain Surhio , Muhammad Ismail Bhutto	KARACHI-HIGH-COURT-SINDH",High Court of Sindh,2007-01-01,1134,full_judgment,mixed,unknown,1569
2007_YLR_1309,2007 YLR 1309,"425	2007 YLR 1309	YASMEEN AKHTAR VS MUHAMMAD ARSHAD - Honorable Justice Asif Saeed Khan Khosa - N. A. Butt , Rana Mohsan Qayyum	LAHORE-HIGH-COURT-LAHORE",Lahore High Court,2007-01-01,1600,full_judgment,mixed,appeal_allowed,2974
2007_YLR_1321,2007 YLR 1321,"432	2007 YLR 1321	ABDUL GHANI VS ALAMGIR - Honorable Justice SYED ZAWWAR HUSSAIN JAFFERY - Muhammad Sharif , Muhammad Ismail Memon	KARACHI-HIGH-COURT-SINDH",High Court of Sindh,2007-01-01,3668,full_judgment,mixed,appeal_dismissed,3271
2007_YLR_1313,2007 YLR 1313,"427	2007 YLR 1313	MUHAMMAD AKBAR alias GHULAM AKBAR VS State - Honorable Justice Hasnat Ahmad Khan - Malik Nazar Hussain Punnta , Mumtaz Hussain Awan	LAHORE-HIGH-COURT-LAHORE",Supreme Court of Pakistan,2007-01-01,784,full_judgment,mixed,unknown,1543
2007_YLR_1317,2007 YLR 1317,"430	2007 YLR 1317	GHULAM QADIR VS SUPERINTENDING CANAL OFFICER, NILI BAR CIRCLE, SAHIWAL - Honorable Justice Iqbal Hameed-ur-Rehman - Sahibzada Mehboob Ali , Rao Muhammad Hameed Ziladar	LAHORE-HIGH-COURT-LAHORE",Lahore High Court,2007-01-01,949,full_judgment,mixed,petition_allowed,1860
2007_YLR_1316,2007 YLR 1316,"429	2007 YLR 1316	ABDUL SATTAR KHAN VS PROVINCIAL GOVERNMENT PUNJAB through Collector District Mianwali - Honorable Justice Syed Hamid Ali Shah - Zia Ullah Khan Niazi , Najeeb Faisal Chaudhry	LAHORE-HIGH-COURT-LAHORE",Lahore High Court,2007-01-01,578,full_judgment,mixed,petition_dismissed,1138
2007_YLR_1305,2007 YLR 1305,"423	2007 YLR 1305	ABID HUSSAIN VS State - Honorable Justice Fazal-e-Miran Chauhan - Zafar Abbas Khan , Farzana Khan	LAHORE-HIGH-COURT-LAHORE",Supreme Court of Pakistan,2007-01-01,650,full_judgment,mixed,unknown,1385
2007_YLR_1315,2007 YLR 1315,"428	2007 YLR 1315	INAM ABBAS VS State - Honorable Justice Muhammad Nawaz Bhatti - Malik Javed Akhtar Wains , Sh. Javed Rashid	LAHORE-HIGH-COURT-LAHORE",Supreme Court of Pakistan,2007-01-01,516,full_judgment,mixed,unknown,867
2007_YLR_138,2007 YLR 138,"39	2007 YLR 138	KAURO VS State - Honorable Justice Rahmat Hussain Jafferi - Ghulam Shabbeer Shar , Habib-ur-Rahman Shaikh	KARACHI-HIGH-COURT-SINDH",Supreme Court of Pakistan,2007-01-01,3254,full_judgment,mixed,appeal_allowed,1787
2007_YLR_1395,2007 YLR 1395,"464	2007 YLR 1395	ATTA MUHAMMAD VS HAQ NAWAZ - Honorable Justice Iqbal Hameed-ur-Rehman - Malik Javed Akhtar Wains , Khawaja Noor Mustafa	LAHORE-HIGH-COURT-LAHORE",Lahore High Court,2007-01-01,1183,full_judgment,mixed,revision_allowed,1483
2007_YLR_1390,2007 YLR 1390,462	2007 YLR 1390	MUHAMMAD SARWAR VS MEMBER,Lahore High Court,2007-01-01,1421,full_judgment,mixed,petition_dismissed,2628
2007_YLR_1388,2007 YLR 1388,"461	2007 YLR 1388	MAHMOOD AHMED VS PROVINCE OF PUNJAB through Divisional Canal Officer - Honorable Justice Syed Asghar Haider - Rai Muhammad Tufail Khan Kharal , Riaz ul Haq	LAHORE-HIGH-COURT-LAHORE",Lahore High Court,2007-01-01,1123,full_judgment,mixed,petition_dismissed,1858
2007_YLR_1382,2007 YLR 1382,"459	2007 YLR 1382	BAHADAR KHAN through Legal Heirs VS ABDUL GHANI through Legal Heirs - Honorable Justice Jawwad S. Khawaja - Ch. Nisar Ahmad Dhillon , Sheikh Naveed Shahryar	LAHORE-HIGH-COURT-LAHORE",Lahore High Court,2007-01-01,1866,full_judgment,mixed,appeal_dismissed,2623
2007_YLR_1392,2007 YLR 1392,"463	2007 YLR 1392	Mistri MEHRAJ DIN VS Sheikh MUHAMMAD AKBAR - Honorable Justice Syed Asghar Haider - Ch. Muhammad Arshad , Riaz Ahmed Kasuri	LAHORE-HIGH-COURT-LAHORE",Supreme Court of Pakistan,2007-01-01,1630,full_judgment,mixed,petition_dismissed,2638
2007_YLR_1378,2007 YLR 1378,"456	2007 YLR 1378	SHAHZAD WASEEM VS State - Honorable Justice Muhammad Jehangir Arshad - Ch. Shehzad Aslam , Sh. Imtiaz Ahmad	LAHORE-HIGH-COURT-LAHORE",Supreme Court of Pakistan,2007-01-01,335,full_judgment,mixed,unknown,712
2007_YLR_1385,2007 YLR 1385,"460	2007 YLR 1385	Mst. FATIMA BIBI VS PROVINCE OF THE PUNJAB through Collector, Sargodha - Honorable Justice Sh. Azmat Saeed - Ch. Muhammad Aslam Sindhu , Rana Muzaffar Hussain and Malik Zafar Iqbal Awan	LAHORE-HIGH-COURT-LAHORE",High Court of Sindh,2007-01-01,1390,full_judgment,mixed,revision_dismissed,2577
2007_YLR_1379,2007 YLR 1379,"457	2007 YLR 1379	MUHAMMAD MANSHA VS MUHAMMAD MANSHA - Honorable Justice Sh. Azmat Saeed - Muhammad Yousaf Khan , Muhammad Akmal Saleemi	LAHORE-HIGH-COURT-LAHORE",Lahore High Court,2007-01-01,869,full_judgment,mixed,appeal_dismissed,1449
2007_YLR_1398,2007 YLR 1398,"465	2007 YLR 1398	ZAKIR HUSSAIN VS State - Honorable Justice Hasnat Ahmad Khan - Miss Humaira Khand , Muhammad Sarwar Awan	LAHORE-HIGH-COURT-LAHORE",Supreme Court of Pakistan,2007-01-01,560,full_judgment,mixed,petition_allowed,904
2007_YLR_1380,2007 YLR 1380,"458	2007 YLR 1380	Mirza MUHAMMAD RAMZAN VS State - Honorable Justice Ijaz Ahmad Chaudhry - Dr. Ehsan-ul-Haq , Naeem Tariq Sanghera	LAHORE-HIGH-COURT-LAHORE",Supreme Court of Pakistan,2007-01-01,759,full_judgment,mixed,petition_allowed,1530
2007_YLR_1683,2007 YLR 1683,"548	2007 YLR 1683	SHAH JEHAN VS INAYAT-UR-REHMAN - Honorable Justice Ijaz-ul-Hassan Khan - H. Muhammad Zahir Shah , Mian Kausar Ali Shah Kakakhel	PESHAWAR-HIGH-COURT",Peshawar High Court,2007-01-01,1438,full_judgment,mixed,revision_dismissed,1929
2007_YLR_1686,2007 YLR 1686,"549	2007 YLR 1686	Mst. SALAMAN VS MUHAMMAD HASSAN - Honorable Justice Syed Sakhi Hussain Bokhari - Mian Ghulam Rasool , S.M. Tayyab	LAHORE-HIGH-COURT-LAHORE",Lahore High Court,2007-01-01,2573,full_judgment,mixed,revision_dismissed,2857
2007_YLR_1681,2007 YLR 1681,"547	2007 YLR 1681	Mst. SULTAN JAHAN VS CANTONMENT BOARD, LAHORE CANTT., through Executive Officer - Honorable Justice Mian Saqib Nisar - Dr. M. Mohyuddin Qazi , Muhammad Rashid Ahmad	LAHORE-HIGH-COURT-LAHORE",Supreme Court of Pakistan,2007-01-01,1030,full_judgment,mixed,appeal_allowed,1832
2007_YLR_1692,2007 YLR 1692,"551	2007 YLR 1692	HABIB ULLAH VS TAJ DIN alias TAJ - Honorable Justice Maulvi Anwarul Haq - Muhammad Yasin Chaudhry , Mian Muhammad Ismail Thaheem	LAHORE-HIGH-COURT-LAHORE",Lahore High Court,2007-01-01,1291,full_judgment,mixed,revision_dismissed,2263
2007_YLR_1696,2007 YLR 1696,"553	2007 YLR 1696	MUHAMMAD NAZIR KHAN VS AHMAD - Honorable Justice Muhammad Sair Ali - Khalid Ikram Khatana , Hafiz Khalil Ahmad	LAHORE-HIGH-COURT-LAHORE",Lahore High Court,2007-01-01,1720,full_judgment,mixed,revision_dismissed,1766
2007_YLR_1694,2007 YLR 1694,"552	2007 YLR 1694	FAIZ AHMAD VS GHULAM HAIDER - Honorable Justice Jawwad S. Khawaja - Ch. Nisar Ahmad Dhullon , M. Mahboob Rasool Awan	LAHORE-HIGH-COURT-LAHORE",Lahore High Court,2007-01-01,819,full_judgment,mixed,revision_allowed,2132
2007_YLR_1679,2007 YLR 1679,"546	2007 YLR 1679	MUHAMMAD JAFAR ALI VS State - Honorable Justice Syed Shabbar Raza Rizvi - Ch. Ghulam Mustafa Shehzad , Azam Nazir Tarrar	LAHORE-HIGH-COURT-LAHORE",Supreme Court of Pakistan,2007-01-01,1356,full_judgment,mixed,revision_allowed,2366
2007_YLR_1690,2007 YLR 1690,"550	2007 YLR 1690	PROVINCE OF PUNJAB through District Controller, Okara VS Mst. KHURSHED BEGUM through Legal Heirs - Honorable Justice Jawwad S. Khawaja - Muhammad Nawaz Bajwa , Mian Hameed-ud-Din Qureshi	LAHORE-HIGH-COURT-LAHORE",Lahore High Court,2007-01-01,904,full_judgment,mixed,revision_allowed,1856
2007_YLR_1699,2007 YLR 1699,"554	2007 YLR 1699	MUHAMMAD AMJAD VS State - Honorable Justice Tariq Shamim - Ch. Muhammad Aslam Bajwa , Iqbal Hussain	LAHORE-HIGH-COURT-LAHORE",Supreme Court of Pakistan,2007-01-01,991,full_judgment,mixed,petition_allowed,2260
2007_YLR_1674,2007 YLR 1674,"542	2007 YLR 1674	MUHAMMAD HAYAT VS PROVINCE OF PUNJAB through Collector, Sargodha - Honorable Justice MAULVI ANWARUL HAQ - Ziaullah Khan Niazi , Mian Muhammad Ashraf	LAHORE-HIGH-COURT-LAHORE",Lahore High Court,2007-01-01,618,full_judgment,mixed,unknown,1433
2007_YLR_1677,2007 YLR 1677,"544	2007 YLR 1677	UNIVERSAL LEASING CORPORATION LTD. through Authorized Sub-Attorney VS MUHAMMAD ASIF DAR - Honorable Justice Sabihuddin Ahmed, C.J. and Mrs. Yasmeen Abbasey - Shahab Sarki , Nadeem Akhtar Khan	KARACHI-HIGH-COURT-SINDH",High Court of Sindh,2007-01-01,434,full_judgment,mixed,appeal_allowed,862
2007_YLR_1678,2007 YLR 1678,"545	2007 YLR 1678	Mst. NAJMA BIBI VS ADDITIONAL SESSIONS JUDGE, AHMEDPUR EAST - Honorable Justice Muhammad Jehangir Arshad - Abdul Rasheed Rashid	LAHORE-HIGH-COURT-LAHORE",Lahore High Court,2007-01-01,578,full_judgment,mixed,disposed_of,1418
2007_YLR_1672,2007 YLR 1672,"541	2007 YLR 1672	MUHAMMAD ASLAM VS State - Honorable Justice Tariq Shamim - Tahir Mehmood and Muhammad Khalid Ashraf Khan , Abdul Hameed Khokhar	LAHORE-HIGH-COURT-LAHORE",Supreme Court of Pakistan,2007-01-01,1175,full_judgment,mixed,petition_allowed,1925
2007_YLR_1676,2007 YLR 1676,"543	2007 YLR 1676	MUHAMMAD ISLAM KHAN VS State - Honorable Justice Sh. Hakim Ali - Sharnsheer Iqbal Chughtai , Ch. Shafi Muhammad Tariq	LAHORE-HIGH-COURT-LAHORE",Lahore High Court,2007-01-01,608,full_judgment,mixed,remanded,1598
2007_YLR_1418,2007 YLR 1418,"473	2007 YLR 1418	NAEEM ULLAH KHALID VS Dr. Hafiz MUSHTAQ AHMAD - Honorable Justice Mian Hamid Farooq and Iqbal Hameed-ur-Rahman - Muhammad Irfan Wyne , Ch. Shakir Ali	LAHORE-HIGH-COURT-LAHORE",Supreme Court of Pakistan,2007-01-01,2884,full_judgment,mixed,appeal_dismissed,2573
2007_YLR_1407,2007 YLR 1407,"472	2007 YLR 1407	ABDUL QAYYUM KHAN VS GOVERNMENT OF PUNJAB through Secretary Local Government and Rural Development, Lahore - Honorable Justice Muhammad Jehangir Arshad - Mian Abbas Ahmad , M. Ramzan Khalid Malik	LAHORE-HIGH-COURT-LAHORE",Lahore High Court,2007-01-01,6276,full_judgment,mixed,unknown,4300
2007_YLR_1405,2007 YLR 1405,"471	2007 YLR 1405	FAKHAR AHMAD VS State - Honorable Justice Ijaz Ahmad Chaudhry - Ch. Noor Muhammad , Sohail Tariq	LAHORE-HIGH-COURT-LAHORE",Supreme Court of Pakistan,2007-01-01,1300,full_judgment,mixed,petition_allowed,1891
2007_YLR_1423,2007 YLR 1423,"474	2007 YLR 1423	MUHAMMAD KHALID VS State - Honorable Justice IJAZ AHMAD CHAUDHRY - Salman Safdar , Ch. Muhammad Hussain Chhachar	LAHORE-HIGH-COURT-LAHORE",Lahore High Court,2007-01-01,6505,full_judgment,mixed,unknown,5343
2007_YLR_1401,2007 YLR 1401,"468	2007 YLR 1401	Khawaja JAMEEL AHMAD VS JUDGE, FAMILY COURT, MULTAN - Honorable Justice Iqbal Hameed-ur-Rehman - Ch. Sarfraz Ahmad Zia , Ch. Naveed Akhtar	LAHORE-HIGH-COURT-LAHORE",Supreme Court of Pakistan,2007-01-01,700,full_judgment,mixed,petition_dismissed,1561
2007_YLR_1402,2007 YLR 1402,"469	2007 YLR 1402	RIZWAN KASHIF VS State - Honorable Justice Ali Nawaz Chowhan - Aftab Ahmad Bajwa , Ms.Naurin Fatima	LAHORE-HIGH-COURT-LAHORE",Supreme Court of Pakistan,2007-01-01,705,full_judgment,mixed,unknown,1398
2007_YLR_1399,2007 YLR 1399,"466	2007 YLR 1399	FIDA HUSSAIN alias PEERO VS State - Honorable Justice Iqbal Hameed-ur-Rehman - Muhammad Bilal Butt , Abdul Hameed Khokhar	LAHORE-HIGH-COURT-LAHORE",Supreme Court of Pakistan,2007-01-01,325,full_judgment,mixed,unknown,787
2007_YLR_1404,2007 YLR 1404,470	2007 YLR 1404	ASIF IMTIAZ VS State - Honorable Justice Muhammad Khalid Alvi - Abdul Rasheed Rashid	LAHORE-HIGH-COURT-LAHORE,Supreme Court of Pakistan,2007-01-01,606,full_judgment,mixed,unknown,1425
2007_YLR_1294,2007 YLR 1294,420	2007 YLR 1294	Mst. ROMA BIBI alias KIRAN VS State - Honorable Justice Muhammad Jehangir Arshad - Malik Waqar Haider Awan	LAHORE-HIGH-COURT-LAHORE,Supreme Court of Pakistan,2007-01-01,527,full_judgment,mixed,disposed_of,826
2007_YLR_1289,2007 YLR 1289,"416	2007 YLR 1289	MERWAAN MURSHIDI VS State - Honorable Justice Muhammad Jehangir Arshad - Pervaiz Aftab , Imtiaz Ahmad Sheikh	LAHORE-HIGH-COURT-LAHORE",Supreme Court of Pakistan,2007-01-01,485,full_judgment,mixed,unknown,937
2007_YLR_1287,2007 YLR 1287,"415	2007 YLR 1287	MUHAMMAD AKRAM VS State - Honorable Justice Tariq Shamim - Amjad Farouck Bismell Rajput , Ch. Muhammad Hussain Chhachhar	LAHORE-HIGH-COURT-LAHORE",Supreme Court of Pakistan,2007-01-01,1138,full_judgment,mixed,unknown,2291
2007_YLR_1280,2007 YLR 1280,"410	2007 YLR 1280	SANA ULLAH VS State - Honorable Justice Syed Shabbar Raza Rizvi - M.A. Zafar , Ijaz Ahmad Bajwa	LAHORE-HIGH-COURT-LAHORE",Supreme Court of Pakistan,2007-01-01,689,full_judgment,mixed,unknown,908
2007_YLR_1282,2007 YLR 1282,"412	2007 YLR 1282	MUHAMMAD ARSHAD KAUSARI VS State - Honorable Justice Asif Saeed Khan Khosa - Chaudhry Imran Raza Chadhar and Ch. Zaheer Afzal Chadhar , M. Aqeel Wahid Chaudhry	LAHORE-HIGH-COURT-LAHORE",Supreme Court of Pakistan,2007-01-01,1448,full_judgment,mixed,petition_allowed,2331
2007_YLR_1295,2007 YLR 1295,"421	2007 YLR 1295	AHBAB COOPERATIVE HOUSING SOCIETY through Secretary VS AAMER BASHIR - Honorable Justice Muhammad Muzammal Khan - Raja Naeem Akbar , Jahangir Akhtar Jhojha	LAHORE-HIGH-COURT-LAHORE",Lahore High Court,2007-01-01,1675,full_judgment,mixed,remanded,1757
2007_YLR_1293,2007 YLR 1293,"419	2007 YLR 1293	GHULAM MURTAZA VS State - Honorable Justice Sh. Javed Sarfraz - Syed Karamat Ali Naqvi , Kazim Iqbal Bhanghu	LAHORE-HIGH-COURT-LAHORE",Supreme Court of Pakistan,2007-01-01,593,full_judgment,mixed,unknown,1153
2007_YLR_1292,2007 YLR 1292,"418	2007 YLR 1292	Mst. SUGHRAN BIBI VS DISTRICT POLICE OFFICER, LODHRAN - Honorable Justice Muhammad Jehangir Arshad - Muhammad Bilal Butt , Sughran Bibi in person along with her husband Zakir Hussain.	LAHORE-HIGH-COURT-LAHORE",Lahore High Court,2007-01-01,551,full_judgment,mixed,disposed_of,1254
2007_YLR_1286,2007 YLR 1286,"414	2007 YLR 1286	MUHAMMAD IQBAL VS State - Honorable Justice M.Bilal Khan - Agha Abul Hassan Arif , Tahir Mehmood Gondal	LAHORE-HIGH-COURT-LAHORE",Lahore High Court,2007-01-01,873,full_judgment,mixed,petition_dismissed,1642
2007_YLR_128,2007 YLR 128,"35	2007 YLR 128	MUHAMMAD HAYAT VS State - Honorable Justice Rahmat Hussain Jafferi - Haji Khan Panhwar , Muhammad Mahmood S. Khan Yousfi	KARACHI-HIGH-COURT-SINDH",High Court of Sindh,2007-01-01,1474,full_judgment,mixed,appeal_dismissed,1722
2007_YLR_1290,2007 YLR 1290,"417	2007 YLR 1290	IRFAN SAEED VS State - Honorable Justice Tariq Shamim - Asif Ali Chaudhry , Maqbool Ahmed Qureshi	LAHORE-HIGH-COURT-LAHORE",Supreme Court of Pakistan,2007-01-01,821,full_judgment,mixed,unknown,1430
2007_YLR_1284,2007 YLR 1284,"413	2007 YLR 1284	ABDUL MALIK VS State - Honorable Justice Tariq Shamim - Ch. M.S. Shad , Javed Bashir	LAHORE-HIGH-COURT-LAHORE",Lahore High Court,2007-01-01,746,full_judgment,mixed,petition_allowed,1493
2007_YLR_1281,2007 YLR 1281,"411	2007 YLR 1281	MUHAMMAD KHALID VS State - Honorable Justice Muhammad Farrukh Mahmud - Ch. Pervez Aftab , Mehar Muhammad Saleem	LAHORE-HIGH-COURT-LAHORE",Supreme Court of Pakistan,2007-01-01,542,full_judgment,mixed,unknown,1220
2007_YLR_1440,2007 YLR 1440,"477	2007 YLR 1440	MANSIB ALI VS State - Honorable Justice MUHAMMAD FARRUKH MAHMUD - Shah Ahmad Khan Baloch , Inayat Ullah Khan	LAHORE-HIGH-COURT-LAHORE",Lahore High Court,2007-01-01,3146,full_judgment,mixed,appeal_allowed,2480
2007_YLR_1433,2007 YLR 1433,"475	2007 YLR 1433	MUHAMMAD ASHFAQ VS State - Honorable Justice MUHAMMAD FARRUKH MAHMUD - Ch. Asghar Ali , Muhammad Hussain Chachar	LAHORE-HIGH-COURT-LAHORE",Lahore High Court,2007-01-01,2942,full_judgment,mixed,unknown,2424
2007_YLR_1445,2007 YLR 1445,"478	2007 YLR 1445	ALLAH DITTA VS State - Honorable Justice MUHAMMAD FARRUKH MAHMUD - Nayyar Iqbal Ghouri , Inayat Ullah Khan	LAHORE-HIGH-COURT-LAHORE",Lahore High Court,2007-01-01,3537,full_judgment,mixed,appeal_allowed,2488
2007_YLR_1438,2007 YLR 1438,"476	2007 YLR 1438	BASHIR AHMED SHAIKH VS State - Honorable Justice Ghulam Rabbani and Azizullah M. Memon - Azizullah Shaikh and Miss Shaista Shamim , Shafaat Nabi K. Sherwani	KARACHI-HIGH-COURT-SINDH",High Court of Sindh,2007-01-01,1241,full_judgment,mixed,unknown,1238
2007_YLR_143,2007 YLR 143,"40	2007 YLR 143	A.S. NADEEM ADVERTISERS, LAHORE VS PUNJAB ROAD TRANSPORT CORPORATION through Managing Director - Honorable Justice Muhammad Muzammal Khan - Muhammad Rashid Ahmad , Tariq Latif	LAHORE-HIGH-COURT-LAHORE",Lahore High Court,2007-01-01,1012,full_judgment,mixed,revision_allowed,1652
2007_YLR_1557,2007 YLR 1557,"508	2007 YLR 1557	MUHAMMAD TARIQ VS State - Honorable Justice Hasnat Ahmad Khan - Muhammad Mehmood Ashraf Khan and Ch. Pervaiz Aftab , Sh. Imtiaz	LAHORE-HIGH-COURT-LAHORE",Supreme Court of Pakistan,2007-01-01,1839,full_judgment,mixed,unknown,2733
2007_YLR_1560,2007 YLR 1560,"509	2007 YLR 1560	EJAZ AHMAD alias JUGGI VS State - Honorable Justice IJAZ AHMAD CHAUDHRY - Masood Sadiq Mirza , Ch. Muhammad Hussain Chhachar	LAHORE-HIGH-COURT-LAHORE",Lahore High Court,2007-01-01,4321,full_judgment,mixed,appeal_allowed,2793
2007_YLR_1550,2007 YLR 1550,"505	2007 YLR 1550	ASHFAQ AHMAD VS JUDGE, FAMILY COURT OKARA - Honorable Justice Jawwad S. Khawaja - Saleem Anwar Khan	LAHORE-HIGH-COURT-LAHORE",Supreme Court of Pakistan,2007-01-01,341,full_judgment,mixed,appeal_dismissed,1245
2007_YLR_1543,2007 YLR 1543,"501	2007 YLR 1543	MUHAMMAD RAMZAN VS ABBAS ALI - Honorable Justice Sh. Azmat Saeed - Ch. Muhammad Abdul Saleem , Mansoor Ali Bokhari	LAHORE-HIGH-COURT-LAHORE",Lahore High Court,2007-01-01,1025,full_judgment,mixed,appeal_dismissed,1966
2007_YLR_1551,2007 YLR 1551,"506	2007 YLR 1551	MUHAMMAD SALEEM VS State - Honorable Justice Hasnat Ahmad Khan - Ch. Shakir Ali , Qaisar Butt	LAHORE-HIGH-COURT-LAHORE",Supreme Court of Pakistan,2007-01-01,1914,full_judgment,mixed,unknown,3364
2007_YLR_1547,2007 YLR 1547,"503	2007 YLR 1547	CANTONMENT BOARD, LAHORE CANTT. through Executive Officer VS Mst. SULTAN JAHAN - Honorable Justice Sh. Azmat Saeed and Umar Ata Bandial - Muhammad Rashid Ahmed , Multi ud Din Qazi	LAHORE-HIGH-COURT-LAHORE",Supreme Court of Pakistan,2007-01-01,715,full_judgment,mixed,appeal_dismissed,1925
2007_YLR_1548,2007 YLR 1548,"504	2007 YLR 1548	Haji GHULAM ABBAS VS CHIEF ENGINEER, IRRIGATION, DERA GHAZI KHAN ZONE - Honorable Justice Ijaz Ahmad Chaudhry - Sahibzada Mahboob Ali , Sardar M. Akram Khan Pitafi	LAHORE-HIGH-COURT-LAHORE",Lahore High Court,2007-01-01,1268,full_judgment,mixed,appeal_allowed,1601
2007_YLR_14,2007 YLR 14,"6	2007 YLR 14	MUHAMMAD DILDAR alias BILLU VS State - Honorable Justice MUHAMMAD FARRUKH MAHMUD - Muhammad Aslam Malik , A.H. Masood	LAHORE-HIGH-COURT-LAHORE",Supreme Court of Pakistan,2007-01-01,2932,full_judgment,mixed,appeal_allowed,3681
2007_YLR_1542,2007 YLR 1542,"500	2007 YLR 1542	IMTIAZ HUSSAIN VS State - Honorable Justice Sardar Muhammad Aslam - Muhammad Sharif Butt , Ch. Abdul Ghani	LAHORE-HIGH-COURT-LAHORE",Supreme Court of Pakistan,2007-01-01,313,full_judgment,mixed,petition_dismissed,843
2007_YLR_1545,2007 YLR 1545,"502	2007 YLR 1545	MUHAMMAD RAFIQUE VS State - Honorable Justice Mian Muhammad Najum-uz-Zaman - Dr. Ehsan ul Haque Khan , Ch. Jamshed Hussain	LAHORE-HIGH-COURT-LAHORE",Supreme Court of Pakistan,2007-01-01,698,full_judgment,mixed,petition_allowed,906
2007_YLR_1554,2007 YLR 1554,507	2007 YLR 1554	Y.K. LEE VS DIG SARGODHA - Honorable Justice MIAN MUHAMMAD NAJUM,Lahore High Court,2007-01-01,1520,full_judgment,mixed,petition_allowed,3494
2007_YLR_1582,2007 YLR 1582,513	2007 YLR 1582	ZARGAM KHAN VS State - Honorable Justice Hasnat Ahmad Khan - Ch. Pervaiz Aftab	LAHORE-HIGH-COURT-LAHORE,Supreme Court of Pakistan,2007-01-01,2949,full_judgment,mixed,unknown,3452
2007_YLR_1572,2007 YLR 1572,"511	2007 YLR 1572	TARIQ RAHSEED VS ADDITIONAL DISTRICT JUDGE - Honorable Justice Iqbal Hameed-ur-Rehman - Malik Iqbal Rasool , Syed M. Ali Gilani	LAHORE-HIGH-COURT-LAHORE",Lahore High Court,2007-01-01,2640,full_judgment,mixed,petition_dismissed,1363
2007_YLR_1587,2007 YLR 1587,"514	2007 YLR 1587	GHULAM YASIN VS State - Honorable Justice HASNAT AHMAD KHAN - Ch. Pervaiz Aftab , Mian Bashir Ahmad Bhatti	LAHORE-HIGH-COURT-LAHORE",Lahore High Court,2007-01-01,3661,full_judgment,mixed,unknown,2582
2007_YLR_1593,2007 YLR 1593,"515	2007 YLR 1593	FARUKH FARAZ VS State - Honorable Justice Sajjad Ali Shah - Lal Chand , Agha Zafir	KARACHI-HIGH-COURT-SINDH",High Court of Sindh,2007-01-01,710,full_judgment,mixed,unknown,1185
2007_YLR_1567,2007 YLR 1567,"510	2007 YLR 1567	MUHAMMAD ASHRAF alias ACHHU VS State - Honorable Justice MUHAMMAD FARRUKH MAHMUD - Nadeem Siddiqui , Masood Sadiq Mirza	LAHORE-HIGH-COURT-LAHORE",Lahore High Court,2007-01-01,2902,full_judgment,mixed,appeal_dismissed,1937
2007_YLR_1576,2007 YLR 1576,"512	2007 YLR 1576	AURANGZEB alias KALA VS State - Honorable Justice MUHAMMAD FARRUKH MAHMUD - Nazeer Ahmad Ghazi , Ch. Muhammad Hussain Chhachhar	LAHORE-HIGH-COURT-LAHORE",Lahore High Court,2007-01-01,3179,full_judgment,mixed,appeal_allowed,3576
2006_YLR_87,2006 YLR 87,"40	2006 YLR 87	NASIR KHAN VS PROVINCE OF PUNJAB through Secretary Irrigation, Punjab - Honorable Justice CH. IJAZ AHMAD - Riaz Karim Qureshi , Muhammad Hanif Khatana	LAHORE-HIGH-COURT-LAHORE",Lahore High Court,2006-01-01,2540,full_judgment,mixed,remanded,2715
2006_YLR_886,2006 YLR 886,"262	2006 YLR 886	SHAHNAZ BIBI VS MUHAMMAD IQBAL KHAN - Honorable Justice Jawwad S. Khawaja - Mehdi Khan Chohan , Nemo	LAHORE-HIGH-COURT-LAHORE",Lahore High Court,2006-01-01,2108,full_judgment,mixed,revision_allowed,2850
2006_YLR_871,2006 YLR 871,"259	2006 YLR 871	HABIB KHAN VS State - Honorable Justice Raja Fayyaz Ahmed, C. J. and Tariq Mehmood - Syed Ayaz Zahoor , Ashraf Khan Tanoli, A.-G. and K.N. Kohli, D.A.-G.	QUETTA-HIGH-COURT-BALOCHISTAN",High Court of Balochistan,2006-01-01,5678,full_judgment,mixed,unknown,1742
2006_YLR_881,2006 YLR 881,"260	2006 YLR 881	PROVINCE OF PUNJAB through Secretary to Government of Punjab VS AWAN ENGINEERING ENTERPRISES - Honorable Justice Mian Saqib Nisar - Muhammad Awais , Muhammad Shahid Piracha	LAHORE-HIGH-COURT-LAHORE",Lahore High Court,2006-01-01,1272,full_judgment,mixed,unknown,1553
2007_YLR_1471,2007 YLR 1471,"483	2007 YLR 1471	BAHADAR VS THE SATE - Honorable Justice MUHAMMAD FARRUKH MAHMUD - Salman Safdar , Mirza Abdullah Baig	LAHORE-HIGH-COURT-LAHORE",Supreme Court of Pakistan,2007-01-01,3559,full_judgment,mixed,appeal_allowed,2937
2007_YLR_1479,2007 YLR 1479,"485	2007 YLR 1479	MAQBOOL HUSSAIN VS ANJUMAN MASJID AL-BADR AHL-E-HADITH - Honorable Justice Syed Asghar Haider - Muzamil Akhtar Shabir , Riaz-ul-Haq	LAHORE-HIGH-COURT-LAHORE",Lahore High Court,2007-01-01,870,full_judgment,mixed,appeal_allowed,1209
2007_YLR_1490,2007 YLR 1490,"490	2007 YLR 1490	MUHAMMAD ARSHAD QAYYUM VS State - Honorable Justice MUHAMMAD AKHTAR SHABBIR - Dr. Babar Awan , M. Tariq Ch.,	LAHORE-HIGH-COURT-LAHORE",Lahore High Court,2007-01-01,2575,full_judgment,mixed,appeal_dismissed,2244
2007_YLR_1483,2007 YLR 1483,"487	2007 YLR 1483	Dr. ABDUL RAUF VS State - Honorable Justice Azizullah M. Memon - Salahuddin Khan Gandapur , Mahmood Alam Rizvi	KARACHI-HIGH-COURT-SINDH",High Court of Sindh,2007-01-01,893,full_judgment,mixed,unknown,1230
2007_YLR_1481,2007 YLR 1481,"486	2007 YLR 1481	MEHBOOB HUSSAIN VS State - Honorable Justice Hasnat Ahmad Khan - Muhammad Jehangir Khan , Zahoor Ahmad Chughtai	LAHORE-HIGH-COURT-LAHORE",Supreme Court of Pakistan,2007-01-01,1343,full_judgment,mixed,unknown,1866
2007_YLR_1485,2007 YLR 1485,"488	2007 YLR 1485	Mst. SALLAH KHATOON VS SULTAN - Honorable Justice Muhammad Muzammal Khan - Nadeem-ud-Din Malik , Mian Hamayoon Aslam	LAHORE-HIGH-COURT-LAHORE",Lahore High Court,2007-01-01,1356,full_judgment,mixed,appeal_dismissed,2541
2007_YLR_1477,2007 YLR 1477,"484	2007 YLR 1477	NAJAMUDDIN VS State - Honorable Justice SYED ZAWWAR HUSSAIN JAFFERY - Muhammad Ayaz Soomro , Mushtaq Ahmed Abbasi	KARACHI-HIGH-COURT-SINDH",High Court of Sindh,2007-01-01,1394,full_judgment,mixed,disposed_of,1555
2007_YLR_1487,2007 YLR 1487,"489	2007 YLR 1487	MAHERA FATIMA VS PROVINCE OF SINDH - Honorable Justice Azizullah M. Memon - Umer Nisar , Ms. Cookie Rawat	KARACHI-HIGH-COURT-SINDH",Supreme Court of Pakistan,2007-01-01,1981,full_judgment,mixed,unknown,2563
2007_YLR_1608,2007 YLR 1608,"520	2007 YLR 1608	GHULAM MUHAMMAD VS GHULAM ABBAS - Honorable Justice Mian Hamid Farooq - Abdul Majid Khan and S.M. Rashid , Tariq Masud	LAHORE-HIGH-COURT-LAHORE",Lahore High Court,2007-01-01,2058,full_judgment,mixed,appeal_allowed,1841
2007_YLR_1594,2007 YLR 1594,"516	2007 YLR 1594	SARDAR MASIH VS ANWAR SHAHZAD - Honorable Justice MIAN HAMID FAROOQ - Sh. Atif Munir , Ch. Abdul Ghani	LAHORE-HIGH-COURT-LAHORE",Lahore High Court,2007-01-01,2355,full_judgment,mixed,appeal_allowed,2265
2007_YLR_1599,2007 YLR 1599,"518	2007 YLR 1599	MUZAFFAR KHAN VS S. ABDUL KHALIQ - Honorable Justice Hamid Farooq Durrani - M. Sultan Khan Jadoon , Masud-ur-Rehman Awan	PESHAWAR-HIGH-COURT",Peshawar High Court,2007-01-01,937,full_judgment,mixed,unknown,2376
2007_YLR_1601,2007 YLR 1601,"519	2007 YLR 1601	NAZAR HUSSAIN VS State - Honorable Justice RAHMAT HUSSAIN JAFFERI - Abdul Haleem Qureshi , Habib-ur-Rehman Shaikh	KARACHI-HIGH-COURT-SINDH",High Court of Sindh,2007-01-01,4330,full_judgment,mixed,unknown,4933
2007_YLR_1598,2007 YLR 1598,"517	2007 YLR 1598	MUHAMMAD AZAD alias EJAZ VS State - Honorable Justice Azizullah M. Memon - Lal Chand Mamtani , Sabir Haider	KARACHI-HIGH-COURT-SINDH",High Court of Sindh,2007-01-01,515,full_judgment,mixed,unknown,803
2007_YLR_1614,2007 YLR 1614,"522	2007 YLR 1614	MUHAMMAD KHAN VS State - Honorable Justice MUHAMMAD FARRUKH MAHMUD - Zafar Iqbal Chohan , Muhammad Hussain Chachar	LAHORE-HIGH-COURT-LAHORE",Lahore High Court,2007-01-01,2575,full_judgment,mixed,appeal_dismissed,2770
2007_YLR_1611,2007 YLR 1611,"521	2007 YLR 1611	Mst. NUSRAT JABEEN VS STATION HOUSE OFFICER, POLICE STATION, SAMANABAD, LAHORE - Honorable Justice M. Bilal Khan - Sher Afgan Asadi , Tahir Mehmood Gondal	KARACHI-HIGH-COURT-SINDH",High Court of Sindh,2007-01-01,1723,full_judgment,mixed,petition_allowed,2138
2007_YLR_1618,2007 YLR 1618,"523	2007 YLR 1618	Mst. AFSANA VS DISTRICT POLICE OFFICER,",High Court of Sindh,2007-01-01,3039,full_judgment,mixed,petition_allowed,5810
2007_YLR_1651,2007 YLR 1651,"533	2007 YLR 1651	GULDAASH VS State - Honorable Justice IJAZ UL HASSAN KHAN - Barrister M. Zahurul Haq , Muhammad Ayaz Khan	PESHAWAR-HIGH-COURT",Peshawar High Court,2007-01-01,3658,full_judgment,mixed,appeal_dismissed,4710
2007_YLR_1667,2007 YLR 1667,"539	2007 YLR 1667	SADRUDDIN VS State - Honorable Justice Nadeem Azhar Siddiqi - Pir Mazhar-ul-Haq , Mushtaq Ahmed Abbasi	KARACHI-HIGH-COURT-SINDH",High Court of Sindh,2007-01-01,2743,full_judgment,mixed,disposed_of,2756
2007_YLR_1647,2007 YLR 1647,"532	2007 YLR 1647	MUHAMMAD AKBAR VS ABDUL GHAFOOR - Honorable Justice Syed Hamid Ali Shah - Qadir Zaman Shah Tamuri , Jarri Ullah Khan	LAHORE-HIGH-COURT-LAHORE",Lahore High Court,2007-01-01,2218,full_judgment,mixed,revision_dismissed,3138
2007_YLR_1671,2007 YLR 1671,"540	2007 YLR 1671	MUHAMMAD IMRAN VS PAKISTAN ELECTRONIC MEDIA REGULATORY AUTHORITY through Chairman - Honorable Justice Mian Saqib Nisar and Syed Zahid Hussain - Raza Kazim , Muhammad Azam Zia	LAHORE-HIGH-COURT-LAHORE",Lahore High Court,2007-01-01,430,full_judgment,mixed,unknown,1377
2007_YLR_1665,2007 YLR 1665,538	2007 YLR 1665	MUHAMMAD NASEER VS State - Honorable Justice Tariq Shamim - Malik Javed Akhtar Wains	LAHORE-HIGH-COURT-LAHORE,Supreme Court of Pakistan,2007-01-01,1094,full_judgment,mixed,petition_dismissed,2320
2007_YLR_1657,2007 YLR 1657,"534	2007 YLR 1657	SABIR AYYAZ VS GUL RUKH SAMINA - Honorable Justice Maulvi Anwarul Haq - Khalid Mehmood Mughal , Azid Nafees	LAHORE-HIGH-COURT-LAHORE",Lahore High Court,2007-01-01,1202,full_judgment,mixed,petition_allowed,2261
2007_YLR_1659,2007 YLR 1659,"535	2007 YLR 1659	MUHAMMAD YASIN VS PAKISTAN RAILWAYS through Chairman Railways, Lahore - Honorable Justice Muhammad Jehangir Arshad - Syed Zia Haider , Rao Muhammad Iqbal	LAHORE-HIGH-COURT-LAHORE",Lahore High Court,2007-01-01,1366,full_judgment,mixed,petition_allowed,2213
2007_YLR_1664,2007 YLR 1664,"Dr. MASHOOD ASLAM DAR VS GOVERNMENT OF PAKISTAN through Secretary, Ministry of Health, Islamabad - Honorable Justice Abdul Shakoor Paracha and Mian Hamid Farooq - Muhammad Tanveer Chaudhry	LAHORE-HIGH-COURT-LAHORE",Lahore High Court,2007-01-01,539,full_judgment,mixed,appeal_dismissed,1350
2007_YLR_1645,2007 YLR 1645,"531	2007 YLR 1645	GHULAM AKBAR VS MUHAMMAD RAMZAN - Honorable Justice Jawwad S. Khawaja - Mian Shah Abbas Iqbal , Nemo	LAHORE-HIGH-COURT-LAHORE",Lahore High Court,2007-01-01,1216,full_judgment,mixed,petition_allowed,1624
2007_YLR_1662,2007 YLR 1662,536	2007 YLR 1662	ZAHID MALIK VS State - Honorable Justice Tariq Shamim - Aazar Latif Khan	LAHORE-HIGH-COURT-LAHORE,Supreme Court of Pakistan,2007-01-01,1191,full_judgment,mixed,petition_allowed,2244
2007_YLR_1627,2007 YLR 1627,"526	2007 YLR 1627	MUZAMMAL HUSSAIN VS State - Honorable Justice MUHAMMAD FARRUKH MAHMUD - A. H. Masood , Muhammad Hussain Chachar	LAHORE-HIGH-COURT-LAHORE",Lahore High Court,2007-01-01,2714,full_judgment,mixed,appeal_allowed,1963
2007_YLR_1625,2007 YLR 1625,"525	2007 YLR 1625	FAISAL VS State - Honorable Justice Mrs. Qaisar Iqbal - Khawaja P. Mustafa , Mahmood A. Rizvi	KARACHI-HIGH-COURT-SINDH",High Court of Sindh,2007-01-01,777,full_judgment,mixed,unknown,950
2007_YLR_1640,2007 YLR 1640,529	2007 YLR 1640	SMITHKLINE BEECHAM PLC through Authorized Signatory VS MASS PHARMA,Lahore High Court,2007-01-01,1268,full_judgment,mixed,unknown,2312
2007_YLR_1623,2007 YLR 1623,"524	2007 YLR 1623	NIAZ AHMED VS SUPERINTENDENT, CENTRAL JAIL, BAHAWALPUR - Honorable Justice Muhammad Jehangir Arshad and Hasnat Ahmad Khan - Kamran Bin Latif , Muhammad Qasim Khan	LAHORE-HIGH-COURT-LAHORE",Supreme Court of Pakistan,2007-01-01,1204,full_judgment,mixed,disposed_of,2452
2007_YLR_1636,2007 YLR 1636,"528	2007 YLR 1636	Mst. ASIA LATIF VS TARIQ MUHAMMAD KHAN - Honorable Justice Jawwad S. Khawaja - Ghulam Abbas Zaidi , Muhammad Ayyaz Butt	LAHORE-HIGH-COURT-LAHORE",Lahore High Court,2007-01-01,2036,full_judgment,mixed,revision_allowed,2799
2007_YLR_1631,2007 YLR 1631,"527	2007 YLR 1631	ASGHAR ALI VS State - Honorable Justice HASNAT AHMAD KHAN - Muhammad Asif Alvi , Sana ullah Gujjar	LAHORE-HIGH-COURT-LAHORE",Supreme Court of Pakistan,2007-01-01,3160,full_judgment,mixed,appeal_dismissed,2183
2007_YLR_1643,2007 YLR 1643,"530	2007 YLR 1643	ABDUL REHMAN VS Mst. SALEEM BIBI - Honorable Justice Mian Hamid Farooq - Fazil Muhammad , Malik Javed Akhtar Wains	LAHORE-HIGH-COURT-LAHORE",Lahore High Court,2007-01-01,1389,full_judgment,mixed,appeal_allowed,2656
2007_YLR_1347,2007 YLR 1347,"439	2007 YLR 1347	GHULAM RASUL VS KHAN MUHAMMAD - Honorable Justice Syed Asghar Haider - Ch. Muhammad Anwar Bhindar , Sh. Naveed Shahryar	LAHORE-HIGH-COURT-LAHORE",Lahore High Court,2007-01-01,1188,full_judgment,mixed,petition_allowed,2231
2007_YLR_1345,2007 YLR 1345,"438	2007 YLR 1345	MUHAMMAD BASHIR VS CITY DISTRICT GOVERNMENT, KARACHI - Honorable Justice AMIR HANI MUSLIM - Muhammad Sharif , Manzoor Ahmed	KARACHI-HIGH-COURT-SINDH",High Court of Sindh,2007-01-01,1491,full_judgment,mixed,appeal_allowed,2703
2007_YLR_1334,2007 YLR 1334,"434	2007 YLR 1334	MUHAMMAD AKRAM MATILA VS ELECTION TRIBUNAL FOR LOCAL BODIES ELECTION, 2005 - Honorable Justice Sh. Azmat Saeed - Chaudhry Riasat Ali , Ch. Muhammad Anwar Bhinder	LAHORE-HIGH-COURT-LAHORE",Supreme Court of Pakistan,2007-01-01,2411,full_judgment,mixed,petition_allowed,2643
2007_YLR_1327,2007 YLR 1327,"433	2007 YLR 1327	MUHAMMAD KHAN VS State - Honorable Justice Tariq Shamim - S. M. Masood , Maqbool Ahmed Qureshi	LAHORE-HIGH-COURT-LAHORE",Lahore High Court,2007-01-01,4303,full_judgment,mixed,appeal_allowed,3317
2007_YLR_133,2007 YLR 133,"37	2007 YLR 133	DURO alias DUR MUHAMMAD VS State - Honorable Justice Rahmat Hussain Jafferi - Aziz Ahmed Khawaja , Habibur Rehman Shaikh	KARACHI-HIGH-COURT-SINDH",High Court of Sindh,2007-01-01,1519,full_judgment,mixed,appeal_allowed,2187
2007_YLR_1350,2007 YLR 1350,"440	2007 YLR 1350	MANZOOR HUSSAIN VS S.H.O. POLICE STATION, CITY DUNYANPUR, DISTRICT LODHRAN - Honorable Justice Muhammad Jehangir Arshad - Ch. Muhammad Arshad , Muhammad Bilal Butt	LAHORE-HIGH-COURT-LAHORE",Lahore High Court,2007-01-01,339,full_judgment,mixed,petition_dismissed,1257
2007_YLR_1343,2007 YLR 1343,"437	2007 YLR 1343	MUHAMMAD SHAFI VS MUHAMMAD NAWAZ - Honorable Justice Jawwad S. Khawaja - M.R. Raza Khokhar , Zafar Iqbal Chohan	LAHORE-HIGH-COURT-LAHORE",Lahore High Court,2007-01-01,1002,full_judgment,mixed,unknown,1590
2007_YLR_1338,2007 YLR 1338,"435	2007 YLR 1338	BIJAR VS State - Honorable Justice Faisal Arab - Muhammad Iqbal Mahar , Mushtaque Ahmed Kourejo	KARACHI-HIGH-COURT-SINDH",High Court of Sindh,2007-01-01,397,full_judgment,mixed,unknown,1210
2007_YLR_1823,2007 YLR 1823,"606	2007 YLR 1823	Malik MUHAMMAD SAJJAD VS NAZIM, UC 4 METROVILLE, SITE, KARACHI - Honorable Justice MUHAMMAD MUJEEBULLAH SIDDIQUI - Imtiaz Hussain Gondal , Bashir Ahmed Khan	KARACHI-HIGH-COURT-SINDH",High Court of Sindh,2007-01-01,1660,full_judgment,mixed,disposed_of,3851
2007_YLR_1835,2007 YLR 1835,"609	2007 YLR 1835	WAZIR VS JALAT KHAN - Honorable Justice Ijaz-ul-Hassan Khan - Syed Zafar Abbas Zaidi , Nasir Khalil	PESHAWAR-HIGH-COURT",Peshawar High Court,2007-01-01,3555,full_judgment,mixed,revision_dismissed,6148
2007_YLR_1817,2007 YLR 1817,"603	2007 YLR 1817	AJAMAEEN KHAN VS State - Honorable Justice Mrs. Qaisar Iqbal - Syed Javed Haider Kazmi , Asghar Khan Bangash	KARACHI-HIGH-COURT-SINDH",High Court of Sindh,2007-01-01,1729,full_judgment,mixed,unknown,2585
2007_YLR_1841,2007 YLR 1841,"610	2007 YLR 1841	JAVED AKHTAR VS State - Honorable Justice ASIF SAEED KHAN KHOSA - Sheikh Muhammad Ishaque Zia , Altaf Hussain Qureshi Hashmi	LAHORE-HIGH-COURT-LAHORE",Lahore High Court,2007-01-01,3128,full_judgment,mixed,appeal_dismissed,3928
2007_YLR_1830,2007 YLR 1830,"608	2007 YLR 1830	ZULFIQAR ALI BEHAN VS Dr. ABDUL GHAFFAR JATOI - Honorable Justice Mushir Alam - Muhammad Younas H. Behan and A.K. Memon , Raza Hashmi	KARACHI-HIGH-COURT-SINDH",High Court of Sindh,2007-01-01,2879,full_judgment,mixed,unknown,1761
2007_YLR_1820,2007 YLR 1820,"604	2007 YLR 1820	GHAZALA IKRAM VS MUHAMMAD AKRAM ALI - Honorable Justice Khawaja Muhammad Sharif - Sardar Akbar Ali Dogar , Hussain Aziz Bhatti	LAHORE-HIGH-COURT-LAHORE",Supreme Court of Pakistan,2007-01-01,1455,full_judgment,mixed,unknown,1458
2007_YLR_1827,2007 YLR 1827,"607	2007 YLR 1827	KHAN KHEL VS HAJI NASIR - Honorable Justice Ijaz-ul-Hassan Khan - S.M. Attique Shah , Abdus Samad Khan	PESHAWAR-HIGH-COURT",Peshawar High Court,2007-01-01,1666,full_judgment,mixed,revision_dismissed,3156
2007_YLR_1822,2007 YLR 1822,"605	2007 YLR 1822	MIR ZAMAN VS State - Honorable Justice Ijaz-ul-Hassan Khan - Noor Alam Khan , Aurangzaib	PESHAWAR-HIGH-COURT",Supreme Court of Pakistan,2007-01-01,659,full_judgment,mixed,unknown,969
2007_YLR_1812,2007 YLR 1812,"602	2007 YLR 1812	NOSHERAWAN KHAN VS ABDUL WAHAB - Honorable Justice Talaat Qayum Qureshi - Khalid Khan , for Respondents.	PESHAWAR-HIGH-COURT",Peshawar High Court,2007-01-01,2704,full_judgment,mixed,unknown,2659
2007_YLR_1745,2007 YLR 1745,"574	2007 YLR 1745	TRADING CORPORATION OF PAKISTAN LTD. VS Haji KHUDA BUX AMIR UMAR LTD. - Honorable Justice ANWAR ZAHEER JAMALI - Nasrullah Awan , Adnan Iqbal Chowdhary	KARACHI-HIGH-COURT-SINDH",High Court of Sindh,2007-01-01,3966,full_judgment,mixed,appeal_dismissed,1649
2007_YLR_1729,2007 YLR 1729,"568	2007 YLR 1729	IMRAN ANSARI VS CITY DISTRICT GOVERNMENT, KARACHI - Honorable Justice Mushir Alam and Maqbool Baqar - Inayat Ansari , Manzoor Ahmed	KARACHI-HIGH-COURT-SINDH",High Court of Sindh,2007-01-01,523,full_judgment,mixed,disposed_of,1258
2007_YLR_1735,2007 YLR 1735,"571	2007 YLR 1735	AHMED ALI KHAN VS State - Honorable Justice Sajjad Ali Shah - Adnan I. Chaudhry , Hameedullah Dahri	KARACHI-HIGH-COURT-SINDH",High Court of Sindh,2007-01-01,2830,full_judgment,mixed,unknown,3334
2007_YLR_1739,2007 YLR 1739,"572	2007 YLR 1739	ROOH-UL-AMIN VS GUL AHMAD alias JAM KHAN - Honorable Justice Ijaz-ul-Hassan Khan - Abdul Latif Afridi , Muhammad Shoaib Khan	PESHAWAR-HIGH-COURT",Peshawar High Court,2007-01-01,2147,full_judgment,mixed,revision_dismissed,4298
2007_YLR_1743,2007 YLR 1743,"573	2007 YLR 1743	M. RAMZAN VS State - Honorable Justice Ijaz Ahmad Chaudhry - Muhammad Anwar Naseem , Naeem Masood Asst. A.-G.	LAHORE-HIGH-COURT-LAHORE",Supreme Court of Pakistan,2007-01-01,1027,full_judgment,mixed,unknown,1690
2007_YLR_1752,2007 YLR 1752,"575	2007 YLR 1752	MUHAMMAD DIN VS MAHBOOB AHMAD - Honorable Justice Jawwad S. Khawaja - Azmatullah Chaudhry , Ch. Muzaffar Ali Khan	LAHORE-HIGH-COURT-LAHORE",Lahore High Court,2007-01-01,1461,full_judgment,mixed,appeal_dismissed,2165
2007_YLR_1727,2007 YLR 1727,"566	2007 YLR 1727	SHABBIR HUSSAIN VS State - Honorable Justice Sajjad Ali Shah - Liaquat Ali Qasim , Agha Zafir	KARACHI-HIGH-COURT-SINDH",High Court of Sindh,2007-01-01,660,full_judgment,mixed,unknown,1244
2007_YLR_1733,2007 YLR 1733,"570	2007 YLR 1733	IMAM BAKHSH VS State - Honorable Justice Ijaz Ahmad Chaudhry - Amir Muhammad Joiya , Muhammad Faisal Nawaz	LAHORE-HIGH-COURT-LAHORE",Supreme Court of Pakistan,2007-01-01,865,full_judgment,mixed,petition_allowed,1577
2007_YLR_1730,2007 YLR 1730,"569	2007 YLR 1730	QAMAR ZAMAN KHAN VS NAZIR AHMAD - Honorable Justice Ijaz-ul-Hassan Khan - H. Muhammad Zahir Shah , Alam Gul Khan	PESHAWAR-HIGH-COURT",Peshawar High Court,2007-01-01,1601,full_judgment,mixed,appeal_dismissed,2691
2007_YLR_1728,2007 YLR 1728,"567	2007 YLR 1728	ZEWAR VS State - Honorable Justice Muhammad Raza Khan - Noor Alam Khan , Ubaidullah Anwar A.A.-G.	PESHAWAR-HIGH-COURT",Supreme Court of Pakistan,2007-01-01,584,full_judgment,mixed,petition_allowed,1443
2007_YLR_1711,2007 YLR 1711,"559	2007 YLR 1711	MUSHTAQ ALI VS State - Honorable Justice Sh. Javed Sarfraz - Zafar Iqbal Chchan , Miss Nasim Noor	LAHORE-HIGH-COURT-LAHORE",Supreme Court of Pakistan,2007-01-01,736,full_judgment,mixed,petition_allowed,1445
2007_YLR_1709,2007 YLR 1709,"558	2007 YLR 1709	TARIQ MEHMOOD VS State - Honorable Justice Muhammad Muzammal Khan - Muhammad Zubair Khalid , Shahzad Hassan	LAHORE-HIGH-COURT-LAHORE",Supreme Court of Pakistan,2007-01-01,888,full_judgment,mixed,petition_allowed,1888
2007_YLR_1716,2007 YLR 1716,"562	2007 YLR 1716	ALI REHMAN VS GOVERNMENT OF N.-W.F.P. through Home Secretary - Honorable Justice Ijaz-ul-Hassan Khan - Khan Bahadur Khattak , Respondents placed ex parte.	PESHAWAR-HIGH-COURT",Peshawar High Court,2007-01-01,1621,full_judgment,mixed,revision_dismissed,3466
2007_YLR_1719,2007 YLR 1719,563	2007 YLR 1719	IJRAR HUSSAIN alias CHIN VS State - Honorable Justice MIAN MUHAMMAD NAJAM,Lahore High Court,2007-01-01,2507,full_judgment,mixed,appeal_dismissed,2978
2007_YLR_1700,2007 YLR 1700,"555	2007 YLR 1700	GHULAM MUHAMMAD VS Mst. MARYAM BATOOL - Honorable Justice Syed Asghar Haider - Malik Noor Muhammad Awan , Masood Ashraf Sh.	LAHORE-HIGH-COURT-LAHORE",Lahore High Court,2007-01-01,1753,full_judgment,mixed,petition_dismissed,3331
2007_YLR_1706,2007 YLR 1706,"557	2007 YLR 1706	MAFTAH-UD-DIN VS FAIZ MUHAMMAD KHAN - Honorable Justice Talaat Qayum Qureshi - Muhammad Amin Lachi , Ehsanullah Khan, Malik Hamid Khan Afridi	PESHAWAR-HIGH-COURT",Supreme Court of Pakistan,2007-01-01,1922,full_judgment,mixed,petition_dismissed,2567
2007_YLR_1714,2007 YLR 1714,"561	2007 YLR 1714	Syed SAFDAR ABBAS VS State - Honorable Justice Tariq Shamim - Ch. Muhammad Saleem Kharal , Sheikh Arshad Ali	LAHORE-HIGH-COURT-LAHORE",Supreme Court of Pakistan,2007-01-01,1382,full_judgment,mixed,unknown,2331
2007_YLR_1725,2007 YLR 1725,"565	2007 YLR 1725	MUHAMMAD IFTIKHAR VS PUNJAB PHARMACY COUNCIL through ex-officio Chairman - Honorable Justice Sh. Azmat Saeed - Dr. Eshan ul Haque Khan , Malik Zafar Iqbal Awan	LAHORE-HIGH-COURT-LAHORE",Lahore High Court,2007-01-01,641,full_judgment,mixed,disposed_of,1957
2007_YLR_1712,2007 YLR 1712,"560	2007 YLR 1712	JAN AGHA VS State - Honorable Justice Salim Khan - Malik Musraf Khan , Ubaidullah Anwar A.A.-G.	PESHAWAR-HIGH-COURT",Peshawar High Court,2007-01-01,915,full_judgment,mixed,revision_dismissed,1699
2007_YLR_1704,2007 YLR 1704,"556	2007 YLR 1704	MUHAMMAD MANSHA VS MUHAMMAD YAQOOB - Honorable Justice Sayed Zahid Hussain - Ch. Muhammad Ashraf Sheikhupuri , Respondent proceeded ex parte	LAHORE-HIGH-COURT-LAHORE",Lahore High Court,2007-01-01,1137,full_judgment,mixed,revision_allowed,2838
2007_YLR_1723,2007 YLR 1723,"564	2007 YLR 1723	NIAZ WAR JAN VS GUL NAWAZ - Honorable Justice Ijaz-ul-Hassan Khan - Amanullah Khan Khattak , Haji Muhammad Zahir Shah	PESHAWAR-HIGH-COURT",Peshawar High Court,2007-01-01,1376,full_judgment,mixed,revision_dismissed,2683
2007_YLR_1810,2007 YLR 1810,"601	2007 YLR 1810	SHAHID AZIZ VS State - Honorable Justice Tariq Shamim - Muhammad Ghani , S.D. Qureshi	LAHORE-HIGH-COURT-LAHORE",Supreme Court of Pakistan,2007-01-01,1257,full_judgment,mixed,petition_allowed,2304
2007_YLR_1781,2007 YLR 1781,"588	2007 YLR 1781	GOVERNMENT OF N.-W.F.P. VS AHMAD SHAH - Honorable Justice Ijaz-ul-Hassan Khan - Sardar Shoukat Hayat , Amjad Ali	PESHAWAR-HIGH-COURT",Supreme Court of Pakistan,2007-01-01,2325,full_judgment,mixed,revision_dismissed,4800
2007_YLR_1792,2007 YLR 1792,"593	2007 YLR 1792	NASREEN KAUSER VS PROVINCE OF SINDH - Honorable Justice Sarmad Jalal Osmani and Nadeem Azhar Siddiqi - Muhammad Tasnim , Sarwar Khan	KARACHI-HIGH-COURT-SINDH",High Court of Sindh,2007-01-01,722,full_judgment,mixed,unknown,1489
2007_YLR_1794,2007 YLR 1794,594	2007 YLR 1794	NAWAB ALI VS SARDAR ALI - Honorable Justice Ijaz-ul-Hassan Khan - Abdul Mabood Khattak	PESHAWAR-HIGH-COURT,Peshawar High Court,2007-01-01,1570,full_judgment,mixed,revision_dismissed,3923
2007_YLR_1788,2007 YLR 1788,"591	2007 YLR 1788	BACHA KHAN VS ABDUL QAYUM - Honorable Justice Ijaz-ul-Hassan Khan - Mazullah Barkandi and Shahabuddin , Abdul Samad Khan	PESHAWAR-HIGH-COURT",Peshawar High Court,2007-01-01,1799,full_judgment,mixed,revision_allowed,3779
2007_YLR_1808,2007 YLR 1808,"600	2007 YLR 1808	JAMIL VS State - Honorable Justice Salim Khan - Khalid Rehman , Waheedullah	PESHAWAR-HIGH-COURT",Peshawar High Court,2007-01-01,1028,full_judgment,mixed,revision_allowed,2396
2007_YLR_1785,2007 YLR 1785,"589	2007 YLR 1785	IJAZ ALI VS State - Honorable Justice Tariq Shamim - Ch. Shahid Pervaiz Kahloon , Liaqat Ali Sial	LAHORE-HIGH-COURT-LAHORE",Supreme Court of Pakistan,2007-01-01,1327,full_judgment,mixed,petition_dismissed,2279
2007_YLR_1806,2007 YLR 1806,LTD. VS FAZILAT ENTERPRISES - Honorable Justice Muhammad Sadiq Leghari - Raja Aftab Ahmed	KARACHI-HIGH-COURT-SINDH,High Court of Sindh,2007-01-01,1468,full_judgment,mixed,unknown,1548
2007_YLR_1787,2007 YLR 1787,"590	2007 YLR 1787	RASHID MEHMOOD VS State - Honorable Justice Asif Saeed Khan Khosa - Zafar Iqbal Chohan , Ishfaque Ahmad Chaudhry	LAHORE-HIGH-COURT-LAHORE",Supreme Court of Pakistan,2007-01-01,471,full_judgment,mixed,unknown,1429
2007_YLR_1805,2007 YLR 1805,"598	2007 YLR 1805	Mst. RAZIA BIBI VS State - Honorable Justice Sh. Javaid Sarfraz - Zafar Iqbal Chohan , Ijaz Ahmad Bajwa	LAHORE-HIGH-COURT-LAHORE",Supreme Court of Pakistan,2007-01-01,554,full_judgment,mixed,unknown,1130
2007_YLR_1791,2007 YLR 1791,"592	2007 YLR 1791	MUHAMMAD IQBAL KHAN VS State - Honorable Justice M. Bilal Khan - Zafar Iqbal Chohan , Maqbool Ahmed Qureshi	LAHORE-HIGH-COURT-LAHORE",Supreme Court of Pakistan,2007-01-01,711,full_judgment,mixed,petition_allowed,1523
2007_YLR_1959,2007 YLR 1959,"640	2007 YLR 1959	MUHAMMAD MUSLIM VS SIRAJ DIN - Honorable Justice Syed Sakhi Hussain Bokhari - Khawar Mahmood , Muhammad Iqbal	LAHORE-HIGH-COURT-LAHORE",Lahore High Court,2007-01-01,1786,full_judgment,mixed,appeal_dismissed,2336
2007_YLR_1952,2007 YLR 1952,"638	2007 YLR 1952	ABDUL BASEER VS MUHAMMAD HANIF - Honorable Justice Maulvi Anwarul Haq - Sh. Naveed Shehryar , Malik Muhammad Akram Awan	LAHORE-HIGH-COURT-LAHORE",Supreme Court of Pakistan,2007-01-01,2048,full_judgment,mixed,appeal_allowed,2765
2007_YLR_1967,2007 YLR 1967,"642	2007 YLR 1967	SHAHNAWAZ AHMED MALIK VS ADDITIONAL CONTROLLER OF RENTS - Honorable Justice Amir Hani Muslim - Iftikhar Jawed Qazi , Nasir Rizwan Khan	KARACHI-HIGH-COURT-SINDH",High Court of Sindh,2007-01-01,802,full_judgment,mixed,petition_dismissed,693
2007_YLR_1971,2007 YLR 1971,"644	2007 YLR 1971	MUHAMMAD ASHFAQ VS State - Honorable Justice Asif Saeed Khan Khosa - Asghar Ali , Ishfaque Ahmad Chaudhry	LAHORE-HIGH-COURT-LAHORE",Lahore High Court,2007-01-01,1291,full_judgment,mixed,appeal_allowed,2155
2007_YLR_1946,2007 YLR 1946,"636	2007 YLR 1946	LAND ACQUISITION COLLECTOR, WASA VS INAYAT ULLAH through Legal Representatives - Honorable Justice MAULVI ANWARUL HAQ - Nayyar Iqbal Ghaury , Ch. Mushtaq Masood	LAHORE-HIGH-COURT-LAHORE",Lahore High Court,2007-01-01,2857,full_judgment,mixed,unknown,3308
2007_YLR_2012,2007 YLR 2012,"655	2007 YLR 2012	ABDUL AZIZ KHAN VS IMRAN ZAHID and another - Honorable Justice Mrs. Qaisar Iqbal - Salim Slam Ansari , Usman Shaikh	KARACHI-HIGH-COURT-SINDH",High Court of Sindh,2007-01-01,427,full_judgment,mixed,disposed_of,1156
2007_YLR_19,2007 YLR 19,"7	2007 YLR 19	GHULAM MUSTAFA through L. Rs . VS TAJ DIN through L.Rs. - Honorable Justice Mian Saqib Nisar - Umar Farooq , Nemo",Lahore High Court,2007-01-01,948,full_judgment,mixed,revision_allowed,1926
2007_YLR_1968,2007 YLR 1968,"643	2007 YLR 1968	WAHID ULLAH VS State - Honorable Justice Ijaz-ul-Hassan Khan - Hidayatullah Muhammadzai , Mian Shaukat Hayat	PESHAWAR-HIGH-COURT",Peshawar High Court,2007-01-01,1712,full_judgment,mixed,revision_allowed,2392
2007_YLR_1951,2007 YLR 1951,"637	2007 YLR 1951	SHAFAAT ALI VS State - Honorable Justice Muhammad Muzammal Khan - Ch. Muhammad Yasin , Ms. Shamsa Kanwal, along with Hamed Ali	LAHORE-HIGH-COURT-LAHORE",Supreme Court of Pakistan,2007-01-01,724,full_judgment,mixed,unknown,1753
2007_YLR_1956,2007 YLR 1956,639	2007 YLR 1956	FAZL-E-AMEEN VS MANZOOR AHMAD - Honorable Justice Talaat Qayum Qureshi - Javed Ali	PESHAWAR-HIGH-COURT,Peshawar High Court,2007-01-01,1711,full_judgment,mixed,revision_dismissed,2854
2007_YLR_1944,2007 YLR 1944,635	2007 YLR 1944	ABDUL HAQUE QURESHI VS PROVINCE OF SINDH - Honorable Justice Syed Zawwar Hussain Jaffery - Nasir Rizwan Khan	KARACHI-HIGH-COURT-SINDH,High Court of Sindh,2007-01-01,1377,full_judgment,mixed,appeal_allowed,972
2007_YLR_2013,2007 YLR 2013,"656	2007 YLR 2013	JAVAID ALI VS State - Honorable Justice KHAWAJA MUHAMMAD SHARIF - Sardar Muhammad Latif Khosa and Talib Haider Rizvi , S.D. Qureshi	LAHORE-HIGH-COURT-LAHORE",Lahore High Court,2007-01-01,7656,full_judgment,mixed,disposed_of,6195
2007_YLR_2079,2007 YLR 2079,"673	2007 YLR 2079	ALI KHAN KHOSO VS State - Honorable Justice Ali Sain Dino Metlo - Muhammad Ayaz Soomro , Mushtaque Ahmed Abbasi	KARACHI-HIGH-COURT-SINDH",High Court of Sindh,2007-01-01,962,full_judgment,mixed,unknown,1851
2007_YLR_2083,2007 YLR 2083,"675	2007 YLR 2083	OKHAI MEMON JAMA MASJID TRUST VS IIIRD A.D.J., KARACHI",High Court of Sindh,2007-01-01,3694,full_judgment,mixed,remanded,3602
2007_YLR_2090,2007 YLR 2090,"676	2007 YLR 2090	MUHAMMAD HAFEEZ VS State - Honorable Justice MUHAMMAD FARRUKH MAHMUD - Syed Zahid Hussain Bukhari , Muhammad Hussain Chachar	LAHORE-HIGH-COURT-LAHORE",Lahore High Court,2007-01-01,4731,full_judgment,mixed,appeal_allowed,3802
2007_YLR_2076,2007 YLR 2076,"672	2007 YLR 2076	MUHAMMAD NASRULLAH VS State - Honorable Justice IQBAL HAMEEDUR RAHMAN - Khan Dil Muhammad Khan Ali Zai , Zafarullah Khan Khakwani	LAHORE-HIGH-COURT-LAHORE",Lahore High Court,2007-01-01,1672,full_judgment,mixed,appeal_dismissed,1903
2007_YLR_2071,2007 YLR 2071,"670	2007 YLR 2071	MUHAMMAD BASHIR alias BAKOLA VS State - Honorable Justice M. A. Shahid Siddiqui - M.A. Zafar , Miss Azra Parveen	LAHORE-HIGH-COURT-LAHORE",Supreme Court of Pakistan,2007-01-01,1059,full_judgment,mixed,petition_allowed,1940
2007_YLR_2067,2007 YLR 2067,"669	2007 YLR 2067	Haji MUHAMMAD KHAN VS MUHAMMAD NASIR KHAN - Honorable Justice Mushir Alam - Jhamat Jethanand , Muhammad Hashim Memon	KARACHI-HIGH-COURT-SINDH",High Court of Sindh,2007-01-01,2452,full_judgment,mixed,unknown,5455
2007_YLR_2073,2007 YLR 2073,"671	2007 YLR 2073	SAJJAN VS State - Honorable Justice ALI SAIN DINO METLO - Nisar Ahmed Abro , Muhammad Ismail Bhutto	KARACHI-HIGH-COURT-SINDH",High Court of Sindh,2007-01-01,1847,full_judgment,mixed,appeal_allowed,2720
2007_YLR_2081,2007 YLR 2081,"674	2007 YLR 2081	MAIRAJ VS State - Honorable Justice M. Bilal Khan - Mian Muhammad Sharif Zafar Joiya , Muhammad Muzhar Sher Awan	LAHORE-HIGH-COURT-LAHORE",Supreme Court of Pakistan,2007-01-01,1088,full_judgment,mixed,petition_dismissed,1853
2007_YLR_1927,2007 YLR 1927,"633	2007 YLR 1927	ALI RAZA VS KESC - Honorable Justice Sajjad Ali Shah - Nasir Maqsood , Raghib Baqi	KARACHI-HIGH-COURT-SINDH",Supreme Court of Pakistan,2007-01-01,7913,full_judgment,mixed,unknown,6445
2007_YLR_1940,2007 YLR 1940,"634	2007 YLR 1940	ZAHIDULLAH VS SECRETARY MINES AND MINERALS, GOVERNMENT OF THE PUNJAB, LAHORE - Honorable Justice Syed Shabbar Raza Rizvi - Abid Saqi , Syed Ijaz Qutab	LAHORE-HIGH-COURT-LAHORE",Lahore High Court,2007-01-01,2077,full_judgment,mixed,petition_allowed,3490
2007_YLR_1920,2007 YLR 1920,"632	2007 YLR 1920	Syed IMTIAZ HUSSAIN SHAH VS State - Honorable Justice IJAZ AHMAD CHAUDHRY - Masood Sadiq Mirza and Ch. Ghulam Hussain , Mubashar Latif Ahmad	LAHORE-HIGH-COURT-LAHORE",Supreme Court of Pakistan,2007-01-01,4697,full_judgment,mixed,disposed_of,4434
2007_YLR_1914,2007 YLR 1914,"631	2007 YLR 1914	MUHAMMAD SHAHBAZ VS State - Honorable Justice M.A. SHAHID SIDDIQUI - S. M. Nazim , Muhammad Sharif	LAHORE-HIGH-COURT-LAHORE",Lahore High Court,2007-01-01,3377,full_judgment,mixed,unknown,3275
2007_YLR_1027,2007 YLR 1027,"314	2007 YLR 1027	MUHAMMAD WASEEM SIDDIQUI VS SHAUKAT ARA SIDDIQUI - Honorable Justice Gulzar Ahmed - Syed Arif Ali , Shaukat Ali Sheikh	KARACHI-HIGH-COURT-SINDH",High Court of Sindh,2007-01-01,856,full_judgment,mixed,unknown,1791
2007_YLR_1022,2007 YLR 1022,"311	2007 YLR 1022	MUHAMMAD NOOR VS State - Honorable Justice RAHMAT HUSSAIN JAFFERI - Rahim Khan Bangash , Habib Ahmad	KARACHI-HIGH-COURT-SINDH",High Court of Sindh,2007-01-01,1636,full_judgment,mixed,unknown,2876
2006_YLR_997,2006 YLR 997,"309	2006 YLR 997	AMANAT ALI VS ALLAH RAKHA - Honorable Justice Syed Zahid Hussain - Jehangir , Muhammad Ali Sulehri	LAHORE-HIGH-COURT-LAHORE",Lahore High Court,2006-01-01,2486,full_judgment,mixed,revision_dismissed,2876
2007_YLR_1024,2007 YLR 1024,"312	2007 YLR 1024	MUHAMMAD ILYAS VS State - Honorable Justice Asif Saeed Khan Khosa - Ishfaq Ahmad Chaudhry , Ishfaq Ahmad Chaudhry	LAHORE-HIGH-COURT-LAHORE",Supreme Court of Pakistan,2007-01-01,1034,full_judgment,mixed,petition_allowed,2483
2006_YLR_99,2006 YLR 99,"44	2006 YLR 99	SANA ULLAH VS State - Honorable Justice M. Bilal Khan - Zafar Iqbal Chohan , Ch. Aamir Rehman, Addl. A.-G. assisted by Malik Mubarik Ali	LAHORE-HIGH-COURT-LAHORE",Supreme Court of Pakistan,2006-01-01,1549,full_judgment,mixed,petition_allowed,1877
2007_YLR_1031,2007 YLR 1031,"317	2007 YLR 1031	ALI SHER VS State - Honorable Justice M.A. Shahid Siddiqui - Syed Karamat Ali Naqvi , Sardar Akbar Ali Dogar	LAHORE-HIGH-COURT-LAHORE",Lahore High Court,2007-01-01,1693,full_judgment,mixed,revision_allowed,2196
2007_YLR_1028,2007 YLR 1028,"315	2007 YLR 1028	Mst. ZAHIDA SHER VS S.H.O., POLICE STATION NEW MULTAN - Honorable Justice Fazal-e-Miran Chauhan - Rana Jahanzaib Khan , Sh. Faizan Ahmad	LAHORE-HIGH-COURT-LAHORE",Supreme Court of Pakistan,2007-01-01,593,full_judgment,mixed,disposed_of,1518
2007_YLR_1018,2007 YLR 1018,308	2007 YLR 1018	RIAZ AHMED VS State - Honorable Justice Mrs. Qaiser Iqbal - Mehmood A. Qureshi	KARACHI-HIGH-COURT-SINDH,High Court of Sindh,2007-01-01,1017,full_judgment,mixed,unknown,1201
2007_YLR_1026,2007 YLR 1026,"313	2007 YLR 1026	MUHAMMAD ISHAQUE VS State - Honorable Justice Khawaja Muhammad Sharif and M.A. Shahid Siddiqui - Ch. Qamar Shahid , Ch. Nazir Ahmad	LAHORE-HIGH-COURT-LAHORE",Supreme Court of Pakistan,2007-01-01,391,full_judgment,mixed,petition_dismissed,1228
2007_YLR_1030,2007 YLR 1030,"316	2007 YLR 1030	MUHAMMAD SALEEM VS State - Honorable Justice Asif Saeed Khan Khosa - M.A. Zafar , Miss Samina Shahzadi	LAHORE-HIGH-COURT-LAHORE",Supreme Court of Pakistan,2007-01-01,600,full_judgment,mixed,unknown,1591
2007_YLR_1017,2007 YLR 1017,"307	2007 YLR 1017	MUHAMMAD AYUB VS STATION HOUSE OFFICER, POLICE STATION, CITY LALA MUSA and another - Honorable Justice Tariq Shamim - Ch. Muhammad Rafiq Jathol , Muhammad Arif	LAHORE-HIGH-COURT-LAHORE",Supreme Court of Pakistan,2007-01-01,461,full_judgment,mixed,appeal_allowed,1426
2007_YLR_2394,2007 YLR 2394,761	2007 YLR 2394	ALAM JAN alias ILAM JAN VS State - Honorable Justice Ijaz Ahmad Chaudhry - Sardar Khurram Latif Khan Khosa	LAHORE-HIGH-COURT-LAHORE,Lahore High Court,2007-01-01,7324,full_judgment,mixed,appeal_dismissed,5155
2007_YLR_2378,2007 YLR 2378,755	2007 YLR 2378	GHULAM HUSSAIN VS State - Honorable Justice Mrs. Yasmin Abbasey - Khawaja Naveed Ahmed	KARACHI-HIGH-COURT-SINDH,High Court of Sindh,2007-01-01,2607,full_judgment,mixed,appeal_allowed,978
2007_YLR_2382,2007 YLR 2382,"756	2007 YLR 2382	Mst. MARYAM BIBI VS NOOR AHMAD - Honorable Justice Maulvi Anwarul Haq - Mian Tabassam Ali , Malik Muhammad Akram Khan Awan	LAHORE-HIGH-COURT-LAHORE",Lahore High Court,2007-01-01,1632,full_judgment,mixed,revision_dismissed,2354
2007_YLR_2389,2007 YLR 2389,"759	2007 YLR 2389	GHULAM ALI FADOO VS PUBLIC AT LARGE - Honorable Justice Mrs. Qaisar Iqbal - Naveedul Haq , Nemo	KARACHI-HIGH-COURT-SINDH",Supreme Court of Pakistan,2007-01-01,1297,full_judgment,mixed,unknown,910
2007_YLR_2387,2007 YLR 2387,"758	2007 YLR 2387	AHSANUDDIN VS UNITED BANK LIMITED - Muhammad Rafi , Naveedul Haq	KARACHI-HIGH-COURT-SINDH",High Court of Sindh,2007-01-01,1283,full_judgment,mixed,unknown,1220
2007_YLR_2392,2007 YLR 2392,"760	2007 YLR 2392	MUHAMMAD FAISAL KHAN VS State - Honorable Justice Mrs. Yasmin Abbasey - Syed Nadeem-ul-Haq , Asmatullah Niazi	KARACHI-HIGH-COURT-SINDH",High Court of Sindh,2007-01-01,1081,full_judgment,mixed,unknown,976
2007_YLR_2377,2007 YLR 2377,"754	2007 YLR 2377	FEROZ AHMED KHAN VS FASIULLAH SHEIKH - Honorable Justice Sajjad Ali Shah - Muhammad Amin Lakhani , Munir-ur-Rahman	KARACHI-HIGH-COURT-SINDH",High Court of Sindh,2007-01-01,533,full_judgment,mixed,unknown,716
2007_YLR_2385,2007 YLR 2385,757	2007 YLR 2385	AFAQ-UR-REHMAN VS State - Honorable Justice Ghulam Rabbani - Nasir Rizwan Khan	KARACHI-HIGH-COURT-SINDH,High Court of Sindh,2007-01-01,1136,full_judgment,mixed,unknown,1648
2007_YLR_2367,2007 YLR 2367,750	2007 YLR 2367	DIL REHMAN alias BABA JAN VS State - Honorable Justice Azizullah M. Menton - Khawaja Naveed Ahmed	KARACHI-HIGH-COURT-SINDH,High Court of Sindh,2007-01-01,2920,full_judgment,mixed,appeal_allowed,4518
2007_YLR_2375,2007 YLR 2375,"753	2007 YLR 2375	AMJAD ALI VS ABDUL HAMEED - Honorable Justice Syed Hamid Ali Shah - Ch. Muhammad Jahangir Wahla , Ch. Riaz Ahmad Katana	LAHORE-HIGH-COURT-LAHORE",Lahore High Court,2007-01-01,1316,full_judgment,mixed,revision_dismissed,1232
2007_YLR_2372,2007 YLR 2372,"751	2007 YLR 2372	Mst. BASHIR AKHTAR VS HAFEEZ AHMAD alias ABDUL HAFEEZ - Honorable Justice Maulvi Anwarul Haq - Syed Farooq Hassan Naqvi , Tasawar Hussain Qureshi	LAHORE-HIGH-COURT-LAHORE",Lahore High Court,2007-01-01,1158,full_judgment,mixed,appeal_dismissed,1312
2007_YLR_2355,2007 YLR 2355,747	2007 YLR 2355	ZAHID HUSSAIN VS State - Honorable Justice Hasnat Ahmad Khan - Maulvi Sultan Alam and Atta Ullah Tareen	LAHORE-HIGH-COURT-LAHORE,Lahore High Court,2007-01-01,5037,full_judgment,mixed,unknown,3474
2007_YLR_2346,2007 YLR 2346,LTD. VS M,Supreme Court of Pakistan,2007-01-01,5409,full_judgment,mixed,unknown,5396
2007_YLR_236,2007 YLR 236,"66	2007 YLR 236	AFTAB DIN VS S.H.O., ANTI-CORRUPTION,",Lahore High Court,2007-01-01,1479,full_judgment,mixed,petition_dismissed,2178
2007_YLR_2365,2007 YLR 2365,"749	2007 YLR 2365	Mst. DILSHAD AKHTAR VS Haji Malik AZEEM MAHMOOD . - Honorable Justice Syed Haniid All Shah - Sh. Manzoor Ahmad , Tasawar Hussain Qureshi	LAHORE-HIGH-COURT-LAHORE",Supreme Court of Pakistan,2007-01-01,1276,full_judgment,mixed,disposed_of,1394
2007_YLR_2363,2007 YLR 2363,"748	2007 YLR 2363	MUHAMMAD ALAM, LAMBARDAR VS MUHAMMAD TANVEER - Honorable Justice Maulvi Anwarul Haq - Idrees Ahmad Sheikh	LAHORE-HIGH-COURT-LAHORE",Lahore High Court,2007-01-01,1019,full_judgment,mixed,revision_allowed,628
2007_YLR_2374,2007 YLR 2374,752	2007 YLR 2374	SUHRAB VS State - Honorable Justice Khilji Arif Hussain - Jai Jai Veshno Mange Ram	KARACHI-HIGH-COURT-SINDH,High Court of Sindh,2007-01-01,344,full_judgment,mixed,unknown,945
2007_YLR_1854,2007 YLR 1854,"612	2007 YLR 1854	QUALITY STEEL WORKS LTD. VS KARACHI ELECTRIC SUPPLY CORPORATION - Honorable Justice Mrs. Qaiser Iqbal - Muhammad Shafi Siddiqui , Saeed Ahmed	KARACHI-HIGH-COURT-SINDH",High Court of Sindh,2007-01-01,7310,full_judgment,mixed,unknown,5297
2007_YLR_1846,2007 YLR 1846,"611	2007 YLR 1846	State VS AHTASHAAM NABI - Honorable Justice IJAZ AHMAD CHAUDHRY - Syed Zahid Hussain Bukhari , Malik Muhammad Suleman Awan	LAHORE-HIGH-COURT-LAHORE",Lahore High Court,2007-01-01,5321,full_judgment,mixed,unknown,4554
2007_YLR_1867,2007 YLR 1867,"613	2007 YLR 1867	ABDUL BASIT VS State - Honorable Justice HASNAT AHMAD KHAN - Ch. Muhammad Akram , Bashir Ahmad Bhatti	LAHORE-HIGH-COURT-LAHORE",Lahore High Court,2007-01-01,2515,full_judgment,mixed,appeal_dismissed,2193
2007_YLR_2026,2007 YLR 2026,"657	2007 YLR 2026	MUHAMMAD ARIF VS State - Honorable Justice Ali Sain Dino Metlo - Aamir Mansoob Qureshi , Sardaruddin Qureshi	KARACHI-HIGH-COURT-SINDH",High Court of Sindh,2007-01-01,739,full_judgment,mixed,unknown,1221
2007_YLR_2028,2007 YLR 2028,"658	2007 YLR 2028	RIAZ VS State - Honorable Justice Khawaja Muhammad Sharif - Arshad Qayyum , Naseer ud Din Khan Nayyar	LAHORE-HIGH-COURT-LAHORE",Lahore High Court,2007-01-01,1689,full_judgment,mixed,appeal_allowed,1953
2007_YLR_2032,2007 YLR 2032,"660	2007 YLR 2032	SAJID HUSSAIN VS State - Honorable Justice Khawaja Muhammad Sharif - M.A. Zafar , Naseer ud Din Khan Nayyar	LAHORE-HIGH-COURT-LAHORE",Lahore High Court,2007-01-01,3768,full_judgment,mixed,unknown,2222
2007_YLR_2038,2007 YLR 2038,"661	2007 YLR 2038	MUHAMMAD DAIEM SHATTARI VS State - Honorable Justice Mrs. Yasmin Abbasey - Amir Mansoob Qureshi , Ms. Afsheen Aman	KARACHI-HIGH-COURT-SINDH",Supreme Court of Pakistan,2007-01-01,3687,full_judgment,mixed,remanded,3630
2007_YLR_2031,2007 YLR 2031,659	2007 YLR 2031	SARDAR NAZEER VS State - Honorable Justice Ali Sain Dino Metlo - Aamir Mansoob Qureshi	KARACHI-HIGH-COURT-SINDH,High Court of Sindh,2007-01-01,561,full_judgment,mixed,unknown,1229
2007_YLR_2331,2007 YLR 2331,"742	2007 YLR 2331	SARDAR MASIH VS MIR'BAZ - Honorable Justice Jawwad S. Khawaja - Ali Akbar Bhindar , Ch. Manzoor Hussain Basra	LAHORE-HIGH-COURT-LAHORE",Lahore High Court,2007-01-01,1052,full_judgment,mixed,petition_allowed,1353
2007_YLR_2341,2007 YLR 2341,745	2007 YLR 2341	MUHAMMAD YOUSAF VS State - Honorable Justice Tariq Parvez Khan and Muhammad Qaim Jan Khan - Abdul Fayyaz and Noor Alam	PESHAWAR-HIGH-COURT,Peshawar High Court,2007-01-01,2949,full_judgment,mixed,appeal_dismissed,3496
2007_YLR_232,2007 YLR 232,"65	2007 YLR 232	ABDUL QADIR TAWAKAL VS State - Honorable Justice RAHMAT HUSSAIN JAFFERI - Muhammad Ashraf Baig , Shafat Nabi Khan Sherwani,	KARACHI-HIGH-COURT-SINDH",High Court of Sindh,2007-01-01,2446,full_judgment,mixed,appeal_dismissed,1336
2007_YLR_2333,2007 YLR 2333,"743	2007 YLR 2333	ABDUL GRAFORD CHAUDHRY VS MASOOD AKHT'AR - Honorable Justice Mian Saqib Nisar - Muhammad Shahzad Shaukat , Muhammad Ashraf Shagufta	LAHORE-HIGH-COURT-LAHORE",Lahore High Court,2007-01-01,4875,full_judgment,mixed,appeal_allowed,1909
2007_YLR_2340,2007 YLR 2340,744	2007 YLR 2340	NOOR NABI VS State - Honorable Justice Munib Ahmad Khan - Jai Jai Veshno Mange Ram	KARACHI-HIGH-COURT-SINDH,High Court of Sindh,2007-01-01,533,full_judgment,mixed,unknown,915
2007_YLR_2525,2007 YLR 2525,"802	2007 YLR 2525	MUHAMMAD HUSSAIN VS State - Honorable Justice Hasnat Ahmad Khan - Liaqat Ali Khan, Irshad Hussain Jafree and Javed Jafree	LAHORE-HIGH-COURT-LAHORE",Lahore High Court,2007-01-01,2249,full_judgment,mixed,appeal_allowed,2162
2007_YLR_2502,2007 YLR 2502,797	2007 YLR 2502	MUHAMMAD SAJJAD VS State - Honorable Justice Ijaz Ahmad Chaudhry - Dr. Khalid Ranjha	LAHORE-HIGH-COURT-LAHORE,Lahore High Court,2007-01-01,6985,full_judgment,mixed,unknown,3853
2007_YLR_2523,2007 YLR 2523,"801	2007 YLR 2523	Sufi ABDUL RAHIM VS GOVERNMENT OF PAKISTAN through Secretary - Honorable Justice Syed Hamid Ali Shah - Zahid Hussain Khan , Qamar-uz-Zaman	LAHORE-HIGH-COURT-LAHORE",Lahore High Court,2007-01-01,1664,full_judgment,mixed,petition_dismissed,1467
2007_YLR_2515,2007 YLR 2515,"LTD. VS EMMAD FARID - Honorable Justice Maulvi Anwarul Haq - Abdul Sadiq Chaudhry , Abrar Hassan	LAHORE-HIGH-COURT-LAHORE",Lahore High Court,2007-01-01,1536,full_judgment,mixed,appeal_dismissed,1804
2007_YLR_2518,2007 YLR 2518,800	2007 YLR 2518	IZHAR MUBARAK VS State - Honorable Justice Muhammad Muzammal Khan - Aftab Ahmed Bajwa	LAHORE-HIGH-COURT-LAHORE,Lahore High Court,2007-01-01,2974,full_judgment,mixed,appeal_dismissed,2909
2007_YLR_2513,2007 YLR 2513,"798	2007 YLR 2513	ABDULAH JAN VS State - Honorable Justice Talaat Qayum Qureshi - Mian M. Yunis Shah , Muhammad Alam Khan	PESHAWAR-HIGH-COURT",Supreme Court of Pakistan,2007-01-01,1258,full_judgment,mixed,petition_dismissed,1962
2007_YLR_2405,2007 YLR 2405,"762	2007 YLR 2405	Mst. INAYAT BIBI VS MUHAMMAD BOOTA - Honorable Justice Jawwad S. Khawaja - Malik Amjad Pervez , Mian Muhammad Kashif	LAHORE-HIGH-COURT-LAHORE",Lahore High Court,2007-01-01,2900,full_judgment,mixed,unknown,4313
2007_YLR_2420,2007 YLR 2420,765	2007 YLR 2420	ABDUL GHAFOOR VS State - Honorable Justice Khawaja Muhammad Sharif - Dr. Z. Babar Awan	LAHORE-HIGH-COURT-LAHORE,Lahore High Court,2007-01-01,4418,full_judgment,mixed,appeal_dismissed,1680
2007_YLR_239,2007 YLR 239,"67	2007 YLR 239	TILOO VS State - Honorable Justice Rahmat Hussain Jafferi - Noor Hassan Malik holding brief on behalf of Abdul Fattah Malik , Mahmood Yousifi	KARACHI-HIGH-COURT-SINDH",High Court of Sindh,2007-01-01,1793,full_judgment,mixed,appeal_allowed,2275
2007_YLR_2417,2007 YLR 2417,"764	2007 YLR 2417	MERRY LAND BUILDER AND DEVELOPERS VS GOVERNMENT OF SINDH - Honorable Justice Muhammad Mujeebullah Siddiqui - Faisal Kamal and A. Jabbar , Ahmed Pirzada	KARACHI-HIGH-COURT-SINDH",High Court of Sindh,2007-01-01,1939,full_judgment,mixed,unknown,1806
2007_YLR_2409,2007 YLR 2409,763	2007 YLR 2409	MUHAMMAD NAWAZ alias PAPPU VS State - Honorable Justice Ijaz Ahmad Chaudhry - Malik Saeed Hassan	LAHORE-HIGH-COURT-LAHORE,Lahore High Court,2007-01-01,5006,full_judgment,mixed,appeal_allowed,3579
2007_YLR_2462,2007 YLR 2462,"782	2007 YLR 2462	PAKISTAN TELECOMMUNICATION COMPANY LTD. VS Mian ILAM DIN AND SONS - Honorable Justice Syed Zahid Hussain - Inamul Islam Khan , A. Karim Malik	LAHORE-HIGH-COURT-LAHORE",Lahore High Court,2007-01-01,1622,full_judgment,mixed,appeal_dismissed,601
2007_YLR_2471,2007 YLR 2471,785	2007 YLR 2471	SARDAR MUHAMMAD VS BASHIR AHMAD - Honorable Justice Moulvi Anwarul Haq - Manzoor Hussain Basra	LAHORE-HIGH-COURT-LAHORE,Lahore High Court,2007-01-01,1077,full_judgment,mixed,appeal_allowed,1485
2007_YLR_246,2007 YLR 246,"70	2007 YLR 246	Sahabzada KAMRAN AHMAD VS S.H.O., SATELLITE TOWN, SARGODHA - Honorable Justice Tariq Shamim - Hafiz Khalil Ahmed , M. Farooq Qureshi Chishti and Muhammad Arif Bhinder	LAHORE-HIGH-COURT-LAHORE",Lahore High Court,2007-01-01,1770,full_judgment,mixed,petition_dismissed,2212
2007_YLR_2465,2007 YLR 2465,783	2007 YLR 2465	Ch. MUHAMMAD KHAN VS INSPECTOR-GENERAL OF POLICE - Honorable Justice Khawaja Muhammad Sharif - Azam Nazeer Tarar	LAHORE-HIGH-COURT-LAHORE,Lahore High Court,2007-01-01,1343,full_judgment,mixed,petition_dismissed,2143
2007_YLR_2458,2007 YLR 2458,780	2007 YLR 2458	NIAZ VS State - Honorable Justice Zia Perwez - Zulfiqar Ali Sangi	KARACHI-HIGH-COURT-SINDH,Supreme Court of Pakistan,2007-01-01,662,full_judgment,mixed,unknown,798
2007_YLR_2459,2007 YLR 2459,"781	2007 YLR 2459	GHULAM FATIMA VS MUHAMMAD SHAFI - Honorable Justice Sh. Azmat Saeed - Hafiz Khalil Ahmed , Sh. Naveed Shehryar	LAHORE-HIGH-COURT-LAHORE",Lahore High Court,2007-01-01,1562,full_judgment,mixed,revision_dismissed,1890
2007_YLR_2456,2007 YLR 2456,"779	2007 YLR 2456	MUHAMMAD MUKHTAR VS Mst. ZUBAIDA - Honorable Justice Maulvi Anwarul Haq - Shamim Abbas Bukhari , Muhammad Faisal Malik	LAHORE-HIGH-COURT-LAHORE",Lahore High Court,2007-01-01,1207,full_judgment,mixed,appeal_dismissed,2175
2007_YLR_2467,2007 YLR 2467,"784	2007 YLR 2467	ATA ULLAH VS ALI MUHAMMAD - Honorable Justice Syed Humid Ali Shah - Ghulam Farid Sanotra , Sh. Tariq Mahmood	LAHORE-HIGH-COURT-LAHORE",Lahore High Court,2007-01-01,1966,full_judgment,mixed,revision_dismissed,1909
2007_YLR_2472,2007 YLR 2472,"786	2007 YLR 2472	ASLAM VS ABDUL SATTAR - Honorable Justice Sh. Hakim Ali - Syed Muhammad Kalim Ahmad Khurshid , Shafqat Mahmood	LAHORE-HIGH-COURT-LAHORE",Lahore High Court,2007-01-01,902,full_judgment,mixed,remanded,1511
2007_YLR_2474,2007 YLR 2474,"787	2007 YLR 2474	Mst. KAUSAR PARVEEN VS MUHAMMAD IQBAL - Honorable Justice Syed Asghar Haider - Rao Jalal-ud-Din Khan , Muhammad Afzal Cheema	LAHORE-HIGH-COURT-LAHORE",Lahore High Court,2007-01-01,1342,full_judgment,mixed,petition_dismissed,1758
2007_YLR_2453,2007 YLR 2453,"778	2007 YLR 2453	SALAMAT ALI VS KHAIR-UD-DIN - Honorable Justice Jawwad S. Khawaja - M.A. Ghaffar-ul-Haq , Mian Javed Iqbal	LAHORE-HIGH-COURT-LAHORE",Lahore High Court,2007-01-01,1630,full_judgment,mixed,revision_dismissed,2557
2007_YLR_2477,2007 YLR 2477,788	2007 YLR 2477	Syed QABOOL MUHAMMAD SHAH VS State - Honorable Justice Faisal Arab - Syed Madad Ali Shah	KARACHI-HIGH-COURT-SINDH,High Court of Sindh,2007-01-01,1331,full_judgment,mixed,unknown,1392
2007_YLR_1879,2007 YLR 1879,"616	2007 YLR 1879	MUHAMMAD ASLAM VS State - Honorable Justice Muhammad Akhtar Shabbir - Zafar Iqbal Chohan , Ch. Muhammad Ahad	LAHORE-HIGH-COURT-LAHORE",Supreme Court of Pakistan,2007-01-01,740,full_judgment,mixed,petition_allowed,1488
2007_YLR_1880,2007 YLR 1880,"617	2007 YLR 1880	PIR BUX VS MUHAMMAD MOOSA - Honorable Justice Sarmad Jalal Osmany - Soomar Das Parani , Mukesh Kumar G. Karara	KARACHI-HIGH-COURT-SINDH",Supreme Court of Pakistan,2007-01-01,3516,full_judgment,mixed,unknown,4783
2007_YLR_1913,2007 YLR 1913,"630	2007 YLR 1913	NOOR SHAH VS IFTIKHAR AHMAD - Honorable Justice Mian, Muhammad Najum-uz-Zaman - Naseem Ullah Niazi , Muhammad Iftikhar vice M. Farooq Qureshi	LAHORE-HIGH-COURT-LAHORE",Lahore High Court,2007-01-01,431,full_judgment,mixed,revision_allowed,1347
2007_YLR_1886,2007 YLR 1886,618	2007 YLR 1886	MUHAMMAD NAWAZ VS State - Honorable Justice MIAN MUHAMMAD NAJAM,Lahore High Court,2007-01-01,1339,full_judgment,mixed,remanded,1918
2007_YLR_1912,2007 YLR 1912,"629	2007 YLR 1912	MUHAMMAD KHALIL VS State - Honorable Justice Fazal-e-Miran Chauhan - Syed Iqbal Hussain Gillani , Raja Akhtar Nawaz	LAHORE-HIGH-COURT-LAHORE",Supreme Court of Pakistan,2007-01-01,565,full_judgment,mixed,petition_allowed,1267
2007_YLR_1877,2007 YLR 1877,"615	2007 YLR 1877	MUHAMMAD MANSHA VS State - Honorable Justice Khawaja Muhammad Sharif - Mrs. Erum Sajjad Gul , Miss Farina Butt along with Ghulam Shabbir	LAHORE-HIGH-COURT-LAHORE",Supreme Court of Pakistan,2007-01-01,909,full_judgment,mixed,petition_dismissed,1561
2007_YLR_2287,2007 YLR 2287,"734	2007 YLR 2287	SIGN SOURCE VS HUMAYUN H. BAIG MUHA MMED - Honorable Justice Mushir Alani - Mrs. Navin Merchant and Junaid Ghaifar , Anwer Mansoor and Asim Mansoor	KARACHI-HIGH-COURT-SINDH",Supreme Court of Pakistan,2007-01-01,5686,full_judgment,mixed,disposed_of,3212
2007_YLR_2296,2007 YLR 2296,735	2007 YLR 2296	MUHAMMAD ILYAS VS State - Honorable Justice Ijaz Ahmad Chaudhry - Munir Ahmad Bhatti	LAHORE-HIGH-COURT-LAHORE,Lahore High Court,2007-01-01,7281,full_judgment,mixed,unknown,5515
2007_YLR_22,2007 YLR 22,"9	2007 YLR 22	JAMEEL AHMAD VS State - Honorable Justice MUHAMMAD FARRUKH MAHMUD - Ashfaq Ahmad Chaudhry , Maqbool Ahmad Qureshi",Lahore High Court,2007-01-01,3378,full_judgment,mixed,appeal_allowed,3145
2007_YLR_228,2007 YLR 228,"64	2007 YLR 228	SULTAN VS State - Honorable Justice HASNAT AHMAD KHAN - Ch. Pervaiz Aftab and Pir Masood ul Hasan Chishti , Tanvir Hussain Buzdar	LAHORE-HIGH-COURT-LAHORE",Supreme Court of Pakistan,2007-01-01,2270,full_judgment,mixed,unknown,3434
2007_YLR_2627,2007 YLR 2627,844	2007 YLR 2627	NASEEM AKHTAR alias AKBARI BEGUM VS State - Honorable Justice Hasnat Ahmad Khan - Ch. Faqir Muhammad	LAHORE-HIGH-COURT-LAHORE,Lahore High Court,2007-01-01,8247,full_judgment,mixed,disposed_of,4366
2007_YLR_2649,2007 YLR 2649,"849	2007 YLR 2649	GHULAM MUSTAFA VS ADDITIONAL SESSIONS JUDGE-IV, QUETTA - Honorable Justice Muhammad Nadir Khan - Muhammad Shabir Rajput	QUETTA-HIGH-COURT-BALOCHISTAN",Supreme Court of Pakistan,2007-01-01,366,full_judgment,mixed,unknown,968
2007_YLR_2656,2007 YLR 2656,"854	2007 YLR 2656	MUHAMMAD KHAN VS ABDUL MAHROOF KHAN - Honorable Justice Maulvi Anwarul Haq - Ch. Muhammad Hussain Naqshbandi , Rana Muhammad Anwar	LAHORE-HIGH-COURT-LAHORE",Lahore High Court,2007-01-01,1297,full_judgment,mixed,appeal_dismissed,3187
2007_YLR_2653,2007 YLR 2653,"852	2007 YLR 2653	MUHAMMAD BASHIR VS MUHAMMAD SHAFI - Honorable Justice Muhammad Khalid Alvi - Chaudhary Arshad Mehmood , Sh. Naveed Shehryar	LAHORE-HIGH-COURT-LAHORE",Lahore High Court,2007-01-01,1073,full_judgment,mixed,revision_dismissed,2178
2007_YLR_2642,2007 YLR 2642,"846	2007 YLR 2642	MIRZA KHAN VS SECRETARY, SERVICES AND GENERAL ADMINISTRATION DEPARTMENT, CIVIL SECRETARIAT, QUETTA - Honorable Justice Akhtar Zaman Malghani - H. Shakil Ahmad and Manzoor Ahmad Rehmani , Adrian Ejaz and M. Ashfaq Butt	QUETTA-HIGH-CO",High Court of Balochistan,2007-01-01,1678,full_judgment,mixed,revision_dismissed,2176
2007_YLR_2650,2007 YLR 2650,"850	2007 YLR 2650	TASLEEM KHAN VS ALLAH YAR - Honorable Justice Maulvi Anwarul Haq - Sh. Abdul Aziz , Muhammad Sharif Khokhar	LAHORE-HIGH-COURT-LAHORE",Lahore High Court,2007-01-01,634,full_judgment,mixed,revision_allowed,1167
2007_YLR_2645,2007 YLR 2645,"847	2007 YLR 2645	MUHAMMAD SIRAJUL ISLAM VS MUHAMMAD NIAZUL ISLAM - Honorable Justice Muhammad Raza Khan - Mazhar Alam Khan Miankhel , S. Mastan Ali Zaidi	PESHAWAR-HIGH-COURT",Peshawar High Court,2007-01-01,1362,full_judgment,mixed,unknown,2656
2007_YLR_2640,2007 YLR 2640,845	2007 YLR 2640	NOOR HABIB VS State - Honorable Justice Talaat Qayum Qureshi - Shahzada Riazat-ul-Haq	PESHAWAR-HIGH-COURT,Supreme Court of Pakistan,2007-01-01,1086,full_judgment,mixed,unknown,1486
2007_YLR_2647,2007 YLR 2647,"848	2007 YLR 2647	MUHAMMAD ASHRAF VS MUHAMMAD MALIK - Honorable Justice Maulvi Anwarul Haq - Malik Noor Muhammad Awan , Hafiz Khalil Ahmad	LAHORE-HIGH-COURT-LAHORE",Lahore High Court,2007-01-01,1034,full_judgment,mixed,revision_dismissed,1829
2007_YLR_2654,2007 YLR 2654,853	2007 YLR 2654	AMJAD alias BHOLA VS State - Honorable Justice Muhammad Khalid Alvi - Shamsher Iqbal	LAHORE-HIGH-COURT-LAHORE,Supreme Court of Pakistan,2007-01-01,713,full_judgment,mixed,unknown,1390
2007_YLR_2651,2007 YLR 2651,"851	2007 YLR 2651	MUHAMMAD HASHIM VS PRESIDING OFFICER, SPECIAL BANKING COURT, KARACHI - Honorable Justice Mushir Alam - S. Muhammad Kazim	KARACHI-HIGH-COURT-SINDH",High Court of Sindh,2007-01-01,873,full_judgment,mixed,disposed_of,589
2007_YLR_2484,2007 YLR 2484,791	2007 YLR 2484	MUREED ABBAS VS State - Honorable Justice Rahmat Hussain Jafferi - Mahmood A. Qureshi	KARACHI-HIGH-COURT-SINDH,High Court of Sindh,2007-01-01,2900,full_judgment,mixed,appeal_dismissed,2818
2007_YLR_249,2007 YLR 249,"71	2007 YLR 249	WASEEM ZIA VS State - Honorable Justice Khawaja Muhammad Sharif - Iftikhar Ahmad Shah , Ch. Zafar Iqbal Kamboh	LAHORE-HIGH-COURT-LAHORE",Supreme Court of Pakistan,2007-01-01,1501,full_judgment,mixed,petition_allowed,1356
2007_YLR_2493,2007 YLR 2493,"794	2007 YLR 2493	JHANDA VS Maulvi MUKHTAR AHMAD - Honorable Justice Maulvi Anwarul Haq - Aamir Nawaz Bhatti , Ch. Bashir Ahmad	LAHORE-HIGH-COURT-LAHORE",Lahore High Court,2007-01-01,1932,full_judgment,mixed,revision_allowed,652
2007_YLR_2488,2007 YLR 2488,"792	2007 YLR 2488	SHAFI MUHAMMAD VS NAZIR AHMED - Honorable Justice Maulvi Anwarul Haq - Taki Ahmad Khan , Malik Muhammad Hussain Awan	LAHORE-HIGH-COURT-LAHORE",Lahore High Court,2007-01-01,1081,full_judgment,mixed,revision_dismissed,624
2007_YLR_2496,2007 YLR 2496,795	2007 YLR 2496	MUHAMMAD IMRAN VS State - Honorable Justice Hasnat Ahmad Khan - Ahmad Raza	LAHORE-HIGH-COURT-LAHORE,Lahore High Court,2007-01-01,2562,full_judgment,mixed,appeal_allowed,1493
2007_YLR_2490,2007 YLR 2490,793	2007 YLR 2490	ZAIN UL ABID DIN VS State - Honorable Justice Ijaz Ahmad Chaudhry - Shiraz Faiz Bhatti and Tahir Farooq Ch.	LAHORE-HIGH-COURT-LAHORE,Lahore High Court,2007-01-01,1648,full_judgment,mixed,disposed_of,3163
2007_YLR_2500,2007 YLR 2500,"796	2007 YLR 2500	LIAQAT ALI VS Sufi MUHAMMAD YOUSAF - Honorable Justice Jawwad S. Khawaja - Malik Nasir Ahmed Awan and Ch. Muhammad Sarwar Sindhu , M. Saleem Khan Chichi	LAHORE-HIGH-COURT-LAHORE",Supreme Court of Pakistan,2007-01-01,884,full_judgment,mixed,appeal_dismissed,684
2007_YLR_2482,2007 YLR 2482,790	2007 YLR 2482	MUHAMMAD RAMZAN SHAKIR VS MUHAMMAD MUSHTAQ - Honorable Justice Mian Hamid Farooq - Hafiz Muhammad Naveed Akhtar	LAHORE-HIGH-COURT-LAHORE,Lahore High Court,2007-01-01,1047,full_judgment,mixed,revision_dismissed,2450
2007_YLR_2479,2007 YLR 2479,"LIMITED VS Mrs. FARRUKH RIFAT - Honorable Justice Maulvi Anwarul Haq - Salman Akram Raja , Khalil Ahmad Khan	LAHORE-HIGH-COURT-LAHORE",Lahore High Court,2007-01-01,1920,full_judgment,mixed,appeal_dismissed,2223
2007_YLR_2566,2007 YLR 2566,816	2007 YLR 2566	SHER ZAMAN VS State - Honorable Justice Ijaz Ahmad Chaudhry - Aziz Ahmad Malik	LAHORE-HIGH-COURT-LAHORE,Lahore High Court,2007-01-01,5020,full_judgment,mixed,appeal_allowed,3873
2007_YLR_2573,2007 YLR 2573,"817	2007 YLR 2573	MUHAMMAD ASIF VS MUHAMMAD SHAHZAD - Honorable Justice Maulvi Anwarul Haq - M. Iqbal , Khalid Ahmad Khan	LAHORE-HIGH-COURT-LAHORE",Lahore High Court,2007-01-01,1027,full_judgment,mixed,appeal_dismissed,936
2007_YLR_2575,2007 YLR 2575,818	2007 YLR 2575	RASAB ALI VS State - Honorable Justice Hasnat Ahmad Khan - Malik Israr Elahi	LAHORE-HIGH-COURT-LAHORE,Supreme Court of Pakistan,2007-01-01,1563,full_judgment,mixed,unknown,2618
2007_YLR_2559,2007 YLR 2559,"814	2007 YLR 2559	IFTIKHAR SADIQ VS P.P.O. - Honorable Justice Fazal-e-Miran Chauhan - Qazi Muhammad Arshad Bhatti , Faisal Ali Qazi	LAHORE-HIGH-COURT-LAHORE",Supreme Court of Pakistan,2007-01-01,1936,full_judgment,mixed,unknown,2933
2007_YLR_2562,2007 YLR 2562,"815	2007 YLR 2562	SULTAN MUHAMMAD SALAHUDDIN KHAN VS TOWN COMMITTEE, ISA KHEL - Honorable Justice Maulvi Anwarul Haq - Raja Irshadul Haq Kiani , Amir Abdullah Khan Niazi	LAHORE-HIGH-COURT-LAHORE",Lahore High Court,2007-01-01,2028,full_judgment,mixed,revision_allowed,2192
2007_YLR_2555,2007 YLR 2555,"813	2007 YLR 2555	Sheikh MANZOOR AHMED VS ZULFIQAR ALI - Honorable Justice Maulvi Anwarul Haq - Taqi Ahmad Khan , Hafiz Khalil Ahmad	LAHORE-HIGH-COURT-LAHORE",Lahore High Court,2007-01-01,2513,full_judgment,mixed,appeal_allowed,2360
2007_YLR_2578,2007 YLR 2578,819	2007 YLR 2578	ABDUL MAJEED VS PROVINCE OF THE PUNJAB through D.O,Lahore High Court,2007-01-01,1055,full_judgment,mixed,revision_allowed,1957
2007_YLR_2553,2007 YLR 2553,812	2007 YLR 2553	Mst. NUSRAT ANJAN VS State - Honorable Justice Syed Shabbar Raza Rizvi - Muhammad Arshad Rana	LAHORE-HIGH-COURT-LAHORE,Supreme Court of Pakistan,2007-01-01,722,full_judgment,mixed,unknown,1228
2007_YLR_2552,2007 YLR 2552,"811	2007 YLR 2552	State VS MUHAMMAD AZAM - Honorable Justice Khawaja Muhammad Sharif - , Ch. Shabbir Ahmad Khan	LAHORE-HIGH-COURT-LAHORE",Supreme Court of Pakistan,2007-01-01,1046,full_judgment,mixed,unknown,1645
2007_YLR_2532,2007 YLR 2532,805	2007 YLR 2532	SAIFULLAH VS State - Honorable Justice Muhammad Farrukh Mahmud - Sardar Muhammad Latif Khan Khosa	LAHORE-HIGH-COURT-LAHORE,Lahore High Court,2007-01-01,5091,full_judgment,mixed,appeal_allowed,2621
2007_YLR_2540,2007 YLR 2540,"806	2007 YLR 2540	ABDUL LATEEF VS Mst. FAHMEEDA WAHEED - Honorable Justice Muhammad Afzal Soomro - Attaullah , Zafarudin Khan	KARACHI-HIGH-COURT-SINDH",High Court of Sindh,2007-01-01,1131,full_judgment,mixed,appeal_dismissed,1600
2007_YLR_2547,2007 YLR 2547,"808	2007 YLR 2547	ZEESHAN AZIZ VS Syed NAYAB ALI SHAH - Honorable Justice Maulvi Anwarul Haq - Shafiq Ahmad Bhutta , Jamshed Tariq	LAHORE-HIGH-COURT-LAHORE",Lahore High Court,2007-01-01,729,full_judgment,mixed,revision_allowed,1147
2007_YLR_2542,2007 YLR 2542,"807	2007 YLR 2542	ALLAH YAR VS Mst. FAROOQAN alias BEVI - Honorable Justice Muhammad Sayeed Akhtar - Riasat Ali Chaudhary , Zafar Iqbal Chauhan	LAHORE-HIGH-COURT-LAHORE",Lahore High Court,2007-01-01,2802,full_judgment,mixed,unknown,2573
2007_YLR_2529,2007 YLR 2529,"803	2007 YLR 2529	GHULAM MUSTAFA VS DIVISIONAL CANAL OFFICER, HAFIZABAD - Honorable Justice Sh. Hakim Ali - Rustam Ali Khan Baluch	LAHORE-HIGH-COURT-LAHORE",Lahore High Court,2007-01-01,772,full_judgment,mixed,revision_dismissed,809
2007_YLR_2530,2007 YLR 2530,"804	2007 YLR 2530	Mst. RASOOL BIBI VS GHULAM RASOOL - Honorable Justice Jawwad S. Khawaja - Zahid Hussain Khan , Ch. Pervaiz Igbal Gondal	LAHORE-HIGH-COURT-LAHORE",Lahore High Court,2007-01-01,929,full_judgment,mixed,unknown,1700
2007_YLR_2548,2007 YLR 2548,VS State - Honorable Justice Muhammad Muzammal Khan - Malik Muhammad Akram Khan Alvan	LAHORE-HIGH-COURT-LAHORE,Supreme Court of Pakistan,2007-01-01,833,full_judgment,mixed,disposed_of,1424
2007_YLR_2550,2007 YLR 2550,"810	2007 YLR 2550	Syed ALI RAZA VS MUHAMMAD AKHTAR - Honorable Justice Jawwad S. Khawaja - Rana Nasrullah Khan , Ghulam Farid Sanotra	LAHORE-HIGH-COURT-LAHORE",Lahore High Court,2007-01-01,917,full_judgment,mixed,revision_allowed,1905
2007_YLR_2317,2007 YLR 2317,739	2007 YLR 2317	MUHAMMAD AZAM VS State - Honorable Justice Ijaz Ahmad Chaudhry - Hafiz Khalil Ahmad and Gohar Razaq Awan	LAHORE-HIGH-COURT-LAHORE,Lahore High Court,2007-01-01,6262,full_judgment,mixed,appeal_dismissed,4351
2007_YLR_2314,2007 YLR 2314,"738	2007 YLR 2314	PUNJAB PROVINCE through Secretary to the Government of the Punjab, Food Department VS Sheikh ZIA-UD-DIN - Honorable Justice Sh. Azmat Saeed - Ghulam Ahmad, Tariq M. Iqbal , Ch. Anwar-ul-Haq	LAHORE-HIGH-COURT-LAHORE",Lahore High Court,2007-01-01,1986,full_judgment,mixed,revision_dismissed,1879
2007_YLR_2328,2007 YLR 2328,"741	2007 YLR 2328	MUHAMMAD SIDDIQUE VS KHUDA BAKHSH - Honorable Justice Jawwad S. Khawaja - Ch. Muhammad Jamil Zahid , Ch. Muhammad Khan	LAHORE-HIGH-COURT-LAHORE",Lahore High Court,2007-01-01,1255,full_judgment,mixed,appeal_allowed,2446
2007_YLR_2311,2007 YLR 2311,"737	2007 YLR 2311	SHAFAQAT ALI VS Malik MUHAMMAD ISMAIL - Honorable Justice Syed Hamid Ali Shah - Saleem Khan Chaichi , Ch. Muzaffar Ali Bhatti	LAHORE-HIGH-COURT-LAHORE",Lahore High Court,2007-01-01,1866,full_judgment,mixed,revision_dismissed,2438
2007_YLR_2327,2007 YLR 2327,"740	2007 YLR 2327	Haji MUHAMMAD SULEMAN KHAN VS AHMAD NOOR - Honorable Justice Sh. Azmat Saeed - Inayat Ullah Khan Niazi , Ghulam Hussain Malik	LAHORE-HIGH-COURT-LAHORE",Lahore High Court,2007-01-01,887,full_judgment,mixed,appeal_dismissed,1491
2007_YLR_2307,2007 YLR 2307,"736	2007 YLR 2307	Mst. BADAMI VS Mst. BUDHEE - Honorable Justice Maulvi Anwarul Haq - Dr. Abdul Basit , Muhammad Atif Amin	LAHORE-HIGH-COURT-LAHORE",Lahore High Court,2007-01-01,2050,full_judgment,mixed,appeal_allowed,658
2007_YLR_2206,2007 YLR 2206,"707	2007 YLR 2206	ABDUL SATTAR VS ABDUL GHAFOOR through Legal Heirs - Honorable Justice Muhammad Muzammal Khan - M.D. Chaudhry , Mian Mahboob Alam Bhutta	LAHORE-HIGH-COURT-LAHORE",Lahore High Court,2007-01-01,1914,full_judgment,mixed,remanded,2510
2007_YLR_2240,2007 YLR 2240,"720	2007 YLR 2240	INAYAT VS MUHAMMAD YOUSAF - Honorable Justice Maulvi Anwarul Haq - Khan Muhammad Bajwa , Ch. Pervez Iqbal Gondal and Ch. Shahid Saeed	LAHORE-HIGH-COURT-LAHORE",Lahore High Court,2007-01-01,495,full_judgment,mixed,unknown,2677
2007_YLR_2245,2007 YLR 2245,723	2007 YLR 2245	KHALID MEHMOOD VS TALHA MAHMOOD,Lahore High Court,2007-01-01,1164,full_judgment,mixed,petition_dismissed,2204
2007_YLR_2204,2007 YLR 2204,"706	2007 YLR 2204	EHSANULLAH KHAN AFRIDI VS PROVINCE OF SINDH through Secretary, Land Utilization Department - Honorable Justice Mrs. Qaiser Iqbal - Abid S. Zuberi , Sathi M. Ishaq	KARACHI-HIGH-COURT-SINDH",High Court of Sindh,2007-01-01,1033,full_judgment,mixed,disposed_of,1428
2007_YLR_21,2007 YLR 21,"8	2007 YLR 21	AZIZ BIBI VS AIJAZ ALI - Honorable Justice Nadeem Azhar Siddiqi - Abdul Majeed , Rizwan Ahmed Siddiqui	KARACHI-HIGH-COURT-SINDH",High Court of Sindh,2007-01-01,891,full_judgment,mixed,unknown,1228
2007_YLR_223,2007 YLR 223,"62	2007 YLR 223	MUHAMMAD SACHAL VS State - Honorable Justice Rahmat Hussain Jafferi - Syed Sardar Ali Shah , Habib-ur-Rehman Shaikh	KARACHI-HIGH-COURT-SINDH",Supreme Court of Pakistan,2007-01-01,1938,full_judgment,mixed,appeal_allowed,2609
2007_YLR_2244,2007 YLR 2244,722	2007 YLR 2244	MUHAMMAD HASAN SAHITO VS State - Honorable Justice Mrs. Yaseem Abbasey - Amir Mansoob Qureshi	KARACHI-HIGH-COURT-SINDH,Supreme Court of Pakistan,2007-01-01,573,full_judgment,mixed,disposed_of,1757
2007_YLR_2236,2007 YLR 2236,"719	2007 YLR 2236	NAZIR AHMAD KHAN VS TANVEER AHMAD - Honorable Justice Tariq Shamim - Ghulam Nabi Bhatti , Ahmed Dhillon, Asst. A.-G.	LAHORE-HIGH-COURT-LAHORE",Lahore High Court,2007-01-01,2040,full_judgment,mixed,petition_dismissed,3401
2007_YLR_2234,2007 YLR 2234,"717	2007 YLR 2234	GHULAM MURTAZA VS SECRETARY TO THE GOVERNMENT OF PAKISTAN, MINISTRY OF MINORITIES - Honorable Justice Muhammad Afzal Soomro and Faisal Arab - Gul Hassan Solangi , Rahmat Ali Rajput	KARACHI-HIGH-COURT-SINDH",High Court of Sindh,2007-01-01,667,full_judgment,mixed,appeal_dismissed,1680
2007_YLR_2235,2007 YLR 2235,"718	2007 YLR 2235	ALI DINO alias KHAN SAHIB VS State - Honorable Justice Mushir Alam - Syed Madad Ali Shah , Anwar H. Ansari	KARACHI-HIGH-COURT-SINDH",High Court of Sindh,2007-01-01,561,full_judgment,mixed,unknown,1203
2007_YLR_2243,2007 YLR 2243,"721	2007 YLR 2243	MAQSOOD ALI VS GOVERNMENT OF SINDH through Secretary, Local Government - Muhammad Muzaffarul Haq , Rafiq Rajori	KARACHI-HIGH-COURT-SINDH",High Court of Sindh,2007-01-01,416,full_judgment,mixed,petition_allowed,1415
2007_YLR_2231,2007 YLR 2231,"715	2007 YLR 2231	AZHAR CHAUDHARY VS RESIDENTS EXECUTIVE COMMITTEE through President and another - Honorable Justice Munib Ahmad Khan - Nemo , Slaeem Ghulam Hussain	KARACHI-HIGH-COURT-SINDH",High Court of Sindh,2007-01-01,464,full_judgment,mixed,unknown,1435
2007_YLR_217,2007 YLR 217,"59	2007 YLR 217	NASIR GLASS FACTORY VS SNGPL - Honorable Justice Sh. Azmat Saeed - Zafar Iqbal Chohan , Omer Sharif	LAHORE-HIGH-COURT-LAHORE",Lahore High Court,2007-01-01,633,full_judgment,mixed,revision_allowed,1246
2007_YLR_216,2007 YLR 216,"58	2007 YLR 216	HABIBULLAH alias HABIB VS State - Honorable Justice Muhammad Mujeebullah Siddiqui - Muhammad Saleem and G.N. Jesar , Muhammad Ismail Bhutto	KARACHI-HIGH-COURT-SINDH",High Court of Sindh,2007-01-01,231,headnote_only,mixed,unknown,752
2007_YLR_2607,2007 YLR 2607,"833	2007 YLR 2607	MUHAMMAD NAZIR VS IMTIAZ AHMAD - Honorable Justice Jawwad S. Khawaja - Malik Abdul Aziz Kandwal , Zafar Iqbal Chohan	LAHORE-HIGH-COURT-LAHORE",Lahore High Court,2007-01-01,1285,full_judgment,mixed,revision_allowed,1164
2007_YLR_2626,2007 YLR 2626,843	2007 YLR 2626	GULZAR CHANDIO VS State - Asif Ali Abdul Razak Soomro	KARACHI-HIGH-COURT-SINDH,High Court of Sindh,2007-01-01,719,full_judgment,mixed,unknown,840
2007_YLR_2620,2007 YLR 2620,839	2007 YLR 2620	ZULFIQAR ALI VS State - Asif Ali Abdul Razaque Soomro and I.A. Hashimi	KARACHI-HIGH-COURT-SINDH,Supreme Court of Pakistan,2007-01-01,503,full_judgment,mixed,unknown,1391
2007_YLR_2613,2007 YLR 2613,835	2007 YLR 2613	FAISAL KHAN VS State - Honorable Justice Anwar Zaheer Jamali - Muhammad Asif Malik	KARACHI-HIGH-COURT-SINDH,High Court of Sindh,2007-01-01,761,full_judgment,mixed,unknown,1134
2007_YLR_2606,2007 YLR 2606,"832	2007 YLR 2606	REHMAT ALI VS Mst. NAWAB BIBI - Honorable Justice Jawwad S. Khawaja - Muhammad Hanif , Zahid Hussain Khan	LAHORE-HIGH-COURT-LAHORE",Lahore High Court,2007-01-01,807,full_judgment,mixed,revision_dismissed,1163
2007_YLR_2625,2007 YLR 2625,842	2007 YLR 2625	MUHAMMAD FAROOQ VS State - Honorable Justice Iqbal Hameed-ur-Rehman - Sardar Muhammad Akram Khan Pitafi	LAHORE-HIGH-COURT-LAHORE,Lahore High Court,2007-01-01,505,full_judgment,mixed,unknown,727
2007_YLR_2623,2007 YLR 2623,"841	2007 YLR 2623	ISRAR MUHAMMAD VS TEHSIL NAIB NAZIM, TEHSIL LAHOR DISTRICT SWABI - Honorable Justice Salim Khan - Barrister Waqar Ali Khan , Muzammil Khan	PESHAWAR-HIGH-COURT",Peshawar High Court,2007-01-01,1227,full_judgment,mixed,petition_dismissed,2129
2007_YLR_2617,2007 YLR 2617,"838	2007 YLR 2617	NISAR AHMED SIDDIQUI VS MUHAMMAD ASHRAF ABBASI - Honorable Justice Muhammad Akhtar Shabbir - Dr. Babar Awan , Malik Waheed Anjum	LAHORE-HIGH-COURT-LAHORE",Lahore High Court,2007-01-01,2326,full_judgment,mixed,disposed_of,2935
2007_YLR_2610,2007 YLR 2610,"834	2007 YLR 2610	Malik MUHAMMAD EHSAN VS Malik MUHAMMAD SURKHURO - Dr. M. Mohy-ud-Din Qazi , Malik Noor Muhammad Awan	LAHORE-HIGH-COURT-LAHORE",Lahore High Court,2007-01-01,1553,full_judgment,mixed,appeal_dismissed,1962
2007_YLR_2621,2007 YLR 2621,840	2007 YLR 2621	KHAN MUHAMMAD VS State - Honorable Justice Fazal-e-Miran Chauhan - Syed Jaffar Bukhari	LAHORE-HIGH-COURT-LAHORE,Supreme Court of Pakistan,2007-01-01,761,full_judgment,mixed,unknown,750
2007_YLR_2616,2007 YLR 2616,"837	2007 YLR 2616	MURAD ALI VS CHIEF EXECUTIVE, TRIBAL ELECTRIC SUPPLY COMPANY,",Supreme Court of Pakistan,2007-01-01,504,full_judgment,mixed,disposed_of,1563
2007_YLR_2614,2007 YLR 2614,836	2007 YLR 2614	ALLAH DITTA VS State - Honorable Justice Asif Saeed Khan Khosa - Syed Shahbaz Ali Rizvi	LAHORE-HIGH-COURT-LAHORE,Supreme Court of Pakistan,2007-01-01,1001,full_judgment,mixed,unknown,2466
2007_YLR_2603,2007 YLR 2603,831	2007 YLR 2603	ZAREENA BEGUM VS HAQ NAWAZ - Honorable Justice Maulvi Anwarul Haq - Sh. Naveed Shaharyar	LAHORE-HIGH-COURT-LAHORE,Lahore High Court,2007-01-01,1464,full_judgment,mixed,revision_allowed,1234
2007_YLR_2772,2007 YLR 2772,891	2007 YLR 2772	NATIONAL BANK OF PAKISTAN VS ZARAK TEXTILE MILLS LTD. - Honorable Justice Mrs. Qaisar lqbal - Mushtaq A. Memon	KARACHI-HIGH-COURT-SINDH,High Court of Sindh,2007-01-01,2526,full_judgment,mixed,unknown,3693
2007_YLR_2779,2007 YLR 2779,"894	2007 YLR 2779	MUHAMMAD VS HASHMAT ALI - Honorable Justice Maulvi Anwarul Haq - Khizar Abbas Khan , Kh. Saeed-uz-Zafar	LAHORE-HIGH-COURT-LAHORE",Lahore High Court,2007-01-01,1636,full_judgment,mixed,revision_allowed,1919
2007_YLR_2783,2007 YLR 2783,"896	2007 YLR 2783	MOHSIN JABEEN VS ABDUL SATTAR SHEKHA - Honorable Justice Azizullah M. Memon - Syed Muhammad Haider , Abdul Aziz A. Munshi	KARACHI-HIGH-COURT-SINDH",High Court of Sindh,2007-01-01,3717,full_judgment,mixed,petition_dismissed,2482
2007_YLR_278,2007 YLR 278,"86	2007 YLR 278	MUHAMMAD ILYAS VS MUHAMMAD SHAFIQUE RAMAY - Honorable Justice Mian Saqib Nisar - Zafar Iqbal Chohan , Mirza Javed Mukhtar	LAHORE-HIGH-COURT-LAHORE",Lahore High Court,2007-01-01,355,full_judgment,mixed,disposed_of,962
2007_YLR_2777,2007 YLR 2777,893	2007 YLR 2777	Sh. M. JAMIL VS ADDL. SESSIONS JUDGE - Honorable Justice Ijaz Ahmad Chaudhry - Muhammad Akram Javaid	LAHORE-HIGH-COURT-LAHORE,Lahore High Court,2007-01-01,1057,full_judgment,mixed,petition_dismissed,1954
2007_YLR_2769,2007 YLR 2769,"890	2007 YLR 2769	GHULAM MUHAMMAD VS ATTA MIUHAMMAD - Honorable Justice Syed Sakhi Hussain Bokhari - Sh. Naveed Shaharyar , Muhammad Ali Selheri	LAHORE-HIGH-COURT-LAHORE",Lahore High Court,2007-01-01,1663,full_judgment,mixed,revision_dismissed,1479
2007_YLR_2776,2007 YLR 2776,"892	2007 YLR 2776	MUHAMMAD YOUSAF VS DHUMMAN KHAN - Honorable Justice Syed Zahid Hussain - Ch. Muhammad Din Ansari , M. Baleegh-uz-Zaman Chaudhry	LAHORE-HIGH-COURT-LAHORE",Supreme Court of Pakistan,2007-01-01,707,full_judgment,mixed,revision_allowed,1154
2007_YLR_2792,2007 YLR 2792,"899	2007 YLR 2792	ABDUL RASHEED VS NAZAR MUHAMMAD - Honorable Justice Maulvi Anwarul Haq - Muhammad Zafar Ch. , Mian Javed Rashid	LAHORE-HIGH-COURT-LAHORE",Lahore High Court,2007-01-01,1217,full_judgment,mixed,petition_allowed,1848
2007_YLR_2789,2007 YLR 2789,"897	2007 YLR 2789	MUHAMMAD SHAFIQUE VS Ch. MUHAMMAD HUSSAIN SINDHU - Honorable Justice Maulvi Anwarul Haq - Muhammad Masood Chishti , Rana Nasrullah Khan	LAHORE-HIGH-COURT-LAHORE",Supreme Court of Pakistan,2007-01-01,1264,full_judgment,mixed,revision_dismissed,645
2007_YLR_2791,2007 YLR 2791,898	2007 YLR 2791	MUHAMMAD RAFIQ VS State - Ch. Mahmood Ali	LAHORE-HIGH-COURT-LAHORE,Supreme Court of Pakistan,2007-01-01,196,headnote_only,mixed,unknown,687
2007_YLR_277,2007 YLR 277,"85	2007 YLR 277	MANZOOR HUSSAIN VS State - Honorable Justice Maulvi Anwarul Haq - Syed Jaffer Tayyar , Mumtaz Hussain for the State with Risalat Khan	LAHORE-HIGH-COURT-LAHORE",Supreme Court of Pakistan,2007-01-01,621,full_judgment,mixed,unknown,912
2007_YLR_2782,2007 YLR 2782,895	2007 YLR 2782	MUHAMMAD AKMAL VS State - Honorable Justice Iqbal Hameed ur Rehman - Malik Javed Akhtar Wains	LAHORE-HIGH-COURT-LAHORE,Supreme Court of Pakistan,2007-01-01,571,full_judgment,mixed,petition_allowed,715
2007_YLR_2440,2007 YLR 2440,"772	2007 YLR 2440	Mst. SALAMAN VS BASHIR AHMAD - Honorable Justice Muhammad Sair Ali - Ziaullah Khan Niazi , Maqsood Lashar	LAHORE-HIGH-COURT-LAHORE",Lahore High Court,2007-01-01,1597,full_judgment,mixed,revision_dismissed,1719
2007_YLR_244,2007 YLR 244,"69	2007 YLR 244	WALAYAT ALI VS State - Honorable Justice Tariq Shamim - Hafiz Ansar-ul-Haq , Maqbool Ahmed Qureshi	LAHORE-HIGH-COURT-LAHORE",Lahore High Court,2007-01-01,1139,full_judgment,mixed,disposed_of,1828
2007_YLR_242,2007 YLR 242,"68	2007 YLR 242	MIR HASSAN VS State - Honorable Justice SYED SAJJAD HUSSAIN SHAH - Razzaq A. Mirza , Muhammad Amin Feroze	LAHORE-HIGH-COURT-LAHORE",Lahore High Court,2007-01-01,1404,full_judgment,mixed,appeal_dismissed,1539
2007_YLR_2450,2007 YLR 2450,"776	2007 YLR 2450	ATTA-UR-REHMAN VS FAZAL AHMED - Honorable Justice Sh. Azmat Saeed - Fazal Mahmood , Shamim Iqbal But	LAHORE-HIGH-COURT-LAHORE",Lahore High Court,2007-01-01,1216,full_judgment,mixed,revision_dismissed,2580
2007_YLR_2452,2007 YLR 2452,777	2007 YLR 2452	ABDUL RAZAK SHAH alias PAPO SHAH VS State - Honorable Justice Amir Hani Muslim - Zulfiqar Ali Sangi	KARACHI-HIGH-COURT-SINDH,High Court of Sindh,2007-01-01,641,full_judgment,mixed,unknown,824
2007_YLR_2430,2007 YLR 2430,"767	2007 YLR 2430	MUHAMMAD YAR VS MUHAMMAD TARIQ MAHMOOD - Honorable Justice Maulvi Anwarul Haq - Zahid Hussain Khan , Mumtaz. Ahmad Mangat	LAHORE-HIGH-COURT-LAHORE",Lahore High Court,2007-01-01,1096,full_judgment,mixed,revision_dismissed,1780
2007_YLR_2447,2007 YLR 2447,"775	2007 YLR 2447	NAZAR MUHAMMAD VS MUHAMMAD BASHIR - Honorable Justice Muhammad Akhtar Shabbir - Munawar Hussain Bhatti , G.H. Khan	LAHORE-HIGH-COURT-LAHORE",Lahore High Court,2007-01-01,1491,full_judgment,mixed,appeal_dismissed,1395
2007_YLR_2427,2007 YLR 2427,"766	2007 YLR 2427	ZAFAR IQBAL VS GHULAM MUHAMMAD - Honorable Justice Jawwad S. Khawaja - Tariq Ahmad Khan , Sh. Naveed Shaharyar and Mian Zulfiqar Ali	LAHORE-HIGH-COURT-LAHORE",Lahore High Court,2007-01-01,1477,full_judgment,mixed,appeal_dismissed,2169
2007_YLR_2442,2007 YLR 2442,"773	2007 YLR 2442	MUHAMMAD NAZIR alias Nazir Ahmad VS ALLAH RAKHI - Honorable Justice Syed Hamid All Shah - Talib H. Rizvi , Javed Iqbal Bhatti	LAHORE-HIGH-COURT-LAHORE",Lahore High Court,2007-01-01,1529,full_judgment,mixed,revision_dismissed,1965
2007_YLR_2438,2007 YLR 2438,"771	2007 YLR 2438	MUHAMMAD SALEEM VS WAPDA through Chairman - Honorable Justice Sh. Azmat Saeed - Dr. A. Basit , Mian Muhammad Javaid	LAHORE-HIGH-COURT-LAHORE",Lahore High Court,2007-01-01,1061,full_judgment,mixed,appeal_allowed,1300
2007_YLR_2252,2007 YLR 2252,LIMITED VS Z,High Court of Sindh,2007-01-01,1673,full_judgment,mixed,appeal_allowed,1824
2007_YLR_2255,2007 YLR 2255,"727	2007 YLR 2255	SHANA VS MEMBER, BOARD OF REVENUE, PUNJAB - Honorable Justice Muhammad Muzammal Khan - Fakhar-uz-Zaman Tarar , Ms. Sumera Afzal	LAHORE-HIGH-COURT-LAHORE",Lahore High Court,2007-01-01,917,full_judgment,mixed,appeal_dismissed,1960
2007_YLR_2276,2007 YLR 2276,732	2007 YLR 2276	MUHAMMD IDREES RABBANI VS State - Honorable Justice Ijaz Ahmad Chaudhry - Mian Abdul Qayyum Anjum	LAHORE-HIGH-COURT-LAHORE,Lahore High Court,2007-01-01,4649,full_judgment,mixed,appeal_allowed,2792
2007_YLR_2249,2007 YLR 2249,"725	2007 YLR 2249	Mst. MUBASHRA RIAZ VS Mst. ALIA SHAHZADI - Honorable Justice Maulvi Anwarul Haq - Amjad Pervaiz Chaudhry , Ch. Muhammad Maqsood Ahmad	LAHORE-HIGH-COURT-LAHORE",Lahore High Court,2007-01-01,2050,full_judgment,mixed,petition_allowed,2750
2007_YLR_227,2007 YLR 227,"63	2007 YLR 227	MUHAMMAD JAHANGIR VS State - Honorable Justice M. Bilal Khan - Rana Javed Anwar Khan , M. Saleem Shad	LAHORE-HIGH-COURT-LAHORE",Supreme Court of Pakistan,2007-01-01,925,full_judgment,mixed,unknown,2345
2007_YLR_2283,2007 YLR 2283,733	2007 YLR 2283	ALTAF HUSSAIN SHAH VS INSPECTOR EXPLOSIVES - Honorable Justice Muhammad Muzammal Khan - Muhammad Hussain Awan	LAHORE-HIGH-COURT-LAHORE,Supreme Court of Pakistan,2007-01-01,2537,full_judgment,mixed,unknown,3322
2007_YLR_2247,2007 YLR 2247,"724	2007 YLR 2247	MUHAMMAD USMAN VS FIDA HUSSAIN - Honorable Justice Muhammad Mujeebullah Siddiqui - Yousuf Iqbal , Abdullah Chandio	KARACHI-HIGH-COURT-SINDH",Supreme Court of Pakistan,2007-01-01,1340,full_judgment,mixed,petition_allowed,2257
2007_YLR_2706,2007 YLR 2706,"871	2007 YLR 2706	MUHAMMAD SADIQ VS MUHAMMAD YOUSAF - Honorable Justice Jawwad S. Khawaja - Ch. Ghulam Mustafa Shahzad , Riaz Ahmad	LAHORE-HIGH-COURT-LAHORE",Lahore High Court,2007-01-01,1890,full_judgment,mixed,petition_allowed,2380
2007_YLR_2709,2007 YLR 2709,872	2007 YLR 2709	SULTAN AHMAD VS State - Honorable Justice Ijaz Ahmad Chaudhry - Zahid Hussain Khan	LAHORE-HIGH-COURT-LAHORE,Lahore High Court,2007-01-01,5398,full_judgment,mixed,appeal_dismissed,4274
2007_YLR_2689,2007 YLR 2689,"867	2007 YLR 2689	MUHAMMAD KHALIL VS SHABINA SHEHZADI - Honorable Justice Fazal-a-Miran Chauhan - Zafar Iqbal , Malik Noor Muhammad Awan	LAHORE-HIGH-COURT-LAHORE",Lahore High Court,2007-01-01,5724,full_judgment,mixed,appeal_dismissed,5590
2007_YLR_2685,2007 YLR 2685,864	2007 YLR 2685	ZAFAR IQBAL VS State - Honorable Justice Ijaz Ahmad Chaudhry - Syed Shahbaz Ali Rizvi	LAHORE-HIGH-COURT-LAHORE,Lahore High Court,2007-01-01,370,full_judgment,mixed,unknown,826
2007_YLR_2698,2007 YLR 2698,868	2007 YLR 2698	NASEER AHMAD VS State - Honorable Justice Khawaja Muhammad Sharif - Aftab Ahrnad Bajwa and Rana Muhammad Arshad Khan	LAHORE-HIGH-COURT-LAHORE,Lahore High Court,2007-01-01,2188,full_judgment,mixed,appeal_allowed,2139
2007_YLR_2683,2007 YLR 2683,863	2007 YLR 2683	ATIF ALI SHAHZAD VS State - Honorable Justice Iqbal Hameed-ur-Rehman - Peer Muhammad Asif Rafi	LAHORE-HIGH-COURT-LAHORE,Supreme Court of Pakistan,2007-01-01,987,full_judgment,mixed,petition_dismissed,1833
2007_YLR_2702,2007 YLR 2702,"869	2007 YLR 2702	MUHAMMAD AZAM VS MUHAMMAD AZAM SAROYA - Honorable Justice Muhammad Akhtar Shabbir - Sh. Suhail Shakoor , Mr. Muhammad Anwar Akhtar	LAHORE-HIGH-COURT-LAHORE",Lahore High Court,2007-01-01,1139,full_judgment,mixed,petition_dismissed,1352
2007_YLR_2704,2007 YLR 2704,870	2007 YLR 2704	ASIM alias KALOO VS State - Honorable Justice Asif Saeed Khan Khosa - Aftab Ahmed Bajwa	LAHORE-HIGH-COURT-LAHORE,Supreme Court of Pakistan,2007-01-01,1183,full_judgment,mixed,petition_allowed,2247
2007_YLR_2591,2007 YLR 2591,"825	2007 YLR 2591	MUHAMMAD IQBAL VS IJAZ AHMED - Honorable Justice Syed Hamid Ali Shah - Kh. Z.H. Tahir , Nemo	LAHORE-HIGH-COURT-LAHORE",Lahore High Court,2007-01-01,1336,full_judgment,mixed,appeal_allowed,1573
2007_YLR_2596,2007 YLR 2596,"827	2007 YLR 2596	MUHAMMAD ASGHAR VS MUHAMMAD LATIF - Honorable Justice Muhammad Sair Ali - Nisar Ahmad Baig , Nemo	LAHORE-HIGH-COURT-LAHORE",Lahore High Court,2007-01-01,1315,full_judgment,mixed,unknown,1899
2007_YLR_2600,2007 YLR 2600,"829	2007 YLR 2600	MUHAMMAD SHER VS PROVINCE OF THE PUNJAB through District Collector, Bhakkar - Honorable Justice Maulvi Anwarul Haq - Mian Shah Abbas , Aamir Rehman	LAHORE-HIGH-COURT-LAHORE",Supreme Court of Pakistan,2007-01-01,1079,full_judgment,mixed,appeal_allowed,1809
2007_YLR_2598,2007 YLR 2598,828	2007 YLR 2598	QALANDAR HUSSAIN VS PROVINCE OF PUNJAB through District Officer,Lahore High Court,2007-01-01,1015,full_judgment,mixed,revision_allowed,1642
2007_YLR_2582,2007 YLR 2582,"821	2007 YLR 2582	Mst. BASHIRAN BIBI VS MUHAMMAD RIAZ - Honorable Justice Sh. Azmat Saeed - Malik Abdul Sattar Chughtai , Ch. Ghulam Hussain	LAHORE-HIGH-COURT-LAHORE",Supreme Court of Pakistan,2007-01-01,990,full_judgment,mixed,revision_allowed,1587
2007_YLR_2584,2007 YLR 2584,822	2007 YLR 2584	YASIR VS State - Honorable Justice Hasnat Ahmad Khan - M.D. Tahir	LAHORE-HIGH-COURT-LAHORE,Supreme Court of Pakistan,2007-01-01,1671,full_judgment,mixed,unknown,2204
2007_YLR_2602,2007 YLR 2602,"830	2007 YLR 2602	GHULAM RASOOL VS MULAZIM HUSSAIN - Honorable Justice Jawwad S. Khawaja - Qazi Khurshid Alam , Ch. Nisar Ahmad Dhillon	LAHORE-HIGH-COURT-LAHORE",Lahore High Court,2007-01-01,730,full_judgment,mixed,revision_allowed,735
2007_YLR_2579,2007 YLR 2579,820	2007 YLR 2579	MUZAFFAR ALI VS State - Honorable Justice Hasnat Ahmad Khan - Saif-ul-Malook	LAHORE-HIGH-COURT-LAHORE,Supreme Court of Pakistan,2007-01-01,1502,full_judgment,mixed,unknown,2253
2007_YLR_2593,2007 YLR 2593,"826	2007 YLR 2593	AHMAD VS Haji SAEED AHMED - Honorable Justice Sardar Muhammad Aslam - Mehr Ahmad Bakhsh Bharwana , Khalid Ikram Khatana	LAHORE-HIGH-COURT-LAHORE",Lahore High Court,2007-01-01,1615,full_judgment,mixed,revision_allowed,1735
2007_YLR_2589,2007 YLR 2589,824	2007 YLR 2589	CHHUTTA KHAN VS State - Honorable Justice Hasnat Ahmad Khan - Ch. Muhammad Ashfaq Khan	LAHORE-HIGH-COURT-LAHORE,Supreme Court of Pakistan,2007-01-01,1178,full_judgment,mixed,unknown,1461
2007_YLR_2586,2007 YLR 2586,"823	2007 YLR 2586	Raja SHAKEEL MEHDI VS Mst. GHAZALA FARHAT - Honorable Justice Muhammad Sair Ali - Mian Zafar Iqbal Kalunari , Noor Muhammad Khan Chandio	LAHORE-HIGH-COURT-LAHORE",Lahore High Court,2007-01-01,1204,full_judgment,mixed,appeal_dismissed,1888
2007_YLR_2843,2007 YLR 2843,"925	2007 YLR 2843	MUHAMMAD YOUNIS VS XTH SENIOR CIVIL JUDGE - Honorable Justice Syed Zawwar Hussain Jaffery - Abdul Khair , Syed Masroor Ahmed Alvi	KARACHI-HIGH-COURT-SINDH",High Court of Sindh,2007-01-01,2225,full_judgment,mixed,appeal_dismissed,2349
2007_YLR_2837,2007 YLR 2837,"924	2007 YLR 2837	ZAMAN PAPER AND BOARD MILLS LIMITED VS ABDUL QADIR - Honorable Justice Maulvi Anwarul Haq - Muhammad Atif Amin , Mian Zafar Iqbal Kalanori	LAHORE-HIGH-COURT-LAHORE",Lahore High Court,2007-01-01,3318,full_judgment,mixed,petition_allowed,1809
2007_YLR_2847,2007 YLR 2847,926	2007 YLR 2847	MUHAMMAD ARSHAD VS State - Honorable Justice Ijaz Ahmad Chaudhry - M.A. Zafar	LAHORE-HIGH-COURT-LAHORE,Lahore High Court,2007-01-01,4556,full_judgment,mixed,disposed_of,3397
2007_YLR_2854,2007 YLR 2854,927	2007 YLR 2854	TARIQ MEHMOOD VS State - Honorable Justice Abdul Shakoor Paracha - Chaudhry M. Tanvir	LAHORE-HIGH-COURT-LAHORE,Supreme Court of Pakistan,2007-01-01,1002,full_judgment,mixed,unknown,1704
2007_YLR_2860,2007 YLR 2860,"930	2007 YLR 2860	MUHAMMAD INAYAT VS SAHLOON - Honorable Justice Maulvi Anwarul Haq - Mian Qamar-uz-Zaman , Ch. Inayatullah	LAHORE-HIGH-COURT-LAHORE",Lahore High Court,2007-01-01,1912,full_judgment,mixed,unknown,2729
2007_YLR_2858,2007 YLR 2858,"929	2007 YLR 2858	Mst. SHABNAM VS ADDITIONAL DISTRICT JUDGE, LAHORE - Honorable Justice Syed Asghar Haider - Mushtaq Ahmad Qureshi , Muhammad Shahzad Shaukat and Ch. Tanvir Akhtar	LAHORE-HIGH-COURT-LAHORE",Lahore High Court,2007-01-01,1230,full_judgment,mixed,petition_dismissed,2250
2007_YLR_285,2007 YLR 285,"90	2007 YLR 285	MUHAMMAD MUSTAFA VS Hafiz MUHAMMAD ISMAIL - Honorable Justice Jawwad S. Khawaja - Zafar Iqbal Chohan, , Khalid Sajjad Khan	LAHORE-HIGH-COURT-LAHORE",Lahore High Court,2007-01-01,1164,full_judgment,mixed,appeal_allowed,1651
2007_YLR_2863,2007 YLR 2863,"931	2007 YLR 2863	MUHAMMAD ABDUR REHMAN VS MUHAMMAD ZAHID ALI - Honorable Justice Sh. Hakim Ali - Rana Rashid Akram Khan , Mian Muhammad Aslam	LAHORE-HIGH-COURT-LAHORE",Lahore High Court,2007-01-01,1052,full_judgment,mixed,revision_dismissed,1565
2007_YLR_2856,2007 YLR 2856,"928	2007 YLR 2856	PUNJAB COOPERATIVE BOARD FOR LIQUIDATION VS JOINT REGISTRAR COOPERATIVE SOCIETIES, PUNJAB, LAHORE - Honorable Justice Umar Ata Bandia - Ahmad Hussain Anwari , Waqar A. Sheikh with Abdul Majeed	LAHORE-HIGH-COURT-LAHORE",Lahore High Court,2007-01-01,899,full_judgment,mixed,disposed_of,2657
2007_YLR_2869,2007 YLR 2869,"935	2007 YLR 2869	Mst. MEHTAB BIBI VS KALEY KHAN - Honorable Justice Sh. Hakim Ali - Sh. Naveed Shahryar , Ghulam Nabi Bhatti	LAHORE-HIGH-COURT-LAHORE",Lahore High Court,2007-01-01,2914,full_judgment,mixed,revision_dismissed,3247
2007_YLR_2875,2007 YLR 2875,"937	2007 YLR 2875	TARIQ GLASS INDUSTRIES LTD. VS MOHAMMADI GLASS INDUSTRIES - Hassan Irfan Khan , Syed Mansoor Ali Shah and Saima Amin Khawaja	LAHORE-HIGH-COURT-LAHORE",Lahore High Court,2007-01-01,1615,full_judgment,mixed,appeal_allowed,1736
2007_YLR_287,2007 YLR 287,"91	2007 YLR 287	GHULAM HASNAIN SHAH VS State - Honorable Justice Tariq Shamim - Syed Zahid Hussain Bukhari, Munib Iqbal and Altaf Hussain Qureshi Hashmi , M. Saleem Shad	LAHORE-HIGH-COURT-LAHORE",Lahore High Court,2007-01-01,4084,full_judgment,mixed,unknown,3210
2007_YLR_2883,2007 YLR 2883,"940	2007 YLR 2883	AMEER HAMZA VS State - Honorable Justice Syed Shabbar Raza Rizvi - Mian Mumtaz Ahmed Watoo , Ijaz Ahmad Bajwa	LAHORE-HIGH-COURT-LAHORE",Supreme Court of Pakistan,2007-01-01,553,full_judgment,mixed,unknown,835
2007_YLR_2865,2007 YLR 2865,"932	2007 YLR 2865	Mst. BHAGOO VS MUHAMMAD AFZAL - Honorable Justice Jawwad S. Khawaja - Muhammad Anwar Bhatti , Syed Zahid Hussain Shah	LAHORE-HIGH-COURT-LAHORE",Lahore High Court,2007-01-01,1069,full_judgment,mixed,revision_allowed,2151
2007_YLR_2873,2007 YLR 2873,"936	2007 YLR 2873	Mst. BASHIRAN VS MUHAMMAD RAMZAN - Honorable Justice Mian Saqib Nisar - Hafiz Khalil Ahmad , Zahid Hussain Khan	LAHORE-HIGH-COURT-LAHORE",Lahore High Court,2007-01-01,678,full_judgment,mixed,appeal_allowed,934
2007_YLR_2877,2007 YLR 2877,938	2007 YLR 2877	MUHAMMAD IBRAHIM VS State - Honorable Justice M. Bilal Khan - Syed Karamat Ali Naqvi	LAHORE-HIGH-COURT-LAHORE,Supreme Court of Pakistan,2007-01-01,1835,full_judgment,mixed,unknown,1288
2007_YLR_2884,2007 YLR 2884,"941	2007 YLR 2884	MUHAMMAD SIDDIQUE VS MUHAMMAD SHARIF through L.Rs. - Honorable Justice Maulvi Anwarul Haq - Zafar Iqbal Chauhan , Nemo	LAHORE-HIGH-COURT-LAHORE",Lahore High Court,2007-01-01,1709,full_judgment,mixed,revision_allowed,1372
2007_YLR_2867,2007 YLR 2867,"933	2007 YLR 2867	Mirza NASEER AHMAD VS ADDITIONAL SESSIONS JUDGE, LAHORE - Honorable Justice M.A. Shahid Siddiqui - Liaquat Ali Butt and Muhammad Hanif Khan Niazi	LAHORE-HIGH-COURT-LAHORE",Supreme Court of Pakistan,2007-01-01,369,full_judgment,mixed,petition_allowed,1153
2007_YLR_2880,2007 YLR 2880,939	2007 YLR 2880	GHULAM NABI SHAH VS State - Honorable Justice Hasnat Ahmad Khan - Muhammad Tariq Niaz	LAHORE-HIGH-COURT-LAHORE,Lahore High Court,2007-01-01,1269,full_judgment,mixed,disposed_of,1268
2007_YLR_3008,2007 YLR 3008,"996	2007 YLR 3008	Syed ASGHAR ALI SHAH VS Sh. LIAQAT ALI, SPECIAL JUDGE, ANTI-CORRUPTION, LAHORE - Honorable Justice Mian Muhammad Najam-uz-Zaman - Sheikh Ghias ud Din , Muhammad Ali Dogar	LAHORE-HIGH-COURT-LAHORE",Supreme Court of Pakistan,2007-01-01,564,full_judgment,mixed,petition_allowed,1439
2007_YLR_2988,2007 YLR 2988,"989	2007 YLR 2988	MUHAMMAD ASAD SALEEM VS Mst. SALOOMI RANA - Honorable Justice Khawaja Muhammad Sharif - Ch. Arshad Mehmood , Syed Tahir Abbas Rizvi	LAHORE-HIGH-COURT-LAHORE",Supreme Court of Pakistan,2007-01-01,3388,full_judgment,mixed,unknown,3236
2007_YLR_2995,2007 YLR 2995,"991	2007 YLR 2995	JAVED IQBAL VS DISTRICT EDUCATION OFFICER, CIRCLE LAHORE - Honorable Justice Umair Ata Bandial - Ghulam Haider Al-Ghazali , Raja Sajjad Afzal	LAHORE-HIGH-COURT-LAHORE",Lahore High Court,2007-01-01,1209,full_judgment,mixed,revision_dismissed,2800
2007_YLR_3004,2007 YLR 3004,"993	2007 YLR 3004	FARYAD ALI VS State - Honorable Justice Tariq Shamim - Muhammad Salman Arif , Ch. Muhammad Jawad Zafar	LAHORE-HIGH-COURT-LAHORE",Supreme Court of Pakistan,2007-01-01,892,full_judgment,mixed,petition_dismissed,1874
2007_YLR_2997,2007 YLR 2997,"992	2007 YLR 2997	SPEEN GULL VS State - Honorable Justice HASNAT AHMAD KHAN - Sahibzada Farooq Ali Khan , Bashir Ahmad Bhatt, D.P.G. with Rao Aatif Nawaz	LAHORE-HIGH-COURT-LAHORE",Supreme Court of Pakistan,2007-01-01,4133,full_judgment,mixed,appeal_dismissed,2733
2007_YLR_3026,2007 YLR 3026,"1001	2007 YLR 3026	MUHAMMAD ASIF VS State - Honorable Justice Mian Muhammad Najam-uz-Zaman - Mian Muhammad Rafi Mughal , Muhammad Jahangir Wahlah	LAHORE-HIGH-COURT-LAHORE",Supreme Court of Pakistan,2007-01-01,809,full_judgment,mixed,petition_allowed,1860
2007_YLR_3022,2007 YLR 3022,"KHATOON VS ZAFAR ALI - Honorable Justice Maulvi Anwarul Haq - Malik Noor Muhammad Awan , Inayat Ullah Ch.	LAHORE-HIGH-COURT-LAHORE",Lahore High Court,2007-01-01,1966,full_judgment,mixed,unknown,1863
2007_YLR_3005,2007 YLR 3005,994	2007 YLR 3005	Mst. BALQEES BIBI VS STATION HOUSE OFFICER - Honorable Justice Syed Shabbar Raza Rizvi - Zahid Hussain Khan	LAHORE-HIGH-COURT-LAHORE,Lahore High Court,2007-01-01,714,full_judgment,mixed,disposed_of,2749
2007_YLR_2993,2007 YLR 2993,"990	2007 YLR 2993	UMAR FAROOQ VS MUHAMMAD AMTN - Honorable Justice Maulvi Anwarul Haq - Mirza Aziz ur Rehman , Inayatullah Chaudhry	LAHORE-HIGH-COURT-LAHORE",Lahore High Court,2007-01-01,995,full_judgment,mixed,appeal_dismissed,1567
2007_YLR_3021,2007 YLR 3021,999	2007 YLR 3021	Mst. FAZEELAT BIBI VS State - Honorable Justice Asif Saeed Khan Khosa and Ijaz Ahmad Chaudhry - Major,Supreme Court of Pakistan,2007-01-01,995,full_judgment,mixed,unknown,2527
2007_YLR_3007,2007 YLR 3007,"995	2007 YLR 3007	MUHAMMAD ARSHAD VS State - Honorable Justice Asif Saeed Khan Khosa - Fayyaz Ahinad Mehr , Ishfaque Ahmad Chaudhry	LAHORE-HIGH-COURT-LAHORE",Supreme Court of Pakistan,2007-01-01,691,full_judgment,mixed,unknown,1436
2007_YLR_2901,2007 YLR 2901,"949	2007 YLR 2901	GHULAM HAIDER VS GHULAM FARID - Honorable Justice Nasim Sikandar - Muhammad Farooq Qureshi Chishti , Ch. Salim Khan Chichi	LAHORE-HIGH-COURT-LAHORE",Supreme Court of Pakistan,2007-01-01,1328,full_judgment,mixed,revision_dismissed,3157
2007_YLR_2909,2007 YLR 2909,"953	2007 YLR 2909	MUHAMMAD YASEEN VS State - Honorable Justice Khawaja Muhammad Sharif - Rana Muhammad Arif , Mumtaz Ahmad Khan	LAHORE-HIGH-COURT-LAHORE",Lahore High Court,2007-01-01,2464,full_judgment,mixed,appeal_allowed,1909
2007_YLR_28,2007 YLR 28,"10	2007 YLR 28	MAQSOOD KHAN VS PROVINCE OF SINDH - Honorable Justice MUSHIR ALAM - Rafiq Ahmed , Aftab Ahmed Sheikh	KARACHI-HIGH-COURT-SINDH",Supreme Court of Pakistan,2007-01-01,1147,full_judgment,mixed,disposed_of,1746
2007_YLR_2894,2007 YLR 2894,"946	2007 YLR 2894	MUHAMMAD ILYAS VS State - Honorable Justice Khawaja Muhammad Sharif and Asif Saeed Khan Khosa - Imran Asmat Chaudhry , Malik Muhammad Sideman Awan	LAHORE-HIGH-COURT-LAHORE",Lahore High Court,2007-01-01,1179,full_judgment,mixed,unknown,2477
2007_YLR_2887,2007 YLR 2887,"942	2007 YLR 2887	FAISAL RAZZAQ VS TEHSIL MUNICIPAL ADMINISTRATION, KHAIRPUR TAMEWALI - Honorable Justice Sh. Hakim Ali - Malik Sadiq Mahmud Khurram and Muhammad Umair Mohsin , Ijaz Ahmad Ansari	LAHORE-HIGH-COURT-LAHORE",Lahore High Court,2007-01-01,2462,full_judgment,mixed,appeal_dismissed,3428
2007_YLR_2896,2007 YLR 2896,"947	2007 YLR 2896	PROVINCE OF THE PUNJAB through Secretary Government Communication and Works Department, Lahore and another VS Ch. QAISER MAHMOOD - Honorable Justice Jawwad S. Khawaja - Muhammad Nawaz Bajwa , Ch. Muhammad Luqman	LAHORE-HIGH-COURT-LA",Lahore High Court,2007-01-01,1537,full_judgment,mixed,petition_allowed,2835
2007_YLR_2903,2007 YLR 2903,"950	2007 YLR 2903	MUHAMMAD BOOTA VS State - Honorable Justice Muhammad Jehangir Arshad - Malik Javed Akhtar Vains , Malik Zafar Mehmood Anjum	LAHORE-HIGH-COURT-LAHORE",Supreme Court of Pakistan,2007-01-01,1301,full_judgment,mixed,unknown,2145
2007_YLR_2907,2007 YLR 2907,"952	2007 YLR 2907	MUHAMMAD ILYAS VS KHALID JAVED - Honorable Justice Maulvi Anwarul Haq - Malik Abdul Wahid , Maqbool Hussain Sheikh	LAHORE-HIGH-COURT-LAHORE",Lahore High Court,2007-01-01,1028,full_judgment,mixed,revision_dismissed,2267
2007_YLR_2899,2007 YLR 2899,"948	2007 YLR 2899	Malik ZUBAIR ALTAF VS State - Honorable Justice Muhammad Jehangir Arshad and Hasnat Ahmad Khan - Ch. Mahmood Ali , Rao Atif Nawaz	LAHORE-HIGH-COURT-LAHORE",Lahore High Court,2007-01-01,1082,full_judgment,mixed,petition_allowed,1748
2007_YLR_2913,2007 YLR 2913,"954	2007 YLR 2913	Mst. NAZIRAN VS State - Honorable Justice Muhammad Farrukh Mahmud - Sardar Muhammad Shehzad Khan Dhukkar , Mujahid Wasti	LAHORE-HIGH-COURT-LAHORE",Supreme Court of Pakistan,2007-01-01,322,full_judgment,mixed,unknown,851
2007_YLR_2892,2007 YLR 2892,"944	2007 YLR 2892	Mst. GULSHAN BIBI VS S.H.O. POLICE STATION GULGASHT, MULTAN - Honorable Justice Iqbal Hameed ur Rehman - Malik Muhammad Tariq Rajwana	LAHORE-HIGH-COURT-LAHORE",Lahore High Court,2007-01-01,274,headnote_only,mixed,disposed_of,971
2007_YLR_2976,2007 YLR 2976,"983	2007 YLR 2976	WALID HUSSAIN VS State - Honorable Justice Bashir A. Mujahid - Nadeem Mehmood Mian , Haji Ghulam Asghar	LAHORE-HIGH-COURT-LAHORE",Lahore High Court,2007-01-01,1211,full_judgment,mixed,disposed_of,1310
2007_YLR_2973,2007 YLR 2973,"982	2007 YLR 2973	SURRAYA NASREEN VS MUSSARRAT KHAN through legal heirs - Honorable Justice Syed Asghar Haider - Jahaiigir A. Jhoja , Nemo	LAHORE-HIGH-COURT-LAHORE",Lahore High Court,2007-01-01,1351,full_judgment,mixed,appeal_dismissed,2675
2007_YLR_2982,2007 YLR 2982,"985	2007 YLR 2982	PAKISTAN TOBACCO COMPANY LIMITED, KARACHI VS DIRECTOR OF OCTROI, KARACHI - Honorable Justice SABIHUDDIN AHMED - Zaheer Minhas , Manroor Hussain and Abbas Ali	KARACHI-HIGH-COURT-SINDH",Supreme Court of Pakistan,2007-01-01,1047,full_judgment,mixed,petition_dismissed,933
2007_YLR_2983,2007 YLR 2983,"986	2007 YLR 2983	MUHAMMAD PERVAIZ VS MUHAMMAD ASLAM - Honorable Justice Maulvi Anwarul Haq - Muhammad Asif Bhatti , Muhammad Nawaz	LAHORE-HIGH-COURT-LAHORE",Lahore High Court,2007-01-01,1290,full_judgment,mixed,revision_allowed,1866
2007_YLR_2978,2007 YLR 2978,"984	2007 YLR 2978	MUHAMMAD HANIF VS SEUNG GOOK KIM alias SIMON KIM, - Honorable Justice Tariq Shamim - Dr. Syed Shaukat Hussain , Ch. Waris Ali Janjua	LAHORE-HIGH-COURT-LAHORE",Supreme Court of Pakistan,2007-01-01,2153,full_judgment,mixed,appeal_dismissed,3387
2007_YLR_2971,2007 YLR 2971,"981	2007 YLR 2971	SABIR HUSSAIN VS State - Honorable Justice KHAWAJA MUHAMMAD SHARIF - Malik Muhammad Rafique Khan , Syed Hasnain Kazmi	LAHORE-HIGH-COURT-LAHORE",Lahore High Court,2007-01-01,970,full_judgment,mixed,appeal_dismissed,1432
2007_YLR_2968,2007 YLR 2968,"979	2007 YLR 2968	MAHBOOB ALI VS State - Honorable Justice Syed Zawwar Hussian Jaffery and Nadeem Azhar Siddiqi - Habibullah G. Ghouri , Muhammad Ismail Bhutto	KARACHI-HIGH-COURT-SINDH",High Court of Sindh,2007-01-01,1066,full_judgment,mixed,unknown,1240
2007_YLR_2962,2007 YLR 2962,"978	2007 YLR 2962	Haji KABIR KHAN VS THE STATE through Prosecutor General National Accountability Bureau, Lahore - Honorable Justice Ali Nawaz Chowhan and Syed Shabbar Raza Rizvi - Abid Hussain Minto and Sh. Zia Ullah Khan , Asad Manzoor Butt	LAHORE-",Supreme Court of Pakistan,2007-01-01,3348,full_judgment,mixed,unknown,3495
2007_YLR_2987,2007 YLR 2987,"988	2007 YLR 2987	MUHAMMAD ARIF NAVEED VS State - Honorable Justice Mian Muhammad Najam-uz- Zaman - Malik Noor Muhammad Awan , Saif Ullah Khalil	LAHORE-HIGH-COURT-LAHORE",Supreme Court of Pakistan,2007-01-01,486,full_judgment,mixed,petition_allowed,1229
2007_YLR_2970,2007 YLR 2970,"980	2007 YLR 2970	Mst. MARYAM BIBI VS ALLAH RAKHA - Honorable Justice Fazal-e-Miran Chauhan - Ms. Najma Parveen , Zafar Abbas Khan	LAHORE-HIGH-COURT-LAHORE",Supreme Court of Pakistan,2007-01-01,1059,full_judgment,mixed,petition_dismissed,2739
2007_YLR_2986,2007 YLR 2986,"987	2007 YLR 2986	MUHAMMAD ALI VS State - Honorable Justice Ijaz Ahmad Chaudhry - Saghir Ahmad Bhatti , Ch. Masood Sabir	LAHORE-HIGH-COURT-LAHORE",Supreme Court of Pakistan,2007-01-01,565,full_judgment,mixed,unknown,975
2007_YLR_3141,2007 YLR 3141,"CO. VS RESHAM KHAN - Honorable Justice Mian Muhammad Najam-uz-Zaman - Malik Amjad Pervaiz , Ch. Namat Ali Nagra	LAHORE-HIGH-COURT-LAHORE",Lahore High Court,2007-01-01,1680,full_judgment,mixed,disposed_of,2824
2007_YLR_3132,2007 YLR 3132,"1043	2007 YLR 3132	Mst. NAZEERAN alias NAJJAN VS State - Honorable Justice Muhammad Jehangir Arshad - Altaf Ibrahim Qureshi , Mehr Muhammad Ashfaque	LAHORE-HIGH-COURT-LAHORE",Supreme Court of Pakistan,2007-01-01,556,full_judgment,mixed,unknown,962
2007_YLR_3135,2007 YLR 3135,"1045	2007 YLR 3135	SHER ABBAS VS State - Honorable Justice Fazal-e-Miran Chauhan - Altaf Ibrahim Qureshi , Hakeem Abdul Rasheed Malik	LAHORE-HIGH-COURT-LAHORE",Supreme Court of Pakistan,2007-01-01,926,full_judgment,mixed,unknown,1323
2007_YLR_3153,2007 YLR 3153,"1054	2007 YLR 3153	GULZAR AHMAD alias GULLOO VS State - Honorable Justice CH. IFTIKHAR HUSSAIN - Dr. Khalil Ranjha , Ishfaq Ahmed Chaudhary	LAHORE-HIGH-COURT-LAHORE",Lahore High Court,2007-01-01,2845,full_judgment,mixed,appeal_allowed,2237
2007_YLR_3137,2007 YLR 3137,"1046	2007 YLR 3137	NASIR IQBAL BUTT VS SURAYYA BEGUM through General Power of Attorney - Honorable Justice Mian Saqib Nisar - Mian Asrar ul Haq , Khalid Mian	LAHORE-HIGH-COURT-LAHORE",Lahore High Court,2007-01-01,837,full_judgment,mixed,revision_dismissed,1511
2007_YLR_3160,2007 YLR 3160,"1057	2007 YLR 3160	SHER ZAMAN VS State - Honorable Justice Azizullah M. Memon - Abdul Razzak , Arshad Lodhi, Asst. A.-G.	KARACHI-HIGH-COURT-SINDH",Supreme Court of Pakistan,2007-01-01,2904,full_judgment,mixed,remanded,2202
2007_YLR_3144,2007 YLR 3144,"1050	2007 YLR 3144	NADEEM VS State - Honorable Justice MUHAMMAD MUZAMMAL KHAN - Sheraz Mahmood , Tariq Ismail Mayo	LAHORE-HIGH-COURT-LAHORE",Supreme Court of Pakistan,2007-01-01,678,full_judgment,mixed,unknown,1553
2007_YLR_3148,2007 YLR 3148,"1053	2007 YLR 3148	NAZIR COTTON MILLS LTD. VS STATE BANK OF PAKISTAN - Honorable Justice SARMAD JALAL OSMANY - Ahmed Malik , Ainuddin Khan	KARACHI-HIGH-COURT-SINDH",High Court of Sindh,2007-01-01,3200,full_judgment,mixed,remanded,2761
2007_YLR_3139,2007 YLR 3139,"1048	2007 YLR 3139	WAQAS SHAHID VS State - Honorable Justice Ijaz Ahmad Chaudhry - M.A. Zafar , Saeed Ashraf Warraich	LAHORE-HIGH-COURT-LAHORE",Supreme Court of Pakistan,2007-01-01,1050,full_judgment,mixed,unknown,1284
2007_YLR_3159,2007 YLR 3159,"1056	2007 YLR 3159	ABDUL AZIZ VS ABDUL HAMEED - Honorable Justice Maulvi Anwarul Haq - Hassan Akhtar Joya , Mian Jived Iqbal Arain	LAHORE-HIGH-COURT-LAHORE",Lahore High Court,2007-01-01,642,full_judgment,mixed,appeal_dismissed,952
2007_YLR_3157,2007 YLR 3157,"1055	2007 YLR 3157	GOVERNMENT OF PAKISTAN VS WAHID BAKHSH - Honorable Justice Muhammad Khalid Alvi - Muhammad Shamshir Iqbal Chughtai , Malik Muhammad Hanif Ghaffari	LAHORE-HIGH-COURT-LAHORE",Lahore High Court,2007-01-01,624,full_judgment,mixed,revision_allowed,1318
2007_YLR_3138,2007 YLR 3138,"1047	2007 YLR 3138	JAMSHED AKHTAR alias MATO VS State - Honorable Justice Maulvi Anwarul Haq - Altaf Ibrahim Qureshi , Muhammad Zauq Sipra	LAHORE-HIGH-COURT-LAHORE",Supreme Court of Pakistan,2007-01-01,658,full_judgment,mixed,unknown,834
2007_YLR_3134,2007 YLR 3134,"1044	2007 YLR 3134	IRFAN IQBAL VS State - Honorable Justice Muhammad Khalid Alvi - Altaf Ibrahim Qureshi and Mian Muhammad Akram , Rao Atif Nawaz	LAHORE-HIGH-COURT-LAHORE",Supreme Court of Pakistan,2007-01-01,744,full_judgment,mixed,unknown,1188
2007_YLR_2800,2007 YLR 2800,"904	2007 YLR 2800	NOOR AHMED VS ZULFIQAR ALI - Honorable Justice Syed Hamid Ali Shah - Mian Shah Abbas , Malik Munsif Awan	LAHORE-HIGH-COURT-LAHORE",Lahore High Court,2007-01-01,1089,full_judgment,mixed,appeal_dismissed,690
2007_YLR_2807,2007 YLR 2807,908	2007 YLR 2807	FAYYAZ AHMAD VS State - Honorable Justice Muhammad Jehangir Arshad - Muhammad Sharif Bhatti	LAHORE-HIGH-COURT-LAHORE,Supreme Court of Pakistan,2007-01-01,498,full_judgment,mixed,petition_allowed,1253
2007_YLR_2804,2007 YLR 2804,"906	2007 YLR 2804	ABDUL LATIF VS MUHAMMAD ASHRAF - Honorable Justice Muhammad Khalid Alvi - Ch. Muhammad Aslam Zia , Ch. Muhammad Rafique Warraich	LAHORE-HIGH-COURT-LAHORE",Lahore High Court,2007-01-01,1029,full_judgment,mixed,revision_dismissed,1387
2007_YLR_2816,2007 YLR 2816,"912	2007 YLR 2816	MUHAMMAD SHARIF VS Haji MUHAMMAD ASHRAF - Honorable Justice Jawwad S. Khawaja - Ch. Pervez Iqbal Gondal , Rana Rashad Akram Khan	LAHORE-HIGH-COURT-LAHORE",Lahore High Court,2007-01-01,1173,full_judgment,mixed,petition_allowed,1843
2007_YLR_2795,2007 YLR 2795,"901	2007 YLR 2795	SAEED QURESHI VS State - Honorable Justice Amir Hani Muslim - Ali Lahooti , Muhammad Zafar	KARACHI-HIGH-COURT-SINDH",High Court of Sindh,2007-01-01,1036,full_judgment,mixed,disposed_of,1426
2007_YLR_2802,2007 YLR 2802,"905	2007 YLR 2802	ALI MUHAMMAD VS FAZAL - Honorable Justice Maulvi Anwarul Haq - Abdul Majid Khan , Khan Zia Ullah Khan	LAHORE-HIGH-COURT-LAHORE",Lahore High Court,2007-01-01,1147,full_judgment,mixed,appeal_dismissed,828
2007_YLR_2811,2007 YLR 2811,"910	2007 YLR 2811	Malik TANVEER AHMAD BHUTTA VS State - Honorable Justice M.A. Shahid Siddiqui - Ch. Saghir Ahmad and Ch. Faqir Muhammad , Mian Abdul Ghaffar	LAHORE-HIGH-COURT-LAHORE",Lahore High Court,2007-01-01,1229,full_judgment,mixed,disposed_of,1787
2007_YLR_2794,2007 YLR 2794,900	2007 YLR 2794	KHALID MAHMOOD VS State - Honorable Justice Hasnat Ahmad Khan - Sh. Muhammad Ghias-ul-Haq	LAHORE-HIGH-COURT-LAHORE,Supreme Court of Pakistan,2007-01-01,509,full_judgment,mixed,petition_allowed,1263
2007_YLR_2813,2007 YLR 2813,"911	2007 YLR 2813	MUKHTAR MUHAMMAD alias MUKHTAR AHMAD VS MUHAMMAD YAQOOB - Honorable Justice Maulvi Anwarul Haq - S.M. Masood , Ms. Sumaira Afzal	LAHORE-HIGH-COURT-LAHORE",Lahore High Court,2007-01-01,1748,full_judgment,mixed,appeal_dismissed,2390
2007_YLR_2805,2007 YLR 2805,907	2007 YLR 2805	SHADA VS State - Honorable Justice Sh. Hakim Ali - Mehar Ahmad Sher Kathia	LAHORE-HIGH-COURT-LAHORE,Supreme Court of Pakistan,2007-01-01,1111,full_judgment,mixed,unknown,1308
2007_YLR_2808,2007 YLR 2808,909	2007 YLR 2808	MUHAMMAD ASHRAF VS BASARA - Honorable Justice Muhammad Sair Ali - Hamid Ali Mirza	LAHORE-HIGH-COURT-LAHORE,Lahore High Court,2007-01-01,1639,full_judgment,mixed,revision_dismissed,2215
2007_YLR_279,2007 YLR 279,"87	2007 YLR 279	ALI RAZA alias KALO VS State - Honorable Justice IJAZ AHMAD CHAUDHRY - Muhammad Afzal Lone , Sarfraz Ali Khan	LAHORE-HIGH-COURT-LAHORE",Lahore High Court,2007-01-01,1026,full_judgment,mixed,disposed_of,2389
2007_YLR_2798,2007 YLR 2798,903	2007 YLR 2798	ABDUL GHAFOOR VS State - Honorable Justice Khawaja Muhammad Sharif - Rana Muhammad Arif	LAHORE-HIGH-COURT-LAHORE,Supreme Court of Pakistan,2007-01-01,733,full_judgment,mixed,petition_allowed,1264
2007_YLR_2797,2007 YLR 2797,"902	2007 YLR 2797	MUHAMMAD AMEEN VS SHAHMS DIN - Honorable Justice Maluvi Anwarul Haq - Khalid Aseer Chaudhry , Syed Sajjad Sarwar Gillani	LAHORE-HIGH-COURT-LAHORE",Lahore High Court,2007-01-01,858,full_judgment,mixed,remanded,1855
2007_YLR_3095,2007 YLR 3095,"1029	2007 YLR 3095	MUHAMMAD AYYUB VS State - Honorable Justice Fazal-e-Miran Chauhan - Amanat Ali Bukhari , Muhammad Shoaib Khokhar	LAHORE-HIGH-COURT-LAHORE",Supreme Court of Pakistan,2007-01-01,383,full_judgment,mixed,unknown,905
2007_YLR_3086,2007 YLR 3086,"1023	2007 YLR 3086	NABASSAL AHRMED VS State - Honorable Justice Khawaja Muhammad Sharif - Aftab Ahmad Bajwa , Naseeruddin Khan Nayyar	LAHORE-HIGH-COURT-LAHORE",Supreme Court of Pakistan,2007-01-01,680,full_judgment,mixed,petition_allowed,1321
2007_YLR_3105,2007 YLR 3105,"1031	2007 YLR 3105	HANOOK BABAR MASIH VS State - Honorable Justice Muhammad Akhtar Shabbir and Umar Ata Bandial - Muhammad Tanveer Chaudhry , Ameen Feroz	LAHORE-HIGH-COURT-LAHORE",Supreme Court of Pakistan,2007-01-01,2506,full_judgment,mixed,unknown,3574
2007_YLR_3091,2007 YLR 3091,"1027	2007 YLR 3091	HASSAMUDDIN VS AL-ZAMIN LEASING MODARBA - Honorable Justice Muhammad Mujeebullah Siddiqui and Syed Zawwar Hussain Jaffery - Fiaz H. Shah , Kazin Hasan,G.M. Bhutto	KARACHI-HIGH-COURT-SINDH",Supreme Court of Pakistan,2007-01-01,2054,full_judgment,mixed,appeal_dismissed,5514
2007_YLR_3094,2007 YLR 3094,"1028	2007 YLR 3094	GHULAM QADIR VS STATION HOUSE OFFICER, POLICE STATION ALLAH ABAD, DISTRICT - Honorable Justice Asif Saeed Khan Khosa - Zahid Hussain Khan	LAHORE-HIGH-COURT-LAHORE",Lahore High Court,2007-01-01,288,headnote_only,mixed,disposed_of,1137
2007_YLR_30,2007 YLR 30,"11	2007 YLR 30	BODI VS State - Honorable Justice MUHAMMAD FARRUKH MAHMUD - Nazeer Ahmad Ghazi , Masood Sadiq Mirza	LAHORE-HIGH-COURT-LAHORE",Lahore High Court,2007-01-01,3026,full_judgment,mixed,appeal_allowed,1927
2007_YLR_3096,2007 YLR 3096,"1030	2007 YLR 3096	BILAL VS State - Honorable Justice RAHMAT HUSSAIN JAFFERI - Saifullah , Mahmood Alam Rizvi	KARACHI-HIGH-COURT-SINDH",Supreme Court of Pakistan,2007-01-01,4863,full_judgment,mixed,disposed_of,5615
2007_YLR_3084,2007 YLR 3084,"1022	2007 YLR 3084	ZAHID HAFEEZ VS State - Honorable Justice Muhammad Khalil Alvi - Altaf Ibrahim Qureshi , Rao Atif Nawaz	LAHORE-HIGH-COURT-LAHORE",Supreme Court of Pakistan,2007-01-01,709,full_judgment,mixed,unknown,1265
2007_YLR_3087,2007 YLR 3087,"1024	2007 YLR 3087	SHAFIULLAH VS State - Honorable Justice RAHMAT HUSSAIN JAFFERI - A.Q. Halepota , Habib Ahmed, A.A.-G.	KARACHI-HIGH-COURT-SINDH",High Court of Sindh,2007-01-01,1292,full_judgment,mixed,appeal_allowed,1703
2007_YLR_3089,2007 YLR 3089,"1025	2007 YLR 3089	ABDUL GHAFOOR VS RIAZ AHMED - Honorable Justice Maulvi Anwarul Haq - M. Aslam Riaz , Nemo	LAHORE-HIGH-COURT-LAHORE",Lahore High Court,2007-01-01,676,full_judgment,mixed,revision_dismissed,891
2007_YLR_3090,2007 YLR 3090,1026	2007 YLR 3090	MUHAMMAD ARSHAD VS State - Honorable Justice Mian Muhammad Najam-uz-Zaman - Fayyaz Ahmed Mahr	LAHORE-HIGH-COURT-LAHORE,Supreme Court of Pakistan,2007-01-01,379,full_judgment,mixed,petition_allowed,800
2007_YLR_3080,2007 YLR 3080,"1020	2007 YLR 3080	MUHAMMAD PANAH VS State - Honorable Justice REHMAT HUSSAIN JAFFERI - Farooq Rashid , Habib Ahmed	KARACHI-HIGH-COURT-SINDH",Supreme Court of Pakistan,2007-01-01,1357,full_judgment,mixed,disposed_of,1666
2007_YLR_2829,2007 YLR 2829,"920	2007 YLR 2829	ALLAH DEWAYA VS HAQ NAWAZ - Honorable Justice Jawwad S. Khawaja - Malik Ejaz Hussain Gorchha , Qazi Khurshid Alam	LAHORE-HIGH-COURT-LAHORE",Lahore High Court,2007-01-01,1160,full_judgment,mixed,petition_allowed,2315
2007_YLR_2831,2007 YLR 2831,921	2007 YLR 2831	Syed IRFAN HUSSAIN SHAH VS State - Honorable Justice Ijaz Ahmad Chaudhry - M.A. Zafar	LAHORE-HIGH-COURT-LAHORE,Supreme Court of Pakistan,2007-01-01,287,headnote_only,mixed,unknown,867
2007_YLR_2823,2007 YLR 2823,916	2007 YLR 2823	MASROOR-UD-DIN VS State - Honorable Justice Syed Sajjad Hussain Shah - Abdul Rasheed Rashid	LAHORE-HIGH-COURT-LAHORE,Supreme Court of Pakistan,2007-01-01,776,full_judgment,mixed,petition_allowed,2309
2007_YLR_282,2007 YLR 282,"89	2007 YLR 282	GHULAM ABBAS VS State - Honorable Justice Rahmat Hussain Jafferi - Shaikh Amanullah , Mahmood Yousifi	KARACHI-HIGH-COURT-SINDH",High Court of Sindh,2007-01-01,2061,full_judgment,mixed,appeal_allowed,1778
2007_YLR_2828,2007 YLR 2828,919	2007 YLR 2828	MUHAMMAD ARSHAD VS State - Honorable Justice Asif Saeed Khan Khosa - Aftab Ahmad Bajwa	LAHORE-HIGH-COURT-LAHORE,Supreme Court of Pakistan,2007-01-01,567,full_judgment,mixed,unknown,1531
2007_YLR_2818,2007 YLR 2818,913	2007 YLR 2818	ABDUL LATEEF VS State - Honorable Justice Muhammad Farrukh Mahmud - Malik Javed Akhtar Wains	LAHORE-HIGH-COURT-LAHORE,Supreme Court of Pakistan,2007-01-01,383,full_judgment,mixed,unknown,854
2007_YLR_2825,2007 YLR 2825,"917	2007 YLR 2825	MUHAMMAD IQBAL VS ADDIT'IQJVAL DISTRICT JUDGE, FAISALABAD - Honorable Justice Maulvi Anwarul Haq - Malik Noor Muhammad Awan , Ali Masood Hayat	LAHORE-HIGH-COURT-LAHORE",Lahore High Court,2007-01-01,1149,full_judgment,mixed,petition_allowed,1636
2007_YLR_2827,2007 YLR 2827,"918	2007 YLR 2827	MUHAMMAD IJAZ GORAYA VS Mst. HAMEEDAN BIBI - Honorable Justice Sh. Azmat Saeed - Ch. Anwar Khan , Arif Mahmood Chaudhry	LAHORE-HIGH-COURT-LAHORE",Lahore High Court,2007-01-01,1029,full_judgment,mixed,appeal_dismissed,1449
2007_YLR_2819,2007 YLR 2819,914	2007 YLR 2819	HUSSAIN VS State - Honorable Justice Amir Hani Muslim - Muhammad Saleem Jessar	KARACHI-HIGH-COURT-SINDH,High Court of Sindh,2007-01-01,936,full_judgment,mixed,remanded,1670
2007_YLR_2834,2007 YLR 2834,"923	2007 YLR 2834	SAEED AHMAD BARRY VS State - Honorable Justice Muhammad Muzammal Khan - Qadir Zaman Shah Tairmoori , Gohar Siddique	LAHORE-HIGH-COURT-LAHORE",Supreme Court of Pakistan,2007-01-01,1664,full_judgment,mixed,unknown,1775
2007_YLR_2821,2007 YLR 2821,"915	2007 YLR 2821	MUHAMMAD AFZAL VS BASHIR AHMED - Honorable Justice Maulvi Anwar ul Haq - M. Shahzad Shaukat and M. Farooq Qureshi Chishti , Muhammad Zafar Chaudhry	LAHORE-HIGH-COURT-LAHORE",Lahore High Court,2007-01-01,1313,full_judgment,mixed,disposed_of,2276
2007_YLR_2832,2007 YLR 2832,922	2007 YLR 2832	MUKHTIAR HUSSAIN SHAH VS State - Honorable Justice Asif Saeed Khan Khosa - Rana Khalid Mehmood	LAHORE-HIGH-COURT-LAHORE,Supreme Court of Pakistan,2007-01-01,878,full_judgment,mixed,unknown,2329
2007_YLR_281,2007 YLR 281,"88	2007 YLR 281	MUHAMMAD ABDULLAH VS Mst. RAJ BIBI - Honorable Justice Sh. Azmat Saeed - Zafar Iqbal Chohan , Malik Saqib Hussain Awan	LAHORE-HIGH-COURT-LAHORE",Lahore High Court,2007-01-01,706,full_judgment,mixed,remanded,1415
2007_YLR_3113,2007 YLR 3113,"1033	2007 YLR 3113	MUHAMMAD HANIF VS SAMEENA SIBTAIN - Honorable Justice SABIHUDDIN AHMED - Khawaja Shamsul Islam , Khalid Javed Khan	KARACHI-HIGH-COURT-SINDH",High Court of Sindh,2007-01-01,3571,full_judgment,mixed,petition_dismissed,2619
2007_YLR_3108,2007 YLR 3108,"1032	2007 YLR 3108	MUHAMMAD AKRAM VS State - Honorable Justice Hasnat Ahmad Khan - Muhammad Wasim Shahab , Rao Latif Nawaz	LAHORE-HIGH-COURT-LAHORE",Lahore High Court,2007-01-01,2713,full_judgment,mixed,appeal_allowed,1385
2007_YLR_3119,2007 YLR 3119,"1034	2007 YLR 3119	KHALID HUSSAIN VS State - Honorable Justice M. Bilal Khan - Muhammad Amir Khan Niazi , Syed Sajid Raza	LAHORE-HIGH-COURT-LAHORE",Supreme Court of Pakistan,2007-01-01,924,full_judgment,mixed,petition_allowed,1327
2007_YLR_3129,2007 YLR 3129,1040	2007 YLR 3129	Haji NAWAB ALI VS MAGISTRATE - Honorable Justice Tariq Shamim - Bashir Ahmad Chaudhary	LAHORE-HIGH-COURT-LAHORE,Lahore High Court,2007-01-01,569,full_judgment,mixed,petition_allowed,1616
2007_YLR_3121,2007 YLR 3121,"1035	2007 YLR 3121	BAQIR HUSSAIN VS State - Honorable Justice Tariq Shamim - Malik Muhammad Arif Bara along with Agha Intizar Ali Imran , Ch. Amjad Hussain	LAHORE-HIGH-COURT-LAHORE",Supreme Court of Pakistan,2007-01-01,495,full_judgment,mixed,petition_allowed,970
2007_YLR_3126,2007 YLR 3126,"1039	2007 YLR 3126	MUHAMMAD ASIF VS State - Honorable Justice Khawaja Muhammad Sharif - Mian Makshoof Amjad , Syed Tahir Abbas Rizvi	LAHORE-HIGH-COURT-LAHORE",Lahore High Court,2007-01-01,1419,full_judgment,mixed,revision_dismissed,1802
2007_YLR_3122,2007 YLR 3122,1036	2007 YLR 3122	SHARIFAN BIBI VS PROVINCE OF PUNJAB through Collector - Honorable Justice Sardar Muhammad Aslam - M,Lahore High Court,2007-01-01,1005,full_judgment,mixed,revision_allowed,2306
2007_YLR_3123,2007 YLR 3123,"1037	2007 YLR 3123	MUHAMMAD SARWAR VS State - Honorable Justice M. Bilal Khan and Tariq Shamim - Zahid Hussain Khan , Ch. Muhammad Nazeer	LAHORE-HIGH-COURT-LAHORE",Lahore High Court,2007-01-01,744,full_judgment,mixed,disposed_of,963
2007_YLR_3131,2007 YLR 3131,"1042	2007 YLR 3131	MUHAMMAD RAFIQUE VS ANWAR SHAH PHOOL BADSHAH MEHARBAN - Honorable Justice Sabihuddin Ahmed and Amir Hani Muslim - Petitioner in person. , Abdul Wajid Wyne and Manzoor Ahmed	KARACHI-HIGH-COURT-SINDH",High Court of Sindh,2007-01-01,949,full_judgment,mixed,unknown,2193
2007_YLR_3125,2007 YLR 3125,"1038	2007 YLR 3125	SHAHNAZ ANWAR VS BABAR - Honorable Justice Sarmad Jalal Osmany and Ali Sain Dino Metlo - Nadeemul Haque , S. Saeeduddin Nasir	KARACHI-HIGH-COURT-SINDH",High Court of Sindh,2007-01-01,556,full_judgment,mixed,unknown,1130
2007_YLR_370,2007 YLR 370,"118	2007 YLR 370	NAWAB VS S.H.O. - Honorable Justice Tariq Shamim - Syed Aftab Sherazi , Ijaz Ahmad Bajwa	LAHORE-HIGH-COURT-LAHORE",Supreme Court of Pakistan,2007-01-01,876,full_judgment,mixed,petition_dismissed,1765
2007_YLR_357,2007 YLR 357,"113	2007 YLR 357	LIAQAT ALI VS State - Honorable Justice Tariq Shamim - Mian Muhammad Hanif Tahir , Sh. Asif Hussain	LAHORE-HIGH-COURT-LAHORE",Supreme Court of Pakistan,2007-01-01,1201,full_judgment,mixed,unknown,2700
2007_YLR_353,2007 YLR 353,"112	2007 YLR 353	JAVED AKHTAR VS State - Honorable Justice MUHAMMAD FARRUKH MAHMUD - Wasim Mumtaz Malik , Ms. Tehseen Irfan in Criminal Appeal and Kazim Iqbal Bhangu	LAHORE-HIGH-COURT-LAHORE",Lahore High Court,2007-01-01,2563,full_judgment,mixed,appeal_allowed,2516
2007_YLR_363,2007 YLR 363,"117	2007 YLR 363	Mrs. JUMANA KHURSHEED VS IST A.D.J., KARACHI EAST - Honorable Justice Muhammad Ather Saeed - Adnan Karim , S. Ali Ahmed Tariq	KARACHI-HIGH-COURT-SINDH",Supreme Court of Pakistan,2007-01-01,4369,full_judgment,mixed,remanded,3387
2007_YLR_359,2007 YLR 359,"114	2007 YLR 359	IMRAN VS State - Honorable Justice Syed Sakhi Hussain Bokhari - Mazhar Iqbal Sidhu , M. Aslam Malik	LAHORE-HIGH-COURT-LAHORE",Supreme Court of Pakistan,2007-01-01,854,full_judgment,mixed,unknown,1334
2007_YLR_361,2007 YLR 361,"115	2007 YLR 361	ZULFIQAR ALI VS State - Honorable Justice Fazal-e-Miran Chauhan - Malik Muntazir Mehdi and Syed Athar Hassan Bukhari , Rana Khalid Mahmood	LAHORE-HIGH-COURT-LAHORE",Supreme Court of Pakistan,2007-01-01,537,full_judgment,mixed,petition_allowed,1298
2007_YLR_35,2007 YLR 35,"12	2007 YLR 35	FAROOQ AHMED VS FEDERATION OF PAKISTAN through Secretary Law, Justice and Human Rights Division, Islamabad - Honorable Justice Ch. Ijaz Ahmad - Muhammad Ajmal Khan , Sher Zaman Khan	LAHORE-HIGH-COURT-LAHORE",Lahore High Court,2007-01-01,950,full_judgment,mixed,appeal_allowed,1795
2007_YLR_372,2007 YLR 372,"119	2007 YLR 372	Mst. SHUMAILA VS State - Honorable Justice M. Bilal Khan - Malik Muhammad Imtiaz Mahl , Malik Muhammad Arif Bara	LAHORE-HIGH-COURT-LAHORE",Supreme Court of Pakistan,2007-01-01,595,full_judgment,mixed,unknown,1323
2007_YLR_351,2007 YLR 351,"111	2007 YLR 351	MAQSOOD ARIF VS State - Honorable Justice Tariq Shamim - Shahid Zaheer Syed , Kazim Iqbal Bhangoo	LAHORE-HIGH-COURT-LAHORE",Supreme Court of Pakistan,2007-01-01,1306,full_judgment,mixed,petition_dismissed,2477
2007_YLR_349,2007 YLR 349,"110	2007 YLR 349	ISHTIAQ AHMAD VS State - Honorable Justice M. Bilal Khan - Khalid Pervaiz Warraich , Suhail Tariq	LAHORE-HIGH-COURT-LAHORE",Supreme Court of Pakistan,2007-01-01,708,full_judgment,mixed,petition_allowed,1155
2007_YLR_362,2007 YLR 362,116	2007 YLR 362	SAEED ULLAH VS State - Honorable Justice Sardar Muhammad Aslam - Sardar Muhammad Ishaque Khan	LAHORE-HIGH-COURT-LAHORE,Supreme Court of Pakistan,2007-01-01,594,full_judgment,mixed,petition_allowed,1456
2007_YLR_373,2007 YLR 373,"120	2007 YLR 373	GHUNCHA GUL VS State - Honorable Justice IJAZ-UL-HASSAN KHAN - Rehan Saeed , Ch. Muhammad Sharif	PESHAWAR-HIGH-COURT",Peshawar High Court,2007-01-01,1682,full_judgment,mixed,appeal_dismissed,2717
2007_YLR_1755,2007 YLR 1755,"576	2007 YLR 1755	Mst. RAZIA BIBI VS State - Honorable Justice M. Bilal Khan - Zafar Iqbal Chohan , Badar Munir Malik and Muhammad Rasheed A.S.-I., Police Station Saddar Gojra	LAHORE-HIGH-COURT-LAHORE",Supreme Court of Pakistan,2007-01-01,599,full_judgment,mixed,petition_allowed,851
2007_YLR_1764,2007 YLR 1764,581	2007 YLR 1764	MUHAMMAD HASSAN HAQQANI VS ELECTION TRIBUNAL GUJRANWALA,Lahore High Court,2007-01-01,1775,full_judgment,mixed,petition_allowed,3650
2007_YLR_1759,2007 YLR 1759,"578	2007 YLR 1759	GHULAM ABBAS SHAH VS State - Honorable Justice Mian Muhammad Najam-uz-Zaman - Abid Saqi , Sohail Taiq	LAHORE-HIGH-COURT-LAHORE",Supreme Court of Pakistan,2007-01-01,403,full_judgment,mixed,unknown,896
2007_YLR_1760,2007 YLR 1760,"579	2007 YLR 1760	Qazi GHULAM RASOOL VS MUHAMMAD SHAH - Honorable Justice Jawwad S. Khawaja - Muhammad Farooq Qureshi Chishti , Ch. Khurshid Ahmad,	LAHORE-HIGH-COURT-LAHORE",Lahore High Court,2007-01-01,1003,full_judgment,mixed,disposed_of,1471
2007_YLR_1770,2007 YLR 1770,"583	2007 YLR 1770	QASIM ALI VS SHER MUHAMMAD - Honorable Justice Sh. Hakim Ali - Ijaz Ahmad Ansari , Muhammad Mahmud Bhatti	LAHORE-HIGH-COURT-LAHORE",Lahore High Court,2007-01-01,2740,full_judgment,mixed,revision_dismissed,3827
2007_YLR_1762,2007 YLR 1762,"580	2007 YLR 1762	SANAULLAH VS Mst. INAYAT BIBI - Honorable Justice Syed Asghar Haider - Sardar Muhammad Ramzan , Ijaz Ahmed Khan	LAHORE-HIGH-COURT-LAHORE",Lahore High Court,2007-01-01,1170,full_judgment,mixed,revision_allowed,2725
2007_YLR_1767,2007 YLR 1767,"582	2007 YLR 1767	IBRAHIM VS State - Honorable Justice IJAZ-UL-HASSAN KHAN - Miss Farhana Marwet , Azmatullah	PESHAWAR-HIGH-COURT",Peshawar High Court,2007-01-01,1535,full_judgment,mixed,disposed_of,2433
2007_YLR_1756,2007 YLR 1756,"577	2007 YLR 1756	JAMIL AHMAD VS ABDUL REHMAN BUTT - Honorable Justice Jawwad S. Khawaja - C.M. Sarwar , Mian Iqbal Hussain Kalanauri	LAHORE-HIGH-COURT-LAHORE",Lahore High Court,2007-01-01,2012,full_judgment,mixed,revision_allowed,2208
2007_YLR_1777,2007 YLR 1777,"586	2007 YLR 1777	MANZOOR AHMAD VS State - Honorable Justice Tariq Shamim - Ch. Naveed Akhtar Bhatti , Ch. Naeem Masood	LAHORE-HIGH-COURT-LAHORE",Supreme Court of Pakistan,2007-01-01,1108,full_judgment,mixed,unknown,1899
2007_YLR_1779,2007 YLR 1779,587	2007 YLR 1779	Sh. SALEEM AHMAD VS State - Honorable Justice Mian Muhammad Najam-uz-Zaman - Raja Abdul Rehman	LAHORE-HIGH-COURT-LAHORE,Supreme Court of Pakistan,2007-01-01,776,full_judgment,mixed,unknown,1566
2007_YLR_1775,2007 YLR 1775,"584	2007 YLR 1775	MUHAMMAD ASIQ VS State - Honorable Justice Syed Shabbar Raza Rizvi - M. Aurang Zeb Daha , Rehan Yousaf	LAHORE-HIGH-COURT-LAHORE",Supreme Court of Pakistan,2007-01-01,714,full_judgment,mixed,petition_dismissed,1484
2007_YLR_1776,2007 YLR 1776,"585	2007 YLR 1776	Mrs. NAZNEEN FAROOQUI VS PROVINCE OF SINDH - Honorable Justice Sabihuddin Ahmed, C.J. and Faisal Arab - Minhaj Farooqi , Tasneem and Khurshid Hashmi	KARACHI-HIGH-COURT-SINDH",High Court of Sindh,2007-01-01,739,full_judgment,mixed,petition_allowed,938
2007_YLR_2044,2007 YLR 2044,"662	2007 YLR 2044	MUHAMMAD ASIF VS State - Honorable Justice MUHAMMAD FARRUKH MAHMUD - Anwar ul Haq Pannun along with Ch. Muhammad Abdus Saleem , Mazhar Sher Awan	LAHORE-HIGH-COURT-LAHORE",Lahore High Court,2007-01-01,4456,full_judgment,mixed,appeal_allowed,2785
2007_YLR_2064,2007 YLR 2064,"667	2007 YLR 2064	Dr. SHAKEEL QURESHI VS IMRAN - Honorable Justice Faisal Arab - Jhamat Jethanand , Muzzafar Ali Leghari	KARACHI-HIGH-COURT-SINDH",High Court of Sindh,2007-01-01,983,full_judgment,mixed,unknown,2472
2007_YLR_2055,2007 YLR 2055,"664	2007 YLR 2055	MUJAHID HUSSAIN VS State - Honorable Justice Iqbal Hameedur Rehman - Sardar Zafar Ahmad Lund , Zafar Mahmood Anjam	LAHORE-HIGH-COURT-LAHORE",Supreme Court of Pakistan,2007-01-01,1700,full_judgment,mixed,unknown,2134
2007_YLR_2065,2007 YLR 2065,"668	2007 YLR 2065	MUZAMMIL HUSSAIN VS State - Honorable Justice Tariq Shamim - A. K. Dogar , Ch. Amjad Hussain	LAHORE-HIGH-COURT-LAHORE",Supreme Court of Pakistan,2007-01-01,1187,full_judgment,mixed,petition_dismissed,1687
2007_YLR_2052,2007 YLR 2052,"663	2007 YLR 2052	MUHAMMAD AALAM SAMTIO VS SHAFQAT - Honorable Justice ALI SAIN DINO METLO - Muhammad Ismail Bhutto , Ali Nawaz Ghanghro	KARACHI-HIGH-COURT-SINDH",High Court of Sindh,2007-01-01,1687,full_judgment,mixed,appeal_dismissed,2290
2007_YLR_2059,2007 YLR 2059,"666	2007 YLR 2059	QASIM ALI VS State - Honorable Justice Tariq Shamim - Ch. Muhammad Ashraf Kamboh , Ch. Amjad Hussain	LAHORE-HIGH-COURT-LAHORE",Supreme Court of Pakistan,2007-01-01,2623,full_judgment,mixed,appeal_allowed,2891
2007_YLR_2057,2007 YLR 2057,"665	2007 YLR 2057	Haji TAHIR VS State - Honorable Justice Muhammad Afzal Soomro - Ajab Khan Khattak , Sohail Jaffar	KARACHI-HIGH-COURT-SINDH",High Court of Sindh,2007-01-01,1078,full_judgment,mixed,remanded,808
2007_YLR_505,2007 YLR 505,174	2007 YLR 505	NAVEED ISHTIAQUE VS S.S. ASSOCIATES,Supreme Court of Pakistan,2007-01-01,4619,full_judgment,mixed,unknown,4760
2007_YLR_501,2007 YLR 501,"173	2007 YLR 501	Rana MUHAMMAD ALI SHAKIR VS S.H.O., POLICE STATION, FACTORY AREA, LAHORE - Honorable Justice Khawaja Muhammad Sharif - Mian Muhammad Abbas , Naveed Ahmad Kh.	LAHORE-HIGH-COURT-LAHORE",Lahore High Court,2007-01-01,2359,full_judgment,mixed,disposed_of,4350
2007_YLR_515,2007 YLR 515,"177	2007 YLR 515	MUHAMMAD MANSHA VS State - Honorable Justice Muhammad Akhtar Shabbir - Malik Muhammad Imtiaz Mahl , Ch. M. Azeem	LAHORE-HIGH-COURT-LAHORE",Supreme Court of Pakistan,2007-01-01,624,full_judgment,mixed,petition_allowed,1230
2007_YLR_518,2007 YLR 518,"179	2007 YLR 518	TAHIR RASHID VS State - Honorable Justice Ijaz Ahmad Chaudhry - Mian Shahzad Hassan , Naeem Masood	LAHORE-HIGH-COURT-LAHORE",Lahore High Court,2007-01-01,2224,full_judgment,mixed,petition_allowed,2441
2007_YLR_525,2007 YLR 525,"181	2007 YLR 525	QADIR BUX through Attorney VS GOVERNMENT OF SINDH through Secretary Board of Revenue - Honorable Justice Ali Sain Dino Metlo - Khalil-ur-Rehman , Muhammad Qasim Mir Jat	KARACHI-HIGH-COURT-SINDH",High Court of Sindh,2007-01-01,2950,full_judgment,mixed,unknown,3320
2007_YLR_522,2007 YLR 522,"180	2007 YLR 522	MUHAMMAD ISLAM VS S.H.O., POLICE STATION FACTORY AREA, SARGODHA - Honorable Justice Tariq Shamim - Ch. Naseer Ahmed Bhutta , Akhtar Masood Khan Awais	LAHORE-HIGH-COURT-LAHORE",Lahore High Court,2007-01-01,1948,full_judgment,mixed,revision_dismissed,3182
2007_YLR_516,2007 YLR 516,"178	2007 YLR 516	MUHAMMAD ILYAS VS State - Honorable Justice Tariq Shamim - Ch. Walayat Ali , Ijaz Ahmed Bajwa	LAHORE-HIGH-COURT-LAHORE",Supreme Court of Pakistan,2007-01-01,1337,full_judgment,mixed,unknown,2430
2007_YLR_52,2007 YLR 52,"18	2007 YLR 52	Messrs YASRIB TRADERS FLOUR MILLS through Managing Partner VS MARKET COMMITTEE, SIALKOT through Administrator - Honorable Justice Jawwad S. Khawaja - Taqi Ahmad Khan , Nemo	LAHORE-HIGH-COURT-LAHORE",Lahore High Court,2007-01-01,1006,full_judgment,mixed,revision_allowed,2177
2007_YLR_513,2007 YLR 513,"175	2007 YLR 513	MUSTANSAR ALI alias NATCHA VS State - Honorable Justice Syed Shabbar Raza Rizvi - Rao Abdul Jabbar Khan , Miss Yasmin Kanwal	LAHORE-HIGH-COURT-LAHORE",Supreme Court of Pakistan,2007-01-01,592,full_judgment,mixed,unknown,1222
2007_YLR_514,2007 YLR 514,"176	2007 YLR 514	MUHAMMAD ASHRAF VS State - Honorable Justice Khawaja Muhammad Sharif - Mian Muhammad Maqsood Ahmad , Muhammad Naveed Shabbir Goraya	LAHORE-HIGH-COURT-LAHORE",Supreme Court of Pakistan,2007-01-01,292,headnote_only,mixed,petition_dismissed,724
2007_YLR_3036,2007 YLR 3036,"1007	2007 YLR 3036	AHMAD RIAZ SHEIKH VS State - Honorable Justice RUSTUM ALI MALIK - Aitzaz Ahsan , Asad Manzoor Butt	LAHORE-HIGH-COURT-LAHORE",Lahore High Court,2007-01-01,11723,full_judgment,mixed,disposed_of,3770
2007_YLR_3034,2007 YLR 3034,"1006	2007 YLR 3034	VICTOR MASIH alias CHHOOTO VS State - Honorable Justice SYED SHABBAR RAZA RIZVI - Zahid Hussain Khan , Miss Najma Parveen	LAHORE-HIGH-COURT-LAHORE",Lahore High Court,2007-01-01,1285,full_judgment,mixed,appeal_dismissed,978
2007_YLR_3030,2007 YLR 3030,"1004	2007 YLR 3030	Mst. SAFIA BEGUM VS MUHAMMAD AJMAL - Honorable Justice Sardar Muhammad Aslam - Ch. Nazar Hussain , Muhammad Farooq Qureshi Chishti	LAHORE-HIGH-COURT-LAHORE",Lahore High Court,2007-01-01,1687,full_judgment,mixed,appeal_allowed,2570
2007_YLR_3033,2007 YLR 3033,"1005	2007 YLR 3033	MUHAMMAD ANWAR VS State - Honorable Justice Mian Muhammad Najam-uz-Zaman - Zahid Hussain Khan , M. Akbar Tarar	LAHORE-HIGH-COURT-LAHORE",Lahore High Court,2007-01-01,505,full_judgment,mixed,revision_dismissed,1176
2007_YLR_2717,2007 YLR 2717,"873	2007 YLR 2717	Mian MAQBOOL AHMAD VS Malik MUHAMMAD IJAZ - Hafiz Khalil Ahmad , Muhammad Irfan Malik	LAHORE-HIGH-COURT-LAHORE",Lahore High Court,2007-01-01,1349,full_judgment,mixed,appeal_allowed,1786
2007_YLR_273,2007 YLR 273,"83	2007 YLR 273	HAMZO VS State - Honorable Justice Rahmat Hussain Jafferi - Appellant in person. , M. Mehmood Khan S. Yousifi	KARACHI-HIGH-COURT-SINDH",High Court of Sindh,2007-01-01,1453,full_judgment,mixed,appeal_allowed,1453
2007_YLR_272,2007 YLR 272,"82	2007 YLR 272	Syed UMAIR AKHTAR VS LESCO - Honorable Justice Syed Zahid Hussain - Muhammad Irfan Sheikh , Umer Sharif with Muhammad Zubair	LAHORE-HIGH-COURT-LAHORE",Supreme Court of Pakistan,2007-01-01,388,full_judgment,mixed,petition_dismissed,1351
2007_YLR_2731,2007 YLR 2731,879	2007 YLR 2731	AMJAD VS State - Honorable Justice Khawaja Muhammad Sharif - Ch. Saeed Ashraf Warraich	LAHORE-HIGH-COURT-LAHORE,Lahore High Court,2007-01-01,2310,full_judgment,mixed,appeal_allowed,2689
2007_YLR_2724,2007 YLR 2724,"877	2007 YLR 2724	MAQSOOD-UR-REHMAN VS ABDUL MANAN - Honorable Justice Hamid Farooq Durrani - Sultan Ahmad Jamshaid , Malid Masood-ur-Rehman Awan	PESHAWAR-HIGH-COURT",Peshawar High Court,2007-01-01,2885,full_judgment,mixed,unknown,4970
2007_YLR_2729,2007 YLR 2729,"878	2007 YLR 2729	MUHAMMAD SAFDAR VS Mirza EHSAN ULLAH BAIL - Honorable Justice Muhammad Khalid Alvi - Malik Amjad Pervaiz , M. Farooq Qureshi Chishti	LAHORE-HIGH-COURT-LAHORE",Lahore High Court,2007-01-01,1074,full_judgment,mixed,appeal_dismissed,1414
2007_YLR_2721,2007 YLR 2721,"875	2007 YLR 2721	SOHAIL HAMEED BUTT VS NAEEM AHMED RANA - Honorable Justice Muhammad Akhtar Shabbir - A.W. Butt , Muhammad Saleem Chaudhry	LAHORE-HIGH-COURT-LAHORE",Lahore High Court,2007-01-01,1382,full_judgment,mixed,appeal_dismissed,2877
2007_YLR_2742,2007 YLR 2742,"882	2007 YLR 2742	SADIA MUHAMMAD ZAHOOR VS AUN SAJEED HASHMI - Honorable Justice Munib Ahmed Khan - Khawaja Shamsul Islam , Abid S. Zuberi	KARACHI-HIGH-COURT-SINDH",High Court of Sindh,2007-01-01,2593,full_judgment,mixed,unknown,2182
2007_YLR_2720,2007 YLR 2720,874	2007 YLR 2720	SHERAZ QAMAR alias TIPU VS State - Honorable Justice Khawaja Muhammad Sharif - M.A. Zafar	LAHORE-HIGH-COURT-LAHORE,Supreme Court of Pakistan,2007-01-01,466,full_judgment,mixed,petition_allowed,895
2007_YLR_470,2007 YLR 470,"164	2007 YLR 470	MUHAMMAD PANJAL VS State - Honorable Justice Rahmat Hussain Jafferi - Imadad Ali Awan , Habibur Rehman Shaikh	KARACHI-HIGH-COURT-SINDH",High Court of Sindh,2007-01-01,1381,full_judgment,mixed,appeal_allowed,903
2007_YLR_467,2007 YLR 467,"162	2007 YLR 467	MUMTAZ VS State - Honorable Justice Rahmat Hussain Jafferi - Zulfiqar Ali Solangi , Habib-ur-Rahman Shaikh	KARACHI-HIGH-COURT-SINDH",High Court of Sindh,2007-01-01,537,full_judgment,mixed,appeal_allowed,961
2007_YLR_45,2007 YLR 45,17	2007 YLR 45	MUHAMMAD ABBAS VS State - Honorable Justice MIAN MUHAMMAD NAJUM,Lahore High Court,2007-01-01,4167,full_judgment,mixed,unknown,3723
2007_YLR_474,2007 YLR 474,"166	2007 YLR 474	GULZAR AHMAD VS State - Honorable Justice MUHAMMAD FARRUKH MAHMUD - Mian Muhammad Bashir , Ms. Tasneem Amin",Lahore High Court,2007-01-01,2236,full_judgment,mixed,appeal_dismissed,2638
2007_YLR_472,2007 YLR 472,"165	2007 YLR 472	MUHAMMAD JAHANGIR HAFEEZ VS B.Z.U., MULTAN through Vice-Chancellor - Honorable Justice Maulvi Anwarul Haq - Muhammad Amir Bhatti , M. Tariq Rajwana	LAHORE-HIGH-COURT-LAHORE",Lahore High Court,2007-01-01,1080,full_judgment,mixed,disposed_of,2294
2007_YLR_468,2007 YLR 468,"163	2007 YLR 468	SHABBIR AHMAD ALVI VS Haji ABDUL MAJEED - Honorable Justice Muhammad Khalid Alvi and Maulvi Anwarul Haq - Mubashir Hussain Gillani , Abid Hussain Bhutta	LAHORE-HIGH-COURT-LAHORE",Lahore High Court,2007-01-01,833,full_judgment,mixed,appeal_dismissed,1173
2007_YLR_459,2007 YLR 459,"158	2007 YLR 459	Syed MOHIB SHAH VS State - Honorable Justice Rahmat Hussain Jafferi - Abdul Ghafoor Mirani , Muhammad Mahmood Khan Yousifi	KARACHI-HIGH-COURT-SINDH",High Court of Sindh,2007-01-01,1285,full_judgment,mixed,appeal_dismissed,1486
2007_YLR_465,2007 YLR 465,"161	2007 YLR 465	NOOR ELAHI VS S.H.O., POLICE STATION, LAYYAH - Honorable Justice Muhammad Akhtar Shabbir - Rafiq Ahmad Malik , Malik Qasim Khan, A.A.-G.	LAHORE-HIGH-COURT-LAHORE",Lahore High Court,2007-01-01,1463,full_judgment,mixed,unknown,2522
2007_YLR_461,2007 YLR 461,159	2007 YLR 461	MUHAMMAD AFZAL VS ELECTION TRIBUNAL,Lahore High Court,2007-01-01,1628,full_judgment,mixed,disposed_of,1530
2007_YLR_478,2007 YLR 478,"167	2007 YLR 478	BASHIR AHMAD VS State - Honorable Justice MUHAMMAD FARRUKH MAHMUD - Syed Mazahar Ali Akbar Naqvi , Ms. Sarwat Nawaz",Lahore High Court,2007-01-01,3336,full_judgment,mixed,appeal_allowed,1554
2007_YLR_464,2007 YLR 464,"160	2007 YLR 464	Messrs BUILDING STORE, through Proprietor VS MUHAMMAD HANIF - Honorable Justice Munib Ahmad Khan - Mumtaz Ahmed Shaikh and Zamiruddin , Mansoor-ul-Arfin	KARACHI-HIGH-COURT-SINDH",High Court of Sindh,2007-01-01,230,headnote_only,mixed,disposed_of,687
2007_YLR_456,2007 YLR 456,"157	2007 YLR 456	ROMAN ALI alias ALI VS State - Honorable Justice Said Maroof Khan - Gohar Zaman Khan Kundi , D.A.-G.	PESHAWAR-HIGH-COURT",Peshawar High Court,2007-01-01,1493,full_judgment,mixed,appeal_allowed,2343
2007_YLR_3063,2007 YLR 3063,1011	2007 YLR 3063	M. TAHIR VS State - Honorable Justice Syed Zawwar Hussain Jaffery - Faiz H. Shah	KARACHI-HIGH-COURT-SINDH,High Court of Sindh,2007-01-01,2998,full_judgment,mixed,appeal_allowed,1382
2007_YLR_3060,2007 YLR 3060,"1009	2007 YLR 3060	YOUNIS VS State - Honorable Justice M.A. SHAHID SIDDIQUI - Ahmed Raza , Malik Naseer Ahmed Thaheem	LAHORE-HIGH-COURT-LAHORE",Supreme Court of Pakistan,2007-01-01,1036,full_judgment,mixed,disposed_of,1569
2007_YLR_3078,2007 YLR 3078,"1019	2007 YLR 3078	KHIZAR HAYAT VS ALI MUHAMMAD - Honorable Justice Jawwad S. Khawaja - Ch. M. Lehrasab Khan Gondal , Syed Muhammad Shah	LAHORE-HIGH-COURT-LAHORE",Lahore High Court,2007-01-01,846,full_judgment,mixed,revision_allowed,1474
2007_YLR_3067,2007 YLR 3067,"1012	2007 YLR 3067	MUHAMMAD YOUSAF VS SULTAN MUHAMMAD through legal heirs - Honorable Justice Maulvi Anwarul Haq - Hafiz Muhammad Yousaf , Allah Wasaya Malik	LAHORE-HIGH-COURT-LAHORE",Lahore High Court,2007-01-01,842,full_judgment,mixed,revision_dismissed,1414
2007_YLR_3055,2007 YLR 3055,"1008	2007 YLR 3055	SHAUKAT KHAN VS State - Honorable Justice MUHAMMAD AFZAL SOOMRO - Muhammad Iqbal , Habib Ahmed	KARACHI-HIGH-COURT-SINDH",High Court of Sindh,2007-01-01,2950,full_judgment,mixed,unknown,1252
2007_YLR_3076,2007 YLR 3076,"1017	2007 YLR 3076	FAYYAZ VS State - Honorable Justice M. Bilal Khan - Zahid Hussain Khan , Ms. Naseem Noor	LAHORE-HIGH-COURT-LAHORE",Supreme Court of Pakistan,2007-01-01,730,full_judgment,mixed,petition_allowed,1161
2007_YLR_3062,2007 YLR 3062,"1010	2007 YLR 3062	MUHAMMAD BASHIR VS State - Honorable Justice Khawaja Muhammad Sharif - Fayyaz Ahmad Mehr , Abdul Haq	LAHORE-HIGH-COURT-LAHORE",Supreme Court of Pakistan,2007-01-01,469,full_judgment,mixed,petition_allowed,780
2007_YLR_3069,2007 YLR 3069,"1013	2007 YLR 3069	ALI AKBAR VS State - Honorable Justice Sh. Javaid Sarfraz - Aftab Ahmad Bajwa , Naeem Tariq Sanghera	LAHORE-HIGH-COURT-LAHORE",Supreme Court of Pakistan,2007-01-01,581,full_judgment,mixed,unknown,1465
2007_YLR_3070,2007 YLR 3070,"1014	2007 YLR 3070	FEROZE NOOR ALI VEERANI VS CITY DISTRICT GOVERNMENT - Honorable Justice SABIHUDDIN AHMED - G.M. Qureshi and Jhamat Jethanand , Manzoor Ahmed and Umer Qureshi	KARACHI-HIGH-COURT-SINDH",Supreme Court of Pakistan,2007-01-01,420,full_judgment,mixed,unknown,1541
2007_YLR_3073,2007 YLR 3073,"1016	2007 YLR 3073	RUSTAM ALI VS State - Honorable Justice Muhammad Afzal Soomro - Khawaja Naveed Ahmed , Haji Abdul Majeed	KARACHI-HIGH-COURT-SINDH",High Court of Sindh,2007-01-01,1931,full_judgment,mixed,disposed_of,1423
2007_YLR_3071,2007 YLR 3071,"1015	2007 YLR 3071	KHALID MEHMOOD VS State - Honorable Justice Asif Saeed Khan Khosa - M.A. Zafar , Abdul Wajid Malik	LAHORE-HIGH-COURT-LAHORE",Supreme Court of Pakistan,2007-01-01,948,full_judgment,mixed,unknown,1710
2007_YLR_3077,2007 YLR 3077,"1018	2007 YLR 3077	FAQIR NAZEER AHMED VS PROVINCE OF SINDH through Secretary, Local Government, Karachi - Honorable Justice Gulzar Ahmed and Sajjad Ali Shah - Abdul Fattah Malik , Syed Zaheer Hussan	KARACHI-HIGH-COURT-SINDH",High Court of Sindh,2007-01-01,557,full_judgment,mixed,disposed_of,1925
2007_YLR_2938,2007 YLR 2938,"966	2007 YLR 2938	MUHAMMAD SHARIF VS P. C. P. Ts. - Honorable Justice Jawwad S. Khawaja - M. A. Ghaffar-ul-Haq , Ch. Muhammad Nawaz Bajwa	LAHORE-HIGH-COURT-LAHORE",Lahore High Court,2007-01-01,1337,full_judgment,mixed,revision_dismissed,1684
2007_YLR_2926,2007 YLR 2926,"962	2007 YLR 2926	IRFAN BASHIR VS State - Honorable Justice TANVIR BASHIR ANSARI - Shaukat Rafiq Bajwa , Ch. Nazir Ahmed	LAHORE-HIGH-COURT-LAHORE",Lahore High Court,2007-01-01,2734,full_judgment,mixed,unknown,2150
2007_YLR_2933,2007 YLR 2933,"964	2007 YLR 2933	HAJAT MANSHA VS State - Honorable Justice Mrs. Qaiser Iqbal - R.K. Kohistani , Ms. Afsheen Aman	KARACHI-HIGH-COURT-SINDH",High Court of Sindh,2007-01-01,2400,full_judgment,mixed,appeal_allowed,3219
2007_YLR_2921,2007 YLR 2921,"960	2007 YLR 2921	GHULAM SHABBIR VS DILSHAD ALI - Honorable Justice Jawwad S. Khawaja - Zahid Hussain Khan , Hafiz Khalil Ahmad	LAHORE-HIGH-COURT-LAHORE",Lahore High Court,2007-01-01,1512,full_judgment,mixed,remanded,1956
2007_YLR_2919,2007 YLR 2919,"959	2007 YLR 2919	FOZIA PERVEEN VS JUDICIAL MAGISTRATE SECTION 30, KHUSHAB - Honorable Justice Syed Sajjad Hussain Shah - Fayyaz Ahmad Mehr , Hashim Sabir Raja	LAHORE-HIGH-COURT-LAHORE",Lahore High Court,2007-01-01,701,full_judgment,mixed,petition_allowed,1770
2007_YLR_2918,2007 YLR 2918,"958	2007 YLR 2918	ABDUL HAQUE VS State - Honorable Justice Khawaja Muhammad Sharif - Ch. Shaukat Hayat Gondal , M.A. Zafar	LAHORE-HIGH-COURT-LAHORE",Supreme Court of Pakistan,2007-01-01,623,full_judgment,mixed,petition_allowed,1334
2007_YLR_2916,2007 YLR 2916,"957	2007 YLR 2916	Mst. FAIZ BIBI VS LAHORE DEVELOPMENT AUTHORITY through Director-General - Honorable Justice Syed Hamid Ali Shah - Waqar Anjum , Mian Qamar-uz-Zaman	LAHORE-HIGH-COURT-LAHORE",Lahore High Court,2007-01-01,1465,full_judgment,mixed,disposed_of,1724
2007_YLR_2931,2007 YLR 2931,"963	2007 YLR 2931	Messrs EKON YAPI ONARIM TICARET VE SANAYI LTD. Through Managing Director VS Messrs SEZAI TURKES FEYZI AKKAYA CONSTRUCTION COMPANY - Honorable Justice Muhammad Muzammal Khan - Omer Farouk Adam , Babas Bilal and Tariq Bilal	LAHORE-HIG",Lahore High Court,2007-01-01,1286,full_judgment,mixed,unknown,2231
2007_YLR_2914,2007 YLR 2914,"955	2007 YLR 2914	ZAFAR IQBAL alias GADRI VS State - Honorable Justice Iqbal Hameedur Rahman - Rana Khalid Mahmood , Zia Mohy-ud-Din	LAHORE-HIGH-COURT-LAHORE",Supreme Court of Pakistan,2007-01-01,267,headnote_only,mixed,unknown,721
2007_YLR_2915,2007 YLR 2915,"956	2007 YLR 2915	GHULAM HUSSAIN VS State - Honorable Justice Muhammad Jehangir Arshad - Abdur Rasheed Rashid , Ch. Abdul Ghani	LAHORE-HIGH-COURT-LAHORE",Supreme Court of Pakistan,2007-01-01,458,full_judgment,mixed,disposed_of,874
2007_YLR_2924,2007 YLR 2924,"961	2007 YLR 2924	Messrs SHAMIM AKHTAR VS MUHAMMAD DIN - Honorable Justice Farrukh Lateef - Muhammad Ramzan Khalid Joya and Muhammad Siddique Kamiana , Nemo	LAHORE-HIGH-COURT-LAHORE",Lahore High Court,2007-01-01,1670,full_judgment,mixed,disposed_of,2392
2007_YLR_2937,2007 YLR 2937,"965	2007 YLR 2937	KHURRUM SHAHZAD VS State - Honorable Justice Asif Saeed Khan Khosa - Ch. Muhammad Shoaib Khokhar , Miss Ezat Nageen	LAHORE-HIGH-COURT-LAHORE",Supreme Court of Pakistan,2007-01-01,343,full_judgment,mixed,unknown,792
2007_YLR_493,2007 YLR 493,"172	2007 YLR 493	MUHAMMAD ASHRAF VS State - Honorable Justice MUHAMMAD FARRUKH MAHMUD - Rana Muhammad Arshad Khan , Ashfaq Ahmad Chaudhry",Supreme Court of Pakistan,2007-01-01,5473,full_judgment,mixed,unknown,5459
2007_YLR_488,2007 YLR 488,"170	2007 YLR 488	MUHAMMAD SALEEM VS State - Honorable Justice Tariq Shamim - Naveed Inayat Malik , Sh. Asghar Ali	LAHORE-HIGH-COURT-LAHORE",Supreme Court of Pakistan,2007-01-01,972,full_judgment,mixed,petition_allowed,1712
2007_YLR_484,2007 YLR 484,"169	2007 YLR 484	SHAHID ZAFAR VS State - Honorable Justice Muhammad Akhtar Shabbir - Salim A. Rehman , Ms. Shamim Chaudhry	LAHORE-HIGH-COURT-LAHORE",Supreme Court of Pakistan,2007-01-01,2119,full_judgment,mixed,unknown,2762
2007_YLR_489,2007 YLR 489,"171	2007 YLR 489	FAYYAZ AHMAD VS State - Honorable Justice Khawaja Muhammad Sharif - Syed Zahid Hussain Bokhari and Khalid Parveen , Ch. Imtiaz Ahmad	LAHORE-HIGH-COURT-LAHORE",Supreme Court of Pakistan,2007-01-01,1918,full_judgment,mixed,disposed_of,2648
2007_YLR_483,2007 YLR 483,"168	2007 YLR 483	MUHAMMAD ASLAM VS State - Honorable Justice Khawaja Muhammad Sharif - Imran Asmat Ch. , Malik Sultan Ahmad	LAHORE-HIGH-COURT-LAHORE",Supreme Court of Pakistan,2007-01-01,592,full_judgment,mixed,petition_allowed,912
2007_YLR_448,2007 YLR 448,"155	2007 YLR 448	HABIB ULLAH VS State - Honorable Justice Said Maroof Khan - Abdul Latif Khan Baloch , Ch. Muhammad Sharif	PESHAWAR-HIGH-COURT",Peshawar High Court,2007-01-01,2980,full_judgment,mixed,appeal_dismissed,3267
2007_YLR_434,2007 YLR 434,"151	2007 YLR 434	ISHTIAQ HUSSAIN alias SHAKI VS State - Honorable Justice MUHAMMAD FARRUKH MAHMUD - Abdul Nasir Jasra , Ashfaq Ahmad Chaudhry",Lahore High Court,2007-01-01,4319,full_judgment,mixed,appeal_allowed,3595
2007_YLR_445,2007 YLR 445,"154	2007 YLR 445	MUHAMMAD ASLAM VS ZAHID HUSSAIN BUTT - Honorable Justice M. Bilal Khan - Mrs. Shaista Kaisar , Zahid Hussain Butt and Mushtaq Ahmad Qureshi	LAHORE-HIGH-COURT-LAHORE",Supreme Court of Pakistan,2007-01-01,1479,full_judgment,mixed,petition_allowed,1532
2007_YLR_453,2007 YLR 453,"156	2007 YLR 453	MUHAMMAD BASHIR VS State - Honorable Justice KHAWAJA MUHAMMAD SHARIF - Nemo , Syed Hasnain Kazmi	LAHORE-HIGH-COURT-LAHORE",Lahore High Court,2007-01-01,2250,full_judgment,mixed,appeal_dismissed,2577
2007_YLR_444,2007 YLR 444,"153	2007 YLR 444	HAQ NAWAZ VS State - Honorable Justice Salim Khan - Malik Khalid Mahmood , Waliullah Khokar and Khalid Rehman Qureshi	PESHAWAR-HIGH-COURT",Peshawar High Court,2007-01-01,1000,full_judgment,mixed,disposed_of,1261
2007_YLR_43,2007 YLR 43,"16	2007 YLR 43	JAVAID VS Sheikh MUHAMMAD SHAKIL - Honorable Justice Muhammad Sayeed Akhtar - Hafiz Khalil Ahmad , Mukhtar Abbas	LAHORE-HIGH-COURT-LAHORE",Lahore High Court,2007-01-01,1017,full_judgment,mixed,petition_allowed,1710
2007_YLR_425,2007 YLR 425,149	2007 YLR 425	KAMAL AHMED VS Messrs RAZI CONSTRUCTION COMPANY through Managing Director,High Court of Sindh,2007-01-01,4033,full_judgment,mixed,unknown,2706
2007_YLR_420,2007 YLR 420,147	2007 YLR 420	MUHAMMAD SALEEM VS Messrs SYMPHONY,High Court of Sindh,2007-01-01,2546,full_judgment,mixed,petition_dismissed,3630
2007_YLR_408,2007 YLR 408,"143	2007 YLR 408	MUHAMMAD ANWAR ALI VS State - Honorable Justice Khawaja Muhammad Sharif - Khawaja Fahim Ijaz , Muhammad Imran Yousaf Gondal	LAHORE-HIGH-COURT-LAHORE",Supreme Court of Pakistan,2007-01-01,861,full_judgment,mixed,petition_allowed,1585
2007_YLR_41,2007 YLR 41,"15	2007 YLR 41	Mst. NUSRAT BIBI VS MUHAMMAD ASHRAF MEHR - Honorable Justice Jawwad S. Khawaja - Abdul Wahid Ch. , Nemo	LAHORE-HIGH-COURT-LAHORE",Lahore High Court,2007-01-01,1120,full_judgment,mixed,petition_allowed,1478
2007_YLR_413,2007 YLR 413,"146	2007 YLR 413	RIAZ AHMAD VS State - Honorable Justice MUHAMMAD FARRUKH MAHMUD - Ch. Nazeer Ahmad , Ms. Siddiqua Altaf Khan",Lahore High Court,2007-01-01,4595,full_judgment,mixed,appeal_allowed,3584
2007_YLR_403,2007 YLR 403,"140	2007 YLR 403	ABDUL REHMAN VS State - Honorable Justice Ijaz Ahmad Chaudhry - Nemo , Muhammad Naveed Shabbir Goraya for the State along with Muhammad Younas	LAHORE-HIGH-COURT-LAHORE",Supreme Court of Pakistan,2007-01-01,527,full_judgment,mixed,petition_allowed,757
2007_YLR_404,2007 YLR 404,"141	2007 YLR 404	MUNAWAR HUSSAIN VS State - Honorable Justice Tariq Shamim - Zia-ur-Rehman Chaudhary , Sardar Farooq Khan	LAHORE-HIGH-COURT-LAHORE",Supreme Court of Pakistan,2007-01-01,995,full_judgment,mixed,petition_allowed,1853
2007_YLR_406,2007 YLR 406,"142	2007 YLR 406	LIAQAT ALI VS State - Honorable Justice M. Bilal Khan - Ch. Mubashir Nisar Khan , Sohail Tariq	LAHORE-HIGH-COURT-LAHORE",Supreme Court of Pakistan,2007-01-01,967,full_judgment,mixed,unknown,1930
2007_YLR_402,2007 YLR 402,"139	2007 YLR 402	Mst. NASIM AKTHAR VS IQBAL AHMED CHAUDHARI - Honorable Justice Muhammad Muzammal Khan and Syed Sajjad Hussain Shah - Muhammad Siddique Awan , Respondent No.1 in person.	LAHORE-HIGH-COURT-LAHORE",Supreme Court of Pakistan,2007-01-01,590,full_judgment,mixed,appeal_dismissed,1268
2007_YLR_424,2007 YLR 424,"148	2007 YLR 424	QASID ABBAS VS State - Honorable Justice M. A. Shahid Siddiqui - Malik Muhammad Imtiaz Mahl , Muhammad Sharif Cheema	LAHORE-HIGH-COURT-LAHORE",Supreme Court of Pakistan,2007-01-01,447,full_judgment,mixed,unknown,806
2007_YLR_657,2007 YLR 657,"208	2007 YLR 657	HANIF KHAN VS State - Honorable Justice IJAZ-UL-HASSAN KHAN - Sanaullah Khan Gandapur , Ch. Muhammad Sharif	PESHAWAR-HIGH-COURT",Peshawar High Court,2007-01-01,3097,full_judgment,mixed,unknown,3582
2007_YLR_662,2007 YLR 662,"209	2007 YLR 662	MUHAMMAD ASHRAF VS State - Honorable Justice MUHAMMAD FARRUKH MAHMUD - Syed Ijaz Qutab , Ch. Nazir Ahmad	LAHORE-HIGH-COURT-LAHORE",Lahore High Court,2007-01-01,2550,full_judgment,mixed,unknown,2251
2007_YLR_650,2007 YLR 650,"206	2007 YLR 650	NOOR ALI KHAN VS State - Honorable Justice Said Maroof Khan - Sanaullah Khan Gandapur , Muhammad Sharif Chaudhry	PESHAWAR-HIGH-COURT",Peshawar High Court,2007-01-01,2565,full_judgment,mixed,appeal_dismissed,1938
2007_YLR_646,2007 YLR 646,"204	2007 YLR 646	MUHAMMAD ARSLAN VS State - Honorable Justice Asif Saeed Khan Khosa - Nadeem Shibli , Faisal Ali Qazi	LAHORE-HIGH-COURT-LAHORE",Lahore High Court,2007-01-01,1070,full_judgment,mixed,unknown,2500
2007_YLR_65,2007 YLR 65,"22	2007 YLR 65	MUHAMMAD SARWAR VS ABDUL GHAFOOR - Honorable Justice Jawwad S. Khawaja - Syed Mushtaq Ahmad Zaidi , Muhammad Mudassar Bodla	LAHORE-HIGH-COURT-LAHORE",Lahore High Court,2007-01-01,585,full_judgment,mixed,appeal_allowed,1319
2007_YLR_66,2007 YLR 66,"23	2007 YLR 66	SUI NOTHERN GAS PIPELINES LIMITED through Deputy Chief Law Officer VS HABIB-UR-REHMAN HASHMI - Honorable Justice Syed Zahid Hussain - Muhammad Sharif , Rao Tajammul Abbas	LAHORE-HIGH-COURT-LAHORE",Lahore High Court,2007-01-01,979,full_judgment,mixed,appeal_dismissed,1143
2007_YLR_666,2007 YLR 666,"210	2007 YLR 666	ALLAH RAKHA VS State - Honorable Justice MUHAMMAD FARRUKH MAHMUD - Ch. Muhammad Nazir Ahmad , Ashfaq Ahmad Chaudhry for the State",Lahore High Court,2007-01-01,2355,full_judgment,mixed,unknown,1784
2007_YLR_647,2007 YLR 647,"TEHSIL COUNCIL, NAUSHERA VIRKAN, DISTRICT GUJRANWALA through Nazim VS Mst. ZUBAIDA BEGUM - Honorable Justice Maulvi Anwarul Haq - Dr. M. Mohyuddin Qazi , Zafar Iqbal Chohan	LAHORE-HIGH-COURT-LAHORE",Lahore High Court,2007-01-01,1640,full_judgment,mixed,unknown,2775
2007_YLR_654,2007 YLR 654,"207	2007 YLR 654	MUHAMMAD IQBAL VS State - Honorable Justice KHAWAJA MUHAMMAD SHARIF - M.A. Zafar , Malik M. Suleman Awan	LAHORE-HIGH-COURT-LAHORE",Lahore High Court,2007-01-01,1476,full_judgment,mixed,unknown,1601
2007_YLR_568,2007 YLR 568,"LTD. VS PROVINCE OF SINDH - Honorable Justice SAJJAD ALI SHAH - Abrar Hasan, Muhammad Salam Mangrio and Mushtaq Ahmed Memon , Muhammad Jamil	KARACHI-HIGH-COURT-SINDH",High Court of Sindh,2007-01-01,4695,full_judgment,mixed,petition_dismissed,2856
2007_YLR_557,2007 YLR 557,"190	2007 YLR 557	MENGHO VS State - Honorable Justice Munib Ahmed Khan - Allah Bachayo Soomro , Mashooque Ali Samoo	KARACHI-HIGH-COURT-SINDH",High Court of Sindh,2007-01-01,2088,full_judgment,mixed,unknown,1418
2007_YLR_576,2007 YLR 576,"194	2007 YLR 576	Begum SALMA AHMED VS State - Honorable Justice RAHMAT HUSSAIN JAFFERI - Farooq H. Naik , Shafat Nabi Sherwani	KARACHI-HIGH-COURT-SINDH",High Court of Sindh,2007-01-01,2937,full_judgment,mixed,petition_dismissed,2716
2007_YLR_556,2007 YLR 556,189	2007 YLR 556	GHULAM ABBAS VS State - Honorable Justice Faisal Arab - Muhammad Ayaz Soomro	KARACHI-HIGH-COURT-SINDH,Supreme Court of Pakistan,2007-01-01,424,full_judgment,mixed,unknown,880
2007_YLR_562,2007 YLR 562,"192	2007 YLR 562	ALI ASHGAR ABBASI VS State - Honorable Justice RAHMAT HUSSAIN JAFFERI - Azizullah A. Shaikh , Shafat Nabi Sherwani	KARACHI-HIGH-COURT-SINDH",High Court of Sindh,2007-01-01,3865,full_judgment,mixed,unknown,1688
2007_YLR_550,2007 YLR 550,"187	2007 YLR 550	NOOR QADIR TAWAKKAL VS CHAIRMAN NATIONAL ACCOUNTABILITY BUREAU, ISLAMABAD - Honorable Justice Azizullah M. Memon and Ghulam Rabbani - Shahab Sarki , Shafaat Nabi K. Sherwani	KARACHI-HIGH-COURT-SINDH",High Court of Sindh,2007-01-01,2197,full_judgment,mixed,unknown,1752
2007_YLR_554,2007 YLR 554,"188	2007 YLR 554	RAEES alias PINJO KHAN VS State - Honorable Justice Sajjad Ali Shah - Muhammad Ayaz Soomro , Zahid Hussain Chandio	KARACHI-HIGH-COURT-SINDH",High Court of Sindh,2007-01-01,1213,full_judgment,mixed,unknown,1208
2007_YLR_560,2007 YLR 560,"191	2007 YLR 560	RAUF B. KADRI VS FEDERATION OF PAKISTAN - Honorable Justice Ghulam Rabbani and Azizullah M. Memon - Raja Qureshi , Shafaat Nabi, K. Sherwani, DPG NAB and Nadeem Azhar	KARACHI-HIGH-COURT-SINDH",High Court of Sindh,2007-01-01,1024,full_judgment,mixed,disposed_of,1297
2007_YLR_2675,2007 YLR 2675,"862	2007 YLR 2675	MUHAMMAD JAFAR VS Haji ZAKRTA BALUCH - Honorable Justice Muhammad Sair Ali - Muhammad Hussain Awan , Mian Mehmood Ahmad	LAHORE-HIGH-COURT-LAHORE",Supreme Court of Pakistan,2007-01-01,4517,full_judgment,mixed,revision_allowed,3576
2007_YLR_2664,2007 YLR 2664,858	2007 YLR 2664	MUHAMMAD RAFIQUE VS State - Honorable Justice Hasnat Ahmad Khan - Syed Shahbaz Ali Rizvi	LAHORE-HIGH-COURT-LAHORE,Supreme Court of Pakistan,2007-01-01,1356,full_judgment,mixed,unknown,2275
2007_YLR_2658,2007 YLR 2658,"855	2007 YLR 2658	GHULAM HAIDER VS NAEEM ABBAS, RENT CONTROLLER, LAHORE - Honorable Justice Mian Hamid Farooq - Abdul Latif , Tanveer Akhtar	LAHORE-HIGH-COURT-LAHORE",Lahore High Court,2007-01-01,1435,full_judgment,mixed,unknown,2887
2007_YLR_2666,2007 YLR 2666,859	2007 YLR 2666	LAHORE DEVELOPMENT AUTHORITY VS Mst. AMINA DURRANI - Honorable Justice Sardar Muhammad Aslam - Magbool Elahi Malik and Ch,Lahore High Court,2007-01-01,2035,full_judgment,mixed,unknown,3226
2007_YLR_2660,2007 YLR 2660,856	2007 YLR 2660	MUHAMMAD SHAHID VS State - Honorable Justice M. Bilal Khan - Syed Hassam Qadir Shah	LAHORE-HIGH-COURT-LAHORE,Supreme Court of Pakistan,2007-01-01,1041,full_judgment,mixed,petition_allowed,1682
2007_YLR_2672,2007 YLR 2672,"LTD. VS M. B. ABBASI - Honorable Justice Amir Hani Muslim - Miss Shazia Tasleem , Rizwan H. Nadeem	KARACHI-HIGH-COURT-SINDH",High Court of Sindh,2007-01-01,1935,full_judgment,mixed,unknown,3350
2007_YLR_2670,2007 YLR 2670,860	2007 YLR 2670	MUHAMMAD SARFRAZ alias RIAZ VS State - Honorable Justice Sh. Javaid Sarfraz - Nemo	LAHORE-HIGH-COURT-LAHORE,Supreme Court of Pakistan,2007-01-01,878,full_judgment,mixed,unknown,1436
2007_YLR_2662,2007 YLR 2662,"857	2007 YLR 2662	Mst. AZRA PARVEEN VS MUHAMMAD YOUSAF - Honorable Justice Jawwad S. Khawaja - Ch. Tanveer Ahmad Hanjra , Malik Munsif Awan	LAHORE-HIGH-COURT-LAHORE",Lahore High Court,2007-01-01,1085,full_judgment,mixed,revision_allowed,2444
2007_YLR_3172,2007 YLR 3172,"1061	2007 YLR 3172	MUHAMMAD SALEH LAKHO VS HAJI - Honorable Justice S. A. SARWANA - Muhammad Idrees Naqshbandi , Mansoorul Haq Ansari	KARACHI-HIGH-COURT-SINDH",High Court of Sindh,2007-01-01,5275,full_judgment,mixed,unknown,3496
2007_YLR_3165,2007 YLR 3165,"1058	2007 YLR 3165	QAISAR VS State - Honorable Justice Mian Muhammad Najam-uz-Zaman - M. S. Shad , Mian Muhammad Asghar	LAHORE-HIGH-COURT-LAHORE",Lahore High Court,2007-01-01,2386,full_judgment,mixed,unknown,3239
2007_YLR_3187,2007 YLR 3187,"1065	2007 YLR 3187	KHUDA BAKHSH alias MANJOO VS ABDUL REHMAN - Honorable Justice Ijaz Ahmad Chaudhry - Altaf Ibrahim Qureshi , Muhammad Arif Alvi	LAHORE-HIGH-COURT-LAHORE",Lahore High Court,2007-01-01,1384,full_judgment,mixed,revision_allowed,2420
2007_YLR_3182,2007 YLR 3182,"1063	2007 YLR 3182	ALLAH DITTA VS RIAZ HUSSAIN SHAH - Honorable Justice Muhammad Muzammal Khan - Khalid Ikram Khatan , Mian M. Nawaz	LAHORE-HIGH-COURT-LAHORE",Lahore High Court,2007-01-01,1673,full_judgment,mixed,revision_allowed,1640
2007_YLR_3189,2007 YLR 3189,"1066	2007 YLR 3189	MUHAMMAD ASHIQ VS State - Honorable Justice TANVIR BASHIR ANSARI - Naseer Ahmad Bhatta , Muhammad Iftikhar	LAHORE-HIGH-COURT-LAHORE",Lahore High Court,2007-01-01,1230,full_judgment,mixed,unknown,1637
2007_YLR_3169,2007 YLR 3169,"1059	2007 YLR 3169	MUHAMMAD HUSSAIN VS State - Honorable Justice Muhammad Jehangir Arshad - Sardar Muhammad Shehzad Khan , Pervaiz Qamar Butt	LAHORE-HIGH-COURT-LAHORE",Supreme Court of Pakistan,2007-01-01,821,full_judgment,mixed,unknown,1512
2007_YLR_3185,2007 YLR 3185,"1064	2007 YLR 3185	MUHAMMAD SALEEM-UL-HASSAN VS State - Honorable Justice Sh. Hakim Ali - Malik Imtiaz Mehmood , Syed Muhammad Anwar Javed	LAHORE-HIGH-COURT-LAHORE",Supreme Court of Pakistan,2007-01-01,942,full_judgment,mixed,petition_allowed,1847
2007_YLR_3171,2007 YLR 3171,"1060	2007 YLR 3171	Syed MAZHAR ALI GILLANI VS CITY DISTRICT GOVERNMENT, KARACHI - Honorable Justice Sabihuddin Ahmed and Amir Hani Muslim - Islam Hussain , Manzoor Hussain	KARACHI-HIGH-COURT-SINDH",High Court of Sindh,2007-01-01,519,full_judgment,mixed,petition_dismissed,1425
2007_YLR_3181,2007 YLR 3181,"1062	2007 YLR 3181	PROVINCE OF PUNJAB VS Mian FAKHAR AND COMPANY - Honorable Justice Mian Saqib Nisar - Muhammad Nawaz Bajwa , Riaz Karim Qureshi	LAHORE-HIGH-COURT-LAHORE",Supreme Court of Pakistan,2007-01-01,612,full_judgment,mixed,appeal_dismissed,1579
2007_YLR_748,2007 YLR 748,"230	2007 YLR 748	AMANAT ALI VS State - Honorable Justice IJAZ AHMAD CHAUDHRY - Muhammad Yar Khan Daha , Mian Abdul Qayyum Anjum	LAHORE-HIGH-COURT-LAHORE",Lahore High Court,2007-01-01,6217,full_judgment,mixed,appeal_dismissed,3747
2007_YLR_744,2007 YLR 744,"229	2007 YLR 744	ABID HUSSAIN VS State - Honorable Justice KHAWAJA MUHAMMAD SHARIF - Chaudhry Riasat , Tanvir Iqbal, A.A.-G.	LAHORE-HIGH-COURT-LAHORE",Supreme Court of Pakistan,2007-01-01,2609,full_judgment,mixed,disposed_of,2598
2007_YLR_735,2007 YLR 735,"228	2007 YLR 735	ALLAH DITTA VS State - Honorable Justice IJAZ AHMAD CHAUDHRY - Ch. Waseem Ahmad Gujjar , Ijaz Ahmad Bajwa	LAHORE-HIGH-COURT-LAHORE",Lahore High Court,2007-01-01,5462,full_judgment,mixed,appeal_allowed,3308
2007_YLR_74,2007 YLR 74,"25	2007 YLR 74	State VS MUHAMMAD SARWAR - Honorable Justice IJAZ AHMAD CHAUDHRY - Ch. Muhammad Ayub , A.H. Masood and Ashfaq Ahmad Chaudhry	LAHORE-HIGH-COURT-LAHORE",Lahore High Court,2007-01-01,4915,full_judgment,mixed,appeal_dismissed,3260
2007_YLR_758,2007 YLR 758,"231	2007 YLR 758	IHSAN ULLAH VS State - Honorable Justice ASIF SAEED KHAN KHOSA - Muhammad Sarwar Awan , Chaudhry Muhammad Arshad Bajwa	LAHORE-HIGH-COURT-LAHORE",Lahore High Court,2007-01-01,4268,full_judgment,mixed,appeal_allowed,3479
2007_YLR_85,2007 YLR 85,"27	2007 YLR 85	MUHAMMAD YASEEN VS State - Honorable Justice IJAZ AHMAD CHAUDHRY - Aalia Neelam , Ch. Imtiaz Ahmad Kamboh and Ashfaq Ahmad Chaudhry	LAHORE-HIGH-COURT-LAHORE",Lahore High Court,2007-01-01,4217,full_judgment,mixed,appeal_dismissed,3675
2007_YLR_851,2007 YLR 851,260	2007 YLR 851	MIRMAT KHAN VS State - Honorable Justice Fazl-ur-Rehman Khan - Habib-ur-Rehman	PESHAWAR-HIGH-COURT,Peshawar High Court,2007-01-01,1114,full_judgment,mixed,revision_dismissed,1581
2007_YLR_865,2007 YLR 865,"265	2007 YLR 865	WALAYAT VS State - Honorable Justice ASIF SAEED KHAN KHOSA - Ishfaque Ahmad Chaudhry , Syed Tahir Abbas Rizvi	LAHORE-HIGH-COURT-LAHORE",Lahore High Court,2007-01-01,6645,full_judgment,mixed,unknown,4773
2007_YLR_845,2007 YLR 845,"259	2007 YLR 845	MUHAMMAD ZUBAIR VS State - Honorable Justice KHAWAJA MUHAMMAD SHARIF - Ch. Zaffoor Hussain, Muhammad Arshad Tabrez and Basharat Ullah Khan , Tanveer Iqbal	LAHORE-HIGH-COURT-LAHORE",Lahore High Court,2007-01-01,3829,full_judgment,mixed,appeal_dismissed,2541
2007_YLR_854,2007 YLR 854,"262	2007 YLR 854	ASGHAR MASIH VS State - Honorable Justice KHAWAJA MUHAMMAD SHARIF - Ch. Abdul Aziz , Tanveer Iqbal	LAHORE-HIGH-COURT-LAHORE",Lahore High Court,2007-01-01,3007,full_judgment,mixed,appeal_dismissed,2797
2007_YLR_860,2007 YLR 860,263	2007 YLR 860	ALI NAWAZ VS State - Honorable Justice Munib Ahmed Khan - Abdul Rasool Abbasi	KARACHI-HIGH-COURT-SINDH,High Court of Sindh,2007-01-01,408,full_judgment,mixed,remanded,886
2007_YLR_853,2007 YLR 853,"261	2007 YLR 853	AKHTAR HUSSAIN alias AKHTAR ALI VS State - Honorable Justice Munib Ahmed Khan - Abdul Rasool Abbasi , Riazuddin Siddiqui	KARACHI-HIGH-COURT-SINDH",High Court of Sindh,2007-01-01,443,full_judgment,mixed,disposed_of,940
2007_YLR_960,2007 YLR 960,"293	2007 YLR 960	MIR MUHAMMAD VS MUHAMMAD PANNAH - Honorable Justice Munib Ahmed Khan - Deedar Hussain Baloch , Ch. Abdul Jabbar	KARACHI-HIGH-COURT-SINDH",High Court of Sindh,2007-01-01,2733,full_judgment,mixed,unknown,2983
2007_YLR_969,2007 YLR 969,"295	2007 YLR 969	ABDUL GHANI VS State - Honorable Justice Mrs. Qaiser Iqbal - M. Ilyas Khan , Agha Zafir Ali A.A.-G.	KARACHI-HIGH-COURT-SINDH",High Court of Sindh,2007-01-01,4128,full_judgment,mixed,appeal_allowed,4503
2007_YLR_954,2007 YLR 954,"MUHAMMAD ZUBAIR HASHMAT KHAN VS GOVERNMENT OF PAKISTAN through Secretary Defence Pak Secretariat - Honorable Justice Fazal-e-Miran Chauhan - Dr. A. Basit , Ch. Zafar Iqbal, D.A.-G., Raja Hashim Sabir A.A.-G., Hafiz Khalil Ahmad and Muhammad Rafiq Cha",Supreme Court of Pakistan,2007-01-01,4000,full_judgment,mixed,petition_allowed,5319
2007_YLR_976,2007 YLR 976,"296	2007 YLR 976	ABDUL SATTAR alias MUHAMMAD SATTAR VS ZAFAR ULLAH KHAN TARAR - Honorable Justice Fazal-e-Miran Chauhan - Malik Muhammad Akram Khan Awan , Respondent No.3 in person	LAHORE-HIGH-COURT-LAHORE",Lahore High Court,2007-01-01,2691,full_judgment,mixed,petition_allowed,3215
2007_YLR_965,2007 YLR 965,"294	2007 YLR 965	MUHAMMAD RAMZAN VS MUHAMMAD HUSSAIN - Honorable Justice Maulvi Anwarul Haq - Mehdi Khan Chauhan , Mian Yousaf Umar	LAHORE-HIGH-COURT-LAHORE",Lahore High Court,2007-01-01,2272,full_judgment,mixed,unknown,2129
2007_YLR_947,2007 YLR 947,"291	2007 YLR 947	ARDESHIR COWASJEE VS KARACHI BUILDING CONTROL AUTHORITY - Honorable Justice S. AHMED SARWANA - Naimur Rehman with Ms. Rizwana Ismail , Shahid Jamiluddin A. Khan with Anwar Ali Shah	KARACHI-HIGH-COURT-SINDH",High Court of Sindh,2007-01-01,3436,full_judgment,mixed,disposed_of,3222
2007_YLR_345,2007 YLR 345,"108	2007 YLR 345	UMER HAYAT VS State - Honorable Justice Tariq Shamim - Ch. Naseer Ahmed Bhutta , Ch. Nazir Ahmed	LAHORE-HIGH-COURT-LAHORE",Supreme Court of Pakistan,2007-01-01,1456,full_judgment,mixed,petition_allowed,2771
2007_YLR_3191,2007 YLR 3191,"1067	2007 YLR 3191	UMER GUL VS GOVERNMENT OF SINDH through Secretary, Transport, Karachi - Honorable Justice Saiyed Saeed Ashhad, C.J. and Syed Zawwar Hussain Jaffery - Ail Nawaz Memoir and M.M. Vassu , M. Sarwar Khan	KARACHI-HIGH-COURT-SINDH",Supreme Court of Pakistan,2007-01-01,543,full_judgment,mixed,petition_dismissed,1340
2007_YLR_341,2007 YLR 341,"107	2007 YLR 341	HAMID ALI VS State - Honorable Justice MUHAMMAD FARRUKH MAHMUD - Ashfaq Ahmad Chaudhry , Ch. Nazir Ahmad",Lahore High Court,2007-01-01,2619,full_judgment,mixed,appeal_dismissed,2800
2007_YLR_347,2007 YLR 347,"109	2007 YLR 347	Ch. JAVED MAHMOOD VS State - Honorable Justice Tariq Shamim - Kh. Tariq Sohail and Ms. Bushra Qamar , Shaukat Rafique Bajwa	LAHORE-HIGH-COURT-LAHORE",Supreme Court of Pakistan,2007-01-01,1147,full_judgment,mixed,petition_dismissed,2258
2007_YLR_336,2007 YLR 336,"106	2007 YLR 336	RANJHA MASIH VS State - Honorable Justice Asif Saeed Khan Khosa - Akbar Munawar Durrani, Justin Gill and Samson Joseph , Mrs. Salma Malik Asstt. A.-G. with M. Saleem Shad	LAHORE-HIGH-COURT-LAHORE",Lahore High Court,2007-01-01,2653,full_judgment,mixed,appeal_allowed,2787
2007_YLR_3192,2007 YLR 3192,"1068	2007 YLR 3192	SOOBA VS State - Honorable Justice Hasnat Ahmad Khan - Ch. Arshad Mehmood , Hafiz Khalil Ahmed	LAHORE-HIGH-COURT-LAHORE",Lahore High Court,2007-01-01,4583,full_judgment,mixed,unknown,3776
2007_YLR_335,2007 YLR 335,"105	2007 YLR 335	RAFAQAT ALI VS State - Honorable Justice Khawaja Muhammad Sharif - Imran Asmat Ch. , Arshad Mahmood	LAHORE-HIGH-COURT-LAHORE",Supreme Court of Pakistan,2007-01-01,523,full_judgment,mixed,petition_allowed,970
2007_YLR_3200,2007 YLR 3200,"1069	2007 YLR 3200	MUHAMMAD HANIF VS State - Honorable Justice Muhammad Jehangir Arshad - Muhammad Arif Alvi , Altaf Ibrahim Qureshi	LAHORE-HIGH-COURT-LAHORE",Supreme Court of Pakistan,2007-01-01,526,full_judgment,mixed,unknown,1489
2007_YLR_57,2007 YLR 57,"20	2007 YLR 57	MAZHAR HUSSAIN VS State - Honorable Justice ASIF SAEED KHAN KHOSA - Mrs. Siddiqa Altaf Khan , Mian Abdul Qayyum Anjum	LAHORE-HIGH-COURT-LAHORE",Lahore High Court,2007-01-01,4255,full_judgment,mixed,appeal_dismissed,3645
2007_YLR_608,2007 YLR 608,"199	2007 YLR 608	MUHAMMAD SIDDIQUE VS State - Honorable Justice MUHAMMAD FARRUKH MAHMUD - Mian Abdul Qayyum Anjum , Maqbool Ahmad Qureshi",Lahore High Court,2007-01-01,4236,full_judgment,mixed,appeal_dismissed,3697
2007_YLR_581,2007 YLR 581,"195	2007 YLR 581	PAK AMERICAN SOLIDARITY SOCIETY VS GOVERNMENT OF SINDH - Honorable Justice Sabihuddin Ahmed, C.J. and Amir Hani Muslim - Ali Bin Adam Jafery, Syed Ghulam Shah, Noor Naz Agha and Asifa Rizvi , Raja Qureshi, A.-G. and Sulleman Habibull",High Court of Sindh,2007-01-01,2222,full_judgment,mixed,petition_allowed,2581
2007_YLR_607,2007 YLR 607,"198	2007 YLR 607	SHAHID IQBAL VS State - Honorable Justice Mian Muhammad Najum uz Zaman and Syed Sakhi Hussain Bukhari - Sh. Naveed Sheharyar , Sohail Tariq	LAHORE-HIGH-COURT-LAHORE",Supreme Court of Pakistan,2007-01-01,398,full_judgment,mixed,unknown,1270
2007_YLR_614,2007 YLR 614,"200	2007 YLR 614	ALTAF HUSSAIN VS State - Honorable Justice Syed Sakhi Hussain Bokhari - Azam Nazir Tarar , Bashir Ahmad Gill	LAHORE-HIGH-COURT-LAHORE",Lahore High Court,2007-01-01,3252,full_judgment,mixed,unknown,3183
2007_YLR_620,2007 YLR 620,"201	2007 YLR 620	MUHAMMAD ARIF VS State - Honorable Justice MUHAMMAD FARRUKH MAHMUD - M. Aslam Malik , M. Saleem Shad",Lahore High Court,2007-01-01,2726,full_judgment,mixed,disposed_of,2411
2007_YLR_875,2007 YLR 875,"266	2007 YLR 875	Haji ABDUL GHAFOOR through Legal Heirs VS MUHAMMAD HAYAT through Legal Heirs - Honorable Justice Muhammad Mujeebullah Siddiqui - Syed Madad Ali Shah , Jhamat Jethanand	KARACHI-HIGH-COURT-SINDH",High Court of Sindh,2007-01-01,11054,full_judgment,mixed,revision_allowed,3373
2007_YLR_894,2007 YLR 894,"268	2007 YLR 894	ALI MUHAMMAD VS State - Honorable Justice MUHAMMAD MOOSA K. LEGHARI - Muhammad Iqbal Kalhoro , Rasheed Ahmed Qureshi	KARACHI-HIGH-COURT-SINDH",Supreme Court of Pakistan,2007-01-01,2690,full_judgment,mixed,appeal_allowed,2848
2007_YLR_893,2007 YLR 893,"267	2007 YLR 893	MUHAMMAD ARSHAD VS Ch. UMER MAHMOOD, ADVOCATE - Honorable Justice Maulvi Anwarul Haq and Muhammad Khalid Alvi - Tariq Zulfiqar Ahmad Chaudhry , Javed Ahmad Khan	LAHORE-HIGH-COURT-LAHORE",Lahore High Court,2007-01-01,485,full_judgment,mixed,disposed_of,1334
2007_YLR_381,2007 YLR 381,"124	2007 YLR 381	GULISTAN VS ALLAH DAD - Honorable Justice Hamid Farooq Durrani - Khalid-ur-Rehman Qureshi , Respondent in person.	PESHAWAR-HIGH-COURT",Peshawar High Court,2007-01-01,1188,full_judgment,mixed,revision_dismissed,1664
2007_YLR_397,2007 YLR 397,"136	2007 YLR 397	NOOR MUHAMMAD alias NOORI VS State - Honorable Justice Syed Sajjad Hussain Shah - Sardar Shahbaz Ali Khan Khosa , Muhammad Islam Sheikh	LAHORE-HIGH-COURT-LAHORE",Supreme Court of Pakistan,2007-01-01,987,full_judgment,mixed,petition_allowed,1935
2007_YLR_385,2007 YLR 385,"127	2007 YLR 385	GHULAM HUSSAIN VS State - Honorable Justice Ali Nawaz Chowhan and Syed Shabbar Raza Rizvi - Malik M. Imtiaz Mahl , Tahir Rizvi	LAHORE-HIGH-COURT-LAHORE",Lahore High Court,2007-01-01,229,headnote_only,mixed,unknown,522
2007_YLR_392,2007 YLR 392,"132	2007 YLR 392	MUHAMMAD AFZAL, PATWARI VS State - Honorable Justice Khawaja Muhammad Sharif and M. A. Shahid Siddiqui - Ch. Jawad Zafar , Syed Zaman Haider	LAHORE-HIGH-COURT-LAHORE",Supreme Court of Pakistan,2007-01-01,511,full_judgment,mixed,petition_allowed,830
2007_YLR_401,2007 YLR 401,"138	2007 YLR 401	MUHAMMAD IMRAN VS State - Honorable Justice Asif Saeed Khan Khosa - Malik Muhammad Imtiaz Mahl , Ahmad Khan Chathha	LAHORE-HIGH-COURT-LAHORE",Supreme Court of Pakistan,2007-01-01,402,full_judgment,mixed,unknown,1150
2007_YLR_38,2007 YLR 38,"14	2007 YLR 38	PROVINCE OF THE PUNJAB through Secretary Education, Government of the Punjab, Lahore VS MUHAMMAD ASHRAF - Honorable Justice Umar Ata Bandial - Kh. Muhammad Saeed , Abdul Hameed Cheema	LAHORE-HIGH-COURT-LAHORE",Supreme Court of Pakistan,2007-01-01,1513,full_judgment,mixed,revision_allowed,1412
2007_YLR_389,2007 YLR 389,"131	2007 YLR 389	MIRA JAN VS State - Honorable Justice Said Maroof Khan - Muhammad Shah Nawaz Khan Sikandari , Muhammad Sharif Chaudhry	PESHAWAR-HIGH-COURT",Supreme Court of Pakistan,2007-01-01,1656,full_judgment,mixed,petition_allowed,2837
2007_YLR_394,2007 YLR 394,"134	2007 YLR 394	GULFAM VS State - Honorable Justice Muhammad Farrukh Mahmud - Javaid Shaukat , Sh. Imtiaz Ahmad	LAHORE-HIGH-COURT-LAHORE",Supreme Court of Pakistan,2007-01-01,357,full_judgment,mixed,unknown,700
2007_YLR_376,2007 YLR 376,121	2007 YLR 376	ALI MUHAMMAD VS WALI MUHAMMAD - Honorable Justice Maulvi Anwarul Haq - Ch. Muhammad Hussain Jehanian	LAHORE-HIGH-COURT-LAHORE,Lahore High Court,2007-01-01,1096,full_judgment,mixed,unknown,2441
2007_YLR_37,2007 YLR 37,"13	2007 YLR 37	Mst. SHAISTA SHAMIM VS State - Honorable Justice SABIHUDDIN AHMED - Adnan Memon , Nadeem Azhar Siddiqui, D.A.-G. and Shafaat Nabi K. Sherwani	KARACHI-HIGH-COURT-SINDH",High Court of Sindh,2007-01-01,914,full_judgment,mixed,disposed_of,1925
2007_YLR_399,2007 YLR 399,137	2007 YLR 399	JAMIA MASJID BAGHDADI HANFI RIZVI BARALVI through President of Anjuman Jamia Masjid VS DISTRICT OFFICER,Lahore High Court,2007-01-01,1427,full_judgment,mixed,petition_dismissed,2224
2007_YLR_379,2007 YLR 379,"123	2007 YLR 379	MUAHMMAD NAWAZ VS DISTRICT POLICE OFFICER, FAISALABAD - Honorable Justice Fazal-e-Miran Chauhan - Abdul Majeed Khan , Mati Ullah	LAHORE-HIGH-COURT-LAHORE",Lahore High Court,2007-01-01,957,full_judgment,mixed,unknown,1582
2007_YLR_395,2007 YLR 395,"135	2007 YLR 395	MUHAMMAD ARSHAD VS State - Honorable Justice Asif Saeed Khan Khosa - Rao Abdul Jabbar Khan , Najam-us-Saqib	LAHORE-HIGH-COURT-LAHORE",Supreme Court of Pakistan,2007-01-01,1253,full_judgment,mixed,petition_allowed,2472
2007_YLR_378,2007 YLR 378,"122	2007 YLR 378	SHAH BARAT VS State - Honorable Justice Khawaja Muhammad Sharif - Muhammad Amir Khan Niazi , Muhammad Tariq Hanif	LAHORE-HIGH-COURT-LAHORE",Supreme Court of Pakistan,2007-01-01,446,full_judgment,mixed,petition_allowed,819
2007_YLR_625,2007 YLR 625,"202	2007 YLR 625	MUHAMMAD QADEER VS State - Honorable Justice Syed Sajjad Hussain Shah - Ch. Ehsan Sabir , Badar Munir Malik	LAHORE-HIGH-COURT-LAHORE",Supreme Court of Pakistan,2007-01-01,6462,full_judgment,mixed,appeal_dismissed,6768
2007_YLR_635,2007 YLR 635,LTD. VS SINGAPORE TELECOMMUNICATION INTERNATIONAL,High Court of Sindh,2007-01-01,5787,full_judgment,mixed,unknown,2868
2007_YLR_63,2007 YLR 63,"21	2007 YLR 63	Syed MEHMOOD ALI SHAH VS AMIR DIN - Honorable Justice Maulvi Anwarul Haq - Ch. Muhammad Iqbal Javed , Mirza Mehmood Baig	LAHORE-HIGH-COURT-LAHORE",Lahore High Court,2007-01-01,958,full_judgment,mixed,revision_allowed,1656
2007_YLR_723,2007 YLR 723,"226	2007 YLR 723	MULAZIM HUSSAIN VS State - Honorable Justice Hasnat Ahmad Khan - Sahibzada. Farooq Ali Khan , Rao Aatif Nawaz	LAHORE-HIGH-COURT-LAHORE",Lahore High Court,2007-01-01,4286,full_judgment,mixed,appeal_allowed,5809
2007_YLR_713,2007 YLR 713,"222	2007 YLR 713	HAZAR GUL VS State - Honorable Justice FAZL-UR-REHMAN KHAN - Abdul Fayyaz Khan , Salahuddin Khan	PESHAWAR-HIGH-COURT",Peshawar High Court,2007-01-01,2167,full_judgment,mixed,appeal_allowed,1528
2007_YLR_730,2007 YLR 730,"227	2007 YLR 730	ZAFAR AHMED VS State - Honorable Justice Khawaja Muhammad Sharif - Sardar Shahbaz Khan Khosa , Nemo	LAHORE-HIGH-COURT-LAHORE",Lahore High Court,2007-01-01,3411,full_judgment,mixed,unknown,2289
2007_YLR_719,2007 YLR 719,"225	2007 YLR 719	MUHAMMAD HAYAT KHAN VS PROVINCE OF PUNJAB through Secretary Communication and Works - Honorable Justice Sh. Azmat Saeed - Ch. Fawad Hussain , Malik Zafar Iqbal Awan	LAHORE-HIGH-COURT-LAHORE",Lahore High Court,2007-01-01,2235,full_judgment,mixed,appeal_dismissed,2256
2007_YLR_718,2007 YLR 718,"224	2007 YLR 718	MUHAMMAD TARIQ VS State - Honorable Justice M. A. Shahid Siddiqui and Hasnat Ahmad Khan - Ch. Mehmood Ali , Miss Aasia Abbasi	LAHORE-HIGH-COURT-LAHORE",Supreme Court of Pakistan,2007-01-01,325,full_judgment,mixed,disposed_of,1200
2007_YLR_717,2007 YLR 717,"223	2007 YLR 717	Haji SAKHI MUHAMMAD VS MUHAMMAD NAWAZ - Honorable Justice Jawwad S. Khawaja - Naseem Ullah Khan Niazi , Abdul Wahid Chaudhry	LAHORE-HIGH-COURT-LAHORE",Lahore High Court,2007-01-01,987,full_judgment,mixed,revision_dismissed,1358
2007_YLR_818,2007 YLR 818,"248	2007 YLR 818	AFSAR ZAMAN VS AYUB KHAN - Honorable Justice Ijaz-ul-Hassan Khan - Muhammad Zahir Shah , Fateh Muhammad Khan	PESHAWAR-HIGH-COURT",Peshawar High Court,2007-01-01,2129,full_judgment,mixed,appeal_dismissed,3606
2007_YLR_811,2007 YLR 811,"245	2007 YLR 811	ALLAH DITTA VS State - Honorable Justice MUHAMMAD FARRUKH MAHMUD - Imtiaz Ahmad Chaudhry , Muhammad Azam",Lahore High Court,2007-01-01,1536,full_judgment,mixed,unknown,1809
2007_YLR_769,2007 YLR 769,"233	2007 YLR 769	ABDUL REHMAN VS DEPUTY SUPERINTENDENT OF POLICE, CITY CIRCLE, SARGODHA - Honorable Justice Syed Sajjad Hussain Shah - Sheikh Tariq Mehmood , Muhammad Arif Bhinder	LAHORE-HIGH-COURT-LAHORE",Supreme Court of Pakistan,2007-01-01,1642,full_judgment,mixed,petition_dismissed,3368
2007_YLR_764,2007 YLR 764,"232	2007 YLR 764	AKHTAR MUHAMMAD VS State - Honorable Justice Hasnat Ahmad Khan - Khalid Bin Aziz and M. Shahzad Farid , Jamil Ahmad Chauhan	LAHORE-HIGH-COURT-LAHORE",Lahore High Court,2007-01-01,2538,full_judgment,mixed,appeal_dismissed,2696
2007_YLR_814,2007 YLR 814,"246	2007 YLR 814	MUHAMMAD IQBAL VS State - Honorable Justice Tariq Shamim - Awan Muhammad Hanif Khan , Malik Muhammad Asghar Ali Awan	LAHORE-HIGH-COURT-LAHORE",Supreme Court of Pakistan,2007-01-01,1133,full_judgment,mixed,unknown,1878
2007_YLR_810,2007 YLR 810,"244	2007 YLR 810	SHAH NAWAZ VS State - Honorable Justice Ali Sain Dino Metlo - Jai Jai Veshno Mangay Ram , Muhammad Ismail Bhuttoo	KARACHI-HIGH-COURT-SINDH",High Court of Sindh,2007-01-01,424,full_judgment,mixed,unknown,946
2007_YLR_816,2007 YLR 816,"247	2007 YLR 816	MUHAMMAD YAR VS State - Honorable Justice Ijaz Ahmad Chaudhry - Ijaz Qutab , M. Saleem Shad	LAHORE-HIGH-COURT-LAHORE",Supreme Court of Pakistan,2007-01-01,1531,full_judgment,mixed,unknown,2331
2007_YLR_809,2007 YLR 809,"243	2007 YLR 809	MUHAMMAD HANIF VS State - Honorable Justice Tariq Shamim - Muhammad Anwar Bhatti , Ch. Asad Abbas	LAHORE-HIGH-COURT-LAHORE",Supreme Court of Pakistan,2007-01-01,893,full_judgment,mixed,unknown,1752
2007_YLR_808,2007 YLR 808,"242	2007 YLR 808	MUHAMMAD RAMZAN VS State - Honorable Justice Ali Sain Dino Metlo - Jai Jai Veshno Mangay Ram , Muhammad Ismail Bhutto	KARACHI-HIGH-COURT-SINDH",High Court of Sindh,2007-01-01,273,headnote_only,mixed,unknown,893
2007_YLR_688,2007 YLR 688,"212	2007 YLR 688	BABAR HUSSAIN VS State - Honorable Justice KHAWAJA MUHAMMAD S'HARIF - Sardar Muhammad Ishaq Khan , Tanvir Iqbal	LAHORE-HIGH-COURT-LAHORE",Lahore High Court,2007-01-01,3289,full_judgment,mixed,appeal_allowed,2466
2007_YLR_68,2007 YLR 68,"24	2007 YLR 68	Malik MUHAMMAD ASHRAF VS State - Honorable Justice ASIF SAEED KHAN KHOSA - Nemo , Maqbool Ahmad Qureshi	LAHORE-HIGH-COURT-LAHORE",Lahore High Court,2007-01-01,3682,full_judgment,mixed,appeal_dismissed,3254
2007_YLR_670,2007 YLR 670,"211	2007 YLR 670	RIAZ HUSSAIN SHAH VS State - Honorable Justice Khawaja Muhammad Sharif - Munir Ahmad Bhatti, Inayat Ullah Cheema and Syed Mazahar Ali Naqvi , M. Hanif Khatana, Addl. A.-G. and Raja Akhtar Nawaz	LAHORE-HIGH-COURT-LAHORE",Lahore High Court,2007-01-01,11184,full_judgment,mixed,appeal_allowed,7390
2007_YLR_2749,2007 YLR 2749,884	2007 YLR 2749	MUHAMMAD ASHFAQ VS State - Honorable Justice Ch. Iftikhar Hussain - Syed Zahid Hussain Bokhari	LAHORE-HIGH-COURT-LAHORE,Lahore High Court,2007-01-01,3387,full_judgment,mixed,appeal_allowed,1652
2007_YLR_2756,2007 YLR 2756,886	2007 YLR 2756	NOOR KARIM VS State - Honorable Justice Khawaja Muhammad Sharif - Muhammad Sharif Cheema	LAHORE-HIGH-COURT-LAHORE,Lahore High Court,2007-01-01,2403,full_judgment,mixed,appeal_dismissed,1956
2007_YLR_2760,2007 YLR 2760,"887	2007 YLR 2760	SAHIB DINO VS MUHAMMAD SUBHANI - Honorable Justice Sarmad Jalal Osmany - Imdad Ali Away , Abdul Fatteh Malik	KARACHI-HIGH-COURT-SINDH",High Court of Sindh,2007-01-01,2583,full_judgment,mixed,revision_allowed,4520
2007_YLR_2766,2007 YLR 2766,"889	2007 YLR 2766	BADAR UR ISLAM VS DISTRICT POLICE OFFICER, FAISALABAD - Honorable Justice M.A. Shahid Siddiqui - Syed Nisar Ali Shah	LAHORE-HIGH-COURT-LAHORE",Lahore High Court,2007-01-01,1389,full_judgment,mixed,unknown,2885
2007_YLR_275,2007 YLR 275,"84	2007 YLR 275	MUHAMMAD ASHRAF VS AKBAR ALI - Honorable Justice Jawwad S. Khawaja - Ch. Muhammad Asif Ranjha , Zafar Iqbal Chohan	LAHORE-HIGH-COURT-LAHORE",Lahore High Court,2007-01-01,670,full_judgment,mixed,revision_dismissed,1345
2007_YLR_2754,2007 YLR 2754,"885	2007 YLR 2754	ASGHAR ALI VS AHMED ALI - Honorable Justice Sh. Hakim Ali - Muhammad Nazir Janjua , Syed Dilawar Hussain Bukhari	LAHORE-HIGH-COURT-LAHORE",Lahore High Court,2007-01-01,1287,full_judgment,mixed,appeal_dismissed,1321
2007_YLR_2764,2007 YLR 2764,"888	2007 YLR 2764	GHULAM FARID VS ADDITIONAL DISTRICT JUDGE, T.T. SINGH - Honorable Justice Muhammad Muzammal Khan - C.M. Sarwar , Ch. Ijaz Ahmad	LAHORE-HIGH-COURT-LAHORE",Lahore High Court,2007-01-01,1112,full_judgment,mixed,appeal_dismissed,2200
2007_YLR_2747,2007 YLR 2747,"883	2007 YLR 2747	ADIL MOHY-UD-DIN KHAN VS Mst. TAJAMAL SHEREEN alias TAJAMAL BEGUM - Honorable Justice Maulvi Anwarul Haq - Irshad Ahmad Cheema , Tariq Ali Jathol	LAHORE-HIGH-COURT-LAHORE",Lahore High Court,2007-01-01,1019,full_judgment,mixed,revision_allowed,1644
2008_YLR_1113,2008 YLR 1113,384	2008 YLR 1113	SHAHID KHAN alias WANA VS State - Honorable Justice Hasnat Ahmad Khan - Sahibzada Muhammad Munir Abbasi	LAHORE-HIGH-COURT-LAHORE,Supreme Court of Pakistan,2008-01-01,995,full_judgment,mixed,unknown,1753
2008_YLR_1098,2008 YLR 1098,"379	2008 YLR 1098	Mst. SAEEDA BEGUM GODAR VS State - Honorable Justice Kazim Ali Malik - G. Farooq Awan , Syed Shahid Hussain Kazmi	LAHORE-HIGH-COURT-LAHORE",Lahore High Court,2008-01-01,1295,full_judgment,mixed,petition_allowed,2507
2008_YLR_1107,2008 YLR 1107,383	2008 YLR 1107	SHAHZAD AHMAD VS State - Honorable Justice Kazim Ali Malik - Zuilfqar Ahmad Bhutta	LAHORE-HIGH-COURT-LAHORE,Lahore High Court,2008-01-01,3238,full_judgment,mixed,unknown,2497
2008_YLR_1104,2008 YLR 1104,382	2008 YLR 1104	GHULAM ABBAS VS State - Honorable Justice Asif Saeed Khan Khosa - Malik Muhammad Suleman	LAHORE-HIGH-COURT-LAHORE,Lahore High Court,2008-01-01,1781,full_judgment,mixed,appeal_allowed,2285
2008_YLR_1120,2008 YLR 1120,"387	2008 YLR 1120	Mst. FATIMA BIBI VS IMDAD ULLH KHAN - Honorable Justice MAULVI ANWAR-UL-HAQ - Taqi Ahmad Khan , Anwar Akhtar	LAHORE-HIGH-COURT-LAHORE",Lahore High Court,2008-01-01,2505,full_judgment,mixed,appeal_dismissed,2961
2008_YLR_1097,2008 YLR 1097,"378	2008 YLR 1097	GULZAR AHMED alias GULZAR VS State - Honorable Justice Agha Rafiq Ahmed Khan - , Rasheed Ahmed Qureshi	KARACHI-HIGH-COURT-SINDH",High Court of Sindh,2008-01-01,241,headnote_only,mixed,unknown,785
2008_YLR_1116,2008 YLR 1116,"386	2008 YLR 1116	GHULAM MURTAZA VS State - Honorable Justice Asif Saeed Khan Khosa - Ch. Bashir Ahmad , Nazir Ahmad Qureshi	LAHORE-HIGH-COURT-LAHORE",Lahore High Court,2008-01-01,2487,full_judgment,mixed,appeal_allowed,1771
2008_YLR_1102,2008 YLR 1102,381	2008 YLR 1102	TASAWAR HUSSAIN VS State - Honorable Justice KHAWAJA MUHAMMAD SHARIF - Naseem Ullah Khan Niazi	LAHORE-HIGH-COURT-LAHORE,Supreme Court of Pakistan,2008-01-01,1077,full_judgment,mixed,appeal_allowed,1403
2008_YLR_1124,2008 YLR 1124,"388	2008 YLR 1124	SHAUKAT HAYAT VS Mst. SHABNAM AKHTAR - Honorable Justice Sardar Muhammad Nawaz Khan - Sardar Shahzad Khan , Sardar Tahir Akram	SHARIAT-COURT-AZAD-KASHMIR",Superior Courts of Pakistan,2008-01-01,2751,full_judgment,mixed,appeal_dismissed,2295
2008_YLR_1114,2008 YLR 1114,385	2008 YLR 1114	MUHAMMAD ASHRAF VS State - Honorable Justice Sh. Abdul Rashid - Ch. Nawab Ali Mayo	LAHORE-HIGH-COURT-LAHORE,Supreme Court of Pakistan,2008-01-01,892,full_judgment,mixed,disposed_of,1236
2007_YLR_2948,2007 YLR 2948,"971	2007 YLR 2948	RAMZAN VS State - Honorable Justice Munib Ahmad Khan - Azizur Rehman Akhund , Sardar-ud-Din	KARACHI-HIGH-COURT-SINDH",High Court of Sindh,2007-01-01,1033,full_judgment,mixed,unknown,1265
2007_YLR_2955,2007 YLR 2955,"975	2007 YLR 2955	Ch. MERAJ DIN VS Mst. BIBI NOREEN AND COMPANY - Honorable Justice Jawwad S. Khawaja - Khalid Jameel , Ch. Nawaz Bajwa, A.A.-G. with Ch. Muhammad Azeem	LAHORE-HIGH-COURT-LAHORE",Lahore High Court,2007-01-01,1218,full_judgment,mixed,remanded,1909
2007_YLR_2958,2007 YLR 2958,"976	2007 YLR 2958	BASHIR AHMAD VS State - Honorable Justice M. Naeemullah Khan Sherwani - Muhammad Amir Khan Niazi , Mian Muhammad Bashir	LAHORE-HIGH-COURT-LAHORE",Lahore High Court,2007-01-01,1041,full_judgment,mixed,disposed_of,1129
2007_YLR_2941,2007 YLR 2941,"967	2007 YLR 2941	CHIRAGH DIN VS BAKHAT BHARI - Honorable Justice Syed Hamid Ali Shah - Saeed Ahmad Sheikh , Tauqeer Ahmad Munir	LAHORE-HIGH-COURT-LAHORE",Lahore High Court,2007-01-01,1110,full_judgment,mixed,revision_dismissed,2248
2007_YLR_2951,2007 YLR 2951,"973	2007 YLR 2951	MUHAMMAD ALI VS State - Honorable Justice M. Bilal Khan - M. A. Zafar , Sh. Khurshid Iqbal	LAHORE-HIGH-COURT-LAHORE",Supreme Court of Pakistan,2007-01-01,912,full_judgment,mixed,petition_allowed,1288
2007_YLR_2960,2007 YLR 2960,"977	2007 YLR 2960	RIAZ AHMED VS PRESIDENT, NATIONAL BANK OF PAKISTAN - Honorable Justice MAULVI ANWARUL HAQ - Muhammad Akram Jived , Zafar Iqbal Chaudhary	LAHORE-HIGH-COURT-LAHORE",Lahore High Court,2007-01-01,1247,full_judgment,mixed,appeal_allowed,2771
2007_YLR_2950,2007 YLR 2950,"972	2007 YLR 2950	MUHAMMAD SADDIQUE VS State - Honorable Justice Abdul Shakoor Paracha - A.D. Naseem , Muhammad Farid Sulahry, Abid	LAHORE-HIGH-COURT-LAHORE",Supreme Court of Pakistan,2007-01-01,714,full_judgment,mixed,petition_allowed,1162
2007_YLR_2944,2007 YLR 2944,"969	2007 YLR 2944	SHAHID UMER VS CITY DISTRICT GOVERNMENT, KARACHI - Honorable Justice SAIYED SAEED ASHHAD - M.A. Khan , Manzoor Atoned	KARACHI-HIGH-COURT-SINDH",High Court of Sindh,2007-01-01,1137,full_judgment,mixed,appeal_dismissed,1464
2007_YLR_2953,2007 YLR 2953,"974	2007 YLR 2953	TAUFIQUE KHAN VS State - Honorable Justice KHAWAJA MUHAMMAD SHARIF - Basharatullah Khan , Syed Hasnain Kazmi,	LAHORE-HIGH-COURT-LAHORE",Lahore High Court,2007-01-01,1395,full_judgment,mixed,appeal_allowed,1609
2007_YLR_2946,2007 YLR 2946,"970	2007 YLR 2946	MUHAMMAD ARIF VS STATION HOUSE OFFICER, POLICE STATION SADAR, SHEIKHUPURA - Honorable Justice Khawaja Muhammad Sharif - Ch. Imtiaz Hussain Bhatti , Rana Asif Mehmood	LAHORE-HIGH-COURT-LAHORE",Supreme Court of Pakistan,2007-01-01,1593,full_judgment,mixed,petition_dismissed,2154
2007_YLR_2943,2007 YLR 2943,"968	2007 YLR 2943	MUMTAZ AHMAD VS State - Honorable Justice SARDAR MUHAMMAD ASLAM - Zafar Iqbal Chowhan , Mian Abdul Qayyum Anjum and Ch. Imtiaz Ahmad	LAHORE-HIGH-COURT-LAHORE",Lahore High Court,2007-01-01,569,full_judgment,mixed,appeal_allowed,965
2007_YLR_294,2007 YLR 294,"92	2007 YLR 294	MUHAMMAD RAFIQUE VS FAQIR MUHAMMAD - Honorable Justice Mian Muhammad Najam-uz-Zaman - Sheikh Naveed Shehryar , M.A. Zafar	LAHORE-HIGH-COURT-LAHORE",Lahore High Court,2007-01-01,502,full_judgment,mixed,disposed_of,1477
2007_YLR_295,2007 YLR 295,"93	2007 YLR 295	AZIZ MUKHTAR AHMAD VS MADRISSA FAYYAZ-UL-QURAN through Nazim - Honorable Justice Muhammad Muzammal Khan - Hassan Ahmed Khan Kanwar , Zafar Iqbal Chohan	LAHORE-HIGH-COURT-LAHORE",Lahore High Court,2007-01-01,1596,full_judgment,mixed,revision_dismissed,2339
2007_YLR_839,2007 YLR 839,"256	2007 YLR 839	HAIDER ALI SHAH VS State - Honorable Justice Tariq Pervez Khan, C.J. and Muhammad Raza Khan - Noor Alam Khan , Salahuddin Khan, D.A.-G.	PESHAWAR-HIGH-COURT",Peshawar High Court,2007-01-01,1617,full_judgment,mixed,unknown,1517
2007_YLR_825,2007 YLR 825,"251	2007 YLR 825	IRFAN AHMED VS State - Honorable Justice SARDAR MUHAMMAD ASLAM - Dr. Khalid Ranjha and Tariq Mehmood Butt , Muhammad Naeem Sheikh	LAHORE-HIGH-COURT-LAHORE",Lahore High Court,2007-01-01,2611,full_judgment,mixed,appeal_allowed,2745
2007_YLR_82,2007 YLR 82,"26	2007 YLR 82	TOWN COMMITTEE, JALALPUR PIRWALA through Chairman VS Malik MEHR BAKHSH - Honorable Justice Maulvi Anwarul Haq - Syed Nizam-ud-Din Shah , Fakhar Baluch	LAHORE-HIGH-COURT-LAHORE",Lahore High Court,2007-01-01,2204,full_judgment,mixed,revision_allowed,1575
2007_YLR_831,2007 YLR 831,"253	2007 YLR 831	SHAHID MAHMOOD VS State - Honorable Justice KHAWAJA MUHAMMAD SHARIF - Muhammad Ilyas Siddiqui , Tanveer Iqbal, Asstt. A.-G.	LAHORE-HIGH-COURT-LAHORE",Lahore High Court,2007-01-01,3237,full_judgment,mixed,appeal_allowed,2139
2007_YLR_830,2007 YLR 830,"252	2007 YLR 830	KHATTAN VS State - Honorable Justice Munib Ahmed Khan - Muhammad Ayaz Soomro , Muhammad Saleem Jessar	KARACHI-HIGH-COURT-SINDH",High Court of Sindh,2007-01-01,628,full_judgment,mixed,unknown,872
2007_YLR_822,2007 YLR 822,"249	2007 YLR 822	MUHAMMAD WARIS VS State - Honorable Justice Fazal-e-Miran Chauhan - Sajjad Ahmad Chaudhry , M. Aslam Malik	LAHORE-HIGH-COURT-LAHORE",Supreme Court of Pakistan,2007-01-01,998,full_judgment,mixed,petition_dismissed,1879
2007_YLR_842,2007 YLR 842,"257	2007 YLR 842	SHABBIR HUSSAIN alias PAPPOO VS S.H.O., POLICE STATION BUMBANWALA, DISTRICT SIALKOT - Honorable Justice Muhammad Muzammal Khan - Mian Muhammad Bashir , Muhammad Akbar Cheema	LAHORE-HIGH-COURT-LAHORE",Lahore High Court,2007-01-01,1282,full_judgment,mixed,unknown,2300
2007_YLR_836,2007 YLR 836,"254	2007 YLR 836	NISAR KHAN VS State - Honorable Justice Dost Muhammad Khan - Noor Alam Khan , Salahuddin Khan, D.A.-G.	PESHAWAR-HIGH-COURT",Supreme Court of Pakistan,2007-01-01,872,full_judgment,mixed,petition_allowed,1202
2007_YLR_838,2007 YLR 838,"255	2007 YLR 838	NOOR-UL-HAQ VS State - Honorable Justice Munib Ahmed Khan - Muhammad Ayaz Soomro , Muhammad Saleem Jessar	KARACHI-HIGH-COURT-SINDH",High Court of Sindh,2007-01-01,970,full_judgment,mixed,unknown,1570
2007_YLR_844,2007 YLR 844,"258	2007 YLR 844	MAZAR alias MAZHAR VS State - Honorable Justice Muhammad Sadiq Leghari and Nadeem Azhar Siddqi - Muhammad Sharif H. Qazi , Muhammad Ismail Bhutto	KARACHI-HIGH-COURT-SINDH",High Court of Sindh,2007-01-01,288,headnote_only,mixed,unknown,908
2007_YLR_824,2007 YLR 824,"250	2007 YLR 824	ALI GUL VS State - Honorable Justice Munib Ahmed Khan - Muhammad Ayaz Soomro , Muhammad Saleem Jessar	KARACHI-HIGH-COURT-SINDH",High Court of Sindh,2007-01-01,618,full_judgment,mixed,unknown,622
2008_YLR_1149,2008 YLR 1149,"397	2008 YLR 1149	NOOR KHAN VS State - Honorable Justice RUSTAM ALI MALIK - Sardar Latif Khan Khosa, Hafiz Khalil Ahmad and Zafar Iqbal Chohan	LAHORE-HIGH-COURT-LAHORE",Lahore High Court,2008-01-01,6288,full_judgment,mixed,disposed_of,2852
2008_YLR_1147,2008 YLR 1147,396	2008 YLR 1147	HASHAM alias HASHU VS State - Honorable Justice Khawaja Muhammad Sharif - Hamayun Mujahid Bhatti	LAHORE-HIGH-COURT-LAHORE,Lahore High Court,2008-01-01,1341,full_judgment,mixed,appeal_allowed,1395
2008_YLR_1137,2008 YLR 1137,393	2008 YLR 1137	SHAUKAT ALI VS State - Honorable Justice ABDUL SHAKOOR PARACHA - Ch. Imran Raza Chadhar	LAHORE-HIGH-COURT-LAHORE,Supreme Court of Pakistan,2008-01-01,2756,full_judgment,mixed,appeal_dismissed,2654
2008_YLR_1129,2008 YLR 1129,389	2008 YLR 1129	TUFAIL HAIDER VS State - Honorable Justice Rana Zahid Mehmood - M. Naeem Sehgul	LAHORE-HIGH-COURT-LAHORE,Supreme Court of Pakistan,2008-01-01,947,full_judgment,mixed,unknown,1310
2008_YLR_1134,2008 YLR 1134,392	2008 YLR 1134	Mst. SAFIA BIBI VS State - Honorable Justice Asif Saeed Khan Khosa - M. Aslam Malik	LAHORE-HIGH-COURT-LAHORE,Lahore High Court,2008-01-01,1657,full_judgment,mixed,unknown,2558
2008_YLR_1141,2008 YLR 1141,394	2008 YLR 1141	NISAR AHMAD GHAURI VS State - Honorable Justice M. NAEEMULLAH KHAN SHERWANI - Munir Ahmad Bhatti	LAHORE-HIGH-COURT-LAHORE,Supreme Court of Pakistan,2008-01-01,1982,full_judgment,mixed,appeal_dismissed,2136
2008_YLR_1144,2008 YLR 1144,"395	2008 YLR 1144	Mst. HALEEMA BIBI VS State - Honorable Justice Asif Saeed Khan Khosa - Ch. Ali Muhammad , Nemo	LAHORE-HIGH-COURT-LAHORE",Lahore High Court,2008-01-01,1460,full_judgment,mixed,revision_allowed,3475
2008_YLR_1130,2008 YLR 1130,390	2008 YLR 1130	BEHRIA TOWN through Chief Executive VS Haji MUHAMMAD ANWAR - Honorable Justice Maulvi Anwarul Haq - Rana M. Arshad Khan	LAHORE-HIGH-COURT-LAHORE,Lahore High Court,2008-01-01,940,full_judgment,mixed,revision_dismissed,1516
2008_YLR_1132,2008 YLR 1132,391	2008 YLR 1132	ABDUL QAYYUM VS State - Honorable Justice Muhammad Afzal Soomro - Ghulam Rasool Mangi	KARACHI-HIGH-COURT-SINDH,High Court of Sindh,2008-01-01,1250,full_judgment,mixed,disposed_of,1264
2007_YLR_987,2007 YLR 987,"299	2007 YLR 987	MEHBOOB ALI VS PROVINCE OF SINDH - Honorable Justice SARMAD JALAL OSMANY - Nizamuddin Baluch , Abdul Qadir Abro and Shafqatullah Shaikh	KARACHI-HIGH-COURT-SINDH",High Court of Sindh,2007-01-01,3209,full_judgment,mixed,petition_allowed,1794
2007_YLR_980,2007 YLR 980,"297	2007 YLR 980	MUHAMMAD RAMZAN KHAWAJA VS State - Honorable Justice Azizullah M. Memon and Ghulam Rabbani - Azizullah K. Shaikh , Shafaat Nabi K. Sherwani	KARACHI-HIGH-COURT-SINDH",High Court of Sindh,2007-01-01,2803,full_judgment,mixed,petition_dismissed,2821
2007_YLR_99,2007 YLR 99,"30	2007 YLR 99	ABDUL REHMAN alias ABDUL VS State - Honorable Justice ASIF SAEED KHAN KHOSA - Malik Muhammad Suleman Awan , Ashfaq Ahmad Chaudhry	LAHORE-HIGH-COURT-LAHORE",Lahore High Court,2007-01-01,4814,full_judgment,mixed,appeal_allowed,3427
2007_YLR_97,2007 YLR 97,"LTD. through duly authorized attorney VS MUSLIM COMMERCIAL BANK LIMITED - Honorable Justice Mian Hamid Farooq and Syed Sakhi Hussain Bokhari - Zahoor Ali Nasir Tagha , Shazib Masood	LAHORE-HIGH-COURT-LAHORE",Lahore High Court,2007-01-01,982,full_judgment,mixed,appeal_dismissed,672
2007_YLR_992,2007 YLR 992,"300	2007 YLR 992	YOUNUS BILLOO VS Mst. PIYARI BEGUM - Honorable Justice Munib Ahmed Khan - Abdul Latif Shakoor , Z.K. Jatoi	KARACHI-HIGH-COURT-SINDH",High Court of Sindh,2007-01-01,4936,full_judgment,mixed,unknown,1912
2007_YLR_985,2007 YLR 985,"298	2007 YLR 985	MUHAMMAD RAFIQUE VS State - Honorable Justice Tariq Shamim - Amjad Ali Chatha , Kazim Iqbal Bhangu	LAHORE-HIGH-COURT-LAHORE",Supreme Court of Pakistan,2007-01-01,1034,full_judgment,mixed,unknown,1966
2008_YLR_1261,2008 YLR 1261,435	2008 YLR 1261	HAKIM ALI VS State - Honorable Justice Asif Saeed Khan Khosa - Mirza Abdullah Baig	LAHORE-HIGH-COURT-LAHORE,Lahore High Court,2008-01-01,1952,full_judgment,mixed,appeal_dismissed,1631
2008_YLR_1249,2008 YLR 1249,"430	2008 YLR 1249	Sardar BALAL AHMAD DHILON VS AFTAB AHMAD CHEEMA - Honorable Justice Asif Saeed Khan Khosa - Amjad Farouck Bismell Rajput , Akhtar Ali Qureshi	LAHORE-HIGH-COURT-LAHORE",Lahore High Court,2008-01-01,820,full_judgment,mixed,petition_dismissed,1864
2008_YLR_1268,2008 YLR 1268,438	2008 YLR 1268	ALLAH DAD VS State - Honorable Justice MIAN MUHAMMAD NAJAM,Lahore High Court,2008-01-01,1192,full_judgment,mixed,unknown,1680
2008_YLR_1274,2008 YLR 1274,"440	2008 YLR 1274	ALLIED SERVICES VS CITY, DISTRICT GOVERNMENT KARACHI - Honorable Justice Khalid Ali Z. Qazi - Khalid Daudpota , Manzoor Ahmed	KARACHI-HIGH-COURT-SINDH",High Court of Sindh,2008-01-01,4722,full_judgment,mixed,unknown,1634
2008_YLR_1248,2008 YLR 1248,"429	2008 YLR 1248	BASHARAT ALI CHAUDHRY VS State - Honorable Justice Mian Muhammad Najam-uz-Zaman - Shahid Naeem Mirza , Rai Bashir Ahmad	LAHORE-HIGH-COURT-LAHORE",Supreme Court of Pakistan,2008-01-01,731,full_judgment,mixed,petition_dismissed,1201
2008_YLR_1265,2008 YLR 1265,"437	2008 YLR 1265	MUHAMMAD FAROOQ KHAN VS PROVINCE OF SINDH - Muhammad Zafar , Abdul Jabbar Lakho	KARACHI-HIGH-COURT-SINDH",High Court of Sindh,2008-01-01,1379,full_judgment,mixed,petition_dismissed,1946
2008_YLR_1256,2008 YLR 1256,"434	2008 YLR 1256	ZUBAIDA KHALIQ VS Mst. MEHMOODA SHARIF - Honorable Justice Khawaja Naveed Ahmed - Mubarak Ahmed , Chaudhry Muhammad Iqbal	KARACHI-HIGH-COURT-SINDH",High Court of Sindh,2008-01-01,2624,full_judgment,mixed,unknown,1773
2008_YLR_1255,2008 YLR 1255,433	2008 YLR 1255	MUHAMMAD IQBAL VS State - Rab Nawaz Khan Niazi	LAHORE-HIGH-COURT-LAHORE,Supreme Court of Pakistan,2008-01-01,521,full_judgment,mixed,unknown,1353
2008_YLR_1270,2008 YLR 1270,439	2008 YLR 1270	SHABBIR HUSSAIN VS State - Honorable Justice ALI NAWAZ CHOWHAN - M. Zeeshan	LAHORE-HIGH-COURT-LAHORE,Lahore High Court,2008-01-01,2305,full_judgment,mixed,appeal_dismissed,1429
2008_YLR_1264,2008 YLR 1264,436	2008 YLR 1264	Mst. ASMAT BATOOL VS State - Honorable Justice Bashir A. Mujahid - Nemo	LAHORE-HIGH-COURT-LAHORE,Lahore High Court,2008-01-01,600,full_judgment,mixed,appeal_allowed,1163
2007_YLR_92,2007 YLR 92,"28	2007 YLR 92	MUHAMMAD RIAZ VS State - Honorable Justice MUHAMMAD FARRUKH MAHMUD - Sardar Muhammad Latif Khan Khosa , Maqbool Ahmad Qureshi",Lahore High Court,2007-01-01,3440,full_judgment,mixed,appeal_allowed,1785
2007_YLR_942,2007 YLR 942,"290	2007 YLR 942	MUHAMMAD HUSSAIN VS SOHRAB KHAN - Honorable Justice Maulvi Anwarul Haq - Jehangir A. Jhoja , Rana Muzaffar Hussain	LAHORE-HIGH-COURT-LAHORE",Supreme Court of Pakistan,2007-01-01,3077,full_judgment,mixed,appeal_dismissed,4744
2007_YLR_925,2007 YLR 925,281	2007 YLR 925	Mst. RASHEEDA BANO VS ADDITIONAL DISTRICT JUDGE - Honorable Justice Sh. Hakim Ali - Zafar Ali Hashmi	LAHORE-HIGH-COURT-LAHORE,Lahore High Court,2007-01-01,1273,full_judgment,mixed,petition_dismissed,2518
2007_YLR_928,2007 YLR 928,283	2007 YLR 928	MUHAMMAD YAR VS MUHAMMAD MUZAFFAR KHAN - Honorable Justice Sh. Hakim Ali - Hamid Akhtar	LAHORE-HIGH-COURT-LAHORE,Supreme Court of Pakistan,2007-01-01,1142,full_judgment,mixed,appeal_dismissed,2331
2007_YLR_927,2007 YLR 927,"282	2007 YLR 927	Choudhry ARIF HUSSAIN VS State - Honorable Justice RAHMAT HUSSAIN JAFFERI - Mehmood A. Qureshi , Habib Ahmed	KARACHI-HIGH-COURT-SINDH",High Court of Sindh,2007-01-01,683,full_judgment,mixed,revision_allowed,1704
2007_YLR_939,2007 YLR 939,"288	2007 YLR 939	MUHAMMAD ZAHID SAGHEER VS ZIA-UL-HAQ - Honorable Justice Khawaja Muhammad Sharif - M. Javed Ghani , Ms. Najma Parveen	LAHORE-HIGH-COURT-LAHORE",Supreme Court of Pakistan,2007-01-01,716,full_judgment,mixed,petition_dismissed,1231
2007_YLR_940,2007 YLR 940,"289	2007 YLR 940	FAZAL-UR-REHMAN VS ARSHAD MEHMOOD - Honorable Justice Ijaz-ul-Hassan Khan - Muhammad Asif , Munir Hussain	PESHAWAR-HIGH-COURT",Supreme Court of Pakistan,2007-01-01,1195,full_judgment,mixed,petition_dismissed,2728
2007_YLR_938,2007 YLR 938,"287	2007 YLR 938	FIRST PAK MODARABA VS NAB - Honorable Justice SARMAD JALAL OSMANY - Saalim Salam Ansari , Shafiq Ahmed	KARACHI-HIGH-COURT-SINDH",High Court of Sindh,2007-01-01,505,full_judgment,mixed,disposed_of,1167
2007_YLR_924,2007 YLR 924,"280	2007 YLR 924	ALI SHER VS State - Honorable Justice Ali Sain Dino Metlo - Nisar Ahmed Abro , Muhammad Ismail Bhutto	KARACHI-HIGH-COURT-SINDH",High Court of Sindh,2007-01-01,629,full_judgment,mixed,unknown,1504
2007_YLR_922,2007 YLR 922,"279	2007 YLR 922	LIAQAT ALI VS State - Honorable Justice Fazal-e-Miran Chauhan - Muhammad Naveed Rana , Pir Atif Sajjad Qureshi	LAHORE-HIGH-COURT-LAHORE",Supreme Court of Pakistan,2007-01-01,909,full_judgment,mixed,unknown,880
2007_YLR_937,2007 YLR 937,"286	2007 YLR 937	MUHAMMAD USMAN VS State - Honorable Justice Khawaja Muhammad Sharif - Sardar Sami Hayat , Kashif Sohail Ghaus	LAHORE-HIGH-COURT-LAHORE",Supreme Court of Pakistan,2007-01-01,484,full_judgment,mixed,petition_dismissed,901
2008_YLR_1094,2008 YLR 1094,377	2008 YLR 1094	Malik K.B. AWAN VS Rana MUHAMMAD IRSHAD - Honorable Justice Mian Muhammad Najam-uz-Zaman - Naseem Ullah Khan Niazi	LAHORE-HIGH-COURT-LAHORE,Lahore High Court,2008-01-01,1719,full_judgment,mixed,appeal_dismissed,2303
2008_YLR_1081,2008 YLR 1081,370	2008 YLR 1081	SHAHID HASSAN AWAN VS THE STATE through Chairman National Accountability Bureau Islamabad and another - Ali Sibtain Fazli	LAHORE-HIGH-COURT-LAHORE,Lahore High Court,2008-01-01,1672,full_judgment,mixed,appeal_dismissed,1976
2008_YLR_1077,2008 YLR 1077,368	2008 YLR 1077	ANSAR ALI VS State - Liaqat Ali Butt	LAHORE-HIGH-COURT-LAHORE,Supreme Court of Pakistan,2008-01-01,544,full_judgment,mixed,unknown,1187
2008_YLR_1091,2008 YLR 1091,"375	2008 YLR 1091	MEHDI KHAN VS State - Honorable Justice Syed Shabbar Raza Rizvi - Ch. M. S. Shad , Miss Najma Parveen	LAHORE-HIGH-COURT-LAHORE",Supreme Court of Pakistan,2008-01-01,610,full_judgment,mixed,unknown,1133
2008_YLR_1085,2008 YLR 1085,372	2008 YLR 1085	MUHAMMAD RIAZ VS State - Honorable Justice Ijaz Ahmad Chaudhry - Ch. Noor Muhammad	LAHORE-HIGH-COURT-LAHORE,Supreme Court of Pakistan,2008-01-01,1126,full_judgment,mixed,unknown,1302
2008_YLR_1078,2008 YLR 1078,"369	2008 YLR 1078	RAMSHI VS State - Honorable Justice ANWAR ZAHEER JAMALI - Noor Nabi G. Memo, , Mumtaz Alam Leghari	KARACHI-HIGH-COURT-SINDH",High Court of Sindh,2008-01-01,2133,full_judgment,mixed,revision_dismissed,3424
2008_YLR_1089,2008 YLR 1089,"374	2008 YLR 1089	BADAR MUNIR VS ALI SAFIYAN - Honorable Justice Khawaja Muhammad Sharif - Muhammad Taqi Khan , Ch. Shahid Javed Warriach	LAHORE-HIGH-COURT-LAHORE",Supreme Court of Pakistan,2008-01-01,1030,full_judgment,mixed,petition_allowed,1556
2008_YLR_1092,2008 YLR 1092,376	2008 YLR 1092	NASEER HAIDER VS State - Naveed Inayat Malik	LAHORE-HIGH-COURT-LAHORE,Lahore High Court,2008-01-01,1154,full_judgment,mixed,disposed_of,1918
2008_YLR_1084,2008 YLR 1084,371	2008 YLR 1084	BASHIR AHMED VS State - Honorable Justice Syed Shabbar Raza Rizvi - Muhammad Taqi Khan	LAHORE-HIGH-COURT-LAHORE,Supreme Court of Pakistan,2008-01-01,655,full_judgment,mixed,unknown,1297
2008_YLR_1087,2008 YLR 1087,"373	2008 YLR 1087	NAJMA SWALEH SYED VS THE STATE through National Accountability Bureau and another - Amir Raza Naqvi , Ainuddin Khan	KARACHI-HIGH-COURT-SINDH",High Court of Sindh,2008-01-01,833,full_judgment,mixed,petition_allowed,1445
2007_YLR_9,2007 YLR 9,"3	2007 YLR 9	SAJJAD alias SAKKOO VS State - Honorable Justice Nazir Ahmad Siddiqui - Malik M. Jamshaid Awan , Nasrullah Khan Kakar	LAHORE-HIGH-COURT-LAHORE",Supreme Court of Pakistan,2007-01-01,348,full_judgment,mixed,petition_allowed,825
2007_YLR_709,2007 YLR 709,"221	2007 YLR 709	MUAHMAMD ISMAIL VS PROVINCE OF PUNJAB - Honorable Justice Syed Zahid Hussain - Syed Zafar Ali , Ch. Muhammad Hussain	LAHORE-HIGH-COURT-LAHORE",Supreme Court of Pakistan,2007-01-01,2562,full_judgment,mixed,appeal_dismissed,3486
2007_YLR_694,2007 YLR 694,"214	2007 YLR 694	MUHAMMAD SAQIB VS State - Honorable Justice Sarmad Jalal Osmany - Amir Mansoob Qureshi , Sardaruddin Qureshi	KARACHI-HIGH-COURT-SINDH",Supreme Court of Pakistan,2007-01-01,1145,full_judgment,mixed,unknown,1517
2007_YLR_702,2007 YLR 702,"219	2007 YLR 702	Mst. SARWARI BIBI VS ARSHAD ALI KHAN - Honorable Justice Syed Hamid Ali Shah - Zafar Iqbal Chauhan , Syed Farooq Hassan Naqvi	LAHORE-HIGH-COURT-LAHORE",Lahore High Court,2007-01-01,1860,full_judgment,mixed,remanded,2767
2007_YLR_705,2007 YLR 705,"220	2007 YLR 705	MUHAMMAD JAMEEL VS State - Honorable Justice Sajjad Ali Shah - Aamir Mansoob Qureshi , Agha Zafir	KARACHI-HIGH-COURT-SINDH",High Court of Sindh,2007-01-01,1942,full_judgment,mixed,unknown,2507
2007_YLR_693,2007 YLR 693,"213	2007 YLR 693	AHMAD SOHAIB VS PROVINCE OF PUNJAB through Secretary Housing - Honorable Justice Syed Hamid Ali Shah - Petitioner in person. , Mumtaz Hussain Bokhari	LAHORE-HIGH-COURT-LAHORE",Lahore High Court,2007-01-01,714,full_judgment,mixed,appeal_dismissed,1302
2007_YLR_699,2007 YLR 699,"217	2007 YLR 699	QASIM alias BHAI VS State - Honorable Justice Sh. Javaid Sarfraz - Ejaz Ahmad Janjua , Sardar Bilal Ahmad	LAHORE-HIGH-COURT-LAHORE",Supreme Court of Pakistan,2007-01-01,559,full_judgment,mixed,petition_dismissed,1331
2007_YLR_700,2007 YLR 700,"218	2007 YLR 700	ABDUL GHAFOOR VS State - Honorable Justice NADEEM AZHAR SIDDIQI - Ghulam Muhammad Khan Durrani , Ghulam Dastagir Shahani	KARACHI-HIGH-COURT-SINDH",High Court of Sindh,2007-01-01,1440,full_judgment,mixed,revision_allowed,2790
2007_YLR_697,2007 YLR 697,"216	2007 YLR 697	MUHAMMAD SIDDIQUE VS State - Honorable Justice Munib Ahmad Khan - Aamir Mansoob Qureshi , S. Mehmood Alam Rizvi	KARACHI-HIGH-COURT-SINDH",High Court of Sindh,2007-01-01,841,full_judgment,mixed,unknown,1271
2007_YLR_696,2007 YLR 696,"215	2007 YLR 696	MUHAMMAD AKRAM VS State - Honorable Justice Fazal-e-Miran Chauhan - Ijaz Hussain Gorcha , M. Aslam Malik	LAHORE-HIGH-COURT-LAHORE",Supreme Court of Pakistan,2007-01-01,643,full_judgment,mixed,unknown,1323
2007_YLR_53,2007 YLR 53,"19	2007 YLR 53	HAQ NAWAZ through Legal Heirs VS MAKHANA - Honorable Justice Syed Hamid Ali Shah - Allah Wasaya Malik , Muhammad Akhtar Ali	LAHORE-HIGH-COURT-LAHORE",Lahore High Court,2007-01-01,1907,full_judgment,mixed,appeal_dismissed,1658
2007_YLR_549,2007 YLR 549,"186	2007 YLR 549	Messrs OUT DOOR ADVERTISING WELFARE ASSOCIATION, KARACHI VS UNION ADMINISTRATION - Honorable Justice SABIHUDDIN AHMAD - Khadim Hussain Abro , Ms. Munawar Sultana	KARACHI-HIGH-COURT-SINDH",Supreme Court of Pakistan,2007-01-01,816,full_judgment,mixed,disposed_of,1900
2007_YLR_530,2007 YLR 530,"182	2007 YLR 530	MUHAMMAD AKRAM VS State - Honorable Justice Syed Sajjad Hussain Shah - Malik Rab Nawaz Noon , M. D. Shehzad	LAHORE-HIGH-COURT-LAHORE",Lahore High Court,2007-01-01,2130,full_judgment,mixed,appeal_dismissed,2212
2007_YLR_534,2007 YLR 534,"183	2007 YLR 534	MUHAMMAD YAQOOB VS State - Honorable Justice Syed Sakhi Hussain Bokhari - Mian Mahmood Ahmad , M. Saleem Shad	LAHORE-HIGH-COURT-LAHORE",Lahore High Court,2007-01-01,4183,full_judgment,mixed,appeal_allowed,3433
2007_YLR_541,2007 YLR 541,"184	2007 YLR 541	GHULAM HAIDER JAMRO VS CHAIRMAN, NAB - Honorable Justice ANWAR ZAHEER JAMALI - Nuruddin Sarki , Shafaat Nabi Khan Sherwani	KARACHI-HIGH-COURT-SINDH",High Court of Sindh,2007-01-01,2340,full_judgment,mixed,unknown,2239
2007_YLR_545,2007 YLR 545,"185	2007 YLR 545	ASAL KHAN VS MAUSAM KHAN - Honorable Justice Muhammad Raza Khan - Gauhar Zaman Khan Kundi , Rustam Khan Kundi, Mazhar Alam Khan, Faridullah Khan Kundi and Tahir Iqbal Khan	PESHAWAR-HIGH-COURT",Peshawar High Court,2007-01-01,2520,full_judgment,mixed,unknown,2223
2008_YLR_1510,2008 YLR 1510,500	2008 YLR 1510	MUHAMMAD ASHRAF VS State - Honorable Justice M. Bilal khan - Dr. Khalid Ranjha	LAHORE-HIGH-COURT-LAHORE,Lahore High Court,2008-01-01,3360,full_judgment,mixed,appeal_allowed,2238
2008_YLR_1505,2008 YLR 1505,497	2008 YLR 1505	KHAN MUHAMMAD VS State - Honorable Justice Farrukh Zia G. Shaikh - Mumtaz Ali Khan Deshmukh	KARACHI-HIGH-COURT-SINDH,High Court of Sindh,2008-01-01,1110,full_judgment,mixed,unknown,1370
2008_YLR_1517,2008 YLR 1517,502	2008 YLR 1517	MUHAMMAD AFZAAL VS State - Honorable Justice Mian Muhammad Najam-Uz-Zaman - Rana Muhammad Arshad Khan	LAHORE-HIGH-COURT-LAHORE,Lahore High Court,2008-01-01,3145,full_judgment,mixed,appeal_dismissed,2244
2008_YLR_1498,2008 YLR 1498,495	2008 YLR 1498	NAZIR alias NAZRU VS State - Honorable Justice Mian Muhammad Najam-Uz-Zaman - S.M. Idrees	LAHORE-HIGH-COURT-LAHORE,Lahore High Court,2008-01-01,3098,full_judgment,mixed,appeal_allowed,2423
2008_YLR_1508,2008 YLR 1508,499	2008 YLR 1508	Mian MUNWR AHMED VS FEDERATION OF PAKISTAN - Hasan Akbar	KARACHI-HIGH-COURT-SINDH,High Court of Sindh,2008-01-01,1062,full_judgment,mixed,petition_allowed,2356
2008_YLR_1503,2008 YLR 1503,496	2008 YLR 1503	Qari KAFAIT ULLAH VS State - Honorable Justice Khawaja Muhammad Sharif - Masood Mirza and Bashir Abbas Khan	LAHORE-HIGH-COURT-LAHORE,Lahore High Court,2008-01-01,1432,full_judgment,mixed,appeal_allowed,1787
2008_YLR_1493,2008 YLR 1493,"494	2008 YLR 1493	Dr. FAHMIDA MIRZA VS FEDERATION OF PAKISTAN - Honorable Justice Syed Mahmood Alam Rizvi - Anwar Mansoor Khan and Bashir Ahmed Khan , Ali Ahmed Junejo	KARACHI-HIGH-COURT-SINDH",High Court of Sindh,2008-01-01,3169,full_judgment,mixed,remanded,2948
2008_YLR_1516,2008 YLR 1516,501	2008 YLR 1516	KHADIM HUSSAIN VS State - Honorable Justice Dr. Rana Muhammad Shamim - Imdad Ali Awan	KARACHI-HIGH-COURT-SINDH,High Court of Sindh,2008-01-01,887,full_judgment,mixed,unknown,1271
2008_YLR_1507,2008 YLR 1507,"498	2008 YLR 1507	AMJAD SHAH VS STATION HOUSE OFFICER, POLICE STATION SUKHEKI - Honorable Justice Ali Nawaz Chowhan - Syed Faizul Hassan	LAHORE-HIGH-COURT-LAHORE",Lahore High Court,2008-01-01,412,full_judgment,mixed,disposed_of,776
2008_YLR_1334,2008 YLR 1334,453	2008 YLR 1334	MUHAMMAD NOMAN KHAN VS State - Honorable Justice M.A. Zafar - Malik Noor Muhammad Awan	LAHORE-HIGH-COURT-LAHORE,Lahore High Court,2008-01-01,1638,full_judgment,mixed,petition_allowed,2899
2008_YLR_1330,2008 YLR 1330,452	2008 YLR 1330	ABDUL HAQ VS State - Honorable Justice Mian Muhammad Najam-uz-Zaman - Sardar Muhammad Lateef Khan Khosa	LAHORE-HIGH-COURT-LAHORE,Lahore High Court,2008-01-01,2092,full_judgment,mixed,appeal_dismissed,2751
2008_YLR_1337,2008 YLR 1337,454	2008 YLR 1337	REHMAT ULLAH VS State - Honorable Justice M. Naeemullah Khan Sherwani - Zafar Iqbal Chohan	LAHORE-HIGH-COURT-LAHORE,Lahore High Court,2008-01-01,1750,full_judgment,mixed,appeal_dismissed,2304
2008_YLR_1423,2008 YLR 1423,476	2008 YLR 1423	ABAIDULLA H VS SHAUKAT ALI - Asghar Ali	LAHORE-HIGH-COURT-LAHORE,Lahore High Court,2008-01-01,609,full_judgment,mixed,appeal_dismissed,1164
2008_YLR_1427,2008 YLR 1427,478	2008 YLR 1427	MUHAMMAD KHAN alias MAMMAN VS State - Honorable Justice Asif Saeed Khan Khosa - Muhammad Zahid Abbasi	LAHORE-HIGH-COURT-LAHORE,Lahore High Court,2008-01-01,4251,full_judgment,mixed,disposed_of,2241
2008_YLR_1340,2008 YLR 1340,"455	2008 YLR 1340	Mst. RUKHSANA KAUSAR VS D.P.O. TOBA TEK SINGH - Honorable Justice Tassaduq Hussain Jillani - Fahad Ahmad Siddiqui , Chaudhry Tariq Javed	LAHORE-HIGH-COURT-LAHORE",Lahore High Court,2008-01-01,728,full_judgment,mixed,appeal_allowed,975
2008_YLR_1434,2008 YLR 1434,480	2008 YLR 1434	MUKHTAR AHMAD VS State - Honorable Justice Ali Nawaz Chowhan - S.M. Masud with Javed Kasuri	LAHORE-HIGH-COURT-LAHORE,Lahore High Court,2008-01-01,4770,full_judgment,mixed,disposed_of,2180
2008_YLR_1424,2008 YLR 1424,"477	2008 YLR 1424	AMANAT ALI VS State - Honorable Justice Rustam Ali Malik - Muhammad Ahmad Khan , Chaudhry M. Suleman	LAHORE-HIGH-COURT-LAHORE",Lahore High Court,2008-01-01,1313,full_judgment,mixed,unknown,1614
2008_YLR_1433,2008 YLR 1433,479	2008 YLR 1433	RIAZ AHMAD VS State - Honorable Justice Mian Muhammad Najam-uz-Zaman - Asghar Ali	LAHORE-HIGH-COURT-LAHORE,Supreme Court of Pakistan,2008-01-01,583,full_judgment,mixed,petition_allowed,1393
2008_YLR_1456,2008 YLR 1456,487	2008 YLR 1456	RIZWAN AHMAD VS State - Honorable Justice M. Naeemullah Khan Sherwani - Ata-ul-Mohsin Lak	LAHORE-HIGH-COURT-LAHORE,Lahore High Court,2008-01-01,3418,full_judgment,mixed,appeal_allowed,2447
2008_YLR_1444,2008 YLR 1444,482	2008 YLR 1444	MUHAMMAD KHALID VS State - Honorable Justice Bashir A. Mujahid - Aftab Ahmad Gullo	LAHORE-HIGH-COURT-LAHORE,Lahore High Court,2008-01-01,880,full_judgment,mixed,appeal_dismissed,1141
2008_YLR_1453,2008 YLR 1453,486	2008 YLR 1453	MUHAMMAD SULTAN VS State - Honorable Justice Khawaja Muhammad Sharif - Sh. Asghar Ali	LAHORE-HIGH-COURT-LAHORE,Lahore High Court,2008-01-01,1711,full_judgment,mixed,unknown,2354
2008_YLR_1462,2008 YLR 1462,488	2008 YLR 1462	MUHAMMAD ASHRAF alias BHULLER VS State - Honorable Justice Muhammad Ahsan Bhoon - Rana Muhammad Arif	LAHORE-HIGH-COURT-LAHORE,Supreme Court of Pakistan,2008-01-01,2053,full_judgment,mixed,petition_allowed,3574
2008_YLR_1451,2008 YLR 1451,485	2008 YLR 1451	JAVED IQBAL VS State - Honorable Justice Asif Saeed Khan Khosa - Mirza Abdullah Baig	LAHORE-HIGH-COURT-LAHORE,Lahore High Court,2008-01-01,1523,full_judgment,mixed,appeal_dismissed,1646
2008_YLR_1446,2008 YLR 1446,"483	2008 YLR 1446	ABDUR RAUF KHAN VS PUBLIC AT-LARGE - Honorable Justice Sardar M. Ashraf Khan - Sardar Atta-Elahi , Sardar Fahim Abbasi	SHARIAT-COURT-AZAD-KASHMIR",Superior Courts of Pakistan,2008-01-01,1646,full_judgment,mixed,appeal_dismissed,3311
2008_YLR_1465,2008 YLR 1465,489	2008 YLR 1465	RAHAM DAD VS State - Honorable Justice M. Javed Buttar - Aftab Ahmad Bajwa	LAHORE-HIGH-COURT-LAHORE,Lahore High Court,2008-01-01,1838,full_judgment,mixed,appeal_dismissed,1248
2008_YLR_1443,2008 YLR 1443,481	2008 YLR 1443	MUHAMMAD ISHFAQ VS State - Honorable Justice Sh. Abdul Rashid - Rana Muhammad Ayub Joya	LAHORE-HIGH-COURT-LAHORE,Supreme Court of Pakistan,2008-01-01,821,full_judgment,mixed,unknown,980
2008_YLR_1449,2008 YLR 1449,484	2008 YLR 1449	MUJAHID alias BILLA VS State - Honorable Justice M. Bilal Khan - Ch. Fawad Hussain	LAHORE-HIGH-COURT-LAHORE,Supreme Court of Pakistan,2008-01-01,1100,full_judgment,mixed,petition_allowed,1612
2008_YLR_1594,2008 YLR 1594,"530	2008 YLR 1594	MUHAMMAD KHALID SARDAR VS PROVINCIAL ELECTION COMMISSIONER, PUNJAB LAHORE - Honorable Justice Syed Asghar Haider - Shoib Zafar	LAHORE-HIGH-COURT-LAHORE",Lahore High Court,2008-01-01,523,full_judgment,mixed,petition_dismissed,1430
2008_YLR_1578,2008 YLR 1578,525	2008 YLR 1578	MUHAMMAD MUNIR VS State - Honorable Justice Bashir A. Mujahid - Waseem Ahmad Butt	LAHORE-HIGH-COURT-LAHORE,Lahore High Court,2008-01-01,2559,full_judgment,mixed,appeal_dismissed,1950
2008_YLR_1575,2008 YLR 1575,524	2008 YLR 1575	KHALILUR REHMAN VS State - Honorable Justice Muhammad Afzal Soomro - Adnan A. Karim	KARACHI-HIGH-COURT-SINDH,High Court of Sindh,2008-01-01,1769,full_judgment,mixed,unknown,1826
2008_YLR_1591,2008 YLR 1591,529	2008 YLR 1591	MUHAMMAD AMIN VS State - Honorable Justice Abdul Shakoor Paracha - Masood Akhtar Sheikh	LAHORE-HIGH-COURT-LAHORE,Lahore High Court,2008-01-01,1602,full_judgment,mixed,appeal_dismissed,2188
2008_YLR_1595,2008 YLR 1595,"531	2008 YLR 1595	Mst. SEEMA JOTOI VS PROVINCE OF SINDH through Secretary Home Department - Honorable Justice Farrukh Zia G. Shaikh - Abdul Haleem Qureshi , Habibur Rehman Shaikh	KARACHI-HIGH-COURT-SINDH",High Court of Sindh,2008-01-01,2454,full_judgment,mixed,petition_allowed,2833
2008_YLR_1586,2008 YLR 1586,"527	2008 YLR 1586	UNITED BANK LTD. through Attorneys VS MUHAMMAD IRFAN - Malik M. Riaz , Nemo	KARACHI-HIGH-COURT-SINDH",High Court of Sindh,2008-01-01,863,full_judgment,mixed,remanded,795
2008_YLR_1582,2008 YLR 1582,"526	2008 YLR 1582	MUHAMMAD ZAFAR IQBAL VS MUNIR AHMAD - Honorable Justice Khawaja Muhammad Sharif - Mian Tariq Shafiq Bhindara , Faisal Mehmood Khan	LAHORE-HIGH-COURT-LAHORE",Lahore High Court,2008-01-01,1719,full_judgment,mixed,unknown,2628
2008_YLR_1587,2008 YLR 1587,"528	2008 YLR 1587	SHAHZAD YOUSAF VS PROVINCE OF SINDH - Honorable Justice Syed Pir Ali Shah - Mushtaq A. Memon and Muhammad Ali Hakro , Ahmed Pirzada	KARACHI-HIGH-COURT-SINDH",High Court of Sindh,2008-01-01,2356,full_judgment,mixed,petition_allowed,2793
2008_YLR_1571,2008 YLR 1571,523	2008 YLR 1571	Mst. NAGINA VS MUHAMMAD HUSSAIN - Honorable Justice Syed Hamid Ali Shah - Kanwar Intizar Muhammad Khan	LAHORE-HIGH-COURT-LAHORE,Supreme Court of Pakistan,2008-01-01,2268,full_judgment,mixed,petition_dismissed,2973
2008_YLR_1599,2008 YLR 1599,532	2008 YLR 1599	MUHAMMAD AKRAM VS RIAZ - Honorable Justice Rustam Ali Malik - Amjad Ali Chathha	LAHORE-HIGH-COURT-LAHORE,Lahore High Court,2008-01-01,1552,full_judgment,mixed,appeal_dismissed,1347
2008_YLR_1163,2008 YLR 1163,"399	2008 YLR 1163	State VS MUHAMMAD ASHRAF - Honorable Justice M. Bilal Khan - , Mohsin Raza	LAHORE-HIGH-COURT-LAHORE",Lahore High Court,2008-01-01,834,full_judgment,mixed,appeal_dismissed,1657
2008_YLR_1159,2008 YLR 1159,398	2008 YLR 1159	SHAHID alias PARVEZ VS State - Honorable Justice MIAN MUHAMMAD NAJAM,Lahore High Court,2008-01-01,2402,full_judgment,mixed,appeal_dismissed,1631
2008_YLR_1176,2008 YLR 1176,402	2008 YLR 1176	Mst. TASLEEM BIBI VS State - Honorable Justice Asif Saeed Khan Khosa - Ikramud Din	LAHORE-HIGH-COURT-LAHORE,Lahore High Court,2008-01-01,1635,full_judgment,mixed,unknown,1395
2008_YLR_1167,2008 YLR 1167,401	2008 YLR 1167	SULTAN VS State - Honorable Justice ALI NAWAZ CHOWHAN - Khawaja Sultan Ahmad	LAHORE-HIGH-COURT-LAHORE,Lahore High Court,2008-01-01,5192,full_judgment,mixed,disposed_of,2238
2008_YLR_1164,2008 YLR 1164,400	2008 YLR 1164	TOTI KHAN VS State - Honorable Justice ABDUL SHAKOOR PARACHA - 	LAHORE-HIGH-COURT-LAHORE,Lahore High Court,2008-01-01,1700,full_judgment,mixed,appeal_dismissed,1895
2008_YLR_1282,2008 YLR 1282,441	2008 YLR 1282	SOHAIL AHMAD VS State - Honorable Justice Asif Saeed Khan Khosa - Mrs. Erum Sajjad Gul	LAHORE-HIGH-COURT-LAHORE,Supreme Court of Pakistan,2008-01-01,3749,full_judgment,mixed,unknown,4129
2008_YLR_1299,2008 YLR 1299,"444	2008 YLR 1299	AL-NOOR FERTILIZER INDUSTRIES LTD VS PROVINCE OF SINDH - Honorable Justice Mrs. Yasmin Abbasey - Arshad Tayyab Ali , Muhammad Ali Hakro	KARACHI-HIGH-COURT-SINDH",High Court of Sindh,2008-01-01,3283,full_judgment,mixed,appeal_dismissed,2387
2008_YLR_1290,2008 YLR 1290,443	2008 YLR 1290	MUHAMMAD IMRAN VS State - Honorable Justice M. Bilal khan - Sardar Khurram Latif Khan Khosa	LAHORE-HIGH-COURT-LAHORE,Lahore High Court,2008-01-01,5841,full_judgment,mixed,unknown,3344
2008_YLR_1287,2008 YLR 1287,"442	2008 YLR 1287	Major S.M. HAFIZ VS SHAFQAT ALI QURESHI - Honorable Justice Nadeem Azhar Siddiqi - Muhammad Ali. A Hakro , Zamir Ghumro	KARACHI-HIGH-COURT-SINDH",Supreme Court of Pakistan,2008-01-01,1903,full_judgment,mixed,unknown,2175
2008_YLR_1305,2008 YLR 1305,445	2008 YLR 1305	MUHAMMAD ARSHAD alias KAKA VS State - Honorable Justice Rustam Ali Malik - Muhammad Yu Khan Dah	LAHORE-HIGH-COURT-LAHORE,Lahore High Court,2008-01-01,3064,full_judgment,mixed,appeal_dismissed,1224
2007_YLR_919,2007 YLR 919,"277	2007 YLR 919	Mst. KALSOOM BIBI VS State - Honorable Justice Asif Saeed Khan Khosa - Zafar Iqbal Chohan , Saleem Shad for the State with Muhammad Yousaf	LAHORE-HIGH-COURT-LAHORE",Supreme Court of Pakistan,2007-01-01,672,full_judgment,mixed,petition_allowed,1479
2007_YLR_916,2007 YLR 916,"276	2007 YLR 916	AMIR KHAN VS AJAB KHAN - Honorable Justice Ijaz-ul-Hassan Khan - Iftikhar Butt , Miss Nusrat Yasmeem	PESHAWAR-HIGH-COURT",Peshawar High Court,2007-01-01,2157,full_judgment,mixed,appeal_dismissed,3525
2007_YLR_910,2007 YLR 910,"274	2007 YLR 910	Mst. SALEEMA BIBI VS Mst. RAMZAN BIBI - Honorable Justice Maulvi Anwarul Haq - Ch. Farooq Mahmood Kahloon , Masood A. Malik	LAHORE-HIGH-COURT-LAHORE",Supreme Court of Pakistan,2007-01-01,2871,full_judgment,mixed,disposed_of,4833
2007_YLR_921,2007 YLR 921,"278	2007 YLR 921	OMED ALI VS State - Honorable Justice Munib Ahmed Khan - Asif Ali Abdul Razzak Soomro , Muhammad Salaam Jassar	KARACHI-HIGH-COURT-SINDH",High Court of Sindh,2007-01-01,740,full_judgment,mixed,unknown,1312
2007_YLR_904,2007 YLR 904,"273	2007 YLR 904	SABIR KHAN VS State - Honorable Justice IJAZ-UL-HASSAN KHAN - Waheedullah Khalil , Sher Bahadur	PESHAWAR-HIGH-COURT",Peshawar High Court,2007-01-01,3156,full_judgment,mixed,appeal_dismissed,6639
2007_YLR_914,2007 YLR 914,"275	2007 YLR 914	ABDUL REHMAN VS State - Honorable Justice M.A. Shahid Siddiqui - Malik Munisf Awan , Irfan Gul	KARACHI-HIGH-COURT-SINDH",Supreme Court of Pakistan,2007-01-01,549,full_judgment,mixed,unknown,885
2007_YLR_903,2007 YLR 903,"272	2007 YLR 903	GHULAM ABBAS alias ABBAS VS State - Honorable Justice Mrs. Qaisar Iqbal - Muhammad Iqbal Kalhoro , Riazuddin Siddiqui	KARACHI-HIGH-COURT-SINDH",High Court of Sindh,2007-01-01,920,full_judgment,mixed,unknown,1206
2007_YLR_898,2007 YLR 898,"269	2007 YLR 898	FARZANA through L.Rs. VS NIKKA alias HASOO through Mst. Allah Wasai - Honorable Justice Mian Hamid Farooq - Zafar Iqbal Chohan , Mian Shah Abbas	LAHORE-HIGH-COURT-LAHORE",Lahore High Court,2007-01-01,349,full_judgment,mixed,appeal_allowed,901
2007_YLR_901,2007 YLR 901,"271	2007 YLR 901	MUHAMMAD IMRAN VS State - Honorable Justice Khawaja Muhammad Sharif - Hafiz Khalil Ahmad , Tabasem Ansar for the State with Sanaullah	LAHORE-HIGH-COURT-LAHORE",Supreme Court of Pakistan,2007-01-01,943,full_judgment,mixed,unknown,1758
2007_YLR_899,2007 YLR 899,"270	2007 YLR 899	MEERAL alias MEERO VS State - Honorable Justice Gulzar Ahmed - Abdul Rasool Abbasi , Rasheed A. Qureshi	KARACHI-HIGH-COURT-SINDH",High Court of Sindh,2007-01-01,1429,full_judgment,mixed,unknown,2325
2008_YLR_1321,2008 YLR 1321,450	2008 YLR 1321	MUHAMMAD IMRAN through Shabbir Ahmad Mukhtar VS State - Honorable Justice M.A. Zafar - Saif-ul-Malook	LAHORE-HIGH-COURT-LAHORE,Lahore High Court,2008-01-01,3801,full_judgment,mixed,appeal_dismissed,3868
2008_YLR_1309,2008 YLR 1309,446	2008 YLR 1309	KHURRAM SHEHZAD VS State - Honorable Justice M.A. Zafar - Kh. Sultan Ahmad	LAHORE-HIGH-COURT-LAHORE,Lahore High Court,2008-01-01,3284,full_judgment,mixed,appeal_allowed,1373
2008_YLR_1315,2008 YLR 1315,447	2008 YLR 1315	UMAR DRAZ alias UMAR HAYAT VS State - Honorable Justice Khawaja Muhammad Sharif - C.M. Latif Rawn	LAHORE-HIGH-COURT-LAHORE,Lahore High Court,2008-01-01,2055,full_judgment,mixed,appeal_dismissed,2237
2008_YLR_1328,2008 YLR 1328,451	2008 YLR 1328	MUHAMMAD NAWAZ VS State - Honorable Justice Khawaja Muhammad Sharif - Muhammad Asghar Khan Rokhari	LAHORE-HIGH-COURT-LAHORE,Lahore High Court,2008-01-01,1663,full_judgment,mixed,appeal_dismissed,1718
2008_YLR_1320,2008 YLR 1320,"449	2008 YLR 1320	RAHIM DAD through Sultan Jan VS State - Honorable Justice Ali Nawaz Chowhan - S.M. Masud , Nina Zubova	LAHORE-HIGH-COURT-LAHORE",Lahore High Court,2008-01-01,795,full_judgment,mixed,unknown,916
2008_YLR_1319,2008 YLR 1319,448	2008 YLR 1319	SHER MUHAMMAD TAHIR VS JAMEEL KHAN - Honorable Justice Jawwad S. Khawaja - Ch. Riasat Ali	LAHORE-HIGH-COURT-LAHORE,Lahore High Court,2008-01-01,747,full_judgment,mixed,disposed_of,2248
2008_YLR_1669,2008 YLR 1669,552	2008 YLR 1669	Mst. MEHNAZ VS JUDICIAL MAGISTRATE 1ST CLASS,Supreme Court of Pakistan,2008-01-01,1956,full_judgment,mixed,unknown,2937
2008_YLR_1641,2008 YLR 1641,"550	2008 YLR 1641	MUHAMMAD YASIN VS III-ADDITIONAL DISTRICT JUDGE, KARACHI SOUTH - Honorable Justice Azizullah M. Memon - Abdul Aziz Khan and Abdul Qadir Khan , Muhammad Sher Awan	KARACHI-HIGH-COURT-SINDH",High Court of Sindh,2008-01-01,13790,full_judgment,mixed,remanded,3328
2008_YLR_1665,2008 YLR 1665,"551	2008 YLR 1665	MUHAMMAD FIAZ VS ELECTION TRIBUNAL PUNJAB, LAHORE - Honorable Justice Hasnat Ahmad Khan - Khawaja Saeed-uz-Zafar , Agha Abul Hassan	LAHORE-HIGH-COURT-LAHORE",Supreme Court of Pakistan,2008-01-01,2149,full_judgment,mixed,appeal_allowed,3783
2008_YLR_1239,2008 YLR 1239,"427	2008 YLR 1239	ANWAR SAJJID VS ABDUL RASHID KHAN - Honorable Justice Khilji Arif Hussain - Muhammad Aziz Khan , Muhammad Aminullah Siddiqui	KARACHI-HIGH-COURT-SINDH",High Court of Sindh,2008-01-01,4635,full_judgment,mixed,unknown,1874
2008_YLR_1235,2008 YLR 1235,426	2008 YLR 1235	ANSAR ALI VS State - Honorable Justice ASIF SAEED KHAN KHOSA - Sardar Muhammad Raman	LAHORE-HIGH-COURT-LAHORE,Lahore High Court,2008-01-01,2385,full_judgment,mixed,appeal_allowed,2949
2008_YLR_1223,2008 YLR 1223,418	2008 YLR 1223	KAMRAN QURESHI VS State - Honorable Justice Mrs. Yasmin Abbasey - Mahmood Alam Abbasi	KARACHI-HIGH-COURT-SINDH,High Court of Sindh,2008-01-01,530,full_judgment,mixed,unknown,1179
2008_YLR_1225,2008 YLR 1225,420	2008 YLR 1225	ZAHEER ABBAS VS State - Ch. Mahmood Ali	LAHORE-HIGH-COURT-LAHORE,Lahore High Court,2008-01-01,885,full_judgment,mixed,petition_dismissed,1844
2008_YLR_1228,2008 YLR 1228,422	2008 YLR 1228	MUSHTAQ AHMAD VS State - Honorable Justice Khawaja Muhammad Sharif - Khalid Ikram Khatana	LAHORE-HIGH-COURT-LAHORE,Lahore High Court,2008-01-01,1665,full_judgment,mixed,disposed_of,1401
2008_YLR_1224,2008 YLR 1224,419	2008 YLR 1224	FARZAND ALI VS State - Honorable Justice ALI NAWAZ CHOWHAN - Rana Sohail Iqbal	LAHORE-HIGH-COURT-LAHORE,Lahore High Court,2008-01-01,689,full_judgment,mixed,disposed_of,797
2008_YLR_1246,2008 YLR 1246,428	2008 YLR 1246	CHIRAGH DIN VS State - Honorable Justice Rustam Ali Malik - Zahid Iqbal Malik	LAHORE-HIGH-COURT-LAHORE,Supreme Court of Pakistan,2008-01-01,1155,full_judgment,mixed,unknown,906
2008_YLR_1231,2008 YLR 1231,"423	2008 YLR 1231	SIRAJ AHMED KHAN VS Syed SHAKEEL HAIDER - Honorable Justice NADEEM AZHAR SIDDIQI - Shoaib Bukhari, Nawab Mirza, A. Iqbal Qadri, Saifullah and Zafar Ahmed Khan , Agha Zafir	KARACHI-HIGH-COURT-SINDH",High Court of Sindh,2008-01-01,903,full_judgment,mixed,appeal_allowed,1600
2008_YLR_1227,2008 YLR 1227,"421	2008 YLR 1227	QAISER ZAMAN VS STATION HOUSE OFFICER, P.S. BRIGADE, KARACHI - Honorable Justice Dr. Rana Muhammad Shamim - Jahangir Ahmed	KARACHI-HIGH-COURT-SINDH",Supreme Court of Pakistan,2008-01-01,648,full_judgment,mixed,unknown,1852
2008_YLR_1179,2008 YLR 1179,403	2008 YLR 1179	SHAMSULLAH alias HAWALDAR VS State - Honorable Justice Ali Sain Dino Metlo - Muhammad Nawaz	KARACHI-HIGH-COURT-SINDH,High Court of Sindh,2008-01-01,519,full_judgment,mixed,unknown,838
2008_YLR_1233,2008 YLR 1233,424	2008 YLR 1233	MUHAMMAD NAWAZ VS State - Honorable Justice Rana Zahid Mahmood - Agha I.A. Imran	LAHORE-HIGH-COURT-LAHORE,Supreme Court of Pakistan,2008-01-01,349,full_judgment,mixed,unknown,921
2008_YLR_1672,2008 YLR 1672,553	2008 YLR 1672	GULBAZ VS MUHAMMAD AYUB - Honorable Justice Muhammad Ahsan Bhoon - Syed Zahid Hussain Bokhari and Muhammad Asif Ranjha	LAHORE-HIGH-COURT-LAHORE,Lahore High Court,2008-01-01,5241,full_judgment,mixed,unknown,5798
2008_YLR_1681,2008 YLR 1681,554	2008 YLR 1681	MUHAMMAD NADEEM alias DEMI VS State - Honorable Justice Tariq Shamim - S.D. Qureshi	LAHORE-HIGH-COURT-LAHORE,Supreme Court of Pakistan,2008-01-01,2542,full_judgment,mixed,appeal_dismissed,2927
2008_YLR_1688,2008 YLR 1688,"557	2008 YLR 1688	AZHAR AZIZ KHAN through his Sub-Attorney VS SHAFAAT RASOOL JANJUA - Honorable Justice Muhammad Afzal Soomro - Mirza Sarfaraz Ahmed , K.A. Wahab	KARACHI-HIGH-COURT-SINDH",High Court of Sindh,2008-01-01,3033,full_judgment,mixed,disposed_of,1571
2008_YLR_1686,2008 YLR 1686,556	2008 YLR 1686	Hafiz NAUMAN VS State - Honorable Justice Mazhar Hussain Minhas - Haji Fida Yar Sahoo	LAHORE-HIGH-COURT-LAHORE,Supreme Court of Pakistan,2008-01-01,1228,full_judgment,mixed,petition_dismissed,1854
2008_YLR_1693,2008 YLR 1693,"558	2008 YLR 1693	Mst. SHAHEEN AKHTAR VS MUHAMMAD ARIF - Honorable Justice Khurshid Anwar Bhinder - Syed Shabahat Hussain Tarimzi , Zahid Iqbal Malik	LAHORE-HIGH-COURT-LAHORE",Lahore High Court,2008-01-01,1144,full_judgment,mixed,appeal_dismissed,1562
2008_YLR_1696,2008 YLR 1696,560	2008 YLR 1696	ABDULLAH VS State - Honorable Justice Nadeem Azhar Siddiqi - Asif Ali Abdul Razzak Soomro	KARACHI-HIGH-COURT-SINDH,Supreme Court of Pakistan,2008-01-01,1343,full_judgment,mixed,unknown,1959
2008_YLR_1685,2008 YLR 1685,555	2008 YLR 1685	NASIR ALI SHAH VS State - Honorable Justice Sayed Zahid Hussain - Syed Ghazanfar Ali	LAHORE-HIGH-COURT-LAHORE,Supreme Court of Pakistan,2008-01-01,734,full_judgment,mixed,disposed_of,1567
2008_YLR_1695,2008 YLR 1695,"559	2008 YLR 1695	Mst. SHAMIM BIBI VS JUDICIAL MAGISTRATE, POLICE STATION SAHOOKA - Honorable Justice Syed Sajjad Hussain Shah - Azmat Ali Khanzada , Qazi Khalid Pervaiz	LAHORE-HIGH-COURT-LAHORE",Supreme Court of Pakistan,2008-01-01,591,full_judgment,mixed,unknown,1761
2008_YLR_1741,2008 YLR 1741,573	2008 YLR 1741	KHIZAR HAYAT VS State - Honorable Justice Muhammad Ahsan Bhoon - Rai Muhammad Tufail Khan Kharl	LAHORE-HIGH-COURT-LAHORE,Lahore High Court,2008-01-01,1848,full_judgment,mixed,appeal_dismissed,2514
2008_YLR_1753,2008 YLR 1753,579	2008 YLR 1753	MUKHTIAR VS State - Honorable Justice Dr. Rana Muhammad Shamim - Maqbool Ahmed Awan	KARACHI-HIGH-COURT-SINDH,High Court of Sindh,2008-01-01,1043,full_judgment,mixed,unknown,952
2008_YLR_1744,2008 YLR 1744,"574	2008 YLR 1744	MUHAMMAD IQBAL VS State - Honorable Justice Kazim Ali Malik - Sardar Manzoor Ahmad Khan , Sh. Imtiaz Ahmad	LAHORE-HIGH-COURT-LAHORE",Lahore High Court,2008-01-01,1740,full_judgment,mixed,revision_dismissed,2890
2008_YLR_1755,2008 YLR 1755,580	2008 YLR 1755	NASIR MEHMOOD VS State - Honorable Justice Muhammad Ashraf Bhatti - Khawaja Waseem Abbas	LAHORE-HIGH-COURT-LAHORE,Supreme Court of Pakistan,2008-01-01,4290,full_judgment,mixed,appeal_allowed,3792
2008_YLR_1750,2008 YLR 1750,"577	2008 YLR 1750	NIHAR VS State - Honorable Justice Zia-ud-Din Khattak - Muhammad Nisar Khan , Miss. Hamsheda Begum	PESHAWAR-HIGH-COURT",Peshawar High Court,2008-01-01,601,full_judgment,mixed,unknown,1650
2008_YLR_1747,2008 YLR 1747,575	2008 YLR 1747	HIDAYAT ULLAH alias HIDOO VS State - Honorable Justice Muhammad Athar Saeed - Rasool Bux Soomro	KARACHI-HIGH-COURT-SINDH,High Court of Sindh,2008-01-01,1063,full_judgment,mixed,disposed_of,1441
2008_YLR_1762,2008 YLR 1762,"581	2008 YLR 1762	HASINA SHEIKH VS SIKANDAR HAYAT - Honorable Justice Maulvi Anwarul Haq - Qazi Ahmed Naeem Qureshi , Muhammad Siddique Qureshi	LAHORE-HIGH-COURT-LAHORE",Lahore High Court,2008-01-01,1702,full_judgment,mixed,appeal_allowed,1562
2008_YLR_1749,2008 YLR 1749,576	2008 YLR 1749	RAUF AHMAD VS State - Honorable Justice Zafar Iqbal Chaudhary - Ch. Muhammad Ashraf Jalal	LAHORE-HIGH-COURT-LAHORE,Supreme Court of Pakistan,2008-01-01,765,full_judgment,mixed,petition_allowed,1625
2008_YLR_1765,2008 YLR 1765,"582	2008 YLR 1765	DAWAR KHAN VS NATIONAL ACCOUNTABILITY BUREAU through Chairman - Honorable Justice Syed Musaddiq Hussain Gillani - Fazli Karim , Haider Ali	PESHAWAR-HIGH-COURT",Peshawar High Court,2008-01-01,887,full_judgment,mixed,disposed_of,2390
2008_YLR_1751,2008 YLR 1751,578	2008 YLR 1751	Malik SHAHID ALI alias VICKY VS State - Honorable Justice Muhammad Ahsan Bhoon - Sahir Abass	LAHORE-HIGH-COURT-LAHORE,Supreme Court of Pakistan,2008-01-01,1188,full_judgment,mixed,petition_allowed,1627
2008_YLR_1767,2008 YLR 1767,583	2008 YLR 1767	ABID LATIF VS State - Umer Sharif	LAHORE-HIGH-COURT-LAHORE,Lahore High Court,2008-01-01,2238,full_judgment,mixed,appeal_allowed,2902
2008_YLR_1739,2008 YLR 1739,572	2008 YLR 1739	AIJAZ ALI VS State - Honorable Justice Nadeem Azhar Siddiqi - Ahsan Ahmad Qureshi	KARACHI-HIGH-COURT-SINDH,Supreme Court of Pakistan,2008-01-01,1039,full_judgment,mixed,unknown,1517
2008_YLR_1526,2008 YLR 1526,"505	2008 YLR 1526	MUSADDAQ ABBASI VS ABDUL HAMEED MUGHAL - Honorable Justice Muhammad Akram Qureshi - Nasir Saeed Sh. , Sardar Muhammad Ishaq Khan	LAHORE-HIGH-COURT-LAHORE",Supreme Court of Pakistan,2008-01-01,2484,full_judgment,mixed,petition_dismissed,3433
2008_YLR_1530,2008 YLR 1530,506	2008 YLR 1530	RASHID AHMED VS State - Honorable Justice Dr. Rana Muhammad Shamim - A. Shakoor A. Abbasi	KARACHI-HIGH-COURT-SINDH,High Court of Sindh,2008-01-01,2548,full_judgment,mixed,appeal_dismissed,2431
2008_YLR_1525,2008 YLR 1525,504	2008 YLR 1525	NEMAT ULLAH VS State - Arshad Qayyum	LAHORE-HIGH-COURT-LAHORE,Lahore High Court,2008-01-01,566,full_judgment,mixed,petition_dismissed,1360
2008_YLR_1539,2008 YLR 1539,509	2008 YLR 1539	DILMEER VS State - Honorable Justice Mian Muhammad Najam-Uz-Zaman - Sardar Muhammad Lateef Khan Khosa	LAHORE-HIGH-COURT-LAHORE,Supreme Court of Pakistan,2008-01-01,3426,full_judgment,mixed,appeal_dismissed,2687
2008_YLR_1536,2008 YLR 1536,"508	2008 YLR 1536	MUHAMMAD ASLAM MIANOOR VS PAKISTAN CABLES LTD. - Mushtaq A. Memon , K.A. Wahab	KARACHI-HIGH-COURT-SINDH",High Court of Sindh,2008-01-01,1826,full_judgment,mixed,disposed_of,1959
2008_YLR_1534,2008 YLR 1534,507	2008 YLR 1534	MUHAMMAD SHEHZAD ASLAM VS State - Honorable Justice Khawaja Muhammad Sharif - Imran Aziz Qureshi	LAHORE-HIGH-COURT-LAHORE,Lahore High Court,2008-01-01,727,full_judgment,mixed,unknown,1277
2008_YLR_1544,2008 YLR 1544,510	2008 YLR 1544	MUNIR AHMAD alias FAZALULLAH VS State - Honorable Justice Dr. Rana Muhammad Shamim - Zubair Ahmed Rajput	KARACHI-HIGH-COURT-SINDH,High Court of Sindh,2008-01-01,2162,full_judgment,mixed,petition_dismissed,3666
2008_YLR_1523,2008 YLR 1523,"503	2008 YLR 1523	SHARJEEL YOUNUS VS SALAHUDDIN MIRZA - Honorable Justice Nadeem Azhar Siddiqi - Muhammad Khalid and Aga Faquir Muhammad , Salahuddin Mirza	KARACHI-HIGH-COURT-SINDH",High Court of Sindh,2008-01-01,1160,full_judgment,mixed,unknown,2303
2008_YLR_1562,2008 YLR 1562,517	2008 YLR 1562	MUHAMMAD YOUNIS VS State - Honorable Justice Sh. Abdul Rashid - Mian Shahid Rasool	LAHORE-HIGH-COURT-LAHORE,Lahore High Court,2008-01-01,876,full_judgment,mixed,appeal_allowed,1425
2008_YLR_1565,2008 YLR 1565,519	2008 YLR 1565	WAHID BUX VS State - Honorable Justice Azizullah M. Memon - Nasir Rizwan Khan	KARACHI-HIGH-COURT-SINDH,High Court of Sindh,2008-01-01,991,full_judgment,mixed,unknown,1888
2008_YLR_1553,2008 YLR 1553,"514	2008 YLR 1553	GOVERNMENT OF N.-W.F.P. VS HAMAYUN TAJ - Honorable Justice Muhammad Alam Khan - Tariq Aziz Baloch , Hamayun Taj	PESHAWAR-HIGH-COURT",Peshawar High Court,2008-01-01,2097,full_judgment,mixed,revision_dismissed,2793
2008_YLR_1556,2008 YLR 1556,515	2008 YLR 1556	MUHAMMAD RAMZAN VS State - Honorable Justice Rustam Ali Malik - Abdul Rauf Farooqi	LAHORE-HIGH-COURT-LAHORE,Lahore High Court,2008-01-01,2587,full_judgment,mixed,unknown,1384
2008_YLR_1550,2008 YLR 1550,513	2008 YLR 1550	MUHAMMAD SHAHID VS State - Honorable Justice Muhammad Afzal Soomro - Ghazi Darban Hisbani	KARACHI-HIGH-COURT-SINDH,High Court of Sindh,2008-01-01,1407,full_judgment,mixed,unknown,1828
2008_YLR_1560,2008 YLR 1560,516	2008 YLR 1560	SHAHID HUSSAIN VS State - Honorable Justice Muhammad Moosa k. Leghari - Muhammad Sharif Siyal	KARACHI-HIGH-COURT-SINDH,High Court of Sindh,2008-01-01,838,full_judgment,mixed,unknown,1658
2008_YLR_1549,2008 YLR 1549,512	2008 YLR 1549	MUHAMMAD RAMZAN VS State - Honorable Justice Bashir A. Mujahid - Ch. Irshadullah Chatha	LAHORE-HIGH-COURT-LAHORE,Supreme Court of Pakistan,2008-01-01,596,full_judgment,mixed,appeal_dismissed,932
2008_YLR_1563,2008 YLR 1563,518	2008 YLR 1563	EHSAN ULLAH VS State - Honorable Justice Fazal-e-Miran Chauhan - Rana Abdul Malik	LAHORE-HIGH-COURT-LAHORE,Supreme Court of Pakistan,2008-01-01,839,full_judgment,mixed,petition_dismissed,1429
2008_YLR_1568,2008 YLR 1568,"521	2008 YLR 1568	Mst. TANVEER FATIMA VS MUHAMMAD AKRAM KHAN - Honorable Justice Khilji Arif Hussain - Mirza Sarfraz Ahmed , Nemo	KARACHI-HIGH-COURT-SINDH",High Court of Sindh,2008-01-01,1083,full_judgment,mixed,unknown,1670
2008_YLR_1566,2008 YLR 1566,520	2008 YLR 1566	MUHAMMAD YOUNAS alias JUNA VS State - Honorable Justice Mian Muhammad Najam-uz-Zaman - Malik Muhammad Azam	LAHORE-HIGH-COURT-LAHORE,Lahore High Court,2008-01-01,733,full_judgment,mixed,appeal_allowed,899
2008_YLR_1548,2008 YLR 1548,511	2008 YLR 1548	Mst. FAUZIA VS State - Honorable Justice Fazal-e-Miran Chauhan - Ch. Shahzad Ashraf Mahandra	LAHORE-HIGH-COURT-LAHORE,Supreme Court of Pakistan,2008-01-01,513,full_judgment,mixed,petition_allowed,946
2008_YLR_1570,2008 YLR 1570,522	2008 YLR 1570	MUHAMMAD SALEEM VS State - Honorable Justice Bashir A. Mujahid - A. D. Arif Ch	LAHORE-HIGH-COURT-LAHORE,Lahore High Court,2008-01-01,866,full_judgment,mixed,appeal_dismissed,883
2008_YLR_2039,2008 YLR 2039,"684	2008 YLR 2039	RUTH SAMI AHMAD VS PROVINCE OF SINDH through Secretary, Local Government - S. Sami Ahmed , Fareed Ahmed A. Dayo, Manzoor Ahmed	KARACHI-HIGH-COURT-SINDH",High Court of Sindh,2008-01-01,712,full_judgment,mixed,disposed_of,1441
2008_YLR_2042,2008 YLR 2042,686	2008 YLR 2042	APDA through Chairman VS IRSHAD MEHMOOD - Honorable Justice Sayed Zahid Hussain - Riaz Hussain Khan	LAHORE-HIGH-COURT-LAHORE,Lahore High Court,2008-01-01,521,full_judgment,mixed,appeal_dismissed,1433
2008_YLR_1776,2008 YLR 1776,"587	2008 YLR 1776	ABDUS SALEEM KHAN VS GOVERNMENT OF PUNJAB through Commissioner, Rawalpindi - Honorable Justice Maulvi Anwarul Haq - Rao Fazal Akhtar Khan , Mirza Viqas Rauf	LAHORE-HIGH-COURT-LAHORE",Lahore High Court,2008-01-01,3096,full_judgment,mixed,unknown,2404
2008_YLR_2040,2008 YLR 2040,"FESCO through Chief Executive FESCO VS TAYYAB TEXTILE MILLS LTD - Honorable Justice Mian Saqib Nisar - Umer Sharif , Muhammad Shahzad Shaukat	LAHORE-HIGH-COURT-LAHORE",Supreme Court of Pakistan,2008-01-01,940,full_judgment,mixed,petition_dismissed,2283
2008_YLR_1772,2008 YLR 1772,585	2008 YLR 1772	Syed GULFAM ALI SHAH VS State - Honorable Justice Malik Saeed Ejaz - Altaf Ibrahim Qureshi	LAHORE-HIGH-COURT-LAHORE,Supreme Court of Pakistan,2008-01-01,1238,full_judgment,mixed,unknown,1591
2008_YLR_2037,2008 YLR 2037,"683	2008 YLR 2037	IJAZ IQBAL VS State - Honorable Justice Zafar Iqbal Chaudhry - Naveed Inayat Malik , Mian Ismat Ullah, DP-G	LAHORE-HIGH-COURT-LAHORE",Supreme Court of Pakistan,2008-01-01,1157,full_judgment,mixed,unknown,1417
2008_YLR_1774,2008 YLR 1774,"ZAKAUDDIN KHAN VS S.M. ABDUL FETOUH - Honorable Justice Muhammad Afzal Soomro - Nemo , Ghulam Akbar Jatoi	KARACHI-HIGH-COURT-SINDH",High Court of Sindh,2008-01-01,1058,full_judgment,mixed,appeal_dismissed,1814
2008_YLR_2044,2008 YLR 2044,"688	2008 YLR 2044	FALAK SHER VS VICE-CHANCELLOR, BAHAUDDIN ZAKARIYA UNIVERSITY, MULTAN - Honorable Justice Rana Zahid Mahmood - 	LAHORE-HIGH-COURT-LAHORE",Lahore High Court,2008-01-01,1196,full_judgment,mixed,petition_dismissed,2228
2008_YLR_2043,2008 YLR 2043,"687	2008 YLR 2043	Khawaja MUHAMMAD RAFI VS NAUMAN - Muhammad Iqbal Khanzada , Manzoor Ahmad	KARACHI-HIGH-COURT-SINDH",High Court of Sindh,2008-01-01,413,full_judgment,mixed,petition_dismissed,1380
2008_YLR_2036,2008 YLR 2036,682	2008 YLR 2036	QASIM ALI VS DISTRICT POLICE OFFICER FAISALABAD - Honorable Justice Abdul Shakoor Paracha - Saif-ul-Haq Ziay	LAHORE-HIGH-COURT-LAHORE,Supreme Court of Pakistan,2008-01-01,443,full_judgment,mixed,disposed_of,1468
2008_YLR_2048,2008 YLR 2048,"through Authorized General Secretary VS PROVINCE OF SINDH through Chief Secretary - Siddique Mirza , Manzoor Ahmed	KARACHI-HIGH-COURT-SINDH",High Court of Sindh,2008-01-01,407,full_judgment,mixed,disposed_of,1572
2008_YLR_2035,2008 YLR 2035,681	2008 YLR 2035	Syed BAQAR RAZA VS Messrs SHAHINDA BAQAR - Honorable Justice Munib Ahmad Khan - Jamil Ahmed Virk	KARACHI-HIGH-COURT-SINDH,High Court of Sindh,2008-01-01,454,full_judgment,mixed,appeal_dismissed,1522
2008_YLR_2053,2008 YLR 2053,"692	2008 YLR 2053	K.M. ENTERPRISES VS CITY DISTRICT GOVERNMENT, KARACHI - Arshad Tayabaly , Manzoor Ahmad	KARACHI-HIGH-COURT-SINDH",High Court of Sindh,2008-01-01,1351,full_judgment,mixed,petition_allowed,1881
2008_YLR_1770,2008 YLR 1770,584	2008 YLR 1770	HAFEEZ-UR-REHMAN VS State - Honorable Justice Zafar Iqbal Chaudhry - Muhammad Arif Raja	LAHORE-HIGH-COURT-LAHORE,Supreme Court of Pakistan,2008-01-01,1359,full_judgment,mixed,unknown,1651
2008_YLR_2217,2008 YLR 2217,"745	2008 YLR 2217	NOOR ALI SHAH VS CHAIRMAN, NATIONAL ACCOUNTABILITY BUREAU,",Supreme Court of Pakistan,2008-01-01,1724,full_judgment,mixed,leave_refused,1627
2008_YLR_2240,2008 YLR 2240,751	2008 YLR 2240	KHAN MUHAMMAD VS State - Honorable Justice Khawaja Muhammad Sharif - Khurram Khosa	LAHORE-HIGH-COURT-LAHORE,Lahore High Court,2008-01-01,1742,full_judgment,mixed,appeal_dismissed,1660
2008_YLR_2223,2008 YLR 2223,747	2008 YLR 2223	SAEED AHMED alias PAPOO VS State - Honorable Justice SYED SHABBAR RAZA RIZVI - Zafar Iqbal Chohan and Shawar Khilji	LAHORE-HIGH-COURT-LAHORE,Supreme Court of Pakistan,2008-01-01,3740,full_judgment,mixed,appeal_dismissed,2283
2008_YLR_2229,2008 YLR 2229,748	2008 YLR 2229	ZULFIQAR ALI ABBASI VS THE STATE through Chairman NAB - Honorable Justice Mrs. Qaiser Iqbal and Syed Mahmood Alam Rizvi - Muhammad Ashraf Qazi	KARACHI-HIGH-COURT-SINDH,High Court of Sindh,2008-01-01,1974,full_judgment,mixed,disposed_of,2660
2008_YLR_2235,2008 YLR 2235,"750	2008 YLR 2235	MUHAMMAD PUNHAL CHACHAR VS State - Honorable Justice Arshad Noor Khan - Ashique Illahi N. Sundhrani , Muhammad Iqbal Maher	KARACHI-HIGH-COURT-SINDH",High Court of Sindh,2008-01-01,2952,full_judgment,mixed,appeal_dismissed,2450
2008_YLR_2213,2008 YLR 2213,744	2008 YLR 2213	RASHID VS State - Honorable Justice Khawaja Muhammad Sharif - Muhammad Akram Awan	LAHORE-HIGH-COURT-LAHORE,Lahore High Court,2008-01-01,2273,full_judgment,mixed,disposed_of,1953
2008_YLR_2232,2008 YLR 2232,749	2008 YLR 2232	KHALID alias BAOO VS State - Honorable Justice SH. ABDUL RASHID - Aftab Ahmed Bajwa	LAHORE-HIGH-COURT-LAHORE,Lahore High Court,2008-01-01,1740,full_judgment,mixed,appeal_allowed,2190
2008_YLR_2220,2008 YLR 2220,"746	2008 YLR 2220	JAFFAR HUSSAIN VS KHUSHI MUHAMMAD - Honorable Justice CH. IFTIKHAR HUSSAIN - Yar Muhammad Daha , Mian Abdul Quddous	LAHORE-HIGH-COURT-LAHORE",Lahore High Court,2008-01-01,1157,full_judgment,mixed,appeal_dismissed,1339
2008_YLR_1698,2008 YLR 1698,"561	2008 YLR 1698	SHOUKAT SULTAN VS Haji MUHAMMAD ALAM - Honorable Justice Maulvi Anwarul Haq - Abdul Rashid Awan , Basharat Ullah Khan	LAHORE-HIGH-COURT-LAHORE",Lahore High Court,2008-01-01,1404,full_judgment,mixed,petition_allowed,2491
2008_YLR_1701,2008 YLR 1701,"562	2008 YLR 1701	Mrs. ZUNAIRA KHAN VS FEDERATION OF PAKISTAN through Secretary Ministry of Petroleum and Natural Resources - Honorable Justice Khalid Ali Z. Qazi - Saadat Yar Khan , Tahawar Ali Khan	KARACHI-HIGH-COURT-SINDH",High Court of Sindh,2008-01-01,9085,full_judgment,mixed,unknown,3420
2008_YLR_1738,2008 YLR 1738,"571	2008 YLR 1738	Mian NASIM AKHTAR VS Mst. SHAMIM JAHAN BEGUM - Honorable Justice Mian Saqib Nisar - M. Iqbal , Muhammad Atif Amin	LAHORE-HIGH-COURT-LAHORE",Lahore High Court,2008-01-01,431,full_judgment,mixed,disposed_of,1239
2008_YLR_1717,2008 YLR 1717,564	2008 YLR 1717	RAJIB ALI VS State - Honorable Justice Nadeem Azhar Siddiqi - Abid Hussain Kalhoro	KARACHI-HIGH-COURT-SINDH,High Court of Sindh,2008-01-01,1294,full_judgment,mixed,unknown,1793
2008_YLR_1719,2008 YLR 1719,565	2008 YLR 1719	MUHAMMAD AFZAL VS State - Honorable Justice Khurshid Anwar Bhinder - Ch. Ahmed Saif Ullah	LAHORE-HIGH-COURT-LAHORE,Supreme Court of Pakistan,2008-01-01,1076,full_judgment,mixed,disposed_of,1536
2008_YLR_1716,2008 YLR 1716,563	2008 YLR 1716	MANZOOR HUSSAIN alias MANZOOR VS State - Honorable Justice S. Ali Hassan Rizvi - Allah Bakhsh Khan Kulachi	LAHORE-HIGH-COURT-LAHORE,Supreme Court of Pakistan,2008-01-01,878,full_judgment,mixed,unknown,1761
2008_YLR_1603,2008 YLR 1603,534	2008 YLR 1603	MUHAMMAD SADIQ VS State - Honorable Justice Bashir A. Mujahid - Sh. Sajid	LAHORE-HIGH-COURT-LAHORE,Lahore High Court,2008-01-01,2459,full_judgment,mixed,appeal_allowed,1240
2008_YLR_1601,2008 YLR 1601,533	2008 YLR 1601	MUHAMMAD IJAZ VS State - Honorable Justice Ali Nawaz Chowhan - Shabbir Hussain Dhillon	LAHORE-HIGH-COURT-LAHORE,Supreme Court of Pakistan,2008-01-01,1070,full_judgment,mixed,appeal_allowed,1426
2008_YLR_1634,2008 YLR 1634,"547	2008 YLR 1634	Muhammad Zaman VS CITY DISTRICT GOVERNMENT, KARACHI through City Nazim - Honorable Justice Nadeem Azhar Siddiqi - Shahenshah Hussain , Manoor Ahmed	KARACHI-HIGH-COURT-SINDH",Supreme Court of Pakistan,2008-01-01,1394,full_judgment,mixed,disposed_of,1449
2008_YLR_1638,2008 YLR 1638,"549	2008 YLR 1638	THE STATE through Advocate-General, N. -W . F. P. VS GHULAM NABI - Honorable Justice Zia-Ud-Din Khattak - 	PESHAWAR-HIGH-COURT",Peshawar High Court,2008-01-01,1604,full_judgment,mixed,appeal_dismissed,2412
2008_YLR_1607,2008 YLR 1607,535	2008 YLR 1607	MUHAMMAD FAROOQ VS State - Honorable Justice Saif-ur-Rehman - Altaf Ibraheem Qureshi	LAHORE-HIGH-COURT-LAHORE,Supreme Court of Pakistan,2008-01-01,434,full_judgment,mixed,unknown,931
2008_YLR_1633,2008 YLR 1633,546	2008 YLR 1633	MUHAMMAD AZAM VS State - Honorable Justice Mian Muhammad Najam-uz-Zaman - Naveed Inayat Malik	LAHORE-HIGH-COURT-LAHORE,Supreme Court of Pakistan,2008-01-01,573,full_judgment,mixed,unknown,1215
2008_YLR_1614,2008 YLR 1614,"539	2008 YLR 1614	IFTIKHAR HAMAYUN VS NATIONAL HIGHWAYS AND MOTORWAYS POLICE, through Inspector General, National Highways and Motorway Police, Islamabad - Honorable Justice Nasim Sikandar - Mubeen-ud-Din Qazi	LAHORE-HIGH-COURT-LAHORE",Lahore High Court,2008-01-01,1062,full_judgment,mixed,unknown,1903
2008_YLR_1636,2008 YLR 1636,548	2008 YLR 1636	MOHSAN ALI alias MOHSI VS State - Honorable Justice S. Ali Hassan Rizvi - Altaf Ibrahim Qureshi	LAHORE-HIGH-COURT-LAHORE,Lahore High Court,2008-01-01,1264,full_judgment,mixed,disposed_of,1718
2008_YLR_1632,2008 YLR 1632,545	2008 YLR 1632	UMAR DARAZ VS State - Honorable Justice Saif-ur-Rehman - Mian Ahmad Mahmood	LAHORE-HIGH-COURT-LAHORE,Supreme Court of Pakistan,2008-01-01,500,full_judgment,mixed,unknown,1252
2008_YLR_1611,2008 YLR 1611,"538	2008 YLR 1611	ABDUL QADIR TAWAKKAL VS CHAIRMAN, NAB, ISLAMABAD - Shahab Sarki and Abdul Hameed Chohan	LAHORE-HIGH-COURT-LAHORE",Lahore High Court,2008-01-01,2067,full_judgment,mixed,unknown,2617
2008_YLR_1608,2008 YLR 1608,536	2008 YLR 1608	MUHAMMAD ASLAM VS State - Altaf Ibrahim Qureshi	LAHORE-HIGH-COURT-LAHORE,Supreme Court of Pakistan,2008-01-01,538,full_judgment,mixed,unknown,1445
2008_YLR_1609,2008 YLR 1609,"537	2008 YLR 1609	MUHAMMAD ZAHID VS MUHAMMAD YOUSAF - Honorable Justice Rana Zahid Mahmood - Shoaib Zafar , Mian Abdul Nasir	LAHORE-HIGH-COURT-LAHORE",Supreme Court of Pakistan,2008-01-01,820,full_judgment,mixed,petition_dismissed,1606
2008_YLR_2265,2008 YLR 2265,"762	2008 YLR 2265	ANWAR AHMAD VS JALALUDDIN - Honorable Justice Khawaja Naveed Ahmed - M.A. Quardi , Nemo	KARACHI-HIGH-COURT-SINDH",High Court of Sindh,2008-01-01,904,full_judgment,mixed,appeal_allowed,568
2008_YLR_2256,2008 YLR 2256,758	2008 YLR 2256	MUHAMMAD AJMAL ABBAS VS State - Honorable Justice Khawaja Muhammad Sharif - Syed Zahid Hussain Bukhari	LAHORE-HIGH-COURT-LAHORE,Lahore High Court,2008-01-01,2277,full_judgment,mixed,appeal_allowed,1784
2008_YLR_2243,2008 YLR 2243,"752	2008 YLR 2243	KHAWAR MEHMOOD VS State - Honorable Justice M. JAVED BUTTAR - Mirza Imtiaz Ali Shahid, and Muhammad Asad Rajput	LAHORE-HIGH-COURT-LAHORE",Supreme Court of Pakistan,2008-01-01,2802,full_judgment,mixed,appeal_dismissed,1447
2008_YLR_2262,2008 YLR 2262,760	2008 YLR 2262	Mst. HALEEMA MAI VS State - Honorable Justice Muhammad Alam Khan - Allah Nawaz	PESHAWAR-HIGH-COURT,Supreme Court of Pakistan,2008-01-01,856,full_judgment,mixed,unknown,1368
2008_YLR_2267,2008 YLR 2267,"763	2008 YLR 2267	Mst. KANEEZ FATIMA VS JUDGE FAMILY COURT, RAWALPINDI - Honorable Justice Ali Akbar Qureshi - Basharat Ullah Khan , Mrs. Sarkar Abbas	LAHORE-HIGH-COURT-LAHORE",Supreme Court of Pakistan,2008-01-01,1433,full_judgment,mixed,petition_dismissed,2404
2008_YLR_2259,2008 YLR 2259,"759	2008 YLR 2259	Rana SHAFIQUE AHMAD VS ADDITIONAL SESSIONS JUDGE, LAHORE - Honorable Justice Syed Shabbar Raza Rizvi - Ch. Muhammad Masaod , Malik Muhammad Ashraf	LAHORE-HIGH-COURT-LAHORE",Lahore High Court,2008-01-01,1495,full_judgment,mixed,disposed_of,2849
2008_YLR_2250,2008 YLR 2250,754	2008 YLR 2250	PETER MASIH alias ANDRAS VS State - Honorable Justice M. BILAL KHAN - Ch. Nazir Ahmad	LAHORE-HIGH-COURT-LAHORE,Lahore High Court,2008-01-01,1138,full_judgment,mixed,unknown,1564
2008_YLR_2269,2008 YLR 2269,764	2008 YLR 2269	MUHAMMAD BAKHSH VS State - Honorable Justice Iqbal Hameed-ur-Rehman - Mrs. Saeeda Asif	LAHORE-HIGH-COURT-LAHORE,Supreme Court of Pakistan,2008-01-01,926,full_judgment,mixed,unknown,1362
2008_YLR_2248,2008 YLR 2248,"753	2008 YLR 2248	Mst. PHAPHAN alias FATIMA VS State - Honorable Justice Syed Mahmood Alam Rizvi - Mrs. Saleha Naeem , Syed Ashfaq Hussain Rizvi	KARACHI-HIGH-COURT-SINDH",High Court of Sindh,2008-01-01,1605,full_judgment,mixed,unknown,2130
2008_YLR_2263,2008 YLR 2263,761	2008 YLR 2263	MUHAMMAD NAWAZ VS State - Honorable Justice ALI NAWAZ CHOWHAN - Nemo	LAHORE-HIGH-COURT-LAHORE,Lahore High Court,2008-01-01,947,full_judgment,mixed,appeal_allowed,1414
2008_YLR_2252,2008 YLR 2252,755	2008 YLR 2252	ZAFAR ABBAS VS State - Honorable Justice SAIF UR REHMAN - Altaf Ibraheem Qureshi	LAHORE-HIGH-COURT-LAHORE,Lahore High Court,2008-01-01,372,full_judgment,mixed,disposed_of,864
2008_YLR_2255,2008 YLR 2255,"757	2008 YLR 2255	ALI NAWAZ VS PROVINCE OF SINDH through Secretary,",High Court of Sindh,2008-01-01,409,full_judgment,mixed,disposed_of,801
2008_YLR_2178,2008 YLR 2178,735	2008 YLR 2178	Shahzada SALEEM ULLAH VS State - Honorable Justice CH. IFTIKHAR HUSSAIN - Mian Aftab Faruukh and Muhammad Afzal Wahla	LAHORE-HIGH-COURT-LAHORE,Lahore High Court,2008-01-01,4276,full_judgment,mixed,appeal_dismissed,2177
2008_YLR_2161,2008 YLR 2161,"727	2008 YLR 2161	AMAN ULLAH VS State - Honorable Justice Khawaja Muhammad Sharif - Ch. Wallayat Ali , Rana Naseem Sabir	LAHORE-HIGH-COURT-LAHORE",Lahore High Court,2008-01-01,1880,full_judgment,mixed,appeal_dismissed,2251
2008_YLR_2172,2008 YLR 2172,"733	2008 YLR 2172	MUHAMMAD RIAZ VS MUHAMMAD AZAM - Honorable Justice Syed Hamid Ali Shah - Ch. Naeem Shakir Khokhar , Sh. Naveed Sheharyar	LAHORE-HIGH-COURT-LAHORE",Lahore High Court,2008-01-01,1824,full_judgment,mixed,appeal_dismissed,2704
2008_YLR_2169,2008 YLR 2169,732	2008 YLR 2169	MUHAMMAD RIZWAN VS State - Muhammad Ahsan Bhoon	LAHORE-HIGH-COURT-LAHORE,Supreme Court of Pakistan,2008-01-01,2155,full_judgment,mixed,unknown,3477
2008_YLR_2175,2008 YLR 2175,734	2008 YLR 2175	MALIK MUHAMMAD VS State - Honorable Justice Asif Saeed Khan Khosa - Rao Nisar Ahmad	LAHORE-HIGH-COURT-LAHORE,Supreme Court of Pakistan,2008-01-01,1239,full_judgment,mixed,unknown,2896
2008_YLR_2184,2008 YLR 2184,736	2008 YLR 2184	JAMIL AHMED VS State - Honorable Justice Syed Mahmood Alam Rizvi - Ms. Noor Naz Agha	KARACHI-HIGH-COURT-SINDH,Supreme Court of Pakistan,2008-01-01,2117,full_judgment,mixed,unknown,1884
2008_YLR_2166,2008 YLR 2166,730	2008 YLR 2166	ABDUL WAJID VS State - Honorable Justice Khawaja Muhammad Sharif - Abdul Qayyum Anjum	LAHORE-HIGH-COURT-LAHORE,Lahore High Court,2008-01-01,1080,full_judgment,mixed,remanded,1233
2008_YLR_2168,2008 YLR 2168,731	2008 YLR 2168	MUHAMMAD RAMZAN VS State - Honorable Justice M. Bilal Khan - Mian Humayoon Aslam	LAHORE-HIGH-COURT-LAHORE,Lahore High Court,2008-01-01,547,full_judgment,mixed,appeal_dismissed,895
2008_YLR_2188,2008 YLR 2188,737	2008 YLR 2188	KHURAM SHAHZAD VS State - Honorable Justice KHAWAJA MUHAMMAD SHARIF - S.M. Latif Khosa and Ch. Afrasiab Khan	LAHORE-HIGH-COURT-LAHORE,Lahore High Court,2008-01-01,5002,full_judgment,mixed,revision_dismissed,3347
2008_YLR_2165,2008 YLR 2165,729	2008 YLR 2165	ABDUL RAZZAK VS State - Honorable Justice Gulzar Ahmed - Altaf Hussain Surahio	KARACHI-HIGH-COURT-SINDH,High Court of Sindh,2008-01-01,566,full_judgment,mixed,disposed_of,843
2008_YLR_2164,2008 YLR 2164,"728	2008 YLR 2164	ZAFAR HUSSAIN FARIDI VS CHAIRMAN, EVACUEE TRUST PROPERTY BOARD - Mirza Saeed Baig , Raja Qasit Nawaz	KARACHI-HIGH-COURT-SINDH",High Court of Sindh,2008-01-01,254,headnote_only,mixed,disposed_of,847
2008_YLR_2283,2008 YLR 2283,771	2008 YLR 2283	MUHAMMAD TARIQ VS State - Honorable Justice Syed Mahmood Alam Rizvi - Sardar Sher Afzal	KARACHI-HIGH-COURT-SINDH,High Court of Sindh,2008-01-01,1376,full_judgment,mixed,unknown,1520
2008_YLR_2277,2008 YLR 2277,"768	2008 YLR 2277	GUL SHER VS PROVINCE OF PUNJAB through E.D.O.R. Toba Tek Sindh - Honorable Justice Syed Asghar Haider - Shahid Mehmood Khan Khilji and Imtiaz Ahmad Khan , Shujaat Ali Khan, Assistant A.-G.	LAHORE-HIGH-COURT-LAHORE",High Court of Sindh,2008-01-01,1933,full_judgment,mixed,appeal_allowed,3573
2008_YLR_2282,2008 YLR 2282,770	2008 YLR 2282	MUHAMMAD JAN VS State - Honorable Justice Iqbal Hameed-ur-Rehman - Mrs. Saeeda Asif	LAHORE-HIGH-COURT-LAHORE,Supreme Court of Pakistan,2008-01-01,544,full_judgment,mixed,unknown,960
2008_YLR_2286,2008 YLR 2286,772	2008 YLR 2286	MUHAMMAD SABIR alias KALI VS State - Honorable Justice Asif Saeed Khan Khosa - Nadeem Mahmood Mian and Sikandar Zulqarnain Saleem	LAHORE-HIGH-COURT-LAHORE,Supreme Court of Pakistan,2008-01-01,921,full_judgment,mixed,unknown,1709
2008_YLR_2297,2008 YLR 2297,778	2008 YLR 2297	Ch. MUHAMMAD NASIR KHAN VS State - Honorable Justice Khawaja Muhammad Sharif - Sardar Abdul Majid Dogar	LAHORE-HIGH-COURT-LAHORE,Lahore High Court,2008-01-01,895,full_judgment,mixed,appeal_dismissed,952
2008_YLR_2280,2008 YLR 2280,769	2008 YLR 2280	ANJUM JILLANI VS Mst. FEROZA JILLANI - Honorable Justice Muhammad Alam Khan - Shaukat Hayat Khan Khakwani and Muhammad Ismail Khan Alizai	PESHAWAR-HIGH-COURT,Supreme Court of Pakistan,2008-01-01,1218,full_judgment,mixed,unknown,2343
2008_YLR_2293,2008 YLR 2293,776	2008 YLR 2293	Mst. GUL KHATOON alias GUKKI VS State - Honorable Justice Arshad Noor Khan - Muhammad Arshad Tariq	KARACHI-HIGH-COURT-SINDH,High Court of Sindh,2008-01-01,2079,full_judgment,mixed,unknown,2615
2008_YLR_2275,2008 YLR 2275,767	2008 YLR 2275	MUHAMMAD GHAFOOR VS State - Honorable Justice Syed Mahmood Alam Rizvi - Ajmal Haider	KARACHI-HIGH-COURT-SINDH,Supreme Court of Pakistan,2008-01-01,1124,full_judgment,mixed,unknown,1872
2008_YLR_2271,2008 YLR 2271,"765	2008 YLR 2271	WAHID MUHAMMAD BAIG VS State - Honorable Justice Syed Mahmood Alam Rizvi - Mehmood A. Qureshi , Mahfooz Yar Khan	KARACHI-HIGH-COURT-SINDH",Supreme Court of Pakistan,2008-01-01,1689,full_judgment,mixed,unknown,1541
2008_YLR_2296,2008 YLR 2296,"777	2008 YLR 2296	BARKAT BIBI VS SALMA BIBI - Honorable Justice Ali Akbar Qureshi - Iftikhar Ullah Malik , Nemo	LAHORE-HIGH-COURT-LAHORE",Lahore High Court,2008-01-01,793,full_judgment,mixed,revision_allowed,1210
2008_YLR_2274,2008 YLR 2274,766	2008 YLR 2274	MAJEED AHMED alias ABDUL HAMEED VS State - Honorable Justice Asif Saeed Khan Khosa - Ch. Riaz Akhtar	LAHORE-HIGH-COURT-LAHORE,Supreme Court of Pakistan,2008-01-01,745,full_judgment,mixed,unknown,1718
2008_YLR_2291,2008 YLR 2291,775	2008 YLR 2291	Khawaja MUHAMMAD NAEEM VS State - Honorable Justice M. Bilal Khan - Syed Qari Mian Zaidi	LAHORE-HIGH-COURT-LAHORE,Supreme Court of Pakistan,2008-01-01,547,full_judgment,mixed,petition_allowed,1379
2008_YLR_2301,2008 YLR 2301,"780	2008 YLR 2301	MUHAMMAD MUSHTAQ VS ADDITOINAL SESSIONS JUDGE, LAHORE - Honorable Justice Kazim Ali Malik - Muhammad Akbar Khan	LAHORE-HIGH-COURT-LAHORE",Lahore High Court,2008-01-01,2992,full_judgment,mixed,petition_dismissed,4585
2008_YLR_2299,2008 YLR 2299,"779	2008 YLR 2299	THE STATE through Advocate-General, N.-W.F.P. VS Syed IRFAN HAIDER SHAH - Honorable Justice Muhammad Alam Khan - , Allah Nawaz	PESHAWAR-HIGH-COURT",Peshawar High Court,2008-01-01,844,full_judgment,mixed,revision_dismissed,1334
2008_YLR_1472,2008 YLR 1472,LTD. VS AL-NOOR,High Court of Sindh,2008-01-01,6902,full_judgment,mixed,unknown,3196
2008_YLR_1468,2008 YLR 1468,"490	2008 YLR 1468	Mst. RASHIDAN BIBI VS FAROOQ AHMAD - Honorable Justice Bashir A. Mujahid - Malik Riaz Khalid Awan , Malik Gohar Razaq Awan	LAHORE-HIGH-COURT-LAHORE",Lahore High Court,2008-01-01,2073,full_judgment,mixed,appeal_dismissed,1703
2008_YLR_1484,2008 YLR 1484,492	2008 YLR 1484	KHALID MAHMOOD VS State - Honorable Justice Ali Nawaz Chowhan - Sardar Latif Khan Khosa	LAHORE-HIGH-COURT-LAHORE,Lahore High Court,2008-01-01,3994,full_judgment,mixed,disposed_of,1467
2008_YLR_1491,2008 YLR 1491,"493	2008 YLR 1491	Syed HUSSAIN ALI SHAH AL HUSSAIN VS ELECTION COMMISSION OF PAKISTAN through Secretary Election Commission, Islamabad - Honorable Justice Muhammad Alam Khan - Naveed Maqsood Sethi , Qazi Muhammad Anwar	PESHAWAR-HIGH-COURT",Peshawar High Court,2008-01-01,1152,full_judgment,mixed,petition_dismissed,1901
2008_YLR_2205,2008 YLR 2205,"743	2008 YLR 2205	Haji MUHAMMAD RAFIQUE VS DIRECTOR GENERAL ANTI-CORRUPTION ESTABLISHMENT, PUNJAB - Honorable Justice Syed Shabbar Raza Rizvi - Azam Nazeer Tarar	LAHORE-HIGH-COURT-LAHORE",Lahore High Court,2008-01-01,4754,full_judgment,mixed,petition_allowed,2271
2008_YLR_2196,2008 YLR 2196,"739	2008 YLR 2196	PROVINCE OF PUNJAB VS ABDUL HALEEM KHAN - Honorable Justice Asif Saeed Khan Khosa - Akhtar Ali Kureshi , Nisar Abbas Joura,,Nemo	LAHORE-HIGH-COURT-LAHORE",Lahore High Court,2008-01-01,689,full_judgment,mixed,disposed_of,2156
2008_YLR_2197,2008 YLR 2197,740	2008 YLR 2197	MUHAMMAD YASIN VS State - Honorable Justice Malik Saeed Ejaz - M.A. Hayat Haraj	LAHORE-HIGH-COURT-LAHORE,Supreme Court of Pakistan,2008-01-01,2367,full_judgment,mixed,disposed_of,2676
2008_YLR_2201,2008 YLR 2201,741	2008 YLR 2201	KARIM DAD KHAN VS State - Honorable Justice BASHIR A. MUJAHID - Asghar Khan Rokhari	LAHORE-HIGH-COURT-LAHORE,Lahore High Court,2008-01-01,1168,full_judgment,mixed,appeal_dismissed,1564
2008_YLR_2204,2008 YLR 2204,742	2008 YLR 2204	AMJAD TAQI VS State - Honorable Justice Syed Mahmood Alam Rizvi - Aziz-ur-Rehman Akhund	KARACHI-HIGH-COURT-SINDH,High Court of Sindh,2008-01-01,956,full_judgment,mixed,unknown,1453
2008_YLR_2195,2008 YLR 2195,"738	2008 YLR 2195	ALTAF SHAH VS ALAM SHER, JUDGE FAMILY COURT",Supreme Court of Pakistan,2008-01-01,560,full_judgment,mixed,petition_dismissed,1472
2008_YLR_2112,2008 YLR 2112,"710	2008 YLR 2112	MUHAMMAD YOUNUS alias JUNA VS State - Honorable Justice Muhammad Ahsan Bhoon - Abdul Majid Chishti , Faisal Raza Bokhari, D.P.-G.	LAHORE-HIGH-COURT-LAHORE",Lahore High Court,2008-01-01,2384,full_judgment,mixed,appeal_dismissed,1823
2008_YLR_2116,2008 YLR 2116,711	2008 YLR 2116	OXFORD UNIVERSITY PRESS through Managing Director VS FEROZESONS,High Court of Sindh,2008-01-01,3030,full_judgment,mixed,appeal_dismissed,4132
2008_YLR_2107,2008 YLR 2107,"709	2008 YLR 2107	SULTANABAD COOPERATIVE HOUSING SOCIETY through Attorney VS PROVINCE OF SINDH through Senior Member, Board of Revenue, Pakistan Secretariat, Karachi - Honorable Justice Dr. Rana Muhammad Shamim - Umair Mujahid , Ahmed Pirzada	KARACHI",Supreme Court of Pakistan,2008-01-01,2864,full_judgment,mixed,petition_dismissed,1371
2008_YLR_2105,2008 YLR 2105,708	2008 YLR 2105	MUHAMMAD ASIF VS State - Honorable Justice Khurshid Anwar Bhinder - Ali Dastigar Khan	LAHORE-HIGH-COURT-LAHORE,Supreme Court of Pakistan,2008-01-01,1023,full_judgment,mixed,disposed_of,1702
2008_YLR_2120,2008 YLR 2120,"712	2008 YLR 2120	MUHAMMAD NADEEM alias NANNA alias BILLA SHER VS State - Honorable Justice Tariq Shamim - Mazhar Iqbal Sindhu , S.K. Chaudhry	LAHORE-HIGH-COURT-LAHORE",High Court of Sindh,2008-01-01,2895,full_judgment,mixed,appeal_dismissed,2247
2008_YLR_2125,2008 YLR 2125,"713	2008 YLR 2125	MUHAMMAD JAN AFRIDI VS RETURNING OFFICER - Honorable Justice Mrs. Qaiser Iqbal - Mirza Sarfaraz Ahmed , Nome	KARACHI-HIGH-COURT-SINDH",High Court of Sindh,2008-01-01,2305,full_judgment,mixed,remanded,1937
2008_YLR_2160,2008 YLR 2160,"726	2008 YLR 2160	FAQIR MUHAMMAD VS GOVT. OF SINDH through Chief Secretary - Nemo , Manzoor Ahmed	KARACHI-HIGH-COURT-SINDH",High Court of Sindh,2008-01-01,372,full_judgment,mixed,disposed_of,1166
2008_YLR_2061,2008 YLR 2061,695	2008 YLR 2061	NOOR ELAHI VS MIAN MUHAMMAD NAWAZ SHARIF - Dr. M. Mohy-ud-Din Qazi and Raza Kazim	LAHORE-HIGH-COURT-LAHORE,Supreme Court of Pakistan,2008-01-01,3868,full_judgment,mixed,unknown,6472
2008_YLR_2067,2008 YLR 2067,"LTD. Through Authorized Officer VS ROMANA AMJAD - Honorable Justice Dr. Rana Muhammad Shamim - Saadat Yar Khan , Muhammad Tasneem	KARACHI-HIGH-COURT-SINDH",High Court of Sindh,2008-01-01,2525,full_judgment,mixed,appeal_dismissed,2521
2008_YLR_2055,2008 YLR 2055,"693	2008 YLR 2055	PROVINCE OF PUNJAB through District Collector VS MUHAMMAD LATIF - Honorable Justice S. Ali Hassan Rizvi - Mubasher Latif Gill , Malik Noor Muhammad Awan	LAHORE-HIGH-COURT-LAHORE",Lahore High Court,2008-01-01,2093,full_judgment,mixed,revision_dismissed,3132
2008_YLR_2076,2008 YLR 2076,699	2008 YLR 2076	GHULAM ABBAS VS State - Honorable Justice Tariq Shamim - Khawaja Wasim Abbas	LAHORE-HIGH-COURT-LAHORE,Lahore High Court,2008-01-01,2444,full_judgment,mixed,appeal_dismissed,1808
2008_YLR_2071,2008 YLR 2071,697	2008 YLR 2071	ZARAR ALI VS State - Honorable Justice Rahmat Hussain Jafferi - M.M. Aqil Awan	KARACHI-HIGH-COURT-SINDH,High Court of Sindh,2008-01-01,2272,full_judgment,mixed,appeal_allowed,4559
2008_YLR_2074,2008 YLR 2074,698	2008 YLR 2074	Mst. BUSHRA alias FAKHRA VS State - Honorable Justice Syed Yahya Zahid Gillani - Noor Alam Khan	PESHAWAR-HIGH-COURT,Supreme Court of Pakistan,2008-01-01,977,full_judgment,mixed,petition_allowed,1221
2008_YLR_2058,2008 YLR 2058,"694	2008 YLR 2058	SARDAR KHAN VS CITY NAZIM - Muhammad Farogh Naseem , Manzoor Ahmed	KARACHI-HIGH-COURT-SINDH",High Court of Sindh,2008-01-01,1411,full_judgment,mixed,unknown,2624
2008_YLR_2403,2008 YLR 2403,"LIMITED VS Mst. FARIDA AKHTAR - Honorable Justice Ghulam Dastagir A. Shahani - Qamar Abbas , Muhammad Ali Hakro	KARACHI-HIGH-COURT-SINDH",High Court of Sindh,2008-01-01,2186,full_judgment,mixed,unknown,2637
2008_YLR_2412,2008 YLR 2412,818	2008 YLR 2412	MUHAMMAD AZAM VS State - Honorable Justice Hasnat Ahmad Khan - Sarfraz Khan Gondal	LAHORE-HIGH-COURT-LAHORE,Supreme Court of Pakistan,2008-01-01,1033,full_judgment,mixed,unknown,1881
2008_YLR_2406,2008 YLR 2406,815	2008 YLR 2406	Rana INAMULLAH KHAN VS S.H.O. - Honorable Justice Kazim Ali Malik - Kashif Munir Chaudhry	LAHORE-HIGH-COURT-LAHORE,Supreme Court of Pakistan,2008-01-01,1321,full_judgment,mixed,remanded,2597
2008_YLR_2416,2008 YLR 2416,"820	2008 YLR 2416	FAROOQ AHMED VS State - Honorable Justice Sh. Azmat Saeed - Sarfraz Khan Gondal and Ms. Azra Parveen , Mushtaq Ahmed	LAHORE-HIGH-COURT-LAHORE",Supreme Court of Pakistan,2008-01-01,1045,full_judgment,mixed,unknown,1393
2008_YLR_2408,2008 YLR 2408,816	2008 YLR 2408	ASMAT ALI VS State - Honorable Justice Muhammad Alam Khan - Hameedullah Khan Khattak	PESHAWAR-HIGH-COURT,Peshawar High Court,2008-01-01,688,full_judgment,mixed,unknown,823
2008_YLR_2414,2008 YLR 2414,"819	2008 YLR 2414	Syed DILBER HUSSAIN SHAH VS State - Honorable Justice Muhammad Alam Khan - Gohar Zaman Kundi , Muhammad Waheed Anjum	PESHAWAR-HIGH-COURT",Peshawar High Court,2008-01-01,1261,full_judgment,mixed,petition_allowed,2640
2008_YLR_2423,2008 YLR 2423,823	2008 YLR 2423	ABU BAKKAR VS State - Honorable Justice Kazim Ali Malik - Imran Raja Chadhar	LAHORE-HIGH-COURT-LAHORE,Supreme Court of Pakistan,2008-01-01,1193,full_judgment,mixed,unknown,1657
2008_YLR_2418,2008 YLR 2418,"821	2008 YLR 2418	MUHAMMAD ZARKHAIZ VS NIAZ KHALID - Honorable Justice Khawaja Naveed Ahmed - Chaudhry Abdul Rasheed , Muhammad Anwar Tariq	KARACHI-HIGH-COURT-SINDH",High Court of Sindh,2008-01-01,1354,full_judgment,mixed,disposed_of,2426
2008_YLR_2400,2008 YLR 2400,813	2008 YLR 2400	MUMTAZ VS State - Honorable Justice M. Bilal Khan - Altaf Ibrahim Qureshi	LAHORE-HIGH-COURT-LAHORE,Supreme Court of Pakistan,2008-01-01,1357,full_judgment,mixed,disposed_of,2419
2008_YLR_2410,2008 YLR 2410,"817	2008 YLR 2410	MUHAMMAD RAFIQUE VS REVENUE OFFICER, SADDAR BAHAWALPUR - Honorable Justice Saghir Ahmed - Ch. Muhammad Shafi Mew , Muhammad Shamsher Iqbal Chughtai	LAHORE-HIGH-COURT-LAHORE",Lahore High Court,2008-01-01,1546,full_judgment,mixed,appeal_dismissed,1650
2008_YLR_2426,2008 YLR 2426,825	2008 YLR 2426	MUHAMMAD AKRAM VS State - Honorable Justice Khawaja Muhammad Sharif - Ch. Muhammad Ashraf Kamboh	LAHORE-HIGH-COURT-LAHORE,Lahore High Court,2008-01-01,2093,full_judgment,mixed,unknown,1914
2008_YLR_2421,2008 YLR 2421,822	2008 YLR 2421	HABIB-UR-REHMAN alias BABRU VS Mst. NOOR NAMA - Honorable Justice Muhammad Alam Khan - Ahmed Ali Khan	PESHAWAR-HIGH-COURT,Peshawar High Court,2008-01-01,1122,full_judgment,mixed,unknown,1650
2008_YLR_2425,2008 YLR 2425,824	2008 YLR 2425	Mst. ZEENAT KHATOON VS State - Honorable Justice Salaman Ansari - Abdul Qadir Leghari	KARACHI-HIGH-COURT-SINDH,Supreme Court of Pakistan,2008-01-01,844,full_judgment,mixed,unknown,940
2008_YLR_2309,2008 YLR 2309,"783	2008 YLR 2309	Syed ARIF ALI SABRI VS ABDUL SAMAD - Honorable Justice Khawaja Naveed Ahmed - Haseen Ahmed , Habib Jalib	KARACHI-HIGH-COURT-SINDH",High Court of Sindh,2008-01-01,1572,full_judgment,mixed,disposed_of,1797
2008_YLR_2312,2008 YLR 2312,"784	2008 YLR 2312	IJAZ AHMAD KHAN VS MUHAMMAD ABAIDULLAH - Honorable Justice Hafiz Tariq Nasim - Riaz ud Din Kasuri , Zia-ud-Din Kasuri	LAHORE-HIGH-COURT-LAHORE",Lahore High Court,2008-01-01,1051,full_judgment,mixed,revision_allowed,1870
2008_YLR_2319,2008 YLR 2319,787	2008 YLR 2319	MUHAMMAD FAROOQ VS State - Honorable Justice M. Naeemullah Khan Sherwani - Mian Jamil Akhtar	LAHORE-HIGH-COURT-LAHORE,Supreme Court of Pakistan,2008-01-01,2894,full_judgment,mixed,appeal_dismissed,1538
2008_YLR_2324,2008 YLR 2324,"788	2008 YLR 2324	FATEH MUHAMMAD MISTRI VS MUSHTAQ HUSSAIN SHAH - Honorable Justice Ali Akbar Qureshi - Gulzar Ahmed Khan , Khizar Abbas Khan	LAHORE-HIGH-COURT-LAHORE",Lahore High Court,2008-01-01,914,full_judgment,mixed,revision_dismissed,1889
2008_YLR_2317,2008 YLR 2317,786	2008 YLR 2317	ALI RAZA VS State - Honorable Justice Syed Mahmood Alam Rizvi - Nayyat Ziauddin	KARACHI-HIGH-COURT-SINDH,High Court of Sindh,2008-01-01,1228,full_judgment,mixed,unknown,1550
2008_YLR_2327,2008 YLR 2327,"790	2008 YLR 2327	RASHEED AHMAD VS MUNICIPAL CORPORATION, SARGODHA through Administrator Sargodha - Honorable Justice Syed Asghar Haider - Sheikh Naveed Shehryar , Imtiaz Hussain Baloch	LAHORE-HIGH-COURT-LAHORE",Supreme Court of Pakistan,2008-01-01,1363,full_judgment,mixed,petition_allowed,853
2008_YLR_2306,2008 YLR 2306,781	2008 YLR 2306	JUMMA VS State - Honorable Justice Mrs. Yasmin Abbasey - Mahmood A. Qureshi	KARACHI-HIGH-COURT-SINDH,High Court of Sindh,2008-01-01,957,full_judgment,mixed,unknown,1244
2008_YLR_2314,2008 YLR 2314,"785	2008 YLR 2314	MUHAMMAD JAMIL VS State - Honorable Justice RUSTAM ALI MALIK - Chaudhary Imtiaz Kamboh , Chaudhary Muhammad Suleman Addl. A-G. with Miss Aneela Bano	LAHORE-HIGH-COURT-LAHORE",Lahore High Court,2008-01-01,1447,full_judgment,mixed,unknown,1218
2008_YLR_2325,2008 YLR 2325,789	2008 YLR 2325	Mir GHULAM AKBAR VS State - Honorable Justice Anwar Zaheer Jamali - Hidayatullah Abbasi	KARACHI-HIGH-COURT-SINDH,High Court of Sindh,2008-01-01,704,full_judgment,mixed,unknown,1335
2008_YLR_2307,2008 YLR 2307,782	2008 YLR 2307	BASHIR AHMAD VS State - Honorable Justice Tariq Shamim - Sami Ullah Zia and Muhammad Javed-ur-Rehman	LAHORE-HIGH-COURT-LAHORE,Supreme Court of Pakistan,2008-01-01,994,full_judgment,mixed,unknown,1974
2008_YLR_2444,2008 YLR 2444,834	2008 YLR 2444	MUHAMMAD RIZWAN VS State - Honorable Justice Khawaja Naveed Ahmed - Raza Hashmi	KARACHI-HIGH-COURT-SINDH,High Court of Sindh,2008-01-01,647,full_judgment,mixed,revision_dismissed,1246
2008_YLR_2449,2008 YLR 2449,836	2008 YLR 2449	SHAH NAWAZ VS State - Honorable Justice Abdul Shakoor Paracha - Khawaja Sultan Ahmad	LAHORE-HIGH-COURT-LAHORE,Lahore High Court,2008-01-01,4828,full_judgment,mixed,unknown,3156
2008_YLR_2457,2008 YLR 2457,"837	2008 YLR 2457	Malik FAYYAZ VS State - Honorable Justice Khawaja Naveed Ahmed - Shaukat Hayyat , Syed Ashfaq Hussain Rizvi	KARACHI-HIGH-COURT-SINDH",Supreme Court of Pakistan,2008-01-01,2401,full_judgment,mixed,unknown,1371
2008_YLR_2445,2008 YLR 2445,835	2008 YLR 2445	ATTA ULLAH VS State - Honorable Justice Muhammad Muzammal Khan - Abdur Raiff Farooqi	LAHORE-HIGH-COURT-LAHORE,Lahore High Court,2008-01-01,2562,full_judgment,mixed,appeal_dismissed,2478
2008_YLR_2430,2008 YLR 2430,"826	2008 YLR 2430	ABDUL RAUF KHAN VS MUHAMMAD HANIF MOOSA - Honorable Justice Khawaja Naveed Ahmed - Muhammad Ilyas Khan Tanoli , Shahid M. Kaleem,Ms. Shahida Jatoi	KARACHI-HIGH-COURT-SINDH",Supreme Court of Pakistan,2008-01-01,1119,full_judgment,mixed,disposed_of,1404
2008_YLR_2442,2008 YLR 2442,833	2008 YLR 2442	GHULAM BARI VS State - Ch. Muhammad Anwar Bhinder	LAHORE-HIGH-COURT-LAHORE,Lahore High Court,2008-01-01,1093,full_judgment,mixed,disposed_of,2833
2008_YLR_2441,2008 YLR 2441,832	2008 YLR 2441	MUHARRAM VS State - Honorable Justice Muhammad Moosa K. Leghari - Hidayatullah A. Abbassi	KARACHI-HIGH-COURT-SINDH,High Court of Sindh,2008-01-01,436,full_judgment,mixed,remanded,946
2008_YLR_2433,2008 YLR 2433,828	2008 YLR 2433	ISLAM JELANI VS State - Honorable Justice Ali Nawaz Chowhan - Nemo	LAHORE-HIGH-COURT-LAHORE,Lahore High Court,2008-01-01,611,full_judgment,mixed,disposed_of,909
2008_YLR_2432,2008 YLR 2432,"827	2008 YLR 2432	BASHIR AHMED VS KHANU - Honorable Justice Syed Jamshed Ali - Sheikh Naveed Shaharyar , Mian Altaf-ur-Rehman	LAHORE-HIGH-COURT-LAHORE",Lahore High Court,2008-01-01,429,full_judgment,mixed,disposed_of,1262
2008_YLR_2462,2008 YLR 2462,"838	2008 YLR 2462	MEHMOOD AHMED KHAN VS UNIVERSITY OF THE PUNJAB through Registrar - Honorable Justice Hafiz Tariq Nasim - Tariq Masood , Muhammad Arif Raja	LAHORE-HIGH-COURT-LAHORE",Lahore High Court,2008-01-01,1555,full_judgment,mixed,petition_allowed,2253
2008_YLR_2082,2008 YLR 2082,701	2008 YLR 2082	GHULAM MUSTAFA alias JARI VS State - Honorable Justice Tariq Shamim - Sikandar Zulgarnain Saleem and Kh. Waseem Abbas	LAHORE-HIGH-COURT-LAHORE,Lahore High Court,2008-01-01,2813,full_judgment,mixed,appeal_allowed,1655
2008_YLR_2101,2008 YLR 2101,706	2008 YLR 2101	MUHAMMAD YASIN VS State - Honorable Justice Dr. Qamaruddin Bohra - Badar Munir	KARACHI-HIGH-COURT-SINDH,High Court of Sindh,2008-01-01,856,full_judgment,mixed,disposed_of,1659
2008_YLR_2090,2008 YLR 2090,"703	2008 YLR 2090	MUHAMMAD ARSHAD VS State - Honorable Justice Muhammad Ahsan Bhoon - Aftab Ahmad Bajwa , Asif Mehmood Cheema, D.P.-G.	LAHORE-HIGH-COURT-LAHORE",Lahore High Court,2008-01-01,3006,full_judgment,mixed,appeal_allowed,3291
2008_YLR_2080,2008 YLR 2080,700	2008 YLR 2080	JAN MUHAMMAD VS State - Honorable Justice Abdur Rahman Faruq Pirzada - Zulfiqar Ali Sangi	KARACHI-HIGH-COURT-SINDH,High Court of Sindh,2008-01-01,814,full_judgment,mixed,unknown,1298
2008_YLR_2102,2008 YLR 2102,"707	2008 YLR 2102	MUHAMMAD SHAKEEL VS State - Honorable Justice M. Bilal Khan - Asghar Ali Gill , Naveed Inayat Malik	LAHORE-HIGH-COURT-LAHORE",Supreme Court of Pakistan,2008-01-01,1736,full_judgment,mixed,petition_allowed,1754
2008_YLR_2095,2008 YLR 2095,704	2008 YLR 2095	ANJUM JILANI VS Mst. FEROZA JILANI - Honorable Justice Muhammad Alam Khan - 	PESHAWAR-HIGH-COURT,Peshawar High Court,2008-01-01,1707,full_judgment,mixed,appeal_dismissed,2148
2008_YLR_2086,2008 YLR 2086,702	2008 YLR 2086	RAMZAN VS State - Honorable Justice Khawaja Naveed Ahmed - Ali Nawaz Ghanghro and Jai Jai Veshno Mauge Ram	KARACHI-HIGH-COURT-SINDH,Supreme Court of Pakistan,2008-01-01,2632,full_judgment,mixed,unknown,3601
2008_YLR_2098,2008 YLR 2098,705	2008 YLR 2098	NAZIR AHMAD VS State - Honorable Justice Khurshid Anwar Bhinder - Muhammad Aslam Nagi	LAHORE-HIGH-COURT-LAHORE,Supreme Court of Pakistan,2008-01-01,1485,full_judgment,mixed,unknown,3265
2008_YLR_2600,2008 YLR 2600,884	2008 YLR 2600	State VS FARZANA KAUSAR - Honorable Justice M.A. Zafar - Ch. Abdul Waheed	LAHORE-HIGH-COURT-LAHORE,Supreme Court of Pakistan,2008-01-01,1444,full_judgment,mixed,unknown,2274
2008_YLR_2612,2008 YLR 2612,"887	2008 YLR 2612	HABIBULLAH ENERGY LIMITED through General-Manager VS WATER AND POWER DEVELOPMENT AUTHORITY through Chairman WAPDA, Lahore - Honorable Justice Azizullah M. Memon - Abdul Hafeez Pirzada , Shahid Hamid and Yawar Faruqui	KARACHI-HIGH-CO",Supreme Court of Pakistan,2008-01-01,19452,full_judgment,mixed,petition_dismissed,4942
2008_YLR_2603,2008 YLR 2603,"885	2008 YLR 2603	Mst. SUGHRAN VS STATION HOUSE OFFICER - Honorable Justice Hasnat Ahmad Khan - Syed Nazar Abbas , Shahid Mehmood Khan	LAHORE-HIGH-COURT-LAHORE",Supreme Court of Pakistan,2008-01-01,2110,full_judgment,mixed,disposed_of,2476
2008_YLR_2606,2008 YLR 2606,886	2008 YLR 2606	ZIA alias AHMI VS State - Honorable Justice Syed Shabbar Raza Rizvi - Zubair Khalid Chaudhry	LAHORE-HIGH-COURT-LAHORE,Supreme Court of Pakistan,2008-01-01,3683,full_judgment,mixed,appeal_dismissed,2290
2008_YLR_2598,2008 YLR 2598,883	2008 YLR 2598	ZARIN VS State - Honorable Justice Muhammad Alam Khan - Noor Alam Khan	PESHAWAR-HIGH-COURT,Supreme Court of Pakistan,2008-01-01,1137,full_judgment,mixed,unknown,1547
2008_YLR_2555,2008 YLR 2555,869	2008 YLR 2555	MAHDI VS State - Honorable Justice Asif Saeed Khan Khosa - Saif-ul-Malook and Aftab Ahmad Bajwa	LAHORE-HIGH-COURT-LAHORE,Lahore High Court,2008-01-01,4071,full_judgment,mixed,unknown,2379
2008_YLR_2549,2008 YLR 2549,867	2008 YLR 2549	MUHAMMAD RAFIQUE alias MANGO VS State - Honorable Justice Rustam Ali Malik - Rana Muhammad Arshad Khan and Muzaffar Ali Bhatti	LAHORE-HIGH-COURT-LAHORE,Lahore High Court,2008-01-01,2509,full_judgment,mixed,unknown,1655
2008_YLR_2563,2008 YLR 2563,871	2008 YLR 2563	MUHAMMAD ARSHAD VS State - Honorable Justice Khawaja Muhammad Sharif - Talaat Farooq Sheikh	LAHORE-HIGH-COURT-LAHORE,Lahore High Court,2008-01-01,1083,full_judgment,mixed,appeal_allowed,1339
2008_YLR_2546,2008 YLR 2546,865	2008 YLR 2546	ASMATULLAH alias TULLI VS State - Honorable Justice Muhammad Alam Khan - Farooq Akhtar	PESHAWAR-HIGH-COURT,Supreme Court of Pakistan,2008-01-01,1015,full_judgment,mixed,unknown,1708
2008_YLR_2565,2008 YLR 2565,872	2008 YLR 2565	BADSHAH MIR VS State - Honorable Justice Khawaja Naveed Ahmed - Akhtar Ali Mastoi	KARACHI-HIGH-COURT-SINDH,Supreme Court of Pakistan,2008-01-01,2975,full_judgment,mixed,unknown,2265
2008_YLR_2561,2008 YLR 2561,"870	2008 YLR 2561	TARIQ SHAHBAZ VS CHAIRMAN, NAB - Wasim Sajjad	LAHORE-HIGH-COURT-LAHORE",Lahore High Court,2008-01-01,1215,full_judgment,mixed,petition_dismissed,1635
2008_YLR_2553,2008 YLR 2553,868	2008 YLR 2553	MUHAMMAD ISMAIL VS State - Honorable Justice Khawaja Naveed Ahmed - Abdullah Khan Kakar	KARACHI-HIGH-COURT-SINDH,High Court of Sindh,2008-01-01,917,full_judgment,mixed,unknown,1387
2008_YLR_2570,2008 YLR 2570,873	2008 YLR 2570	SHER MUHAMMAD alias SHERA VS State - Honorable Justice Muhammad Alam Khan - Saleemullah Khan Ranazai	PESHAWAR-HIGH-COURT,Supreme Court of Pakistan,2008-01-01,753,full_judgment,mixed,unknown,1368
2008_YLR_2548,2008 YLR 2548,"866	2008 YLR 2548	HAMEED ALI SHEIKH VS State - Honorable Justice M.A. Shahid Siddiqui - Ch. Muhammad Akbar Gill , Sarfraz Khan Gondal	LAHORE-HIGH-COURT-LAHORE",Lahore High Court,2008-01-01,890,full_judgment,mixed,unknown,1377
2008_YLR_2571,2008 YLR 2571,874	2008 YLR 2571	MUHAMMAD SARDAR VS State - Honorable Justice Khawaja Muhammad Sharif - Masood Mirza	LAHORE-HIGH-COURT-LAHORE,Lahore High Court,2008-01-01,1737,full_judgment,mixed,unknown,2177
2008_YLR_2792,2008 YLR 2792,"943	2008 YLR 2792	MASOOD AHMED VS State - Honorable Justice Muhammad Reaz Akhtar Chaudhry, C.J. and Khawaja Shahad Ahmad - Muhammad Azam Khan , Abdul Majeed Malik	Supreme Court",Supreme Court of Pakistan,2008-01-01,2985,full_judgment,mixed,unknown,3229
2008_YLR_2805,2008 YLR 2805,946	2008 YLR 2805	ABDUL REHMAN VS State - Honorable Justice Muhammad Ahsan Bhoon - Zafar Iqbal Chauhan	LAHORE-HIGH-COURT-LAHORE,Lahore High Court,2008-01-01,3739,full_judgment,mixed,appeal_allowed,2674
2008_YLR_2818,2008 YLR 2818,952	2008 YLR 2818	MAZHAR HUSSAIN VS State - Honorable Justice Mazhar Hussain Minhas - Mehr Habib Ullah Garwah	LAHORE-HIGH-COURT-LAHORE,Supreme Court of Pakistan,2008-01-01,1579,full_judgment,mixed,petition_allowed,1811
2008_YLR_2798,2008 YLR 2798,945	2008 YLR 2798	Maulvi TAHIR ASIM VS State - Honorable Justice M.A. Zafar - Muhammad Saeed Ansari	LAHORE-HIGH-COURT-LAHORE,Lahore High Court,2008-01-01,3187,full_judgment,mixed,appeal_allowed,1781
2008_YLR_2811,2008 YLR 2811,947	2008 YLR 2811	MUHAMMAD AKRAM VS State - Honorable Justice Khawaja Naveed Ahmad - Muhammad Arshad Tariq	KARACHI-HIGH-COURT-SINDH,Supreme Court of Pakistan,2008-01-01,797,full_judgment,mixed,unknown,1238
2008_YLR_2814,2008 YLR 2814,949	2008 YLR 2814	FAIZ AHMAD VS State - Naseem Ullah Khan Niazi	LAHORE-HIGH-COURT-LAHORE,Lahore High Court,2008-01-01,462,full_judgment,mixed,petition_dismissed,1138
2008_YLR_2813,2008 YLR 2813,948	2008 YLR 2813	M. AKRAM VS State - Honorable Justice M.A. Shahid Siddiqui - Tariq Muhammad Iqbal Chaudhry	LAHORE-HIGH-COURT-LAHORE,Lahore High Court,2008-01-01,456,full_judgment,mixed,disposed_of,1501
2008_YLR_2797,2008 YLR 2797,944	2008 YLR 2797	ZAHOOR HUSSAIN SHAH VS State - Honorable Justice Muhammad Khalid Alvi - Malik Javed Akhtar Wains	LAHORE-HIGH-COURT-LAHORE,Supreme Court of Pakistan,2008-01-01,623,full_judgment,mixed,unknown,1304
2008_YLR_2816,2008 YLR 2816,"951	2008 YLR 2816	MANZOOR AHMED PARAC HA VS RASHID MANSOOR, DIRECTOR HOUSING AND PHYSICAL PLANNING - Honorable Justice Kazim Ali Malik - 	LAHORE-HIGH-COURT-LAHORE",Lahore High Court,2008-01-01,1449,full_judgment,mixed,unknown,2873
2008_YLR_2815,2008 YLR 2815,950	2008 YLR 2815	MUHAMMAD WAKEEL VS State - Honorable Justice Dr. Qamar-ud-Din Bohra - Faiz Muhammad Larik	KARACHI-HIGH-COURT-SINDH,High Court of Sindh,2008-01-01,687,full_judgment,mixed,unknown,828
2008_YLR_2721,2008 YLR 2721,920	2008 YLR 2721	AYUB SHAHID VS State - Honorable Justice Khawaja Naveed Ahmed - Imdad Khan and Khan Muhammad	KARACHI-HIGH-COURT-SINDH,High Court of Sindh,2008-01-01,549,full_judgment,mixed,unknown,670
2008_YLR_2712,2008 YLR 2712,"917	2008 YLR 2712	Syed MEHMOOD SHAH VS State - Honorable Justice Muhammad Raza Khan C. J and Shahji Rahman Khan - Noor Alam Khan and Zia-ud-Din Siddiqui , Ishtiaq Ibrahim	PESHAWAR-HIGH-COURT",Peshawar High Court,2008-01-01,2947,full_judgment,mixed,unknown,3483
2008_YLR_2699,2008 YLR 2699,911	2008 YLR 2699	ABDUL SATTAR VS State - Honorable Justice Bin Yamin - Naseer Ahmed	KARACHI-HIGH-COURT-SINDH,High Court of Sindh,2008-01-01,1681,full_judgment,mixed,disposed_of,2421
2008_YLR_2707,2008 YLR 2707,914	2008 YLR 2707	MUHAMMAD ISRAR VS State - Honorable Justice Khawaja Naveed Ahmed - Muhammad Masood Faiz	KARACHI-HIGH-COURT-SINDH,High Court of Sindh,2008-01-01,695,full_judgment,mixed,disposed_of,1138
2008_YLR_2702,2008 YLR 2702,"912	2008 YLR 2702	FAHEED GUL alias FAREED GUL VS State - Honorable Justice Muhammad Raza Khan C. J. and Shahji Rahman Khan - Ms. Farhana Marwat , Salah-ud-Din Khan	PESHAWAR-HIGH-COURT",Peshawar High Court,2008-01-01,2454,full_judgment,mixed,appeal_dismissed,2654
2008_YLR_2717,2008 YLR 2717,918	2008 YLR 2717	ABDULLAH VS State - Honorable Justice Nadeem Azhar Siddiqi - Basharat Ahmed Jatt	KARACHI-HIGH-COURT-SINDH,Supreme Court of Pakistan,2008-01-01,1359,full_judgment,mixed,unknown,2809
2008_YLR_2719,2008 YLR 2719,"919	2008 YLR 2719	AMANAT ALI VS SHARF DIN alias SHARFU - Honorable Justice Syed Asghar Haider - Malik Azeem Berth and I.A. Imran Agha , Muhammad Asghar Khan Niazi	LAHORE-HIGH-COURT-LAHORE",Lahore High Court,2008-01-01,994,full_judgment,mixed,petition_dismissed,2516
2008_YLR_2695,2008 YLR 2695,"910	2008 YLR 2695	ZAHID JAMEEL VS S.H.O. - Honorable Justice Kazim Ali Malik - Ch. Abdul Quddoos Kamboh , Mushtaq Ahmad Qureshi	LAHORE-HIGH-COURT-LAHORE",Lahore High Court,2008-01-01,2613,full_judgment,mixed,unknown,4207
2008_YLR_2722,2008 YLR 2722,921	2008 YLR 2722	SULEMAN VS State - Honorable Justice Khurshid Anwar Bhinder - M.M. Iqbal	LAHORE-HIGH-COURT-LAHORE,Supreme Court of Pakistan,2008-01-01,914,full_judgment,mixed,unknown,1237
2008_YLR_2708,2008 YLR 2708,915	2008 YLR 2708	MAQSOOD AHMAD alias RANA VS State - Honorable Justice Muhammad Ashraf Bhatti - Muhammad Ibrar Sheikh	LAHORE-HIGH-COURT-LAHORE,Supreme Court of Pakistan,2008-01-01,983,full_judgment,mixed,unknown,1459
2008_YLR_2710,2008 YLR 2710,916	2008 YLR 2710	LAZAR VS State - Honorable Justice Nadeem Azhar Siddiqi - Anwar H. Ansari	KARACHI-HIGH-COURT-SINDH,High Court of Sindh,2008-01-01,897,full_judgment,mixed,appeal_dismissed,1884
2008_YLR_2724,2008 YLR 2724,922	2008 YLR 2724	HAMOOD UR REHMAN VS State - Honorable Justice Bin Yamin - Abdul Fateh H. Kazi	KARACHI-HIGH-COURT-SINDH,High Court of Sindh,2008-01-01,1069,full_judgment,mixed,disposed_of,904
2008_YLR_2706,2008 YLR 2706,"913	2008 YLR 2706	MUHAMMAD ISRAR VS MUHAMMAD IMRAN - Honorable Justice Muhammad Reaz Akhtar Chaudhry, C.J. and Khawaja Shahad Ahmad - Raza Ali Khan , Nemo	Supreme Court",Supreme Court of Pakistan,2008-01-01,287,headnote_only,mixed,revision_allowed,782
2008_YLR_2587,2008 YLR 2587,881	2008 YLR 2587	NADIR HUSSAIN VS State - Honorable Justice Syed Shabbar Raza Rizvi - Nazir Ahmad Ghazi	LAHORE-HIGH-COURT-LAHORE,Lahore High Court,2008-01-01,4887,full_judgment,mixed,appeal_allowed,1734
2008_YLR_2578,2008 YLR 2578,878	2008 YLR 2578	MUHAMMAD NAEEM QURESHI VS State - Honorable Justice Khawaja Naveed Ahmed - M. Ilyas Khan and Muhammad Jamil	KARACHI-HIGH-COURT-SINDH,High Court of Sindh,2008-01-01,4105,full_judgment,mixed,remanded,2330
2008_YLR_2576,2008 YLR 2576,877	2008 YLR 2576	TANVIR alias TANOO VS State - Honorable Justice Rana Zahid Mahmood - Safwan Abbas Bhatti	LAHORE-HIGH-COURT-LAHORE,Supreme Court of Pakistan,2008-01-01,764,full_judgment,mixed,unknown,1374
2008_YLR_2585,2008 YLR 2585,879	2008 YLR 2585	MUHAMMAD IJAZ VS State - Honorable Justice Muhammad Jehangir Arshad - Saghir Ahmad Bhatti	LAHORE-HIGH-COURT-LAHORE,Supreme Court of Pakistan,2008-01-01,844,full_judgment,mixed,unknown,1551
2008_YLR_2595,2008 YLR 2595,882	2008 YLR 2595	SAADULLAH VS State - Honorable Justice Tariq Shamim - Talib H. Rizvi	LAHORE-HIGH-COURT-LAHORE,Lahore High Court,2008-01-01,2028,full_judgment,mixed,appeal_allowed,1699
2008_YLR_2575,2008 YLR 2575,"876	2008 YLR 2575	Haji MUHAMMAD QASIM VS ILLAQA JUDICIAL MAGISTRATE, POLICE STATION CHEHLIYAK, MULTAN - Honorable Justice S. Ali Hassan Rizvi - Ms. Shahida Saeed , Muhammad Abdul Wadood	LAHORE-HIGH-COURT-LAHORE",Lahore High Court,2008-01-01,504,full_judgment,mixed,petition_dismissed,1393
2008_YLR_2574,2008 YLR 2574,875	2008 YLR 2574	MUHAMMAD ASHRAF VS State - Honorable Justice Maulvi Anwarul Haq - Saghir Ahmad Bhatti	LAHORE-HIGH-COURT-LAHORE,Supreme Court of Pakistan,2008-01-01,476,full_judgment,mixed,unknown,731
2008_YLR_2480,2008 YLR 2480,"844	2008 YLR 2480	YAR MUHAMMAD VS Mst. AZIZAN BIBI - Honorable Justice Ali Akbar Qureshi - Muhammad Ahsan Khan , Hassan Ahmed Khan Kanwar	LAHORE-HIGH-COURT-LAHORE",Lahore High Court,2008-01-01,2593,full_judgment,mixed,remanded,1574
2008_YLR_2466,2008 YLR 2466,"840	2008 YLR 2466	MUHAMMAD ALI SHAHZAD VS BOARD OF INTERMEDAITE AND SECONDARY EDUCATION, LAHORE - Honorable Justice Ali Akbar Qureshi - Nadeem Saeed, Irfan Aizad, Khalid Nawaz Ghuman , Azam Nazir Tarrar	LAHORE-HIGH-COURT-LAHORE",Lahore High Court,2008-01-01,1744,full_judgment,mixed,unknown,2637
2008_YLR_2473,2008 YLR 2473,"842	2008 YLR 2473	JAVED AKHTAR VS State - Honorable Justice Asif Saeed Khan Khosa - M.A. Zafar, Hafiz Khalil Ahmad	LAHORE-HIGH-COURT-LAHORE",Lahore High Court,2008-01-01,4135,full_judgment,mixed,appeal_allowed,3443
2008_YLR_2484,2008 YLR 2484,"845	2008 YLR 2484	Mst. AZRA YASMEEN VS CITY DISTRICT GOVERNMENT, KARACHI",High Court of Sindh,2008-01-01,370,full_judgment,mixed,petition_allowed,1320
2008_YLR_2464,2008 YLR 2464,839	2008 YLR 2464	Mst. FEROZE BEGUM VS GOVERNMENT OF SINDH - Honorable Justice Azizullah M. Memon - Attaullah Khan	KARACHI-HIGH-COURT-SINDH,High Court of Sindh,2008-01-01,909,full_judgment,mixed,disposed_of,1955
2008_YLR_2479,2008 YLR 2479,843	2008 YLR 2479	MUHAMMAD KASHIF VS State - Honorable Justice Khawaja Naveed Ahmed - Usman Ghani Adil	KARACHI-HIGH-COURT-SINDH,High Court of Sindh,2008-01-01,659,full_judgment,mixed,appeal_dismissed,855
2008_YLR_2469,2008 YLR 2469,"841	2008 YLR 2469	FAIR TRADE CORPORATION VS KARACHI BUILDING CONTROL AUTHORITY - Honorable Justice Amir Hani Muslim - Muhammad Tasnim , Ahmed Pirzada	KARACHI-HIGH-COURT-SINDH",High Court of Sindh,2008-01-01,2111,full_judgment,mixed,petition_allowed,2529
2008_YLR_2485,2008 YLR 2485,"846	2008 YLR 2485	M. PERVAIZ IQBAL VS P.O.P., - Honorable Justice Ali Akbar Qureshi - Riaz Ahmad Chaudhry , Syed Kaleem Ahmad Khurshid	LAHORE-HIGH-COURT-LAHORE",Lahore High Court,2008-01-01,1726,full_judgment,mixed,petition_dismissed,1347
2008_YLR_2339,2008 YLR 2339,794	2008 YLR 2339	IBRAR KHAN VS State - Honorable Justice MUHAMMAD ALAM KHAN - Anwarul Haq	PESHAWAR-HIGH-COURT,Peshawar High Court,2008-01-01,2552,full_judgment,mixed,appeal_dismissed,3422
2008_YLR_2343,2008 YLR 2343,"795	2008 YLR 2343	NAVAID HUSSAIN VS JAWED NOOR MUHAMMAD - Honorable Justice Khawaja Naveed Ahmed - Naeem-ur-Rehman , Mushtaq A. Memon	KARACHI-HIGH-COURT-SINDH",High Court of Sindh,2008-01-01,4638,full_judgment,mixed,unknown,3530
2008_YLR_2351,2008 YLR 2351,796	2008 YLR 2351	MANZOOR AHMED VS State - Honorable Justice Khurshid Anwar Bhinder - Ch. Muhammad Anwar Zahid	LAHORE-HIGH-COURT-LAHORE,Supreme Court of Pakistan,2008-01-01,1000,full_judgment,mixed,disposed_of,1562
2008_YLR_2334,2008 YLR 2334,"793	2008 YLR 2334	SHER KHAN VS State - Honorable Justice REHMAT HUSSAIN JAFFERI - A.Q. Halepota and M.R. Syed , Habib Ahmed, A.A.-G.	KARACHI-HIGH-COURT-SINDH",High Court of Sindh,2008-01-01,3323,full_judgment,mixed,appeal_allowed,2511
2008_YLR_2329,2008 YLR 2329,791	2008 YLR 2329	MUHAMMAD SALEEM VS State - Honorable Justice Khawaja Muhammad Sharif - Hussain Aziz Bhatti	LAHORE-HIGH-COURT-LAHORE,Lahore High Court,2008-01-01,1661,full_judgment,mixed,appeal_allowed,961
2008_YLR_2332,2008 YLR 2332,792	2008 YLR 2332	MUHAMMAD AKRAM VS State - Honorable Justice BASHIR A. MUJAHID - Ch. Allah Ditta	LAHORE-HIGH-COURT-LAHORE,Lahore High Court,2008-01-01,1164,full_judgment,mixed,unknown,1455
2008_YLR_2399,2008 YLR 2399,812	2008 YLR 2399	TANVEER HUSSAIN VS State - Honorable Justice Syed Shabbar Raza Rizvi - Mazhar Iqbal Sindhu	LAHORE-HIGH-COURT-LAHORE,Supreme Court of Pakistan,2008-01-01,505,full_judgment,mixed,unknown,851
2008_YLR_2488,2008 YLR 2488,"847	2008 YLR 2488	NAZIM HUSSAIN VS State - Honorable Justice Muhammad Ahsan Bhoon - Kh. Waseem Abbas and Sultan Haider Ali Malik , Faisal Raza Bokhari	LAHORE-HIGH-COURT-LAHORE",Lahore High Court,2008-01-01,4224,full_judgment,mixed,disposed_of,2303
2008_YLR_2507,2008 YLR 2507,"851	2008 YLR 2507	MUHAMMAD SHARIF VS BASHARAT HAYAT - Honorable Justice Hasnat Ahmad Khan - Pir S.A. Rashid and Ch. Liaqat Ali Sial , Ch. Lehrasip Khan Gondal	LAHORE-HIGH-COURT-LAHORE",Lahore High Court,2008-01-01,4070,full_judgment,mixed,unknown,4633
2008_YLR_2496,2008 YLR 2496,849	2008 YLR 2496	MUHAMMAD ASHRAF VS State - Honorable Justice Hasnat Ahmad Khan - Hafiz Khalil Ahmad	LAHORE-HIGH-COURT-LAHORE,Lahore High Court,2008-01-01,5635,full_judgment,mixed,appeal_dismissed,4167
2008_YLR_2505,2008 YLR 2505,"850	2008 YLR 2505	REHAN NASIR VS STATION HOUSE OFFICER, POLICE STATION, RAIL BAZAR, DISTRICT FAISALABAD - Honorable Justice M. Bilal Khan - Ghulam Hussain Malik	LAHORE-HIGH-COURT-LAHORE",Lahore High Court,2008-01-01,801,full_judgment,mixed,petition_dismissed,2291
2008_YLR_2495,2008 YLR 2495,"848	2008 YLR 2495	ZAFAR ALI VS GOVERNMENT OF SINDH - Honorable Justice Amir Hani Muslim - Attaullah Khan , Manzoor Ahmed along with Kazi Khalil Mohsin	KARACHI-HIGH-COURT-SINDH",High Court of Sindh,2008-01-01,347,full_judgment,mixed,petition_dismissed,1349
2008_YLR_2513,2008 YLR 2513,"852	2008 YLR 2513	MUHAMMAD TAQI VS CIVIL AVIATION AUTHORITY - Honorable Justice Mushir Alam - , Faisal Kamal Alam	KARACHI-HIGH-COURT-SINDH",High Court of Sindh,2008-01-01,433,full_judgment,mixed,disposed_of,1208
2008_YLR_2849,2008 YLR 2849,"965	2008 YLR 2849	ASGHAR ALI VS SENIOR MEMBER, BOARD OF REVENUE, LAHORE - Honorable Justice Ali Akbar Qureshi - Muhammad Shehzad Shaukat , Muhammad Iqbal	LAHORE-HIGH-COURT-LAHORE",Lahore High Court,2008-01-01,5752,full_judgment,mixed,remanded,5260
2008_YLR_2858,2008 YLR 2858,"966	2008 YLR 2858	RABIA TALIB VS VICE-CHANCELLOR, BAHA-UD-DIN ZAKARIYA UNIVERSITY, MULTAN - Honorable Justice Mazhar Hussain Minhas - Pir Masood-ul-Hassan Chishti , Malik Muhammad Tariq Rajwana	LAHORE-HIGH-COURT-LAHORE",Supreme Court of Pakistan,2008-01-01,2721,full_judgment,mixed,unknown,2355
2008_YLR_2846,2008 YLR 2846,963	2008 YLR 2846	FAHAD AZIZ VS State - Honorable Justice Khurshid Anwar Bhinder - Mian Qamar-uz-Zaman	LAHORE-HIGH-COURT-LAHORE,Supreme Court of Pakistan,2008-01-01,858,full_judgment,mixed,unknown,1775
2008_YLR_2863,2008 YLR 2863,"967	2008 YLR 2863	RASHEEDULLAH YAQOOB VS NAB, REGIONAL HEADQUARTER - Honorable Justice Mrs. Yasmin Abbasey - Ilyas Khan and Shaukat Hayat	KARACHI-HIGH-COURT-SINDH",High Court of Sindh,2008-01-01,1911,full_judgment,mixed,unknown,1274
2008_YLR_2866,2008 YLR 2866,"968	2008 YLR 2866	NUZHAT BIBI VS SHABBIR HUSSAIN - Honorable Justice Khawaja Muhammad Saeed, C.J and Syed Manzoor Hussain Gillani - Muhammad Yunus Tahir , Bostan Chaudhry	Supreme Court",Supreme Court of Pakistan,2008-01-01,2643,full_judgment,mixed,appeal_dismissed,2869
2008_YLR_2848,2008 YLR 2848,964	2008 YLR 2848	ZULFIQAR VS State - Honorable Justice Dr. Qamar-ud-Din Bohra - Jai Jai Veshno Mange Ram	KARACHI-HIGH-COURT-SINDH,High Court of Sindh,2008-01-01,625,full_judgment,mixed,unknown,1203
2008_YLR_2870,2008 YLR 2870,969	2008 YLR 2870	REHMAN ULLAH VS State - Qari Abdul Karim Shahab	LAHORE-HIGH-COURT-LAHORE,Lahore High Court,2008-01-01,1260,full_judgment,mixed,appeal_dismissed,2251
2008_YLR_338,2008 YLR 338,"147	2008 YLR 338	State VS MUHAMMAD KHAN alias MUHAMMAD BAKHSH alias MUMMI - Muhammad Asghar Rokhari , Ch. Muhammad Inayat Ullah Cheema	LAHORE-HIGH-COURT-LAHORE",Lahore High Court,2008-01-01,5932,full_judgment,mixed,appeal_dismissed,4954
2008_YLR_347,2008 YLR 347,"148	2008 YLR 347	Sh. MUNSAF ALI VS State - Syed Zulfiqar Bokhari , Rana Iqbal Hussain	LAHORE-HIGH-COURT-LAHORE",Lahore High Court,2008-01-01,2675,full_judgment,mixed,revision_allowed,3840
2008_YLR_354,2008 YLR 354,150	2008 YLR 354	MANSAB KHAN VS State - Muhammad Asghar Rokhari	LAHORE-HIGH-COURT-LAHORE,Supreme Court of Pakistan,2008-01-01,3237,full_judgment,mixed,appeal_allowed,2265
2008_YLR_332,2008 YLR 332,145	2008 YLR 332	RUKHSAR AHMAD VS State - Ch. Ali Muhammad	SHARIAT-COURT-AZAD-KASHMIR,Supreme Court of Pakistan,2008-01-01,1873,full_judgment,mixed,revision_dismissed,3871
2008_YLR_335,2008 YLR 335,"146	2008 YLR 335	DOST MUHAMMAD VS FAUJ MUHAMMAD - Khizar Abbas Khan , Zafar Iqbal Chohan	LAHORE-HIGH-COURT-LAHORE",Lahore High Court,2008-01-01,1627,full_judgment,mixed,revision_allowed,2136
2008_YLR_359,2008 YLR 359,151	2008 YLR 359	MUHAMMAD HANIF VS State - Khalid Rashid	SHARIAT-COURT-AZAD-KASHMIR,Superior Courts of Pakistan,2008-01-01,2276,full_judgment,mixed,appeal_allowed,1322
2008_YLR_351,2008 YLR 351,149	2008 YLR 351	SIKANDAR VS State - Ghulam Shabir Dayo	KARACHI-HIGH-COURT-SINDH,High Court of Sindh,2008-01-01,1325,full_judgment,mixed,unknown,1487
2008_YLR_2651,2008 YLR 2651,"890	2008 YLR 2651	Syed ROSHAN ALI SHAH VS MUKHTIARKAR GADAP - Honorable Justice Munib Ahmed Khan - Abrar Hassan , Ahmed Pirzada, Ramwsh Kumar	KARACHI-HIGH-COURT-SINDH",High Court of Sindh,2008-01-01,1788,full_judgment,mixed,unknown,3323
2008_YLR_2647,2008 YLR 2647,"888	2008 YLR 2647	MARIAM KHAN VS MEHRYAR SALIM - Honorable Justice Zafar Iqbal Chaudhry - Aftab Ahmad Bajwa assisted by Tahir Lateef Sheikh and Kamil Hussain Naqvi , Ch. Muhammad Suleman	LAHORE-HIGH-COURT-LAHORE",Supreme Court of Pakistan,2008-01-01,2124,full_judgment,mixed,petition_allowed,2939
2008_YLR_2650,2008 YLR 2650,"889	2008 YLR 2650	Mst. NASREEN BIBI alias TAHIRA PARVEEN VS STATION HOUSE OFFICER - Honorable Justice Malik Saeed Ejaz - Muhammad Imran Shahzad Bhatti , Sh. Jamshaid Hayat	LAHORE-HIGH-COURT-LAHORE",Lahore High Court,2008-01-01,717,full_judgment,mixed,disposed_of,1576
2008_YLR_2654,2008 YLR 2654,891	2008 YLR 2654	WARIS MASIH VS State - Honorable Justice Muhammad Ahsan Bhoon - Mian Muhammad Ismail Theheem	LAHORE-HIGH-COURT-LAHORE,Lahore High Court,2008-01-01,1361,full_judgment,mixed,unknown,2194
2008_YLR_2520,2008 YLR 2520,854	2008 YLR 2520	SHAKIL KHAN VS State - Honorable Justice Muhammad Alam Khan - Shah Nawaz Sikandri	PESHAWAR-HIGH-COURT,Peshawar High Court,2008-01-01,1639,full_judgment,mixed,unknown,2531
2008_YLR_2514,2008 YLR 2514,853	2008 YLR 2514	GULZAR AHMAD VS State - Honorable Justice M. Naeemullah Khan Sherwani - Miss Nosheen Taskeen	LAHORE-HIGH-COURT-LAHORE,Supreme Court of Pakistan,2008-01-01,3191,full_judgment,mixed,appeal_allowed,1830
2008_YLR_2532,2008 YLR 2532,859	2008 YLR 2532	WASEEM SHAHZAD VS State - Honorable Justice Muhammad Afzal Soomro - Mirza Sarfraz Ahmed	KARACHI-HIGH-COURT-SINDH,High Court of Sindh,2008-01-01,1749,full_judgment,mixed,disposed_of,937
2008_YLR_2524,2008 YLR 2524,"856	2008 YLR 2524	MUHAMMAD SHER alias SHERI VS State - Honorable Justice Iftikhar Hussain Chaudhry, C. J. and Sh. Abdul Rashid - M.S. Saleem Shad	LAHORE-HIGH-COURT-LAHORE",Lahore High Court,2008-01-01,2293,full_judgment,mixed,unknown,1409
2008_YLR_2528,2008 YLR 2528,857	2008 YLR 2528	WAHEEDULLAH VS State - Honorable Justice Khawaja Naveed Ahmed - 	KARACHI-HIGH-COURT-SINDH,High Court of Sindh,2008-01-01,392,full_judgment,mixed,appeal_dismissed,852
2008_YLR_2535,2008 YLR 2535,"860	2008 YLR 2535	GHULAM FATIMA VS S.H.O. - Honorable Justice Tariq Shamim - Raja Ghulam Hassan Khan , Sarfraz Khan Gondal	LAHORE-HIGH-COURT-LAHORE",Lahore High Court,2008-01-01,823,full_judgment,mixed,petition_dismissed,1666
2008_YLR_2537,2008 YLR 2537,861	2008 YLR 2537	UMER AFROZ KHAN alias AFROZ KHAN VS AURANGZEB - Honorable Justice Muhammad Alam Khan - Muhammad Aslam Khan	PESHAWAR-HIGH-COURT,Supreme Court of Pakistan,2008-01-01,1082,full_judgment,mixed,unknown,1604
2008_YLR_2545,2008 YLR 2545,"864	2008 YLR 2545	MUHAMMAD SAEED VS THE STATION HOUSE OFFICER, POLICE STATION OLD ANARKALI, LAHORE - Honorable Justice Sh. Abdul Rashid - Muhammad Akram Qureshi , Munir Ahmad Bhatti	LAHORE-HIGH-COURT-LAHORE",Lahore High Court,2008-01-01,682,full_judgment,mixed,petition_dismissed,1279
2008_YLR_2529,2008 YLR 2529,858	2008 YLR 2529	MUKHTAR AHMAD VS State - Honorable Justice Maulvi Anwarul Haq - Altaf Elahi Sheikh and M. Ilyas Siddiqi	LAHORE-HIGH-COURT-LAHORE,Lahore High Court,2008-01-01,2007,full_judgment,mixed,appeal_allowed,1125
2008_YLR_2522,2008 YLR 2522,855	2008 YLR 2522	HAMEEDULLAH VS State - Honorable Justice Muhammad Akram Qureshi - Ch. Arshad Mehmood	LAHORE-HIGH-COURT-LAHORE,Supreme Court of Pakistan,2008-01-01,1091,full_judgment,mixed,unknown,1287
2008_YLR_2544,2008 YLR 2544,863	2008 YLR 2544	MUHAMMAD SHAHID VS State - Honorable Justice Khawaja Naveed Ahmed - Muhammad Saleem	KARACHI-HIGH-COURT-SINDH,High Court of Sindh,2008-01-01,297,headnote_only,mixed,unknown,734
2008_YLR_2730,2008 YLR 2730,925	2008 YLR 2730	MEHMOOD AHMED VS GOVERNMENT OF THE PUNJAB through Secretary LG,Lahore High Court,2008-01-01,1458,full_judgment,mixed,petition_dismissed,2289
2008_YLR_2782,2008 YLR 2782,939	2008 YLR 2782	BARKAT ALI VS State - Honorable Justice Muhammad Ashraf Bhatti - Malik Muhammad Aslam Bara	LAHORE-HIGH-COURT-LAHORE,Lahore High Court,2008-01-01,3685,full_judgment,mixed,appeal_allowed,2532
2008_YLR_2732,2008 YLR 2732,926	2008 YLR 2732	MUREED VS State - Honorable Justice Khawaja Naveed Ahmed - Miss Kaneez Fatima Shaikh	KARACHI-HIGH-COURT-SINDH,High Court of Sindh,2008-01-01,1570,full_judgment,mixed,unknown,1615
2008_YLR_2726,2008 YLR 2726,"923	2008 YLR 2726	TARIQ MEHMOOD VS MOUJ DIN - Honorable Justice Ali Akbar Qureshi - Sh. Naveed Shahryar , Muhammad Atif Amin	LAHORE-HIGH-COURT-LAHORE",Lahore High Court,2008-01-01,1349,full_judgment,mixed,petition_dismissed,1813
2008_YLR_2777,2008 YLR 2777,"937	2008 YLR 2777	SAJID VS WAZIR HUSSAIN - Honorable Justice Khawaja Muhammad Saeed, C. J. and Syed Manzoor Hussain Gilani - Sardar Muhammad Azam Khan	Supreme Court",Supreme Court of Pakistan,2008-01-01,1373,full_judgment,mixed,appeal_allowed,2712
2008_YLR_2787,2008 YLR 2787,940	2008 YLR 2787	MUMTAZ ALI SHAH VS State - Honorable Justice Farrukh Zia G. Shaikh - Syed Zaffar Ali Shah	KARACHI-HIGH-COURT-SINDH,High Court of Sindh,2008-01-01,872,full_judgment,mixed,unknown,808
2008_YLR_2791,2008 YLR 2791,942	2008 YLR 2791	NAZAR alias NAZAR AHMED VS State - Honorable Justice Nadeem Azhar Siddiqi - Abdul Rasool Abbasi	KARACHI-HIGH-COURT-SINDH,High Court of Sindh,2008-01-01,923,full_judgment,mixed,unknown,1441
2008_YLR_2728,2008 YLR 2728,924	2008 YLR 2728	ALLAH BUX VS State - Honorable Justice Ali Sain Dino Metlo - A.R. Farooque Pirzada	KARACHI-HIGH-COURT-SINDH,High Court of Sindh,2008-01-01,663,full_judgment,mixed,unknown,1469
2008_YLR_2776,2008 YLR 2776,936	2008 YLR 2776	MUHAMMAD RAFIQUE VS State - Honorable Justice Tariq Shamim - Agha I.A. Imran	LAHORE-HIGH-COURT-LAHORE,Supreme Court of Pakistan,2008-01-01,523,full_judgment,mixed,petition_allowed,1202
2008_YLR_2779,2008 YLR 2779,938	2008 YLR 2779	Mst. SALMA VS State - Honorable Justice Bin Yamin - Ashiq Ali Anwar Rana	KARACHI-HIGH-COURT-SINDH,Supreme Court of Pakistan,2008-01-01,1317,full_judgment,mixed,disposed_of,1664
2008_YLR_2789,2008 YLR 2789,941	2008 YLR 2789	MAHMOOD NOOR VS Mst. FIRASAT BIBI - Honorable Justice Shahji Rahman Khan - 	PESHAWAR-HIGH-COURT,Supreme Court of Pakistan,2008-01-01,888,full_judgment,mixed,appeal_dismissed,1689
2008_YLR_2688,2008 YLR 2688,906	2008 YLR 2688	TARIQ SHAHBAZ VS NATIONAL ACCOUNTABILITY BUREAU through Chairman - Wasim Sajjad	LAHORE-HIGH-COURT-LAHORE,Lahore High Court,2008-01-01,1645,full_judgment,mixed,petition_allowed,3136
2008_YLR_2665,2008 YLR 2665,"895	2008 YLR 2665	MUHAMMAD MUKHTAR VS S.H.O. - Honorable Justice Syed Shaheen Masud Rizvi - Muhammad Younis Sheikh , Tariq Barlas	LAHORE-HIGH-COURT-LAHORE",Lahore High Court,2008-01-01,577,full_judgment,mixed,unknown,1327
2008_YLR_2657,2008 YLR 2657,892	2008 YLR 2657	MUHAMMAD AYUB VS State - Honorable Justice Muhammad Akram Qureshi - Muhammad Asif Chaudhry	LAHORE-HIGH-COURT-LAHORE,Supreme Court of Pakistan,2008-01-01,3484,full_judgment,mixed,disposed_of,2743
2008_YLR_2691,2008 YLR 2691,907	2008 YLR 2691	CHANAN MASIH VS State - Honorable Justice Mian Hamid Farooq - M. Tanvir Ch.	LAHORE-HIGH-COURT-LAHORE,Lahore High Court,2008-01-01,687,full_judgment,mixed,petition_dismissed,1557
2008_YLR_2663,2008 YLR 2663,"894	2008 YLR 2663	ABDUL MAJEED REHMANI VS KARACHI BUILDING CONTROL AUTHORITY - Ms. Razia Danish , Khawaja Shams-ul-Islam	KARACHI-HIGH-COURT-SINDH",High Court of Sindh,2008-01-01,720,full_judgment,mixed,disposed_of,1887
2008_YLR_2662,2008 YLR 2662,893	2008 YLR 2662	GHULAM SARWAR VS State - Honorable Justice Muhammad Jehangir Arshad - Saghir Ahmad Bhatti	LAHORE-HIGH-COURT-LAHORE,Supreme Court of Pakistan,2008-01-01,696,full_judgment,mixed,unknown,1497
2008_YLR_2684,2008 YLR 2684,903	2008 YLR 2684	MUHAMMAD SHABBIR SIDDIQUE VS State - Honorable Justice Muhammad Ahsan Bhoon - Naveed Inayat Malik	LAHORE-HIGH-COURT-LAHORE,Supreme Court of Pakistan,2008-01-01,1265,full_judgment,mixed,petition_allowed,2511
2008_YLR_2693,2008 YLR 2693,908	2008 YLR 2693	NOOR MUHAMMAD VS STATION HOUSE OFFICER - Honorable Justice Khawaja Naveed Ahmed - Badrul Alam along with Noor Muhammad	KARACHI-HIGH-COURT-SINDH,High Court of Sindh,2008-01-01,639,full_judgment,mixed,petition_dismissed,1379
2008_YLR_2686,2008 YLR 2686,"904	2008 YLR 2686	SAJJAD AHMED VS CHAIRMAN, NATIONAL ACCOUNTABILITY BUREAU - Mirza Sarfraz Ahmed	KARACHI-HIGH-COURT-SINDH",High Court of Sindh,2008-01-01,883,full_judgment,mixed,unknown,1303
2008_YLR_2694,2008 YLR 2694,909	2008 YLR 2694	ILYAS VS State - Honorable Justice M.A. Zafar - Syed Karamat Ali Naqvi	LAHORE-HIGH-COURT-LAHORE,Supreme Court of Pakistan,2008-01-01,538,full_judgment,mixed,petition_dismissed,938
2008_YLR_2687,2008 YLR 2687,"905	2008 YLR 2687	ALLAH BAKHSH PASHA VS S. H.O. - Honorable Justice M.A. Zafar - Ch. Muhammad Yousuf , Zafar Mahmood Chaudhry	LAHORE-HIGH-COURT-LAHORE",Lahore High Court,2008-01-01,496,full_judgment,mixed,disposed_of,1332
2008_YLR_2683,2008 YLR 2683,902	2008 YLR 2683	ASGHER ALI VS State - Honorable Justice Sardar Muhammad Aslam - M. Tanveer Chaudhry	LAHORE-HIGH-COURT-LAHORE,Supreme Court of Pakistan,2008-01-01,277,headnote_only,mixed,petition_allowed,649
2008_YLR_2841,2008 YLR 2841,"961	2008 YLR 2841	PHULMAJEERAN BEGUM alias PHULLAN BEGUM VS ADDITIONAL DISTRICT JUDGE, MAILSI - Honorable Justice Malik Saeed Ejaz - Syed Muhammad Ali Gilani , Muhammad Waseem Shahab	LAHORE-HIGH-COURT-LAHORE",Supreme Court of Pakistan,2008-01-01,2182,full_judgment,mixed,petition_allowed,3138
2008_YLR_2836,2008 YLR 2836,958	2008 YLR 2836	RAZA AHMED VS State - Honorable Justice Khawaja Naveed Ahmed - Abdul Razzak	KARACHI-HIGH-COURT-SINDH,High Court of Sindh,2008-01-01,1216,full_judgment,mixed,unknown,900
2008_YLR_2821,2008 YLR 2821,953	2008 YLR 2821	MUHAMMAD FAISAL VS State - Honorable Justice Syed Mahmood Alam Rizvi - Muhammad Mushaffay Ahmed	KARACHI-HIGH-COURT-SINDH,High Court of Sindh,2008-01-01,1660,full_judgment,mixed,appeal_allowed,1897
2008_YLR_2824,2008 YLR 2824,"954	2008 YLR 2824	MUHAMMAD AMIN VS M. ILYAS DADOO - Khaleeq Ahmed , Mushtaq	KARACHI-HIGH-COURT-SINDH",High Court of Sindh,2008-01-01,1002,full_judgment,mixed,revision_dismissed,1625
2008_YLR_2833,2008 YLR 2833,957	2008 YLR 2833	MUHAMMAD ILYAS VS State - Honorable Justice Kazim Ali Malik - Muhammad Ifran Malik	LAHORE-HIGH-COURT-LAHORE,Supreme Court of Pakistan,2008-01-01,1863,full_judgment,mixed,unknown,2820
2008_YLR_2840,2008 YLR 2840,960	2008 YLR 2840	MUHAMMAD AKHTAR VS State - Honorable Justice Muhammad Akram Qureshi - Muhammad Arif Gondal	LAHORE-HIGH-COURT-LAHORE,Supreme Court of Pakistan,2008-01-01,1079,full_judgment,mixed,petition_allowed,1378
2008_YLR_2829,2008 YLR 2829,956	2008 YLR 2829	SIKANDAR VS State - Honorable Justice Hasnat Ahmad Khan - Syed Sarosh Ali	LAHORE-HIGH-COURT-LAHORE,Supreme Court of Pakistan,2008-01-01,1977,full_judgment,mixed,unknown,3245
2008_YLR_2845,2008 YLR 2845,LTD VS MINISTRY OF RELIGIOUS AFFAIRS - Shaukat Hayat	KARACHI-HIGH-COURT-SINDH,High Court of Sindh,2008-01-01,684,full_judgment,mixed,disposed_of,1667
2008_YLR_2826,2008 YLR 2826,955	2008 YLR 2826	SHAHZAD AHMAD VS State - Honorable Justice Muhammad Ahsan Bhoon - Kh. Waseem Abbas	LAHORE-HIGH-COURT-LAHORE,Lahore High Court,2008-01-01,2312,full_judgment,mixed,appeal_dismissed,2594
2008_YLR_2838,2008 YLR 2838,959	2008 YLR 2838	SARFRAZ AHMED VS State - Honorable Justice Khurshid Anwar Bhinder - Shahzad Ashraf Tarrar	LAHORE-HIGH-COURT-LAHORE,Supreme Court of Pakistan,2008-01-01,864,full_judgment,mixed,unknown,2284
2008_YLR_586,2008 YLR 586,"207	2008 YLR 586	GOVERNMENT OF THE PUNJAB through Secretary Irrigation and Power Department, Punjab, Lahore VS MUHAMMAD LATIF BUTT, GOVERNMENT CONTRACTOR - Muhammad Sohail Dar , Muhammad Iqbal Cheema for the Respondent No.1 with Azhar Masood, S.D.O.",Lahore High Court,2008-01-01,1484,full_judgment,mixed,revision_dismissed,1870
2008_YLR_589,2008 YLR 589,"208	2008 YLR 589	PATHANA VS ALLAH DITTA - Muhammad Zainul Abidin , Masood Zakaria	LAHORE-HIGH-COURT-LAHORE",Lahore High Court,2008-01-01,2686,full_judgment,mixed,revision_allowed,4252
2008_YLR_596,2008 YLR 596,"211	2008 YLR 596	BAGH HUSSAIN VS State - Abdul Majeed Malick, Ch. Jahanadad Khan	SHARIAT-COURT-AZAD-KASHMIR",Supreme Court of Pakistan,2008-01-01,2829,full_judgment,mixed,appeal_dismissed,2664
2008_YLR_572,2008 YLR 572,"205	2008 YLR 572	GULZAR HUSSAIN VS State - Muhammad Ahsan Bhoon , Ch. Muhammad Aslam Sindhu	LAHORE-HIGH-COURT-LAHORE",High Court of Sindh,2008-01-01,5023,full_judgment,mixed,disposed_of,3853
2008_YLR_580,2008 YLR 580,"206	2008 YLR 580	MUHAMMAD ARIF VS State - Ch. Khalid Rashid , Muhammad Riaz Alam	SHARIAT-COURT-AZAD-KASHMIR",Superior Courts of Pakistan,2008-01-01,4109,full_judgment,mixed,appeal_dismissed,5132
2008_YLR_595,2008 YLR 595,210	2008 YLR 595	SHAHZAD HUSSAIN SHAH VS State - Malik Abdul Aziz Kandowal	LAHORE-HIGH-COURT-LAHORE,Supreme Court of Pakistan,2008-01-01,559,full_judgment,mixed,petition_allowed,843
2008_YLR_2903,2008 YLR 2903,982	2008 YLR 2903	QAMAR DIN VS State - Honorable Justice Mazhar Hussain Minhas - M.S. Shad and Mirza Abdul Baig	LAHORE-HIGH-COURT-LAHORE,Lahore High Court,2008-01-01,4324,full_judgment,mixed,unknown,3528
2008_YLR_323,2008 YLR 323,142	2008 YLR 323	MUHAMMAD ASIF VS State - Muhammad Ashfaq Fazal	LAHORE-HIGH-COURT-LAHORE,Lahore High Court,2008-01-01,2533,full_judgment,mixed,appeal_dismissed,1944
2008_YLR_328,2008 YLR 328,"143	2008 YLR 328	MUHAMMAD ALI TARIQ VS AFFAN AHMAD KHAN - Ch. Abdul Ghaffar and Munawar Iqbal , Junaid Razzaq	LAHORE-HIGH-COURT-LAHORE",Supreme Court of Pakistan,2008-01-01,1326,full_judgment,mixed,unknown,2818
2008_YLR_316,2008 YLR 316,140	2008 YLR 316	MUHAMMAD LATIF VS State - Muhammad Azam Khan	SHARIAT-COURT-AZAD-KASHMIR,Superior Courts of Pakistan,2008-01-01,2315,full_judgment,mixed,appeal_dismissed,1590
2008_YLR_319,2008 YLR 319,"141	2008 YLR 319	MASTA VS FATEH MUHAMMAD - Khawaja Mushtaq Ahmad , Muhammad Waheed Akhtar Mian	LAHORE-HIGH-COURT-LAHORE",Lahore High Court,2008-01-01,2117,full_judgment,mixed,unknown,1922
2008_YLR_315,2008 YLR 315,139	2008 YLR 315	ABDUL RASHID VS State - Tariq Zulfiqar Ahmad Chaudhry	LAHORE-HIGH-COURT-LAHORE,Supreme Court of Pakistan,2008-01-01,393,full_judgment,mixed,unknown,920
2008_YLR_330,2008 YLR 330,144	2008 YLR 330	MUNEER AHMAD VS State - Zafar Iqbal Chohan	LAHORE-HIGH-COURT-LAHORE,Supreme Court of Pakistan,2008-01-01,981,full_judgment,mixed,disposed_of,2215
2008_YLR_2894,2008 YLR 2894,"981	2008 YLR 2894	MUHAMMAD ABBAS VS State - Honorable Justice Asif Saeed Khan Khosa - Malik Muhammad Suleman Awan , Ishaq Masih Naz	LAHORE-HIGH-COURT-LAHORE",Lahore High Court,2008-01-01,4411,full_judgment,mixed,unknown,3707
2008_YLR_400,2008 YLR 400,162	2008 YLR 400	ZAFAR IQBAL VS State - Sohail Tariq	LAHORE-HIGH-COURT-LAHORE,Lahore High Court,2008-01-01,2288,full_judgment,mixed,appeal_dismissed,2889
2008_YLR_387,2008 YLR 387,159	2008 YLR 387	MUHAMMAD SHARIF VS State - M. Saleem Akhtar	LAHORE-HIGH-COURT-LAHORE,Lahore High Court,2008-01-01,2030,full_judgment,mixed,appeal_allowed,1350
2008_YLR_385,2008 YLR 385,158	2008 YLR 385	GHUNCHA GULL VS State - Khalid Jamil	LAHORE-HIGH-COURT-LAHORE,Supreme Court of Pakistan,2008-01-01,944,full_judgment,mixed,petition_allowed,1836
2008_YLR_404,2008 YLR 404,163	2008 YLR 404	NOOR HASSAN VS State - Munir Ahmad Bhatti	LAHORE-HIGH-COURT-LAHORE,Lahore High Court,2008-01-01,2933,full_judgment,mixed,appeal_allowed,2362
2008_YLR_390,2008 YLR 390,160	2008 YLR 390	State VS MUHAMMAD ASLAM alias ACHOO - Raja Inamullah Khan	SHARIAT-COURT-AZAD-KASHMIR,Superior Courts of Pakistan,2008-01-01,3369,full_judgment,mixed,disposed_of,1852
2008_YLR_408,2008 YLR 408,164	2008 YLR 408	ABDUL GUFTAR VS State - Abdul Majeed Mallick	SHARIAT-COURT-AZAD-KASHMIR,Superior Courts of Pakistan,2008-01-01,3437,full_judgment,mixed,unknown,2810
2008_YLR_381,2008 YLR 381,157	2008 YLR 381	ALI AKBAR alias IBRAHEEM VS State - Imdad Ali Awan	KARACHI-HIGH-COURT-SINDH,High Court of Sindh,2008-01-01,2506,full_judgment,mixed,disposed_of,2244
2008_YLR_396,2008 YLR 396,"161	2008 YLR 396	DIN MUHAMMAD VS AHMAD - Sardar Mashkoor Ahmad , Mehmood Ahmad Chaddar	LAHORE-HIGH-COURT-LAHORE",Supreme Court of Pakistan,2008-01-01,2232,full_judgment,mixed,revision_dismissed,966
2008_YLR_362,2008 YLR 362,"152	2008 YLR 362	KHUSHI MUHAMMAD VS MUHAMMAD YOUSAF - Amjad Pervaiz Malik , Rana Habib ur Rehman Khan	LAHORE-HIGH-COURT-LAHORE",Lahore High Court,2008-01-01,2879,full_judgment,mixed,revision_dismissed,4756
2008_YLR_375,2008 YLR 375,"156	2008 YLR 375	SAIF ALI VS State - Masood Sadiq Mirza , Tehseen Irfan and Ijaz Ahmad Bajwa	LAHORE-HIGH-COURT-LAHORE",Lahore High Court,2008-01-01,4005,full_judgment,mixed,appeal_allowed,3325
2008_YLR_367,2008 YLR 367,"153	2008 YLR 367	MUHAMMAD SHAMSHAD VS DISTRICT POLICE OFFICER, PAKPATTAN SHARIF - Arshad Ali Chohan , Amjad Ali Chattha, Asstt. A.-G. Muhammad Nawaz	LAHORE-HIGH-COURT-LAHORE",Lahore High Court,2008-01-01,1458,full_judgment,mixed,petition_allowed,1866
2008_YLR_369,2008 YLR 369,154	2008 YLR 369	MUHAMMAD IQBAL VS State - Muhammad Waseem	LAHORE-HIGH-COURT-LAHORE,Supreme Court of Pakistan,2008-01-01,1497,full_judgment,mixed,petition_allowed,1933
2008_YLR_372,2008 YLR 372,"155	2008 YLR 372	Ch. MUHAMMAD TARIQ VS NATIONAL ACCOUNTABILITY BUREAU, ISLAMABAD - Navid Rasul Mirza , Asad Manzoor Butt	LAHORE-HIGH-COURT-LAHORE",Lahore High Court,2008-01-01,1557,full_judgment,mixed,petition_dismissed,2415
2008_YLR_606,2008 YLR 606,"215	2008 YLR 606	MUHAMMAD RAMZAN alias DHURLA VS State - Muhammad Riaz Satti , Nemo	LAHORE-HIGH-COURT-LAHORE",Lahore High Court,2008-01-01,950,full_judgment,mixed,appeal_allowed,1552
2008_YLR_603,2008 YLR 603,"214	2008 YLR 603	MANNU KHAN VS Mst. JUMMI - Faiz Muhammad Bilal , Qazi Khurshid Alam	LAHORE-HIGH-COURT-LAHORE",Supreme Court of Pakistan,2008-01-01,2164,full_judgment,mixed,petition_dismissed,2348
2008_YLR_608,2008 YLR 608,216	2008 YLR 608	EISA KHAN VS State - Rana Ijaz Ahmad Khan	LAHORE-HIGH-COURT-LAHORE,Lahore High Court,2008-01-01,7070,full_judgment,mixed,disposed_of,2418
2008_YLR_619,2008 YLR 619,"217	2008 YLR 619	MUHAMMAD LATIF VS State - Mirza Masood Sadiq , Ch. Muhammad Younas Gujjar	LAHORE-HIGH-COURT-LAHORE",Lahore High Court,2008-01-01,4348,full_judgment,mixed,appeal_dismissed,3270
2008_YLR_600,2008 YLR 600,212	2008 YLR 600	Mst. MARYAM BIBI VS State - Altaf Ibrahim Qureshi	LAHORE-HIGH-COURT-LAHORE,Supreme Court of Pakistan,2008-01-01,499,full_judgment,mixed,unknown,930
2008_YLR_601,2008 YLR 601,213	2008 YLR 601	MAHMOOD YASIR VS State - Mian Shakeel Ahmad	LAHORE-HIGH-COURT-LAHORE,Supreme Court of Pakistan,2008-01-01,848,full_judgment,mixed,petition_allowed,1285
2008_YLR_2886,2008 YLR 2886,"977	2008 YLR 2886	YASIR MEHMOOD VS SASHARAT AZIZ - Honorable Justice Khawaja Muhammad Saeed, C.J. and Syed Manzoor Hussain - Ch. Ali Muhammad Chacha , Ch. Muhammad Riaz Alam	Supreme Court",Supreme Court of Pakistan,2008-01-01,1976,full_judgment,mixed,appeal_dismissed,3495
2008_YLR_2878,2008 YLR 2878,"973	2008 YLR 2878	MUHAMMAD SAFDAR VS State - Honorable Justice Zubda-Tul-Hussain - Ch. Muhammad Amjid Khan , Mirza Mukhtar Baig	LAHORE-HIGH-COURT-LAHORE",Lahore High Court,2008-01-01,2621,full_judgment,mixed,appeal_allowed,3915
2008_YLR_2872,2008 YLR 2872,970	2008 YLR 2872	MUHAMMAD NAWAZ VS State - Honorable Justice Rana Zahid Mahmood - Agha I.A. Imran	LAHORE-HIGH-COURT-LAHORE,Supreme Court of Pakistan,2008-01-01,273,headnote_only,mixed,petition_dismissed,768
2008_YLR_2884,2008 YLR 2884,975	2008 YLR 2884	NOOR MUHAMMAD alias NOOR AHMAD VS State - Honorable Justice Muhammad Ahsan Bhoon - Ch. Muhammad Abdus Saleem	LAHORE-HIGH-COURT-LAHORE,Supreme Court of Pakistan,2008-01-01,586,full_judgment,mixed,petition_allowed,1577
2008_YLR_2892,2008 YLR 2892,980	2008 YLR 2892	ABDUL REHMAN VS Mst. ANAYAT BIBI - Honorable Justice Muhammad Reaz Akhtar Chaudhry - Raja Muhammad Siddique Khan	Supreme Court,Supreme Court of Pakistan,2008-01-01,1103,full_judgment,mixed,appeal_dismissed,1485
2008_YLR_2882,2008 YLR 2882,"974	2008 YLR 2882	AZIZ BIBI VS FAZAL HUSSAIN - Honorable Justice Muhammad Reaz Akhtar Chaudhry, CJ and Khawaja Shahad Ahmad - Khalid Rasheed Chaudhry , Muhammad Azam Khan	Supreme Court",Supreme Court of Pakistan,2008-01-01,766,full_judgment,mixed,disposed_of,1687
2008_YLR_2873,2008 YLR 2873,"971	2008 YLR 2873	FARRUKH VS State - Honorable Justice Muhammad Reaz Akhtar Chaudhry, CJ and Khawaja Shahad Ahmed - Ch. Muhammad Azam Khan	Supreme Court",Supreme Court of Pakistan,2008-01-01,2678,full_judgment,mixed,unknown,2843
2008_YLR_2885,2008 YLR 2885,976	2008 YLR 2885	KHADIM HUSSAIN VS State - Honorable Justice Saif-ur-Rehman - Sardar Muhammad Sarfraz Dogar	LAHORE-HIGH-COURT-LAHORE,Lahore High Court,2008-01-01,757,full_judgment,mixed,revision_dismissed,970
2008_YLR_2877,2008 YLR 2877,"972	2008 YLR 2877	ALLAH BAKHSH VS S.H.O. POLICE STATION, KOT ADDU - Honorable Justice Farrukh Lateef - Qari Abdul Karim Shahab	LAHORE-HIGH-COURT-LAHORE",Lahore High Court,2008-01-01,339,full_judgment,mixed,petition_dismissed,975
2008_YLR_2890,2008 YLR 2890,978	2008 YLR 2890	NAZIR HUSSAIN VS State - Honorable Justice Muhammad Ahsan Bhoon - Ch. Muhammad Abdus Saleem	LAHORE-HIGH-COURT-LAHORE,Supreme Court of Pakistan,2008-01-01,375,full_judgment,mixed,petition_allowed,735
2008_YLR_704,2008 YLR 704,242	2008 YLR 704	GHULAM SARWAR VS State - Honorable Justice Sarmad Jalal Osmany - Ghulam Shabir Shar	KARACHI-HIGH-COURT-SINDH,Supreme Court of Pakistan,2008-01-01,6271,full_judgment,mixed,unknown,3361
2008_YLR_697,2008 YLR 697,240	2008 YLR 697	ABDUL JABBAR KHAN VS State - Honorable Justice MUHAMMAD FARRUKH MAHMUD - Sardar Muhammad Latif Khan Khosa	LAHORE-HIGH-COURT-LAHORE,Lahore High Court,2008-01-01,3325,full_judgment,mixed,appeal_allowed,2668
2008_YLR_703,2008 YLR 703,241	2008 YLR 703	AMEER SULTAN VS State - Honorable Justice Ijaz Ahmad Chaudhry - Naseemullah Khan Niazi	LAHORE-HIGH-COURT-LAHORE,Supreme Court of Pakistan,2008-01-01,715,full_judgment,mixed,unknown,1306
2008_YLR_717,2008 YLR 717,"245	2008 YLR 717	JASEEM VS State - Honorable Justice Mrs. Yasmeen Abbasey - Abdul Razzak , Sardaruddin Qureshi	KARACHI-HIGH-COURT-SINDH",High Court of Sindh,2008-01-01,3961,full_judgment,mixed,unknown,4304
2008_YLR_715,2008 YLR 715,244	2008 YLR 715	ABDUL KHALIQ VS State - Honorable Justice Hasnat Ahmad Khan - Khalid Mahmood Arain	LAHORE-HIGH-COURT-LAHORE,Supreme Court of Pakistan,2008-01-01,902,full_judgment,mixed,petition_allowed,1452
2008_YLR_723,2008 YLR 723,246	2008 YLR 723	MUHAMMAD RAMZAN VS State - Honorable Justice Syed Sajjad Hussain Shah - Muhammad Amir Khan Niazi	LAHORE-HIGH-COURT-LAHORE,Supreme Court of Pakistan,2008-01-01,785,full_judgment,mixed,petition_allowed,782
2008_YLR_714,2008 YLR 714,243	2008 YLR 714	MUHAMMAD ZAMIR VS State - Honorable Justice Khawaja Muhammad Sharif - Muhammad Ameer Khan Niazi	LAHORE-HIGH-COURT-LAHORE,Supreme Court of Pakistan,2008-01-01,902,full_judgment,mixed,petition_allowed,1440
2008_YLR_725,2008 YLR 725,247	2008 YLR 725	MUHAMMAD SHARIF VS State - Honorable Justice MUHAMMAD FARRUKH MAHMUD - Hafiz Assad Ullah	LAHORE-HIGH-COURT-LAHORE,Supreme Court of Pakistan,2008-01-01,3561,full_judgment,mixed,unknown,3673
2008_YLR_508,2008 YLR 508,188	2008 YLR 508	MUHMMAD IMRAN VS State - Sardar M. Rasham Khan	SHARIAT-COURT-AZAD-KASHMIR,Superior Courts of Pakistan,2008-01-01,8958,full_judgment,mixed,appeal_dismissed,8509
2008_YLR_499,2008 YLR 499,185	2008 YLR 499	AZMAT HUSSAIN SHAH VS State - Tahir Naeem	LAHORE-HIGH-COURT-LAHORE,Supreme Court of Pakistan,2008-01-01,994,full_judgment,mixed,disposed_of,1834
2008_YLR_503,2008 YLR 503,"187	2008 YLR 503	Mst. KHURSHID BEGUM VS LIAQAT ALI KHAN - Tassawar Hussain Qureshi , Masood A. Malik	LAHORE-HIGH-COURT-LAHORE",Lahore High Court,2008-01-01,3102,full_judgment,mixed,revision_dismissed,1911
2008_YLR_501,2008 YLR 501,186	2008 YLR 501	MUHAMMAD ABBAS alias GHULAM ABBAS VS State - Tariq Zulfiqar Ahmed Chaudhry	LAHORE-HIGH-COURT-LAHORE,Supreme Court of Pakistan,2008-01-01,1188,full_judgment,mixed,unknown,1913
2008_YLR_498,2008 YLR 498,184	2008 YLR 498	ABDUL SATTAR VS State - Zamir Ghumro and Syed Azmat Shah	KARACHI-HIGH-COURT-SINDH,High Court of Sindh,2008-01-01,786,full_judgment,mixed,unknown,690
2008_YLR_497,2008 YLR 497,183	2008 YLR 497	GHOUS MUHAMMAD VS State - Muhammad Amir Khan Niazi	LAHORE-HIGH-COURT-LAHORE,Lahore High Court,2008-01-01,420,full_judgment,mixed,disposed_of,1136
2008_YLR_949,2008 YLR 949,329	2008 YLR 949	GULZAR AHMED VS State - Honorable Justice Hasnat Ahmad Khan - Saghir Ahmad Bhatti and Sh. Muhammad Usman	LAHORE-HIGH-COURT-LAHORE,Supreme Court of Pakistan,2008-01-01,1931,full_judgment,mixed,unknown,2734
2008_YLR_938,2008 YLR 938,"325	2008 YLR 938	REHANA AFZAL ALI KHAN VS NOOR BAI - Honorable Justice Khawaja Naveed Ahmed - Mustafa Lakhani , Rehman Aziz Malik and Muhammad Jamil	KARACHI-HIGH-COURT-SINDH",High Court of Sindh,2008-01-01,4437,full_judgment,mixed,appeal_dismissed,2459
2008_YLR_945,2008 YLR 945,327	2008 YLR 945	MUHAMMAD BOOTA VS State - Babar Murtaza Khan	LAHORE-HIGH-COURT-LAHORE,Lahore High Court,2008-01-01,700,full_judgment,mixed,disposed_of,946
2008_YLR_928,2008 YLR 928,"321	2008 YLR 928	HAYAT ULLAH KHAN VS UMAR HAYAT - Honorable Justice Mian Hamid Farooq - Hafiz Khalil Ahmad , Muhammad Sharif Khokhar	LAHORE-HIGH-COURT-LAHORE",Supreme Court of Pakistan,2008-01-01,898,full_judgment,mixed,appeal_dismissed,1139
2008_YLR_930,2008 YLR 930,"322	2008 YLR 930	ZUBAIR VS State - Honorable Justice Munib Ahmad Khan - Muhammad Siddique Kaladia , Khalil-ur-Rehman	KARACHI-HIGH-COURT-SINDH",High Court of Sindh,2008-01-01,2962,full_judgment,mixed,unknown,2698
2008_YLR_944,2008 YLR 944,326	2008 YLR 944	SHEHNAZ RASHID VS State - Honorable Justice Hasnat Ahmad Khan - Rana Farman Ali Sabir	LAHORE-HIGH-COURT-LAHORE,Supreme Court of Pakistan,2008-01-01,438,full_judgment,mixed,unknown,913
2008_YLR_936,2008 YLR 936,324	2008 YLR 936	SHAHID ASLAM VS State - Honorable Justice Khawaja Muhammad Sharif - Ch. Muhammad Ashraf Kamboh	LAHORE-HIGH-COURT-LAHORE,Supreme Court of Pakistan,2008-01-01,879,full_judgment,mixed,unknown,1697
2008_YLR_947,2008 YLR 947,328	2008 YLR 947	MUHAMMAD TARIQ JAVED VS State - Honorable Justice Iqbal Hameed-ur-Rehman - Malik Amjad Pervaiz	LAHORE-HIGH-COURT-LAHORE,Supreme Court of Pakistan,2008-01-01,1408,full_judgment,mixed,petition_dismissed,1608
2008_YLR_952,2008 YLR 952,"330	2008 YLR 952	Dr. AZHER ATA MALIK VS CHAIRMAN, NAB - Honorable Justice TASSADUQ HUSSAIN JILLANI - Sh. Ziaullah , Waqar Hassan Meer	LAHORE-HIGH-COURT-LAHORE",Lahore High Court,2008-01-01,6498,full_judgment,mixed,unknown,4290
2008_YLR_934,2008 YLR 934,323	2008 YLR 934	NASIR HUSSAIN VS State - Honorable Justice Iqbal Hameed-ur-Rehman - Ch. Muhammad Akram	LAHORE-HIGH-COURT-LAHORE,Supreme Court of Pakistan,2008-01-01,884,full_judgment,mixed,unknown,1157
2008_YLR_927,2008 YLR 927,"320	2008 YLR 927	Syed IFTIKHAR HUSSAIN BUKHARI VS Malik MUHAMMAD SHARIF - Honorable Justice Jawwad S. Khawaja - Tahir Mehmood Khokhar , Ms. Nadeem Anwar and Mian Iftikhar Ahmed	LAHORE-HIGH-COURT-LAHORE",Lahore High Court,2008-01-01,878,full_judgment,mixed,petition_allowed,1889
2008_YLR_638,2008 YLR 638,"220	2008 YLR 638	MUHAMMAD ASLAM JAVED VS ZAHUR AHMAD - Honorable Justice Muhammad Muzammal Khan - Ch. Faza Ullah , Ch. Muhammad Afzal Wahla	LAHORE-HIGH-COURT-LAHORE",Lahore High Court,2008-01-01,1806,full_judgment,mixed,unknown,1685
2008_YLR_626,2008 YLR 626,218	2008 YLR 626	GHULAM SHABBIR VS State - Bashir Ahmad Khan and Ch. Muhammad Abdus Saleem	LAHORE-HIGH-COURT-LAHORE,Supreme Court of Pakistan,2008-01-01,4975,full_judgment,mixed,appeal_allowed,1709
2008_YLR_634,2008 YLR 634,219	2008 YLR 634	MUHAMMAD MUSTAFA KHAN VS MUHAMMAD ARSHAD KHAN - Raja Muhammad Shafique	SHARIAT-COURT-AZAD-KASHMIR,Superior Courts of Pakistan,2008-01-01,2632,full_judgment,mixed,unknown,1552
2008_YLR_696,2008 YLR 696,239	2008 YLR 696	MUHAMMAD FAROOQ VS State - Honorable Justice Zia Perwez - Khawaja Muhammad Azeem	KARACHI-HIGH-COURT-SINDH,High Court of Sindh,2008-01-01,434,full_judgment,mixed,unknown,819
2008_YLR_691,2008 YLR 691,236	2008 YLR 691	KHIZAR HAYAT VS State - Honorable Justice Asif Saeed Khan Khosa - Sardar Fiaz Rasool Jalbani	LAHORE-HIGH-COURT-LAHORE,Supreme Court of Pakistan,2008-01-01,1217,full_judgment,mixed,unknown,2487
2008_YLR_694,2008 YLR 694,238	2008 YLR 694	NAWAZISH ALI alias SARFRAZ VS State - Honorable Justice Hasnat Ahmad Khan - Rai Muhammad Tufail Khan Kharal	LAHORE-HIGH-COURT-LAHORE,Supreme Court of Pakistan,2008-01-01,1154,full_judgment,mixed,unknown,1831
2008_YLR_690,2008 YLR 690,235	2008 YLR 690	MUHAMMAD EJAZ VS State - Honorable Justice Muhammad Moosa K. Laghari - Syed Nadeem-ul-Haq	KARACHI-HIGH-COURT-SINDH,High Court of Sindh,2008-01-01,716,full_judgment,mixed,unknown,1915
2008_YLR_693,2008 YLR 693,"237	2008 YLR 693	MUHAMMAD MUNIR VS State - Honorable Justice MUHAMMAD MUZAMMAL KHAN - Ch. Tariq Javaid , Rana Bakhtiar Ali, D.P.G. with Sain Muhammad A.S-I.	LAHORE-HIGH-COURT-LAHORE",Supreme Court of Pakistan,2008-01-01,686,full_judgment,mixed,unknown,1719
2008_YLR_641,2008 YLR 641,221	2008 YLR 641	ABDUL REHMAN VS State - Honorable Justice Sh. Abdul Rashid - Zafar Iqbal Chohan	LAHORE-HIGH-COURT-LAHORE,Lahore High Court,2008-01-01,463,full_judgment,mixed,remanded,1286
2008_YLR_837,2008 YLR 837,285	2008 YLR 837	ZAHIR MUHAMMAD VS State - Honorable Justice Muhammad Alam Khan - Sardar Ali brother	PESHAWAR-HIGH-COURT,Supreme Court of Pakistan,2008-01-01,1212,full_judgment,mixed,petition_dismissed,1204
2008_YLR_840,2008 YLR 840,"286	2008 YLR 840	NAWAB DIN VS PROVINCE OF PUNJAB through Collector - Honorable Justice M. JAVED BUTTAR - Ch. Muhammad Yaqoob Sindhu , Sher Zaman Khan	LAHORE-HIGH-COURT-LAHORE",High Court of Sindh,2008-01-01,2842,full_judgment,mixed,appeal_dismissed,1927
2008_YLR_857,2008 YLR 857,294	2008 YLR 857	IFTIKHAR AHMAD VS State - Honorable Justice MUHAMMAD FARRUKH MAHMUD - Malik Saeed Hassan	LAHORE-HIGH-COURT-LAHORE,Lahore High Court,2008-01-01,4480,full_judgment,mixed,appeal_allowed,3173
2008_YLR_844,2008 YLR 844,287	2008 YLR 844	SALEH VS State - Honorable Justice Zafar Ahmed Khan Sherwani - Khadim Hussain D. Solangi	KARACHI-HIGH-COURT-SINDH,High Court of Sindh,2008-01-01,992,full_judgment,mixed,unknown,1178
2008_YLR_834,2008 YLR 834,"284	2008 YLR 834	MUHAMMAD ISHAQ VS PROVINCE OF PUNJAB through Collector - Honorable Justice Mian Saqib Nisar - Kamil Hussain Naqvi , Abdur Rasheed Qureshi	LAHORE-HIGH-COURT-LAHORE",Lahore High Court,2008-01-01,2098,full_judgment,mixed,appeal_allowed,1361
2008_YLR_852,2008 YLR 852,292	2008 YLR 852	MUHAMMAD SAEED VS NAB - Honorable Justice Sardar Muhammad Aslam - Mian Shakeel Ahmad	LAHORE-HIGH-COURT-LAHORE,Lahore High Court,2008-01-01,679,full_judgment,mixed,unknown,1192
2008_YLR_850,2008 YLR 850,291	2008 YLR 850	GHULAM SHABBIR VS State - Honorable Justice Ijaz Ahmad Chaudhry - Syed Iqbal Hussain Shah	LAHORE-HIGH-COURT-LAHORE,Supreme Court of Pakistan,2008-01-01,1637,full_judgment,mixed,unknown,1926
2008_YLR_846,2008 YLR 846,"288	2008 YLR 846	GHULAM DASTGIR VS BARKAT ALI - Honorable Justice Mian Hamid Farooq - Abdul Majid and Zaheer Zulfiqar , Hamid Ali Mirza	LAHORE-HIGH-COURT-LAHORE",Lahore High Court,2008-01-01,840,full_judgment,mixed,petition_dismissed,1489
2008_YLR_854,2008 YLR 854,"293	2008 YLR 854	NOOR AKBAR VS ALLAH YAR - Honorable Justice Mian Hamid Farooq - Shamim Abbas Bokhari , Mohy ud Din Qazi	LAHORE-HIGH-COURT-LAHORE",Lahore High Court,2008-01-01,1946,full_judgment,mixed,revision_dismissed,1822
2008_YLR_848,2008 YLR 848,290	2008 YLR 848	MUHAMMAD AKHTAR VS State - Honorable Justice Hasnat Ahmad Khan - Altaf Ibrahim Qureshi	LAHORE-HIGH-COURT-LAHORE,Supreme Court of Pakistan,2008-01-01,826,full_judgment,mixed,unknown,1245
2008_YLR_847,2008 YLR 847,289	2008 YLR 847	SAWAN alias KHALID VS State - Honorable Justice Syed Sajjad Ali Shah - Muhammad Waseem Shah	KARACHI-HIGH-COURT-SINDH,High Court of Sindh,2008-01-01,353,full_judgment,mixed,unknown,853
2008_YLR_733,2008 YLR 733,250	2008 YLR 733	Mst. NAGINA VS State - Honorable Justice Ijaz Ahmad Chaudhry - Naseemullah Khan	LAHORE-HIGH-COURT-LAHORE,Supreme Court of Pakistan,2008-01-01,921,full_judgment,mixed,petition_allowed,1514
2008_YLR_738,2008 YLR 738,"252	2008 YLR 738	Mrs. ALBA D'SA VS Mrs. NAHEED PABANI - Honorable Justice Khalid Ali Z. Qazi - Abdur Rehman , Mansoor-ul-Arfin, Kamal Azfar, M. Aminullah Siddiqui and Tasawar Hussain,82. Learned counsel	KARACHI-HIGH-COURT-SINDH",High Court of Sindh,2008-01-01,12979,full_judgment,mixed,unknown,3954
2008_YLR_735,2008 YLR 735,251	2008 YLR 735	MUHAMMAD AKRAM NADEEM VS State - Honorable Justice Khawaja Naveed Ahmed - Abdul Razzak	KARACHI-HIGH-COURT-SINDH,High Court of Sindh,2008-01-01,2208,full_judgment,mixed,disposed_of,1536
2008_YLR_732,2008 YLR 732,249	2008 YLR 732	SHAHID VS State - Honorable Justice Hasnat Ahmad Khan - Ch. Khalid Mehmood Arain	LAHORE-HIGH-COURT-LAHORE,Supreme Court of Pakistan,2008-01-01,402,full_judgment,mixed,unknown,773
2008_YLR_731,2008 YLR 731,248	2008 YLR 731	ZAHEER AHMED VS State - Honorable Justice Mrs. Qaiser Iqbal - Ali Lari	KARACHI-HIGH-COURT-SINDH,High Court of Sindh,2008-01-01,717,full_judgment,mixed,unknown,1202
2008_YLR_968,2008 YLR 968,"332	2008 YLR 968	NASREEN BIBI VS State - Honorable Justice Sardar Muhammad Aslam - Asif Ali Chaudhry , Mian Abdul Qayyum Anjum	LAHORE-HIGH-COURT-LAHORE",Supreme Court of Pakistan,2008-01-01,900,full_judgment,mixed,unknown,1427
2008_YLR_969,2008 YLR 969,333	2008 YLR 969	SARFRAZ VS State - Honorable Justice ALI NAWAZ CHOWHAN - Azam Nazeer Tarar	LAHORE-HIGH-COURT-LAHORE,Lahore High Court,2008-01-01,3332,full_judgment,mixed,disposed_of,1457
2008_YLR_965,2008 YLR 965,331	2008 YLR 965	SHEHBAZ MAISH VS State - Honorable Justice Khawaja Muhammad Sharif - Ch. Akhtar Ali and Ijaz Ahmad Bajwa	LAHORE-HIGH-COURT-LAHORE,Lahore High Court,2008-01-01,1501,full_judgment,mixed,appeal_allowed,1758
2008_YLR_975,2008 YLR 975,"334	2008 YLR 975	ZULFIQAR VS State - Honorable Justice M. BILAL KHAN - Syed Zahid Hussain Bokhari , Javed Iqbal Sheikh	LAHORE-HIGH-COURT-LAHORE",Lahore High Court,2008-01-01,3813,full_judgment,mixed,unknown,2202
2010_YLR_2183,2010 YLR 2183,722	2010 YLR 2183	ASHHAD ILYAS VS State - Honorable Justice Ameer Hani Muslim - Kumail Ahmed Shirazee and Muhammad Idrees Qureshi	KARACHI-HIGH-COURT-SINDH,High Court of Sindh,2010-01-01,528,full_judgment,mixed,disposed_of,1465
2010_YLR_2184,2010 YLR 2184,723	2010 YLR 2184	SAFDAR ALI VS State - Honorable Justice S. Ali Hassan Rizvi - Shahid Azeem	LAHORE-HIGH-COURT-LAHORE,Lahore High Court,2010-01-01,2990,full_judgment,mixed,appeal_dismissed,1732
2008_YLR_545,2008 YLR 545,198	2008 YLR 545	KHALID ZAMAN KIYANI VS State - Muhammad Ashraf Kazi	KARACHI-HIGH-COURT-SINDH,High Court of Sindh,2008-01-01,3555,full_judgment,mixed,unknown,3291
2008_YLR_524,2008 YLR 524,190	2008 YLR 524	KHIZAR HAYAT VS State - Syed Zahid Hussain Bokhari and Naseemullah Khan Niazi	LAHORE-HIGH-COURT-LAHORE,Lahore High Court,2008-01-01,1921,full_judgment,mixed,disposed_of,1558
2008_YLR_533,2008 YLR 533,"193	2008 YLR 533	WAZIR MUHAMMAD VS State - Sardar Shamshad Hussain Khan , Sardar Shamshad Hussain Khan	SHARIAT-COURT-AZAD-KASHMIR",Superior Courts of Pakistan,2008-01-01,2879,full_judgment,mixed,unknown,1890
2008_YLR_528,2008 YLR 528,191	2008 YLR 528	NASEEMUL HAQ VS State - Ch. Abdul Rasheed	KARACHI-HIGH-COURT-SINDH,Supreme Court of Pakistan,2008-01-01,1774,full_judgment,mixed,unknown,1656
2008_YLR_541,2008 YLR 541,"196	2008 YLR 541	SHAFAULLAH KHAN VS State - Ghulam Hussain Malik , Mrs. Azra Parveen	LAHORE-HIGH-COURT-LAHORE",Lahore High Court,2008-01-01,1009,full_judgment,mixed,unknown,1770
2008_YLR_523,2008 YLR 523,"189	2008 YLR 523	MEHR KHAN VS State - Naseem Ullah Khan , Muhammad Mazhar Sher Awan	LAHORE-HIGH-COURT-LAHORE",Lahore High Court,2008-01-01,890,full_judgment,mixed,appeal_allowed,1556
2008_YLR_531,2008 YLR 531,"192	2008 YLR 531	ZAHID ALI JAVED VS HAMEED HUSSAIN SHAH - Rana Muhammad Saleem and Mehr Muhammad Tufail Bhutta , Syed Almas Haider Kazmi	LAHORE-HIGH-COURT-LAHORE",Supreme Court of Pakistan,2008-01-01,1078,full_judgment,mixed,unknown,1616
2008_YLR_539,2008 YLR 539,"195	2008 YLR 539	Mst. SHAKOORI alias SHAKOORAN BIBI VS MUHAMMAD ALI - Mian Khalid Habib , Ch. Muhammad Hussain	LAHORE-HIGH-COURT-LAHORE",Lahore High Court,2008-01-01,1202,full_judgment,mixed,appeal_dismissed,1157
2008_YLR_543,2008 YLR 543,"197	2008 YLR 543	MUHAMMAD MUMTAZ VS State - Muhammad Ameer Khan Niazi , Ch. Jamshaid Hussain, D.P.G. assisted by Mian Abdul Qayyum Anjum	LAHORE-HIGH-COURT-LAHORE",Lahore High Court,2008-01-01,911,full_judgment,mixed,unknown,1566
2008_YLR_538,2008 YLR 538,"194	2008 YLR 538	DILDAR VS State - Naseemullah Khan Niazi and A.H. Masud , Abdul Latif Hanjra	LAHORE-HIGH-COURT-LAHORE",Lahore High Court,2008-01-01,605,full_judgment,mixed,disposed_of,1293
2008_YLR_900,2008 YLR 900,"306	2008 YLR 900	PAK TEA HOUSE VS ABID HUSSAIN SHEIKH - Honorable Justice Mian Saqib Nisar - Dr. Hameed Ahmed Ayaz , Mirza Hafeez ur Rehman and Muhammad Mujahid Ahmed	LAHORE-HIGH-COURT-LAHORE",Lahore High Court,2008-01-01,740,full_judgment,mixed,appeal_allowed,1763
2008_YLR_886,2008 YLR 886,"301	2008 YLR 886	NASIR ALI VS TANVEER IQBAL - Honorable Justice Abdul Shakoor Paracha - Rai Zameer-ul-Hassan , M. Asif Bhatti	LAHORE-HIGH-COURT-LAHORE",Supreme Court of Pakistan,2008-01-01,1647,full_judgment,mixed,disposed_of,1745
2008_YLR_904,2008 YLR 904,"308	2008 YLR 904	MUSHTAQUE AHMAD VS ABDUL HAQUE - Honorable Justice Mian Hamid Farooq - Malik Abdul Wahid , Muhammad Zafar Chaudhry	LAHORE-HIGH-COURT-LAHORE",Lahore High Court,2008-01-01,1255,full_judgment,mixed,revision_allowed,1918
2008_YLR_908,2008 YLR 908,310	2008 YLR 908	WAJID SHAMSUL HASSAN VS State - Honorable Justice Khawaja Naveed Ahmed - 	KARACHI-HIGH-COURT-SINDH,High Court of Sindh,2008-01-01,891,full_judgment,mixed,disposed_of,1788
2008_YLR_891,2008 YLR 891,304	2008 YLR 891	NAZIR AHMAD alias ZAHEER VS State - Honorable Justice MUHAMMAD FARRUKH MAHMUD - Muhammad Inayat Ullah Cheema	LAHORE-HIGH-COURT-LAHORE,Lahore High Court,2008-01-01,4103,full_judgment,mixed,unknown,2658
2008_YLR_890,2008 YLR 890,"303	2008 YLR 890	MUHAMMAD NAZIR VS QADEER BABAR - Honorable Justice Jawwad S. Khawaja - Sheikh Abdul Aziz , Ch. Muhammad Zafar Iqbal	LAHORE-HIGH-COURT-LAHORE",Lahore High Court,2008-01-01,752,full_judgment,mixed,remanded,1310
2008_YLR_898,2008 YLR 898,305	2008 YLR 898	SHOAIB AHMAD VS State - Honorable Justice Tariq Shamim - Mian Shahid Iqbal	LAHORE-HIGH-COURT-LAHORE,Supreme Court of Pakistan,2008-01-01,1588,full_judgment,mixed,unknown,3157
2008_YLR_910,2008 YLR 910,311	2008 YLR 910	SHAUKAT VS State - Honorable Justice Hasnat Ahmad Khan - Jabbar Hussain	LAHORE-HIGH-COURT-LAHORE,Supreme Court of Pakistan,2008-01-01,720,full_judgment,mixed,unknown,1481
2008_YLR_926,2008 YLR 926,"319	2008 YLR 926	LAL BUX VS State - Honorable Justice Agha Rafiq Ahmed Khan - Ms. Abida Parveen Channer , Qasim Mirjat, A.A.-G.	KARACHI-HIGH-COURT-SINDH",High Court of Sindh,2008-01-01,456,full_judgment,mixed,unknown,770
2008_YLR_906,2008 YLR 906,309	2008 YLR 906	MUHAMMAD SAFDAR VS State - Honorable Justice Tariq Shamim - Pir Masood-ul-Hassan Chishti	LAHORE-HIGH-COURT-LAHORE,Supreme Court of Pakistan,2008-01-01,1019,full_judgment,mixed,unknown,1777
2008_YLR_902,2008 YLR 902,"307	2008 YLR 902	Mrs. DOROTHY HINGANDU VS State - Honorable Justice ALI SAIN DINO METLO - Abdul Razzak , Ashfaq Hussain Rizvi	KARACHI-HIGH-COURT-SINDH",High Court of Sindh,2008-01-01,1574,full_judgment,mixed,appeal_dismissed,2487
2008_YLR_888,2008 YLR 888,302	2008 YLR 888	MUHAMMAD AKRAM VS State - Honorable Justice Asif Saeed Khan Khosa - Imtiaz Shahid	LAHORE-HIGH-COURT-LAHORE,Supreme Court of Pakistan,2008-01-01,959,full_judgment,mixed,unknown,2372
2008_YLR_763,2008 YLR 763,255	2008 YLR 763	MUHAMMAD BOOTA VS State - Honorable Justice MUHAMMAD FARRUKH MAHMUD - Shaukat Rafiq Bajwa	LAHORE-HIGH-COURT-LAHORE,Supreme Court of Pakistan,2008-01-01,2361,full_judgment,mixed,appeal_allowed,2874
2008_YLR_760,2008 YLR 760,253	2008 YLR 760	WASEEM BARI VS State - Honorable Justice Muhammad Akhtar Shabbir - Ch. Shaukat Ali Javed	LAHORE-HIGH-COURT-LAHORE,Supreme Court of Pakistan,2008-01-01,1202,full_judgment,mixed,petition_dismissed,1341
2008_YLR_767,2008 YLR 767,"256	2008 YLR 767	ABDUL WAHID BANDUKDA VS State - Honorable Justice Syed Zawwar Hussain Jaffery - Rasheed A. Rizvi, Salahuddin Ahmed and Muhammad Jameei	KARACHI-HIGH-COURT-SINDH",High Court of Sindh,2008-01-01,3682,full_judgment,mixed,unknown,3555
2008_YLR_776,2008 YLR 776,259	2008 YLR 776	MUHAMMAD QASIM VS State - Honorable Justice Mrs. Yasmeen Abbasey - Imdad Ali Awan	KARACHI-HIGH-COURT-SINDH,High Court of Sindh,2008-01-01,1616,full_judgment,mixed,disposed_of,1820
2008_YLR_773,2008 YLR 773,257	2008 YLR 773	MUHAMMAD AKRAM KHAN VS State - Honorable Justice Ijaz Ahmad Chaudhry - Shaukat Rafiq Bajwa	LAHORE-HIGH-COURT-LAHORE,Supreme Court of Pakistan,2008-01-01,872,full_judgment,mixed,unknown,1534
2008_YLR_778,2008 YLR 778,260	2008 YLR 778	MUHAMMAD IJAZ VS State - Honorable Justice M. Bilal Khan - Zafar Iqbal Chowhan	LAHORE-HIGH-COURT-LAHORE,Supreme Court of Pakistan,2008-01-01,1380,full_judgment,mixed,unknown,2681
2008_YLR_774,2008 YLR 774,258	2008 YLR 774	QAISER AFZAL VS State - Honorable Justice Ali Nawaz Chowhan - Saif-ul-Malook	LAHORE-HIGH-COURT-LAHORE,Supreme Court of Pakistan,2008-01-01,357,full_judgment,mixed,unknown,853
2008_YLR_762,2008 YLR 762,254	2008 YLR 762	GHULAM HUSSAIN VS State - Honorable Justice Fazal-e-Miran Chauhan - Maqsood Abid Naqvi	LAHORE-HIGH-COURT-LAHORE,Supreme Court of Pakistan,2008-01-01,496,full_judgment,mixed,petition_allowed,1308
2010_YLR_2226,2010 YLR 2226,734	2010 YLR 2226	KASHIF SAEED SHAH VS ZULFIQAR ALI ZAARI - Honorable Justice Amir Hani Muslim - Nasir Rizwan Khan	KARACHI-HIGH-COURT-SINDH,High Court of Sindh,2010-01-01,745,full_judgment,mixed,unknown,2161
2010_YLR_2214,2010 YLR 2214,"730	2010 YLR 2214	MUHAMMAD AKBER VS CRESCENT COMMERCIAL BANK LTD. - Honorable Justice Azizullah M. Memon - S.A. Shabaaro Rizvi , Masood Anwar Ausaf	KARACHI-HIGH-COURT-SINDH",Supreme Court of Pakistan,2010-01-01,1139,full_judgment,mixed,unknown,1748
2010_YLR_2228,2010 YLR 2228,735	2010 YLR 2228	ABDUL GHAFFAR alias BILLA VS State - Honorable Justice Khawaja Muhammad Sharif and Kh. Imtiaz Ahmed - Syeda B. H. Shah	LAHORE-HIGH-COURT-LAHORE,Lahore High Court,2010-01-01,3562,full_judgment,mixed,unknown,2622
2010_YLR_2207,2010 YLR 2207,729	2010 YLR 2207	MUHAMMAD YASIN VS GOVERNMENT OF THE PUNJAB through Secretary Housing and Physical Planning Department - Honorable Justice Nasir Saeed Sheikh - Uzair Karamat Bhandari	LAHORE-HIGH-COURT-LAHORE,Supreme Court of Pakistan,2010-01-01,4092,full_judgment,mixed,unknown,3391
2010_YLR_2219,2010 YLR 2219,"732	2010 YLR 2219	ASIF GOHAR VS Sardar AMAN KHAN - Honorable Justice Miftah-ud-Din Khan - Mushtaq Ali Tahirbhai , Rashid-ul-Haq Qazi	PESHAWAR-HIGH-COURT",Peshawar High Court,2010-01-01,3238,full_judgment,mixed,petition_allowed,3914
2010_YLR_2225,2010 YLR 2225,733	2010 YLR 2225	GHULAM SARWAR VS PROVINCE OF PUNJAB - Honorable Justice Hafiz Abdul Rehman Ansari - Tahir Mehmood	LAHORE-HIGH-COURT-LAHORE,Lahore High Court,2010-01-01,833,full_judgment,mixed,revision_dismissed,793
2010_YLR_2236,2010 YLR 2236,"737	2010 YLR 2236	MUHAMMAD RAMZAN VS GHULAM SHAFIA - Honorable Justice Ch. Muhammad Tariq - Ch. M. Jahanzeb Wahla , Rana M. Arif	LAHORE-HIGH-COURT-LAHORE",Lahore High Court,2010-01-01,878,full_judgment,mixed,appeal_dismissed,2241
2010_YLR_2216,2010 YLR 2216,731	2010 YLR 2216	Mst. SHAMIM GHAFFAR VS GHULAM SHABBIR - Honorable Justice Sardar Tariq Masood - Malik M. Qasim Awan	LAHORE-HIGH-COURT-LAHORE,Supreme Court of Pakistan,2010-01-01,1894,full_judgment,mixed,appeal_dismissed,2907
2010_YLR_2234,2010 YLR 2234,736	2010 YLR 2234	ABDUL RAZIQ VS State - Honorable Justice Mrs. Syeda Tahira Safdar - Ajmal Kasi	QUETTA-HIGH-COURT-BALOCHISTAN,High Court of Balochistan,2010-01-01,1408,full_judgment,mixed,appeal_dismissed,1878
2010_YLR_2269,2010 YLR 2269,"750	2010 YLR 2269	BAZ MUHAMMAD VS State - Honorable Justice Mrs. Syeda Tahira Safdar - Munir Agha , Wajahat Khan	QUETTA-HIGH-COURT-BALOCHISTAN",High Court of Balochistan,2010-01-01,1846,full_judgment,mixed,petition_dismissed,2328
2010_YLR_2272,2010 YLR 2272,"751	2010 YLR 2272	DEPUTY INSPECTOR GENERAL OF POLICE VS MUHAMMAD JAMSHAID - Honorable Justice Muhammad Yawar Ali - Syed Nayyar Abbas Rizvi , Nazim Ali Awan	LAHORE-HIGH-COURT-LAHORE",Lahore High Court,2010-01-01,2131,full_judgment,mixed,petition_dismissed,3266
2010_YLR_2267,2010 YLR 2267,"749	2010 YLR 2267	MUHAMMAD RIAZ VS ADDITIONAL DISTRICT AND SESSIONS JUDGE - Honorable Justice Hafiz Abdul Rehman Ansari - Khan Muhammad Shafi Shakir , Humayoun Syed Rasool	LAHORE-HIGH-COURT-LAHORE",Supreme Court of Pakistan,2010-01-01,948,full_judgment,mixed,appeal_dismissed,900
2010_YLR_2264,2010 YLR 2264,"748	2010 YLR 2264	ZARAI TARAQIATI BANK LTD., KARACHI VS MULTAN EDIBLE OIL EXTRACTION INDUSTRIES LIMITED, KARACHI - Honorable Justice Khawaja Naveed Ahmed - 	KARACHI-HIGH-COURT-SINDH",High Court of Sindh,2010-01-01,1989,full_judgment,mixed,disposed_of,1737
2008_YLR_565,2008 YLR 565,"203	2008 YLR 565	Dr. MUHAMMAD TANVEER ALAM VS State - Azizullah K. Shaikh , Ainuddin Khan	KARACHI-HIGH-COURT-SINDH",High Court of Sindh,2008-01-01,3371,full_judgment,mixed,unknown,2429
2008_YLR_561,2008 YLR 561,"202	2008 YLR 561	ELAHI BAKHSH VS Syed ALI TAHIR SHAH - Allah Wassaya Malik , Gohar Razzaq	LAHORE-HIGH-COURT-LAHORE",Lahore High Court,2008-01-01,2823,full_judgment,mixed,unknown,2155
2008_YLR_550,2008 YLR 550,"199	2008 YLR 550	ABDUL QADIR VS Mst. SAMINA ZAFAR KHAN - Khan Khizar Abbas Khan , Muhammad Rafique Warriach, Muhammad Nazir Janjua	LAHORE-HIGH-COURT-LAHORE",Lahore High Court,2008-01-01,2541,full_judgment,mixed,remanded,2489
2008_YLR_571,2008 YLR 571,204	2008 YLR 571	SAJJAD ALI VS State - M. Zubair Saeed Awan	LAHORE-HIGH-COURT-LAHORE,Supreme Court of Pakistan,2008-01-01,807,full_judgment,mixed,petition_allowed,1509
2008_YLR_554,2008 YLR 554,200	2008 YLR 554	SHAH MUHAMMAD VS State - Malik Sadiq Mahmood Khurram	LAHORE-HIGH-COURT-LAHORE,Supreme Court of Pakistan,2008-01-01,2836,full_judgment,mixed,appeal_allowed,2325
2008_YLR_559,2008 YLR 559,201	2008 YLR 559	MIRAJ BIBI alias MEHR RAJA VS DISTRICT,Lahore High Court,2008-01-01,994,full_judgment,mixed,petition_allowed,1955
2008_YLR_829,2008 YLR 829,283	2008 YLR 829	MUHAMMAD AMJAD VS State - Honorable Justice MUHAMMAD FARRUKH MAHMUD - Sardar Shahbaz Ali Khan Khosa	LAHORE-HIGH-COURT-LAHORE,Lahore High Court,2008-01-01,3297,full_judgment,mixed,appeal_allowed,2136
2008_YLR_812,2008 YLR 812,276	2008 YLR 812	MUHAMMAD SHAFI VS State - Honorable Justice Muhammad Alam Khan - Pir Bakhsh Mehtab through Adnan	PESHAWAR-HIGH-COURT,Supreme Court of Pakistan,2008-01-01,1208,full_judgment,mixed,unknown,2650
2008_YLR_823,2008 YLR 823,"281	2008 YLR 823	ZAFAR MAHBOOB VS Mst. KAUSAR - Honorable Justice Muhammad Sayeed Akhtar - Ch. Muhammad Afzal Wahla , Khan Zahid Hussain Khan	LAHORE-HIGH-COURT-LAHORE",Lahore High Court,2008-01-01,1722,full_judgment,mixed,appeal_allowed,1633
2008_YLR_815,2008 YLR 815,278	2008 YLR 815	RAEES AHMAD VS State - Honorable Justice Muhammad Farrukh Mahmud - Mehr Khalil-ur-Rehman	LAHORE-HIGH-COURT-LAHORE,Supreme Court of Pakistan,2008-01-01,413,full_judgment,mixed,unknown,900
2008_YLR_814,2008 YLR 814,277	2008 YLR 814	SHAUKAT KHAN VS State - Honorable Justice Sh. Javaid Sarfraz - Agha Abul Hassan Arif	LAHORE-HIGH-COURT-LAHORE,Supreme Court of Pakistan,2008-01-01,599,full_judgment,mixed,unknown,1272
2008_YLR_827,2008 YLR 827,"282	2008 YLR 827	ALLAH KHAN VS AMIR MUHAMMAD KHAN - Honorable Justice Muhammad Alam Khan - Fawad Qasim, DAG	PESHAWAR-HIGH-COURT",Supreme Court of Pakistan,2008-01-01,1209,full_judgment,mixed,unknown,1565
2008_YLR_818,2008 YLR 818,"280	2008 YLR 818	SARFRAZ VS KHIZER HAYAT - Honorable Justice M. Javed Buttar - Shamim Abbas Bokhari , Syed Muhammad Asghar Naeem	LAHORE-HIGH-COURT-LAHORE",Lahore High Court,2008-01-01,3596,full_judgment,mixed,appeal_allowed,3137
2008_YLR_811,2008 YLR 811,275	2008 YLR 811	MUHAMAMD AKRAM JAVED alias BUTT VS State - Honorable Justice Maulvi Anwarul Haq - Mehr Khalil-ur-Rehman	LAHORE-HIGH-COURT-LAHORE,Supreme Court of Pakistan,2008-01-01,588,full_judgment,mixed,disposed_of,1161
2008_YLR_816,2008 YLR 816,279	2008 YLR 816	MUHAMMAD KAUKAB SABAHUDDIN AHMED VS State - Aamir Raza Naqvi	KARACHI-HIGH-COURT-SINDH,High Court of Sindh,2008-01-01,1079,full_judgment,mixed,petition_allowed,1400
2008_YLR_810,2008 YLR 810,274	2008 YLR 810	MUHAMMAD HANIF VS State - Honorable Justice Muhammad Farrukh Mahmud - Altaf Ibrahim Qureshi	LAHORE-HIGH-COURT-LAHORE,Supreme Court of Pakistan,2008-01-01,466,full_judgment,mixed,unknown,1218
2010_YLR_2196,2010 YLR 2196,"726	2010 YLR 2196	SHAMIM KHAN VS ISLAMIC REPUBLIC OF PAKISTAN - Honorable Justice Mushir Alam - K.A. Wahab , Ashiq Ali Anwar Rana	KARACHI-HIGH-COURT-SINDH",High Court of Sindh,2010-01-01,1675,full_judgment,mixed,unknown,2616
2010_YLR_2198,2010 YLR 2198,727	2010 YLR 2198	MUHAMMAD NAWAZ alias MAAJI VS State - Honorable Justice Manzoor Ahmad Malik - Iftikhar Ahmad Kisana	LAHORE-HIGH-COURT-LAHORE,Lahore High Court,2010-01-01,3787,full_judgment,mixed,unknown,2203
2010_YLR_2193,2010 YLR 2193,"725	2010 YLR 2193	SHAHZAIB VS State - Honorable Justice Abdul Aziz Kundi - Noor Alam Khan , Abdur Rauf Gandapur	PESHAWAR-HIGH-COURT",Peshawar High Court,2010-01-01,1513,full_judgment,mixed,appeal_allowed,2205
2010_YLR_2189,2010 YLR 2189,"724	2010 YLR 2189	SHERAZ AHMED VS Mst. SUGHRA BARI - Honorable Justice Mrs. Yasmin Abbasey - Muhammad Nasarullah Siddiqui , Ishrat Zahid Alvi	KARACHI-HIGH-COURT-SINDH",High Court of Sindh,2010-01-01,2399,full_judgment,mixed,appeal_dismissed,1674
2010_YLR_2205,2010 YLR 2205,728	2010 YLR 2205	JAFFAR KHAN VS State - Honorable Justice Mrs. Syeda Tahira Safdar - 	QUETTA-HIGH-COURT-BALOCHISTAN,Supreme Court of Pakistan,2010-01-01,1313,full_judgment,mixed,unknown,1733
2008_YLR_872,2008 YLR 872,298	2008 YLR 872	MUHAMMAD ASHIQ VS State - Honorable Justice MUHAMMAD FARRUKH MAHMUD - Khawaja Sultan Ahmad	LAHORE-HIGH-COURT-LAHORE,Lahore High Court,2008-01-01,4683,full_judgment,mixed,appeal_allowed,2804
2008_YLR_881,2008 YLR 881,"300	2008 YLR 881	MUHAMMAD DIN VS Mst. FATIMA BIBI - Honorable Justice Mian Hamid Farooq - Syed Muhammad Kalim Ahmed Khurshid , Muhammad Yaqoob Chatha	LAHORE-HIGH-COURT-LAHORE",Lahore High Court,2008-01-01,2970,full_judgment,mixed,appeal_dismissed,3503
2008_YLR_867,2008 YLR 867,"297	2008 YLR 867	AMAN ENTERPRISES VS PUNJAB SMALL INDUSTRIES CORPORATION, LAHORE - Honorable Justice Mian Hamid Farooq - Jari Ullah Khan , Ch. Muzammal Khan	LAHORE-HIGH-COURT-LAHORE",Lahore High Court,2008-01-01,2826,full_judgment,mixed,revision_dismissed,3435
2008_YLR_879,2008 YLR 879,299	2008 YLR 879	IMDAD ALI VS State - Honorable Justice Syed Shabbar Raza Rizvi - Haji Khalid Rehman	LAHORE-HIGH-COURT-LAHORE,Supreme Court of Pakistan,2008-01-01,588,full_judgment,mixed,unknown,859
2008_YLR_865,2008 YLR 865,296	2008 YLR 865	MUHAMAMD SALEEM VS State - Honorable Justice Hasnat Ahmad Khan - Dr. Muhammad Akmal Saleemi	LAHORE-HIGH-COURT-LAHORE,Supreme Court of Pakistan,2008-01-01,1030,full_judgment,mixed,unknown,1981
2008_YLR_864,2008 YLR 864,295	2008 YLR 864	MUHAMMAD IQBAL alias BALI VS State - Honorable Justice Khawaja Muhammad Sharif - Rai Muhammad Tufail Khan Kharal	LAHORE-HIGH-COURT-LAHORE,Supreme Court of Pakistan,2008-01-01,690,full_judgment,mixed,petition_allowed,884
2010_YLR_2244,2010 YLR 2244,740	2010 YLR 2244	MUHAMMAD TAHIR alias Tahir Jaffar VS State - Honorable Justice Ahmed Ali M. Shaikh - Mehmood A. Qureshi	KARACHI-HIGH-COURT-SINDH,High Court of Sindh,2010-01-01,2291,full_judgment,mixed,unknown,2853
2010_YLR_2243,2010 YLR 2243,"739	2010 YLR 2243	MUHAMMAD TUFAIL VS DISTRICT AND SESSIONS JUDGE, MANDI BAHUDDIN - Honorable Justice Muhammad Farrukh Irfan Khan - A.G. Mian , Mian Abdul Ghafoor	LAHORE-HIGH-COURT-LAHORE",Supreme Court of Pakistan,2010-01-01,833,full_judgment,mixed,petition_dismissed,1798
2010_YLR_2260,2010 YLR 2260,"747	2010 YLR 2260	Mst. WAZIRAN MAI VS HAQ NAWAZ - Honorable Justice Hafiz Abdul Rehman Ansari - Muhammad Yafis Naveed Hashmi , Sagheer Ahmad Bhatti	LAHORE-HIGH-COURT-LAHORE",Lahore High Court,2010-01-01,1831,full_judgment,mixed,petition_dismissed,2730
2010_YLR_2249,2010 YLR 2249,"742	2010 YLR 2249	NOOR MUHAMMAD KHAN VS State - Honorable Justice Attaullah Khan - Saleem Ullah Khan Ranazai , Anwarul Haq	PESHAWAR-HIGH-COURT",Supreme Court of Pakistan,2010-01-01,2206,full_judgment,mixed,petition_dismissed,2930
2010_YLR_2238,2010 YLR 2238,738	2010 YLR 2238	M. SHAFQAT IMRAN VS HE STATE through M.C.C.,High Court of Sindh,2010-01-01,2945,full_judgment,mixed,unknown,2130
2010_YLR_2259,2010 YLR 2259,746	2010 YLR 2259	ZAINUDDIN VS FARMAN - Honorable Justice Attaullah Khan - Farooq Khan Sokari	PESHAWAR-HIGH-COURT,Peshawar High Court,2010-01-01,869,full_judgment,mixed,unknown,1951
2010_YLR_2253,2010 YLR 2253,"743	2010 YLR 2253	MUHAMMAD IQBAL VS Mst. AZIZ FATIMA - Honorable Justice Sh. Ahmad Farooq - Malik Munsif Awan , Malik Matiullah	LAHORE-HIGH-COURT-LAHORE",Supreme Court of Pakistan,2010-01-01,1100,full_judgment,mixed,disposed_of,1888
2010_YLR_2255,2010 YLR 2255,GHANO VS State - Honorable Justice Syed Zakir Hussain - Saadat Hassan	KARACHI-HIGH-COURT-SINDH,High Court of Sindh,2010-01-01,1828,full_judgment,mixed,unknown,2792
2010_YLR_2258,2010 YLR 2258,745	2010 YLR 2258	SAFDAR VS State - Hammad Akbar Wallana	LAHORE-HIGH-COURT-LAHORE,Supreme Court of Pakistan,2010-01-01,543,full_judgment,mixed,unknown,1202
2010_YLR_2248,2010 YLR 2248,741	2010 YLR 2248	Mst. SHAMIM AKHTAR VS State - Hammad Akbar Wallana	LAHORE-HIGH-COURT-LAHORE,Supreme Court of Pakistan,2010-01-01,422,full_judgment,mixed,petition_allowed,919
2026_PLD_SC_269,2026 PLD 269,"PROVINCE OF PUNJAB through District Officer Revenue / Collector District Bhakkar VS ZULFIQAR - Honorable Justice Shahid Bilal Hassan - Sana Ullah Zahid , Sh. Irfan Akram",Supreme Court of Pakistan,2026,5779,full_judgment,mixed,appeal_allowed,5397
2026_PLD_SC_91,2026 PLD 91,"Dr. SEEMA HANIF KHAN VS WAQAS KHAN - Honorable Justice Ayesha A. Malik - Sher Afzal Khan Marwat , Sh. Muhammad Suleman",Supreme Court of Pakistan,2026,12162,full_judgment,mixed,unknown,21793
2026_PLD_SC_118,2026 PLD 118,"KHURRUM JAVED VS AHMED BILAL - Honorable Justice Yahya Afridi, CJ and Miangul Hassan Aurangzeb - Ch. Hafeez Ullah Yaqub , Umar Farooq",Supreme Court of Pakistan,2026,1761,full_judgment,mixed,disposed_of,3834
2026_PLD_SC_122,2026 PLD 122,"NASEEM MAI VS Malik MUHAMMAD SHAH AALAM - Honorable Justice Shahid Bilal Hassan - Mian Muhammad Nawaz , Nemo",Supreme Court of Pakistan,2026,2067,full_judgment,mixed,leave_refused,5216
2026_PLD_SC_126,2026 PLD 126,SHAHID ALI VS State - Honorable Justice Athar Minallah - Shahab Sarki,Supreme Court of Pakistan,2026,11786,full_judgment,mixed,appeal_allowed,10591
2026_PLD_SC_145,2026 PLD 145,"TAHIR KAZMI VS INSPECTOR GENERAL OF POLICE, PUNJAB, LAHORE - Honorable Justice Syed Mansoor Ali Shah - Muhammad Usman Arif , Khalid Masood Ghani and Kashif Murtaza",Supreme Court of Pakistan,2026,5422,full_judgment,mixed,unknown,9146
2026_PLD_SC_155,2026 PLD 155,TAHIR alias TAHRI VS State - Honorable Justice Athar Minallah - Shahid Azeem,Supreme Court of Pakistan,2026,9002,full_judgment,mixed,unknown,6841
2026_PLD_SC_177,2026 PLD 177,"Mst. SAKINA BI VS BARKAT HUSSAIN - Honorable Justice Shahid Waheed - Syed Qalb-i-Hassan , Nemo",Supreme Court of Pakistan,2026,5675,full_judgment,mixed,appeal_dismissed,6341
2026_PLD_SC_187,2026 PLD 187,HASSAN KHAN VS State - Honorable Justice Malik Shahzad Ahmad Khan - Syed Muhammad Tayyab Shah,Supreme Court of Pakistan,2026,5169,full_judgment,mixed,leave_refused,6366
2026_PLD_SC_197,2026 PLD 197,"COCA COLA PAKISTAN LTD. (The Coca-Cola Export Corporation, PB), Lahore VS COMMISSIONER INLAND REVENUE, LARGE TAXPAYERS OFFICE, LAHORE - Honorable Justice Munib Akhtar - Adnan Haider , Ahmed Pervaiz",Supreme Court of Pakistan,2026,4748,full_judgment,mixed,appeal_allowed,5374
2026_PLD_SC_205,2026 PLD 205,"KHALID MEHMOOD VS The DISTRICT POLICE OFFICER, D.G.KHAN - Honorable Justice Jamal Khan Mandokhail - Mudasar Khalid Abbasi , Baleegh-uz-Zaman and Zafar Hayat",Supreme Court of Pakistan,2026,2851,full_judgment,mixed,leave_refused,4502
2026_PLD_SC_211,2026 PLD 211,"MUHAMMAD KHURSHID KHAN VS DOST MUHAMMAD KHAN - Honorable Justice Ishtiaq Ibrahim - Tahir Hussain Lughmani , Sardar Tariq Mehmood",Supreme Court of Pakistan,2026,3242,full_judgment,mixed,remanded,2265
2026_PLD_SC_217,2026 PLD 217,"ZHONGZING TELECOM PAKISTAN (PVT) LIMITED VS The IMPERIAL ELECTRIC COMPANY (PVT), LIMITED - Honorable Justice Shakeel Ahmed - Qaiser Imam , Muhammad Ali Raza",Supreme Court of Pakistan,2026,2267,full_judgment,mixed,petition_dismissed,5276
2026_PLD_SC_222,2026 PLD 222,ZUNAIR YOUNAS VS State - Honorable Justice Salahuddin Panhwar - Ms. Bushra Qamar,Supreme Court of Pakistan,2026,8239,full_judgment,mixed,leave_refused,10426
2026_PLD_SC_238,2026 PLD 238,"Dr. MUHAMMAD ASIF VS Dr. SANA SATTAR - Honorable Justice Syed Mansoor Ali Shah - Niaz Ullah Khan Niazi , Barrister Haris Azmat",Supreme Court of Pakistan,2026,7170,full_judgment,mixed,unknown,8941
2026_PLD_SC_251,2026 PLD 251,"ZAHIR ZAKIR JAFFAR VS State - Honorable Justice Muhammad Hashim Khan Kakar - Salman Safdar , Shah Khawar and Nisar Asghar",Supreme Court of Pakistan,2026,8701,full_judgment,mixed,unknown,9031
2026_PLD_SC_280,2026 PLD 280,"Agha ABID MAJEED KHAN VS IDREES AHMED - Honorable Justice Munib Akhtar - Ahmer Bilal Soofi , Nemo",Supreme Court of Pakistan,2026,1495,full_judgment,mixed,appeal_allowed,3126
2026_PLD_SC_283,2026 PLD 283,"MUHAMMAD SHAFIQUE KHAN VS MADRISA TALEEM-UL-QURAN KHAIRUL MADARIS, MULTAN - Honorable Justice Shakeel Ahmad - Ch. Muhammad Masood Jahangir , Muhammad Ali Siddiqui",Supreme Court of Pakistan,2026,1962,full_judgment,mixed,unknown,3965
2026_PLD_SC_288,2026 PLD 288,SAJID KHAN VS State - Honorable Justice Muhammad Hashim Khan Kakar - Syed Rifaqat Hussain Shah,Supreme Court of Pakistan,2026,1669,full_judgment,mixed,appeal_dismissed,2746
2026_PLD_SC_291,2026 PLD 291,"MOON DENTAL CLINIC, ISLAMABAD VS ADDITIONAL DISTRICT JUDGE, ISLAMABAD-WEST - Honorable Justice Yahya Afridi - Rana Abid Nazir , Nemo",Supreme Court of Pakistan,2026,2390,full_judgment,mixed,appeal_allowed,3725
2026_PLD_SC_296,2026 PLD 296,"ASSISTANT COMMISSIONER INLAND REVENUE UNIT III ZONE-CANTT, RTO, RAWALPINDI VS UMER TARIQ KHAN - Honorable Justice Miangul Hassan Aurangzeb - Syed Rifaqat Hussain Shah , Waheed Butter",Supreme Court of Pakistan,2026,3178,full_judgment,mixed,appeal_dismissed,6681
2026_PLD_SC_302,2026 PLD 302,"Mst. NAILA JAVED VS NASIR KHAN - Honorable Justice Yahya Afridi, CJ and Musarrat Hilali - Muhammad Bashir Mughal , Nemo",Supreme Court of Pakistan,2026,2515,full_judgment,mixed,appeal_allowed,5301
2026_PLD_SC_308,2026 PLD 308,"MUHAMMAD ASLAM CHATTHA VS SHEHNAZ AKHTAR ZAHOOR AHMED - Honorable Justice Shahid Waheed - Zulfikar Khalid Maluka , Hafiz Arfat Ahmad Ch.",Supreme Court of Pakistan,2026,5964,full_judgment,mixed,appeal_dismissed,13430
2026_PLD_SC_113,2026 PLD 113,PROVINCE OF SINDH VS ABDUL TAWAB - Honorable Justice Muhammad Ali Mazhar - Suresh Kumar and Muhammad Iqbal Chaudhry,Supreme Court of Pakistan,2026,2473,full_judgment,mixed,appeal_dismissed,7454
2026_PLD_SC_170,2026 PLD 170,"MUHAMMAD IMRAN BAQIR VS Mst. ZARNAIN ARZOO - Honorable Justice Yahya Afridi, CJ and Shakeel Ahmad - Azeem ul Haq Pirzada , Nemo",Supreme Court of Pakistan,2026,3273,full_judgment,mixed,petition_dismissed,9133
2026_PLD_SC_81,2026 PLD 81,"JUSTICE TARIQ MEHMOOD JAHANGIRI, JUDGE, ISLAMABAD HIGH COURT VS MIAN DAWOOD, ADVOCATE HIGH COURT - Honorable Justice Amin-Ud-Din Khan - Munir A. Malik , Mian Dawood",Supreme Court of Pakistan,2026,5232,full_judgment,mixed,appeal_allowed,5929
2026_PLD_SC_26,2026 PLD 26,"NEW FINE FLOUR AND RICE MILLS PVT. LIMITED VS AZAD GOVERNMENT - Honorable Justice Khwaja Muhammad Nasim - Barrister Humayun Nawaz Khan , Sh. Masood Iqbal",Supreme Court of Pakistan,2026,6029,full_judgment,mixed,unknown,17796
2026_PLD_SC_75,2026 PLD 75,Syed BASIT HYDER TAQVI VS State - Honorable Justice Muhammad Hashim Khan Kakar - Abbad-ul-Hussnain,Supreme Court of Pakistan,2026,2391,full_judgment,mixed,unknown,2505
2026_PLD_SC_1,2026 PLD 1,"SUGHRAN BIBI VS SULTAN MEHMOOD - Honorable Justice Raza Ali Khan - Raja Khalid Mehmood Khan , Abdul Razzaq Chaudhary",Supreme Court of Pakistan,2026,12468,full_judgment,mixed,unknown,6955
2026_PLD_SC_5,2026 PLD 5,"Syed ZAFFAR-UL-HASSAN GILLANI VS NABI SHAH INQELABI - Honorable Justice Khawaja Muhammad Nasim - Syed Atif Mushtaq Gillani , Tahir Aziz Khan",Supreme Court of Pakistan,2026,2316,full_judgment,mixed,appeal_dismissed,4648
2026_PLD_SC_10,2026 PLD 10,"SAJIDA PARVEEN, JUNIOR TECHNICAL TEACHER B-09 VS AZAD GOVERNMENT OF THE STATE OF JAMMU AND KASHMIR through Secretary Education (Schools), Muzaffarabad - Honorable Justice Raja Saeed Akram Khan, C.J. and Raza Ali Khan - Raja Sajjad Ahmed Khan , Sh. Attiq-ur-Rehman",Supreme Court of Pakistan,2026,882,full_judgment,mixed,appeal_allowed,3306
2026_PLD_SC_12,2026 PLD 12,AURANGZEB SIDDIQUI VS State - Honorable Justice Khawaja Muhammad Nasim - Tahir Aziz Khan,Supreme Court of Pakistan,2026,2733,full_judgment,mixed,disposed_of,2639
2026_PLD_SC_17,2026 PLD 17,"SECRETARY, DEPARTMENT OF HIGHER EDUCATION, AZAD GOVERNMENT OF THE STATE OF JAMMU AND KASHMIR, MUZAFFARABAD VS JALIL-UR-REHMAN TAREEN - Honorable Justice Saeed Akram Khan, CJ and Khawaja Muhammad Nasim - Syed Atif Mushtaq Gillani , Kh. Imtiaz Ahmed",Supreme Court of Pakistan,2026,4446,full_judgment,mixed,appeal_dismissed,8823
2026_PLD_SC_20,2026 PLD 20,"Mst. FAKHRA JABEEN VS WASIF ALI - Honorable Justice Athar Minallah - M.Waqar Rana , Kh.Shahid Rasool Siddiqui",Supreme Court of Pakistan,2026,10761,full_judgment,mixed,unknown,13732
2026_PLD_SC_32,2026 PLD 32,"Syed NASEER BURHAN VS AZAD GOVERNMENT - Honorable Justice Raja Saeed Akram Khan - Barrister Humayun Nawaz Khan , Nemo",Supreme Court of Pakistan,2026,2467,full_judgment,mixed,unknown,6095
2026_PLD_SC_39,2026 PLD 39,"Sh. AHSANUDDIN, ADVOCATE SUPREME COURT OF PAKISTAN, RAWALPINDI VS FEDERATION OF PAKISTAN through Secretary, Ministry of Interior, Islamabad - Honorable Justice Tariq Mehmood Jahangiri - , Sarfraz Rauf",Supreme Court of Pakistan,2026,3444,full_judgment,mixed,unknown,3733
2026_PLD_SC_42,2026 PLD 42,"ABRAR HUSSAIN VS Mst. BIBI SHAHIDA - Honorable Justice Athar Minallah - Ms. Shubnum Sultan , Nemo",Supreme Court of Pakistan,2026,3258,full_judgment,mixed,petition_dismissed,7561
2026_PLD_SC_49,2026 PLD 49,"DIRECTOR GENERAL (HQS) CIVIL WORKS ORGANIZATION (CWO), RAWALPINDI VS Syed WALI SHAH - Honorable Justice Salahuddin Panhwar - Imran Ahmed Malik , Assistance Muhammad Subhan Malik",Supreme Court of Pakistan,2026,1736,full_judgment,mixed,petition_dismissed,5422
2026_PLD_SC_64,2026 PLD 64,"FAROOQ ANWAR ADVOCATE SUPREME COURT VS SUB INSPECTOR AYAZ KHAN SHO/INVESTIGATION OFFICER, FIA, CYBER CRIME CIRCLE, QUETTA - Honorable Justice Shaukat Ali Rakhshani - , Baqir Bakhtiar",Supreme Court of Pakistan,2026,4211,full_judgment,mixed,petition_allowed,3345
2026_PLD_SC_69,2026 PLD 69,"The PROVINCE OF PUNJAB through Chief Secretary, Government of the Punjab, Lahore VS T&T EMPLOYEES IDEAL COOPERATIVE HOUSING SOCIETY LIMITED - Honorable Justice Aamer Farooq - Awais Ahmed Qazi , Waqar A. Sheikh",Supreme Court of Pakistan,2026,3033,full_judgment,mixed,leave_granted,6598
2026_PLD_SC_37,2026 PLD 37,"ALLAH DIWAYA VS DIRECTOR EDUCATION QUETTA - Honorable Justice Syed Mansoor Ali Shah - Manzoor Ahmed Rahmani , Muhammad Ayaz Swati",Supreme Court of Pakistan,2026,2517,full_judgment,mixed,unknown,4664
2025_PLD_SC_510,2025 PLD 510,ABID HUSSAIN VS State - Honorable Justice Shakeel Ahmad - Syed Rifaqat Hussain Shah,Supreme Court of Pakistan,2025,2633,full_judgment,mixed,appeal_allowed,3547
2025_PLD_SC_582,2025 PLD 582,"ISHFAQ AHMED VS MUSHTAQ AHMED - Honorable Justice Syed Mansoor Ali Shah - Moeen Ahmed , Khalid Jamil",Supreme Court of Pakistan,2025,14248,full_judgment,mixed,unknown,37549
2025_PLD_SC_572,2025 PLD 572,"MUHAMMAD SHAKEEL VS ADDITIONAL DISTRICT JUDGE, FAISALABAD - Honorable Justice Yahya Afridi, C.J. and Shahid Waheed - Mrs. Shireen Imran , Tauseef Ejaz Malik",Supreme Court of Pakistan,2025,5488,full_judgment,mixed,appeal_dismissed,7613
2025_PLD_SC_567,2025 PLD 567,"MUHAMMAD AZAM VS MUHAMMAD AIJAZ - Honorable Justice Muhammad Shafi Siddiqui - Muhammad Aqil , Muhammad Saleem Ansari",Supreme Court of Pakistan,2025,2651,full_judgment,mixed,appeal_allowed,3550
2025_PLD_SC_560,2025 PLD 560,"SHAHBAZ LATIF VS DIG, PAKISTAN RAILWAYS HEADQUARTERS OFFICE, LAHORE - Honorable Justice Syed Mansoor Ali Shah - Misbah Gulnar Sharif , Imran Masood",Supreme Court of Pakistan,2025,3143,full_judgment,mixed,unknown,11921
2025_PLD_SC_557,2025 PLD 557,"State VS JUDGE ATC NO. 1, RAWALPINDI - Honorable Justice Yahya Afridi - Syed Zulfiqar Abbas Naqvi",Supreme Court of Pakistan,2025,1499,full_judgment,mixed,disposed_of,2437
2025_PLD_SC_541,2025 PLD 541,"ASJAD ULLAH VS Mst. ASIA BANO - Honorable Justice Syed Hasan Azhar Rizvi - Ch. Afrasiab Khan , Nemo",Supreme Court of Pakistan,2025,7776,full_judgment,mixed,petition_dismissed,7626
2025_PLD_SC_529,2025 PLD 529,"ZAHIDA PARVEEN VS GOVERNMENT OF KHYBER PAKHTUNKHWA through Secretary Elementary and Secondary Education, Civil Secretariat, Peshawar - Honorable Justice Syed Mansoor Ali Shah - Rehman Ullah , Shah Faisal Ilyas",Supreme Court of Pakistan,2025,6382,full_judgment,mixed,unknown,11018
2025_PLD_SC_516,2025 PLD 516,"JUSTICE MOHSIN AKHTAR KAYANI, JUDGE VS The PRESIDENT OF PAKISTAN, PAK SECRETARIAT, ISLAMABAD - Honorable Justice Naeem Akhter Afghan - Muneer A. Malik , Mansoor Usman Awan",Supreme Court of Pakistan,2025,5734,full_judgment,mixed,remanded,17849
2025_PLD_SC_434,2025 PLD 434,"MUSHTAQ VS Mst. FATIMA - Honorable Justice Yahya Afridi, C.J. and Shahid Waheed - Muhammad Asif , Obaidullah Anwar",Supreme Court of Pakistan,2025,2929,full_judgment,mixed,leave_refused,4581
2025_PLD_SC_502,2025 PLD 502,"HIDAYAT KHAN VS Mst. NASREEN - Honorable Justice Shahid Bilal Hassan - Manzoor Khan Khalil , Nemo",Supreme Court of Pakistan,2025,4742,full_judgment,mixed,unknown,10371
2025_PLD_SC_499,2025 PLD 499,"MUHAMMAD NASEER BUTT VS ADDITIONAL DISTRICT JUDGE, LAHORE - Honorable Justice Miangul Hassan Aurangzeb - Barrister Haris Azmat , Ch. Zafar Ullah",Supreme Court of Pakistan,2025,1564,full_judgment,mixed,disposed_of,3443
2025_PLD_SC_482,2025 PLD 482,"SHUHADA FORUM, BALOCHISTAN through Patron in Chief, Nawabzada Jamal Raisani, Quetta Cantt. VS Justice (R) JAWWAD S. KHAWAJA - Honorable Justice Jamal Khan Mandokhail and Naeem Akhter Afghan - Mansoor Usman Awan , Khwaja Ahmad Hosain",Supreme Court of Pakistan,2025,6447,full_judgment,mixed,unknown,19974
2025_PLD_SC_440,2025 PLD 440,"SENIOR JOINT DIRECTOR FOREIGN EXCHANGE OPERATIONS DIVISION SBP VS FEDERATION OF PAKISTAN - Honorable Justice Jamal Khan Mandokhail - Faisal Siddiqui , Rana Asadullah Khan",Supreme Court of Pakistan,2025,4803,full_judgment,mixed,appeal_dismissed,7469
2025_PLD_SC_449,2025 PLD 449,"SIKANDAR AHMED GHOURI VS Syed RAFAT ABBAS JAFFERI - Honorable Justice Syed Hasan Azhar Rizvi - Syed Shahenshah Hussain , Nemo",Supreme Court of Pakistan,2025,6193,full_judgment,mixed,leave_refused,3869
2025_PLD_SC_461,2025 PLD 461,"MUHAMMAD SAJID VS Mst. SHAMSA ASGHAR - Honorable Justice Syed Mansoor Ali Shah - Ch. Zulfiqar Ali Dhudi , Maqsood ul Haq",Supreme Court of Pakistan,2025,4211,full_judgment,mixed,unknown,6174
2025_PLD_SC_469,2025 PLD 469,"AZIZ AHMAD VS Mst. MUSARAT - Honorable Justice Shakeel Ahmad - Asghar Ali , Nemo",Supreme Court of Pakistan,2025,3477,full_judgment,mixed,petition_dismissed,3494
2025_PLD_SC_478,2025 PLD 478,ALTAF HUSSAIN VS State - Honorable Justice Muhammad Hashim Khan Kakar - Raja Muhammad Farooq,Supreme Court of Pakistan,2025,1739,full_judgment,mixed,leave_refused,2389
2025_PLD_SC_633,2025 PLD 633,"DIRECTORATE OF INTELLIGENCE AND INVESTIGATION-FBR VS TAJ INTERNATIONAL (PVT.) LTD. - Honorable Justice Aqeel Ahmed Abbasi - Salman Akram Raja , Syed Ali Zafar",Supreme Court of Pakistan,2025,15153,full_judgment,mixed,unknown,15169
2025_PLD_SC_612,2025 PLD 612,"Mst. PARVEEN ARA VS MUHAMMAD HANIF - Honorable Justice Muhammad Ali Mazhar - , Badar Alam",Supreme Court of Pakistan,2025,11049,full_judgment,mixed,appeal_allowed,7585
2025_PLD_SC_394,2025 PLD 394,"FEDERATION OF PAKISTAN through Revenue Division VS DEWAN MOTORS (PVT.) LTD. - Honorable Justice Amin-Ud-Din Khan - Mirza Nasar Ahmad , Salahuddin Ahmed",Supreme Court of Pakistan,2025,13573,full_judgment,mixed,unknown,11027
2025_PLD_SC_662,2025 PLD 662,MUHAMMAD IMRAN VS State - Honorable Justice Malik Shahzad Ahmad Khan - Agha Nayyar Latif Awan,Supreme Court of Pakistan,2025,9578,full_judgment,mixed,unknown,8107
2025_PLD_SC_679,2025 PLD 679,AMMAR BASHIR VS IRFAN SHAFI KHOKHAR - Honorable Justice Shahid Waheed - Barrister Tassaduq Hanif,Supreme Court of Pakistan,2025,2617,full_judgment,mixed,appeal_dismissed,3506
2025_PLD_SC_1043,2025 PLD 1043,ABDUL SALAM KHAN VS BANK AL-HABIB LTD. - Honorable Justice Syed Mansoor Ali Shah - Nemo,Supreme Court of Pakistan,2025,2448,full_judgment,mixed,petition_dismissed,8805
2025_PLD_SC_1039,2025 PLD 1039,SALEH MUHAMMAD VS Mst. MEHNAZ BEGUM - Honorable Justice Yahya Afridi - Muhammad Arif,Supreme Court of Pakistan,2025,2274,full_judgment,mixed,petition_dismissed,2791
2025_PLD_SC_869,2025 PLD 869,"RAJA AMER KHAN VS FEDERATION OF PAKISTAN through Secretary, Law and Justice Division, Ministry of Law and Justice, Islamabad - Honorable Justice Qazi Faez Isa - Imtiaz Rashid Siddiqui , Nemo",Supreme Court of Pakistan,2025,95266,full_judgment,mixed,unknown,77837
2025_PLD_SC_866,2025 PLD 866,"ZAHID KHAN VS The STATE through Prosecutor General, Punjab - Honorable Justice Yahya Afridi - Amjad Iqbal Khan",Supreme Court of Pakistan,2025,1356,full_judgment,mixed,petition_dismissed,3273
2025_PLD_SC_856,2025 PLD 856,"PROVINCE OF SINDH through Secretary, Government of Sindh, Karachi VS Mst. SORATH FATIMA - Honorable Justice Ayesha A. Malik - Sibtain Mehmood , Nemo",Supreme Court of Pakistan,2025,5452,full_judgment,mixed,unknown,4925
2025_PLD_SC_421,2025 PLD 421,"SULTAN MAHMOOD VS MUNIR AHMAD - Honorable Justice Muhammad Shafi Siddiqui - Malik Matee Ullah , Nemo",Supreme Court of Pakistan,2025,1950,full_judgment,mixed,appeal_allowed,3455
2025_PLD_SC_853,2025 PLD 853,"MUHAMMAD AKHTAR HUSSAIN PIRZADA VS MEDICAL SUPERINTENDENT, THQ HOSPITAL, LODHRAN - Honorable Justice Shakeel Ahmad - Aftab Alam Yasir , Nemo",Supreme Court of Pakistan,2025,1476,full_judgment,mixed,appeal_dismissed,2256
2025_PLD_SC_850,2025 PLD 850,"MUHAMMAD AMIN SAQIB VS JUDGE FAMILY COURT, TOBA TEK SINGH - Honorable Justice Shahid Bilal Hassan - Asif Mumtaz , Rana Rashid Akram Khan",Supreme Court of Pakistan,2025,1723,full_judgment,mixed,unknown,4859
2025_PLD_SC_847,2025 PLD 847,"KHALID PERVAIZ UL HAQ VS Mst. MINHA ASIF - Honorable Justice Muhammad Shafi Siddiqui - Ch. Hafeez Ullah Yaqub , Burhan Latif Khaisori",Supreme Court of Pakistan,2025,1365,full_judgment,mixed,leave_refused,3249
2025_PLD_SC_737,2025 PLD 737,VS - Honorable Justice Syed Mansoor Ali Shah -,Supreme Court of Pakistan,2025,58269,full_judgment,mixed,unknown,155237
2025_PLD_SC_720,2025 PLD 720,"DISTRICT EDUCATION OFFICER (FEMALE), CHARSADDA VS SONIA BEGUM - Honorable Justice Syed Mansoor Ali Shah - Shah Faisal Ilyas , Nemo",Supreme Court of Pakistan,2025,9353,full_judgment,mixed,unknown,9129
2025_PLD_SC_718,2025 PLD 718,KHURSHED ALI KHAN VS MUHAMMAD AYUB - Honorable Justice Muhammad Shafi Siddiqui - Asghar Ali,Supreme Court of Pakistan,2025,950,full_judgment,mixed,appeal_dismissed,3161
2025_PLD_SC_713,2025 PLD 713,"FEDERAL PUBLIC SERVICE COMMISSION through its Secretary, Islamabad VS KASHIF MUSTAFA - Honorable Justice Syed Mansoor Ali Shah - Rana Asadullah Khan , Shehryar Kasuri",Supreme Court of Pakistan,2025,2087,full_judgment,mixed,petition_dismissed,5562
2025_PLD_SC_706,2025 PLD 706,"PAKISTAN RAILWAYS through Chief Controller of Purchase, Pakistan Railways, Lahore VS CRRC ZIYANG CO. LIMITED, LAHORE - Honorable Justice Miangul Hassan Aurangzeb - Jawad Mahmood Pasha , Syed Tassadaq Mustafa Naqvi",Supreme Court of Pakistan,2025,3861,full_judgment,mixed,appeal_dismissed,5930
2025_PLD_SC_698,2025 PLD 698,"DISTRICT OFFICER FRONTIER CONSTABULARY, HAYATABAD, PESHAWAR VS Haji AMIR BADSHAH - Honorable Justice Shakeel Ahmad - Farman Ullah Khattak , Nemo",Supreme Court of Pakistan,2025,3800,full_judgment,mixed,leave_refused,3367
2025_PLD_SC_691,2025 PLD 691,"MUHAMMAD ARIF TARAR VS MATLOOB AHMAD WARRAICH - Honorable Justice Shahid Bilal Hassan - Muhammad Saleem , Nemo",Supreme Court of Pakistan,2025,3518,full_judgment,mixed,leave_refused,8377
2025_PLD_SC_685,2025 PLD 685,"IFTIKHAR ALI ABBASI VS GHULAM QADIR - Honorable Justice Mazhar Alam Khan Miankhel - Ibad-ur-Rehman Lodhi , Nemo",Supreme Court of Pakistan,2025,3590,full_judgment,mixed,leave_refused,6664
2025_PLD_SC_425,2025 PLD 425,MUHAMMAD KHAN alias MITHU VS State - Honorable Justice Ishtiaq Ibrahim - Rizwan Ejaz,Supreme Court of Pakistan,2025,5328,full_judgment,mixed,unknown,5453
2025_PLD_SC_280,2025 PLD 280,"VS - , Salahuddin Ahmed",Supreme Court of Pakistan,2025,11964,full_judgment,mixed,unknown,7634
2025_PLD_SC_24,2025 PLD 24,"MISREE KHAN VS ABDUL GHAFOOR - Honorable Justice Shahid Waheed - Muhammad Asif , Nemo",Supreme Court of Pakistan,2025,3816,full_judgment,mixed,leave_refused,3827
2025_PLD_SC_31,2025 PLD 31,"Faqir Syed ANWAR UD DIN VS Syed RAZA HAIDER - Honorable Justice Athar Minallah - Hafiz Muhammad Yousuf , Navid Ashiq Alvi",Supreme Court of Pakistan,2025,2944,full_judgment,mixed,unknown,5493
2025_PLD_SC_67,2025 PLD 67,"SUNNI ITTEHAD COUNCIL VS ELECTION COMMISSION OF PAKISTAN - Honorable Justice Syed Mansoor Ali Shah, Munib Akhtar, Muhammad Ali Mazhar, Ayesha A. Malik, Athar Minallah, Syed Hasan Azhar Rizvi, Shahid Waheed and Irfan Saadat Khan - Faisal Siddiqui , Sikandar Bashir Mohmand",Supreme Court of Pakistan,2025,90538,full_judgment,mixed,unknown,95989
2025_PLD_SC_63,2025 PLD 63,"ALLAH BAKHSH VS MUHAMMAD RIAZ - Honorable Justice Syed Hasan Azhar Rizvi - Afrasiab Khan , Hafiz Zaheer Iqbal",Supreme Court of Pakistan,2025,2020,full_judgment,mixed,leave_refused,1883
2025_PLD_SC_53,2025 PLD 53,"AURANGZAIB ALAMGIR VS MUHAMMAD SAJID - Honorable Justice Muhammad Ali Mazhar - Shoaib M. Ashraf , Nemo",Supreme Court of Pakistan,2025,3696,full_judgment,mixed,appeal_allowed,5216
2025_PLD_SC_47,2025 PLD 47,"GUL SADEM KHAN VS Mst. HALIMA - Honorable Justice Shahid Bilal Hassan - Haji Muhammad Zahir Shah , Nemo",Supreme Court of Pakistan,2025,3563,full_judgment,mixed,leave_refused,3368
2025_PLD_SC_40,2025 PLD 40,"MUHAMMAD RAJAR VS State - Honorable Justice Syed Hasan Azhar Rizvi - Muhammad Yousuf Laghari , Saleem Akhtar Buriro",Supreme Court of Pakistan,2025,3452,full_judgment,mixed,leave_refused,4587
2025_PLD_SC_36,2025 PLD 36,Mehar BADSHAH VS GOVERNMENT OF KHYBER PAKHTUNKHWA - Honorable Justice Qazi Faez Isa -,Supreme Court of Pakistan,2025,1480,full_judgment,mixed,disposed_of,3225
2025_PLD_SC_387,2025 PLD 387,"IQBAL ALI KHAN VS NASEEB ALI KHAN - Honorable Justice Shahid Waheed - Altaf Ahmad , Zia ur Rehman Khan",Supreme Court of Pakistan,2025,4188,full_judgment,mixed,unknown,4874
2025_PLD_SC_251,2025 PLD 251,"Raja SHAHZAD AHMED VS INCHARGE BAGGAGE ROUTING PAKISTAN INTERNATIONAL AIRLINE, LAHORE - Honorable Justice Mazhar Alam Khan Miankhel - Muhammad Rafique Shah , Nemo",Supreme Court of Pakistan,2025,1055,full_judgment,mixed,leave_refused,1149
2025_PLD_SC_21,2025 PLD 21,"Dr. MOHAMMAD ASLAM KHAKI, ADVOCATE SUPREME COURT OF PAKISTAN VS FEDERATION OF PAKISTAN through Secretary, Ministry of Law and Justice, Islamabad - Honorable Justice Dr. Syed Muhammad Anwer - Dr. Mohammad Aslam Khaki",Supreme Court of Pakistan,2025,5215,full_judgment,mixed,unknown,3268
2025_PLD_SC_14,2025 PLD 14,"MUHAMMAD IKHLAQ VS AMIR MUNIR - Honorable Justice Kh. Muhammad Nasim - Syed Nazir Hussain Shah Kazmi , Abdul Waheed Arif",Supreme Court of Pakistan,2025,1305,full_judgment,mixed,appeal_dismissed,2081
2025_PLD_SC_11,2025 PLD 11,"FEDERAL GOVERNMENT EMPLOYEES HOUSING AUTHORITY VS EDNAN SYED - Honorable Justice Ayesha A. Malik - Uzair Karamat Bhandari , Azid Nafees",Supreme Court of Pakistan,2025,6598,full_judgment,mixed,unknown,7939
2025_PLD_SC_9,2025 PLD 9,"ABDUL WAHID RAFIQUE VS MUHAMMAD MISKEEN - Honorable Justice Kh. Muhammad Nasim - Maqbool-ur-Rehman Abbasi and Raja Muhammad Altaf , Muhammad Yaqboob Khan Mughal",Supreme Court of Pakistan,2025,3096,full_judgment,mixed,unknown,6323
2025_PLD_SC_1,2025 PLD 1,"ABDUL MAJEED VS ABDUL SAMMAD - Honorable Justice Raza Ali Khan - Ch. Ghulam Nabi , Raja Akhlaque Hussain Kiyani",Supreme Court of Pakistan,2025,8857,full_judgment,mixed,unknown,9491
1999_PLD_SC_1026,PLD 1999 SC 1026,Federation of Pakistan v. Shaukat Ali Mian,Supreme Court of Pakistan,1999-01-01,22179,full_judgment,mixed,unknown,27005
1976_PLD_207,1976 PLD 207,Majidullah v. National Industrial Relations Commission Karachi,Court of Record,1976-01-01,1112,full_judgment,mixed,petition_allowed,975
1976_PLD_208,1976 PLD 208,Khuda Bakhsh v. Khushi Muhammad,Court of Record,1976-01-01,3329,full_judgment,mixed,unknown,3022
1976_PLD_209,1976 PLD 209,Tehmurasp Rustamji Sethna v. The State -  Karachi-High-Court-Sindh,Court of Record,1976-01-01,14055,full_judgment,mixed,unknown,2966
1976_PLD_245,1976 PLD 245,"Begum Zohra Bai v. Custodian Of Evacuee Property Karachi - , Sadiq And Ghulamally Karachi-High-Court-Sindh",Court of Record,1976-01-01,2389,full_judgment,mixed,unknown,1983
1976_PLD_234,1976 PLD 234,Taj Muhammad v. Muhammad Yusuf,Court of Record,1976-01-01,4581,full_judgment,mixed,unknown,3802
1976_PLD_237,1976 PLD 237,Muhammad Yameen v. The State -  Lahore-High-Court-Lahore,Court of Record,1976-01-01,2885,full_judgment,mixed,appeal_dismissed,676
1976_PLD_238,1976 PLD 238,Quensland Insurance Co Ltd Karachi v. Trustees Of The Port Of Karachi -  Karachi-High-Court-Sindh,Court of Record,1976-01-01,4246,full_judgment,mixed,unknown,4560
1976_PLD_241,1976 PLD 241,Ghulam Muhamma v. Allah Yar,Court of Record,1976-01-01,7844,full_judgment,mixed,unknown,5030
1976_PLD_243,1976 PLD 243,"Colony Textile Mills Ltd. Lahore v. Commissioner Of Sales Tax, Lahore Zone, Lahore -  Lahore-High-Court-Lahore",Court of Record,1976-01-01,8642,full_judgment,mixed,unknown,4547
1976_PLD_254,1976 PLD 254,"Chairman, Electricity Wapda, Lahore v. Ch. Muhammad Shafi, Advocate",Court of Record,1976-01-01,2382,full_judgment,mixed,appeal_allowed,2378
1976_PLD_258,1976 PLD 258,"Chief Secertary, Govt. Of The Punjab, Lahore v. Commissioner Of Income-Tax, Lahore Zone, Lahore -  Lahore-High-Court-Lahore",Court of Record,1976-01-01,6003,full_judgment,mixed,unknown,1797
1976_PLD_260,1976 PLD 260,Allah Obahyo v. The State,Court of Record,1976-01-01,1991,full_judgment,mixed,unknown,3056
1976_PLD_263,1976 PLD 263,Suleman v. Eastern Rice Syndicate Karachi,Court of Record,1976-01-01,3368,full_judgment,mixed,unknown,5695
1976_PLD_274,1976 PLD 274,Eastern Federal Union Insurance Workers Union Karachi v. Vth Sind Labour Court Karachi,Court of Record,1976-01-01,1827,full_judgment,mixed,petition_dismissed,1198
1976_PLD_275,1976 PLD 275,Khuda Bakhsh v. Muhammad Yousaf -  Lahore-High-Court-Lahore,Court of Record,1976-01-01,3641,full_judgment,mixed,unknown,1107
1976_PLD_277,1976 PLD 277,Suleman v. Eastern Rice Syndicate -  Karachi-High-Court-Sindh,Court of Record,1976-01-01,5662,full_judgment,mixed,unknown,2605
1976_PLD_281,1976 PLD 281,"Abdul Jabbar v. Member, Board Of Revenue -  Lahore-High-Court-Lahore",Court of Record,1976-01-01,3781,full_judgment,mixed,unknown,3635
1976_PLD_286,1976 PLD 286,Abdul Hanan Food Industries v. Sind Labour Court 1 -  Karachi-High-Court-Sindh,Court of Record,1976-01-01,1544,full_judgment,mixed,petition_allowed,969
1976_PLD_287,1976 PLD 287,Saghir Ahmad v. Federation Of Pakistan -  Lahore-High-Court-Lahore,Court of Record,1976-01-01,1778,full_judgment,mixed,unknown,822
1976_PLD_288,1976 PLD 288,Security Papers Employees Union v. 4The Sind Labour Court -  Karachi-High-Court-Sindh,Court of Record,1976-01-01,2700,full_judgment,mixed,unknown,1532
1976_PLD_290,1976 PLD 290,Samual Mashih v. Teresa Mariam -  Lahore-High-Court-Lahore,Court of Record,1976-01-01,1763,full_judgment,mixed,unknown,1371
1976_PLD_291,1976 PLD 291,Muhammad Iqbal Alias Javed Iqbal v. The State,Court of Record,1976-01-01,3961,full_judgment,mixed,unknown,4947
1976_PLD_293,1976 PLD 293,Muhammad Siddiq v. Syed Ali Shah -  Lahore-High-Court-Lahore,Court of Record,1976-01-01,2319,full_judgment,mixed,unknown,1607
1976_PLD_297,1976 PLD 297,Employees Welfare Union v. R.B Industries Ltd Karachi -  Karachi-High-Court-Sindh,Court of Record,1976-01-01,2629,full_judgment,mixed,petition_allowed,1365
1976_PLD_298,1976 PLD 298,Faqir Al v. Muhammad Hayat -  Lahore-High-Court-Lahore,Court of Record,1976-01-01,2643,full_judgment,mixed,unknown,3648
1976_PLD_300,1976 PLD 300,Piran Ditta v. The State,Court of Record,1976-01-01,2197,full_judgment,mixed,unknown,3949
1976_PLD_301,1976 PLD 301,Hotel Inter-Continental Karachi v. Vth Sind Labour Court -  Karachi-High-Court-Sindh,Court of Record,1976-01-01,3288,full_judgment,mixed,unknown,5059
1976_PLD_302,1976 PLD 302,Muhammad Zafarullah Kha v. Muhammad Shafi -  Lahore-High-Court-Lahore,Court of Record,1976-01-01,7287,full_judgment,mixed,unknown,10583
1976_PLD_306,1976 PLD 306,Muhammad Amin v. Province Of Sind -  Karachi-High-Court-Sindh,Court of Record,1976-01-01,2583,full_judgment,mixed,petition_allowed,994
1976_PLD_308,1976 PLD 308,Muhammad Zaki v. Maqsood Ali Khan,Court of Record,1976-01-01,1044,full_judgment,mixed,unknown,1222
1976_PLD_309,1976 PLD 309,Muhammad Zaki v. Maqsood Ali Khan,Court of Record,1976-01-01,3510,full_judgment,mixed,remanded,3907
1976_PLD_311,1976 PLD 311,Masood Ahmed v. Government Of Sind,Court of Record,1976-01-01,2365,full_judgment,mixed,petition_allowed,2519
1976_PLD_314,1976 PLD 314,"Aijaz Hussain Qureshi v. District Magistrate, Lahore -  Lahore-High-Court-Lahore",Court of Record,1976-01-01,7780,full_judgment,mixed,unknown,8176
1976_PLD_315,1976 PLD 315,Abrar Hassan v. Government Of Pakistan,Court of Record,1976-01-01,23854,full_judgment,mixed,unknown,36867
1976_PLD_316,1976 PLD 316,Ali Ahmad Khan Talpur v. Government Of Sind -  Karachi-High-Court-Sindh,Court of Record,1976-01-01,22042,full_judgment,mixed,unknown,9515
1976_PLD_328,1976 PLD 328,Muhammad Yousaf v. Province Of Punjab -  Lahore-High-Court-Lahore,Court of Record,1976-01-01,5076,full_judgment,mixed,unknown,7592
1976_PLD_337,1976 PLD 337,"Booz Allen & Hamilton International v. Commissioner Of Income- Tax, Lahore -  Lahore-High-Court-Lahore",Court of Record,1976-01-01,5531,full_judgment,mixed,unknown,3942
1976_PLD_347,1976 PLD 347,Fazal Hussain v. Inayat Alu -  Lahore-High-Court-Lahore,Court of Record,1976-01-01,1532,full_judgment,mixed,unknown,1327
1976_PLD_350,1976 PLD 350,Malik Noor Alam v. Saeed Akhtar District Magistrate Gujranwala -  Lahore-High-Court-Lahore,Court of Record,1976-01-01,2008,full_judgment,mixed,unknown,1546
1976_PLD_353,1976 PLD 353,"Noor Muhammad-Muhammad Saed v. Commissioner, Income-Tax, Lahroe -  Lahore-High-Court-Lahore",Court of Record,1976-01-01,1084,full_judgment,mixed,unknown,923
1976_PLD_354,1976 PLD 354,M. Inayat Khan v. M. Anwar,Court of Record,1976-01-01,14148,full_judgment,mixed,unknown,18593
1976_PLD_355,1976 PLD 355,Muhammad Amin v. Province Of Sind,Court of Record,1976-01-01,1465,full_judgment,mixed,petition_allowed,772
1976_PLD_370,1976 PLD 370,Treasurer Of Charitable Endowments For Pakistan v. Central Board Of Revenue Islamabad -  Karachi-High-Court-Sindh,Court of Record,1976-01-01,1646,full_judgment,mixed,unknown,1118
1976_PLD_373,1976 PLD 373,Meat And Cattle Merchants Association (Regd) Karachi v. Karachi Municipal Corporation -  Karachi-High-Court-Sindh,Court of Record,1976-01-01,1939,full_judgment,mixed,revision_dismissed,1889
1976_PLD_601,1976 PLD 601,"Manager, Khewara Salt Mines, Khewra v. Mines Employees And Labour Uniion, Khewra -  Lahore-High-Court-Lahore",Court of Record,1976-01-01,5926,full_judgment,mixed,unknown,6911
1976_PLD_610,1976 PLD 610,Ark Ocean Lines Ltd Karachi v. Director Of Industries Mineral Development (Coal Control Wing),Court of Record,1976-01-01,1487,full_judgment,mixed,petition_allowed,973
1976_PLD_611,1976 PLD 611,Aijaz Hussain Qureshi v. National Industrial Relations Commission -  Lahore-High-Court-Lahore,Court of Record,1976-01-01,3263,full_judgment,mixed,unknown,3700
1976_PLD_612,1976 PLD 612,Mohammad v. Abdur Rehman,Court of Record,1976-01-01,1009,full_judgment,mixed,appeal_allowed,815
1976_PLD_614,1976 PLD 614,Deputy Commissioner Karachi v. Umer,Court of Record,1976-01-01,2186,full_judgment,mixed,disposed_of,1422
1976_PLD_615,1976 PLD 615,"Lyallpur Cotton Mills Ltd v. Commissioner,Sargodha Division",Court of Record,1976-01-01,1757,full_judgment,mixed,appeal_allowed,4150
1976_PLD_616,1976 PLD 616,M.Shakeel Saigol v. Income-Tax Officer (Comnpanies) -  Lahore-High-Court-Lahore,Court of Record,1976-01-01,3286,full_judgment,mixed,unknown,4775
1976_PLD_617,1976 PLD 617,Pakistan v. Trans-Ocean Asia,Court of Record,1976-01-01,1550,full_judgment,mixed,appeal_dismissed,1165
1976_PLD_390,1976 PLD 390,The State v. Bashir Ahmad,Court of Record,1976-01-01,2008,full_judgment,mixed,unknown,1783
1976_PLD_618,1976 PLD 618,East & West Steamship Co. v. Collector Of Custom,Court of Record,1976-01-01,3957,full_judgment,mixed,leave_granted,5429
1976_PLD_620,1976 PLD 620,Badruddin Hasan Farooqi v. Manghi Industrial Home -  Karachi-High-Court-Sindh,Court of Record,1976-01-01,1510,full_judgment,mixed,unknown,1455
1976_PLD_446,1976 PLD 446,Abdul Majeed Khan v. Collector Of Customs -  Karachi-High-Court-Sindh,Court of Record,1976-01-01,1459,full_judgment,mixed,petition_allowed,904
1976_PLD_448,1976 PLD 448,Hakim Khan v. Government Of Sind -  Karachi-High-Court-Sindh,Court of Record,1976-01-01,1683,full_judgment,mixed,petition_allowed,1287
1976_PLD_376,1976 PLD 376,"United Distributors Ltd v. Zahid Hussain Khan - , Nemo Karachi-High-Court-Sindh",Court of Record,1976-01-01,2794,full_judgment,mixed,unknown,2031
1976_PLD_377,1976 PLD 377,Tajammal Hussain v. Nasar Mehdi,Court of Record,1976-01-01,5835,full_judgment,mixed,appeal_allowed,5594
1976_PLD_381,1976 PLD 381,Mahmood Azam Farooqi v. Muhammad Shafi Okarvi -  Karachi-High-Court-Sindh,Court of Record,1976-01-01,18242,full_judgment,mixed,unknown,8916
1976_PLD_386,1976 PLD 386,Said Muhammad v. Talib Hussain,Court of Record,1976-01-01,2213,full_judgment,mixed,unknown,2775
1976_PLD_449,1976 PLD 449,Muhammad Yunas v. The State,Court of Record,1976-01-01,1736,full_judgment,mixed,appeal_dismissed,2483
1976_PLD_392,1976 PLD 392,U.B.L. v. Abdul Khaliq -  Lahore-High-Court-Lahore,Court of Record,1976-01-01,2401,full_judgment,mixed,unknown,6101
1976_PLD_394,1976 PLD 394,Nawab Khan v. Waris Iqbal,Court of Record,1976-01-01,6373,full_judgment,mixed,unknown,4533
1976_PLD_404,1976 PLD 404,Abdul Sattar v. The State,Court of Record,1976-01-01,4059,full_judgment,mixed,unknown,2731
1976_PLD_410,1976 PLD 410,Manzoor Glass And Ceramics Ltd Karachi v. Government Of Pakistan,Court of Record,1976-01-01,1154,full_judgment,mixed,revision_allowed,746
1976_PLD_655,1976 PLD 655,"Commissioner Of Sales Tax, Lahore v. Hilal Tanneries, Lahore -  Lahore-High-Court-Lahore",Court of Record,1976-01-01,1986,full_judgment,mixed,unknown,1123
1976_PLD_658,1976 PLD 658,Raja Shah v. Nazar Hussain Shah -  Lahore-High-Court-Lahore,Court of Record,1976-01-01,7303,full_judgment,mixed,unknown,5865
1976_PLD_412,1976 PLD 412,Rasool Bux v. Mehar Khan -  Karachi-High-Court-Sindh,Court of Record,1976-01-01,1278,full_judgment,mixed,unknown,1256
1976_PLD_414,1976 PLD 414,Australasia Bank Ltd v. Juma Khan Aga Javed Corporation,Court of Record,1976-01-01,856,full_judgment,mixed,unknown,891
1976_PLD_416,1976 PLD 416,Parveen Chaudhry v. Vith Senior Civil Judge Ist Class Karachi -  Karachi-High-Court-Sindh,Court of Record,1976-01-01,2813,full_judgment,mixed,petition_dismissed,3108
1976_PLD_421,1976 PLD 421,Noor Mohd v. Sub-Divisional Magistrate,Court of Record,1976-01-01,1864,full_judgment,mixed,petition_allowed,1011
1976_PLD_451,1976 PLD 451,Muhammad Mahmood Ahmed v. The State,Court of Record,1976-01-01,3873,full_judgment,mixed,unknown,1118
1976_PLD_424,1976 PLD 424,Jamal Din v. Government Of Sind -  Karachi-High-Court-Sindh,Court of Record,1976-01-01,9246,full_judgment,mixed,unknown,6595
1976_PLD_430,1976 PLD 430,Federation Of Pakistan v. Manzoor Elahi,Court of Record,1976-01-01,3602,full_judgment,mixed,unknown,4997
1976_PLD_435,1976 PLD 435,Muhammad Asghar v. Safia Begum,Court of Record,1976-01-01,8274,full_judgment,mixed,unknown,8898
1976_PLD_438,1976 PLD 438,Rashid Ahmed v. The State,Court of Record,1976-01-01,4077,full_judgment,mixed,unknown,2997
1976_PLD_452,1976 PLD 452,Muhammad Sharif v. Muhammad Javed,Court of Record,1976-01-01,5664,full_judgment,mixed,unknown,8790
1976_PLD_458,1976 PLD 458,Province Of West Pakistan v. Gammon'S Pakistan Ltd Karachi -  Karachi-High-Court-Sindh,Court of Record,1976-01-01,6204,full_judgment,mixed,appeal_dismissed,1454
1976_PLD_461,1976 PLD 461,Fazal Karim v. The State,Court of Record,1976-01-01,2731,full_judgment,mixed,unknown,1930
1976_PLD_466,1976 PLD 466,"Muhammad Abdul Khaliq Siddiqui v. Officer On Special Duty Central Record Officer, Lahore",Court of Record,1976-01-01,1616,full_judgment,mixed,appeal_allowed,1151
1976_PLD_468,1976 PLD 468,Mashkoor Khan v. Province Of Sind -  Karachi-High-Court-Sindh,Court of Record,1976-01-01,1863,full_judgment,mixed,unknown,1613
1976_PLD_469,1976 PLD 469,Government Of West Pakistan (Now Punjab) v. Haji Muhammad,Court of Record,1976-01-01,4142,full_judgment,mixed,unknown,5310
1976_PLD_471,1976 PLD 471,M.M.K.A. Zai v. District Magistrate And Tribunal -  Karachi-High-Court-Sindh,Court of Record,1976-01-01,3476,full_judgment,mixed,unknown,3320
1976_PLD_475,1976 PLD 475,Malik Ahmad Din v. Khawaja Mahmud Sadiq -  Lahore-High-Court-Lahore,Court of Record,1976-01-01,1653,full_judgment,mixed,unknown,1354
1976_PLD_476,1976 PLD 476,Karamat Ali v. The State,Court of Record,1976-01-01,4056,full_judgment,mixed,unknown,4158
1976_PLD_481,1976 PLD 481,Tayyaba v. Controller Of Examinations Board Of Intermediate And Secondary Education Hyderabad Sind -  Karachi-High-Court-Sindh,Court of Record,1976-01-01,9231,full_judgment,mixed,unknown,1971
1976_PLD_483,1976 PLD 483,Province Of West Pakistan v. Mahboob Ali,Court of Record,1976-01-01,7348,full_judgment,mixed,unknown,8258
1976_PLD_487,1976 PLD 487,"The Commissioner Of Income-Tax, Lahore Zone, Lahore v. Gaitee Ara -  Lahore-High-Court-Lahore",Court of Record,1976-01-01,2863,full_judgment,mixed,unknown,6867
1976_PLD_492,1976 PLD 492,Muhammad Salim v. Wapda -  Lahore-High-Court-Lahore,Court of Record,1976-01-01,3519,full_judgment,mixed,unknown,3374
1976_PLD_495,1976 PLD 495,Ghulam Habib v. Muhammad Din,Court of Record,1976-01-01,3469,full_judgment,mixed,unknown,6771
1976_PLD_496,1976 PLD 496,Intertrade Ltd Karachi v. Trading Corporation Of Pakistan Ltd -  Karachi-High-Court-Sindh,Court of Record,1976-01-01,4482,full_judgment,mixed,unknown,2535
1976_PLD_498,1976 PLD 498,Karam v. Noor Muhammad -  Lahore-High-Court-Lahore,Court of Record,1976-01-01,2073,full_judgment,mixed,unknown,2471
1976_PLD_501,1976 PLD 501,Ehsanul Haque v. Federation Of Pakistan -  Lahore-High-Court-Lahore,Court of Record,1976-01-01,3111,full_judgment,mixed,unknown,3643
1976_PLD_504,1976 PLD 504,Abdul Hakim v. Abdul Ghafoor -  Karachi-High-Court-Sindh,Court of Record,1976-01-01,1236,full_judgment,mixed,unknown,896
1976_PLD_506,1976 PLD 506,Khatija Khatoon v. Additional District Judge Karachi -  Karachi-High-Court-Sindh,Court of Record,1976-01-01,1849,full_judgment,mixed,unknown,1559
1976_PLD_508,1976 PLD 508,Abdul Latif v. Karachi Municipal Corporation -  Karachi-High-Court-Sindh,Court of Record,1976-01-01,2169,full_judgment,mixed,unknown,839
1976_PLD_511,1976 PLD 511,Sharifan v. The State -  Lahore-High-Court-Lahore,Court of Record,1976-01-01,3288,full_judgment,mixed,unknown,1627
1976_PLD_512,1976 PLD 512,Sulaiman Yousuf v. Edulji Dinshaw Ltd,Court of Record,1976-01-01,1468,full_judgment,mixed,appeal_allowed,857
1976_PLD_514,1976 PLD 514,Karachi Development Authority v. Presiding Officer Vth Sind Labour Court Karachi -  Karachi-High-Court-Sindh,Court of Record,1976-01-01,2296,full_judgment,mixed,unknown,1251
1976_PLD_516,1976 PLD 516,Noor Muhammad v. The State -  Lahore-High-Court-Lahore,Court of Record,1976-01-01,2202,full_judgment,mixed,unknown,3097
1976_PLD_518,1976 PLD 518,Khuda Bu v. Province Of Sind,Court of Record,1976-01-01,4564,full_judgment,mixed,petition_dismissed,6857
1976_PLD_520,1976 PLD 520,Muhammad Ashraf v. The State -  Lahore-High-Court-Lahore,Court of Record,1976-01-01,5282,full_judgment,mixed,unknown,1634
1976_PLD_526,1976 PLD 526,Mansoor Ahmad v. Z.H. Khawaja -  Karachi-High-Court-Sindh,Court of Record,1976-01-01,2436,full_judgment,mixed,unknown,1954
1976_PLD_528,1976 PLD 528,"General Steel Tools Company, Gujranwala v. Presiding Officer, Punjab Labour -  Lahore-High-Court-Lahore",Court of Record,1976-01-01,5063,full_judgment,mixed,unknown,6219
1976_PLD_529,1976 PLD 529,Ali Sher v. The State,Court of Record,1976-01-01,4511,full_judgment,mixed,appeal_dismissed,874
1976_PLD_531,1976 PLD 531,Nishat Sarhad Textile Mills Ltd v. Sher Ahmed Khan,Court of Record,1976-01-01,4211,full_judgment,mixed,unknown,3274
1976_PLD_552,1976 PLD 552,First National City Bank Karachi v. Income-Tax Officer Karachi -  Karachi-High-Court-Sindh,Court of Record,1976-01-01,4173,full_judgment,mixed,unknown,3963
1976_PLD_555,1976 PLD 555,Muhammad Rafi v. The State,Court of Record,1976-01-01,1496,full_judgment,mixed,unknown,3333
1976_PLD_557,1976 PLD 557,Noor Elahi v. Zafarul Haque,Court of Record,1976-01-01,6639,full_judgment,mixed,appeal_allowed,3643
1976_PLD_560,1976 PLD 560,"Iqbal Umer v. Muhammad Azizullah Qureshi - , Noor Muhammad Karachi-High-Court-Sindh",Court of Record,1976-01-01,3408,full_judgment,mixed,unknown,5338
1976_PLD_565,1976 PLD 565,Pamela Ambrose Martin v. Ambrose Frank Anthony Martin -  Karachi-High-Court-Sindh,Court of Record,1976-01-01,3530,full_judgment,mixed,unknown,1664
1976_PLD_567,1976 PLD 567,Umar Din v. Ghulam Jilani Shah -  Lahore-High-Court-Lahore,Court of Record,1976-01-01,2067,full_judgment,mixed,appeal_dismissed,2098
1976_PLD_568,1976 PLD 568,Muhammad Afzal v. The State,Court of Record,1976-01-01,2856,full_judgment,mixed,unknown,2914
1976_PLD_570,1976 PLD 570,Ghulam Muhammad v. Muhammad Ismail -  Lahore-High-Court-Lahore,Court of Record,1976-01-01,2485,full_judgment,mixed,unknown,2076
1976_PLD_571,1976 PLD 571,Nabi Bakhsh Zehri v. Collector Nasirabad -  Karachi-High-Court-Sindh,Court of Record,1976-01-01,6671,full_judgment,mixed,unknown,2830
1976_PLD_574,1976 PLD 574,"Muhammad Khan v. Inspector-General, Police Punjab -  Lahore-High-Court-Lahore",Court of Record,1976-01-01,3669,full_judgment,mixed,unknown,4289
1976_PLD_580,1976 PLD 580,Kishwar Sultan Jehan Begum v. Aslam Awais -  Lahore-High-Court-Lahore,Court of Record,1976-01-01,3353,full_judgment,mixed,unknown,3245
1976_PLD_659,1976 PLD 659,"Asghar Ali v. Khamiso - , Nemo Karachi-High-Court-Sindh",Court of Record,1976-01-01,2107,full_judgment,mixed,appeal_allowed,1898
1976_PLD_622,1976 PLD 622,"Syed Zafar Abbas v. District Magistrate, Jhang -  Lahore-High-Court-Lahore",Court of Record,1976-01-01,5186,full_judgment,mixed,unknown,4751
1976_PLD_623,1976 PLD 623,Karachi Flour Millers Union v. Province Of Sind -  Karachi-High-Court-Sindh,Court of Record,1976-01-01,10577,full_judgment,mixed,unknown,7677
1976_PLD_625,1976 PLD 625,"Muhammad Yaqub v. Chairman,Election Tribunal,N.W.F.P",Court of Record,1976-01-01,2270,full_judgment,mixed,unknown,3032
1976_PLD_629,1976 PLD 629,Aminullah v. The State,Court of Record,1976-01-01,36155,full_judgment,mixed,unknown,24862
1976_PLD_630,1976 PLD 630,Masood-Ul-Hassan Qureshi v. Govt. Of The Punjab -  Lahore-High-Court-Lahore,Court of Record,1976-01-01,3927,full_judgment,mixed,petition_dismissed,2228
1976_PLD_637,1976 PLD 637,Manzoor Hussain v. Nawazish Nazir Hussain -  Lahore-High-Court-Lahore,Court of Record,1976-01-01,3080,full_judgment,mixed,unknown,2547
1976_PLD_640,1976 PLD 640,Abdul Karim v. Jan Muhammad,Court of Record,1976-01-01,2772,full_judgment,mixed,unknown,1744
1976_PLD_641,1976 PLD 641,Inayatullah v. Muhammad Tufail -  Lahore-High-Court-Lahore,Court of Record,1976-01-01,3290,full_judgment,mixed,unknown,1616
1976_PLD_644,1976 PLD 644,Jamia Industries Ltd Karachi v. Pakistan Refinery Ltd Karachi -  Karachi-High-Court-Sindh,Court of Record,1976-01-01,5771,full_judgment,mixed,unknown,3310
1976_PLD_647,1976 PLD 647,Alaf v. Mardana -  Lahore-High-Court-Lahore,Court of Record,1976-01-01,2499,full_judgment,mixed,appeal_dismissed,1928
1976_PLD_650,1976 PLD 650,Nawabzada Shamsher Ali Khan v. Nawabzada Mahjor-General Sher Lai Khan -  Lahore-High-Court-Lahore,Court of Record,1976-01-01,2911,full_judgment,mixed,unknown,2682
1976_PLD_653,1976 PLD 653,G.M. Nizamuddin v. Irshad Hussain Khan -  Karachi-High-Court-Sindh,Court of Record,1976-01-01,3843,full_judgment,mixed,petition_allowed,2349
1976_PLD_663,1976 PLD 663,Mansoor Ali v. Registrar Co-Operative Societies Hyderabad,Court of Record,1976-01-01,2356,full_judgment,mixed,petition_dismissed,1180
1976_PLD_667,1976 PLD 667,"Khyber Insurance Co Ltd v. First National City Bank - , Mansoorul Arfin & Mansoor Ahmad Khan Karachi-High-Court-Sindh",Court of Record,1976-01-01,910,full_judgment,mixed,unknown,1111
1976_PLD_668,1976 PLD 668,Ameen Tareen v. Settlement Commissioner Karachi,Court of Record,1976-01-01,2956,full_judgment,mixed,appeal_dismissed,2739
1976_PLD_670,1976 PLD 670,Bibi Khatoon v. Faiz -  Lahore-High-Court-Lahore,Court of Record,1976-01-01,4278,full_judgment,mixed,disposed_of,2493
1976_PLD_673,1976 PLD 673,Pakistan Chrome Mines Ltd Karachi v. Enquiry Officer War Risk Insurance -  Karachi-High-Court-Sindh,Court of Record,1976-01-01,12512,full_judgment,mixed,unknown,3493
1976_PLD_677,1976 PLD 677,The State v. Noor Illahi -  Lahore-High-Court-Lahore,Court of Record,1976-01-01,6524,full_judgment,mixed,unknown,3040
1976_PLD_686,1976 PLD 686,Rahim Bakhsh v. Muhammad Bakhsh -  Lahore-High-Court-Lahore,Court of Record,1976-01-01,5897,full_judgment,mixed,unknown,5296
1976_PLD_687,1976 PLD 687,Khuda Bakhsh v. Chief Settlement Commissioner,Court of Record,1976-01-01,4534,full_judgment,mixed,appeal_allowed,6773
1976_PLD_695,1976 PLD 695,Shah Ahmad Noorani v. Govt. Of The Punjab -  Lahore-High-Court-Lahore,Court of Record,1976-01-01,3963,full_judgment,mixed,petition_allowed,3989
1976_PLD_696,1976 PLD 696,Muhammad Siddiq v. Abdul Hameed,Court of Record,1976-01-01,3260,full_judgment,mixed,appeal_allowed,4499
1976_PLD_701,1976 PLD 701,Abdul Ghaffar v. Secretary Divisional Evacuee Trust Committee,Court of Record,1976-01-01,3417,full_judgment,mixed,appeal_dismissed,1395
1976_PLD_703,1976 PLD 703,Mumtaz Industries v. Sales Tax Officer -  Lahore-High-Court-Lahore,Court of Record,1976-01-01,6534,full_judgment,mixed,unknown,4367
1976_PLD_706,1976 PLD 706,"Aun Saeed Hashmi v. The State - , Usman Ghani, Asstt. A: G. Karachi-High-Court-Sindh",Court of Record,1976-01-01,3115,full_judgment,mixed,unknown,3088
1976_PLD_729,1976 PLD 729,Khawaj Azhar Hussain v. The State -  Lahore-High-Court-Lahore,Court of Record,1976-01-01,11139,full_judgment,mixed,unknown,7801
1976_PLD_712,1976 PLD 712,Nishat Talkies v. Director/Collector Excse And Taxation Karachi -  Karachi-High-Court-Sindh,Court of Record,1976-01-01,5914,full_judgment,mixed,unknown,5745
1976_PLD_713,1976 PLD 713,"Hakam Qureshi,President,District Bar Association,Lahore v. Judges Of The Lahore High Court",Court of Record,1976-01-01,9294,full_judgment,mixed,unknown,16114
1976_PLD_714,1976 PLD 714,The State v. Shaukat Ali -  Lahore-High-Court-Lahore,Court of Record,1976-01-01,3696,full_judgment,mixed,unknown,3887
1976_PLD_720,1976 PLD 720,Ghulam Muhamma v. The State -  Lahore-High-Court-Lahore,Court of Record,1976-01-01,1121,full_judgment,mixed,unknown,650
1976_PLD_721,1976 PLD 721,"Mahmood Textile Mills Workers, Union v. Registrar Of Trade Unions, Multan -  Lahore-High-Court-Lahore",Court of Record,1976-01-01,2530,full_judgment,mixed,petition_dismissed,2827
1976_PLD_723,1976 PLD 723,Alhamdi Begum v. National Bank Of Pakistan Karachi -  Karachi-High-Court-Sindh,Court of Record,1976-01-01,3170,full_judgment,mixed,appeal_allowed,2999
1976_PLD_726,1976 PLD 726,"Muncipal Committee, Multan v. Burmah Shell Storage & Distributing Co. Of Pakistan Ltd. -  Lahore-High-Court-Lahore",Court of Record,1976-01-01,2052,full_judgment,mixed,unknown,2795
1976_PLD_728,1976 PLD 728,Tariq Mohsin Siddiqui v. Province Of Sind -  Karachi-High-Court-Sindh,Court of Record,1976-01-01,2861,full_judgment,mixed,unknown,2097
1976_PLD_734,1976 PLD 734,Iqbal Fatima v. Qaiser Tanveer -  Karachi-High-Court-Sindh,Court of Record,1976-01-01,2235,full_judgment,mixed,unknown,835
1976_PLD_738,1976 PLD 738,Rahim Bux Qadri v. Bashir Ahmed -  Karachi-High-Court-Sindh,Court of Record,1976-01-01,5514,full_judgment,mixed,unknown,3183
1976_PLD_747,1976 PLD 747,Chhappar Khan v. Chief Land Commissioner West Pakistan Lahore -  Karachi-High-Court-Sindh,Court of Record,1976-01-01,5809,full_judgment,mixed,unknown,3607
1976_PLD_748,1976 PLD 748,Bashiran v. Pakistan,Court of Record,1976-01-01,2338,full_judgment,mixed,unknown,2128
1976_PLD_752,1976 PLD 752,Muhammad Yusuf v. Capital Development Authority,Court of Record,1976-01-01,4707,full_judgment,mixed,unknown,6225
1976_PLD_755,1976 PLD 755,"Mohbat Ali v. District Magistrate,Campbellpur -  Lahore-High-Court-Lahore",Court of Record,1976-01-01,1810,full_judgment,mixed,petition_allowed,2370
1976_PLD_756,1976 PLD 756,Saida Naim Hussain v. Abdul Ghani -  Karachi-High-Court-Sindh,Court of Record,1976-01-01,3297,full_judgment,mixed,unknown,2593
1976_PLD_758,1976 PLD 758,"Dr. Muhammad Ismail v. Deputy Commissioner, Jhang -  Lahore-High-Court-Lahore",Court of Record,1976-01-01,1557,full_judgment,mixed,petition_allowed,1177
1976_PLD_760,1976 PLD 760,Bangah v. The State,Court of Record,1976-01-01,4982,full_judgment,mixed,unknown,5432
1976_PLD_761,1976 PLD 761,"Commissioner Of Income-Tax, Rawalpindi Zone, Rawalpindi v. Begum Mumtaz Jamal -  Lahore-High-Court-Lahore",Court of Record,1976-01-01,5508,full_judgment,mixed,unknown,3967
1976_PLD_762,1976 PLD 762,Abdul Majeed v. The State -  Karachi-High-Court-Sindh,Court of Record,1976-01-01,4302,full_judgment,mixed,unknown,1640
1976_PLD_767,1976 PLD 767,Shah Nawaz v. Nawab Khan,Court of Record,1976-01-01,8762,full_judgment,mixed,unknown,12388
1976_PLD_769,1976 PLD 769,Pakistan Barber'S Association v. Provine Of Punjab -  Lahore-High-Court-Lahore,Court of Record,1976-01-01,1918,full_judgment,mixed,unknown,1532
1976_PLD_783,1976 PLD 783,Punjab Road Transport Board v. Punjab Labour Court -  Lahore-High-Court-Lahore,Court of Record,1976-01-01,3102,full_judgment,mixed,petition_allowed,4945
1976_PLD_784,1976 PLD 784,Dawood Cotton Mills Ltd v. Presiding Officer Iv Sind Labour Court Karachi -  Karachi-High-Court-Sindh,Court of Record,1976-01-01,2352,full_judgment,mixed,unknown,1203
1976_PLD_785,1976 PLD 785,"Muhammad Ilyas Hussain v. Cantonment Board, Rawalpindi",Court of Record,1976-01-01,3424,full_judgment,mixed,unknown,4273
1976_PLD_787,1976 PLD 787,Beach Luxury Hotel Ltd v. First Sind Labour Court Karachi -  Karachi-High-Court-Sindh,Court of Record,1976-01-01,2195,full_judgment,mixed,petition_dismissed,1947
1976_PLD_788,1976 PLD 788,Niaz Muhammad v. The State -  Lahore-High-Court-Lahore,Court of Record,1976-01-01,4609,full_judgment,mixed,unknown,1778
1976_PLD_790,1976 PLD 790,"Income Tax-Officer,Mardan v. Sanaullah Khan & Co",Court of Record,1976-01-01,7491,full_judgment,mixed,unknown,2550
1976_PLD_791,1976 PLD 791,Hirjina Salt & Chemicals (Pak) Ltd Karachi v. Khuda Dino,Court of Record,1976-01-01,2191,full_judgment,mixed,appeal_allowed,1027
1976_PLD_794,1976 PLD 794,National & Grindlays Bank Ltd v. Vth Sind Labour Court Karachi -  Karachi-High-Court-Sindh,Court of Record,1976-01-01,3181,full_judgment,mixed,unknown,1815
1976_PLD_795,1976 PLD 795,Muhammad Siddique Alias Kiko v. The State -  Lahore-High-Court-Lahore,Court of Record,1976-01-01,4113,full_judgment,mixed,appeal_dismissed,1094
1976_PLD_802,1976 PLD 802,Muhammad Din v. Ch. Muhammad Siddique -  Lahore-High-Court-Lahore,Court of Record,1976-01-01,2211,full_judgment,mixed,unknown,1569
1976_PLD_805,1976 PLD 805,Muhammad Nawa v. The State -  Lahore-High-Court-Lahore,Court of Record,1976-01-01,4113,full_judgment,mixed,unknown,2435
1976_PLD_808,1976 PLD 808,Co-Operative Development Funds And Projects v. Alimmer Textile Printing Industries Karachi -  Karachi-High-Court-Sindh,Court of Record,1976-01-01,1896,full_judgment,mixed,unknown,1356
1976_PLD_811,1976 PLD 811,Mah Bibi v. Hameeda Begum -  Karachi-High-Court-Sindh,Court of Record,1976-01-01,4041,full_judgment,mixed,appeal_allowed,2368
1976_PLD_817,1976 PLD 817,S.M. Hamid Ali v. C.R. Machadoo,Court of Record,1976-01-01,1745,full_judgment,mixed,appeal_dismissed,1992
1976_PLD_820,1976 PLD 820,Muhammad Ali v. Jamil Ahmed -  Karachi-High-Court-Sindh,Court of Record,1976-01-01,3062,full_judgment,mixed,unknown,1692
1976_PLD_823,1976 PLD 823,Allah Ditta v. The State -  Lahore-High-Court-Lahore,Court of Record,1976-01-01,4903,full_judgment,mixed,unknown,6250
1976_PLD_824,1976 PLD 824,Amna Bai v. Abdul Waheed,Court of Record,1976-01-01,3516,full_judgment,mixed,appeal_dismissed,2064
1976_PLD_836,1976 PLD 836,Abid Hussain v. Afsar Jehan Siddiqui -  Karachi-High-Court-Sindh,Court of Record,1976-01-01,5951,full_judgment,mixed,unknown,3225
1976_PLD_845,1976 PLD 845,Chief Administrator Of Waqfs West Pakistan Government Lahore v. Abdul Haq -  Karachi-High-Court-Sindh,Court of Record,1976-01-01,2122,full_judgment,mixed,unknown,1491
1976_PLD_848,1976 PLD 848,Arsala Khan v. Province Of Sind -  Karachi-High-Court-Sindh,Court of Record,1976-01-01,1788,full_judgment,mixed,petition_allowed,1203
1976_PLD_850,1976 PLD 850,"In Re : Application Under Sectio v. Hunza Central Asian Textile & Woollen Mills Ltd, Rawalpindi -  Lahore-High-Court-Lahore",Court of Record,1976-01-01,7398,full_judgment,mixed,petition_dismissed,6666
1976_PLD_851,1976 PLD 851,Nadra Imam v. Appellate Committee For Permanent Residence Certificate -  Karachi-High-Court-Sindh,Court of Record,1976-01-01,1846,full_judgment,mixed,unknown,1349
1976_PLD_855,1976 PLD 855,Paracha Textile Mill Ltd Karachi v. Government Of Pakistan Board Of Revenue -  Karachi-High-Court-Sindh,Court of Record,1976-01-01,1140,full_judgment,mixed,petition_allowed,744
1976_PLD_857,1976 PLD 857,Amir Ali v. Muhammad Hashim -  Karachi-High-Court-Sindh,Court of Record,1976-01-01,1579,full_judgment,mixed,unknown,848
1976_PLD_859,1976 PLD 859,Pakistan Products Ltd Karachi v. Yousuf Abdul Aziz & Sons -  Karachi-High-Court-Sindh,Court of Record,1976-01-01,1694,full_judgment,mixed,unknown,844
1976_PLD_862,1976 PLD 862,Noor Khan v. Abdullah -  Karachi-High-Court-Sindh,Court of Record,1976-01-01,1729,full_judgment,mixed,appeal_allowed,1067
1976_PLD_865,1976 PLD 865,"Delhi Jamiatul Quraish v. Karachi Municipal Corporation Karachi - , Nemo Karachi-High-Court-Sindh",Court of Record,1976-01-01,1316,full_judgment,mixed,appeal_allowed,1080
1976_PLD_867,1976 PLD 867,Muhammad Mughal Beg v. Hamid Ali,Court of Record,1976-01-01,1577,full_judgment,mixed,appeal_dismissed,930
1976_PLD_869,1976 PLD 869,Muhammad Yasin v. The State,Court of Record,1976-01-01,1670,full_judgment,mixed,unknown,825
1976_PLD_871,1976 PLD 871,Riaz Ahmad v. Hamid Aziz Sheikh -  Lahore-High-Court-Lahore,Court of Record,1976-01-01,5654,full_judgment,mixed,unknown,7983
1976_PLD_872,1976 PLD 872,"Ismail v. Board Of Revenue Government Of Sind - , Abdul Aziz Karachi-High-Court-Sindh",Court of Record,1976-01-01,2596,full_judgment,mixed,petition_dismissed,2050
1976_PLD_877,1976 PLD 877,Mumtaz Ahmad v. Karachi Development Authority -  Karachi-High-Court-Sindh,Court of Record,1976-01-01,2031,full_judgment,mixed,unknown,1902
1976_PLD_880,1976 PLD 880,Muhammad Siddiq v. Deputy Commissioner And Additional Settlement Commissioner Khaipur -  Karachi-High-Court-Sindh,Court of Record,1976-01-01,1579,full_judgment,mixed,unknown,1179
1976_PLD_882,1976 PLD 882,Nabi Bux v. Muhammad Ibrahim -  Karachi-High-Court-Sindh,Court of Record,1976-01-01,1499,full_judgment,mixed,unknown,1353
1976_PLD_885,1976 PLD 885,Asghar Hussain v. Husan Ara -  Karachi-High-Court-Sindh,Court of Record,1976-01-01,1921,full_judgment,mixed,appeal_dismissed,1135
1976_PLD_886,1976 PLD 886,Abdur Rahim v. Federation O Fpakistan -  Lahore-High-Court-Lahore,Court of Record,1976-01-01,6095,full_judgment,mixed,unknown,5682
1976_PLD_888,1976 PLD 888,Beg Muhammad v. Iqbal Begum -  Karachi-High-Court-Sindh,Court of Record,1976-01-01,2151,full_judgment,mixed,unknown,1703
1976_PLD_891,1976 PLD 891,Farid Majid v. Muhammad Nawab -  Karachi-High-Court-Sindh,Court of Record,1976-01-01,2833,full_judgment,mixed,unknown,3246
1976_PLD_895,1976 PLD 895,Seven Up Co U.S.A. v. Abdul Aziz- Noor Muhammad -  Karachi-High-Court-Sindh,Court of Record,1976-01-01,14224,full_judgment,mixed,unknown,4091
1977_PLD_74,1977 PLD 74,Shaista Gul v. Qaza Khan,Court of Record,1977-01-01,3849,full_judgment,mixed,appeal_allowed,1038
1977_PLD_75,1977 PLD 75,Muhammad Saleem v. The State -  Karachi-High-Court-Sindh,Court of Record,1977-01-01,3139,full_judgment,mixed,appeal_dismissed,993
1977_PLD_79,1977 PLD 79,Schazoo Laboratories Ltd v. Commissioner Of Income-Taxlahore -  Lahore-High-Court-Lahore,Court of Record,1977-01-01,2079,full_judgment,mixed,unknown,1885
1977_PLD_80,1977 PLD 80,"Honest Trading Co., Karachi v. Muhammad Nisa -  Karachi-High-Court-Sindh",Court of Record,1977-01-01,1884,full_judgment,mixed,unknown,1227
1977_PLD_102,1977 PLD 102,Abdul Ghani v. Ghulam Sarwar,Court of Record,1977-01-01,4446,full_judgment,mixed,unknown,5683
1977_PLD_105,1977 PLD 105,Riaz Ahmad v. Muhammad Ismail -  Lahore-High-Court-Lahore,Court of Record,1977-01-01,2958,full_judgment,mixed,appeal_dismissed,3036
1977_PLD_83,1977 PLD 83,"Muhammad Arshad Kha v. J. & P. Coats Pakistan Ltd.,Karachi. -  Karachi-High-Court-Sindh",Court of Record,1977-01-01,2921,full_judgment,mixed,unknown,2597
1977_PLD_84,1977 PLD 84,Muhammad Hassan v. Muhammad Murad -  Quetta-High-Court-Balochistan,Court of Record,1977-01-01,1654,full_judgment,mixed,petition_dismissed,1389
1977_PLD_85,1977 PLD 85,Kohistan Travel Service v. Province Of Punjab -  Lahore-High-Court-Lahore,Court of Record,1977-01-01,3323,full_judgment,mixed,unknown,2485
1977_PLD_88,1977 PLD 88,Muhammad Hussain v. Ghulam Ali -  Karachi-High-Court-Sindh,Court of Record,1977-01-01,8484,full_judgment,mixed,unknown,2814
1977_PLD_90,1977 PLD 90,Bahadur Khan v. Bhag Bhari -  Lahore-High-Court-Lahore,Court of Record,1977-01-01,3643,full_judgment,mixed,unknown,10356
1977_PLD_96,1977 PLD 96,Commissioner Of Income Tax Lahore v. Kohinoor Industries Ltd Lahore -  Lahore-High-Court-Lahore,Court of Record,1977-01-01,2218,full_judgment,mixed,unknown,1765
1977_PLD_100,1977 PLD 100,Anwar Javed v. Ikramul Haq -  Lahore-High-Court-Lahore,Court of Record,1977-01-01,3572,full_judgment,mixed,unknown,2576
1977_PLD_101,1977 PLD 101,Karachi Development Authority v. Taj Muhammad -  Karachi-High-Court-Sindh,Court of Record,1977-01-01,3725,full_judgment,mixed,unknown,1597
1977_PLD_108,1977 PLD 108,Karim Bux v. The State -  Karachi-High-Court-Sindh,Court of Record,1977-01-01,2650,full_judgment,mixed,appeal_dismissed,920
1977_PLD_120,1977 PLD 120,"Dawood Foundation v. Director-General, Excise And Taxation, Sind, Karachi -  Karachi-High-Court-Sindh",Court of Record,1977-01-01,10221,full_judgment,mixed,unknown,8468
1977_PLD_136,1977 PLD 136,Muhammad Zamurrad v. The State -  Lahore-High-Court-Lahore,Court of Record,1977-01-01,5743,full_judgment,mixed,unknown,1841
1977_PLD_138,1977 PLD 138,The State v. Hamzo -  Karachi-High-Court-Sindh,Court of Record,1977-01-01,1748,full_judgment,mixed,remanded,824
1977_PLD_141,1977 PLD 141,Muhammad Saeed v. The State -  Karachi-High-Court-Sindh,Court of Record,1977-01-01,2642,full_judgment,mixed,appeal_allowed,739
1977_PLD_144,1977 PLD 144,Muhammad Ismail v. Barkhurdar,Court of Record,1977-01-01,1949,full_judgment,mixed,unknown,3737
1977_PLD_145,1977 PLD 145,"Hoot Khan v. National Industrial Relations Commission, Islamabad -  Karachi-High-Court-Sindh",Court of Record,1977-01-01,4339,full_judgment,mixed,unknown,4477
1977_PLD_147,1977 PLD 147,"Asghari Begum v. Addl. Settlement Commissioner (Industries), Lahore",Court of Record,1977-01-01,3328,full_judgment,mixed,unknown,3131
1977_PLD_153,1977 PLD 153,Kamal v. The State,Court of Record,1977-01-01,6744,full_judgment,mixed,unknown,6687
1977_PLD_158,1977 PLD 158,Pir Bux v. Government Of Sind -  Karachi-High-Court-Sindh,Court of Record,1977-01-01,2731,full_judgment,mixed,unknown,1080
1977_PLD_162,1977 PLD 162,"Qamardin v. Custodian Of Evacuee Property, Hyderabad -  Karachi-High-Court-Sindh",Court of Record,1977-01-01,2742,full_judgment,mixed,petition_dismissed,1339
1977_PLD_164,1977 PLD 164,"Bank Of Bahawalpur Ltd. v. Chief Settlement And Rehabilitation Commissioner, Lahore",Court of Record,1977-01-01,7981,full_judgment,mixed,unknown,12829
1977_PLD_166,1977 PLD 166,"Butt Engineering Industries v. Sind Labour Court No. 1, Karachi. -  Karachi-High-Court-Sindh",Court of Record,1977-01-01,1092,full_judgment,mixed,petition_allowed,1117
1977_PLD_168,1977 PLD 168,"Eastern Express Co. Ltd. v. Fifth Sind Labour Court, Karachi. -  Karachi-High-Court-Sindh",Court of Record,1977-01-01,3208,full_judgment,mixed,unknown,2138
1977_PLD_170,1977 PLD 170,Commissioner Of Income Tax Lahore Zone Lahore v. Muhammad Allah Bux -  Lahore-High-Court-Lahore,Court of Record,1977-01-01,4371,full_judgment,mixed,unknown,5287
1977_PLD_174,1977 PLD 174,"Muhammad Tufail v. National Industrial Relation Commission, Islamabad. -  Karachi-High-Court-Sindh",Court of Record,1977-01-01,2747,full_judgment,mixed,unknown,2147
1977_PLD_177,1977 PLD 177,Muhmmad Rafique v. Government Of Punjab -  Lahore-High-Court-Lahore,Court of Record,1977-01-01,1820,full_judgment,mixed,unknown,1464
1977_PLD_178,1977 PLD 178,"Estate Of The Late Quaid-I-Azam Muhammad Ali Jinnah, In Re v. Estate Of The Late Quaid-I-Azam Muhammad Ali Jinnah, In Re -  Karachi-High-Court-Sindh",Court of Record,1977-01-01,3093,full_judgment,mixed,disposed_of,1894
1977_PLD_180,1977 PLD 180,Din Muhammad Shakir Alias D.M. Shakir v. D.S.P Ichhra Lahore -  Lahore-High-Court-Lahore,Court of Record,1977-01-01,2916,full_judgment,mixed,unknown,2817
1977_PLD_197,1977 PLD 197,Kohinoor Chemical Co. Ltd. v. Sind Employees' Social Security Institution,Court of Record,1977-01-01,8938,full_judgment,mixed,unknown,15513
1977_PLD_201,1977 PLD 201,Shabbir Ahmad v. The State -  Lahore-High-Court-Lahore,Court of Record,1977-01-01,856,full_judgment,mixed,unknown,1182
1977_PLD_202,1977 PLD 202,Sakina Bibi v. Mamla -  Lahore-High-Court-Lahore,Court of Record,1977-01-01,2022,full_judgment,mixed,unknown,949
1977_PLD_203,1977 PLD 203,"Khatu v. Barrage Mukhtiarkar, Thatta -  Karachi-High-Court-Sindh",Court of Record,1977-01-01,4979,full_judgment,mixed,unknown,3725
1977_PLD_205,1977 PLD 205,Amin Gul v. The State -  Lahore-High-Court-Lahore,Court of Record,1977-01-01,2876,full_judgment,mixed,unknown,2359
1977_PLD_210,1977 PLD 210,"Marie Adelaide Leprosy Centre Employee'S Union v. Registrar Of Trade Unions, Sind -  Karachi-High-Court-Sindh",Court of Record,1977-01-01,2469,full_judgment,mixed,unknown,1639
1977_PLD_212,1977 PLD 212,Ishaque Hussain v. Shahzad Hassan Pervaiz Additional District Commissioner (General) Rawalpindi -  Lahore-High-Court-Lahore,Court of Record,1977-01-01,2450,full_judgment,mixed,petition_allowed,3106
1977_PLD_214,1977 PLD 214,"Nazar Muhammad v. Presiding Officer, Sind Labour Court No. Iii -  Karachi-High-Court-Sindh",Court of Record,1977-01-01,1802,full_judgment,mixed,unknown,1240
1977_PLD_217,1977 PLD 217,Asghar Ali v. Abdul Hussain -  Karachi-High-Court-Sindh,Court of Record,1977-01-01,2440,full_judgment,mixed,unknown,2661
1977_PLD_220,1977 PLD 220,Nawab Din v. Abdullah -  Lahore-High-Court-Lahore,Court of Record,1977-01-01,1162,full_judgment,mixed,appeal_allowed,734
1977_PLD_221,1977 PLD 221,"Sajda Arshid v. International Import & Export Co., Karachi -  Karachi-High-Court-Sindh",Court of Record,1977-01-01,3100,full_judgment,mixed,unknown,3314
1977_PLD_222,1977 PLD 222,Muhammad Hayat v. The State -  Lahore-High-Court-Lahore,Court of Record,1977-01-01,2755,full_judgment,mixed,unknown,1871
1977_PLD_226,1977 PLD 226,Saeeda Begum v. Government Of Pakistan -  Karachi-High-Court-Sindh,Court of Record,1977-01-01,3645,full_judgment,mixed,unknown,3265
1977_PLD_235,1977 PLD 235,Tariq Sayee v. The State -  Karachi-High-Court-Sindh,Court of Record,1977-01-01,7254,full_judgment,mixed,unknown,7075
1977_PLD_236,1977 PLD 236,Federation Of Pakistan v. Yousaf Ali Khan,Court of Record,1977-01-01,405,full_judgment,mixed,unknown,777
1977_PLD_237,1977 PLD 237,Brooke Bond (Pakistan) Ltd. v. Conciliator,Court of Record,1977-01-01,21820,full_judgment,mixed,unknown,13861
1977_PLD_247,1977 PLD 247,Nazar Muhammad v. Presidning Officer Sind Labour Court No. Iii -  Karachi-High-Court-Sindh,Court of Record,1977-01-01,1792,full_judgment,mixed,unknown,1152
1977_PLD_249,1977 PLD 249,Akhtar Iqbal Puri v. Chief Settlement Commissioner -  Lahore-High-Court-Lahore,Court of Record,1977-01-01,9088,full_judgment,mixed,unknown,1854
1977_PLD_250,1977 PLD 250,Souvenir Tobacco Co. Ltd. v. Najamuddin -  Karachi-High-Court-Sindh,Court of Record,1977-01-01,1000,full_judgment,mixed,petition_allowed,815
1977_PLD_252,1977 PLD 252,Zahural Hassan & Bros. v. Abdul Hussain -  Karachi-High-Court-Sindh,Court of Record,1977-01-01,2805,full_judgment,mixed,unknown,3405
1977_PLD_256,1977 PLD 256,"National Bank Of Pakistan, Karachi v. Fakir Muhammad Malik -  Karachi-High-Court-Sindh",Court of Record,1977-01-01,3043,full_judgment,mixed,unknown,1319
1977_PLD_261,1977 PLD 261,Muhammad Ayub v. Province Of West Pakistan -  Karachi-High-Court-Sindh,Court of Record,1977-01-01,1750,full_judgment,mixed,unknown,1434
1977_PLD_264,1977 PLD 264,"National Electric Radio, Rerigeration Co. (Pakistan) Ltd., Karahci. v. Sachiliae Lauro, Naples (Italy) -  Karachi-High-Court-Sindh",Court of Record,1977-01-01,5728,full_judgment,mixed,unknown,6983
1977_PLD_267,1977 PLD 267,Muhammad Di v. Bashir Ahmad -  Lahore-High-Court-Lahore,Court of Record,1977-01-01,2869,full_judgment,mixed,unknown,1764
1977_PLD_272,1977 PLD 272,Sohagi v. Settlement Commissioner (Lands) Lahore -  Lahore-High-Court-Lahore,Court of Record,1977-01-01,12617,full_judgment,mixed,unknown,8425
1977_PLD_273,1977 PLD 273,Qadir Ahmad Siddiqui v. Ramzan Ali -  Karachi-High-Court-Sindh,Court of Record,1977-01-01,2795,full_judgment,mixed,unknown,3969
1977_PLD_277,1977 PLD 277,Asloob Elahi v. Maimoona Bibi -  Karachi-High-Court-Sindh,Court of Record,1977-01-01,1539,full_judgment,mixed,appeal_dismissed,628
1977_PLD_280,1977 PLD 280,Asghar Ali v. Abdul Hussain -  Karachi-High-Court-Sindh,Court of Record,1977-01-01,2640,full_judgment,mixed,unknown,2421
1977_PLD_284,1977 PLD 284,Muhammad Yamin v. Dhani Bai -  Karachi-High-Court-Sindh,Court of Record,1977-01-01,1165,full_judgment,mixed,revision_allowed,831
1977_PLD_285,1977 PLD 285,Muhammad Hussain v. Ghulam Ali -  Karachi-High-Court-Sindh,Court of Record,1977-01-01,3119,full_judgment,mixed,unknown,3115
1977_PLD_290,1977 PLD 290,"Abdul Latif v. Administrator, Abandoned Properties, Karachi. -  Karachi-High-Court-Sindh",Court of Record,1977-01-01,1584,full_judgment,mixed,unknown,897
1977_PLD_292,1977 PLD 292,Dreamland Cinema Multan v. Commissioner Of Income-Tax Lahore -  Lahore-High-Court-Lahore,Court of Record,1977-01-01,4957,full_judgment,mixed,unknown,3243
1977_PLD_293,1977 PLD 293,Hussain Bakhsh v. The State -  Karachi-High-Court-Sindh,Court of Record,1977-01-01,2741,full_judgment,mixed,unknown,901
1977_PLD_297,1977 PLD 297,Government Of West Pakistan v. Zainul Ebad Rizvi -  Karachi-High-Court-Sindh,Court of Record,1977-01-01,4770,full_judgment,mixed,unknown,3317
1977_PLD_308,1977 PLD 308,Alim Khan v. Muhammad Yasin Khan -  Karachi-High-Court-Sindh,Court of Record,1977-01-01,1831,full_judgment,mixed,remanded,2250
1977_PLD_311,1977 PLD 311,Habibur Rahman v. The State -  Karachi-High-Court-Sindh,Court of Record,1977-01-01,1990,full_judgment,mixed,unknown,2368
1977_PLD_314,1977 PLD 314,"Canteen Stores Department, Karachi v. Sind Labour Court -  Karachi-High-Court-Sindh",Court of Record,1977-01-01,3506,full_judgment,mixed,petition_allowed,1142
1977_PLD_316,1977 PLD 316,Riaz Hussain Shah v. Punjab Labour Court No 2 Lahore -  Lahore-High-Court-Lahore,Court of Record,1977-01-01,3342,full_judgment,mixed,unknown,2145
1977_PLD_320,1977 PLD 320,Hussain v. Mansoor Ali -  Karachi-High-Court-Sindh,Court of Record,1977-01-01,18625,full_judgment,mixed,unknown,13720
1977_PLD_321,1977 PLD 321,Works Manager Wapda Electrical And Mechanical Work Shop Lahore v. Labour Union -  Lahore-High-Court-Lahore,Court of Record,1977-01-01,4620,full_judgment,mixed,unknown,2247
1977_PLD_328,1977 PLD 328,Fida Hussain v. Naseem Akhtar -  Lahore-High-Court-Lahore,Court of Record,1977-01-01,7364,full_judgment,mixed,unknown,4096
1977_PLD_340,1977 PLD 340,The State v. Bashir Ahmad -  Lahore-High-Court-Lahore,Court of Record,1977-01-01,982,full_judgment,mixed,unknown,1363
1977_PLD_341,1977 PLD 341,Rehmat Ali v. District Tribunal Sahiwal -  Lahore-High-Court-Lahore,Court of Record,1977-01-01,2676,full_judgment,mixed,unknown,2127
1977_PLD_345,1977 PLD 345,Pakistan Motor Owners Mutual Insurance Co Ltd v. Commissioner Of Income-Tax Lahore -  Lahore-High-Court-Lahore,Court of Record,1977-01-01,2279,full_judgment,mixed,unknown,1719
1977_PLD_349,1977 PLD 349,Ali Jan v. The State -  Lahore-High-Court-Lahore,Court of Record,1977-01-01,1705,full_judgment,mixed,petition_dismissed,759
1977_PLD_351,1977 PLD 351,Muhamnmad Jamil v. Iqbal Ahmad -  Karachi-High-Court-Sindh,Court of Record,1977-01-01,2124,full_judgment,mixed,unknown,3007
1977_PLD_352,1977 PLD 352,Ali Muhammad v. Chief Land Commissioner Punjab -  Lahore-High-Court-Lahore,Court of Record,1977-01-01,1293,full_judgment,mixed,appeal_dismissed,961
1977_PLD_354,1977 PLD 354,Mastoo v. The State -  Karachi-High-Court-Sindh,Court of Record,1977-01-01,4514,full_judgment,mixed,unknown,2689
1977_PLD_375,1977 PLD 375,Abdul Ghani v. Ali Hassan -  Lahore-High-Court-Lahore,Court of Record,1977-01-01,825,full_judgment,mixed,petition_allowed,704
1977_PLD_376,1977 PLD 376,Ghulam Mohyud Din v. Amiruddin -  Lahore-High-Court-Lahore,Court of Record,1977-01-01,3351,full_judgment,mixed,unknown,3860
1977_PLD_377,1977 PLD 377,"Custodian Of Enemy Property, Islamabad v. Hoshang M. Dastur -  Karachi-High-Court-Sindh",Court of Record,1977-01-01,8854,full_judgment,mixed,unknown,4272
1977_PLD_381,1977 PLD 381,Ghulam Mohyud Din v. Amiruddin -  Lahore-High-Court-Lahore,Court of Record,1977-01-01,5670,full_judgment,mixed,unknown,2913
1977_PLD_383,1977 PLD 383,Brooke Bond (Pakistan) Ltd. v. Appellate Tribunal N.W.F.P Peshawer,Court of Record,1977-01-01,681,full_judgment,mixed,appeal_dismissed,1043
1977_PLD_384,1977 PLD 384,Shahzada v. Shamsuddin,Court of Record,1977-01-01,6334,full_judgment,mixed,appeal_dismissed,6300
1977_PLD_390,1977 PLD 390,Wali Muhammad v. Additional Settlement Commissioner (Lands) Lyallpur -  Lahore-High-Court-Lahore,Court of Record,1977-01-01,2868,full_judgment,mixed,disposed_of,1951
1977_PLD_391,1977 PLD 391,Muhammad Anwar Khan Ghouri v. Muhammad Taqi -  Karachi-High-Court-Sindh,Court of Record,1977-01-01,3959,full_judgment,mixed,unknown,2519
1977_PLD_394,1977 PLD 394,Pervez Akhtar v. Muhammad Arif -  Lahore-High-Court-Lahore,Court of Record,1977-01-01,3124,full_judgment,mixed,remanded,1663
1977_PLD_397,1977 PLD 397,"Province Of West Pakistan v. Mustafa R.C.C. Pipe Works, Karachi -  Karachi-High-Court-Sindh",Court of Record,1977-01-01,7946,full_judgment,mixed,unknown,3279
1977_PLD_399,1977 PLD 399,Muhammad Ibrahim v. Province Of Punjab -  Lahore-High-Court-Lahore,Court of Record,1977-01-01,6078,full_judgment,mixed,unknown,2739
1977_PLD_409,1977 PLD 409,Iqbal Ahmad Malik v. Surraya Anwar Sheikh -  Lahore-High-Court-Lahore,Court of Record,1977-01-01,5939,full_judgment,mixed,unknown,6402
1977_PLD_410,1977 PLD 410,Abu Bakar v. Government Of Sind -  Karachi-High-Court-Sindh,Court of Record,1977-01-01,3677,full_judgment,mixed,unknown,2351
1977_PLD_413,1977 PLD 413,Shahzado v. The State,Court of Record,1977-01-01,13044,full_judgment,mixed,unknown,3027
1977_PLD_415,1977 PLD 415,"Dharani Enterprises, Karachi v. Collector Of Customs, Karachi -  Karachi-High-Court-Sindh",Court of Record,1977-01-01,1603,full_judgment,mixed,unknown,845
1977_PLD_418,1977 PLD 418,Fazluddin Qureshi v. Muhammad Hasan Zuberi -  Karachi-High-Court-Sindh,Court of Record,1977-01-01,2037,full_judgment,mixed,unknown,1736
1977_PLD_428,1977 PLD 428,"Allied Textile Mills Ltd., Karachi. v. Vth Sind Labour Court, Hyderabad. -  Karachi-High-Court-Sindh",Court of Record,1977-01-01,2431,full_judgment,mixed,unknown,1021
1977_PLD_429,1977 PLD 429,Wassan v. Hassan -  Lahore-High-Court-Lahore,Court of Record,1977-01-01,2050,full_judgment,mixed,unknown,1013
1977_PLD_1068,1977 PLD 1068,"Corning (Pakistan) Ltd., Karachi v. Karachi Gas Co. Ltd., Karachi -  Karachi-High-Court-Sindh",Court of Record,1977-01-01,2657,full_judgment,mixed,unknown,851
1977_PLD_432,1977 PLD 432,Muhammad Sharif v. The State -  Karachi-High-Court-Sindh,Court of Record,1977-01-01,1591,full_judgment,mixed,appeal_allowed,1399
1977_PLD_434,1977 PLD 434,Muhammad Razaullah Khan Durrani v. Official Assignee -  Karachi-High-Court-Sindh,Court of Record,1977-01-01,3694,full_judgment,mixed,unknown,1527
1977_PLD_435,1977 PLD 435,Gulzer Beg v. Station House Officer Railway Police Station Lahore -  Lahore-High-Court-Lahore,Court of Record,1977-01-01,5111,full_judgment,mixed,unknown,4384
1977_PLD_437,1977 PLD 437,"Sajjad Nabi Dar & Co. v. Commisioner Of Income Tax,Rawalpindi Zone,Rawalpindi",Court of Record,1977-01-01,3322,full_judgment,mixed,petition_dismissed,2314
1977_PLD_440,1977 PLD 440,"Ghulam Dastagir v. Special Tribunal, Sind -  Karachi-High-Court-Sindh",Court of Record,1977-01-01,3632,full_judgment,mixed,unknown,4338
1977_PLD_442,1977 PLD 442,"Barkhurdar Khan v. Additional Chief Land Commissioner, Punjab, Lahore -  Lahore-High-Court-Lahore",Court of Record,1977-01-01,3989,full_judgment,mixed,unknown,2475
1977_PLD_446,1977 PLD 446,Ghulam Qadir v. The State -  Karachi-High-Court-Sindh,Court of Record,1977-01-01,1717,full_judgment,mixed,unknown,985
1977_PLD_449,1977 PLD 449,"Muhammad Usman v. 5Th Sind Labour Court, Karachi. -  Karachi-High-Court-Sindh",Court of Record,1977-01-01,1657,full_judgment,mixed,petition_dismissed,902
1977_PLD_451,1977 PLD 451,Sind Employees Social Security Institution v. Philips Electrical Indus. Of Pak. Ltd. -  Karachi-High-Court-Sindh,Court of Record,1977-01-01,5197,full_judgment,mixed,remanded,3399
1977_PLD_456,1977 PLD 456,The State v. Yousuf Ali Khan -  Lahore-High-Court-Lahore,Court of Record,1977-01-01,1617,full_judgment,mixed,unknown,1654
1977_PLD_457,1977 PLD 457,Darab Shah B.Dalal v. Mcb Ltd.,Court of Record,1977-01-01,3277,full_judgment,mixed,unknown,2091
1977_PLD_458,1977 PLD 458,Muhammad Aslam v. Mumtaz Begum -  Lahore-High-Court-Lahore,Court of Record,1977-01-01,1616,full_judgment,mixed,unknown,1957
1977_PLD_460,1977 PLD 460,Bagh-E-Shah v. Muhammad Akhtar Hussain -  Karachi-High-Court-Sindh,Court of Record,1977-01-01,4052,full_judgment,mixed,unknown,3822
1977_PLD_461,1977 PLD 461,Ashiq Muhammad Khan Mazari v. Chairman Federal Land Commission Islamabad -  Lahore-High-Court-Lahore,Court of Record,1977-01-01,11495,full_judgment,mixed,unknown,12313
1977_PLD_462,1977 PLD 462,Misri Kha v. Kala Khan,Court of Record,1977-01-01,9606,full_judgment,mixed,unknown,2946
1977_PLD_469,1977 PLD 469,Saleem Ahmed v. Khadija Begum -  Karachi-High-Court-Sindh,Court of Record,1977-01-01,2963,full_judgment,mixed,unknown,3649
1977_PLD_474,1977 PLD 474,Abdul Aziz Khan v. Pakistan Cables Ltd. -  Karachi-High-Court-Sindh,Court of Record,1977-01-01,2289,full_judgment,mixed,petition_dismissed,1568
1977_PLD_477,1977 PLD 477,Abdul Karim v. Irshadunnisa Begum -  Karachi-High-Court-Sindh,Court of Record,1977-01-01,1399,full_judgment,mixed,petition_dismissed,1234
1977_PLD_479,1977 PLD 479,Jallundur Co-Oprative Trnpt.Society Ltd. v. Income Tax Officer,Court of Record,1977-01-01,611,full_judgment,mixed,appeal_dismissed,989
1977_PLD_480,1977 PLD 480,"Haji Hasham Haji Ahmad & Bros. v. Trading Corporation Of Pakistan Ltd., Karachi -  Karachi-High-Court-Sindh",Court of Record,1977-01-01,7308,full_judgment,mixed,unknown,5676
1977_PLD_481,1977 PLD 481,Gharibwal Cement Ltd Lahore v. Universal Traders Gakhar Mandi -  Lahore-High-Court-Lahore,Court of Record,1977-01-01,3358,full_judgment,mixed,unknown,3853
1977_PLD_482,1977 PLD 482,Yousaf Ali Khan v. The State,Court of Record,1977-01-01,14123,full_judgment,mixed,unknown,10365
1977_PLD_486,1977 PLD 486,The State v. Muhammad Tufail -  Lahore-High-Court-Lahore,Court of Record,1977-01-01,2676,full_judgment,mixed,unknown,1028
1977_PLD_490,1977 PLD 490,The State v. Majid Nizami -  Lahore-High-Court-Lahore,Court of Record,1977-01-01,2836,full_judgment,mixed,unknown,2884
1977_PLD_492,1977 PLD 492,Sheedon v. Ahmad Khan -  Karachi-High-Court-Sindh,Court of Record,1977-01-01,3504,full_judgment,mixed,unknown,2977
1977_PLD_495,1977 PLD 495,Kamran Company v. Province Of West Pakistan -  Lahore-High-Court-Lahore,Court of Record,1977-01-01,3837,full_judgment,mixed,unknown,3440
1977_PLD_497,1977 PLD 497,"Messrs Wah Stone And Lime Quarry Ltd., Hassan Abdal v. Province Of Sind -  Karachi-High-Court-Sindh",Court of Record,1977-01-01,5047,full_judgment,mixed,unknown,3468
1977_PLD_501,1977 PLD 501,Aslum Contractors Mianwali v. Secretary Ministry Of Commerce Government Of Pakistan -  Lahore-High-Court-Lahore,Court of Record,1977-01-01,5403,full_judgment,mixed,unknown,5027
1977_PLD_503,1977 PLD 503,Chanda Begum v. Settlement Commissioner,Court of Record,1977-01-01,2606,full_judgment,mixed,unknown,3040
1977_PLD_506,1977 PLD 506,"Uris v. Tribunal And Sub-Divisional Magistrate, Kotri -  Karachi-High-Court-Sindh",Court of Record,1977-01-01,5047,full_judgment,mixed,petition_allowed,4437
1977_PLD_507,1977 PLD 507,Noor Muhamma v. The State,Court of Record,1977-01-01,2319,full_judgment,mixed,unknown,2422
1977_PLD_510,1977 PLD 510,Abdul Ali Khan v. Khuda Bakhsh -  Lahore-High-Court-Lahore,Court of Record,1977-01-01,2027,full_judgment,mixed,unknown,2233
1977_PLD_511,1977 PLD 511,Abdulatif v. Atta Muhammad,Court of Record,1977-01-01,2354,full_judgment,mixed,appeal_allowed,2485
1977_PLD_549,1977 PLD 549,Fazal Elahi Ejaz v. Government Of The Punjab -  Lahore-High-Court-Lahore,Court of Record,1977-01-01,17329,full_judgment,mixed,unknown,13726
1977_PLD_513,1977 PLD 513,Muhammad Din v. Ghulam Qadir -  Lahore-High-Court-Lahore,Court of Record,1977-01-01,1890,full_judgment,mixed,unknown,1386
1977_PLD_514,1977 PLD 514,Hussain v. The State -  Karachi-High-Court-Sindh,Court of Record,1977-01-01,4235,full_judgment,mixed,unknown,1331
1977_PLD_515,1977 PLD 515,Rehmat Alias Rahman Alias Waryam Alias Badshah v. The State,Court of Record,1977-01-01,8312,full_judgment,mixed,unknown,5460
1977_PLD_516,1977 PLD 516,Muhammad Shari v. Muhammad Amin -  Lahore-High-Court-Lahore,Court of Record,1977-01-01,5013,full_judgment,mixed,unknown,4437
1977_PLD_521,1977 PLD 521,"United Bank Limited, Karachi v. K.S. Kamal -  Karachi-High-Court-Sindh",Court of Record,1977-01-01,1258,full_judgment,mixed,unknown,668
1977_PLD_523,1977 PLD 523,Muhammad v. Government Of Sind -  Karachi-High-Court-Sindh,Court of Record,1977-01-01,795,full_judgment,mixed,petition_allowed,868
1977_PLD_524,1977 PLD 524,Inamur Rehman v. Federation Of Pakistan -  Karachi-High-Court-Sindh,Court of Record,1977-01-01,10658,full_judgment,mixed,unknown,6906
1977_PLD_545,1977 PLD 545,Sher Ali v. Zahoor Ahmed,Court of Record,1977-01-01,2199,full_judgment,mixed,unknown,2966
1977_PLD_529,1977 PLD 529,Fazlu R Rehma v. Abdul Ghani,Court of Record,1977-01-01,3633,full_judgment,mixed,unknown,1821
1977_PLD_532,1977 PLD 532,Mansoor Ahmad v. Bashir Hussain Babri -  Lahore-High-Court-Lahore,Court of Record,1977-01-01,1479,full_judgment,mixed,appeal_dismissed,2054
1977_PLD_535,1977 PLD 535,Muhammas Aslam v. Natho Bibi -  Lahore-High-Court-Lahore,Court of Record,1977-01-01,2307,full_judgment,mixed,unknown,2235
1977_PLD_538,1977 PLD 538,Zahid Ali Khan v. Ehsan Elahee -  Lahore-High-Court-Lahore,Court of Record,1977-01-01,2325,full_judgment,mixed,appeal_dismissed,3079
1977_PLD_542,1977 PLD 542,Ayeshabi v. Abdul Ghafoor -  Karachi-High-Court-Sindh,Court of Record,1977-01-01,5290,full_judgment,mixed,unknown,3445
1977_PLD_548,1977 PLD 548,Muhammad Hussain Shah v. The State,Court of Record,1977-01-01,5314,full_judgment,mixed,unknown,3809
1977_PLD_582,1977 PLD 582,Shah Nazar Khan v. Assistant Commissioner & S.D.M. Karachi -  Karachi-High-Court-Sindh,Court of Record,1977-01-01,2246,full_judgment,mixed,unknown,4100
1977_PLD_551,1977 PLD 551,Ahsan Moquim Ansari v. Asghari Begum -  Karachi-High-Court-Sindh,Court of Record,1977-01-01,1614,full_judgment,mixed,appeal_allowed,860
1977_PLD_554,1977 PLD 554,The State v. Mohd. Hassan -  Karachi-High-Court-Sindh,Court of Record,1977-01-01,2728,full_judgment,mixed,unknown,2617
1977_PLD_557,1977 PLD 557,Roshan v. The State,Court of Record,1977-01-01,14157,full_judgment,mixed,unknown,12261
1977_PLD_558,1977 PLD 558,Mahboob Al;I v. Mubina Khatoon -  Karachi-High-Court-Sindh,Court of Record,1977-01-01,2335,full_judgment,mixed,appeal_allowed,1609
1977_PLD_586,1977 PLD 586,Pakistan Tobacco Co. Ltd. v. Pak. Cigarette Labour Union -  Karachi-High-Court-Sindh,Court of Record,1977-01-01,8855,full_judgment,mixed,unknown,6117
1977_PLD_562,1977 PLD 562,"Pakistan Insurance Corporation, Karachi v. P.T. Indones Oriental Lines -  Karachi-High-Court-Sindh",Court of Record,1977-01-01,1066,full_judgment,mixed,unknown,1183
1977_PLD_564,1977 PLD 564,Rukhsana Ahmad v. Tariq Ataullah -  Karachi-High-Court-Sindh,Court of Record,1977-01-01,1504,full_judgment,mixed,appeal_dismissed,960
1977_PLD_566,1977 PLD 566,Zaffar Ali Khan v. Board Of Revenue -  Karachi-High-Court-Sindh,Court of Record,1977-01-01,1320,full_judgment,mixed,petition_dismissed,583
1977_PLD_569,1977 PLD 569,"New Jubilee Insurance Co. Ltd. v. American Orient Lines Inc., New York -  Karachi-High-Court-Sindh",Court of Record,1977-01-01,4321,full_judgment,mixed,unknown,5218
1977_PLD_575,1977 PLD 575,"Abdul Hamid v. S.D.M., City & Tribunal -  Karachi-High-Court-Sindh",Court of Record,1977-01-01,2609,full_judgment,mixed,unknown,4242
1977_PLD_576,1977 PLD 576,Abdul Rahman v. Deputy Settlement Commissioner Ii -  Lahore-High-Court-Lahore,Court of Record,1977-01-01,5756,full_judgment,mixed,unknown,5646
1977_PLD_579,1977 PLD 579,"Karachi Port Trust, Karachi v. Sibghatulla -  Karachi-High-Court-Sindh",Court of Record,1977-01-01,1757,full_judgment,mixed,remanded,1008
1977_PLD_588,1977 PLD 588,Mazdoor Itehad Union v. Registrar Of Trade Unions -  Lahore-High-Court-Lahore,Court of Record,1977-01-01,7664,full_judgment,mixed,petition_dismissed,5543
1977_PLD_599,1977 PLD 599,Conforce Ltd. v. Syed Ali Shah,Court of Record,1977-01-01,1957,full_judgment,mixed,unknown,3464
1977_PLD_600,1977 PLD 600,Shafi-Un-Nabi v. District Magistrate Rawalpindi -  Lahore-High-Court-Lahore,Court of Record,1977-01-01,1926,full_judgment,mixed,unknown,3378
1977_PLD_601,1977 PLD 601,Ali Hussain v. Karachi Municipal Corporation -  Karachi-High-Court-Sindh,Court of Record,1977-01-01,2042,full_judgment,mixed,unknown,1122
1977_PLD_602,1977 PLD 602,Amiruddin v. The State,Court of Record,1977-01-01,6783,full_judgment,mixed,revision_dismissed,10091
1977_PLD_603,1977 PLD 603,Parvez Kayani v. The State -  Lahore-High-Court-Lahore,Court of Record,1977-01-01,1244,full_judgment,mixed,unknown,2698
1977_PLD_604,1977 PLD 604,Niaz Ahmad v. Province Of Sind -  Karachi-High-Court-Sindh,Court of Record,1977-01-01,43084,full_judgment,mixed,unknown,13590
1977_PLD_605,1977 PLD 605,Shahab Din v. Muhammad Siddique -  Lahore-High-Court-Lahore,Court of Record,1977-01-01,608,full_judgment,mixed,petition_allowed,838
1977_PLD_606,1977 PLD 606,Afzal Ahmad v. Ijaz Ahmad -  Lahore-High-Court-Lahore,Court of Record,1977-01-01,14407,full_judgment,mixed,unknown,6238
1977_PLD_612,1977 PLD 612,Zarif Khan v. The State,Court of Record,1977-01-01,10542,full_judgment,mixed,appeal_allowed,8143
1977_PLD_629,1977 PLD 629,K.M Azhar Khan v. Superintendent Kot Lakphat Jail Lahore -  Lahore-High-Court-Lahore,Court of Record,1977-01-01,11713,full_judgment,mixed,unknown,13165
1977_PLD_644,1977 PLD 644,Shamim Akhter v. Najma Baqai,Court of Record,1977-01-01,7725,full_judgment,mixed,unknown,5122
1977_PLD_651,1977 PLD 651,Ansar Brothers Multan v. Punjab Employees Social Security Institution Lahore -  Lahore-High-Court-Lahore,Court of Record,1977-01-01,3439,full_judgment,mixed,unknown,2222
1977_PLD_656,1977 PLD 656,West Pakistan Small Industries Corporation Lahore v. Bashir Ahmad -  Lahore-High-Court-Lahore,Court of Record,1977-01-01,3278,full_judgment,mixed,unknown,2929
1977_PLD_657,1977 PLD 657,Begum Nusrat Bhutto v. Chief Of Army Staff And Federation Of Pakistan,Court of Record,1977-01-01,61759,full_judgment,mixed,unknown,42589
1977_PLD_662,1977 PLD 662,Muhammad Afzal Khan v. Zareena Akram -  Lahore-High-Court-Lahore,Court of Record,1977-01-01,2227,full_judgment,mixed,unknown,1938
1977_PLD_665,1977 PLD 665,Daulat Bibi v. Multan Improvement Trust Multan -  Lahore-High-Court-Lahore,Court of Record,1977-01-01,4229,full_judgment,mixed,unknown,2986
1977_PLD_672,1977 PLD 672,Sher Zaman Khan v. Noor Zaman Khan -  Lahore-High-Court-Lahore,Court of Record,1977-01-01,2935,full_judgment,mixed,unknown,3551
1977_PLD_749,1977 PLD 749,Jamila Subhan v. Zahoor Fatima -  Karachi-High-Court-Sindh,Court of Record,1977-01-01,1090,full_judgment,mixed,appeal_dismissed,1050
1977_PLD_681,1977 PLD 681,Muhammad Ilyas v. Harron Textile Mills -  Karachi-High-Court-Sindh,Court of Record,1977-01-01,1334,full_judgment,mixed,unknown,1803
1977_PLD_683,1977 PLD 683,Sheer Muhammad v. The State -  Karachi-High-Court-Sindh,Court of Record,1977-01-01,1459,full_judgment,mixed,unknown,957
1977_PLD_684,1977 PLD 684,Ashiq Hussain v. Additional Settlement Commissioner Lahore -  Lahore-High-Court-Lahore,Court of Record,1977-01-01,1951,full_judgment,mixed,unknown,1635
1977_PLD_685,1977 PLD 685,Momin Bai v. Ghulam Muhammad -  Karachi-High-Court-Sindh,Court of Record,1977-01-01,1914,full_judgment,mixed,unknown,2570
1977_PLD_687,1977 PLD 687,Abdul Samad v. Muhammad Ali -  Lahore-High-Court-Lahore,Court of Record,1977-01-01,9574,full_judgment,mixed,unknown,6733
1977_PLD_688,1977 PLD 688,Imam Ali v. Ahmad Shah -  Karachi-High-Court-Sindh,Court of Record,1977-01-01,3928,full_judgment,mixed,appeal_dismissed,1188
1977_PLD_695,1977 PLD 695,Muhammad Amir v. The State -  Karachi-High-Court-Sindh,Court of Record,1977-01-01,3899,full_judgment,mixed,unknown,1401
1977_PLD_702,1977 PLD 702,"Abdullah v. Excise And Taxation Officer, F. & G. Division -  Karachi-High-Court-Sindh",Court of Record,1977-01-01,3980,full_judgment,mixed,unknown,1573
1977_PLD_707,1977 PLD 707,Life Friends Corporation Khewra v. Director Of Industries & Mineral Development Lahore -  Lahore-High-Court-Lahore,Court of Record,1977-01-01,6378,full_judgment,mixed,unknown,3243
1977_PLD_708,1977 PLD 708,Jan Muhammad v. Hassan -  Karachi-High-Court-Sindh,Court of Record,1977-01-01,1287,full_judgment,mixed,remanded,742
1977_PLD_710,1977 PLD 710,Messrs Moosa & Co. v. Collector Of Customs Karachi -  Karachi-High-Court-Sindh,Court of Record,1977-01-01,727,full_judgment,mixed,petition_allowed,924
1977_PLD_711,1977 PLD 711,Muhammad Yousuf Iqbal Ahmad v. Fourth Sind Labour Court -  Karachi-High-Court-Sindh,Court of Record,1977-01-01,1594,full_judgment,mixed,unknown,1653
1977_PLD_714,1977 PLD 714,Lipton (Pakistan) Ltd v. Government Of Sind -  Karachi-High-Court-Sindh,Court of Record,1977-01-01,5631,full_judgment,mixed,unknown,3375
1977_PLD_718,1977 PLD 718,Malookan v. Sher Muhammad -  Lahore-High-Court-Lahore,Court of Record,1977-01-01,2989,full_judgment,mixed,unknown,1410
1977_PLD_722,1977 PLD 722,"H. Nizam Din & Sons Ltd.Karachi. v. M.V. ""Oroomee"" -  Karachi-High-Court-Sindh",Court of Record,1977-01-01,2290,full_judgment,mixed,unknown,2127
1977_PLD_750,1977 PLD 750,Abdul Naeem v. Abdul Shakoor -  Karachi-High-Court-Sindh,Court of Record,1977-01-01,3629,full_judgment,mixed,unknown,1828
1977_PLD_726,1977 PLD 726,Muhib v. The State -  Karachi-High-Court-Sindh,Court of Record,1977-01-01,4565,full_judgment,mixed,unknown,4270
1977_PLD_729,1977 PLD 729,Muhammad Sher v. Muhammad Azim -  Lahore-High-Court-Lahore,Court of Record,1977-01-01,4272,full_judgment,mixed,unknown,2964
1977_PLD_733,1977 PLD 733,"Ishtiaq Ahmad v. Second Additional District Judge, Sukkur -  Karachi-High-Court-Sindh",Court of Record,1977-01-01,2152,full_judgment,mixed,petition_dismissed,1000
1977_PLD_735,1977 PLD 735,Ahmad Zaman Khan v. Government Of Pakistan -  Lahore-High-Court-Lahore,Court of Record,1977-01-01,7928,full_judgment,mixed,disposed_of,6645
1977_PLD_736,1977 PLD 736,"Muhammad Ali v. China Silk House, Layalpur -  Karachi-High-Court-Sindh",Court of Record,1977-01-01,3402,full_judgment,mixed,unknown,3412
1977_PLD_742,1977 PLD 742,Wazir Ali v. Commissioner Of Sind -  Karachi-High-Court-Sindh,Court of Record,1977-01-01,3110,full_judgment,mixed,unknown,3688
1977_PLD_747,1977 PLD 747,"Ali Muhammad v. Secretary, Board Of Revenue Sind -  Karachi-High-Court-Sindh",Court of Record,1977-01-01,1362,full_judgment,mixed,appeal_dismissed,1168
1977_PLD_756,1977 PLD 756,"Afzal Store v. Sind Labour Court No. 5, Karachi -  Karachi-High-Court-Sindh",Court of Record,1977-01-01,1740,full_judgment,mixed,petition_dismissed,1234
1977_PLD_759,1977 PLD 759,Partab Rai v. Kabir Khan -  Karachi-High-Court-Sindh,Court of Record,1977-01-01,683,full_judgment,mixed,appeal_allowed,664
1977_PLD_760,1977 PLD 760,Abdul Majeed v. The State -  Karachi-High-Court-Sindh,Court of Record,1977-01-01,2749,full_judgment,mixed,unknown,1729
1977_PLD_764,1977 PLD 764,Major Ali Hussain Siraj v. Shahzadi Bakht -  Karachi-High-Court-Sindh,Court of Record,1977-01-01,877,full_judgment,mixed,petition_dismissed,915
1977_PLD_765,1977 PLD 765,Alliance Insurance Co. Ltd. v. Burjorjee & Co. -  Karachi-High-Court-Sindh,Court of Record,1977-01-01,4593,full_judgment,mixed,unknown,5336
1977_PLD_772,1977 PLD 772,Fazal v. Abdul Hussain -  Karachi-High-Court-Sindh,Court of Record,1977-01-01,3589,full_judgment,mixed,unknown,1854
1977_PLD_778,1977 PLD 778,Hayat Industries Ltd. v. Fourth Sind Labour Court -  Karachi-High-Court-Sindh,Court of Record,1977-01-01,2068,full_judgment,mixed,unknown,1407
1977_PLD_781,1977 PLD 781,"Exxon Corpn., Newyork U.S.A v. Registrar Of Trade Marks Govt. Of Pakistan -  Karachi-High-Court-Sindh",Court of Record,1977-01-01,2164,full_judgment,mixed,appeal_dismissed,1182
1977_PLD_785,1977 PLD 785,"Travelair Ltd. v. Director, Exchange Control Dept., State Bank Of Pakistan Karachi -  Karachi-High-Court-Sindh",Court of Record,1977-01-01,2809,full_judgment,mixed,unknown,3944
1977_PLD_790,1977 PLD 790,Employees Union v. Pakistan Security Printing Corpn. Ltd. Karachi -  Karachi-High-Court-Sindh,Court of Record,1977-01-01,1630,full_judgment,mixed,petition_dismissed,778
1977_PLD_793,1977 PLD 793,Naseem Silk Industries v. Fifth Sind Labour Court -  Karachi-High-Court-Sindh,Court of Record,1977-01-01,4030,full_judgment,mixed,unknown,4959
1977_PLD_799,1977 PLD 799,"Beco Industries Ltd., Karachi v. Sind Labour Court No.5 -  Karachi-High-Court-Sindh",Court of Record,1977-01-01,1582,full_judgment,mixed,remanded,905
1977_PLD_822,1977 PLD 822,New Era Builders v. Pakistan Insurance Corpn. -  Karachi-High-Court-Sindh,Court of Record,1977-01-01,2132,full_judgment,mixed,unknown,621
1977_PLD_825,1977 PLD 825,Elahi Bux v. Deputy Commissioner Of Sukkur -  Karachi-High-Court-Sindh,Court of Record,1977-01-01,2676,full_judgment,mixed,petition_allowed,1553
1977_PLD_829,1977 PLD 829,Government Of West Pakistan v. Habibullah -  Karachi-High-Court-Sindh,Court of Record,1977-01-01,2097,full_judgment,mixed,appeal_allowed,1341
1978_PLD_1016,1978 PLD 1016,Fazal Din v. Barkat Bibi -  Lahore-High-Court-Lahore,Court of Record,1978-01-01,2001,full_judgment,mixed,unknown,3315
1978_PLD_1020,1978 PLD 1020,"Muhmmad Amin v. Commissioner, Lahore Division, Lahore -  Lahore-High-Court-Lahore",Court of Record,1978-01-01,3232,full_judgment,mixed,unknown,3748
1978_PLD_1025,1978 PLD 1025,Manzoor Ahmad Khan v. Muhamamd Bashir -  Lahore-High-Court-Lahore,Court of Record,1978-01-01,1046,full_judgment,mixed,appeal_dismissed,920
1978_PLD_1027,1978 PLD 1027,Habib Bank Ltd v. Green Garments Manufacturers -  Karachi-High-Court-Sindh,Court of Record,1978-01-01,8869,full_judgment,mixed,unknown,4182
1978_PLD_1032,1978 PLD 1032,Fazal Ahmad v. Rana Muhammad Ali -  Lahore-High-Court-Lahore,Court of Record,1978-01-01,2062,full_judgment,mixed,unknown,2633
1978_PLD_1035,1978 PLD 1035,Muhmmad Muni v. Muhmmad Arshad -  Lahore-High-Court-Lahore,Court of Record,1978-01-01,2319,full_judgment,mixed,unknown,1074
1978_PLD_1039,1978 PLD 1039,Classique Entrerprises v. Govt. Of Paksitan -  Lahore-High-Court-Lahore,Court of Record,1978-01-01,820,full_judgment,mixed,petition_dismissed,873
1978_PLD_1110,1978 PLD 1110,Shujauddin v. Pakistan Coast Guards Karachi -  Karachi-High-Court-Sindh,Court of Record,1978-01-01,3823,full_judgment,mixed,petition_dismissed,1994
1978_PLD_1116,1978 PLD 1116,Carrier Telephone Industries Ltd. Islamabad v. Sohail Brothers -  Lahore-High-Court-Lahore,Court of Record,1978-01-01,5117,full_judgment,mixed,unknown,7445
1978_PLD_1117,1978 PLD 1117,Ghulam Sarwar v. The State -  Karachi-High-Court-Sindh,Court of Record,1978-01-01,1010,full_judgment,mixed,unknown,894
1978_PLD_1124,1978 PLD 1124,Allah Dad v. Province Of Punjab -  Lahore-High-Court-Lahore,Court of Record,1978-01-01,2103,full_judgment,mixed,unknown,1057
1978_PLD_1128,1978 PLD 1128,Mst. Hamida Begum v. Siraj Din -  Lahore-High-Court-Lahore,Court of Record,1978-01-01,1556,full_judgment,mixed,appeal_allowed,768
1978_PLD_1130,1978 PLD 1130,"Muhmmad Ejaz Alam v. Controller Of Examinations, Punjab University -  Lahore-High-Court-Lahore",Court of Record,1978-01-01,881,full_judgment,mixed,petition_dismissed,965
1978_PLD_1132,1978 PLD 1132,Muhmmad Sadiq v. Jahangir Badar -  Lahore-High-Court-Lahore,Court of Record,1978-01-01,744,full_judgment,mixed,petition_allowed,700
1978_PLD_1133,1978 PLD 1133,Haji Muhammad Shafi v. Shahzadi Bilqis -  Lahore-High-Court-Lahore,Court of Record,1978-01-01,746,full_judgment,mixed,remanded,776
1978_PLD_1134,1978 PLD 1134,Rabia Bibi v. Ghulam Rasool -  Lahore-High-Court-Lahore,Court of Record,1978-01-01,849,full_judgment,mixed,appeal_dismissed,854
1978_PLD_1135,1978 PLD 1135,"Din Muhammad v. General Manager, Communication -  Lahore-High-Court-Lahore",Court of Record,1978-01-01,1978,full_judgment,mixed,unknown,2655
1978_PLD_1139,1978 PLD 1139,Malik Muhammad Samad Ishaq v. Land Acquisition Collector -  Lahore-High-Court-Lahore,Court of Record,1978-01-01,4809,full_judgment,mixed,remanded,4615
1978_PLD_1146,1978 PLD 1146,"Bashir Ahmad v. Member, Board Of Revenue -  Lahore-High-Court-Lahore",Court of Record,1978-01-01,1013,full_judgment,mixed,petition_allowed,886
1978_PLD_1148,1978 PLD 1148,"Azmat Ali v. Member, Board Of Revenue -  Lahore-High-Court-Lahore",Court of Record,1978-01-01,988,full_judgment,mixed,unknown,1201
1978_PLD_1149,1978 PLD 1149,"Nisar Ahmad v. Additional Secretary, Food & Agriculture, Govt. Of Pakistan -  Lahore-High-Court-Lahore",Court of Record,1978-01-01,3740,full_judgment,mixed,petition_dismissed,1924
1978_PLD_1156,1978 PLD 1156,Ghulam Baig v. Muhammad Younas -  Lahore-High-Court-Lahore,Court of Record,1978-01-01,905,full_judgment,mixed,revision_dismissed,1269
1978_PLD_1157,1978 PLD 1157,Muhmmad Iqbal v. The State -  Lahore-High-Court-Lahore,Court of Record,1978-01-01,5238,full_judgment,mixed,unknown,2996
1978_PLD_1166,1978 PLD 1166,"Khan Abbasi, Ameer Of Bahawalpur v. Govt. Of Paksitan -  Lahore-High-Court-Lahore",Court of Record,1978-01-01,26887,full_judgment,mixed,unknown,11760
1978_PLD_1209,1978 PLD 1209,Jafa v. The State -  Lahore-High-Court-Lahore,Court of Record,1978-01-01,5573,full_judgment,mixed,appeal_dismissed,1804
1978_PLD_1218,1978 PLD 1218,Saeed Ahmad Malik v. Federation Of Pakistan -  Lahore-High-Court-Lahore,Court of Record,1978-01-01,5494,full_judgment,mixed,petition_dismissed,4365
1978_PLD_1228,1978 PLD 1228,Muhmmad Shafi v. Hayat Khan -  Lahore-High-Court-Lahore,Court of Record,1978-01-01,4533,full_judgment,mixed,unknown,4979
1978_PLD_1235,1978 PLD 1235,Ghaus Muhammad v. The State -  Lahore-High-Court-Lahore,Court of Record,1978-01-01,4843,full_judgment,mixed,unknown,4641
1978_PLD_1242,1978 PLD 1242,Abdul Ghaffar v. The State -  Lahore-High-Court-Lahore,Court of Record,1978-01-01,2648,full_judgment,mixed,appeal_dismissed,919
1978_PLD_1259,1978 PLD 1259,"The State v. Altaf Hussain Magistrate Ist Class, Gujrat -  Lahore-High-Court-Lahore",Court of Record,1978-01-01,8139,full_judgment,mixed,unknown,8981
1978_PLD_1273,1978 PLD 1273,Muhmmad Sharif v. Muhammad Amin Dar -  Lahore-High-Court-Lahore,Court of Record,1978-01-01,1973,full_judgment,mixed,unknown,2311
1978_PLD_1276,1978 PLD 1276,Khushi Muhammad v. Boota -  Lahore-High-Court-Lahore,Court of Record,1978-01-01,2815,full_judgment,mixed,appeal_dismissed,1341
1978_PLD_1281,1978 PLD 1281,Rahila v. The State -  Lahore-High-Court-Lahore,Court of Record,1978-01-01,3036,full_judgment,mixed,petition_dismissed,2228
1978_PLD_1285,1978 PLD 1285,Asif Jang v. The State -  Lahore-High-Court-Lahore,Court of Record,1978-01-01,7863,full_judgment,mixed,unknown,3669
1978_PLD_1298,1978 PLD 1298,Province Of Punjab v. Gulzar Hussain -  Lahore-High-Court-Lahore,Court of Record,1978-01-01,11600,full_judgment,mixed,unknown,12154
1978_PLD_1318,1978 PLD 1318,Mahboob Beg v. Sharif Beg -  Lahore-High-Court-Lahore,Court of Record,1978-01-01,3315,full_judgment,mixed,unknown,3161
1978_PLD_1323,1978 PLD 1323,"Bashiran Bibi v. S.H.O Police Station, Shorkot -  Lahore-High-Court-Lahore",Court of Record,1978-01-01,1064,full_judgment,mixed,unknown,1460
1978_PLD_1325,1978 PLD 1325,"Muhammad Ali v. District Magistrate, Faisalabad -  Lahore-High-Court-Lahore",Court of Record,1978-01-01,3356,full_judgment,mixed,petition_dismissed,2400
1978_PLD_1333,1978 PLD 1333,Haji Muhammad v. Niaz Ali -  Lahore-High-Court-Lahore,Court of Record,1978-01-01,1913,full_judgment,mixed,petition_dismissed,418
1978_PLD_1337,1978 PLD 1337,Latif v. The State -  Lahore-High-Court-Lahore,Court of Record,1978-01-01,6789,full_judgment,mixed,unknown,4050
1978_PLD_1347,1978 PLD 1347,Muhammad Hassan v. Hassan Din -  Lahore-High-Court-Lahore,Court of Record,1978-01-01,1315,full_judgment,mixed,unknown,1030
1978_PLD_1349,1978 PLD 1349,Abaidullah v. The State -  Lahore-High-Court-Lahore,Court of Record,1978-01-01,907,full_judgment,mixed,unknown,733
1978_PLD_1350,1978 PLD 1350,Muhammad Nazir Chaudhary v. Punjab Province -  Lahore-High-Court-Lahore,Court of Record,1978-01-01,927,full_judgment,mixed,appeal_dismissed,1400
1978_PLD_1353,1978 PLD 1353,Mukhtar Hassan v. Khawar Hussain -  Lahore-High-Court-Lahore,Court of Record,1978-01-01,1271,full_judgment,mixed,unknown,1227
1978_PLD_1355,1978 PLD 1355,"Saeed Ahmad Shah v. Commissioner/Chairman, Regional Transport Authority, Multan -  Lahore-High-Court-Lahore",Court of Record,1978-01-01,770,full_judgment,mixed,unknown,1397
1978_PLD_1357,1978 PLD 1357,Alka Hussain v. University Of Punjab -  Lahore-High-Court-Lahore,Court of Record,1978-01-01,1182,full_judgment,mixed,unknown,1445
1978_PLD_1358,1978 PLD 1358,Inayat v. Sharif Din -  Lahore-High-Court-Lahore,Court of Record,1978-01-01,1406,full_judgment,mixed,appeal_allowed,1108
1978_PLD_1360,1978 PLD 1360,"Nasiruddin v. Settlement Commissioner, Multan -  Lahore-High-Court-Lahore",Court of Record,1978-01-01,1954,full_judgment,mixed,unknown,1846
1978_PLD_1364,1978 PLD 1364,Allah Rakha v. Abdul Ghafoor -  Lahore-High-Court-Lahore,Court of Record,1978-01-01,1038,full_judgment,mixed,appeal_dismissed,1076
1978_PLD_1365,1978 PLD 1365,Said Amir v. Muhammad Amir -  Lahore-High-Court-Lahore,Court of Record,1978-01-01,725,full_judgment,mixed,appeal_allowed,811
1978_PLD_1367,1978 PLD 1367,Muhammad Nawaz v. Pakistan Atomic Energy Commissioin -  Lahore-High-Court-Lahore,Court of Record,1978-01-01,715,full_judgment,mixed,unknown,1128
1978_PLD_1368,1978 PLD 1368,Thal Development Authority v. Khalas Khan -  Lahore-High-Court-Lahore,Court of Record,1978-01-01,1296,full_judgment,mixed,revision_allowed,986
1978_PLD_1370,1978 PLD 1370,Muhammad Rashid v. Collector -  Lahore-High-Court-Lahore,Court of Record,1978-01-01,1337,full_judgment,mixed,unknown,1155
1978_PLD_1372,1978 PLD 1372,Land Acquisition Collector v. Muhammad Ali -  Lahore-High-Court-Lahore,Court of Record,1978-01-01,2267,full_judgment,mixed,unknown,1664
1978_PLD_1375,1978 PLD 1375,"Ghazanfar Ali Shah v. Member, Federal Land Commission -  Lahore-High-Court-Lahore",Court of Record,1978-01-01,707,full_judgment,mixed,revision_allowed,711
1978_PLD_1410,1978 PLD 1410,Muhammad Din v. Tahira Tasnim -  Lahore-High-Court-Lahore,Court of Record,1978-01-01,1965,full_judgment,mixed,unknown,2515
1978_PLD_1413,1978 PLD 1413,Saeed Ahmad Mailk v. Federation Of Pakistan -  Lahore-High-Court-Lahore,Court of Record,1978-01-01,3086,full_judgment,mixed,unknown,3226
1978_PLD_1419,1978 PLD 1419,Ejaz Hussain Qureshi v. Govt. Of The Punjab -  Lahore-High-Court-Lahore,Court of Record,1978-01-01,9109,full_judgment,mixed,appeal_allowed,6217
1978_PLD_1435,1978 PLD 1435,Inayat Bibi v. Abdul Aziz -  Lahore-High-Court-Lahore,Court of Record,1978-01-01,875,full_judgment,mixed,appeal_dismissed,1003
1978_PLD_1436,1978 PLD 1436,"Fatima v. S.H.O Police Station, Golra Sharif -  Lahore-High-Court-Lahore",Court of Record,1978-01-01,10426,full_judgment,mixed,unknown,9965
1978_PLD_1452,1978 PLD 1452,Muhammad Ashraf v. The State -  Lahore-High-Court-Lahore,Court of Record,1978-01-01,1900,full_judgment,mixed,appeal_allowed,894
1978_PLD_1456,1978 PLD 1456,Abdul Shakoor v. Allah Ditta -  Lahore-High-Court-Lahore,Court of Record,1978-01-01,1880,full_judgment,mixed,appeal_dismissed,1951
1978_PLD_1459,1978 PLD 1459,Muhammad Saeed v. Saratul Fatima -  Lahore-High-Court-Lahore,Court of Record,1978-01-01,1050,full_judgment,mixed,unknown,1740
1978_PLD_1461,1978 PLD 1461,Muhammad Ismail v. Muhammad Sarwar -  Lahore-High-Court-Lahore,Court of Record,1978-01-01,1145,full_judgment,mixed,revision_dismissed,1445
1979_PLD_1,1979 PLD 1,Sher Muhammad v. Director-General Of Pakistan Telegraphs And Telephone Department -  Karachi-High-Court-Sindh,Court of Record,1979-01-01,7307,full_judgment,mixed,unknown,3839
1979_PLD_2,1979 PLD 2,Sher Alam Khan v. Muhammad Sher Khan,Court of Record,1979-01-01,926,full_judgment,mixed,petition_dismissed,910
1979_PLD_4,1979 PLD 4,Habibur Rehman v. Faqir Muhammad,Court of Record,1979-01-01,849,full_judgment,mixed,revision_allowed,734
1979_PLD_5,1979 PLD 5,Amanullah Khan v. Noorul Basar,Court of Record,1979-01-01,1445,full_judgment,mixed,unknown,1373
1979_PLD_7,1979 PLD 7,"Chief Administrator, Auqaf, West Pakistan, Lahore v. Mst. Najab Begum",Court of Record,1979-01-01,1698,full_judgment,mixed,unknown,1451
1979_PLD_18,1979 PLD 18,Afzal Begum v. Y.M.C.A.,Court of Record,1979-01-01,9230,full_judgment,mixed,unknown,7686
1979_PLD_19,1979 PLD 19,Mst. Ghulam Fatima v. Haji Ahmad,Court of Record,1979-01-01,778,full_judgment,mixed,unknown,1006
1979_PLD_20,1979 PLD 20,Muhammad Yousaf v. Said Amir,Court of Record,1979-01-01,1979,full_judgment,mixed,unknown,2081
1979_PLD_22,1979 PLD 22,Shafique Hussain v. Abdul Qasim,Court of Record,1979-01-01,5325,full_judgment,mixed,revision_allowed,1231
1979_PLD_23,1979 PLD 23,Allah Rakhi v. Malik Khan -  Lahore-High-Court-Lahore,Court of Record,1979-01-01,685,full_judgment,mixed,revision_allowed,945
1979_PLD_25,1979 PLD 25,"Crown Bus Service Ltd. v. Commissioner Of Income-Tax, Lahore -  Lahore-High-Court-Lahore",Court of Record,1979-01-01,1462,full_judgment,mixed,unknown,645
1979_PLD_27,1979 PLD 27,Zulfiqar Haider v. Settlement Commissioner -  Lahore-High-Court-Lahore,Court of Record,1979-01-01,2100,full_judgment,mixed,petition_dismissed,826
1979_PLD_31,1979 PLD 31,Muhammad Ismail v. The State,Court of Record,1979-01-01,1164,full_judgment,mixed,appeal_allowed,1853
1979_PLD_32,1979 PLD 32,Monawar Jeha v. Muhammad Sarfaraz -  Lahore-High-Court-Lahore,Court of Record,1979-01-01,905,full_judgment,mixed,petition_allowed,891
1979_PLD_33,1979 PLD 33,Ghulam Nabi v. Bashir Ahmad -  Lahore-High-Court-Lahore,Court of Record,1979-01-01,341,full_judgment,mixed,appeal_dismissed,583
1979_PLD_36,1979 PLD 36,Zarina Bibi v. Mehboob -  Lahore-High-Court-Lahore,Court of Record,1979-01-01,471,full_judgment,mixed,petition_allowed,676
1979_PLD_37,1979 PLD 37,"Muhammad Nadir Khan v. District Magistrate, Vehari -  Lahore-High-Court-Lahore",Court of Record,1979-01-01,1079,full_judgment,mixed,petition_dismissed,1106
1979_PLD_39,1979 PLD 39,Board Of Intermediate & Secondary Education v. Khalid Mahmood -  Lahore-High-Court-Lahore,Court of Record,1979-01-01,749,full_judgment,mixed,revision_dismissed,941
1979_PLD_40,1979 PLD 40,Bashiran v. Bakhsha -  Lahore-High-Court-Lahore,Court of Record,1979-01-01,839,full_judgment,mixed,unknown,866
1979_PLD_43,1979 PLD 43,"Government Of N.-W. F. P. Through Collector, Mardan v. Sultanuddin",Court of Record,1979-01-01,3806,full_judgment,mixed,unknown,2754
1979_PLD_44,1979 PLD 44,Allah Wassaya v. Federal Land Commission,Court of Record,1979-01-01,3241,full_judgment,mixed,unknown,3998
1979_PLD_46,1979 PLD 46,"Muhammad Yaqub Tahir v. Superintendent, District Jail, Gujranwala -  Lahore-High-Court-Lahore",Court of Record,1979-01-01,2347,full_judgment,mixed,unknown,1626
1979_PLD_783,1979 PLD 783,Muhammad Issa v. Board Of Revenue West Pakistan Lahore -  Karachi-High-Court-Sindh,Court of Record,1979-01-01,4163,full_judgment,mixed,unknown,1269
1979_PLD_48,1979 PLD 48,The State v. Lal Pasand,Court of Record,1979-01-01,5611,full_judgment,mixed,unknown,4226
1979_PLD_49,1979 PLD 49,Waji-Ul-Hassan Zaidi v. S.H.O Police Station,Court of Record,1979-01-01,1359,full_judgment,mixed,petition_dismissed,1735
1979_PLD_52,1979 PLD 52,Mukhtaran v. Muhammad Alamgir -  Lahore-High-Court-Lahore,Court of Record,1979-01-01,640,full_judgment,mixed,petition_allowed,784
1979_PLD_53,1979 PLD 53,"Mahmood Alam Khan v. Chief Martial Law Administrator, -  Lahore-High-Court-Lahore",Court of Record,1979-01-01,1167,full_judgment,mixed,unknown,1357
1979_PLD_55,1979 PLD 55,Zahoor Ahmad v. Province Of Baluchistan -  Quetta-High-Court-Balochistan,Court of Record,1979-01-01,2626,full_judgment,mixed,unknown,2817
1979_PLD_83,1979 PLD 83,Societe De Fabrication Et De Distribution De Parfumerie Et Cosmetique( Diparco) Societe Anonyme v. Deputy Registrar Of Trade Marks Governmetn Of Pakistan -  Karachi-High-Court-Sindh,Court of Record,1979-01-01,2784,full_judgment,mixed,unknown,2091
1979_PLD_56,1979 PLD 56,Zahid Beg v. Government Of Sind,Court of Record,1979-01-01,1700,full_judgment,mixed,petition_allowed,921
1979_PLD_66,1979 PLD 66,Safia Hameed v. Chairman Selection Committee Medical Colleges Seat Baluchistan Quetta -  Quetta-High-Court-Balochistan,Court of Record,1979-01-01,1745,full_judgment,mixed,petition_allowed,1443
1979_PLD_68,1979 PLD 68,Shabbir Ahmad Shah v. Pakistan -  Karachi-High-Court-Sindh,Court of Record,1979-01-01,1878,full_judgment,mixed,petition_allowed,1158
1979_PLD_69,1979 PLD 69,Kamal Kha v. Muhammad Naeem -  Quetta-High-Court-Balochistan,Court of Record,1979-01-01,3918,full_judgment,mixed,unknown,5216
1979_PLD_72,1979 PLD 72,Abdul Sattar v. The State -  Karachi-High-Court-Sindh,Court of Record,1979-01-01,7504,full_judgment,mixed,unknown,4266
1979_PLD_96,1979 PLD 96,Khail Akbar v. The State -  Quetta-High-Court-Balochistan,Court of Record,1979-01-01,5464,full_judgment,mixed,unknown,4192
1979_PLD_75,1979 PLD 75,"Mst. Resham Jan v. Assistant Settlement Commissioner (Lands), Abbottabad, Hazara",Court of Record,1979-01-01,8342,full_judgment,mixed,unknown,4287
1979_PLD_84,1979 PLD 84,Masood Ali Khan v. Muhammad Aslam -  Quetta-High-Court-Balochistan,Court of Record,1979-01-01,3661,full_judgment,mixed,unknown,3281
1979_PLD_87,1979 PLD 87,Ayub Khan v. Haqdad Khan,Court of Record,1979-01-01,2857,full_judgment,mixed,unknown,1781
1979_PLD_90,1979 PLD 90,Miss S Mall v. Abdul Razzaq -  Quetta-High-Court-Balochistan,Court of Record,1979-01-01,3157,full_judgment,mixed,appeal_allowed,1929
1979_PLD_93,1979 PLD 93,Shad Muhammad v. Khanpur,Court of Record,1979-01-01,7067,full_judgment,mixed,unknown,2511
1979_PLD_95,1979 PLD 95,Water And Power Development Authorit v. Presiding Officer Labour Court No Vi Hyderabad -  Karachi-High-Court-Sindh,Court of Record,1979-01-01,1237,full_judgment,mixed,appeal_dismissed,823
1979_PLD_111,1979 PLD 111,Waheed Khan v. The State,Court of Record,1979-01-01,4789,full_judgment,mixed,unknown,1673
1979_PLD_113,1979 PLD 113,Baz Muhammad v. Commissioner Quetta Division Quetta -  Quetta-High-Court-Balochistan,Court of Record,1979-01-01,2608,full_judgment,mixed,unknown,2480
1979_PLD_117,1979 PLD 117,Pakistan v. S.M. Nafisul Hassan Shah -  Karachi-High-Court-Sindh,Court of Record,1979-01-01,1571,full_judgment,mixed,unknown,1248
1979_PLD_118,1979 PLD 118,Meraj-Ud-Din v. Abdul Ghafoor Rishi -  Quetta-High-Court-Balochistan,Court of Record,1979-01-01,8380,full_judgment,mixed,unknown,9503
1979_PLD_97,1979 PLD 97,Tota Khan v. Vth Sind Labour Court Karachi -  Karachi-High-Court-Sindh,Court of Record,1979-01-01,1191,full_judgment,mixed,petition_dismissed,760
1979_PLD_99,1979 PLD 99,Ladha Silk Mills Karachi v. Ladha Silk Mills Workers Union -  Karachi-High-Court-Sindh,Court of Record,1979-01-01,2084,full_judgment,mixed,unknown,1431
1979_PLD_102,1979 PLD 102,Ibrahim Sons v. Commissioner Of Income-Tax Karachi West Karachi -  Karachi-High-Court-Sindh,Court of Record,1979-01-01,4252,full_judgment,mixed,unknown,1765
1979_PLD_104,1979 PLD 104,"Haji Naimatullah Khan v. Government Of Pakistan Through Ministry Of Law - , Nemo",Court of Record,1979-01-01,3447,full_judgment,mixed,unknown,2261
1979_PLD_106,1979 PLD 106,Raza Muhammad v. Member Board Of Revenue Baluchistan Quetta -  Quetta-High-Court-Balochistan,Court of Record,1979-01-01,4159,full_judgment,mixed,unknown,3792
1979_PLD_109,1979 PLD 109,Pakistan Burmah Shell Ltd Karachi v. Sind Labour Court No Iv Karachi -  Karachi-High-Court-Sindh,Court of Record,1979-01-01,4622,full_judgment,mixed,petition_allowed,1449
1979_PLD_129,1979 PLD 129,Shabbir Hussain Alias Tikka v. The State -  Lahore-High-Court-Lahore,Court of Record,1979-01-01,1623,full_judgment,mixed,appeal_dismissed,1170
1979_PLD_131,1979 PLD 131,Munir Ahmed v. University Of Baluchistan -  Quetta-High-Court-Balochistan,Court of Record,1979-01-01,9278,full_judgment,mixed,unknown,11518
1979_PLD_135,1979 PLD 135,"Modern Silk Mills Ltd, Lahore v. Commissioner Of Income-Tax, Lahore Zone, Lahroe -  Lahore-High-Court-Lahore",Court of Record,1979-01-01,1533,full_judgment,mixed,disposed_of,779
1979_PLD_138,1979 PLD 138,Bahadur v. The State -  Lahore-High-Court-Lahore,Court of Record,1979-01-01,4318,full_judgment,mixed,appeal_dismissed,1111
1979_PLD_148,1979 PLD 148,Hayat Ali v. Saudagar -  Lahore-High-Court-Lahore,Court of Record,1979-01-01,1308,full_judgment,mixed,disposed_of,580
1979_PLD_150,1979 PLD 150,Amtul Wahab Zia v. Begum Bibi -  Lahore-High-Court-Lahore,Court of Record,1979-01-01,1337,full_judgment,mixed,unknown,1089
1979_PLD_152,1979 PLD 152,Jan Muhammad v. Govt. Of West Pakistan -  Lahore-High-Court-Lahore,Court of Record,1979-01-01,1161,full_judgment,mixed,petition_allowed,984
1979_PLD_154,1979 PLD 154,Muhammad Inayat v. Muhammad Saleem -  Lahore-High-Court-Lahore,Court of Record,1979-01-01,1312,full_judgment,mixed,unknown,1521
1979_PLD_155,1979 PLD 155,Everday Pictures Ltd v. Govenment Of Pakistan -  Karachi-High-Court-Sindh,Court of Record,1979-01-01,7148,full_judgment,mixed,unknown,3110
1979_PLD_156,1979 PLD 156,Farid v. Allah Wasaya -  Quetta-High-Court-Balochistan,Court of Record,1979-01-01,684,full_judgment,mixed,disposed_of,727
1979_PLD_157,1979 PLD 157,Razia Butt v. Ghulam Raza -  Quetta-High-Court-Balochistan,Court of Record,1979-01-01,2339,full_judgment,mixed,unknown,1944
1979_PLD_160,1979 PLD 160,Pakistan Mine Owners' Association v. District Magistrate Quetta -  Quetta-High-Court-Balochistan,Court of Record,1979-01-01,4268,full_judgment,mixed,unknown,4289
1979_PLD_162,1979 PLD 162,"Kashmir Cap House, Lahore v. Commissioner Of Income-Tax, Lahore -  Lahore-High-Court-Lahore",Court of Record,1979-01-01,3995,full_judgment,mixed,unknown,3163
1979_PLD_165,1979 PLD 165,"Sherzada Khan v. The Commissioner (F. C. R.), Peshawar",Court of Record,1979-01-01,5569,full_judgment,mixed,unknown,2611
1979_PLD_169,1979 PLD 169,"Muhammad Shafi v. Member, Board Of Revenue -  Lahore-High-Court-Lahore",Court of Record,1979-01-01,1994,full_judgment,mixed,remanded,1682
1979_PLD_172,1979 PLD 172,Taj Muhammad v. The State -  Quetta-High-Court-Balochistan,Court of Record,1979-01-01,2370,full_judgment,mixed,revision_dismissed,1115
1979_PLD_173,1979 PLD 173,Talib Ali v. The State -  Lahore-High-Court-Lahore,Court of Record,1979-01-01,1952,full_judgment,mixed,unknown,906
1979_PLD_174,1979 PLD 174,The State v. Zahir Shah,Court of Record,1979-01-01,6354,full_judgment,mixed,unknown,5912
1979_PLD_176,1979 PLD 176,Nasiruddin Qureshi v. Deputy Commissioner And Additional Settlement Commissioner (Lands) Sanghar Hyderabad -  Karachi-High-Court-Sindh,Court of Record,1979-01-01,1765,full_judgment,mixed,petition_dismissed,1453
1979_PLD_178,1979 PLD 178,"Abdul Salam v. Summary Military Court, Sialkot -  Lahore-High-Court-Lahore",Court of Record,1979-01-01,2942,full_judgment,mixed,unknown,1470
1979_PLD_182,1979 PLD 182,Ghulam Nabi v. The State -  Karachi-High-Court-Sindh,Court of Record,1979-01-01,2120,full_judgment,mixed,unknown,2320
1979_PLD_192,1979 PLD 192,"Grindlay'S Bank Ltd, Karachi v. Rai Abdur Razzaqub Khan -  Lahore-High-Court-Lahore",Court of Record,1979-01-01,7817,full_judgment,mixed,unknown,3465
1979_PLD_194,1979 PLD 194,Asghar Ali v. Rationing Controller Hyederabad -  Karachi-High-Court-Sindh,Court of Record,1979-01-01,3317,full_judgment,mixed,petition_allowed,3238
1979_PLD_184,1979 PLD 184,"Haji Saeed Gul v. Mir Alam Khan, S. H. O., Police Station Tal, Kohat - , Amirzada Khan, A. A: G.",Court of Record,1979-01-01,3618,full_judgment,mixed,unknown,1454
1979_PLD_186,1979 PLD 186,Zaheer Ahme v. The State -  Karachi-High-Court-Sindh,Court of Record,1979-01-01,2131,full_judgment,mixed,unknown,1152
1979_PLD_188,1979 PLD 188,Ghulam Abbas v. S. I. Farooq Khan -  Lahore-High-Court-Lahore,Court of Record,1979-01-01,2322,full_judgment,mixed,unknown,2131
1979_PLD_189,1979 PLD 189,Chamber Of Commerce & Industry Karachi v. Presiding Officer Sind Labour Court No Iii -  Karachi-High-Court-Sindh,Court of Record,1979-01-01,3086,full_judgment,mixed,unknown,1634
1979_PLD_190,1979 PLD 190,Barkat Ali v. The State,Court of Record,1979-01-01,3713,full_judgment,mixed,unknown,2718
1979_PLD_198,1979 PLD 198,Sardar Ali Shah v. Muhammad Iqbal Khan,Court of Record,1979-01-01,2444,full_judgment,mixed,unknown,1510
1979_PLD_200,1979 PLD 200,Bibi Amirunnissa v. Chief Land Commissioner Sind At Hyderabad -  Karachi-High-Court-Sindh,Court of Record,1979-01-01,2883,full_judgment,mixed,unknown,1427
1979_PLD_202,1979 PLD 202,"Akbar Khan v. Senior Superintendent Of Police, Peshawar",Court of Record,1979-01-01,2263,full_judgment,mixed,unknown,1185
1979_PLD_204,1979 PLD 204,Rashid Textile Mills Ltd Karachi v. Bakht Zaman -  Karachi-High-Court-Sindh,Court of Record,1979-01-01,1416,full_judgment,mixed,petition_allowed,1027
1979_PLD_206,1979 PLD 206,"Tribal Textile Mills Ltd, Lahore v. Province Of Punjab -  Lahore-High-Court-Lahore",Court of Record,1979-01-01,5147,full_judgment,mixed,unknown,4725
1979_PLD_207,1979 PLD 207,Commissioner Of Income-Tax (West) Karachi v. Jupiter Trading Corporation Karachi -  Karachi-High-Court-Sindh,Court of Record,1979-01-01,1668,full_judgment,mixed,unknown,1575
1979_PLD_210,1979 PLD 210,Khair Muhamma v. Chairman Federal Commissionis Islamabad Rawalpindi -  Karachi-High-Court-Sindh,Court of Record,1979-01-01,1412,full_judgment,mixed,revision_allowed,982
1979_PLD_212,1979 PLD 212,Smith Kline & French Of Pakistan Ltd Karachi v. A. Rashid Pai -  Karachi-High-Court-Sindh,Court of Record,1979-01-01,8896,full_judgment,mixed,unknown,6842
1979_PLD_213,1979 PLD 213,Sultan Muhammad Tariq v. Chief Martial Law Administrator -  Quetta-High-Court-Balochistan,Court of Record,1979-01-01,2301,full_judgment,mixed,unknown,3052
1979_PLD_215,1979 PLD 215,Munnawwar Hussain v. Rehamat Ali -  Lahore-High-Court-Lahore,Court of Record,1979-01-01,1249,full_judgment,mixed,revision_dismissed,1242
1979_PLD_260,1979 PLD 260,Khalid Javaid Malik v. Th E State -  Lahore-High-Court-Lahore,Court of Record,1979-01-01,1178,full_judgment,mixed,petition_dismissed,705
1979_PLD_261,1979 PLD 261,Bagh v. The State -  Karachi-High-Court-Sindh,Court of Record,1979-01-01,4757,full_judgment,mixed,unknown,3718
1979_PLD_226,1979 PLD 226,Abdul Saboo v. The State -  Lahore-High-Court-Lahore,Court of Record,1979-01-01,6573,full_judgment,mixed,unknown,6269
1979_PLD_227,1979 PLD 227,Riaz v. Razi Muhammad -  Karachi-High-Court-Sindh,Court of Record,1979-01-01,1666,full_judgment,mixed,petition_dismissed,1383
1979_PLD_229,1979 PLD 229,Muhammad Siddique v. The State -  Karachi-High-Court-Sindh,Court of Record,1979-01-01,5174,full_judgment,mixed,unknown,2806
1979_PLD_233,1979 PLD 233,Muhammad Akbar Bugti v. Chief Secretary Baluchistan -  Quetta-High-Court-Balochistan,Court of Record,1979-01-01,9189,full_judgment,mixed,unknown,8856
1979_PLD_237,1979 PLD 237,Buland Khan v. Muhammad Rafiq -  Lahore-High-Court-Lahore,Court of Record,1979-01-01,2311,full_judgment,mixed,appeal_allowed,2737
1979_PLD_238,1979 PLD 238,Abdul Majid v. Ibrahim -  Karachi-High-Court-Sindh,Court of Record,1979-01-01,3808,full_judgment,mixed,unknown,1482
1979_PLD_241,1979 PLD 241,Aiysha Yasmien Abbasi v. Maqbool Hussain Qureshi -  Lahore-High-Court-Lahore,Court of Record,1979-01-01,2845,full_judgment,mixed,petition_allowed,2980
1979_PLD_243,1979 PLD 243,Commissioner Of Income-Ta v. United Insurance Co -  Karachi-High-Court-Sindh,Court of Record,1979-01-01,1415,full_judgment,mixed,unknown,1197
1979_PLD_246,1979 PLD 246,Muhammad Aslam v. National Shipping Corporation Karachi -  Karachi-High-Court-Sindh,Court of Record,1979-01-01,2437,full_judgment,mixed,petition_dismissed,1891
1979_PLD_262,1979 PLD 262,Muhammad Rafique v. Akbari Begum -  Lahore-High-Court-Lahore,Court of Record,1979-01-01,531,full_judgment,mixed,unknown,596
1979_PLD_252,1979 PLD 252,Abdul Hameed Puri v. Federation Of Pakistan -  Lahore-High-Court-Lahore,Court of Record,1979-01-01,2954,full_judgment,mixed,unknown,1996
1979_PLD_253,1979 PLD 253,Mariam v. The State -  Karachi-High-Court-Sindh,Court of Record,1979-01-01,2031,full_judgment,mixed,appeal_dismissed,919
1979_PLD_257,1979 PLD 257,Mehar Sultana v. Pakistan Pharmaceutical Products Ltd Karachi -  Karachi-High-Court-Sindh,Court of Record,1979-01-01,2382,full_judgment,mixed,unknown,1367
1979_PLD_269,1979 PLD 269,K.S.B. Pumps Co Ltd Lahore v. Islamic Republic Of Pakistan Karachi -  Karachi-High-Court-Sindh,Court of Record,1979-01-01,4661,full_judgment,mixed,appeal_dismissed,2876
1979_PLD_273,1979 PLD 273,Muhammad Siddique v. Muhammad Rashid -  Lahore-High-Court-Lahore,Court of Record,1979-01-01,991,full_judgment,mixed,appeal_dismissed,883
1979_PLD_274,1979 PLD 274,Abdur Rashi v. The State -  Lahore-High-Court-Lahore,Court of Record,1979-01-01,2986,full_judgment,mixed,unknown,3750
1979_PLD_276,1979 PLD 276,Manzoor Alias Mujan v. The State -  Karachi-High-Court-Sindh,Court of Record,1979-01-01,6635,full_judgment,mixed,unknown,4686
1979_PLD_279,1979 PLD 279,Naimat Alias Chacha Katta v. Summary Military Court -  Lahore-High-Court-Lahore,Court of Record,1979-01-01,2603,full_judgment,mixed,unknown,2775
1979_PLD_294,1979 PLD 294,Nizamudin v. The State -  Karachi-High-Court-Sindh,Court of Record,1979-01-01,2173,full_judgment,mixed,appeal_allowed,1643
1979_PLD_298,1979 PLD 298,Saiful Haque Hashmi v. Government Of Sind -  Karachi-High-Court-Sindh,Court of Record,1979-01-01,1099,full_judgment,mixed,unknown,892
1979_PLD_300,1979 PLD 300,Riaz & Kandawalla Ltd Karachi v. Trading Corporation Of Pakistan Karachi -  Karachi-High-Court-Sindh,Court of Record,1979-01-01,4054,full_judgment,mixed,unknown,3019
1979_PLD_304,1979 PLD 304,Sajjad Ahmad v. Muhammad Bashir -  Lahore-High-Court-Lahore,Court of Record,1979-01-01,4846,full_judgment,mixed,unknown,4556
1979_PLD_307,1979 PLD 307,Mumtaz Ali Bhutto v. Deputy Law Administrator Sector 1 Karachi -  Karachi-High-Court-Sindh,Court of Record,1979-01-01,57297,full_judgment,mixed,unknown,20461
1979_PLD_314,1979 PLD 314,Sardar Muhammad v. Barkat Ali -  Lahore-High-Court-Lahore,Court of Record,1979-01-01,1570,full_judgment,mixed,petition_dismissed,780
1979_PLD_317,1979 PLD 317,Abdul Ghaffar v. Muhammad Nazar Ali -  Lahore-High-Court-Lahore,Court of Record,1979-01-01,1888,full_judgment,mixed,unknown,2977
1979_PLD_324,1979 PLD 324,Alud Din Akhtar v. Govt. Of Punjab -  Lahore-High-Court-Lahore,Court of Record,1979-01-01,3056,full_judgment,mixed,petition_allowed,1644
1979_PLD_415,1979 PLD 415,"Pakistan International Airlines Corporation v. Chairman, Punjab Labour Appellate Tribunal, Lahore -  Lahore-High-Court-Lahore",Court of Record,1979-01-01,12376,full_judgment,mixed,unknown,7067
1979_PLD_345,1979 PLD 345,Muhammad Shafi v. Bashir Ahmad -  Lahore-High-Court-Lahore,Court of Record,1979-01-01,1004,full_judgment,mixed,appeal_dismissed,604
1979_PLD_346,1979 PLD 346,Munawar Ali Khan v. Najam Abbas -  Lahore-High-Court-Lahore,Court of Record,1979-01-01,1789,full_judgment,mixed,unknown,1264
1979_PLD_349,1979 PLD 349,Muhammad Anwar Khan v. The State -  Lahore-High-Court-Lahore,Court of Record,1979-01-01,2098,full_judgment,mixed,petition_allowed,804
1979_PLD_353,1979 PLD 353,"Muhammad Sabir v. Additional District Judge Ii, Rawalpindi -  Lahore-High-Court-Lahore",Court of Record,1979-01-01,2058,full_judgment,mixed,unknown,1623
1979_PLD_356,1979 PLD 356,Faqir Muhammad v. Nasim Ahmad -  Lahore-High-Court-Lahore,Court of Record,1979-01-01,4028,full_judgment,mixed,unknown,3868
1979_PLD_363,1979 PLD 363,"Muhammad Mueen v. District Magistrate, Sahiwal -  Lahore-High-Court-Lahore",Court of Record,1979-01-01,2096,full_judgment,mixed,unknown,2064
1979_PLD_366,1979 PLD 366,Ghulam Sadiq v. Zainab Bibi -  Lahore-High-Court-Lahore,Court of Record,1979-01-01,1727,full_judgment,mixed,unknown,1437
1979_PLD_368,1979 PLD 368,Sargroh Oil Industries Ltd. v. European Grain And Shipping Ltd. -  Lahore-High-Court-Lahore,Court of Record,1979-01-01,4143,full_judgment,mixed,unknown,2126
1979_PLD_375,1979 PLD 375,"Abdul Ghafoor Khan v. Federal Land Commission, Islamabad -  Lahore-High-Court-Lahore",Court of Record,1979-01-01,2128,full_judgment,mixed,petition_allowed,2748
1979_PLD_379,1979 PLD 379,Muhammad Hussain v. Muhammad Latif -  Lahore-High-Court-Lahore,Court of Record,1979-01-01,2042,full_judgment,mixed,unknown,2142
1979_PLD_382,1979 PLD 382,Ghulam Qadir v. Rehmat Ullah -  Lahore-High-Court-Lahore,Court of Record,1979-01-01,1942,full_judgment,mixed,unknown,1106
1979_PLD_385,1979 PLD 385,Separas Khan v. Abdul Khaliq -  Lahore-High-Court-Lahore,Court of Record,1979-01-01,1494,full_judgment,mixed,appeal_dismissed,960
1979_PLD_387,1979 PLD 387,"Bilqis v. Kohinoor Industries Ltd, Lahore -  Lahore-High-Court-Lahore",Court of Record,1979-01-01,2214,full_judgment,mixed,unknown,2527
1979_PLD_391,1979 PLD 391,Muhammad Younis v. The State -  Lahore-High-Court-Lahore,Court of Record,1979-01-01,4567,full_judgment,mixed,unknown,2183
1979_PLD_398,1979 PLD 398,Gul Afzal Khan v. Muhammad Hanif Arif -  Lahore-High-Court-Lahore,Court of Record,1979-01-01,4679,full_judgment,mixed,unknown,3388
1979_PLD_409,1979 PLD 409,Deutache Dampschiffahrts Gesellschaft Hansa v. Muhammad Aquil -  Karachi-High-Court-Sindh,Court of Record,1979-01-01,914,full_judgment,mixed,unknown,1179
1979_PLD_410,1979 PLD 410,United Sugar Mills Ltd Karachi v. District Magistrate Sukkur -  Karachi-High-Court-Sindh,Court of Record,1979-01-01,5403,full_judgment,mixed,unknown,5342
1979_PLD_419,1979 PLD 419,The State v. Nabi Bux -  Karachi-High-Court-Sindh,Court of Record,1979-01-01,2786,full_judgment,mixed,appeal_allowed,1105
1979_PLD_436,1979 PLD 436,Qamar v. The State -  Lahore-High-Court-Lahore,Court of Record,1979-01-01,4588,full_judgment,mixed,unknown,6277
1979_PLD_448,1979 PLD 448,"Punjab Employees' Social Security Non,Gazeetted Staff Union, Lyallpur v. Punjab Labour Appellate Tribunal, Lahore -  Lahore-High-Court-Lahore",Court of Record,1979-01-01,2485,full_judgment,mixed,unknown,1251
2017_PLD_PESH_70,PLD 2017 Pesh 70,"TORSAM VS IBRAHIM KHAN - Honorable Justice Rooh-Ul-Amin Khan - Adil Majeed , Fawad Khan",Peshawar High Court,2017-01-01,1847,full_judgment,mixed,petition_allowed,2745
2017_PLD_SC_70,PLD 2017 SC 70,"Rai HASSAN NAWAZ VS Haji MUHAMMAD AYUB - Honorable Justice Umar Ata Bandial - Uzair Karamat Bhandari , Sardar Muhammad Aslam",Supreme Court of Pakistan,2017-01-01,7103,full_judgment,mixed,unknown,10481
2017_PLD_PESH_83,PLD 2017 Pesh 83,SAJID KHAN JADOON VS KHYBER PAKHTUNKHWA EHTESAB COMMISSION (KPEC) - Honorable Justice Musarrat Hilali - Shumail Amad Butt,Peshawar High Court,2017-01-01,2079,full_judgment,mixed,petition_dismissed,1149
2017_PLD_SC_83,PLD 2017 SC 83,"POWER CONSTRUCTION CORPORATION OF CHINA LTD. VS PAKISTAN WATER AND POWER DEVELOPMENT AUTHORITY - Honorable Justice Sh. Azmat Saeed - Salman Aslam Butt , Shahzada Mazhar",Supreme Court of Pakistan,2017-01-01,5523,full_judgment,mixed,appeal_dismissed,4239
2017_PLD_KAR_88,PLD 2017 Kar 88,"TEE JAYS EXCLUSIVE (PVT.) LTD. VS MUHAMMAD NAVEED - Honorable Justice Nadeem Akhtar - Mirza Sarfaraz Ahmed , H.A. Rahmani",High Court of Sindh,2017-01-01,8220,full_judgment,mixed,unknown,4523
2017_PLD_PESH_88,PLD 2017 SC 88,"GHULAM SHER VS Mst. BIBI SHAN - Honorable Justice Yahya Afridi - Abdul Zakir Tareen , Muhammad Hamayun",Supreme Court of Pakistan,2017-01-01,6694,full_judgment,mixed,revision_dismissed,5346
2017_PLD_KAR_105,PLD 2017 Kar 105,"KAMRAN ALI KHAN VS VANEEZA UMERAN - Honorable Justice Nadeem Akhtar - Abdul Sattar Pirzada , Salahuddin Ahmed",High Court of Sindh,2017-01-01,7387,full_judgment,mixed,unknown,7643
2017_PLD_PESH_105,PLD 2017 Pesh 105,Syed GHAZANFAR KAZMI VS GOVERNMENT OF KHYBER PAKHTUNKHWA -,Peshawar High Court,2017-01-01,2612,full_judgment,mixed,petition_allowed,2866
2017_PLD_QTA_105,PLD 2017 Quetta 105,"ABDUL RAHIM VS CHIEF SECRETARY BALOCHISTAN, GOVERNMENT OF BALOCHISTAN -",High Court of Balochistan,2017-01-01,2009,full_judgment,mixed,appeal_dismissed,1791
2017_PLD_SC_105,PLD 2017 SC 105,"ABDUL HAQ KHAN VS Haji AMEERZADA - Honorable Justice Mian Saqib Nisar - Aitzaz Ahsan , Arshad Zaman Kayani",Supreme Court of Pakistan,2017-01-01,6293,full_judgment,mixed,appeal_allowed,6768
2017_PLD_LAH_111,PLD 2017 Lah 111,"TEZ GAS (PRIVATE) LIMITED VS OIL AND GAS REGULATORY AUTHORITY - Honorable Justice Ayesha A. Malik - Kh. A. Tariq Rahim and Muhammad Azhar Siddique , Mustafa Ramday and Jehanzaib Inam",Lahore High Court,2017-01-01,6128,full_judgment,mixed,petition_dismissed,8160
2017_PLD_ISL_115,PLD 2017 Isl 115,7C'S CORPORATE SERVICES VS OIL AND GAS DEVELOPMENT COMPANY LIMITED -,Islamabad High Court,2017-01-01,9061,full_judgment,mixed,unknown,8286
2017_PLD_ISL_135,PLD 2017 Isl 135,"PAKISTAN TOBACCO COMPANY LIMITED VS ADMINISTRATOR GENERAL ZAKAT, MINISTRY OF RELIGIOUS AFFAIRS -",Islamabad High Court,2017-01-01,4062,full_judgment,mixed,unknown,2942
2005_PLD_QTA_1,PLD 2005 SC 1,"ASHFAQ KHALID VS THE STATE - Honorable Justice Amanullah Khan - Ehsan-ul-Haq Chaudhary and M.A. Chishti , M.S. Rakhshani",Supreme Court of Pakistan,2005-01-01,5255,full_judgment,mixed,unknown,2155
2017_PLD_LAH_370,PLD 2017 Lah 370,"Ch. SABIR ALI VS CITY DISTRICT GOVERNMENT - Honorable Justice Ayesha A. Malik - Mian Abdul Aziz , Ms. Lubna Altaf",Lahore High Court,2017-01-01,4752,full_judgment,mixed,disposed_of,3937
2017_PLD_KAR_381,PLD 2017 Kar 381,TARIQ SALEEM VS SOHAIL SHAKIL FARUQI -,High Court of Sindh,2017-01-01,2887,full_judgment,mixed,unknown,2745
2017_PLD_LAH_381,PLD 2017 Lah 381,"Dr. MASROOR ELAHI VS UNIVERSITY OF VETERINARY AND ANIMAL SCIENCE - Honorable Justice Jawad Hassan - Hafiz Tariq Naseem , Syed Bilal Haider",Lahore High Court,2017-01-01,4168,full_judgment,mixed,petition_allowed,3687
2017_PLD_KAR_563,PLD 2017 Kar 563,Sheikh HAROON BUKSH VS Shaikh TAHIR BUKSH -,High Court of Sindh,2017-01-01,2295,full_judgment,mixed,unknown,2712
2017_PLD_KAR_604,PLD 2017 Kar 604,ALLAH WADHAYO VS QURBAN ALI -,High Court of Sindh,2017-01-01,896,full_judgment,mixed,unknown,1627
2017_PLD_KAR_661,PLD 2017 Kar 661,LABBAIK (PVT) LTD. VS PAKISTAN ELECTRONIC MEDIA REGULATORY AUTHORITY -,High Court of Sindh,2017-01-01,1732,full_judgment,mixed,petition_allowed,1895
2017_PLD_KAR_665,PLD 2017 Kar 665,Dr. ASIM HUSSAIN VS FEDERATION OF PAKISTAN through Secretary Interior -,High Court of Sindh,2017-01-01,6183,full_judgment,mixed,petition_dismissed,4822
2017_PLD_LAH_665,PLD 2017 Lah 665,HASSAN SHAHJEHAN VS FPSC through Chairman -,Lahore High Court,2017-01-01,7397,full_judgment,mixed,unknown,16288
2017_PLD_KAR_723,PLD 2017 Kar 723,HC MUHAMMAD KHAN VS State -,High Court of Sindh,2017-01-01,1130,full_judgment,mixed,unknown,2031
2016_PLD_ISL_76,PLD 2016 SC 76,"PAKISTAN OIL FIELDS LTD. VS FEDERATION OF PAKISTAN through Secretary Revenue - Honorable Justice Athar Minallah - Makhdoom Ali Khan , Afnan Karim Kundi",Supreme Court of Pakistan,2016-01-01,7249,full_judgment,mixed,petition_allowed,5365
2016_PLD_QTA_76,PLD 2016 Quetta 76,"MUHAMMAD IBRAHIM VS ABDUL SALAM - Honorable Justice Muhammad Ejaz Swati - Mumtaz Hussain Baqri , Muhammad Ibrahim Lehri",High Court of Balochistan,2016-01-01,2182,full_judgment,mixed,appeal_dismissed,1663
2016_PLD_KAR_87,PLD 2016 Kar 87,"MAQBOOL AHMED VS SHAH MUHAMMAD - Honorable Justice Salahuddin Panhwar - Mansoor Ahmed Khan , Chaudhry Aftab Ahmed Warraich",High Court of Sindh,2016-01-01,2336,full_judgment,mixed,unknown,2955
2016_PLD_QTA_87,PLD 2016 Quetta 87,"QADIR BAKHSH VS Mst. HAZAAN - Honorable Justice Muhammad Ejaz Swati - Kamaran Arshad , H. Shakil Ahmed",High Court of Balochistan,2016-01-01,2715,full_judgment,mixed,petition_dismissed,1248
2016_PLD_LAH_89,PLD 2016 Lah 89,"BASHIR AHMAD VS State - Honorable Justice Muhammad Anwaarul Haq - Ch. Zaheer Ahmad Cheema and Muhammad Younas Bhullar , Ch. Muhammad Anwar Bhinder",Lahore High Court,2016-01-01,2123,full_judgment,mixed,petition_allowed,2616
2016_PLD_PESH_89,PLD 2016 Pesh 89,"MIAN KHAN VS DEPUTY COMMISSIONER, HARIPUR - Honorable Justice Qalandar Ali Khan - Khan Gul Khan",Peshawar High Court,2016-01-01,972,full_judgment,mixed,petition_allowed,1681
2016_PLD_KAR_92,PLD 2016 Kar 92,"Haji KHAWAND BUX GHULAM MUHAMMAD JAHEJO VS SHARJEEL INAM MEMON - Honorable Justice Munib Akhtar - Shabbir and Zafar Alam , Haider Waheed and Basil Nabi Malik",High Court of Sindh,2016-01-01,6798,full_judgment,mixed,unknown,7336
2016_PLD_PESH_92,PLD 2016 SC 92,"WOMEN MEDICAL COLLEGE, ABBOTABAD VS NATIONAL ACCOUNTABILITY BUREAU (KHYBER PAKHTUNKHWA) - Honorable Justice Mazhar Alam Khan Miankhel and Muhammad Daud Khan - Abdul Rauf Rohaila , F.M. Sabir",Supreme Court of Pakistan,2016-01-01,3017,full_judgment,mixed,petition_allowed,2894
2016_PLD_LAH_97,PLD 2016 Lah 97,MUMTAZ HUSSAIN VS Haji MUHAMMAD BASHIR - Honorable Justice Muhammad Khalid Mehmood Khan - Ali Azfar Tirmizi,Lahore High Court,2016-01-01,1819,full_judgment,mixed,unknown,1904
2016_PLD_QTA_97,PLD 2016 Quetta 97,MUHABBATULLAH VS State - Honorable Justice Shakeel Ahmed Baloch - Noor Jan Buledi,High Court of Balochistan,2016-01-01,2623,full_judgment,mixed,petition_dismissed,3116
2016_PLD_SC_97,PLD 2016 SC 97,"MUHAMMAD SIDDIQUE BALOCH VS JEHANGIR KHAN TAREEN - Honorable Justice Umar Ata Bandial - M. Shahzad Shaukat , Makhdoom Ali Khan",Supreme Court of Pakistan,2016-01-01,11948,full_judgment,mixed,unknown,16767
2016_PLD_ISL_98,PLD 2016 SC 98,"Ch. AHMED NADEEM VS ABDUL QAYYUM - Honorable Justice Miangul Hassan Aurangzeb - Khurram M. Hashmi , Atiq-ur-Rehman Siddiqui",Supreme Court of Pakistan,2016-01-01,6364,full_judgment,mixed,revision_dismissed,3802
2016_PLD_PESH_98,PLD 2016 Pesh 98,AYAZ VS State - Honorable Justice Assadullah Khan Chamkani - Saeed Khan,Peshawar High Court,2016-01-01,3593,full_judgment,mixed,unknown,4236
2016_PLD_KAR_105,PLD 2016 Kar 105,"ABDUL QADIR TAWAKAL VS NATIONAL ACCOUNTABILITY BUREAU (SINDH) (NAB) - Honorable Justice Ahmed Ali M. Shaikh - Muhammad Farooque , Muhammad Altaf",High Court of Sindh,2016-01-01,3902,full_judgment,mixed,petition_allowed,3799
2016_PLD_PESH_105,PLD 2016 Kar 105,"Mst. Dr. YOUSAF FIDA VS Justice (Retd.) MUHAMMAD AZAM KHAN - Honorable Justice Muhammad Ghazanfar Khan - Muhammad Anwar , Muhammad Muazzam Butt",High Court of Sindh,2016-01-01,1858,full_judgment,mixed,appeal_allowed,2526
2016_PLD_KAR_114,PLD 2016 Kar 114,"Dr. PERVAIZ MEHMOOD HASHMI VS PROVINCE OF SINDH through Secretary Sindh Local Government Department - Honorable Justice Irfan Saadat Khan - Khawaja Shams-ul-Islam , Meeran Muhammad Shah",High Court of Sindh,2016-01-01,4815,full_judgment,mixed,petition_allowed,5044
2016_PLD_PESH_114,PLD 2016 Pesh 114,NOOR DARAZ KHAN through MPA VS FEDERATION OF PAKISTAN through Secretary Cabinet Division - Honorable Justice Mazhar Alam Khan Miankhel - Aminur Rehman Khan,Peshawar High Court,2016-01-01,19706,full_judgment,mixed,unknown,24358
2016_PLD_KAR_146,PLD 2016 Kar 146,State VS WADERO MOHABAT KHAN KHOSO - Honorable Justice Salahuddin Panhwar -,High Court of Sindh,2016-01-01,3138,full_judgment,mixed,disposed_of,2774
2016_PLD_SC_146,PLD 2016 SC 146,"Malik MUHAMMAD MUMTAZ QADRI VS State - Honorable Justice Asif Saeed Khan Khosa - Mian Nazir Akhtar , Mian Abdul Rauf",Supreme Court of Pakistan,2016-01-01,2963,full_judgment,mixed,appeal_dismissed,4629
2016_PLD_KAR_153,PLD 2016 Kar 153,"ALTAF UR RAHMAN alias ALTAF VS ADDITIONAL SESSIONS JUDGE, TANDO ADAM - Honorable Justice Salahuddin Panhwar - Ghulamulla.h Chang , Amanullah Khan Jadoon",High Court of Sindh,2016-01-01,3577,full_judgment,mixed,unknown,2904
2016_PLD_PESH_195,PLD 2016 Pesh 195,"LAL HABIB VS TAHIR AZIZ - Honorable Justice Muhammad Younis Thaheem - Pir Liaqat Ali Shah , Shabir Hussain Gigyani",Peshawar High Court,2016-01-01,3635,full_judgment,mixed,petition_dismissed,1949
2022_PLD_SCAJK_17,PLD 2022 AJ&K SC 17,"AAMIR FAROOQ VS NAIMA FAROOQ - Honorable Justice Raja Saeed Akram Khan, C.J. and Raza Ali Khan - Raja M. Hafeez Tahir , Sardar M. Latif Khan",Supreme Court of Azad Jammu & Kashmir,2022-01-01,1722,full_judgment,mixed,appeal_dismissed,2574
2022_PLD_HCAJK_18,PLD 2022 AJ&K HC 18,"SAKINA VS State - Honorable Justice Sadaqat Hussain Raja - Sardar Muhammad Ejaz Khan , Sardar Nisar Khan",High Court of Azad Jammu & Kashmir,2022-01-01,3234,full_judgment,mixed,unknown,3104
2022_PLD_LAH_18,PLD 2022 Lah 18,"Lady Dr. NAFEESA SALEEM VS JUSTICE OF PEACE/ADDITIONAL SESSIONS JUDGE, MULTAN - Honorable Justice Tariq Saleem Sheikh - Rana Asif Saeed , Waseem-ud-Din Mumtaz",Lahore High Court,2022-01-01,8565,full_judgment,mixed,unknown,7149
2022_PLD_FSC_21,PLD 2022 FSC 21,"HAMMAD HUSSAIN VS FEDERATION OF PAKISTAN through Secretary, Ministry of Law and Justice, Islamabad - Honorable Justice Dr. Syed Muhammad Anwer -",Federal Shariat Court,2022-01-01,1389,full_judgment,mixed,unknown,2359
2022_PLD_QTA_21,PLD 2022 Quetta 21,"EDUARD BILYAYEV VS M.V. ""FIGARO"" (EX-FREE GODDESS) through Messrs Commercial Metal - Honorable Justice Muhammad Ejaz Swati - Muhammad Riaz Ahmed and Dr. Adeel Abid , Mujeeb Ahmed Hashmi",High Court of Balochistan,2022-01-01,4041,full_judgment,mixed,appeal_dismissed,3369
2022_PLD_SC_21,PLD 2022 SC 21,"Mst. ZARSHEDA VS NOBAT KHAN - Honorable Justice Muhammad Ali Mazhar - Zia-ur-Rehman , Ghulam Mohy-ud-Din Malik",Supreme Court of Pakistan,2022-01-01,3234,full_judgment,mixed,leave_refused,3946
2022_PLD_SCAJK_21,PLD 2022 AJ&K SC 21,"MUHAMMAD NAZIR VS MUHAMMAD ASLAM - Honorable Justice Raja Saeed Akram Khan, C.J. and Raza Ali Khan - Raja Mazhar Iqbal , Abdul Wahid Aamir",Supreme Court of Azad Jammu & Kashmir,2022-01-01,2323,full_judgment,mixed,unknown,2242
2022_PLD_ISL_22,PLD 2022 Isl 22,"Raja ZAHOOR AHMED VS CAPITAL DEVELOPMENT AUTHORITY - Honorable Justice Babar Sattar - Mansoor Ahmed , Aamir Latif Gill, Reehan Seerat",Islamabad High Court,2022-01-01,12422,full_judgment,mixed,petition_dismissed,9429
2022_PLD_PESH_22,PLD 2022 Pesh 22,"Haji MUHAJEREEN VS AKBAR SAID - Honorable Justice Wiqar Ahmad - Ghulam Mohy-ud-Din Malik and Saleem Zada , Sher Muhammad Khan",Peshawar High Court,2022-01-01,3220,full_judgment,mixed,petition_allowed,2451
2015_PLD_KAR_445,PLD 2015 Kar 445,"Mst. SARWAR BANO VS PROVINCE OF SINDH through Member Board of Revenue, Hyderabad - Honorable Justice Salahuddin Panhwar - Karamullah Memon , Jagdesh R. Mullani",High Court of Sindh,2015-01-01,2592,full_judgment,mixed,appeal_allowed,2103
2015_PLD_LAH_445,PLD 2015 SC 445,"MUHAMMAD BAKHSH (DECEASED) VS AMANULLAH (DECEASED) - Honorable Justice Mehmood Maqbool Bajwa - Mian Shah Abbas , Allah Wassaya Malik",Supreme Court of Pakistan,2015-01-01,5062,full_judgment,mixed,revision_dismissed,4795
2015_PLD_KAR_457,PLD 2015 SC 457,"GOVERNMENT OF SINDH through Secretary Public Health Engineering Department, Karachi VS ENGINEERING ENTERPRISES - Honorable Justice Muhammad Iqbal Kalhoro - Meeran Muhammad Shah , Nemo",Supreme Court of Pakistan,2015-01-01,3632,full_judgment,mixed,appeal_dismissed,3673
2015_PLD_LAH_457,PLD 2015 Lah 457,MUHAMMAD FAROOQ WAJID VS FPSC - Honorable Justice Ijaz Ul Ahsan - Abdul Wajid Malik and A.D. Naseem,Lahore High Court,2015-01-01,3065,full_judgment,mixed,appeal_dismissed,3439
2014_PLD_FSC_1,PLD 2014 Isl 1,"QASIM HASSAN BUKI VS FEDERATION OF PAKISTAN through Secretary, Ministry of Law, Justice Human Rights and Parliamentary Affairs, Islamabad - Honorable Justice Shahzado Shaikh - Nemo",Islamabad High Court,2014-01-01,5969,full_judgment,mixed,petition_dismissed,5548
2014_PLD_ISL_1,PLD 2014 Isl 1,"COMMUNICATION HOUSE (PVT) LTD. VS PAKISTAN TELECOMMUNICATION AUTHORITY - Honorable Justice Riaz Ahmad Khan - Muhammad Umer Khan Vardag , Mian Shafaqat Jan",Islamabad High Court,2014-01-01,1090,full_judgment,mixed,appeal_allowed,1970
2006_PLD_SC_500,PLD 2006 SC 500,"Mst. KANIZ BEGUM VS MUHAMMAD ASHRAF - Honorable Justice RAJA FAYYAZ AHMED - Mian Aftab Farrukh, Senior Advocate Supreme Court and Tanvir Ahmed Advocate-on-Record (absent) , Sardar Muhammad Latif Khan Khosa, Advocate Supreme Court,M. Zaman Bhatti, Advocate Supreme Court",Supreme Court of Pakistan,2006-01-01,6314,full_judgment,mixed,unknown,4656
2006_PLD_SC_512,PLD 2006 SC 512,"MUHAMMAD YOUSAF VS Mst. NAJMA BIBI - Honorable Justice JAVED IQBAL - M.A. Zaidi , Nemo for Respondents",Supreme Court of Pakistan,2006-01-01,869,full_judgment,mixed,leave_granted,2277
2006_PLD_KAR_584,PLD 2006 Kar 584,"ABDULLAH BALOCH VS FEDERATION OF PAKISTAN through Defence Ministry, Secretary, Islamabad - Honorable Justice MUHAMMAD MUJEEBULLAH SIDDIQUI - Noor Naz Agha , Mahmood Alam Rizvi",High Court of Sindh,2006-01-01,2089,full_judgment,mixed,unknown,4685
2006_PLD_LAH_584,PLD 2006 Lah 584,"FALAK SHER VS Mst. KANEEZ BIBI - Honorable Justice Syed Zahid Hussain - Hassan Ahmad Khan Kanwar , Shahid Qayyum Ch.",Lahore High Court,2006-01-01,781,full_judgment,mixed,revision_allowed,1166
2006_PLD_LAH_587,PLD 2006 Lah 587,"INAYAT BIBI VS AMJAD HUSSAIN - Honorable Justice ALI NAWAZ CHOWHAN - Farooq Haider , Ch. Sadiq Hussian and Khurshid Anwar",Lahore High Court,2006-01-01,876,full_judgment,mixed,disposed_of,1150
2006_PLD_SC_587,PLD 2006 SC 587,"WATTAN PARTY through President and others VS FEDERATION OF PAKISTAN through Cabinet Committee of Privatization, Islamabad - Honorable Justice IFTIKHAR MUHAMMAD CHAUDHRY - Barrister Zafarullah Khan, Raja Muhammad Akram, Senior Advocates Supreme Court assisted by Ms. Sadia Abbasi and Muhamamd Habibi-ur-Rehman , Abdul Mujeeb Pirzada, Advocate Supreme Court and M.S. Khattak",Supreme Court of Pakistan,2006-01-01,3103,full_judgment,mixed,unknown,5543
2006_PLD_KAR_607,PLD 2006 Kar 607,"Mst. AFSAR SULTANA VS NIKHAT PERVEEN - Honorable Justice Muhammad Sadiq Leghari - Shabbir Hussain Shigri , Ghiasuddin Mirza",High Court of Sindh,2006-01-01,2650,full_judgment,mixed,unknown,2626
2006_PLD_LAH_607,PLD 2006 Lah 607,"SABAR ALI SAJID VS MUHAMMAD MAQSOOD - Honorable Justice Muhammad Jehangir Arshad - Muhammad Mushtaq Qureshi , Shabbir Hussain Qureshi",Lahore High Court,2006-01-01,816,full_judgment,mixed,petition_allowed,977
2006_PLD_KAR_658,PLD 2006 Kar 658,"MUHAMMAD IQBAL VS MUHAMMAD NAEEM - Honorable Justice Munib Ahmed Khan - Jhamat Jethanand , Shamsuddin Memon",High Court of Sindh,2006-01-01,1432,full_judgment,mixed,petition_dismissed,1566
2006_PLD_LAH_658,PLD 2006 Lah 658,"MUHAMMAD JAMIL through General Attorney VS KHUSHI MUHAMMAD through Legal Representatives - Honorable Justice Jawwad S. Khawaja - Abdul Wahid Chaudhry , Rehmat Ali Malik",Lahore High Court,2006-01-01,1478,full_judgment,mixed,unknown,1940
2006_PLD_KAR_661,PLD 2006 Kar 661,"Mst. SIKANDAR BIBI VS Rao MUHAMMAD JAMEEL - Honorable Justice ANWAR ZAHEER JAMALI - Ataullah Khan , Saathi M. Ishaque",High Court of Sindh,2006-01-01,1328,full_judgment,mixed,revision_dismissed,1412
2006_PLD_LAH_661,PLD 2006 SC 661,"GHULAM MUHAMMAD LALI VS IMTIAZ AHMED LALI - Honorable Justice Syed Zahid Hussain - Muhammad Ahmed Qayyum and Zafar Iqbal Chohan , Talib H. Rizvi and Tafazal H. Rizvi",Supreme Court of Pakistan,2006-01-01,9665,full_judgment,mixed,unknown,11458
2006_PLD_LAH_771,PLD 2006 Lah 771,"NOOR BADSHAH VS HOUSE BUILDING FINANCE CORPORATION through District Manager, House Building Finance Corporation, Faisalabad - Honorable Justice MIAN HAMID FAROOQ - Javaid Jalal , Ch. Shafique ur Rehman",Lahore High Court,2006-01-01,1760,full_judgment,mixed,appeal_dismissed,2420
2006_PLD_SC_771,PLD 2006 SC 771,"ABDUL AHAD VS AMJAD ALI - Honorable Justice CH. IJAZ AHMAD - Afridi Khan, Advocate Supreme Court and Mir Adam Khan , Nemo",Supreme Court of Pakistan,2006-01-01,1016,full_judgment,mixed,leave_refused,1855
2004_PLD_SCAJK_1,PLD 2004 AJ&K SC 1,"Sardar MUHAMMAD AZIZ KHAN VS Messrs UNITED KASHMIR FLOUR MILLS (PVT.) LTD - Honorable Justice MUHAMMAD YUNUS SURAKHVI - Abdul Rashid Abbasi , M. Tabassum Aftab Alvi",Supreme Court of Azad Jammu & Kashmir,2004-01-01,7346,full_judgment,mixed,unknown,7518
2004_PLD_FSC_1,PLD 2004 FSC 1,ABDUL MAJID VS GOVERNMENT OF PAKISTAN - Honorable Justice DR. FIDA MUHAMMAD KHAN - ABDUL MAJID,Federal Shariat Court,2004-01-01,3158,full_judgment,mixed,unknown,6740
2004_PLD_HCAJK_1,PLD 2004 SC 1,"KHAN MUHAMMAD KHAN VS AZAD JAMMU AND KASHMIR GOVERNMENT - Honorable Justice Muhammad Reaz Akhtar Chaudhry - M. Tabassum Aftab Alvi , Syed Nazir Hussain Shah Kazmi",Supreme Court of Pakistan,2004-01-01,5069,full_judgment,mixed,unknown,6192
2004_PLD_KAR_1,PLD 2004 Kar 1,"Mst. AQILA BEGUM VS PAKISTAN EMPLOYEES COOPERATIVE HOUSING SOCIETY LTD - Honorable Justice MUSHIR ALAM - H.A. Rehmani and Mumtaz Ahmed Shaikh , Saifuddin, Ali Muhammad Memon, Nadeem Azhar Siddiqui",High Court of Sindh,2004-01-01,3227,full_judgment,mixed,disposed_of,3771
2004_PLD_LAH_1,PLD 2004 SC 1,"MOHSIN KHAN VS AHMAD ALI - Honorable Justice Mian Saqib Nisar - Syed Ijaz Qutab , Syed Maqbool Hussain",Supreme Court of Pakistan,2004-01-01,3015,full_judgment,mixed,unknown,3197
2004_PLD_PESH_1,PLD 2004 Pesh 1,"THE STATE VS MUHAMMAD RAJA - Honorable Justice IJAZ-UL-HASSAN KHAN - , Nek Nawaz Khan , Tariq Javed",Peshawar High Court,2004-01-01,4085,full_judgment,mixed,appeal_dismissed,4256
2004_PLD_QTA_1,PLD 2004 SC 1,"Haji BISMILLAH VS GOVERNMENT OF BALOCHISTAN - Honorable Justice FAZAL-UR-REHMAN - Shakil Ahmed and Ayaz Zahoor , Zahid Malik , Sh. Ghulam Ahmed & Muhammad Aslam Chishti",Supreme Court of Pakistan,2004-01-01,6293,full_judgment,mixed,unknown,4042
2004_PLD_SC_1,PLD 2004 SC 1,"Mst. KHALIDA PERVEEN VS MUHAMMAD SULTAN MEHMOOD - Honorable Justice IFTIKHAR MUHAMMAD CHAUDHRY - Malik Muhammad Azam Rasul , M. Kowkab Iqbal",Supreme Court of Pakistan,2004-01-01,1625,full_judgment,mixed,appeal_allowed,2420
2004_PLD_LAH_7,PLD 2004 Lah 7,"NASEER ALI SHAH VS ABDUL GHANI - Honorable Justice Syed Zahid Hussain - Aziz Ahmad Malik , Malik Muhammad Qasim Joya",Lahore High Court,2004-01-01,1045,full_judgment,mixed,unknown,1837
2004_PLD_SC_7,PLD 2004 SC 7,"ADIL TEXTILE MILLS LIMITED VS WATER AND POWER DEVELOPMENT AUTHORITY - Honorable Justice JAVED IQBAL - S. M. Tayyab , Nemo",Supreme Court of Pakistan,2004-01-01,1594,full_judgment,mixed,unknown,2107
2004_PLD_LAH_9,PLD 2004 Lah 9,"IRSHAD AHMED VS DIRECTOR, ANTI-CORRUPTION, LAHORE - Honorable Justice M. Bilal Khan - Mirza Aziz-ur-Rehman , Rana Muhammad Saleem",Lahore High Court,2004-01-01,1751,full_judgment,mixed,petition_dismissed,2030
2004_PLD_PESH_9,PLD 2004 Pesh 9,"MIRA KHAN VS THE STATE - Honorable Justice Ijaz-ul-Hassan Khan - H. Zahir Shah , Malik Akhta",Peshawar High Court,2004-01-01,1003,full_judgment,mixed,unknown,1897
2004_PLD_HCAJK_12,PLD 2004 AJ&K HC 12,"GHULAM HUSSAIN VS Syed KHALIL HUSSAIN SHAH - Honorable Justice Ghulam Mustafa Mughal - Ch Khalid Rasheed , Raja Muhammad Siddique Khan",High Court of Azad Jammu & Kashmir,2004-01-01,2387,full_judgment,mixed,appeal_dismissed,2375
2004_PLD_LAH_12,PLD 2004 Lah 12,"Mst. BHAGAY VS Mst. FATIMA BIBI - Honorable Justice Hian Saqib Nisar - Shafqat Mahmood , Chaudhry Manzoor Hussain Basra",Lahore High Court,2004-01-01,2813,full_judgment,mixed,unknown,3980
2004_PLD_PESH_15,PLD 2004 Pesh 15,ZEB SAR VS Mst. KOSAR - Honorable Justice IJAZ-UL-HASSAN KHAN - Sh. Wazir Muhammad,Peshawar High Court,2004-01-01,2863,full_judgment,mixed,petition_dismissed,3800
2004_PLD_SC_15,PLD 2004 SC 15,"Sh. HUKMAT KHAN- VS HASHIM KHAN - Honorable Justice MIAN MUHAMMAD AJMAL - Malik Qamar Afzal , Sh. Zamir Hussain",Supreme Court of Pakistan,2004-01-01,2480,full_judgment,mixed,unknown,2130
2004_PLD_SCAJK_17,PLD 2004 AJ&K SC 17,MUHAMMAD YOUNUS VS SHAHNAZ BEGUM - Honorable Justice Muhammad Yunus Surakhvi - Ch. Muhammad Riaz Alam,Supreme Court of Azad Jammu & Kashmir,2004-01-01,1403,full_judgment,mixed,appeal_dismissed,1586
2004_PLD_HCAJK_17,PLD 2004 AJ&K HC 17,"AQAL HUSSAIN VS MUHAMMAD ASLAM KHAN - Honorable Justice Sardar Muhammad Nawaz Khan - Sardar Khan , Sardar Shahzad",High Court of Azad Jammu & Kashmir,2004-01-01,2203,full_judgment,mixed,unknown,2953
2004_PLD_KAR_17,PLD 2004 Kar 17,"ABDUL HAMEED KHAN VS Mrs. SAEEDA KHALID KAMAL KHAN - Honorable Justice Muhammad Moosa K. Leghari - A. Rauf , Abid S. Zuberi",High Court of Sindh,2004-01-01,4996,full_judgment,mixed,unknown,3796
2004_PLD_LAH_17,PLD 2004 SC 17,"MUHAMMAD RAMZAN VS FATIMA - Honorable Justice Muhammad Sair Ali - Ch. Abdul Rehman Madni , Mian Muhammad Ashraf Tanvir",Supreme Court of Pakistan,2004-01-01,2090,full_judgment,mixed,appeal_allowed,3368
2004_PLD_SCAJK_20,PLD 2004 AJ&K SC 20,"MUHAMMAD HUSSAIN VS DANA BEGUM - Honorable Justice MUHAMMAD YUNUS SURAKHAVI - Raja Fazal Hussain Rabbani , Muhammad Yunus Arvi",Supreme Court of Azad Jammu & Kashmir,2004-01-01,2291,full_judgment,mixed,appeal_dismissed,2411
2004_PLD_PESH_20,PLD 2004 Pesh 20,"ALI RAZA VS FAZAL WAHID - Honorable Justice Dost Muhammad Khan - Javed A. Khan , Syed Manzoor Ahmad",Peshawar High Court,2004-01-01,4747,full_judgment,mixed,unknown,5801
2004_PLD_SC_20,PLD 2004 SC 20,"CANAL VIEW COOPERATIVE HOUSING SOCIETY VS JAVED IQBAL - Honorable Justice RANA BHAGWANDAS - Chaudhry Khurshid Ahmad , Muhammad Yasin Chughtai",Supreme Court of Pakistan,2004-01-01,1997,full_judgment,mixed,appeal_dismissed,2660
2004_PLD_SC_25,PLD 2004 SC 25,"BOARD OF INTERMEDIATE AND SECONDARY EDUCATION VS Hafiz AHMAD SUFYAN - Honorable Justice KHALIL-UR-REHMAN RAMDAY - Dr. M. Mohy-ud-Din Qazi , Ch. Ali Muhammad",Supreme Court of Pakistan,2004-01-01,3796,full_judgment,mixed,unknown,3930
2004_PLD_SCAJK_30,PLD 2004 AJ&K SC 30,"AZAD JAMMU AND KASHMIR BOARD OF INTERMEDIATE VS Eng. MUHAMMAD KHALID - Honorable Justice CHAUDHAR MUHAMMAD TAJ - Ch. Muhammad Azam Khan , Sultan Mahmood",Supreme Court of Azad Jammu & Kashmir,2004-01-01,1917,full_judgment,mixed,leave_granted,1383
2004_PLD_HCAJK_30,PLD 2004 AJ&K HC 30,"Ch. MUHAMMAD SALEEM VS COMMISSIONER MIRPUR DIVISION, MIRPUR - Honorable Justice Before Ghulam Mustafa Mughal, J - Ch. Muhalnmad Azam Khan and Ch. Khalid Rashid , Ch. Muhammad Reaz Alam and Sardar Muhammad Raziq",High Court of Azad Jammu & Kashmir,2004-01-01,3915,full_judgment,mixed,unknown,2389
2004_PLD_PESH_30,PLD 2004 Pesh 30,"LAIQ DAD VS Mst. NOOR JEHAN - Honorable Justice Shah Jehan Khan - Abdul Raziq Khan , Haji M. Zahir Shah",Peshawar High Court,2004-01-01,4227,full_judgment,mixed,unknown,3781
2004_PLD_LAH_31,PLD 2004 Lah 31,"USMAN ALI VS MEMBER (JUDICIAL-III), BOARD OF REVENUE, PUNJAB, LAHORE - Honorable Justice Muhammad Akhtar Shabbir - Chudhary Inayat Ullah Khan , Sardar Muhammad Aslam Sakhera",Lahore High Court,2004-01-01,3393,full_judgment,mixed,unknown,5805
2004_PLD_QTA_31,PLD 2004 Quetta 31,"MUHAMMAD ASHRAF VS THE STATE - Honorable Justice Muhammad Nadir Khan Durrani - W.N. Kohli , Asstt. A.-G.",High Court of Balochistan,2004-01-01,3673,full_judgment,mixed,unknown,1902
2004_PLD_SCAJK_35,PLD 2004 AJ&K SC 35,"ZARAIT ULLAH KHAN VS FAZAL AHMAD and 29 others - Honorable Justice CHAUDHARY MUHAMMAD TAJ - Muhammad Yunus Tahir , Raja Tariq Pervez Nawabi",Supreme Court of Azad Jammu & Kashmir,2004-01-01,2560,full_judgment,mixed,remanded,1853
2004_PLD_KAR_35,PLD 2004 Kar 35,"EMIRATES INTERNATIONAL AIRLINES OF U.A.E., KARACHI VS FEDERATION OF PAKISTAN - Honorable Justice Ata-ur-Rehman and S. Ali Aslam Jafri - Ikram Ansari , Altaf Hussain , Abdul Karim Khan",High Court of Sindh,2004-01-01,782,full_judgment,mixed,unknown,1771
2004_PLD_SC_35,PLD 2004 SC 35,"SHAH JEHAN VS THE STATE - Honorable Justice MIAN MUHAMMAD AJMAL - Abdul Fattah Malik , Nemo",Supreme Court of Pakistan,2004-01-01,2360,full_judgment,mixed,leave_refused,2172
2004_PLD_HCAJK_38,PLD 2004 AJ&K HC 38,"MUHAMMAD SHARIF KHAN VS Raja MUHAMMAD FARID KHAN - Honorable Justice Before Sardar Muhammad Nawaz Khan, J - Sardar Khan , Said Hussain Kayani",High Court of Azad Jammu & Kashmir,2004-01-01,2556,full_judgment,mixed,unknown,4270
2004_PLD_KAR_38,PLD 2004 Kar 38,"ALI DOST VS THE STATE - Honorable Justice Rahmat Hussain Jafferi and Gulzar Ahmed - Muhammad Ayaz Soomro , Ali Azher Tunio",High Court of Sindh,2004-01-01,994,full_judgment,mixed,unknown,1083
2004_PLD_LAH_38,PLD 2004 Lah 38,"SHAH MUQEEM PRESS CLUB VS CHIEF MINISTER - Honorable Justice Muhammad Ghani - Raja Mehmood Akhtar , Akhtar Ali Kureshe",Lahore High Court,2004-01-01,2433,full_judgment,mixed,unknown,2974
2004_PLD_PESH_38,PLD 2004 Pesh 38,ASIMULLAH KHAN VS IHSAN ULLAH KHAN - Honorable Justice Talaat Qayum Qureshi - Ziaur Rehman,Peshawar High Court,2004-01-01,1221,full_judgment,mixed,unknown,1569
2004_PLD_QTA_39,PLD 2004 Quetta 39,"THE STATE VS QADIR BAKHSH - Honorable Justice AMANULLAH KHAN - , Abdul Waheed Katpar and H. Shakil Ahmed , M. Jaffar Raza",High Court of Balochistan,2004-01-01,3518,full_judgment,mixed,unknown,3466
2004_PLD_SC_39,PLD 2004 SC 39,"THE STATE VS MUHAMMAD SHAFIQUE - Honorable Justice NAZIM HUSSAIN SIDDIQUI - , Abdul Mujeeb Peerzada , Dr. Qazi Khalid,",Supreme Court of Pakistan,2004-01-01,2310,full_judgment,mixed,leave_granted,2827
2004_PLD_SCAJK_40,PLD 2004 AJ&K SC 40,"THE STATE VS NASEER AHMED - Honorable Justice KHAWAJA MUHAMMAD SAEED - , Muhammad Idrees Mughal , Raja Ibrar Hussain",Supreme Court of Azad Jammu & Kashmir,2004-01-01,2195,full_judgment,mixed,appeal_dismissed,2741
2004_PLD_KAR_40,PLD 2004 Kar 40,MARBLE INTERNATIONAL (PVT.) LTD. VS KARACHI ELECTRICAL SUPPLY CORPORATION - Honorable Justice Muhammad Roshan Essani and Khilji Arif Hussain - Munib Ahmed Khan,High Court of Sindh,2004-01-01,1508,full_judgment,mixed,unknown,1643
2004_PLD_PESH_40,PLD 2004 Pesh 40,MILITARY ESTATE OFFICER VS Syed QAMOOS SHAH - Honorable Justice Talaat Qayum Qureshi -,Peshawar High Court,2004-01-01,1494,full_judgment,mixed,appeal_dismissed,2421
2004_PLD_HCAJK_43,PLD 2004 AJ&K HC 43,"MUHAMMAD AFZAL VS KHUSH-HAL - Honorable Justice Before Muhammad Reaz Akhtar Chaudhry, J - Miss Nabeela Nazir , Sh. Abdul Aziz",High Court of Azad Jammu & Kashmir,2004-01-01,2418,full_judgment,mixed,unknown,4285
2004_PLD_KAR_43,PLD 2004 Kar 43,"Messrs ATIF BUILDERS PVT. LTD. VS GOVERNMENT OF SINDH - Honorable Justice Sabihuddin Ahmed and S. Ali Aslam Jafri - S. M. Sayeed , Dr. Kazi Khalid Ali",High Court of Sindh,2004-01-01,1020,full_judgment,mixed,unknown,1820
2004_PLD_LAH_43,PLD 2004 Lah 43,"MUHAMMAD ZAFARULLAH KHAN VS HASAN MUHAMMAD - Honorable Justice Mian Saqib Nisar - Ch. Mushtaq Ahmad and Ch. Muhammad Zafar Iqbal , Syed Muhammad Zain-ul-Abedin",Lahore High Court,2004-01-01,2169,full_judgment,mixed,unknown,2631
2004_PLD_PESH_44,PLD 2004 Pesh 44,"DIRECTOR (IS & ML), N.W. F. P VS DISTRICT LAND ACQUISITION COLLECTOR - Honorable Justice Ejaz Afzal Khan - Sikandar Rashid , Muhammad Alam Khan",Peshawar High Court,2004-01-01,1429,full_judgment,mixed,remanded,1827
2004_PLD_SC_44,PLD 2004 SC 44,"MUHAMMAD AKBAR VS THE STATE - Honorable Justice MIAN MUHAMMAD AJMAL - Sahibzada Ahmad Raza Khan Kasuri , Miss Afshan Ghazanfar",Supreme Court of Pakistan,2004-01-01,3014,full_judgment,mixed,leave_granted,3812
2004_PLD_SCAJK_45,PLD 2004 AJ&K SC 45,"Ch. MUHAMMAD ALTAF and another VS MUHAMMAD SADIQ and 9 others - Honorable Justice KHAWAJA MUHAMMAD SAEED - Muhammad Yunus Tahir , Ch. Muhammad Sharif Tariq",Supreme Court of Azad Jammu & Kashmir,2004-01-01,3130,full_judgment,mixed,appeal_dismissed,3471
2004_PLD_KAR_45,PLD 2004 Kar 45,"MOOSA VS ZAFAR MUHAMMAD GAZNAVI - Honorable Justice KHILJI ARIF HUSSAIN - Moula Bux Bhatti , Ghulam Abbas",High Court of Sindh,2004-01-01,1778,full_judgment,mixed,disposed_of,2756
2004_PLD_LAH_47,PLD 2004 Lah 47,"BOSTAN VS LAND ACQUISITION COLLECTOR, RAWALPINDI - Honorable Justice Tanvir Bashir Ansari - Sh. Zamir Hussain , Raja Muhammad Akram",Lahore High Court,2004-01-01,4729,full_judgment,mixed,unknown,5624
2004_PLD_PESH_47,PLD 2004 Pesh 47,"NAZEEM KHAN VS INSPECTOR-GENERAL OF PRISONS, GOVERNMENT OF N.-W.F.P. - Honorable Justice DOST MUHAMMAD KHAN - Abdul Sattar Khan and Noor Alam Khan , Akhtar Naveed",Peshawar High Court,2004-01-01,3434,full_judgment,mixed,unknown,9202
2004_PLD_QTA_47,PLD 2004 Quetta 47,"NADIA MEHREEN VS BOLAN MEDCIAL COLLEGE - Honorable Justice RAJA FAYYAZ AHMED - H. Shakeel Ahmed , Salahuddin Mengal",High Court of Balochistan,2004-01-01,7630,full_judgment,mixed,petition_dismissed,4883
2004_PLD_HCAJK_55,PLD 2004 AJ&K HC 55,"FAZAL HUSSAIN VS ALI BEGUM and 41 others - Honorable Justice Muhammad Reaz Akhtar Chaudhry - Sardar Muhammad Azam Khan , Ch. Muhammad Sabir",High Court of Azad Jammu & Kashmir,2004-01-01,3118,full_judgment,mixed,unknown,2774
2004_PLD_KAR_55,PLD 2004 Kar 55,"MUHAMMAD SIDDIQUE VS DIRECTOR-GENERAL, CIVIL AVIATION AUTHORITY - Honorable Justice Muhammad Roshan Essani and Khilji Arif Hussain - Ghulam Rasool Rind , Faisal Kamal",High Court of Sindh,2004-01-01,991,full_judgment,mixed,petition_dismissed,1513
2004_PLD_SC_55,PLD 2004 SC 55,"SHAFAULLAH KHAN NIAZI VS DEPUTY DIRECTOR, FOOD DEPARTMENT, MULTAN - Honorable Justice HAMID ALI MIRZA - Syed Zulfiqar Abbas Naqvi , Nemo",Supreme Court of Pakistan,2004-01-01,670,full_judgment,mixed,appeal_dismissed,1541
2004_PLD_KAR_57,PLD 2004 Kar 57,"Syed ALLAUDDIN SHAH VS SECRETARY INDUSTRIES, GOVERNMENT OF SINDH - Honorable Justice KHILJI ARIF HUSSAIN - Zia Ahmed Awan , Manzoor Ahmad , Muhammad Sarwar Khan",High Court of Sindh,2004-01-01,1416,full_judgment,mixed,unknown,2073
2004_PLD_SC_57,PLD 2004 SC 57,"MAHMOOD AHMAD VS AZIZ - Honorable Justice SARDAR MUHAMMD RAZA KHAN - Ch. Muhammad Aslam Sandhu , Malik Muhammad, Nawaz",Supreme Court of Pakistan,2004-01-01,994,full_judgment,mixed,leave_granted,2485
2004_PLD_PESH_59,PLD 2004 Pesh 59,"AQAL KHAN VS THE STATE - Honorable Justice IJAZ-UL-HASSAN KHAN - Noor Alam Khan , Hamid Farooq Hussain",Peshawar High Court,2004-01-01,1557,full_judgment,mixed,appeal_dismissed,1354
1967_PLD_LAH_159,PLD 1967 Lah 159,A. V.ISAACS VS FEDERATION OF PAKISTAN -,Lahore High Court,1967-01-01,8114,full_judgment,mixed,appeal_allowed,949
1967_PLD_SC_167,PLD 1967 SC 167,MUHAMMAD SHAFI VS STATE -,Supreme Court of Pakistan,1967-01-01,9354,full_judgment,mixed,unknown,4606
1967_PLD_LAH_171,PLD 1967 Lah 171,KARAMATULLAH KHAN VS GOVERNMENT OF WEST PAKISTAN -,Lahore High Court,1967-01-01,2848,full_judgment,mixed,leave_granted,1614
1967_PLD_SC_175,PLD 1967 SC 175,GHULAM MUHAMMAD VS STATE -,Supreme Court of Pakistan,1967-01-01,3262,full_judgment,mixed,appeal_allowed,3173
1967_PLD_SC_179,PLD 1967 SC 179,"COLONY TEXTILE MILLS VS ASSISTANT DIRECTOR, LABOUR -",Supreme Court of Pakistan,1967-01-01,6693,full_judgment,mixed,unknown,7259
1967_PLD_LAH_184,PLD 1967 Lah 184,MUHAMMAD ISMAIL VS MUHAMMAD CHIRAGH -,Lahore High Court,1967-01-01,2669,full_judgment,mixed,petition_dismissed,1287
1967_PLD_LAH_186,PLD 1967 Lah 186,RAMZAN BIBI VS MUZAFFAR HUSSAIN -,Lahore High Court,1967-01-01,3547,full_judgment,mixed,petition_allowed,714
1967_PLD_LAH_190,PLD 1967 Lah 190,STATE VS MUHAMMAD ABBAS -,Lahore High Court,1967-01-01,4250,full_judgment,mixed,unknown,3372
1967_PLD_LAH_196,PLD 1967 Lah 196,SAEED AHMAD VS ZAIT-UN-NISA -,Lahore High Court,1967-01-01,2421,full_judgment,mixed,appeal_dismissed,804
1967_PLD_LAH_199,PLD 1967 Lah 199,DIN MUHAMMAD VS STATE -,Lahore High Court,1967-01-01,5805,full_judgment,mixed,appeal_allowed,519
1992_PLD_FSC_1,PLD 1992 Isl 1,"DR. MAHMOOD-UR-RAHMAN FAISAL VS SECRETARY, MINISTRY OF LAW, JUSTICE AND PARLIAMENTARY AFFAIRS, GOVERNMENT OF PAKISTAN, ISLAMABAD -",Islamabad High Court,1992-01-01,67362,full_judgment,mixed,unknown,64939
1967_PLD_LAH_204,PLD 1967 Lah 204,GHULAM MOHYUDDIN VS FEDERATION OF PAKISTAN -,Lahore High Court,1967-01-01,6451,full_judgment,mixed,unknown,2615
1992_PLD_KAR_1,PLD 1992 Kar 1,LAKSON TOBACCO COMPANY LTD. VS REGISTRAR OF TRADE MARKS -,High Court of Sindh,1992-01-01,852,full_judgment,mixed,appeal_allowed,836
1967_PLD_KAR_216,PLD 1967 Kar 216,STATE BANK OF PAKISTAN VS KARACHI DEVELOPMENT AUTHORITY -,High Court of Sindh,1967-01-01,6554,full_judgment,mixed,unknown,1746
1992_PLD_PESH_1,PLD 1992 Pesh 1,AHMAD HASAN VS ABDULLAH -,Peshawar High Court,1992-01-01,5333,full_judgment,mixed,unknown,6273
1992_PLD_QTA_1,PLD 1992 Quetta 1,"AZIZULLAH MEMON, ADVOCATE VS PAKISTAN -",High Court of Balochistan,1992-01-01,3481,full_judgment,mixed,unknown,1224
1992_PLD_SC_1,PLD 1992 SC 1,MUHAMMAD ASLAM VS MUHAMMAD ZAFAR -,Supreme Court of Pakistan,1992-01-01,4769,full_judgment,mixed,unknown,4771
1992_PLD_LAH_3,PLD 1992 Lah 3,MUHAMMAD NAWAZ KHAN VS KHAN ZAMMAN KHAN -,Lahore High Court,1992-01-01,5099,full_judgment,mixed,unknown,7540
1992_PLD_LAH_4,PLD 1992 Lah 4,GHULAM QADI VS MUHAMMAD KHAN -,Lahore High Court,1992-01-01,6351,full_judgment,mixed,unknown,7724
1967_PLD_LAH_229,PLD 1967 Lah 229,VS -,Lahore High Court,1967-01-01,3956,full_judgment,mixed,petition_dismissed,882
1967_PLD_SC_233,PLD 1967 SC 233,MUHAMMAD SADIQ VS FATEH MUHAMMAD -,Supreme Court of Pakistan,1967-01-01,8904,full_judgment,mixed,unknown,5413
1992_PLD_LAH_7,PLD 1992 Lah 7,GHULAM QADI VS BATI -,Lahore High Court,1992-01-01,1316,full_judgment,mixed,petition_dismissed,1875
1967_PLD_SC_241,PLD 1967 SC 241,PAKISTAN TOBACCO CO. LTD. VS KARACHI MUNICIPAL CORPORATION -,Supreme Court of Pakistan,1967-01-01,8491,full_judgment,mixed,unknown,6484
1992_PLD_QTA_9,PLD 1992 Quetta 9,"NAZAR MUHAMMAD VS ABDUL RAUF - Honorable Justice Iftikhar Muhammad Chaudhry - Aslam Chishti , Muhammad Zafar",High Court of Balochistan,1992-01-01,4208,full_judgment,mixed,revision_dismissed,3373
1992_PLD_LAH_11,PLD 1992 Lah 11,ABDUL AZIZ VS ABDUL RAZZAQ -,Lahore High Court,1992-01-01,2381,full_judgment,mixed,remanded,5426
1992_PLD_SC_11,PLD 1992 SC 11,RAMZAN VS THE STATE -,Supreme Court of Pakistan,1992-01-01,1073,full_judgment,mixed,leave_granted,1515
1967_PLD_SC_249,PLD 1967 SC 249,FEDERATION OF PAKISTAN VS ALI IHSAN -,Supreme Court of Pakistan,1967-01-01,10549,full_judgment,mixed,appeal_dismissed,4650
1992_PLD_LAH_14,PLD 1992 Lah 14,SHAIMR KHAN VS MUHAMMAD IQBAL -,Lahore High Court,1992-01-01,2898,full_judgment,mixed,unknown,2872
1967_PLD_KAR_258,PLD 1967 Kar 258,"MUHAMMAD TUFAIL AND OTHERS VS SETTLEMENT AND REHABILITATION COMMISSIONER, HYDERABAD AND OTHERS -",High Court of Sindh,1967-01-01,7615,full_judgment,mixed,unknown,3110
1992_PLD_SC_14,PLD 1992 SC 14,BHAI KHA VS THE STATE -,Supreme Court of Pakistan,1992-01-01,7207,full_judgment,mixed,leave_granted,6097
1992_PLD_KAR_15,PLD 1992 Kar 15,COLGATE- PALMOLIVE VS ASSISTANT REGISTRAR -,High Court of Sindh,1992-01-01,1099,full_judgment,mixed,unknown,1157
1992_PLD_PESH_18,PLD 1992 Pesh 18,SHAH BEHRAM VS AKBAR KHAN -,Peshawar High Court,1992-01-01,4270,full_judgment,mixed,unknown,6527
1992_PLD_LAH_21,PLD 1992 Lah 21,ARI VS LALA -,Lahore High Court,1992-01-01,2757,full_judgment,mixed,unknown,3883
1992_PLD_QTA_21,PLD 1992 Quetta 21,KHUDA-E-DAD VS BIBI NAZIRAN -,High Court of Balochistan,1992-01-01,3705,full_judgment,mixed,disposed_of,2526
1967_PLD_SC_279,PLD 1967 SC 279,"NORTH BENGAL SUGAR MILLS VS DISTRICT MAGISTRATE, RAJSHAHI -",Supreme Court of Pakistan,1967-01-01,11123,full_judgment,mixed,unknown,7722
1967_PLD_KAR_281,PLD 1967 Kar 281,ABDUL MATIN VS COMMISSIONER OF KARACHI AND OTHERS -,High Court of Sindh,1967-01-01,11961,full_judgment,mixed,unknown,9671
1967_PLD_SC_289,PLD 1967 SC 289,AMIN ULLAH VS PANNU RAM -,Supreme Court of Pakistan,1967-01-01,4064,full_judgment,mixed,unknown,2609
1992_PLD_PESH_26,PLD 1992 Pesh 26,MUHAMMAD RAFIQUE ALIAS FIQA VS DISTRICT MAGISTRATE MANSEHRA -,Peshawar High Court,1992-01-01,1593,full_judgment,mixed,petition_allowed,1340
1967_PLD_SC_293,PLD 1967 SC 293,ABDUR REHMAN VS FAZAL QADIM KHAN -,Supreme Court of Pakistan,1967-01-01,1109,full_judgment,mixed,petition_dismissed,1029
1992_PLD_KAR_29,PLD 1992 Kar 29,CENTRAL COTTON MILLS LTD VS GULZAR AHMAD -,High Court of Sindh,1992-01-01,4766,full_judgment,mixed,unknown,5071
1992_PLD_QTA_30,PLD 1992 SC 30,GOPI CHAND VS PEHLAJ RAI -,Supreme Court of Pakistan,1992-01-01,6317,full_judgment,mixed,unknown,4946
1992_PLD_SC_30,PLD 1992 SC 30,RAHIM NOO VS SALIM BIBI -,Supreme Court of Pakistan,1992-01-01,515,full_judgment,mixed,leave_refused,693
1967_PLD_SC_299,PLD 1967 SC 299,SUKKUR MUNICIPAL COMMITTEE VS MUZAFFARUDDIN -,Supreme Court of Pakistan,1967-01-01,8430,full_judgment,mixed,appeal_allowed,6758
1992_PLD_SC_31,PLD 1992 SC 31,MUHAMMAD HAFIZ JAVAID VS SECRETARY DEPT. OF AGARICULRURE GOVT. OF PUNJAB -,Supreme Court of Pakistan,1992-01-01,2759,full_judgment,mixed,leave_granted,2784
1992_PLD_PESH_33,PLD 1992 Pesh 33,MUHAMMAD ISLAM VS NAUROZ -,Peshawar High Court,1992-01-01,1614,full_judgment,mixed,unknown,3323
1967_PLD_SC_307,PLD 1967 SC 307,ALIM VS STATE -,Supreme Court of Pakistan,1967-01-01,8506,full_judgment,mixed,unknown,4753
1992_PLD_SC_37,PLD 1992 SC 37,MUHAMMAD RAFIQ VS HASHMAT ALI -,Supreme Court of Pakistan,1992-01-01,1118,full_judgment,mixed,leave_refused,2465
1992_PLD_SC_39,PLD 1992 SC 39,COMMISSIONER OF SALES TAX LAHORE VS LAHORE TEXTILE & GENERAL MILLS LTD. -,Supreme Court of Pakistan,1992-01-01,3084,full_judgment,mixed,unknown,6490
1992_PLD_SC_47,PLD 1992 SC 47,MOSAM KHAN VS MIR ALAM KHAN -,Supreme Court of Pakistan,1992-01-01,2394,full_judgment,mixed,leave_refused,3362
1967_PLD_SC_354,PLD 1967 SC 354,HAQ NAWAZ VS MUHAMMAD AFZAL -,Supreme Court of Pakistan,1967-01-01,2082,full_judgment,mixed,leave_granted,1414
1992_PLD_SC_67,PLD 1992 SC 67,SHUKAR DIN VS INAM ULLAH -,Supreme Court of Pakistan,1992-01-01,553,full_judgment,mixed,appeal_dismissed,1068
1992_PLD_PESH_71,PLD 1992 Pesh 71,SAID KHANUM VS MUNSIF KHAN -,Peshawar High Court,1992-01-01,1060,full_judgment,mixed,remanded,1470
1967_PLD_SC_363,PLD 1967 SC 363,MUHAMMAD RAZZAQ VS STATE -,Supreme Court of Pakistan,1967-01-01,4662,full_judgment,mixed,unknown,4819
1992_PLD_QTA_75,PLD 1992 Quetta 75,"W.A.S.A. VS NIAZ MUHAMMAD - Honorable Justice MUNAWAR AHMED MIRZA - Sharifuddin Pirzada and Ehsanul Haq , Ch. Ejaz Yousuf",High Court of Balochistan,1992-01-01,4192,full_judgment,mixed,disposed_of,3221
1967_PLD_LAH_372,PLD 1967 Lah 372,ATTA MUHAMMAD VS REHMAT ALI -,Lahore High Court,1967-01-01,2869,full_judgment,mixed,petition_dismissed,641
1992_PLD_SC_80,PLD 1992 SC 80,ABDUL RASHID VS ADDL. SETTLEMENT COMMISSIONER LAHORE. -,Supreme Court of Pakistan,1992-01-01,1218,full_judgment,mixed,appeal_allowed,1656
1992_PLD_SC_83,PLD 1992 SC 83,MEHBOOB ALI BUTT. VS IJAZ AHMAD KHAN DEPUTY SETTLEMENT COMMISSIONER -,Supreme Court of Pakistan,1992-01-01,1253,full_judgment,mixed,appeal_allowed,2277
1967_PLD_LAH_375,PLD 1967 Lah 375,MUHAMMAD ASLAM VS CHIEF SETTLEMENT AND REHABILITATION COMMISSIONER -,Lahore High Court,1967-01-01,4087,full_judgment,mixed,petition_allowed,2468
1967_PLD_LAH_378,PLD 1967 Lah 378,FAZAL DIN VS ABDUL HAMID -,Lahore High Court,1967-01-01,4172,full_judgment,mixed,appeal_dismissed,1074
1967_PLD_KAR_388,PLD 1967 Kar 388,MESSRS ZAMINDAR COTTON FACTORY VS BURMA OIL MILLS LTD. -,High Court of Sindh,1967-01-01,15912,full_judgment,mixed,unknown,2012
1992_PLD_PESH_94,PLD 1992 Pesh 94,ABDUL HALEEM VS THE STATE -,Peshawar High Court,1992-01-01,585,full_judgment,mixed,unknown,880
1967_PLD_SC_402,PLD 1967 SC 402,KHIZAR HAYAT KHAN TIWANA VS ZAINAB BEGUM -,Supreme Court of Pakistan,1967-01-01,9870,full_judgment,mixed,unknown,5467
1967_PLD_LAH_408,PLD 1967 Lah 408,IJLAS AHMAD SIDDIQI VS MUNICIPAL COMMITTEE -,Lahore High Court,1967-01-01,10981,full_judgment,mixed,unknown,6052
1992_PLD_LAH_99,PLD 1992 SC 99,SAKINA BIBI VS FEDERATION OF PAKISTAN -,Supreme Court of Pakistan,1992-01-01,13706,full_judgment,mixed,unknown,19382
1992_PLD_SC_102,PLD 1992 SC 102,BAB VS JALAL DIN -,Supreme Court of Pakistan,1992-01-01,1186,full_judgment,mixed,leave_refused,1448
1967_PLD_SC_418,PLD 1967 SC 418,ZULFIQAR ALI VS AKHTAR ISLAM -,Supreme Court of Pakistan,1967-01-01,8168,full_judgment,mixed,appeal_dismissed,5609
1992_PLD_SC_104,PLD 1992 SC 104,MUHAMMAD ASLAM VS MAHMOOD ALI -,Supreme Court of Pakistan,1992-01-01,4064,full_judgment,mixed,leave_granted,4254
1967_PLD_SC_425,PLD 1967 SC 425,FALAK SHER VS STATE -,Supreme Court of Pakistan,1967-01-01,3034,full_judgment,mixed,unknown,2552
1967_PLD_SC_428,PLD 1967 SC 428,IRFANULLAH KHAN VS CHIEF SETTLEMENT COMMISSIONER -,Supreme Court of Pakistan,1967-01-01,9288,full_judgment,mixed,unknown,3342
1992_PLD_PESH_117,PLD 1992 Pesh 117,MUSHTAQ HUSSAIN VS GOVERNMENT OF N.W.F.P. -,Peshawar High Court,1992-01-01,1632,full_judgment,mixed,unknown,1925
1967_PLD_SC_437,PLD 1967 SC 437,ABDUL MAJID VS CHIEF SETTLEMENT COMMISSIONER -,Supreme Court of Pakistan,1967-01-01,6246,full_judgment,mixed,unknown,3294
1967_PLD_LAH_439,PLD 1967 Lah 439,GHULAM HUSSAIN VS GHULAM MUSTAFA -,Lahore High Court,1967-01-01,13677,full_judgment,mixed,unknown,2908
1992_PLD_SC_127,PLD 1992 SC 127,FAQIR MUHAMMAD VS DIRECTOR OF NATIONAL SAVINGS -,Supreme Court of Pakistan,1992-01-01,7898,full_judgment,mixed,unknown,6630
1967_PLD_KAR_445,PLD 1967 Kar 445,"MESSRS TRANSOCEAN ASIA VS SECRETARY TO GOVERN-LENT OF PAKISTAN, MINISTRY OF AGRICULTURE AUTO WORKS -",High Court of Sindh,1967-01-01,5205,full_judgment,mixed,unknown,2122
1992_PLD_LAH_140,PLD 1992 Lah 140,MUHAMMAD SIDDIQUE KHAN VS DISTRICT MAGISTRATE -,Lahore High Court,1992-01-01,5375,full_judgment,mixed,unknown,7997
1992_PLD_PESH_144,PLD 1992 Pesh 144,QABIL SHAH VS SHADAY -,Peshawar High Court,1992-01-01,1397,full_judgment,mixed,revision_dismissed,1702
1967_PLD_LAH_459,PLD 1967 Lah 459,ABDUL MAJID VS PAKISTAN -,Lahore High Court,1967-01-01,32926,full_judgment,mixed,unknown,13687
1992_PLD_SC_144,PLD 1992 SC 144,MUHAMMAD ANWAR VS SECY. ESTABLISHMENT DIVISION -,Supreme Court of Pakistan,1992-01-01,1606,full_judgment,mixed,leave_granted,2831
1992_PLD_SC_147,PLD 1992 SC 147,PAK. RAILWAYS VS MUHAMMAD YOUSAF UDC -,Supreme Court of Pakistan,1992-01-01,2342,full_judgment,mixed,unknown,2640
1967_PLD_SC_479,PLD 1967 SC 479,PAKISTAN VS R. S. ROOPCHAND -,Supreme Court of Pakistan,1967-01-01,6811,full_judgment,mixed,unknown,2872
1992_PLD_PESH_156,PLD 1992 Pesh 156,MUHAMMAD ZAMAN VS THE STATE -,Peshawar High Court,1992-01-01,912,full_judgment,mixed,unknown,1210
1992_PLD_LAH_158,PLD 1992 Lah 158,SADIQ ALI VS TAJ DIN -,Lahore High Court,1992-01-01,3647,full_judgment,mixed,revision_allowed,2788
1992_PLD_PESH_158,PLD 1992 Pesh 158,MUHAMMAD AFSAR VS KHIAL MAST -,Peshawar High Court,1992-01-01,1369,full_judgment,mixed,remanded,1714
1992_PLD_LAH_167,PLD 1992 Lah 167,DAULAT VS MOHABBAT -,Lahore High Court,1992-01-01,720,full_judgment,mixed,appeal_dismissed,1688
1992_PLD_PESH_173,PLD 1992 Pesh 173,"MANAGER, FOREST OPERATION (MALAKAND CIRCLE) VS MUHAMMAD ZAMAN -",Peshawar High Court,1992-01-01,1447,full_judgment,mixed,unknown,2700
1967_PLD_KAR_521,PLD 1967 Kar 521,COMMISSIONER OF INCOME-TAX VS MESSRS HABIB BANK EXECUTORS & TRUSTEES CO. -,High Court of Sindh,1967-01-01,6683,full_judgment,mixed,unknown,2711
1967_PLD_LAH_528,PLD 1967 Lah 528,FAQIR MUHAMMAD VS FAZAL DIN -,Lahore High Court,1967-01-01,2842,full_judgment,mixed,unknown,674
1992_PLD_SC_190,PLD 1992 SC 190,GHULAM SARWAR VS CHARIMAN C.B.R -,Supreme Court of Pakistan,1992-01-01,1421,full_judgment,mixed,leave_granted,1510
1992_PLD_LAH_199,PLD 1992 Lah 199,MUHAMMAD ALTAF VS SECREATARY HEALTH -,Lahore High Court,1992-01-01,813,full_judgment,mixed,unknown,1321
1967_PLD_LAH_557,PLD 1967 Lah 557,MIRAJ DIN VS STATE -,Lahore High Court,1967-01-01,1641,full_judgment,mixed,unknown,853
1967_PLD_LAH_559,PLD 1967 Lah 559,AHMAD DIN VS SULTAN MUHAMMAD KHAN -,Lahore High Court,1967-01-01,5140,full_judgment,mixed,unknown,1665
1992_PLD_SC_211,PLD 1992 SC 211,MST. SHAMIM AKHTAR VS FIAZ AKHTAR -,Supreme Court of Pakistan,1992-01-01,5142,full_judgment,mixed,unknown,5449
1967_PLD_SC_559,PLD 1967 SC 559,ALLAH RAKHA VS SIRAJ DIN -,Supreme Court of Pakistan,1967-01-01,10124,full_judgment,mixed,unknown,3106
1967_PLD_LAH_566,PLD 1967 Lah 566,ABDUL KHALIQ VS CHIEF SETTLEMENT AND REHABILITATION COMMISSIONER -,Lahore High Court,1967-01-01,6011,full_judgment,mixed,petition_dismissed,5263
1967_PLD_SC_569,PLD 1967 SC 569,PRESIDING OFFICER VS SADRUDDIN ANSARI -,Supreme Court of Pakistan,1967-01-01,11851,full_judgment,mixed,unknown,9059
1992_PLD_SC_228,PLD 1992 SC 228,SAULAT HUSSAIN SHAH VS AMANAT ALI -,Supreme Court of Pakistan,1992-01-01,2038,full_judgment,mixed,appeal_dismissed,1852
1967_PLD_LAH_588,PLD 1967 Lah 588,RAMZAN VS STATE -,Lahore High Court,1967-01-01,6925,full_judgment,mixed,unknown,1187
1967_PLD_KAR_607,PLD 1967 Kar 607,ABDUL HAQUE VS MASOOD JAN AND ANOTHER -,High Court of Sindh,1967-01-01,1052,full_judgment,mixed,unknown,640
1967_PLD_LAH_607,PLD 1967 Lah 607,GHULAM FATIMA VS ABDUL GHANI -,Lahore High Court,1967-01-01,6597,full_judgment,mixed,petition_dismissed,4441
1992_PLD_SC_242,PLD 1992 SC 242,MUHAMMAD MAQSOOD VS W.A.P.D.A -,Supreme Court of Pakistan,1992-01-01,1910,full_judgment,mixed,appeal_dismissed,2600
1992_PLD_SC_248,PLD 1992 SC 248,MUHAMMAD ISHAQUE VS THE STATE -,Supreme Court of Pakistan,1992-01-01,986,full_judgment,mixed,appeal_dismissed,1743
1967_PLD_LAH_633,PLD 1967 Lah 633,IQBAL HUSSAIN SHAH VS ABDUL GHANI -,Lahore High Court,1967-01-01,5866,full_judgment,mixed,revision_dismissed,2747
1992_PLD_SC_250,PLD 1992 SC 250,ARKWAYS (PVT) LTD VS FEDERTION OF PAKISTAN -,Supreme Court of Pakistan,1992-01-01,687,full_judgment,mixed,unknown,1552
1992_PLD_LAH_258,PLD 1992 Lah 258,MUHAMAD NAZIR VS THE STATE -,Lahore High Court,1992-01-01,1410,full_judgment,mixed,unknown,3529
1967_PLD_LAH_649,PLD 1967 Lah 649,AHMAD DIN VS STATE -,Lahore High Court,1967-01-01,4240,full_judgment,mixed,appeal_dismissed,1068
1967_PLD_KAR_652,PLD 1967 Kar 652,THE STATE VS MUHAMMAD PINYAL -,High Court of Sindh,1967-01-01,11788,full_judgment,mixed,unknown,771
1992_PLD_SC_291,PLD 1992 SC 291,E.F.U.I CO. LTD VS AMERICAN PRESIDENT LINES -,Supreme Court of Pakistan,1992-01-01,13607,full_judgment,mixed,unknown,14583
1967_PLD_LAH_689,PLD 1967 Lah 689,MUHAMMAD AFZAL VS MIRAJ DIN -,Lahore High Court,1967-01-01,7444,full_judgment,mixed,petition_dismissed,3656
1992_PLD_LAH_295,PLD 1992 Lah 295,NAZIR HUSSAIN VS REHMAT BIBI -,Lahore High Court,1992-01-01,2607,full_judgment,mixed,unknown,3466
1992_PLD_LAH_302,PLD 1992 Lah 302,M.R.NAJMI VS REGISTRAR F.S.C -,Lahore High Court,1992-01-01,1634,full_judgment,mixed,appeal_dismissed,1831
1967_PLD_LAH_696,PLD 1967 Lah 696,MUHAMMAD RAMZAN VS BASHIR AHMED -,Lahore High Court,1967-01-01,2569,full_judgment,mixed,unknown,2147
1992_PLD_LAH_314,PLD 1992 Lah 314,MUHAMMAD HANIF VS THE STATE -,Lahore High Court,1992-01-01,3978,full_judgment,mixed,unknown,10264
1992_PLD_LAH_323,PLD 1992 Lah 323,MUHAMMAD RAMZAN VS DY COMMISSIONER -,Lahore High Court,1992-01-01,1010,full_judgment,mixed,petition_allowed,2208
1992_PLD_SC_324,PLD 1992 SC 324,FAIZA MALIK VS CHAIRMAN B.I.S.E -,Supreme Court of Pakistan,1992-01-01,1600,full_judgment,mixed,leave_granted,4721
1992_PLD_LAH_329,PLD 1992 Lah 329,MUHAMMAD ANWAR VS THE STATE -,Lahore High Court,1992-01-01,1791,full_judgment,mixed,revision_allowed,859
1992_PLD_SC_333,PLD 1992 SC 333,SHAMIR KHAN VS MEMBER (CONS.) B.O.R -,Supreme Court of Pakistan,1992-01-01,1804,full_judgment,mixed,leave_granted,2016
1968_PLD_LAH_1,PLD 1968 Lah 1,"MUHAMMAD HUSSAIN AND 5 OTHERS CONVICT VS THE STATE THROUGH SUPERINTENDENT, DISTRICT JAIL, LAHORE -",Lahore High Court,1968-01-01,10789,full_judgment,mixed,unknown,5078
1968_PLD_SC_1,PLD 1968 SC 1,MUHAMMAD IBRAHIM VS PROVINCE OF WEST PAKISTAN -,Supreme Court of Pakistan,1968-01-01,15587,full_judgment,mixed,unknown,5861
1991_PLD_FSC_1,PLD 1991 FSC 1,ZEB-UL-HARAM VS THE STATE -,Federal Shariat Court,1991-01-01,5190,full_judgment,mixed,unknown,8831
1991_PLD_KAR_1,PLD 1991 Kar 1,KHALID MALIK VS FEDERATION OF PAKISTAN -,High Court of Sindh,1991-01-01,75390,full_judgment,mixed,unknown,290183
1991_PLD_PESH_1,PLD 1991 Pesh 1,IMAM BAKHSH VS AMIRAN -,Peshawar High Court,1991-01-01,2836,full_judgment,mixed,appeal_allowed,1528
1991_PLD_QTA_1,PLD 1991 Quetta 1,"MUHAMMAD JAMIL KHAN VS S.C.E.C - Honorable Justice AMIRUL-MULK-MENGAL - Amanullah Khan , Iftikhar Muhammad, A.-G. & S.A.M. Quadri",High Court of Balochistan,1991-01-01,2737,full_judgment,mixed,petition_allowed,2676
1991_PLD_SC_1,PLD 1991 SC 1,MUHAMMAD DIN VS GHULAM MUHAMMAD NASIB SINDHU -,Supreme Court of Pakistan,1991-01-01,6942,full_judgment,mixed,unknown,5869
1968_PLD_KAR_23,PLD 1968 Kar 23,MESSERS MALICK BROS VS UNITED COTTON AND WOOL TRADERS -,High Court of Sindh,1968-01-01,8809,full_judgment,mixed,unknown,1467
1991_PLD_PESH_7,PLD 1991 Pesh 7,"KHALID KHAN VS GOMAL UNIVERSITY, DERA ISMAIL KHAN -",Peshawar High Court,1991-01-01,1771,full_judgment,mixed,petition_allowed,2654
1991_PLD_QTA_7,PLD 1991 Quetta 7,BALOCHISTAN BAR ASSOCIATION VS GOVT. OF BALOCHISTAN -,High Court of Balochistan,1991-01-01,11441,full_judgment,mixed,unknown,11620
1968_PLD_SC_25,PLD 1968 SC 25,MOOSA VS MUHAMMAD -,Supreme Court of Pakistan,1968-01-01,11046,full_judgment,mixed,appeal_dismissed,7017
1991_PLD_PESH_10,PLD 1991 Pesh 10,"NABI BAKHSH VS THE STATE - , S.Zafar Abbas Zaidi",Peshawar High Court,1991-01-01,1757,full_judgment,mixed,unknown,2066
1991_PLD_PESH_14,PLD 1991 Pesh 14,KHALILUR REHMAN VS GOVERNMENT OF PAKISTAN -,Peshawar High Court,1991-01-01,1977,full_judgment,mixed,unknown,2894
1991_PLD_SC_14,PLD 1991 SC 14,CHAIRMAN REGIONAL TRANSPORT AUTHORITY VS PAKISTAN MUTUAL INSURANCE COMPANY. -,Supreme Court of Pakistan,1991-01-01,5986,full_judgment,mixed,unknown,6216
1968_PLD_KAR_31,PLD 1968 Kar 31,"FEDERATION OF PAKISTAN, DEPARTMENT OF SUPP VS BIBI SHAIDAE FATIMA, FOUNDER AND MANAGER OF DILNASHIN INDUSTRIAL HOME -",High Court of Sindh,1968-01-01,3457,full_judgment,mixed,unknown,2385
1968_PLD_KAR_34,PLD 1968 Kar 34,ABDUL KHALIQUE MALIK VS MST. SHAMIM ARA AND (2) THE STATE -,High Court of Sindh,1968-01-01,2629,full_judgment,mixed,revision_allowed,712
1968_PLD_SC_37,PLD 1968 SC 37,MUHAMMAD NASEEM AHMAD VS AZRA FEROZ BAKHT -,Supreme Court of Pakistan,1968-01-01,17151,full_judgment,mixed,unknown,7741
1991_PLD_SC_27,PLD 1991 SC 27,KABUSHIKI KAISHA TOSHIB VS MUHAMMAD ALTAF -,Supreme Court of Pakistan,1991-01-01,3508,full_judgment,mixed,leave_granted,4253
1991_PLD_QTA_31,PLD 1991 Quetta 31,PRESIDENT OF THE I.R. OF PAKISTAN VS NABI BAKHSH KHOSO -,High Court of Balochistan,1991-01-01,2149,full_judgment,mixed,disposed_of,3888
1968_PLD_LAH_49,PLD 1968 Lah 49,AMIR AND ANOTHER VS THE STATE -,Lahore High Court,1968-01-01,6677,full_judgment,mixed,unknown,1338
1991_PLD_SC_35,PLD 1991 SC 35,MUHAMMAD IQBAL KHOKAR VS GOVT. OF PUNJAB -,Supreme Court of Pakistan,1991-01-01,8825,full_judgment,mixed,leave_granted,10016
1991_PLD_PESH_39,PLD 1991 Pesh 39,MUHAMMAD YOUNAS VS THE STATE -,Peshawar High Court,1991-01-01,1171,full_judgment,mixed,unknown,1466
1991_PLD_QTA_39,PLD 1991 Quetta 39,TAQI VS THE STATE -,High Court of Balochistan,1991-01-01,2067,full_judgment,mixed,unknown,2278
1991_PLD_QTA_43,PLD 1991 Quetta 43,"AIN-UD-DIN VS THE STATE - Honorable Justice Munawar Ahmed Mirza - W.N.Kohli , Salahuddin Mengal Asstt",High Court of Balochistan,1991-01-01,839,full_judgment,mixed,unknown,1456
1991_PLD_PESH_47,PLD 1991 Pesh 47,REHMAT KHAN VS THE STATE -,Peshawar High Court,1991-01-01,845,full_judgment,mixed,unknown,1072
1968_PLD_LAH_89,PLD 1968 Lah 89,MUHAMMAD SHARIF AND OTHERS VS AZIZ-UD-DIN- -,Lahore High Court,1968-01-01,4271,full_judgment,mixed,remanded,3081
1991_PLD_PESH_51,PLD 1991 Pesh 51,ABDUL AZIZ VS THE STATE -,Peshawar High Court,1991-01-01,1191,full_judgment,mixed,unknown,1153
1991_PLD_QTA_51,PLD 1991 Quetta 51,MUHAMMAD AYUB VS ELECTION COMMISSION OF PAKISTAN -,High Court of Balochistan,1991-01-01,2862,full_judgment,mixed,unknown,2971
1968_PLD_SC_96,PLD 1968 SC 96,GHULAM MUHAMMAD VS STATE -,Supreme Court of Pakistan,1968-01-01,4676,full_judgment,mixed,leave_granted,2656
1968_PLD_SC_101,PLD 1968 SC 101,MUHAMMAD YUSAF VS CHIEF SETTLEMENT AND REHABILITATION COMMISSIONER -,Supreme Court of Pakistan,1968-01-01,12069,full_judgment,mixed,unknown,7343
1991_PLD_QTA_57,PLD 1991 Quetta 57,"GHULAM MUSTAFA VS GOVT. OF PAKISTAN - Shakeel Ahmad, Tariq Mehmood, K.N. Kohli, Syed Ayyaz Zahoor and M. Shafi Rakhshani",High Court of Balochistan,1991-01-01,3030,full_judgment,mixed,unknown,7436
1968_PLD_SC_112,PLD 1968 SC 112,"NASEEM JAHAN NAIM VS GENERAL MANAGER, P. W. R. -",Supreme Court of Pakistan,1968-01-01,6307,full_judgment,mixed,appeal_allowed,3196
1968_PLD_KAR_115,PLD 1968 Kar 115,MESSRS COUNTRY PRODUCTS EXPORT LTD VS MESSRS BAWANY SUGAR MILLS LTD -,High Court of Sindh,1968-01-01,12302,full_judgment,mixed,unknown,2103
1991_PLD_PESH_63,PLD 1991 Pesh 63,MIR BAZ KHAN VS THE STATE -,Peshawar High Court,1991-01-01,1307,full_judgment,mixed,unknown,1233
1991_PLD_QTA_63,PLD 1991 Quetta 63,"INAYATULLAH VS PRINCIPLE BALOCHISTAN A. COLLEGE - Shakeel Ahmed & Muhammad Nawaz Khan Barakzai , Salahuddin Mengal, AA.-G. and Muhammad Nawaz Ahmed,Salahuddin Mengal, and Muhammad Nawaz Ahmed",High Court of Balochistan,1991-01-01,2919,full_judgment,mixed,unknown,4644
1968_PLD_LAH_120,PLD 1968 Lah 120,MST. NATHU VS THE STATE -,Lahore High Court,1968-01-01,2588,full_judgment,mixed,unknown,731
1991_PLD_KAR_268,PLD 1991 Kar 268,WALAYAT SHAH VS THE STATE -,High Court of Sindh,1991-01-01,1635,full_judgment,mixed,unknown,1530
1968_PLD_LAH_329,PLD 1968 Lah 329,BABU ALI MUHAMMAD VS MAHMOOD-UL-HASSAN -,Lahore High Court,1968-01-01,16930,full_judgment,mixed,unknown,6228
1991_PLD_SC_275,PLD 1991 SC 275,REHMAT KHAN VS REHMAT KHAN -,Supreme Court of Pakistan,1991-01-01,2439,full_judgment,mixed,appeal_dismissed,2220
1968_PLD_SC_336,PLD 1968 SC 336,NOOR MUHAMMAD VS CHIEF SETTLEMENT & REHABILITATION COMMISSIONER -,Supreme Court of Pakistan,1968-01-01,5940,full_judgment,mixed,unknown,2767
1991_PLD_KAR_283,PLD 1991 Kar 283,CAFE CAPITAL F. VS COLLECOR. CENT. E&L -,High Court of Sindh,1991-01-01,3799,full_judgment,mixed,unknown,5583
1968_PLD_LAH_363,PLD 1968 Lah 363,SYED MUHAMMAD SHARIF-UL-HASSAN (DECEASED) REPRESENTED BY HEIRS VS (1) THE CHIEF SETTLEMENT AND REHABILITATION COMMISSIONER (2) S. M. ZAKARIA -,Lahore High Court,1968-01-01,3916,full_judgment,mixed,unknown,1043
1968_PLD_LAH_367,PLD 1968 Lah 367,SHAFIQ AHMAD VS MIRZA MUHAMMAD ANWAR BEG -,Lahore High Court,1968-01-01,6110,full_judgment,mixed,unknown,4462
1968_PLD_SC_372,PLD 1968 SC 372,BABAR ALI VS STATE -,Supreme Court of Pakistan,1968-01-01,10233,full_judgment,mixed,leave_granted,4718
1968_PLD_KAR_376,PLD 1968 Kar 376,"KAYUMARZ VS MESSRS MOHAMMADI TRAMWAY COMPANY, KARACHI -",High Court of Sindh,1968-01-01,16751,full_judgment,mixed,unknown,4332
1968_PLD_SC_381,PLD 1968 SC 381,CHALNA FIBRE COMPANY LTD. VS ABDUL JABBAR -,Supreme Court of Pakistan,1968-01-01,6452,full_judgment,mixed,unknown,5910
1991_PLD_SC_391,PLD 1991 SC 391,GHULAM MUHAMMAD VS AHMAD KHAN -,Supreme Court of Pakistan,1991-01-01,2801,full_judgment,mixed,appeal_allowed,2650
1991_PLD_SC_400,PLD 1991 SC 400,CANTONEMENT BOAR VS MUHAMMAD SHAFI -,Supreme Court of Pakistan,1991-01-01,3800,full_judgment,mixed,leave_granted,7654
1968_PLD_LAH_464,PLD 1968 Lah 464,REHMAN AND OTHERS VS THE STATE -,Lahore High Court,1968-01-01,15635,full_judgment,mixed,unknown,3183
1968_PLD_KAR_480,PLD 1968 Kar 480,YUSUF ABBAS VS MAT. ISMAT MUSTAFA -,High Court of Sindh,1968-01-01,36186,full_judgment,mixed,unknown,17630
1968_PLD_LAH_482,PLD 1968 Lah 482,HAJI MUHAMMAD YOUSUF VS M. ABBAS KHAN AND OTHERS -,Lahore High Court,1968-01-01,12418,full_judgment,mixed,unknown,5972
1991_PLD_SC_427,PLD 1991 SC 427,ZEENAT BEGUM VS IQBAL -,Supreme Court of Pakistan,1991-01-01,1413,full_judgment,mixed,leave_granted,1354
1991_PLD_SC_459,PLD 1991 SC 459,FEDERATION OF PAKISTAN VS PUBLIC AT LARGE -,Supreme Court of Pakistan,1991-01-01,2488,full_judgment,mixed,appeal_dismissed,3533
1968_PLD_KAR_521,PLD 1968 Kar 521,VISUMAL CHATUMAL KHILNANI VS ALI BAKHSH -,High Court of Sindh,1968-01-01,1850,full_judgment,mixed,unknown,1252
1968_PLD_LAH_537,PLD 1968 Lah 537,AMIR ALI VS THB STATE AND OTHERS -,Lahore High Court,1968-01-01,6877,full_judgment,mixed,unknown,1975
1968_PLD_KAR_552,PLD 1968 Kar 552,ENAYAT ALI VS PROVINCE OF WEST PAKISTAN -,High Court of Sindh,1968-01-01,6433,full_judgment,mixed,unknown,1531
1968_PLD_KAR_557,PLD 1968 Kar 557,"EVACUEE DISTRICT TRUST COMMITTEE, HYDERABAD THROUGH ITS SECRETARY VS MUHAMMAD ISMAIL -",High Court of Sindh,1968-01-01,3282,full_judgment,mixed,unknown,1970
1968_PLD_KAR_580,PLD 1968 Kar 580,"MORRIS JACOB &. CO VS PAKISTAN THROUGH SBCRBTARY, MINISTRY OF -",High Court of Sindh,1968-01-01,8688,full_judgment,mixed,unknown,1183
1968_PLD_KAR_659,PLD 1968 Kar 659,ZAHIRUDDIN VS PROF. KARRAR HUSSAIN -,High Court of Sindh,1968-01-01,6027,full_judgment,mixed,petition_dismissed,1036
1968_PLD_LAH_694,PLD 1968 Lah 694,MUHAMMAD ASHRAF VS THE STATE -,Lahore High Court,1968-01-01,9850,full_judgment,mixed,unknown,2646
1968_PLD_LAH_703,PLD 1968 Lah 703,"AHMAD ULLAH AND ANOTHER VS (1) THE CANTONMENT BOARD, LAHORE CANTONMENT (2) THE STATE -",Lahore High Court,1968-01-01,2239,full_judgment,mixed,unknown,1597
1968_PLD_LAH_728,PLD 1968 Lah 728,MIRZA CHUGHTAI VS GOVERNMENT OF WEST PAKISTAN -,Lahore High Court,1968-01-01,19571,full_judgment,mixed,unknown,7206
1968_PLD_LAH_758,PLD 1968 Lah 758,"GHULAM MUHAMMAD AND ANOTHER VS THE DEPUTY REGISTRAR, CO-OPERATIVE SOCIETIES, SARGODHA -",Lahore High Court,1968-01-01,12698,full_judgment,mixed,unknown,3026
1968_PLD_KAR_761,PLD 1968 Kar 761,"HOSHANG DASTUR AND OTHERS VS EDDIE P., BHARUCHA -",High Court of Sindh,1968-01-01,4780,full_judgment,mixed,appeal_allowed,772
1968_PLD_LAH_786,PLD 1968 Lah 786,SHAFQAT MAHMOOD LODHI VS THE ACCOUNTANT-GENERAL WEST PAKISTAN LAHORE -,Lahore High Court,1968-01-01,6608,full_judgment,mixed,unknown,5756
1968_PLD_LAH_847,PLD 1968 Lah 847,MESSRS M. A. AZIZ & SONS VS (1) LT.-.COL. M. DAUD KHAN (2) PAKISTAN THROUGH C. M. E. S. -,Lahore High Court,1968-01-01,7081,full_judgment,mixed,remanded,5396
1968_PLD_LAH_853,PLD 1968 Lah 853,SARWAR VS THE STATE -,Lahore High Court,1968-01-01,10307,full_judgment,mixed,unknown,1039
1990_PLD_KAR_1,PLD 1990 Kar 1,BALAGAMWALA OIL MILLS (PVT) LTD VS SHAKARACHI TRADING A.G. -,High Court of Sindh,1990-01-01,3967,full_judgment,mixed,appeal_dismissed,2982
1990_PLD_LAH_1,PLD 1990 Lah 1,ASAD AHMA VS THE STATE -,Lahore High Court,1990-01-01,1854,full_judgment,mixed,appeal_dismissed,1961
1990_PLD_PESH_1,PLD 1990 Pesh 1,GHULAM JAAFAR VS ZAIBUN NISA -,Peshawar High Court,1990-01-01,5092,full_judgment,mixed,unknown,8921
1990_PLD_QTA_1,PLD 1990 Quetta 1,USMAN LTD. VS COLLECTOR OF CUSTOMS -,High Court of Balochistan,1990-01-01,3553,full_judgment,mixed,unknown,6576
1990_PLD_SC_1,PLD 1990 SC 1,GHULAM ALI VS GHULAM SARWAR NAQVI -,Supreme Court of Pakistan,1990-01-01,13054,full_judgment,mixed,unknown,18002
1968_PLD_LAH_869,PLD 1968 Lah 869,MUHAMMAD SHAFI AND ANOTHER VS THE STATE -,Lahore High Court,1968-01-01,7224,full_judgment,mixed,appeal_allowed,1423
1990_PLD_LAH_9,PLD 1990 Lah 9,MUHAMMAD ASLAM VS ASSISTANT COMMISSIONER -,Lahore High Court,1990-01-01,2743,full_judgment,mixed,petition_dismissed,4881
1968_PLD_LAH_887,PLD 1968 Lah 887,"RAJA GULZAR KHAN VS CONTROLLING AUTHORITY, GUJAR KHAN AND ANOTHER -",Lahore High Court,1968-01-01,4163,full_judgment,mixed,unknown,1500
1990_PLD_PESH_10,PLD 1990 Pesh 10,ATTAULLAH VS THE STATE -,Peshawar High Court,1990-01-01,3775,full_judgment,mixed,unknown,2680
1968_PLD_KAR_894,PLD 1968 Kar 894,GHULAM QADIR VS THE STATE AND ANOTHER -,High Court of Sindh,1968-01-01,4730,full_judgment,mixed,petition_allowed,962
1990_PLD_PESH_17,PLD 1990 Pesh 17,ABDUS SALAM VS HABIB BANK LTD -,Peshawar High Court,1990-01-01,1701,full_judgment,mixed,appeal_allowed,1636
1968_PLD_LAH_903,PLD 1968 Lah 903,MUBARIK ALI AND OTHERS VS SETTLEMENT AND REHABILITATION COMMIS SIONER WITH DELEGATION OF POWERS OF CHIEF SETTLEMENT -,Lahore High Court,1968-01-01,4044,full_judgment,mixed,appeal_dismissed,1947
1990_PLD_LAH_19,PLD 1990 Lah 19,MUHAMMAD NAWAB VS RAFAT SHARIF -,Lahore High Court,1990-01-01,2016,full_judgment,mixed,unknown,2746
1990_PLD_LAH_22,PLD 1990 Lah 22,MUHAMMAD BAKSH VS BAKHTAN -,Lahore High Court,1990-01-01,1504,full_judgment,mixed,revision_dismissed,1262
1990_PLD_SC_28,PLD 1990 SC 28,MUHAMMAD AKRAM VS FARMAN BI -,Supreme Court of Pakistan,1990-01-01,6306,full_judgment,mixed,unknown,8101
1990_PLD_QTA_36,PLD 1990 Quetta 36,"MUHAMMAD SHAFEE VS GHULAM RASOOL - Honorable Justice Munawar Ahmed Mirza - Muhammad Riaz Ahmed , Ehsan-ul-Haq",High Court of Balochistan,1990-01-01,1977,full_judgment,mixed,appeal_dismissed,3004
1990_PLD_LAH_42,PLD 1990 Lah 42,ALEEM UD DIN VS MUHAMMAD YASEEN -,Lahore High Court,1990-01-01,2693,full_judgment,mixed,appeal_allowed,4184
1990_PLD_PESH_42,PLD 1990 Pesh 42,"RAZA KHAN VS KHAN SAHIB MADAD KHAN - Honorable Justice Wali Muhammad Khan - Muhammad Aman Khan , Fateh Muhammad Khan",Peshawar High Court,1990-01-01,1619,full_judgment,mixed,revision_dismissed,1728
1990_PLD_SC_42,PLD 1990 SC 42,NAZIR AHMAD VS ABDUL KARIM -,Supreme Court of Pakistan,1990-01-01,3100,full_judgment,mixed,leave_granted,3949
1968_PLD_LAH_974,PLD 1968 Lah 974,SHAHRA AND OTHERS VS THE STATE -,Lahore High Court,1968-01-01,7267,full_judgment,mixed,appeal_dismissed,1106
1990_PLD_SC_48,PLD 1990 SC 48,LAHORE STOCK EXCHANGE VS FREDRICK J.W. GROUP -,Supreme Court of Pakistan,1990-01-01,6206,full_judgment,mixed,unknown,4681
1990_PLD_QTA_51,PLD 1990 Quetta 51,MUMTAZ ALI VS ASSISTANT POLITICAL AGENT -,High Court of Balochistan,1990-01-01,5847,full_judgment,mixed,appeal_allowed,11025
1990_PLD_QTA_63,PLD 1990 Quetta 63,ABDUL WAHID VS THE STATE -,High Court of Balochistan,1990-01-01,3364,full_judgment,mixed,appeal_dismissed,2721
1990_PLD_PESH_71,PLD 1990 Pesh 71,LAL MUHAMMAD ALLIED BANK OF PAKISTAN LTD VS ALLIED BANKOF PAKISTAN LTD -,Peshawar High Court,1990-01-01,2771,full_judgment,mixed,unknown,4273
1990_PLD_PESH_76,PLD 1990 Pesh 76,MUHAMMAD BASHIR VS THE STATE -,Peshawar High Court,1990-01-01,1123,full_judgment,mixed,remanded,925
1990_PLD_SC_76,PLD 1990 SC 76,NIGAR BIBI VS SALAHUDDIN KHAN -,Supreme Court of Pakistan,1990-01-01,1538,full_judgment,mixed,leave_granted,2602
1990_PLD_SC_79,PLD 1990 SC 79,MUHAMMAD SAIFULLAH KHAN VS FEDERATION OF PAKISTAN -,Supreme Court of Pakistan,1990-01-01,1815,full_judgment,mixed,unknown,3960
1990_PLD_SC_83,PLD 1990 SC 83,BASHIRAN BIBI VS NISAR AHMAD KHAN -,Supreme Court of Pakistan,1990-01-01,3098,full_judgment,mixed,unknown,4777
1990_PLD_PESH_88,PLD 1990 Pesh 88,KHALILUR REHMAN VS THE LAND ACQUISITION COLLECTOR ABBOTTABAD -,Peshawar High Court,1990-01-01,1307,full_judgment,mixed,unknown,1747
1990_PLD_SC_99,PLD 1990 SC 99,QAZALBASH WAQF VS CHIEF LAND COMMISSIONER -,Supreme Court of Pakistan,1990-01-01,21927,full_judgment,mixed,unknown,8334
1990_PLD_PESH_116,PLD 1990 Pesh 116,THE STATE VS MUHAMMAD RIAZ KHAN -,Peshawar High Court,1990-01-01,995,full_judgment,mixed,unknown,1026
1990_PLD_KAR_156,PLD 1990 Kar 156,"AMERICAN PRESIDENT LINES LTD. VS E.F.U.I. CO. LTD. - Honorable Justice Syed Haider Ali Pirzada - Nasimuddin Shaikh , Shafaat Hussain & Ghulam Muhammad Ebrahim",High Court of Sindh,1990-01-01,7929,full_judgment,mixed,unknown,2783
1990_PLD_PESH_156,PLD 1990 Pesh 156,ISHFAQ AHMAD VS THE STATE -,Peshawar High Court,1990-01-01,836,full_judgment,mixed,unknown,1082
1990_PLD_PESH_158,PLD 1990 Pesh 158,MUSSARAT SHAH VS THE STATE -,Peshawar High Court,1990-01-01,1506,full_judgment,mixed,unknown,1152
1990_PLD_PESH_161,PLD 1990 Pesh 161,AURANGZEB VS MUHAMMAD SADIQ -,Peshawar High Court,1990-01-01,2231,full_judgment,mixed,revision_allowed,1466
1990_PLD_PESH_174,PLD 1990 Pesh 174,KARAM ELAHI VS ASSISTANT COLLECTOR CENTRAL EXCISE AND SALES TAX DIVISION MARDAN -,Peshawar High Court,1990-01-01,3368,full_judgment,mixed,unknown,2030
1990_PLD_LAH_186,PLD 1990 Lah 186,MALIK MITHA VS JAMAL DIN -,Lahore High Court,1990-01-01,2154,full_judgment,mixed,unknown,2210
1969_PLD_DAC_1,PLD 1969 Dacca 1,"DACCA PICTURE PALACE LTD VS PAKISTAN THROUGH SECRETARY, MINISIRY OF EDUCATION AND INFORMATION -",Dhaka High Court,1969-01-01,40560,full_judgment,mixed,unknown,13961
1969_PLD_KAR_1,PLD 1969 Kar 1,"NAWABSHAH CO-OPERATIVE HOUSING SOCIETY VS GOVERNMENT EMPLOYEES CO-OPERATIVE HOUSING SOCIETY, NAWABSHAH, AND -",High Court of Sindh,1969-01-01,2336,full_judgment,mixed,appeal_allowed,1544
1990_PLD_LAH_198,PLD 1990 Lah 198,SHER SHAH VS ADMINISTRATOR AUQAF -,Lahore High Court,1990-01-01,1614,full_judgment,mixed,appeal_dismissed,831
1969_PLD_LAH_1,PLD 1969 Lah 1,"HAJI MUHAMMAD ABDULLAH ABDUL RAHMAN & CO. (FIRM) VS COMMISSIONER OF INCOME-TAX, NORTH ZONE, LAHORE -",Lahore High Court,1969-01-01,11848,full_judgment,mixed,unknown,2829
1969_PLD_PESH_1,PLD 1969 Pesh 1,FARID KHAN VS THE STATE -,Peshawar High Court,1969-01-01,13208,full_judgment,mixed,unknown,1712
1969_PLD_QTA_1,PLD 1969 Quetta 1,ZAFARULLAH KHAN VS PROVINCE OF WEST PAKISTAN -,High Court of Balochistan,1969-01-01,12179,full_judgment,mixed,unknown,4252
1969_PLD_SC_1,PLD 1969 SC 1,GOVERNMENT OF EAST PAKISTAN VS MURZUQULLAH -,Supreme Court of Pakistan,1969-01-01,3958,full_judgment,mixed,appeal_allowed,2662
1969_PLD_SC_5,PLD 1969 SC 5,SERAJUL ISLAM KHAN VS AHSAN ALI MONDAL -,Supreme Court of Pakistan,1969-01-01,9807,full_judgment,mixed,leave_granted,7354
1990_PLD_LAH_216,PLD 1990 Lah 216,ALI HUSSAIN VS SARDAR KHAN -,Lahore High Court,1990-01-01,3180,full_judgment,mixed,unknown,5359
1969_PLD_KAR_12,PLD 1969 Kar 12,LIMED ALI VS GOBIND SINGH SHAHANI -,High Court of Sindh,1969-01-01,4901,full_judgment,mixed,unknown,2069
1969_PLD_LAH_12,PLD 1969 Lah 12,SHAUKAT ALI ALIAS SHOKA VS SH. ABDUL HAMID -,Lahore High Court,1969-01-01,4520,full_judgment,mixed,unknown,3844
1969_PLD_PESH_12,PLD 1969 Pesh 12,MUHAMMAD SADIQ JAVEED VS THE STATE -,Peshawar High Court,1969-01-01,32583,full_judgment,mixed,unknown,5126
1969_PLD_KAR_17,PLD 1969 Kar 17,CHOUDHURY MUHAMMAD ANWAR VS SAHIBZADA MIR GHULAM HUSSAIN KHAN OF TALPUR AND ANOTHER -,High Court of Sindh,1969-01-01,5163,full_judgment,mixed,unknown,1993
1969_PLD_KAR_22,PLD 1969 Kar 22,MUHAMMAD BAKHSH AND OTHERS VS HAJI MUHAMMAD AND -,High Court of Sindh,1969-01-01,12623,full_judgment,mixed,unknown,2123
1990_PLD_LAH_267,PLD 1990 Lah 267,MUHAMMAD RAMZA VS THE STATE -,Lahore High Court,1990-01-01,827,full_judgment,mixed,unknown,934
1969_PLD_QTA_24,PLD 1969 Quetta 24,"KHENA RAM VS THE COMMISSIONER, F. C. R., QUETTA DIVISION QUETTA,THE DISTRICT MAGISTRATE, SIBI -",High Court of Balochistan,1969-01-01,20646,full_judgment,mixed,unknown,7003
1969_PLD_LAH_40,PLD 1969 Lah 40,MUHAMMAD HUSSAIN VS MUHAMMAD IRSHAD KHAN -,Lahore High Court,1969-01-01,8630,full_judgment,mixed,unknown,2203
1969_PLD_SC_42,PLD 1969 SC 42,DR. KAMAL HUSSAIN VS MUHAMMAD SIRAJUL ISLAM -,Supreme Court of Pakistan,1969-01-01,10917,full_judgment,mixed,unknown,8926
1990_PLD_SC_295,PLD 1990 SC 295,SHIRIN MUNIR VS GOVERNMENT OF PUNJAB -,Supreme Court of Pakistan,1990-01-01,8880,full_judgment,mixed,leave_granted,11776
1969_PLD_KAR_47,PLD 1969 Kar 47,MESSRS QADRI BROTHERS VS ASSESSING AUTHORITY -,High Court of Sindh,1969-01-01,4931,full_judgment,mixed,unknown,1639
1969_PLD_QTA_49,PLD 1969 Quetta 49,ALLAH DAD KHAN VS MUMTAZ HUSSAIN -,High Court of Balochistan,1969-01-01,3969,full_judgment,mixed,unknown,1471
1990_PLD_LAH_314,PLD 1990 Lah 314,RAMZAN VS SOHRAB KHAN -,Lahore High Court,1990-01-01,4724,full_judgment,mixed,unknown,3998
1969_PLD_KAR_52,PLD 1969 Kar 52,KHATOON BEGUM AND OTHERS VS HOSHANG N. E. DINSHAW AND OTHERS -,High Court of Sindh,1969-01-01,8333,full_judgment,mixed,appeal_dismissed,1992
1969_PLD_QTA_53,PLD 1969 Quetta 53,CH. MDAD ALI VS HAJI MIR QADIR BAKHSH -,High Court of Balochistan,1969-01-01,7666,full_judgment,mixed,unknown,4626
1969_PLD_SC_53,PLD 1969 SC 53,S. M. JAFFAR VS A. Q. SHAUKAT -,Supreme Court of Pakistan,1969-01-01,4559,full_judgment,mixed,unknown,4051
1969_PLD_QTA_60,PLD 1969 Quetta 60,ABDUL HAKIM PATEL VS MST. ZAHIRA -,High Court of Balochistan,1969-01-01,23239,full_judgment,mixed,unknown,6730
1990_PLD_SC_352,PLD 1990 SC 352,BEHRAM KHAN VS ABDUL HAMEED KHAN ACHAKZAI -,Supreme Court of Pakistan,1990-01-01,2532,full_judgment,mixed,appeal_dismissed,2650
1990_PLD_SC_359,PLD 1990 SC 359,WAPDA VS Khanzada MUHAMMAD ABDUL HAQUE KHAN KHATTAK & CO. -,Supreme Court of Pakistan,1990-01-01,5241,full_judgment,mixed,unknown,6604
