case_id,citation,case_title,court_name,decision_date,word_count,effective_stored_type,detected_type,parsed_outcome
2026_CLD_68,2026 CLD 68,"NOOR HAYAT COTTON GINNERS VS The BANK OF PUNJAB - Honorable Justice Abid Hussain Chattha - Muhammad Sulaman Bhatti , Muhammad Saleem Iqbal",Lahore High Court,2026,175,headnote_only,headnote_only,appeal_dismissed
2026_CLD_681,2026 CLD 681,"HARBIN ELECTRIC INTERNATIONAL COMPANY LIMITED VS NATIONAL POWER PARKS MANAGEMENT COMPANY (PRIVATE) LIMITED - Honorable Justice Asim Hafeez - Muhammad Umer Akram , Waheed Alam",Lahore High Court,2026,498,full_judgment,headnote_only,revision_allowed
2026_CLD_686,2026 CLD 686,"AL GHAZI TRACTORS LIMITED VS COMPETITION COMMISSION OF PAKISTAN - Honorable Justice Justice (Retd.) Muhammad Junaid Ghaffar - Waqas Ahmed Mir , Hafiz Naeem and Haider Afzal",Appellate Tribunal,2026,585,full_judgment,headnote_only,unknown
2026_CLD_96,2026 CLD 96,"VITAL CHEMICAL CORPORATION VS MCB BANK LIMITED - Muhammad Suleman Bhatti , Sardar Riaz Karim",Lahore High Court,2026,353,full_judgment,headnote_only,appeal_allowed
2026_SCMR_533,2026 SCMR 533,"MCB BANK LIMITED VS UZMA TEHREEM - Honorable Justice Naeem Akhter Afghan - Salman Aslam Butt , Muhammad Imran Malik",Supreme Court of Pakistan,2026,707,full_judgment,headnote_only,unknown
2021_SCMR_1214,2021 SCMR 1214,Shahtaj Sugar Mills Ltd. v. Bank Alfalah Ltd.,Supreme Court of Pakistan,2021,270,headnote_only,headnote_only,appeal_dismissed
1994_SCMR_1031,1994 SCMR 1031,"Muslim Commercial Bank Limited Employees Union Islamabad, Rawalpindi And Wah Zones v. Muslim Commercial Bank Limited, Karachi",Supreme Court of Pakistan,1994-01-01,220,headnote_only,headnote_only,unknown
2023_SCMR_737,2023 SCMR 737,State Bank Of Pakistan v. Mohammad Naeem,Supreme Court of Pakistan,2023-01-01,285,headnote_only,headnote_only,leave_granted
2023_SCMR_1353,2023 SCMR 1353,Bentonite Pakistan Limited v. Bankers Equity Limited,Supreme Court of Pakistan,2023-01-01,179,headnote_only,headnote_only,unknown
2023_SCMR_1457,2023 SCMR 1457,Barclays Bank Uk Plc v. Philipp,Supreme Court of Pakistan,2023-01-01,288,headnote_only,headnote_only,unknown
2022_SCMR_313,2022 SCMR 313,"Bilal Hussain (Deceased) v. President, National Bank Of Pakistan (Nbp), Head Office, I.I. Chundrigarh Road, Karachi",Supreme Court of Pakistan,2022-01-01,276,headnote_only,headnote_only,appeal_dismissed
2011_SCMR_174,2011 SCMR 174,Zarai Taraqiati Bank Ltd. v. Muhammad Bakhsh,Supreme Court of Pakistan,2011-01-01,189,headnote_only,headnote_only,leave_granted
2015_SCMR_1060,2015 SCMR 1060,National Bank of Pakistan v. Tri-Star Shipping Industries Ltd.,Supreme Court of Pakistan,2015,318,full_judgment,headnote_only,unknown
1994_SCMR_1651,1994 SCMR 1651,Muhammad Iqbal v. National Bank Of Pakistan,Supreme Court of Pakistan,1994-01-01,427,full_judgment,headnote_only,leave_granted
1994_SCMR_2248,1994 SCMR 2248,"Industrial Development Bank Of Pakistan v. Maida Limited - , S.M. Noorul Hasan, Advocate Supreme Court",Supreme Court of Pakistan,1994-01-01,506,full_judgment,headnote_only,leave_granted
1993_SCMR_441,1993 SCMR 441,"Ahmad Saeed Kirmani v. Muslim Commercial Bank Ltd., Islamabad",Supreme Court of Pakistan,1993-01-01,876,full_judgment,headnote_only,unknown
2023_SCMR_766,2023 SCMR 766,President National Bank Of Pakistan v. Waqas Ahmed Khan,Supreme Court of Pakistan,2023-01-01,476,full_judgment,headnote_only,appeal_allowed
2023_SCMR_890,2023 SCMR 890,Kauser Parveen v. Kasb Bank,Supreme Court of Pakistan,2023-01-01,511,full_judgment,headnote_only,unknown
2023_SCMR_1166,2023 SCMR 1166,"Allied Bank Limited v. The Commissioner Of Income Tax, Lahore",Supreme Court of Pakistan,2023-01-01,358,full_judgment,headnote_only,unknown
2023_SCMR_1189,2023 SCMR 1189,Habib Bank Limited v. Mehboob Rabbani,Supreme Court of Pakistan,2023-01-01,1217,full_judgment,headnote_only,unknown
2023_SCMR_1232,2023 SCMR 1232,Allied Bank Limited v. Habib-Ur-Rehman,Supreme Court of Pakistan,2023-01-01,470,full_judgment,headnote_only,unknown
2023_SCMR_1258,2023 SCMR 1258,"Allied Bank Limited v. Federation Of Pakistan Through Collectorate Of Customs, Peshawar",Supreme Court of Pakistan,2023-01-01,451,full_judgment,headnote_only,unknown
2023_SCMR_1560,2023 SCMR 1560,Telenor Microfinance Bank Limited v. Shamim Bano,Supreme Court of Pakistan,2023-01-01,361,full_judgment,headnote_only,unknown
2020_SCMR_2134,2020 SCMR 2134,Muhammad Jawed v. First Women Bank Ltd.,Supreme Court of Pakistan,2020-01-01,609,full_judgment,headnote_only,leave_refused
2022_SCMR_710,2022 SCMR 710,"President, Zarai Taraqiati Bank Limited, Islamabad v. Agha Hassan Khursheed",Supreme Court of Pakistan,2022-01-01,327,full_judgment,headnote_only,unknown
2011_SCMR_261,2011 SCMR 261,M. Anwar Sidhu v. National Bank Of Pakistan,Supreme Court of Pakistan,2011-01-01,390,full_judgment,headnote_only,unknown
2011_SCMR_577,2011 SCMR 577,Zarai Taraqiati Bank Ltd. v. Hakeem Khan,Supreme Court of Pakistan,2011-01-01,413,full_judgment,headnote_only,unknown
2011_PLD_473,2011 PLD 473,Chand Bagh Foundation v. Standard Chartered Bank Limited,Court of Record,2011-01-01,284,headnote_only,headnote_only,appeal_allowed
2011_PLD_521,2011 PLD 521,Chec-Millwala Dredging Co. (Pvt..) Ltd. v. Allied Bank Of Pakistan Ltd.,Court of Record,2011-01-01,206,headnote_only,headnote_only,unknown
1985_PLD_71,1985 PLD 71,Industrial Development Bank Of Pakistan v. Haji Dossa Ltd. -  Karachi-High-Court-Sindh,Court of Record,1985-01-01,243,headnote_only,headnote_only,unknown
1984_PLD_188,1984 PLD 188,Mrs. Yasmeen Nighat v. National Bank Of Pakistan,Court of Record,1984-01-01,38,headnote_only,headnote_only,unknown
1984_PLD_211,1984 PLD 211,Dr. M. A. Qadir Khan v. Bank Of Bahawalpur Ltd. -  Karachi-High-Court-Sindh,Court of Record,1984-01-01,198,headnote_only,headnote_only,unknown
1977_PLD_763,1977 PLD 763,Sheikhupura Central Co-Opersative Bank Ltd v. Tawakkal Ullah -  Lahore-High-Court-Lahore,Court of Record,1977-01-01,118,headnote_only,headnote_only,unknown
2009_PLD_303,2009 PLD 303,"Bank Of Credit And Commerce International, S.A. Through Special Attorney v. Mrs. Shahida Jam Sadiq Ali",Court of Record,2009-01-01,291,headnote_only,headnote_only,unknown
1982_PLD_313,1982 PLD 313,Agricultural Development Bank Of Pakistan v. Anwar Hussain Jatoi -  Karachi-High-Court-Sindh,Court of Record,1982-01-01,97,headnote_only,headnote_only,unknown
1982_PLD_353,1982 PLD 353,"Salman Mehmood Cotton Ginners, Kabirwala v. Special Judge, Banking (Ii) -  Lahore-High-Court-Lahore",Court of Record,1982-01-01,170,headnote_only,headnote_only,unknown
1969_PLD_395,1969 PLD 395,"Tawhid Ali Sardar,Abdus Sattar v. The State,The State Bank Of Pakistan -  Dhaka",Court of Record,1969-01-01,143,headnote_only,headnote_only,unknown
1969_PLD_529,1969 PLD 529,"Nabadwip Chandra Podder v. S. D. Ahmed, Official Receiver, Official Liquidator, Dass Bank Ltd. (In Liquidation) -  Dhaka",Court of Record,1969-01-01,210,headnote_only,headnote_only,unknown
1969_PLD_599,1969 PLD 599,The Bank Of Bahawalpur Ltd. v. Siddiq Textiles Ltd. And Others -  Karachi-High-Court-Sindh,Court of Record,1969-01-01,131,headnote_only,headnote_only,unknown
1965_PLD_472,1965 PLD 472,"Pioneer Bank Ltd v. The Commissioner Of Income-Tax, East Pakistan, Dacca -  Dhaka",Court of Record,1965-01-01,203,headnote_only,headnote_only,unknown
2012_PLD_SC_268,PLD 2012 SC 268,Apollo Textile Mills Ltd. v. Soneri Bank Ltd.,Supreme Court of Pakistan,2012,386,full_judgment,headnote_only,unknown
1996_PLD_Lah_672,PLD 1996 Lah 672,Messrs Chenab Cement Product v. Banking Tribunal,Lahore High Court,1996,306,full_judgment,headnote_only,appeal_dismissed
2002_PLD_SC_510,PLD 2002 SC 510,Haji Muhammad Ismail v. Crescent Investment Bank Ltd.,Supreme Court of Pakistan,2002,305,full_judgment,headnote_only,unknown
1986_PLD_369,1986 PLD 369,Allied Bank Of Pakistan Ltd v. Tahir Traders -  Karachi-High-Court-Sindh,Court of Record,1986-01-01,319,full_judgment,headnote_only,unknown
1986_PLD_464,1986 PLD 464,"United Bank Ltd. v. President, Bazm-E-Salat -  Karachi-High-Court-Sindh",Court of Record,1986-01-01,313,full_judgment,headnote_only,unknown
1984_PLD_345,1984 PLD 345,Industrial Development Bank Of Paksitan v. Yousuf Industires Ltd. -  Karachi-High-Court-Sindh,Court of Record,1984-01-01,473,full_judgment,headnote_only,unknown
1982_PLD_92,1982 PLD 92,"Shahzad Ice Factory v. Special Judge Banking (Ii), Lahore -  Lahore-High-Court-Lahore",Court of Record,1982-01-01,322,full_judgment,headnote_only,unknown
2009_PLD_176,2009 PLD 176,"Industrial Development Bank Of Pakistan, Through Vice-President I.D.B.P. v. Crystal Chemicals Limited Through Director/Guarantor Crystal Chemical Ltd. And 9 Others",Court of Record,2009-01-01,500,full_judgment,headnote_only,unknown
1971_PLD_1002,1971 PLD 1002,Syed Mazhar Ali Shah v. Agricultural Development Bank Of Pakistan -  Lahore-High-Court-Lahore,Court of Record,1971-01-01,318,full_judgment,headnote_only,unknown
1969_PLD_1050,1969 PLD 1050,"The State Bank Of India Ltd v. Tde Custodian Of Evacuee Property, West Pakistan -  Lahore-High-Court-Lahore",Court of Record,1969-01-01,392,full_judgment,headnote_only,unknown
1965_PLD_201,1965 PLD 201,"Deputy Managing Director, National Bank Of Pakistan v. Ataul Huq",Court of Record,1965-01-01,474,full_judgment,headnote_only,unknown
1965_PLD_519,1965 PLD 519,Bank Of Bahawalpur Ltd v. Karim Hayat -  Karachi-High-Court-Sindh,Court of Record,1965-01-01,364,full_judgment,headnote_only,unknown
1965_PLD_628,1965 PLD 628,Central Exchange Bank Ltd. v. Ch. Dilawar Ali Khan -  Lahore-High-Court-Lahore,Court of Record,1965-01-01,651,full_judgment,headnote_only,unknown
1949_PLD_305,1949 PLD 305,The Bank Of India Ltd. v. Jamsetji A. H. Chinoy And Messrs. Chinoy & Co.,Court of Record,1949-01-01,322,full_judgment,headnote_only,unknown
2026_CLD_39,2026 CLD 39,"Haji ABDUL RAZZAK (DECEASED) VS MCB BANK LIMITED - Honorable Justice Muhammad Osman Ali Hadi - Asim Mansoor Khan and Zeeshan Bashir Khan , Salman Aslam Butt",High Court of Sindh,2026,165,headnote_only,headnote_only,appeal_dismissed
2026_CLD_64,2026 CLD 64,"FIRST NATIONAL EQUITIES LIMITED VS EXECUTIVE DIRECTOR, ADJUDICATION-I - Arsalan Tahir , Mahboob Ahmed",High Court,2026,127,headnote_only,headnote_only,appeal_dismissed
2026_CLD_102,2026 CLD 102,"HABIB BANK LIMITED VS GHAZI STEEL INDUSTRIES (PRIVATE) LIMITED - Honorable Justice Gul Hassan Tareen - Ajmal Khan Kasi , Zayyad Khan Abbasi",High Court of Balochistan,2026,263,headnote_only,headnote_only,unknown
2026_CLD_260,2026 CLD 260,"SAIF POWER LIMITED VS SUI NORTHERN GAS PIPELINES LIMITED - Honorable Justice Ch. Muhammad Iqbal - Waleed Khalid , Ch. Muhammad Usman",Lahore High Court,2026,213,headnote_only,headnote_only,appeal_dismissed
2026_CLD_336,2026 CLD 336,"NUNCHI MARINE PTE LTD. VS CNERGYICO PK LIMITED (formerly Byco Petroleum) - Honorable Justice Muhammad Junaid Ghaffar - Abdallah Azzaam Naqvi and Waqar Ahmed , Abdul Ahad Nadeem Ammar Suria",High Court of Sindh,2026,195,headnote_only,headnote_only,unknown
2026_CLD_395,2026 CLD 395,"ADVOCATE MUHAMMAD WASEEM MUKHTAR KHAN VS GOVERNMENT OF THE PUNJAB - Honorable Justice Malik Muhammad Awais Khalid - Muhammad Farooq Warind and Muhammad Asif , Muhammad Azfal Ch., Sardar Abdul Basit Balouch and Rai Shujaat Hussain",Lahore High Court,2026,163,headnote_only,headnote_only,petition_allowed
2026_CLD_444,2026 CLD 444,"Syed SAEED AHMED VS MEHRAN OILS (PVT.) LTD. - Honorable Justice Adnan Iqbal Chaudhry - Ms. Fareeda Mangrio , Shahenshah Hussain, Muhammad Hanif Faisal Alam and Syed Arshad Ali",High Court of Sindh,2026,286,headnote_only,headnote_only,unknown
2026_CLD_583,2026 CLD 583,VS - Honorable Justice Ch. Sultan Mahmood - Barrister Ahmad Pervaiz and Maryam Rasheed,Lahore High Court,2026,279,headnote_only,headnote_only,petition_allowed
2026_CLD_638,2026 CLD 638,"FIRST NATIONAL EQUITIES LIMITED VS DIRECTOR/HOD, ADJUDICATION-I - Arslan Tahir , Mahboob Ahmed",High Court,2026,290,headnote_only,headnote_only,appeal_dismissed
2026_CLD_656,2026 CLD 656,"ALI HAMZA TRADING COMPANY through Managing Partner VS ALLIED BANK LIMITED - Honorable Justice Muhammad Raza Qureshi - Muhammad Suleman Bhatti, Iftikhar Majid and Muhammad Saqib Aziz , Saleem Iqbal",Lahore High Court,2026,204,headnote_only,headnote_only,appeal_allowed
2026_CLD_677,2026 CLD 677,"NEXT CAPITAL LIMITED VS EXECUTIVE DIRECTOR, ADJUDICATION DEPARTMENT-I, SECP - Muhammad Najam Ali , Sohail Qadri",High Court,2026,266,headnote_only,headnote_only,disposed_of
2026_CLD_737,2026 CLD 737,"NPI CONSTRUCTION AND ENGINEERING CONTRACTORS BUILDERS AND MANUFACTURERS VS CHIEF ENGINEER (WEST) PAKISTAN PUBLIC WORKS DEPARTMENT (PWD), QUETTA - Honorable Justice Muhammad Ejaz Swati - Muhammad Masood Khan, Barrister Zahoor Hassan Jamoot and Barrister Atique Muhammad Hassani , Naik Muhammad Lehri",High Court of Balochistan,2026,187,headnote_only,headnote_only,appeal_dismissed
2026_CLD_745,2026 CLD 745,"SALAAM TAKAFUL LIMITED VS DIRECTOR/HOD, ADJUDICATION DEPARTMENT-I, SECP, ISLAMABAD - Christopher Charles and Syed Nayyar Hussain Zaidi , Mubasher Saeed Saddozai",Islamabad High Court,2026,252,headnote_only,headnote_only,unknown
2026_CLD_792,2026 CLD 792,"RASHID AYUB VS TANVIR AHMED KHAN - Honorable Justice Mirza Viqas Rauf - Muhammad Zafar ul Hassan Joya , Nemo",Lahore High Court,2026,266,headnote_only,headnote_only,petition_dismissed
2025_CLD_6,2025 CLD 6,"POPULAR SUGAR MILLS LIMITED VS DISTRICT COLLECTOR, SARGODHA - Honorable Justice Sultan Tanvir Ahmad - Dr. Muhammad Farogh Naseem , Ms. Samia Khalid",Lahore High Court,2025,257,headnote_only,headnote_only,petition_allowed
2025_CLD_86,2025 CLD 86,"UNITY FOODS LTD. VS SECURITIES AND EXCHANGE COMMISSION OF PAKISTAN through Chairman - Honorable Justice Muhammad Shafi Siddiqui, CJ and Omar Sial - Abdul Ahad Nadeem , Arshad Tayebally along with Raja Qasit Nawaz Khan",High Court of Sindh,2025,166,headnote_only,headnote_only,disposed_of
2025_CLD_150,2025 CLD 150,"MUGHALS PAKISTAN (PVT.) LIMITED VS EMPLOYEES OLD AGE BENEFITS INSTITUTION through Director Law, Lahore - Honorable Justice Syed Mansoor Ali Shah - Ahmer Bilal Soofi , Salman Mansoor",Supreme Court of Pakistan,2025,289,headnote_only,headnote_only,disposed_of
2025_CLD_184,2025 CLD 184,"NOORUDDIN FEERASTA VS LAHORE DEVELOPMENT AUTHORITY (LDA) - Honorable Justice Shahid Karim - Syed Ali Zafar, Jahanzeb Sukhaira, Talib Hussain, Asfand Waheed, Muhammad Adeel Chaudhry and Abdul Latif , Muhammad Iftikhar ud Din Riaz, Ahmad Abdul Rehman and Muhammad Umer Rafiq",Lahore High Court,2025,284,headnote_only,headnote_only,petition_dismissed
2025_CLD_217,2025 CLD 217,"JAMIL TARIQ VS NEW JUBILEE INSURANCE COMPANY LIMITED - Honorable Justice Ch. Muhammad Iqbal - Ibrar Ahmed , Barrister Tariq Saeed Rana and Rao Usama",Lahore High Court,2025,263,headnote_only,headnote_only,unknown
2025_CLD_230,2025 CLD 230,"NATIONAL HIGHWAY AUTHORITY VS SARDAR MUHAMMAD ASHRAF D BALOCH (PRIVATE) LIMITED - Honorable Justice Miangul Hassan Aurangzeb - Barrister Muhammad Hassan Alam , Jawad-ur-Rahim Malik",Islamabad High Court,2025,284,headnote_only,headnote_only,appeal_dismissed
2025_CLD_270,2025 CLD 270,"NATIONAL BANK OF PAKISTAN LIMITED VS SAUDI PAK INDUSTRIAL AND AGRICULTURAL INVESTMENT COMPANY (PVT.) LIMITED - Honorable Justice Arbab Ali Hakro - Ms. Naheed A. Shahid , Abdul Qayyum Abbasi",High Court of Sindh,2025,143,headnote_only,headnote_only,appeal_dismissed
2026_CLD_1,2026 CLD 1,"FRANZEN LANBOUW C.V. through Deed of Assignment by Terrapoint B.V. VS TASCO through Administrator - Honorable Justice Muhammad Jaffer Raza - Mobeen Rana , Muhammad Ali Hakro",High Court of Sindh,2026,314,full_judgment,headnote_only,unknown
2026_CLD_9,2026 CLD 9,"AMTEX LIMITED VS SECURITIES AND EXCHANGE COMMISSION OF PAKISTAN - Honorable Justice Muhammad Azam Khan - Anique Salman Malik , Hafiz Sultan Mazhar Sher and Muhammad Waseem Ahmed Rana",Islamabad High Court,2026,1720,full_judgment,headnote_only,unknown
2026_CLD_26,2026 CLD 26,"PEOPLES STEEL MILLS LTD. VS ASIAN COUNSEL ENGINEER (PVT.) LTD. - Honorable Justice Muhammad Jaffer Raza - Zahid Hamid , Umar Sikandar",High Court of Sindh,2026,606,full_judgment,headnote_only,unknown
2026_CLD_34,2026 CLD 34,"PAKISTAN RAILWAYS ADVISORY AND CONSULTANCY SERVICE LIMITED VS EXECUTIVE DIRECTOR, ADJUDICATION DIVISION, ADJUDICATION-II, SECP - Nemo , Hammad Javed",High Court,2026,423,full_judgment,headnote_only,appeal_dismissed
2026_CLD_49,2026 CLD 49,"KASHF FOUNDATION VS EXECUTIVE DIRECTOR, ADJUDICATION-I - Saira Soofi, Mehek Zafar and Shehla Sattar , Asima Wajid",High Court,2026,300,full_judgment,headnote_only,disposed_of
2026_CLD_53,2026 CLD 53,ASKARI BANK LTD. VS A.H. INTERNATIONAL (PVT.) LTD. - Honorable Justice Muhammad Hasan (Akber) - Irfanullah Khan and Lubna Aman,High Court of Sindh,2026,790,full_judgment,headnote_only,unknown
2026_CLD_61,2026 CLD 61,"TCS, INCHARGE REGIONAL OFFICE, GUJRANWALA VS MUHAMMAD SIDDIQUE GHUMMAN - Honorable Justice Anwaar Hussain - Ch. Arshad",Lahore High Court,2026,565,full_judgment,headnote_only,appeal_dismissed
2026_CLD_70,2026 CLD 70,"FAISAL BANK LIMITED VS DOST STEELS LIMITED - Honorable Justice Muhammad Hasan (Akber) - Rashid Anwer and Yousuf Khalid Anwer , Ali Nawaz Khuhawar",High Court of Sindh,2026,319,full_judgment,headnote_only,unknown
2026_CLD_73,2026 CLD 73,"EFU GENERAL INSURANCE LTD. VS SECURE LOGISTIC GROUP, ISLAMABAD - Honorable Justice Babar Sattar - Ali Ibrahim, Ambreen Khalid and Barrister Faiza Asad",Islamabad High Court,2026,432,full_judgment,headnote_only,revision_allowed
2026_CLD_78,2026 CLD 78,WHITE CRYSTALS LIMITED VS INFRASTRUCTURE GROWTH CAPITAL FUND GENERAL PARTNER LTD. - Honorable Justice Mohammad Abdur Rehman - Farjad Ali Khan,High Court of Sindh,2026,407,full_judgment,headnote_only,unknown
2026_CLD_113,2026 CLD 113,VS -,High Court,2026,1750,full_judgment,headnote_only,unknown
2026_CLD_277,2026 CLD 277,"SHANGHAI MARINE DIESEL ENGINE RESEARCH INSTITUTE VS HUANENG FUYUN PORT AND SHIPPING (PVT.) LIMITED - Honorable Justice Agha Faisal - Khalid Mehmood Siddiqui and Zeeshan Kalwar , Farooq H. Naek and Syed Qaim Ali Shah",High Court of Sindh,2026,566,full_judgment,headnote_only,unknown
2026_CLD_281,2026 CLD 281,"DANDOT CEMENT COMPANY LIMITED VS SECURITIES AND EXCHANGE COMMISSION OF PAKISTAN - Honorable Justice Inaam Ameen Minhas - Salman Aslam Butt and Anique Salman Malik , Hafiz Munawar Iqbal and Syed Pervaiz Zahoor and Muhammad Waseem A. Rana",Islamabad High Court,2026,1061,full_judgment,headnote_only,unknown
2026_CLD_292,2026 CLD 292,"SALMAN CAPITAL INVESTMENTS (PVT.) LIMITED VS HABIB BANK LIMITED - Honorable Justice Muhammad Iqbal Kalhoro - Muhammad Immad Qamar , Ijaz Ahmed Zahid",High Court of Sindh,2026,2124,full_judgment,headnote_only,unknown
2026_CLD_303,2026 CLD 303,"SAFEER HUSSAIN VS CAPITAL CITY POLICE OFFICER, LAHORE - Honorable Justice Tariq Saleem Sheikh - Ch. Sultan Mahmood , Sittar Sahil",Lahore High Court,2026,477,full_judgment,headnote_only,petition_allowed
2026_CLD_310,2026 CLD 310,"Syed MUHAMMAD ALAM SHAH VS PROVINCE OF SINDH through Chief Secretary - Honorable Justice Nisar Ahmed Bhanbhro - Ahmed Hussain Shahani , Liaquat Ali Shar",High Court of Sindh,2026,1084,full_judgment,headnote_only,unknown
2026_CLD_322,2026 CLD 322,"Dr. MAQBOOL KHAN VS MIR ALAM JAN KHAN - Honorable Justice Wiqar Ahmad - Barrister Asad ul Mulk and Shakir ud Din , Aamir Javed",Peshawar High Court,2026,523,full_judgment,headnote_only,disposed_of
2026_CLD_329,2026 CLD 329,"USMAN LATIF VS BASHIR JAMIL AND BROTHERS (PRIVATE) LIMITED, SIALKOT - Honorable Justice Muhammad Sajid Mehmood Sethi - Ali Raza Khokhar , Ahmad Rafay Alam",Lahore High Court,2026,1129,full_judgment,headnote_only,unknown
2026_CLD_351,2026 CLD 351,"UNITED INSURANCE COMPANY OF PAKISTAN LIMITED VS PRESIDENT OF PAKISTAN through Secretary - Honorable Justice Inaam Ameen Minhas - Ali Ibrahim and Barrister Faiza Asad , Muhammad Saeed Raja",Islamabad High Court,2026,334,full_judgment,headnote_only,petition_dismissed
2026_CLD_369,2026 CLD 369,"LAHORE DEVELOPMENT AUTHORITY through Chief Engineer-I VS ZAHIR KHAN AND BROTHERS through Chief Executive Officer - Honorable Justice Raheel Kamran - Sahabzada Muzaffar Ali , Bakhtawar Bilal Soofi",Lahore High Court,2026,1291,full_judgment,headnote_only,unknown
2026_CLD_387,2026 CLD 387,"HUNANENG FUYUN PORT AND SHIPPING (PVT.) LTD. VS JIAOZUO CREATION HEAVY INDUSTRY COMPANY LTD. - Honorable Justice Muhammad Iqbal Kalhoro - Farooq H. Naik along with Qaim Ali Shah , Hasan Mandviwalla",High Court of Sindh,2026,415,full_judgment,headnote_only,appeal_dismissed
2026_CLD_402,2026 CLD 402,"MUHAMMAD IQBAL (PARTNER) VS APPELLATE BENCH NO.1 - Honorable Justice Muhammad Faisal Kamal Alam - Barrister Syed Ahsan Ali Shah , Syed Imran Hashmi and Syed Ibad",High Court of Sindh,2026,600,full_judgment,headnote_only,disposed_of
2026_CLD_408,2026 CLD 408,"FEDERATION OF PAKISTAN through Ministry of Water and Power VS SPENCER POWERGEN COMPANY OF PAKISTAN LIMITED - Honorable Justice Miangul Hassan Aurangzeb - Salman Akram Raja , Muhammad Akram Sheikh",Supreme Court of Pakistan,2026,808,full_judgment,headnote_only,unknown
2026_CLD_418,2026 CLD 418,"JUBILEE LIFE INSURANCE COMPANY VS MUHAMMAD MASOOM - Honorable Justice Malik Muhammad Awais Khalid - Muhammad Faisal Malik, Nuzhat Fatima Chaudhry and Ch. Ali Azam , Tanvir Iqbal Khan",Lahore High Court,2026,698,full_judgment,headnote_only,unknown
2026_CLD_426,2026 CLD 426,"GRENLIT STUDIO (PRIVATE) LIMITED VS SECURITIES EXCHANGE COMMISSION OF PAKISTAN - Honorable Justice Muhammad Osman Ali Hadi - Yahya Iqbal , Danish Nayyar and Ms. Javeria Ali",High Court of Sindh,2026,526,full_judgment,headnote_only,petition_dismissed
2026_CLD_432,2026 CLD 432,The BANK OF PUNJAB VS AGRI INTERNATIONAL - Honorable Justice Abid Hussain Chattha - Syed Muhammad Kaswar Gardezi,Lahore High Court,2026,781,full_judgment,headnote_only,unknown
2026_CLD_459,2026 CLD 459,"CAPITAL DEVELOPMENT AUTHORITY (CDA) VS HABIB RAFIQUE (PRIVATE) LIMITED - Honorable Justice Inaam Ameen Minhas - Kashif Ali Malik, Amir Latif Gill and Qaisar Abbas Gondal , Muhammad Masood Khan, Muhammad Zeeshan Younas and Syed Faisal Hussain Shah",Islamabad High Court,2026,1488,full_judgment,headnote_only,remanded
2026_CLD_479,2026 CLD 479,"MANZAR LATIF MIAN VS DEPILEX (PVT.) LTD., through Chief Executive, Ms. Masarrat Misbah - Honorable Justice Ch. Sultan Mahmood - Mehdi Tirmizi , Barrister Munawar us Salam, Barrister Isha Shahid Bilal Hassan and Shuaib Rashid",Lahore High Court,2026,646,full_judgment,headnote_only,unknown
2026_CLD_486,2026 CLD 486,"Mst. JABEEN SHAFIQ VS MUSLIM COMMERCIAL BANK LIMITED - Honorable Justice Muhammad Iqbal Kalhoro - Muhammad Haseeb Jamali, Muzamil Hussain Jalbani, Muhammad Shahrukh Siddiqui and Kashan Khan , Rizwan Ahmed Siddiqui and Barrister Sultan",High Court of Sindh,2026,821,full_judgment,headnote_only,appeal_allowed
2026_CLD_493,2026 CLD 493,"MCB BANK LIMITED VS UZMA TEHREEM - Honorable Justice Naeem Akhter Afghan - Salman Aslam Butt , Muhammad Imran Malik",Supreme Court of Pakistan,2026,707,full_judgment,headnote_only,unknown
2026_CLD_505,2026 CLD 505,"KASHF FOUNDATION VS EXECUTIVE DIRECTOR ADJUDICATION - Saira Sofi , Asima Wajid",High Court,2026,353,full_judgment,headnote_only,disposed_of
2026_CLD_510,2026 CLD 510,STANDARD CHARTERED BANK LIMITED VS WAQAR AHMED CHANDIO - Honorable Justice Muhammad Iqbal Kalhoro - Ghulam Rasool Koari,High Court of Sindh,2026,596,full_judgment,headnote_only,unknown
2026_CLD_517,2026 CLD 517,"PETROSIN CNG (PRIVATE) LIMITED VS MARI ENERGIES LIMITED - Honorable Justice Arbab Muhammad Tahir - Misbah-ul-Mustafa , Sardar Taimoor Aslam Khan, Mian Haseeb Bukhari, Mudassar Abbas and Umar Malik",Islamabad High Court,2026,498,full_judgment,headnote_only,petition_dismissed
2026_CLD_528,2026 CLD 528,"CEDAR CAPITAL (PRIVATE) LIMITED (CCPL) VS COMMISSIONER, SMD, SECP - Yawar Burki , Sohail Qadri",High Court,2026,602,full_judgment,headnote_only,unknown
2026_CLD_533,2026 CLD 533,"Mian WAQAR UD DIN VS UNITED INDUSTRIES LIMITED - Honorable Justice Shahid Karim - Samar Masood Soofi, Ahmad Raza Mirza and Salman Hanif Rajput , Adil Umar Bandial, Sajjad Ali and Taimoor Sultan",Lahore High Court,2026,2020,full_judgment,headnote_only,unknown
2026_CLD_569,2026 CLD 569,BANK ALFALAH LIMITED VS FEDERATION OF PAKISTAN through Presidential Secretariat - Honorable Justice Muhammad Iqbal Kalhoro - Tahmasp Rasheed Rizvi,High Court of Sindh,2026,1018,full_judgment,headnote_only,unknown
2026_CLD_577,2026 CLD 577,"JUBILEE LIFE INSURANCE COMPANY (PVT) LTD VS ARSHAD KHAN - Honorable Justice Wiqar Ahmad - Syed Hamid Ali Shah , Arshad Khan",Peshawar High Court,2026,553,full_judgment,headnote_only,unknown
2026_CLD_589,2026 CLD 589,"UNITED BANK LIMITED through Senior Vice President UBL, Karachi VS SHIRIMATI PUSHPA BAI - Honorable Justice Nisar Ahmed Bhanbhro - Muhammad Hussain Soomro , Liaquat Ali Shar",High Court of Sindh,2026,517,full_judgment,headnote_only,revision_dismissed
2026_CLD_594,2026 CLD 594,"PAK QATAR FAMILY TAKAFUL LTD. VS Ms. ARISHA KANWAL - Honorable Justice Muhammad Karim Khan Agha - Burhan Latif Khaisori , Nemo",High Court,2026,331,full_judgment,headnote_only,leave_refused
2026_CLD_600,2026 CLD 600,"VS - , Tariq Gujjar President and Javed Khan",High Court,2026,1447,full_judgment,headnote_only,unknown
2026_CLD_613,2026 CLD 613,"STANDARD CHARTERED BANK (PAKISTAN) LIMITED VS YAWAR FARUQUI - Honorable Justice Muhammad Osman Ali Hadi - Ijaz Ahmed Zahid , Muhammad Haseeb Jamali",High Court of Sindh,2026,484,full_judgment,headnote_only,appeal_dismissed
2026_CLD_631,2026 CLD 631,"ATLAS HONDA CARS (PAKISTAN) LIMITED VS FEDERATION OF PAKISTAN, through Secretary Ministry of Law and Justice - Honorable Justice Raheel Kamran - Waqqas Ahmad Mir, Hammad Hussain, Usman Khalid, Saifullah Khalid and Ms. Maria Farooq",Lahore High Court,2026,663,full_judgment,headnote_only,appeal_dismissed
2026_CLD_642,2026 CLD 642,"ZHONGZING TELECOM PAKISTAN (PVT.) LIMITED VS The IMPERIAL ELECTRIC COMPANY (PVT.) LIMITED - Honorable Justice Shakeel Ahmad - Qaiser Imam , Muhammad Ali Raza",Supreme Court of Pakistan,2026,769,full_judgment,headnote_only,petition_dismissed
2026_CLD_647,2026 CLD 647,"MUHAMMAD YOUNIS VS CHAIRPERSON INSURANCE TRIBUNAL, MULTAN - Honorable Justice Syed Ahsan Raza Kazmi - Zahoor Ahmad Chaudhry , Kanwar Naveed Ahmad",Lahore High Court,2026,738,full_judgment,headnote_only,unknown
2026_CLD_652,2026 CLD 652,"POWER PROFESSIONALS AND ENGINEERS PRIVATE LIMITED VS IMS ELECTRIC PRIVATE LIMITED - Honorable Justice Muhammad Osman Ali Hadi - Barrister Salman Ahmed , Muhammad Ahmed Masood and Mirza Moiz Baig",High Court of Sindh,2026,378,full_judgment,headnote_only,unknown
2026_CLD_658,2026 CLD 658,"PAKISTAN INTERNATIONAL AIRLINES CORPORATION VS COMPETITION COMMISSION OF PAKISTAN - Honorable Justice Justice (Retd.) Muhammad Junaid Ghaffar - Haroon Bilal Sharif , Hafiz Naeem",Appellate Tribunal,2026,332,full_judgment,headnote_only,appeal_allowed
2026_CLD_667,2026 CLD 667,"Mian ATTIQUE-UR-REHMAN VS EFU LIFE ASSURANCE LIMITED - Honorable Justice Justice (Retd.) Ch. Muhammad Tariq - Rana Sami ul Haq , Rana Rizwan Hussain",Lahore High Court,2026,922,full_judgment,headnote_only,unknown
2026_CLD_690,2026 CLD 690,"TOYOSHIMA & CO. LTD. VS KHAS TEXTILE MILLS (PVT.) LTD. - Honorable Justice Agha Faisal - Ayaz Ali , Muhammad Anas Makhdoom and Ahmed Farhaj",High Court of Sindh,2026,338,full_judgment,headnote_only,disposed_of
2026_CLD_693,2026 CLD 693,"SADIQ FEEDS (PVT.) LTD. VS MEEZAN BANK LIMITED - Honorable Justice Jawad Hassan - Asim Tufail Farooqi, Muhammad Shoaib and Bilal Mehmood Khokhar , Anique Salman Malik",Lahore High Court,2026,350,full_judgment,headnote_only,unknown
2026_CLD_699,2026 CLD 699,"TAHIRA BATOOL VS IGI LIFE INSURANCE - Honorable Justice Justice (Retd.) Ch. Muhammad Tariq, Chairman and Malik Abid Hussain - Usman Ali Butt , Ahsan Kamal",Lahore High Court,2026,582,full_judgment,headnote_only,unknown
2026_CLD_704,2026 CLD 704,"FLOAT SECURITIES PRIVATE LIMITED VS COMMISSIONER (SMD) - Imran Khalil Naseer , Sohail Qadri",High Court,2026,318,full_judgment,headnote_only,unknown
2026_CLD_708,2026 CLD 708,VS -,High Court,2026,438,full_judgment,headnote_only,unknown
2026_CLD_731,2026 CLD 731,"FIRST ISLAMIC MODARABA VS DAWOOD CAPITAL MANAGEMENT LIMITED - Honorable Justice Muhammad Osman Ali Hadi - Taha Abdus Samad and Ms. Vera Awais , Ms. Alizeh Bashir",High Court of Sindh,2026,377,full_judgment,headnote_only,unknown
2026_CLD_749,2026 CLD 749,"The CRESCENT TEXTILE MILLS LIMITED VS SECURITIES AND EXCHANGE COMMISSION OF PAKISTAN (SECP) through Chairman - Honorable Justice Arbab Muhammad Tahir - Shehryar Kasuari , Salman Akram Raja and Malik Abdul Majid",Islamabad High Court,2026,838,full_judgment,headnote_only,unknown
2026_CLD_757,2026 CLD 757,VS -,High Court,2026,538,full_judgment,headnote_only,unknown
2026_CLD_803,2026 CLD 803,"UNITED BANK LIMITED VS PRESIDENT OF THE ISLAMIC REPUBLIC OF PAKISTAN, AIWAN-E-SADAR, ISLAMABAD - Honorable Justice Saman Rafat Imtiaz - Wasim Abid and Muhammad Ahmad , Sajjad Hameed",Islamabad High Court,2026,429,full_judgment,headnote_only,disposed_of
2025_CLD_1,2025 CLD 1,"MUHAMMAD SIDDIQ MIRZA VS STANDARD CHARTERED BANK LIMITED - Honorable Justice Yousuf Ali Sayeed - , Ghulam Rasool Korai",High Court of Sindh,2025,345,full_judgment,headnote_only,appeal_allowed
2025_CLD_15,2025 CLD 15,"STRAWBERRY SPORTS MANAGEMENT (PRIVATE) LIMITED VS FEDERATION OF PAKISTAN through Secretary Finance - Honorable Justice Babar Sattar - Noman Amin Farooqi , Adnan Haider",Islamabad High Court,2025,326,full_judgment,headnote_only,petition_dismissed
2025_CLD_23,2025 CLD 23,"Syed SAULAT HUSSAIN NAQVI VS FEDERATION OF PAKISTAN - Honorable Justice Yousuf Ali Sayeed - Ahmed Masood , Zahid F. Ebrahim",High Court of Sindh,2025,461,full_judgment,headnote_only,petition_dismissed
2025_CLD_29,2025 CLD 29,"Mst. JAMEELA RIAZ VS IGI LIFE INSURANCE through Head of Business and Operation - Honorable Justice Zafar Iqbal Tarar - Shahid Mehmood , Barrister Mian Ahmad Hamad",Lahore High Court,2025,729,full_judgment,headnote_only,unknown
2025_CLD_34,2025 CLD 34,"SIDDIQ MOTI (deceased) through Legal Heirs VS APPELLATE BENCH REGISTRY, SECURITIES AND EXCHANGE COMMISSION OF PAKISTAN, ISLAMABAD - Honorable Justice Babar Sattar - Shezada Mazhar , Shahzad Ali Rana",Islamabad High Court,2025,357,full_judgment,headnote_only,appeal_dismissed
2025_CLD_44,2025 CLD 44,"ADDITIONAL REGISTRAR OF COMPANIES, SECURITIES AND EXCHANGE COMMISSION OF PAKISTAN VS KOH-I-NOOR EDIBLE OILS LIMITED - Honorable Justice Abid Aziz Sheikh - Muhammad Khalil Rana",Lahore High Court,2025,456,full_judgment,headnote_only,unknown
2025_CLD_50,2025 CLD 50,"ABDUL WASIM VS NTN CORPORATION - Honorable Justice Zulfiqar Ahmad Khan - Ms. Naheed Akhtar , Qamaruddin",High Court of Sindh,2025,403,full_judgment,headnote_only,appeal_dismissed
2025_CLD_53,2025 CLD 53,"MUHAMMAD TARIQ VS JUBILEE LIFE INSURANCE - Honorable Justice Justice (Retd.) Ali Akbar Qureshi - Mian Muhammad Aslam , Arshad Farooq Ch. and Sher Dill Shehbaz Khagga",Lahore High Court,2025,1194,full_judgment,headnote_only,petition_allowed
2025_CLD_73,2025 CLD 73,KARACHI CHAMBER OF COMMERCE AND INDUSTRY VS FEDERATION OF PAKISTAN - Honorable Justice Yousuf Ali Sayeed - Khalid Javed,High Court of Sindh,2025,765,full_judgment,headnote_only,unknown
2025_CLD_78,2025 CLD 78,"QATAR LUBRICANTS COMPANY W.L.L. (""QALCO"") VS ATIF NAEEM RANA - Honorable Justice Muhammad Sajid Mehmood Sethi - Iftikhar-ud-Din Riaz, M. Haroon Mumtaz, Ahmad Abdul Rehman , Hafiz Talha",Lahore High Court,2025,517,full_judgment,headnote_only,unknown
2025_CLD_90,2025 CLD 90,SADIQ POULTRY (PRIVATE) LIMITED VS FEDERATION OF PAKISTAN - Honorable Justice Jawad Hassan - Sardar Taimoor Aslam Khan,Lahore High Court,2025,3183,full_judgment,headnote_only,unknown
2025_CLD_111,2025 CLD 111,"MOHSIN ABBAS VS SUZUKI MOTORS COMPANY LTD. - Honorable Justice Arbab Muhammad Tahir - Sajjad Haider Malik , Shahryar Tariq and Muhammad Taimoor Khan",Islamabad High Court,2025,643,full_judgment,headnote_only,appeal_allowed
2025_CLD_122,2025 CLD 122,"Mst. RAZIA BEGUM VS PUBLIC AT LARGE - Honorable Justice Ahmad Nadeem Arshad - Muhammad Alamgir Khan , Akhtar Saeed Bhatti",Lahore High Court,2025,1984,full_judgment,headnote_only,unknown
2025_CLD_133,2025 CLD 133,"The GOVERNMENT OF KHYBER PAKHTUNKHWA through Chief Secretary, Peshawar VS HMA PUMPS (PVT.) LTD. PESHAWAR CANTT. - Honorable Justice Syed Arshad Ali - Yasir Khalid , Barrister Muhammad Yaseen Raza Khan and Barrister Muhammad Ibrahim Khan Afridi",Peshawar High Court,2025,683,full_judgment,headnote_only,unknown
2025_CLD_138,2025 CLD 138,"STACO-SHAHID BUILDERS JOINT VENTURE (JV) VS LAHORE CANTONMENT BOARD - Honorable Justice Ahmad Nadeem Arshad - Zahid Saleem , Shahzada Muzaffar Ali with Sidra Azmat and Hanan Masood",Lahore High Court,2025,714,full_judgment,headnote_only,appeal_dismissed
2025_CLD_160,2025 CLD 160,"AL-MAKKAH PRESS (PVT.) LTD. VS STANDARD CHARTERED BANK (PAKISTAN) LIMITED - Honorable Justice Ch. Muhammad Iqbal - Muhammad Riaz , Nemo",Lahore High Court,2025,830,full_judgment,headnote_only,unknown
2025_CLD_181,2025 CLD 181,"AJMAL VS S.D.O, PESCO SUB-DIVISION, NOWSHERA CANTT-01 - Honorable Justice S M Attique Shah - Muhammad Umar Saeed , Hamid Ali",Peshawar High Court,2025,325,full_judgment,headnote_only,appeal_allowed
2025_CLD_193,2025 CLD 193,"SHOW-CAUSE NOTICE ISSUED TO M/S 3N-LIFEMED PHARMACEUTICALS VS M/S. RENACON PHARMA LTD. FOR DECEPTIVE MARKETING PRACTICES - Shahid Rafique Sheikh , Faizan Saleem",High Court,2025,609,full_judgment,headnote_only,unknown
2025_CLD_241,2025 CLD 241,"SPACECOM INTERNATIONAL, LLC VS WATEEN TELECOM LIMITED - Honorable Justice Shahid Karim - Sameer Khosa, Momal Malik and Hammad Hussain , Salman Akram Raja, Muhammad Umer Akram Chaudhry, Muhammad Ali Talib and Muhammad Hammad Amin and Waheed Ahmad",Lahore High Court,2025,502,full_judgment,headnote_only,unknown
2006_YLR_2938,2006 YLR 2938,"996	2006 YLR 2938	CITIBANK N.A. through Branch Manager VS MUNIR AHMAD GILL - Honorable Justice SYED HAMID ALI SHAH - Shahid Ikram Siddiqui , Aamar Zahoor Chowhan	LAHORE-HIGH-COURT-LAHORE",Supreme Court of Pakistan,2006-01-01,230,headnote_only,headnote_only,unknown
2004_YLR_151,2004 YLR 151,"54	2004 YLR 151	ALLIED BANK OF PAKISTAN LTD. VS TRISTAR SHIPPING LINES LTD. - Honorable Justice Mushir Alam - Asim Mansoor , Aziz-ur-Rehman	KARACHI-HIGH-COURT-SINDH",Supreme Court of Pakistan,2004-01-01,1876,full_judgment,headnote_only,unknown
2019_CLD_1088,2019 CLD 1088,Chenab Ltd. v. Bank of Punjab,Lahore High Court,2019,321,full_judgment,headnote_only,appeal_dismissed
2017_CLD_847,2017 CLD 847,Mansoor Ali v. Peshawar Particle Board Industries (Pvt.) Ltd.,Peshawar High Court,2017,306,full_judgment,headnote_only,unknown
2001_CLD_1374,2001 CLD 1374,Shafiq Ahmad v. Elite Publishers (Pvt.) Ltd.,High Court of Sindh,2001,310,full_judgment,headnote_only,disposed_of
1998_PLC(CS)_49,1998 PLC(CS) 264,ABDULLAH CHAUHAN v. NATIONAL BANK OF PAKISTAN,High Court of Sindh,1997-10-24,2285,full_judgment,headnote_only,unknown
1993_PLC(CS)_87,1993 PLC(CS) 509,"NASIM AHMED v. MUSLIM COMMERCIAL BANK LTD., KARACHI",Labour-Appellate-Tribunal-Sindh,1993-02-21,410,full_judgment,headnote_only,appeal_dismissed
1993_PLC(CS)_95,1993 PLC(CS) 529,"NATIONAL BANK OF PAKISTAN, KARACHI v. WIQAR AHMED",Labour-Appellate-Tribunal-Sindh,1993-02-14,1071,full_judgment,headnote_only,appeal_allowed
2015_PLC(CS)_170,2015 PLC(CS) 1313,MUHAMMAD ASHRAF v. UNITED BANK LIMITED,"Honorable Justice Anwar Zaheer Jamali - , Mehmood Abdul Ghani Supreme-Court",2015-04-02,1433,full_judgment,headnote_only,leave_refused
2015_PLC(CS)_174,2015 PLC(CS) 1331,UMAR HAYAT KHAWAJA v. NATIONAL BANK OF PAKISTAN,"Honorable Justice Faisal Zaman Khan - Umar Hayat Khawaja , Abid Hussain And Umar Abdullah Lahore-High-Court-Lahore",2015-01-01,1928,full_judgment,headnote_only,petition_dismissed
1986_PLC(CS)_176,1986 PLC(CS) 502,"ABDUL SATTAR v. AGRICULTURAL DEVELOPMENT BANK OF PAKISTAN, MUZAFFARGARH",Honorable Justice Muhammad Abdul Ghafoor Khan Lodhi - Labour-Appellate-Tribunal-Punjab,1985-10-21,351,full_judgment,headnote_only,appeal_allowed
2026_SCMR_812,2026 SCMR 812,MUHAMMAD RIAZ VS ALLAH DITTA & others,Supreme Court of Pakistan,2026-01-15,243,headnote_only,headnote_only,petition_dismissed
2026_SCMR_901,2026 SCMR 901,TARIQ MEHMOOD VS PROVINCE OF PUNJAB & others,Supreme Court of Pakistan,2026-02-02,146,headnote_only,headnote_only,appeal_dismissed
2026_SCMR_197,2026 SCMR 197,JAHANGIR alias Jangu VS State - Honorable Justice Malik Shahzad Ahmad Khan - Rehan Iftikhar,Supreme Court of Pakistan,2026,144,headnote_only,headnote_only,appeal_dismissed
2026_SCMR_145,2026 SCMR 145,MUHAMMAD RASHID VS State - Honorable Justice Irfan Saadat Khan - Aftab Alam Yasir,Supreme Court of Pakistan,2026,121,headnote_only,headnote_only,appeal_allowed
2026_SCMR_390,2026 SCMR 390,"ABDUL MAJEED SOHAIL VS MUHAMMAD MEHBOOB-UZ-ZAMAN KHAN - Honorable Justice Irfan Saadat Khan - Abdul Abid , Nemo",Supreme Court of Pakistan,2026,123,headnote_only,headnote_only,leave_refused
2026_SCMR_365,2026 SCMR 365,USMAN MEHBOOB VS State - Honorable Justice Irfan Saadat Khan - Fakhar Hayat,Supreme Court of Pakistan,2026,186,headnote_only,headnote_only,unknown
2026_SCMR_333,2026 SCMR 333,MUHAMMAD ABDULLAH VS State - Honorable Justice Malik Shahzad Ahmad Khan - Agha Intizar Ali Imran,Supreme Court of Pakistan,2026,262,headnote_only,headnote_only,disposed_of
2026_SCMR_317,2026 SCMR 317,MUHAMMAD ALI VS State - Honorable Justice Malik Shahzad Ahmad Khan - Mushtaq Ahmad Mohal,Supreme Court of Pakistan,2026,167,headnote_only,headnote_only,leave_refused
2026_SCMR_480,2026 SCMR 480,"SANOOBER KHAN VS State - Honorable Justice Malik Shahzad Ahmad Khan - Zia-ur-Rehman Tajik , Shah Faisal Nosapi",Supreme Court of Pakistan,2026,189,headnote_only,headnote_only,unknown
2026_SCMR_297,2026 SCMR 297,"MUHAMMAD ARIF KHAN VS COLLECTOR CUSTOMS MODEL CUSTOMS COLLECTORATE (ENFORCEMENT AND COMPLIANCE) CUSTOM HOUSE, JAMRUD, ROAD, PESHAWAR - Honorable Justice Muhammad Shafi Siddiqui - Farhat Nawaz Lodhi , Abdul Rauf Rohaila",Supreme Court of Pakistan,2026,264,headnote_only,headnote_only,unknown
2026_SCMR_1193,2026 SCMR 1193,MUHAMMAD ZUBAIR VS State - Honorable Justice Muhammad Hashim Khan Kakar - Salman Safdar,Supreme Court of Pakistan,2026,173,headnote_only,headnote_only,appeal_allowed
2026_SCMR_582,2026 SCMR 582,ASIF VS State - Honorable Justice Athar Minallah - Arshad Hussain Yousafzai,Supreme Court of Pakistan,2026,198,headnote_only,headnote_only,unknown
2026_SCMR_1125,2026 SCMR 1125,"Malik LIAQUAT ALI (decd.) VS Mst. SHARIFAN BEGUM (decd.) - Honorable Justice Naeem Akhter Afghan - Malik Noor Muhammad Awan , Malik Amjad Pervaiz",Supreme Court of Pakistan,2026,295,headnote_only,headnote_only,leave_refused
2026_SCMR_1095,2026 SCMR 1095,"FEDERAL BOARD OF REVENUE, through Chairman/Secretary, Revenue VS IRSHAD HUSSAIN QAISRANI - Honorable Justice Shakeel Ahmad - Riaz Hussain Azam",Supreme Court of Pakistan,2026,234,headnote_only,headnote_only,leave_refused
2026_SCMR_638,2026 SCMR 638,"ABDUL GHANI VS Mst. ALAM BIBI - Honorable Justice Syed Hasan Azhar Rizvi - Syed Najam-ud-Din Agha , S. Mumtaz H. Baqri",Supreme Court of Pakistan,2026,288,headnote_only,headnote_only,leave_refused
2026_SCMR_445,2026 SCMR 445,MUHAMMAD RAEES VS State - Honorable Justice Athar Minallah - Astaghfirullah,Supreme Court of Pakistan,2026,292,headnote_only,headnote_only,leave_refused
2026_SCMR_406,2026 SCMR 406,"JAMAAT ALI VS BAHADUR - Honorable Justice Shahid Bilal Hassan - Sheikh Naveed Shehryar and Sh. Usman Karim Ud Din , Imran Humayun Cheema and Khawaja Waseem Abbas",Supreme Court of Pakistan,2026,182,headnote_only,headnote_only,appeal_allowed
2026_SCMR_584,2026 SCMR 584,RAHAM GUL VS State - Honorable Justice Muhammad Hashim Khan Kakar - Arshad Hussain Yousafzai,Supreme Court of Pakistan,2026,288,headnote_only,headnote_only,unknown
2026_SCMR_442,2026 SCMR 442,MANAN ALI VS State - Honorable Justice Muhammad Ali Mazhar - Khurram Mahmood Qureshi,Supreme Court of Pakistan,2026,284,headnote_only,headnote_only,unknown
2026_SCMR_429,2026 SCMR 429,"MUHAMMAD USMAN VS FEDERATION OF PAKISTAN through Secretary Finance, Finance Division, Islamabad - Honorable Justice Muhammad Shafi Siddiqui - Ms. Shireen Imran , Rashideen Nawaz Qasoori",Supreme Court of Pakistan,2026,270,headnote_only,headnote_only,appeal_allowed
2026_SCMR_610,2026 SCMR 610,"COMMISSIONER INLAND REVENUE, LAHORE VS SALMAN BUTT - Honorable Justice Muhammad Shafi Siddiqui - Muhammad Saeed Tahir",Supreme Court of Pakistan,2026,181,headnote_only,headnote_only,appeal_allowed
2026_SCMR_1003,2026 SCMR 1003,"PROVINCE OF SINDH VS ALI MUHAMMAD MEMON, CONTRACTOR - Honorable Justice Aqeel Ahmed Abbasi - Sagheer Abbasi , Hussain Bux Baloch",Supreme Court of Pakistan,2026,264,headnote_only,headnote_only,leave_refused
2026_SCMR_792,2026 SCMR 792,HAKEEM VS State - Honorable Justice Athar Minallah - Arshad Hussain Yousafzai,Supreme Court of Pakistan,2026,289,headnote_only,headnote_only,unknown
2026_SCMR_1,2026 SCMR 1,"AMBREEN AKRAM VS ASAD ULLAH KHAN - Honorable Justice Syed Mansoor Ali Shah - Rana Rashid Akram Khan , Umer Ijaz Gilani",Supreme Court of Pakistan,2026,2830,full_judgment,headnote_only,unknown
2026_SCMR_54,2026 SCMR 54,"MUHAMMAD MUSHTAQ VS Malik MUMTAZ - Honorable Justice Shahid Waheed - Ahmed Ali , Nemo",Supreme Court of Pakistan,2026,873,full_judgment,headnote_only,unknown
2026_SCMR_201,2026 SCMR 201,"WAK LIMITED, MULTAN ROAD, LAHORE VS COLLECTOR CENTRAL EXCISE AND SALES TAX LAHORE (NOW COMMISSIONER INLAND REVENUE LTU, LAHORE) - Honorable Justice Muhammad Shafi Siddiqui - Ali Sibtain Fazli , Mrs. Kausar Parveen",Supreme Court of Pakistan,2026,404,full_judgment,headnote_only,unknown
2026_SCMR_287,2026 SCMR 287,"GUL TIAZ KHAN MARWAT VS The REGISTRAR PESHAWAR HIGH COURT, PESHAWAR - Honorable Justice Shakeel Ahmad - Saleem Ullah Khan Ranazai , Shah Faisal Ilyas",Supreme Court of Pakistan,2026,989,full_judgment,headnote_only,appeal_allowed
2026_SCMR_278,2026 SCMR 278,"The PROVINCE OF SINDH through Chief Secretary Government of Sindh VS RAJ KUMAR LOHANA - Honorable Justice Muhammad Ali Mazhar - Imtiaz Solangi , Syed Ghulam Shabbir Shah",Supreme Court of Pakistan,2026,910,full_judgment,headnote_only,unknown
2026_SCMR_274,2026 SCMR 274,"AIN-UD-DIN VS The ACTING SECTOR COMMANDER NHMP, SHAHI BAG KALAT QUETTA - Honorable Justice Syed Mansoor Ali Shah - Muhammad Umar Ijaz Gilani , Raja Shafaqat Khan Abbasi",Supreme Court of Pakistan,2026,311,full_judgment,headnote_only,unknown
2026_SCMR_267,2026 SCMR 267,"M. ASGHAR JANJUA VS FEDERATION OF PAKISTAN - Honorable Justice Muhammad Ali Mazhar - Muhammad Haseeb Jamali , Mohsin Qadir Shahwani",Supreme Court of Pakistan,2026,690,full_judgment,headnote_only,unknown
2026_SCMR_262,2026 SCMR 262,NAFEES-UL-HASSAN VS State - Honorable Justice Irfan Saadat Khan - Ch. Muhammad Jahangir Wahlah,Supreme Court of Pakistan,2026,406,full_judgment,headnote_only,unknown
2026_SCMR_257,2026 SCMR 257,LAIQ SHAH VS State - Honorable Justice Malik Shahzad Ahmad Khan - Shabbir Hussain Gigyani,Supreme Court of Pakistan,2026,804,full_judgment,headnote_only,unknown
2026_SCMR_251,2026 SCMR 251,GHULAM SARWAR GHANGRO VS State - Honorable Justice Muhammad Hashim Khan Kakar - Syed Muhammad Tayyab Shah,Supreme Court of Pakistan,2026,915,full_judgment,headnote_only,unknown
2026_SCMR_227,2026 SCMR 227,"COMMISSIONER INLAND REVENUE (LEGAL), ISLAMABAD VS PAKISTAN LNG LIMITED - Honorable Justice Ayesha A. Malik - Ms. Asma Hamid , Jehanzeb Awan",Supreme Court of Pakistan,2026,5487,full_judgment,headnote_only,unknown
2026_SCMR_398,2026 SCMR 398,ASIM GULFRAZ VS State - Honorable Justice Ishtiaq Ibrahim - Shoukat Hayat,Supreme Court of Pakistan,2026,1079,full_judgment,headnote_only,unknown
2026_SCMR_393,2026 SCMR 393,MAQSOOD ALI VS State - Honorable Justice Malik Shahzad Ahmad Khan - Arshad Hussain Yousafzai,Supreme Court of Pakistan,2026,975,full_judgment,headnote_only,unknown
2026_SCMR_373,2026 SCMR 373,"PAKISTAN STOCK EXCHANGE LIMITED VS COMMISSIONER INLAND REVENUE ZONE-VI, KARACHI - Honorable Justice Munib Akhtar - Abdul Ghaffar Khan , Munawar Ali Memon",Supreme Court of Pakistan,2026,1067,full_judgment,headnote_only,leave_refused
2026_SCMR_368,2026 SCMR 368,"RAFHAN MAIZE PRODUCTS CO. LIMITED VS The APPELLATE TRIBUNAL INLAND REVENUE, MULTAN - Honorable Justice Muhammad Shafi Siddiqui - Muhammad Ajmal Khan , Muhammad Yahya",Supreme Court of Pakistan,2026,300,full_judgment,headnote_only,unknown
2026_SCMR_357,2026 SCMR 357,"DISTRICT AND SESSIONS JUDGE (AUTHORITY), JHANG VS GHULAM SHABBIR - Honorable Justice Syed Mansoor Ali Shah - Khalid Masood Ghani , Sher Aman",Supreme Court of Pakistan,2026,1458,full_judgment,headnote_only,unknown
2026_SCMR_190,2026 SCMR 190,"SINDH IRRIGATION and DRAINAGE AUTHORITY VS PROVINCE OF SINDH - Honorable Justice Muhammad Ali Mazhar - Altaf Hussain , Suresh Kumar",Supreme Court of Pakistan,2026,1012,full_judgment,headnote_only,unknown
2026_SCMR_350,2026 SCMR 350,"FAZAL MEHMOOD VS State - Honorable Justice Irfan Saadat Khan - Ms. Ambreen Anwar Raja , Sher Aman",Supreme Court of Pakistan,2026,843,full_judgment,headnote_only,unknown
2026_SCMR_339,2026 SCMR 339,"FEDERATION OF PAKISTAN through Ministry of Water and Power VS SPENCER POWERGEN COMPANY OF PAKISTAN LIMITED - Honorable Justice Miangul Hassan Aurangzeb - Salman Akram Raja , Muhammad Akram Sheikh",Supreme Court of Pakistan,2026,808,full_judgment,headnote_only,unknown
2026_SCMR_321,2026 SCMR 321,"Dr. MUHAMMAD BASHIR QASIM VS GULZAR MEHMOOD - Honorable Justice Irfan Saadat Khan - Raja Qasit Nawaz Khan , Nemo",Supreme Court of Pakistan,2026,301,full_judgment,headnote_only,leave_refused
2026_SCMR_488,2026 SCMR 488,HAMID ULLAH KHAN VS State - Honorable Justice Irfan Saadat Khan - Zafar Iqbal,Supreme Court of Pakistan,2026,340,full_judgment,headnote_only,unknown
2026_SCMR_476,2026 SCMR 476,IBRAR VS State - Honorable Justice Naeem Akhter Afghan - Sagheer Ahmed Qadri,Supreme Court of Pakistan,2026,366,full_judgment,headnote_only,unknown
2026_SCMR_1201,2026 SCMR 1201,SADDAM KAKAR VS State - Honorable Justice Malik Shahzad Ahmad Khan - M. Ashraf Sammo,Supreme Court of Pakistan,2026,1550,full_judgment,headnote_only,unknown
2026_SCMR_1076,2026 SCMR 1076,FAYAZ KHAN VS MOHSIN SHAH - Honorable Justice Muhammad Ali Mazhar - Shabbir Hussain Gigyani Khan,Supreme Court of Pakistan,2026,530,full_judgment,headnote_only,unknown
2026_SCMR_1196,2026 SCMR 1196,"ASHFAQUE HUSSAIN VS State - Honorable Justice Muhammad Ali Mazhar - Amir Nawaz , Nemo",Supreme Court of Pakistan,2026,376,full_judgment,headnote_only,unknown
2026_SCMR_1185,2026 SCMR 1185,"UMER DRAZ VS State - Honorable Justice Ishtiaq Ibrahim - Anis Muhammad Shahzad , M. Mumtaz Afridi",Supreme Court of Pakistan,2026,1155,full_judgment,headnote_only,unknown
2026_SCMR_1178,2026 SCMR 1178,SHAHID IQBAL VS State - Honorable Justice Malik Shahzad Ahmad Khan - Sagheer Ahmad Qadri,Supreme Court of Pakistan,2026,923,full_judgment,headnote_only,unknown
2026_SCMR_576,2026 SCMR 576,"The SENIOR GENERAL MANAGER (CHIEF EXECUTIVE OFFICER), PAKISTAN RAILWAYS, RAILWAY HEADQUARTER, LAHORE VS Syed QAISER ABBAS - Honorable Justice Aqeel Ahmed Abbasi - Jawad Mahmood Pasha , Nemo",Supreme Court of Pakistan,2026,350,full_judgment,headnote_only,leave_refused
2026_SCMR_566,2026 SCMR 566,"DEPUTY COMMISSIONER OF INCOME TAX, ISLAMABAD VS MARI GAS COMPANY LIMITED, ISLAMABAD - Honorable Justice Syed Mansoor Ali Shah - Dr. G. M. Chaudhary, Ch. Zafar Iqbal, Dr. Farhat Zafar, Ch. Imtiaz Ahmed , Azid Nafees, Hafiz M. Idrees, Khurram Mumtaz Hashmi, Sardar Ahmed Jamal Sukhera",Supreme Court of Pakistan,2026,503,full_judgment,headnote_only,unknown
2026_SCMR_561,2026 SCMR 561,"Mst. RAFIA YAQOOB VS SULEMAN AYUB - Honorable Justice Musarrat Hilali - Iftikhar Ahmed Awan , Atif Nisar Abbasi",Supreme Court of Pakistan,2026,418,full_judgment,headnote_only,unknown
2026_SCMR_558,2026 SCMR 558,"SECRETARY TO GOVERNMENT OF KHYBER PAKHTUNKHWA COMMUNICATION AND WORKS DEPARTMENT, CIVIL SECRETARIAT, PESHAWAR VS INAYAT ULLAH - Honorable Justice Musarrat Hilali - Bashar Naveed , Nemo",Supreme Court of Pakistan,2026,518,full_judgment,headnote_only,appeal_dismissed
2026_SCMR_545,2026 SCMR 545,"COMMISSIONER INLAND REVENUE REGIONAL TAX OFFICE, PESHAWAR VS CHERAT CEMENT COMPANY LTD. NOWSHERA - Honorable Justice Munib Akhtar - Qaiser Abbas Bangash , Isaac Ali Qazi",Supreme Court of Pakistan,2026,398,full_judgment,headnote_only,appeal_dismissed
2026_SCMR_1119,2026 SCMR 1119,"JAVED IQBAL VS Mst. FARHAT IQBAL (deceased) - Honorable Justice Shahid Bilal Hassan - S.A. Mahmood Khan Sadozai , Muhammad Aslam Khan Dhukkar",Supreme Court of Pakistan,2026,334,full_judgment,headnote_only,appeal_dismissed
2026_SCMR_1106,2026 SCMR 1106,"WAPDA through Chairman, Punjab VS IFTIKHAR ALI - Honorable Justice Yahya Afridi, CJ and Shahid Bilal Hassan - Syed Hassan Ali Raza , Nemo",Supreme Court of Pakistan,2026,626,full_judgment,headnote_only,leave_refused
2026_SCMR_1099,2026 SCMR 1099,SHAHID CHAUDHRY VS The STATE through Special Prosecutor Customs Lahore - Honorable Justice Aqeel Ahmed Abbasi - Shahryar Kasuri,Supreme Court of Pakistan,2026,445,full_judgment,headnote_only,unknown
2026_SCMR_1085,2026 SCMR 1085,MUHAMMAD MUMTAZ VS State - Honorable Justice Ishtiaq Ibrahim - Saeed Khurshid Ahmed,Supreme Court of Pakistan,2026,2067,full_judgment,headnote_only,unknown
2026_SCMR_1056,2026 SCMR 1056,SALAMAT ALI VS State - Honorable Justice Musarrat Hilali - Qari Abdul Rasheed,Supreme Court of Pakistan,2026,532,full_judgment,headnote_only,appeal_allowed
2026_SCMR_1045,2026 SCMR 1045,"PROVINCE OF PUNJAB through Secretary Punjab Emergency Service Department, Lahore VS MUHAMMAD KHALIL - Honorable Justice Ayesha A. Malik - Sanaullah Zahid , Ms. Saira Khalid",Supreme Court of Pakistan,2026,438,full_judgment,headnote_only,appeal_allowed
2026_SCMR_1042,2026 SCMR 1042,"ABDULLAH VS WARYAM - Honorable Justice Jamal Khan Mandokhail - M. Ashraf Soomro , Noor Ahmed Memon",Supreme Court of Pakistan,2026,503,full_judgment,headnote_only,appeal_allowed
2026_SCMR_1033,2026 SCMR 1033,"CAPITAL DEVELOPMENT AUTHORITY (CDA), through Chairman, Islamabad VS Dr. SHEIKH MUHAMMAD SHOAIB SHAFI - Honorable Justice Muhammad Ali Mazhar - Amir Latif Gill , Taimoor Aslam Khan",Supreme Court of Pakistan,2026,1316,full_judgment,headnote_only,unknown
2026_SCMR_1010,2026 SCMR 1010,IFTIKHAR AHMED alias Papu VS State - Honorable Justice Malik Shahzad Ahmad Khan - Shah Khawar,Supreme Court of Pakistan,2026,1762,full_judgment,headnote_only,unknown
2026_SCMR_502,2026 SCMR 502,"The DIRECTOR GENERAL OF CUSTOMS VALUATION, CUSTOM HOUSE, KARACHI VS AL AMIN CERA - Honorable Justice Miangul Hassan Aurangzeb - Raja Muhammad Iqbal",Supreme Court of Pakistan,2026,754,full_judgment,headnote_only,appeal_allowed
2026_SCMR_499,2026 SCMR 499,"Mst. EDAN BIBI VS NASEEM KHAN - Honorable Justice Muhammad Shafi Siddiqui - Khalid Rehman Qureshi , Nemo",Supreme Court of Pakistan,2026,414,full_judgment,headnote_only,leave_refused
2026_SCMR_494,2026 SCMR 494,"SHAFQAT ALI VS Mst. ZAIB UN NISA - Honorable Justice Syed Hasan Azhar Rizvi - Ms. Farhana Qamar , M. Asif Mukhtar Butt",Supreme Court of Pakistan,2026,595,full_judgment,headnote_only,leave_refused
2026_SCMR_658,2026 SCMR 658,"FARID KHAN VS HAMID BADSHAH - Honorable Justice Shahid Bilal Hassan - Shah Khawar , Muhammad Taif Khan",Supreme Court of Pakistan,2026,499,full_judgment,headnote_only,leave_refused
2026_SCMR_652,2026 SCMR 652,"The COLLECTOR OF CUSTOMS, COLLECTORATE OF CUSTOMS APPRAISEMENT, KARACHI VS M.M. STEEL, SIALKOT - Honorable Justice Muhammad Shafi Siddiqui - Muhammad Khalil Dogar , Nemo",Supreme Court of Pakistan,2026,935,full_judgment,headnote_only,unknown
2026_SCMR_645,2026 SCMR 645,"FAISALABAD ELECTRICITY SUPPLY COMPANY (FESCO) through Chief Executive, Faisalabad VS TARIQ SHAHZAD WEAVING FACTORY - Honorable Justice Qazi Faez Isa - Waqar Amin Sheikh , Khawaja Tariq A. Raheem",Supreme Court of Pakistan,2026,352,full_judgment,headnote_only,unknown
2026_SCMR_635,2026 SCMR 635,ABID VS State - Honorable Justice Muhammad Ali Mazhar - Syed Khawar Ameer Bukhari,Supreme Court of Pakistan,2026,385,full_judgment,headnote_only,unknown
2026_SCMR_621,2026 SCMR 621,MANZOOR AHMED VS State - Honorable Justice Irfan Saadat Khan - Qari Abdul Rasheed,Supreme Court of Pakistan,2026,1956,full_judgment,headnote_only,unknown
2026_SCMR_614,2026 SCMR 614,"REHMAT ALI VS State - Honorable Justice Ali Baqar Najafi - Muhammad Usman Mirza , Sajjad Hussain Bhatti",Supreme Court of Pakistan,2026,549,full_judgment,headnote_only,unknown
2026_SCMR_466,2026 SCMR 466,SHAHZAD LIAQAT VS State - Honorable Justice Ishtiaq Ibrahim - Muhammad Akram Gondal,Supreme Court of Pakistan,2026,1529,full_judgment,headnote_only,unknown
2026_SCMR_461,2026 SCMR 461,"MUHAMMAD ABID VS GOVERNMENT OF KHYBER PAKHTUNKHWA through Secretary Excise, Taxation and Narcotics Control Department, Peshawar - Honorable Justice Muhammad Ali Mazhar - Ahmad Ali , Zahid Yousaf",Supreme Court of Pakistan,2026,462,full_judgment,headnote_only,unknown
2026_SCMR_449,2026 SCMR 449,"SHAKEEL AHMED KAYANI VS The MANAGING DIRECTOR/CHIEF EXECUTIVE OFFICER, ISLAMABAD - Honorable Justice Syed Mansoor Ali Shah - Muhammad Bashir Khan , Sultan Mazhar Sher Khan",Supreme Court of Pakistan,2026,1727,full_judgment,headnote_only,unknown
2026_SCMR_434,2026 SCMR 434,MUHAMMAD WASEEM VS State - Honorable Justice Irfan Saadat Khan - Zulfiqar Ahmed Bhutta,Supreme Court of Pakistan,2026,374,full_judgment,headnote_only,unknown
2026_SCMR_413,2026 SCMR 413,"FIAZ alias Mansha VS State - Honorable Justice Ishtiaq Ibrahim - Malik Noman Khalid , Syed Intekhab Hussain Shah",Supreme Court of Pakistan,2026,2624,full_judgment,headnote_only,unknown
2026_SCMR_605,2026 SCMR 605,"SENIOR MEMBER BOARD OF REVENUE, PUNJAB, LAHORE VS ABDUL SHAKOOR (Deceased) - Honorable Justice Shahid Bilal Hassan - Ahmad Awais Qazi , M.A. Ghaffar Ul Haq",Supreme Court of Pakistan,2026,326,full_judgment,headnote_only,leave_refused
2026_SCMR_598,2026 SCMR 598,MUHAMMAD IKRAM VS State - Honorable Justice Muhammad Hashim Khan Kakar - Basharatullah Khan,Supreme Court of Pakistan,2026,629,full_judgment,headnote_only,unknown
2026_SCMR_594,2026 SCMR 594,SHAUKAT ALI VS State - Honorable Justice Ali Baqar Najafi - Agha Intizar Ali Imran,Supreme Court of Pakistan,2026,367,full_judgment,headnote_only,unknown
2026_SCMR_587,2026 SCMR 587,"ABDUL MAJEED VS Mst. KHALIDA BIBI (Deceased) - Honorable Justice Shahid Bilal Hassan - Ajmal Raza Bhatti , Nemo",Supreme Court of Pakistan,2026,649,full_judgment,headnote_only,leave_refused
2026_SCMR_729,2026 SCMR 729,AMJAD ALI VS State - Honorable Justice Irfan Saadat Khan - Muhammad Kasim Mirjat,Supreme Court of Pakistan,2026,1071,full_judgment,headnote_only,unknown
2026_SCMR_723,2026 SCMR 723,"FAZAL HUSSAIN VS COMMISSIONER DERA GHAZI KHAN, DIVISION DERA GHAZI KHAN - Honorable Justice Salahuddin Panhwar - Abdul Rehman Khan Lashari , Khalid Masood Ghani",Supreme Court of Pakistan,2026,531,full_judgment,headnote_only,unknown
2026_SCMR_521,2026 SCMR 521,"GOVERNMENT OF KHYBER PAKHTUNKHWA through Secretary Home, Peshawar VS ATTIQ ULLAH KHAN - Honorable Justice Aqeel Ahmed Abbasi - Zahid Yousaf Qureshi , Nemo",Supreme Court of Pakistan,2026,700,full_judgment,headnote_only,unknown
2026_SCMR_998,2026 SCMR 998,MUJAHID KHAN VS State - Honorable Justice Ishtiaq Ibrahim - Ajmal Khan Janjua,Supreme Court of Pakistan,2026,745,full_judgment,headnote_only,unknown
2026_SCMR_994,2026 SCMR 994,"Mst. SAFIA KHANUM VS ADDITIONAL DISTRICT JUDGE-II EAST, ISLAMABAD - Honorable Justice Shahid Bilal Hassan - Muhammad Ikhlaque Awan , Nemo",Supreme Court of Pakistan,2026,377,full_judgment,headnote_only,unknown
2026_SCMR_987,2026 SCMR 987,"MUHAMMAD FAREEDON REHMAN VS State - Honorable Justice Muhammad Hashim Khan Kakar - Hamid Rashid , Aftab Alam Yasir",Supreme Court of Pakistan,2026,905,full_judgment,headnote_only,unknown
2026_SCMR_1171,2026 SCMR 1171,"BURKI & CO VS DIRECTOR, INTELLIGENCE AND INVESTIGATION (CUSTOMS), KARACHI - Honorable Justice Muhammad Shafi Siddiqui - Salahuddin Ahmed , Syed Talha Salman",Supreme Court of Pakistan,2026,885,full_judgment,headnote_only,unknown
2026_SCMR_1160,2026 SCMR 1160,MUHAMMAD JUMAN VS State - Honorable Justice Irfan Saadat Khan - Chaudhry Muhammad Zardad,Supreme Court of Pakistan,2026,1304,full_judgment,headnote_only,unknown
2026_SCMR_1146,2026 SCMR 1146,"OSAMA VS State - Honorable Justice Shakeel Ahmad - Abdul Hadi Tareen , Aman Ullah Khan",Supreme Court of Pakistan,2026,442,full_judgment,headnote_only,appeal_allowed
2026_SCMR_1139,2026 SCMR 1139,RIFFAT HUSSAIN VS Mst. ZAHIDA BIBI - Honorable Justice Salahuddin Panhwar - Sajjad Ahmed Bhatti,Supreme Court of Pakistan,2026,459,full_judgment,headnote_only,leave_refused
2026_SCMR_1132,2026 SCMR 1132,"MOHAMMAD ZIAFAT VS TARIQ NAWAZ KHAN TAREEN - Honorable Justice Muhammad Ali Mazhar - Ms. Saira Khalid , Abdul Rehman Qadar",Supreme Court of Pakistan,2026,358,full_judgment,headnote_only,leave_refused
2026_SCMR_783,2026 SCMR 783,MUHAMMAD SIDDIQUE VS State - Honorable Justice Ishtiaq Ibrahim - Basharat Ullah Khan,Supreme Court of Pakistan,2026,1331,full_judgment,headnote_only,unknown
2026_SCMR_775,2026 SCMR 775,"ARSHAD AZIZ ABBASI VS The SPECIAL JUDGE, CUSTOMS, TAXATION AND ANTI-SMUGGLING-I, KARACHI - Honorable Justice Aqeel Ahmed Abbasi - Muhammad Ali Lakhani , Raja Muhammad Shafqat Abbasi",Supreme Court of Pakistan,2026,317,full_judgment,headnote_only,appeal_allowed
2026_SCMR_941,2026 SCMR 941,"SHAHBAZ KHAN VS DOWLAT KHAN - Honorable Justice Shahid Waheed - Asad Jan , Nemo",Supreme Court of Pakistan,2026,763,full_judgment,headnote_only,unknown
2026_SCMR_937,2026 SCMR 937,ATTIQUE ULLAH VS State - Honorable Justice Ishtiaq Ibrahim - Arshad Hussain Yousafzai,Supreme Court of Pakistan,2026,515,full_judgment,headnote_only,unknown
2026_SCMR_769,2026 SCMR 769,"MUHAMMAD AZAM VS PROVINCE OF SINDH through Secretary Home Department - Honorable Justice Muhammad Ali Mazhar - , Kafeel Ahmed Abbasi",Supreme Court of Pakistan,2026,393,full_judgment,headnote_only,unknown
2026_SCMR_766,2026 SCMR 766,"WAJID UR REHMAN VS LATIF UR REHMAN - Honorable Justice Sardar Tariq Masood - Shan Asghar , Altaf Samad",Supreme Court of Pakistan,2026,352,full_judgment,headnote_only,unknown
2026_SCMR_929,2026 SCMR 929,"GHULAM ASGHAR KHAN VS MUHAMMAD ARIF KHAN - Honorable Justice Muhammad Shafi Siddiqui - Rahid Anwar , Maiz Ahmed",Supreme Court of Pakistan,2026,674,full_judgment,headnote_only,appeal_allowed
2026_SCMR_921,2026 SCMR 921,MUHAMMAD AMJAD VS State - Honorable Justice Ishtiaq Ibrahim - Muhammad Irfan Malik,Supreme Court of Pakistan,2026,1004,full_judgment,headnote_only,unknown
2011_SCMR_1062,2011 SCMR 1062,Bashir Ahmed v. Ghulam Rasool,Supreme Court of Pakistan,2011,255,headnote_only,headnote_only,appeal_allowed
2013_SCMR_866,2013 SCMR 866,Allah Ditta v. Muhammad Anar,Supreme Court of Pakistan,2013,195,headnote_only,headnote_only,appeal_allowed
1994_SCMR_453,1994 SCMR 453,Muhammad Afzal v. The State,Supreme Court of Pakistan,1994-01-01,254,headnote_only,headnote_only,unknown
1994_SCMR_478,1994 SCMR 478,Asghar Ali v. Muhammad Rafiq,Supreme Court of Pakistan,1994-01-01,292,headnote_only,headnote_only,unknown
1994_SCMR_541,1994 SCMR 541,Altaf Hussain v. Muhammad Fayyaz,Supreme Court of Pakistan,1994-01-01,289,headnote_only,headnote_only,leave_granted
1994_SCMR_552,1994 SCMR 552,Mukhtar Ahmad Dodhy v. Zaheer Ahmad,Supreme Court of Pakistan,1994-01-01,229,headnote_only,headnote_only,disposed_of
1994_SCMR_662,1994 SCMR 662,Muhammad Amir v. The State,Supreme Court of Pakistan,1994-01-01,203,headnote_only,headnote_only,unknown
1994_SCMR_584,1994 SCMR 584,Ahmad Ali v. The State,Supreme Court of Pakistan,1994-01-01,237,headnote_only,headnote_only,leave_granted
1994_SCMR_593,1994 SCMR 593,State Of Haryana v. Bhajan Lal,Supreme Court of Pakistan,1994-01-01,211,headnote_only,headnote_only,unknown
1994_SCMR_680,1994 SCMR 680,Pakistan Railways v. Muhammad Anwar Bhatti,Supreme Court of Pakistan,1994-01-01,243,headnote_only,headnote_only,leave_granted
1994_SCMR_682,1994 SCMR 682,Muhammad Din v. Additional Commissioner,Supreme Court of Pakistan,1994-01-01,284,headnote_only,headnote_only,leave_granted
1994_SCMR_685,1994 SCMR 685,"Muhammad Younas v. Secretary, Law And Justice Division, Islamabad",Supreme Court of Pakistan,1994-01-01,253,headnote_only,headnote_only,leave_granted
1994_SCMR_987,1994 SCMR 987,Muhammad Manzoor v. Ghulam Murtaza,Supreme Court of Pakistan,1994-01-01,286,headnote_only,headnote_only,leave_refused
1994_SCMR_694,1994 SCMR 694,Muhammad Afzal Shah v. Mazhar Hussain Shah,Supreme Court of Pakistan,1994-01-01,280,headnote_only,headnote_only,leave_granted
1994_SCMR_720,1994 SCMR 720,Shukaria Perveen v. Custodian,Supreme Court of Pakistan,1994-01-01,279,headnote_only,headnote_only,petition_dismissed
1994_SCMR_991,1994 SCMR 991,Ghulam Baqir Shah v. Akhtar Hussain Shah (Akhtar Shah),Supreme Court of Pakistan,1994-01-01,293,headnote_only,headnote_only,leave_refused
1994_SCMR_826,1994 SCMR 826,Jewan v. Federation Of Pakistan,Supreme Court of Pakistan,1994-01-01,296,headnote_only,headnote_only,leave_granted
1994_SCMR_899,1994 SCMR 899,Shaheen Airport Services v. Sindh Employees' Social Security Institution,Supreme Court of Pakistan,1994-01-01,135,headnote_only,headnote_only,unknown
1994_SCMR_944,1994 SCMR 944,Saeeda Begum v. Anrjad Ali,Supreme Court of Pakistan,1994-01-01,270,headnote_only,headnote_only,leave_granted
1994_SCMR_962,1994 SCMR 962,"Ishtiaq Ahmad v. Inspecting Assistant Commissioner, Income-Tax, Range-I, Gujranwala",Supreme Court of Pakistan,1994-01-01,190,headnote_only,headnote_only,leave_granted
1994_SCMR_969,1994 SCMR 969,Muhammad Arshad v. Asim Saqlain,Supreme Court of Pakistan,1994-01-01,256,headnote_only,headnote_only,leave_refused
1994_SCMR_995,1994 SCMR 995,Naseer Ahmad Alias Phup v. The State,Supreme Court of Pakistan,1994-01-01,214,headnote_only,headnote_only,unknown
1994_SCMR_1001,1994 SCMR 1001,"Qasim Ali Shah v. Director, Food, Punjab, Lahore",Supreme Court of Pakistan,1994-01-01,202,headnote_only,headnote_only,unknown
1994_SCMR_1087,1994 SCMR 1087,Rafaqat Ahmed v. The State,Supreme Court of Pakistan,1994-01-01,292,headnote_only,headnote_only,leave_granted
1994_SCMR_1112,1994 SCMR 1112,Federal Land Commission v. Hayat Muhammad Khan,Supreme Court of Pakistan,1994-01-01,276,headnote_only,headnote_only,unknown
1994_SCMR_1126,1994 SCMR 1126,Naseer Ahmad v. Province Of Punjab,Supreme Court of Pakistan,1994-01-01,294,headnote_only,headnote_only,disposed_of
1994_SCMR_1143,1994 SCMR 1143,Mahmood Ahmad v. Muhammad Aslam,Supreme Court of Pakistan,1994-01-01,220,headnote_only,headnote_only,leave_granted
1994_SCMR_1152,1994 SCMR 1152,Muhammad Haneef v. The State,Supreme Court of Pakistan,1994-01-01,228,headnote_only,headnote_only,leave_granted
1994_SCMR_1157,1994 SCMR 1157,Bashir Ahmed v. Ali Muhammad,Supreme Court of Pakistan,1994-01-01,250,headnote_only,headnote_only,unknown
1994_SCMR_1194,1994 SCMR 1194,Hafiza Bibi v. Ali Hussain,Supreme Court of Pakistan,1994-01-01,288,headnote_only,headnote_only,leave_granted
1994_SCMR_1198,1994 SCMR 1198,Sultan Mahmood v. The State,Supreme Court of Pakistan,1994-01-01,214,headnote_only,headnote_only,leave_granted
1994_SCMR_1206,1994 SCMR 1206,Rafaqat Ahmad v. The State,Supreme Court of Pakistan,1994-01-01,273,headnote_only,headnote_only,leave_granted
1994_SCMR_1216,1994 SCMR 1216,Nawaz v. The State,Supreme Court of Pakistan,1994-01-01,257,headnote_only,headnote_only,unknown
1994_SCMR_1220,1994 SCMR 1220,Muhammad Arshad v. The State,Supreme Court of Pakistan,1994-01-01,225,headnote_only,headnote_only,leave_granted
1994_SCMR_1225,1994 SCMR 1225,"Sanaullah v. Deputy Administrator (R.P.) Centre Vi, Lahore - , Sardar Muhammad Akram, Advocate Supreme Court And M. Sultan Khan, Advocate-On-Record",Supreme Court of Pakistan,1994-01-01,297,headnote_only,headnote_only,leave_granted
1994_SCMR_1232,1994 SCMR 1232,Fateh Bibi v. Talib Hussain,Supreme Court of Pakistan,1994-01-01,225,headnote_only,headnote_only,leave_refused
1994_SCMR_1247,1994 SCMR 1247,Ijaz Ahmad Alias Ijaz Hussain v. The State,Supreme Court of Pakistan,1994-01-01,259,headnote_only,headnote_only,unknown
1994_SCMR_1262,1994 SCMR 1262,Sarwar Khan v. The State,Supreme Court of Pakistan,1994-01-01,253,headnote_only,headnote_only,unknown
1994_SCMR_1393,1994 SCMR 1393,Mccarthy & Stone (Developments) Ltd. v. London Borough Of Richmond Upon Thames,Supreme Court of Pakistan,1994-01-01,270,headnote_only,headnote_only,unknown
1994_SCMR_1472,1994 SCMR 1472,Mehtab Khan v. The State,Supreme Court of Pakistan,1994-01-01,165,headnote_only,headnote_only,unknown
1994_SCMR_1511,1994 SCMR 1511,Sakina Bibi v. Akram Beg,Supreme Court of Pakistan,1994-01-01,299,headnote_only,headnote_only,unknown
1994_SCMR_1543,1994 SCMR 1543,Muhammad Khan v. The State,Supreme Court of Pakistan,1994-01-01,276,headnote_only,headnote_only,unknown
1994_SCMR_1568,1994 SCMR 1568,Muhammad Hussain v. The State,Supreme Court of Pakistan,1994-01-01,291,headnote_only,headnote_only,unknown
1994_SCMR_1622,1994 SCMR 1622,Bushra v. Muhammad Yasin,Supreme Court of Pakistan,1994-01-01,293,headnote_only,headnote_only,leave_granted
1994_SCMR_1626,1994 SCMR 1626,"Muhammad Islam v. General Manager, Pakistan Railways, Lahore",Supreme Court of Pakistan,1994-01-01,188,headnote_only,headnote_only,leave_refused
1994_SCMR_1640,1994 SCMR 1640,Muhammad Ali v. Province Of Punjab,Supreme Court of Pakistan,1994-01-01,247,headnote_only,headnote_only,leave_refused
1994_SCMR_1647,1994 SCMR 1647,"Muhammad Jamil Khan v. Additional Commissioner (Rev.)/Settlement Commissioner (Lands), Gujranwala",Supreme Court of Pakistan,1994-01-01,250,headnote_only,headnote_only,leave_granted
1994_SCMR_1682,1994 SCMR 1682,Rees v. Crane,Supreme Court of Pakistan,1994-01-01,264,headnote_only,headnote_only,unknown
1994_SCMR_1727,1994 SCMR 1727,Latif Bibi v. Abdul Ghafoor,Supreme Court of Pakistan,1994-01-01,280,headnote_only,headnote_only,leave_refused
1994_SCMR_1755,1994 SCMR 1755,Mehr Dil v. Faqir Hussain,Supreme Court of Pakistan,1994-01-01,279,headnote_only,headnote_only,leave_refused
1994_SCMR_1775,1994 SCMR 1775,Ghulam Sadiq v. Aisha,Supreme Court of Pakistan,1994-01-01,176,headnote_only,headnote_only,leave_refused
1994_SCMR_1782,1994 SCMR 1782,Akbar Khan v. Khair Khanum,Supreme Court of Pakistan,1994-01-01,232,headnote_only,headnote_only,leave_granted
1994_SCMR_1784,1994 SCMR 1784,Bazida v. Hussain Bakhsh,Supreme Court of Pakistan,1994-01-01,220,headnote_only,headnote_only,leave_refused
1994_SCMR_1787,1994 SCMR 1787,Iram Cheema v. Auqaf Department,Supreme Court of Pakistan,1994-01-01,231,headnote_only,headnote_only,leave_granted
1994_SCMR_1847,1994 SCMR 1847,Muhammad Din Alias Manni v. The State,Supreme Court of Pakistan,1994-01-01,286,headnote_only,headnote_only,leave_refused
1994_SCMR_1859,1994 SCMR 1859,Muhammad Rafiq v. Mst. Tajan,Supreme Court of Pakistan,1994-01-01,294,headnote_only,headnote_only,leave_granted
1994_SCMR_1880,1994 SCMR 1880,"Shah Muhammad, Inspector; C.I.A. v. Ramzan Bibi",Supreme Court of Pakistan,1994-01-01,255,headnote_only,headnote_only,leave_granted
1994_SCMR_2041,1994 SCMR 2041,Muhammad Yousuf v. Siraj Din,Supreme Court of Pakistan,1994-01-01,170,headnote_only,headnote_only,leave_refused
1994_SCMR_1965,1994 SCMR 1965,Ghulam Muhammad v. Bagh Hussain,Supreme Court of Pakistan,1994-01-01,202,headnote_only,headnote_only,unknown
1994_SCMR_1975,1994 SCMR 1975,Nawab Din v. Bagh,Supreme Court of Pakistan,1994-01-01,282,headnote_only,headnote_only,leave_refused
1994_SCMR_2017,1994 SCMR 2017,Federation Of Pakistan v. Anwar Khan,Supreme Court of Pakistan,1994-01-01,246,headnote_only,headnote_only,leave_refused
1994_SCMR_2027,1994 SCMR 2027,Noor Muhammad v. Muhammad Abdullah,Supreme Court of Pakistan,1994-01-01,256,headnote_only,headnote_only,unknown
1994_SCMR_2032,1994 SCMR 2032,Muhammad Ahmed v. Tariq Amin,Supreme Court of Pakistan,1994-01-01,296,headnote_only,headnote_only,leave_refused
1994_SCMR_2087,1994 SCMR 2087,Noor-Un-Nisa v. Ghulam Sarwar,Supreme Court of Pakistan,1994-01-01,265,headnote_only,headnote_only,unknown
1994_SCMR_2244,1994 SCMR 2244,Allah Rakhi v. Irshad Bibi,Supreme Court of Pakistan,1994-01-01,219,headnote_only,headnote_only,leave_refused
1993_SCMR_39,1993 SCMR 39,Central Board Of Revenue v. Chanda Motors,Supreme Court of Pakistan,1993-01-01,221,headnote_only,headnote_only,unknown
1993_SCMR_53,1993 SCMR 53,Sana Ullah v. The State,Supreme Court of Pakistan,1993-01-01,196,headnote_only,headnote_only,unknown
1993_SCMR_67,1993 SCMR 67,Agaria Amir Ali v. Abdul Majid,Supreme Court of Pakistan,1993-01-01,251,headnote_only,headnote_only,leave_refused
1993_SCMR_114,1993 SCMR 114,"Amir Ahmed v. Secretary, Finance Division, Islamabad",Supreme Court of Pakistan,1993-01-01,293,headnote_only,headnote_only,leave_granted
1993_SCMR_189,1993 SCMR 189,Muhammad Naseem v. The State,Supreme Court of Pakistan,1993-01-01,299,headnote_only,headnote_only,unknown
1993_SCMR_248,1993 SCMR 248,Muhammad Jaffar v. The State,Supreme Court of Pakistan,1993-01-01,286,headnote_only,headnote_only,unknown
1993_SCMR_266,1993 SCMR 266,"Regional Commissioner, Income-Tax Companies Ii, Karachi v. S. Sultan Ali Jeoffrey - S. Muhammad Shahudul Haque, Advocate Supreme Court And Akhlaque Ahmed Siddiqui",Supreme Court of Pakistan,1993-01-01,285,headnote_only,headnote_only,unknown
1993_SCMR_316,1993 SCMR 316,Gulistan v. The State,Supreme Court of Pakistan,1993-01-01,197,headnote_only,headnote_only,unknown
1993_SCMR_381,1993 SCMR 381,Qudrat Ali v. Government Of N.-W.F.P.,Supreme Court of Pakistan,1993-01-01,258,headnote_only,headnote_only,unknown
1993_SCMR_508,1993 SCMR 508,Province Of Punjab v. Muhammad Daud Khan Tariq,Supreme Court of Pakistan,1993-01-01,294,headnote_only,headnote_only,unknown
2020_SCMR_1214,2020 SCMR 1214,Kamran Ullah v. The State,Supreme Court of Pakistan,2020-01-01,262,headnote_only,headnote_only,unknown
2023_SCMR_572,2023 SCMR 572,Muhammad Yousaf v. Muhammad Ishaq Rana (Deceased) Through Lrs,Supreme Court of Pakistan,2023-01-01,70,headnote_only,headnote_only,unknown
2020_SCMR_1218,2020 SCMR 1218,Mirza Aamer Hassan v. Commissioner Of Income Tax,Supreme Court of Pakistan,2020-01-01,108,headnote_only,headnote_only,unknown
2020_SCMR_1436,2020 SCMR 1436,Shehryar Khan v. The State,Supreme Court of Pakistan,2020-01-01,173,headnote_only,headnote_only,leave_refused
2023_SCMR_711,2023 SCMR 711,"Muhammad Akhtar Ali v. Additional Sessions Judge, Kot Addu, District Muzaffargarh",Supreme Court of Pakistan,2023-01-01,91,headnote_only,headnote_only,unknown
2023_SCMR_714,2023 SCMR 714,"Saif Power Limited v. Federation Of Pakistan Through Secretary Ministry Of Law, Civil Secretariat Islamabad",Supreme Court of Pakistan,2023-01-01,119,headnote_only,headnote_only,unknown
2020_SCMR_1241,2020 SCMR 1241,Najeeb Ullah v. The State,Supreme Court of Pakistan,2020-01-01,205,headnote_only,headnote_only,unknown
2023_SCMR_730,2023 SCMR 730,Rustam v. Jehangir (Deceased),Supreme Court of Pakistan,2023-01-01,104,headnote_only,headnote_only,unknown
2020_SCMR_1243,2020 SCMR 1243,Akhtar Ali v. The State,Supreme Court of Pakistan,2020-01-01,251,headnote_only,headnote_only,leave_refused
2023_SCMR_748,2023 SCMR 748,Bashir Ahmed v. The State,Supreme Court of Pakistan,2023-01-01,212,headnote_only,headnote_only,unknown
2020_SCMR_1245,2020 SCMR 1245,"Chief Secretary, Government Of Punjab, Lahore v. Muhammad Ali Saqib",Supreme Court of Pakistan,2020-01-01,189,headnote_only,headnote_only,appeal_dismissed
2023_SCMR_750,2023 SCMR 750,Muhammad Iqbal v. The State,Supreme Court of Pakistan,2023-01-01,101,headnote_only,headnote_only,unknown
2023_SCMR_755,2023 SCMR 755,"Province Of The Punjab Through Deputy Commissioner/District Collector, Rawalpindi v. Muhammad Akram",Supreme Court of Pakistan,2023-01-01,204,headnote_only,headnote_only,unknown
2011_SCMR_1410,2011 SCMR 1410,Abdul Rafiman Qureshi v. Auditor-General Of Pakistan,Supreme Court of Pakistan,2011-01-01,66,headnote_only,headnote_only,unknown
2023_SCMR_770,2023 SCMR 770,"Allah Ditta v. Deputy Postmaster General (Admn.), Office Of The Postmaster General, Northern Punjab Circle, Rawalpindi",Supreme Court of Pakistan,2023-01-01,262,headnote_only,headnote_only,unknown
2020_SCMR_1253,2020 SCMR 1253,Babar Nadeem v. The State,Supreme Court of Pakistan,2020-01-01,204,headnote_only,headnote_only,unknown
2020_SCMR_1255,2020 SCMR 1255,Haji Qasim Khan v. The State,Supreme Court of Pakistan,2020-01-01,204,headnote_only,headnote_only,unknown
2023_SCMR_826,2023 SCMR 826,State Life Insurance Corporation v. Mst. Razia Ameer,Supreme Court of Pakistan,2023-01-01,257,headnote_only,headnote_only,appeal_dismissed
2020_SCMR_1257,2020 SCMR 1257,Muhammad Noman Munir v. The State,Supreme Court of Pakistan,2020-01-01,221,headnote_only,headnote_only,leave_refused
2023_SCMR_838,2023 SCMR 838,"Middle East Construction Company, Karachi v. The Collector Of Customs, Karachi",Supreme Court of Pakistan,2023-01-01,290,headnote_only,headnote_only,unknown
2020_SCMR_1258,2020 SCMR 1258,Dr. Abdur Rauf v. The State,Supreme Court of Pakistan,2020-01-01,159,headnote_only,headnote_only,unknown
2023_SCMR_842,2023 SCMR 842,"Ijaz Akbar v. The Director General (Ext.) L&Dd, Punjab, Lahore",Supreme Court of Pakistan,2023-01-01,68,headnote_only,headnote_only,unknown
2020_SCMR_1259,2020 SCMR 1259,"Sui Southern Gas Company Limited, Karachi v. Imdad Ali Pathan",Supreme Court of Pakistan,2020-01-01,284,headnote_only,headnote_only,appeal_allowed
2023_SCMR_860,2023 SCMR 860,Director Military Lands And Cantonment Quetta Cantt. Quetta v. Aziz Ahmed,Supreme Court of Pakistan,2023-01-01,240,headnote_only,headnote_only,unknown
2020_SCMR_1262,2020 SCMR 1262,Imran Abbas v. The State,Supreme Court of Pakistan,2020-01-01,94,headnote_only,headnote_only,unknown
2023_SCMR_866,2023 SCMR 866,"Kiramat Khan v. Ig, Frontier Corps",Supreme Court of Pakistan,2023-01-01,257,headnote_only,headnote_only,unknown
2023_SCMR_877,2023 SCMR 877,"Director General, Intelligence Bureau v. Riaz-Ul-Wahab",Supreme Court of Pakistan,2023-01-01,207,headnote_only,headnote_only,unknown
2023_SCMR_887,2023 SCMR 887,Mst. Ghazala v. The State,Supreme Court of Pakistan,2023-01-01,107,headnote_only,headnote_only,unknown
2023_SCMR_908,2023 SCMR 908,Oil And Gas Regulatory Authority v. Sui Southern Gas Company Limited,Supreme Court of Pakistan,2023-01-01,273,headnote_only,headnote_only,unknown
2020_SCMR_1278,2020 SCMR 1278,Habib Ullah Jan v. The State,Supreme Court of Pakistan,2020-01-01,128,headnote_only,headnote_only,leave_refused
2020_SCMR_1410,2020 SCMR 1410,"Government Of Khyber Pakhtunkhwa Through Secretary Excise And Taxation Department, Civil Secretariat, Peshawar v. Sarfraz Khan",Supreme Court of Pakistan,2020-01-01,285,headnote_only,headnote_only,unknown
2010_SCMR_1016,2010 SCMR 1016,Muhammad Janas v. The State,Supreme Court of Pakistan,2010-01-01,149,headnote_only,headnote_only,unknown
2023_SCMR_986,2023 SCMR 986,Muhammad Hazir v. The State,Supreme Court of Pakistan,2023-01-01,210,headnote_only,headnote_only,appeal_allowed
2023_SCMR_1002,2023 SCMR 1002,"Muhammad Yousaf v. Additional District Judge, Multan",Supreme Court of Pakistan,2023-01-01,125,headnote_only,headnote_only,unknown
2023_SCMR_1005,2023 SCMR 1005,"Jind Wadda v. General Manager Nha (Lm & Is), Islamabad",Supreme Court of Pakistan,2023-01-01,282,headnote_only,headnote_only,appeal_dismissed
2020_SCMR_1406,2020 SCMR 1406,Aamir Shahzad v. The State,Supreme Court of Pakistan,2020-01-01,223,headnote_only,headnote_only,unknown
2023_SCMR_1009,2023 SCMR 1009,Lal Jan v. The State,Supreme Court of Pakistan,2023-01-01,204,headnote_only,headnote_only,unknown
2023_SCMR_1032,2023 SCMR 1032,Muhammad Aqil v. Muhammad Amir,Supreme Court of Pakistan,2023-01-01,218,headnote_only,headnote_only,appeal_dismissed
2023_SCMR_1043,2023 SCMR 1043,"Pakistan Electronic Media Regulatory Authority (Pemra), Islamabad v. Pakistan Broadcasters Association",Supreme Court of Pakistan,2023-01-01,119,headnote_only,headnote_only,unknown
2023_SCMR_1055,2023 SCMR 1055,"Snamprogetti Engineering B.V. v. Commissioner Of Inland Revenue Zone-Ii, L.T.U, Islamabad",Supreme Court of Pakistan,2023-01-01,297,headnote_only,headnote_only,unknown
2023_SCMR_1068,2023 SCMR 1068,Bakhti Rahman v. The State,Supreme Court of Pakistan,2023-01-01,239,headnote_only,headnote_only,leave_refused
2023_SCMR_1087,2023 SCMR 1087,"Dr. Sayyid A. S. Pirzada v. The Chief Secretary, Services And Administration Department",Supreme Court of Pakistan,2023-01-01,177,headnote_only,headnote_only,unknown
2020_SCMR_1422,2020 SCMR 1422,Sadiq Ullah v. The State,Supreme Court of Pakistan,2020-01-01,261,headnote_only,headnote_only,unknown
2023_SCMR_1109,2023 SCMR 1109,"Fida Hussain v. Chief Secretary, Khyber Pakhtunkhwa, Civil Secretariat",Supreme Court of Pakistan,2023-01-01,94,headnote_only,headnote_only,unknown
2020_SCMR_1431,2020 SCMR 1431,Aqal Khan v. The State,Supreme Court of Pakistan,2020-01-01,221,headnote_only,headnote_only,unknown
2023_SCMR_1123,2023 SCMR 1123,"Supreme Court Bar Association v. Pakistan Bar Council Through Secretary, Islamabad",Supreme Court of Pakistan,2023-01-01,142,headnote_only,headnote_only,unknown
2023_SCMR_1133,2023 SCMR 1133,Akber-Ud-Din v. Headmaster Government High School Reshun,Supreme Court of Pakistan,2023-01-01,250,headnote_only,headnote_only,appeal_dismissed
2023_SCMR_1144,2023 SCMR 1144,Said Wazir v. The State,Supreme Court of Pakistan,2023-01-01,224,headnote_only,headnote_only,appeal_allowed
2023_SCMR_1147,2023 SCMR 1147,Akhtar Kamran (Deceased) v. Pervaiz Ahmed,Supreme Court of Pakistan,2023-01-01,93,headnote_only,headnote_only,unknown
2020_SCMR_1486,2020 SCMR 1486,Sheqab Muhammad v. The State,Supreme Court of Pakistan,2020-01-01,212,headnote_only,headnote_only,unknown
2023_SCMR_1174,2023 SCMR 1174,Mehtab Publication (Pvt.) Ltd. v. Pakistan Electronic Media Regulatory Authority (Pemra),Supreme Court of Pakistan,2023-01-01,81,headnote_only,headnote_only,unknown
2020_SCMR_1493,2020 SCMR 1493,Muhammad Jabran v. The State,Supreme Court of Pakistan,2020-01-01,211,headnote_only,headnote_only,unknown
2023_SCMR_1243,2023 SCMR 1243,Jamaluddin v. The State,Supreme Court of Pakistan,2023-01-01,245,headnote_only,headnote_only,unknown
2020_SCMR_1507,2020 SCMR 1507,Hubdar Hussain Malik v. Deputy Commissioner Chakwal,Supreme Court of Pakistan,2020-01-01,79,headnote_only,headnote_only,unknown
2023_SCMR_1284,2023 SCMR 1284,"Chancellor Preston University, Kohat v. Habibullah Khan",Supreme Court of Pakistan,2023-01-01,229,headnote_only,headnote_only,unknown
2020_SCMR_1519,2020 SCMR 1519,"Province Of The Punjab Through Secretary School Education, Government Of The Punjab, Lahore v. Mst. Nargas Parveen",Supreme Court of Pakistan,2020-01-01,111,headnote_only,headnote_only,unknown
2020_SCMR_1625,2020 SCMR 1625,"Miss Naureen Naz Butt v. Pakistan International Airlines Through Chairman, Pia",Supreme Court of Pakistan,2020-01-01,170,headnote_only,headnote_only,unknown
2023_SCMR_1371,2023 SCMR 1371,Muhammad Aslam v. Muhammad Anwar,Supreme Court of Pakistan,2023-01-01,256,headnote_only,headnote_only,appeal_allowed
2020_SCMR_1610,2020 SCMR 1610,"District Police Officer, Mianwali v. Muhammad Hanif",Supreme Court of Pakistan,2020-01-01,108,headnote_only,headnote_only,unknown
2020_SCMR_1618,2020 SCMR 1618,Mst. Brikhna v. Faiz Ullah Khan,Supreme Court of Pakistan,2020-01-01,294,headnote_only,headnote_only,unknown
2023_SCMR_1390,2023 SCMR 1390,Said Rasool v. Maqbool Ahmed,Supreme Court of Pakistan,2023-01-01,81,headnote_only,headnote_only,unknown
2023_SCMR_1394,2023 SCMR 1394,Syed Amir Raza v. Mst. Rohi Mumtaz,Supreme Court of Pakistan,2023-01-01,252,headnote_only,headnote_only,unknown
2023_SCMR_1402,2023 SCMR 1402,Mst. Faheeman Begum (Deceased) v. Islam-Ud-Din (Deceased),Supreme Court of Pakistan,2023-01-01,176,headnote_only,headnote_only,appeal_dismissed
2023_SCMR_1421,2023 SCMR 1421,"Federation Of Pakistan Through Secretary Revenue Division/Chairman, Federal Board Of Revenue, Islamabad v. Sus Motors (Pvt.) Ltd.",Supreme Court of Pakistan,2023-01-01,91,headnote_only,headnote_only,unknown
2020_SCMR_1629,2020 SCMR 1629,Province Of Khyber Pakhtunkhwa v. Farasatullah,Supreme Court of Pakistan,2020-01-01,275,headnote_only,headnote_only,unknown
2023_SCMR_1442,2023 SCMR 1442,"Special Secretary-Ii (Law And Order), Home And Tribal Affairs Department, Government Of Khyber Pakhtunkhwa, Peshawar v. Fayyaz Dawar",Supreme Court of Pakistan,2023-01-01,122,headnote_only,headnote_only,unknown
2023_SCMR_1609,2023 SCMR 1609,Mcculloch v. Forth Valley Health Board,Supreme Court of Pakistan,2023-01-01,150,headnote_only,headnote_only,unknown
2023_SCMR_1514,2023 SCMR 1514,Junaid Ali v. The State,Supreme Court of Pakistan,2023-01-01,177,headnote_only,headnote_only,unknown
2023_SCMR_1524,2023 SCMR 1524,"His Majesty The King v. Cody Rae Haevischer And Matthew James Johnston - Mark K. Levitz, K.C., Geoff Baragar, K.C., And Mark Wolf , Dagmar Dlab, Simon R. A. Buck And Roger P. Thirkell, Brock Martland, K.C., Daniel J. Song, K.C., Jonathan Desbarats And Elliot Holzman Supreme-Court-Of-Canada",Supreme Court of Pakistan,2023-01-01,81,headnote_only,headnote_only,unknown
2020_SCMR_1678,2020 SCMR 1678,"Chief Secretary, Government Of Balochistan, Quetta v. Asmatullah Kakar",Supreme Court of Pakistan,2020-01-01,151,headnote_only,headnote_only,unknown
2020_SCMR_1685,2020 SCMR 1685,Tahir Zeb v. The State,Supreme Court of Pakistan,2020-01-01,203,headnote_only,headnote_only,unknown
2023_SCMR_1665,2023 SCMR 1665,Mst. Musarat Parveen v. Muhammad Yousaf,Supreme Court of Pakistan,2023-01-01,230,headnote_only,headnote_only,leave_refused
2020_SCMR_1687,2020 SCMR 1687,Farman Ullah v. The State,Supreme Court of Pakistan,2020-01-01,223,headnote_only,headnote_only,unknown
2023_SCMR_1676,2023 SCMR 1676,State v. Chaudhry Muhammad Usman,Supreme Court of Pakistan,2023-01-01,173,headnote_only,headnote_only,unknown
2023_SCMR_1732,2023 SCMR 1732,Jawwad S. Khawaja v. Federation Of Pakistan - Kh. Ahmad Hosain,Supreme Court of Pakistan,2023-01-01,234,headnote_only,headnote_only,unknown
2020_SCMR_1701,2020 SCMR 1701,Muhammad Mumtaz Ahmad v. The State,Supreme Court of Pakistan,2020-01-01,92,headnote_only,headnote_only,unknown
2023_SCMR_1856,2023 SCMR 1856,Commissioner Inland Revenue v. Ryk Mills,Supreme Court of Pakistan,2023-01-01,159,headnote_only,headnote_only,unknown
2020_SCMR_1702,2020 SCMR 1702,Excessive And Unannounced Load Shedding In Sindh Vs,Supreme Court of Pakistan,2020-01-01,245,headnote_only,headnote_only,unknown
2023_SCMR_1729,2023 SCMR 1729,Munawar Bibi v. The State,Supreme Court of Pakistan,2023-01-01,297,headnote_only,headnote_only,unknown
2020_SCMR_1707,2020 SCMR 1707,"Aamir Siddique v. Additional Inspector General Of Police Php, Lahore",Supreme Court of Pakistan,2020-01-01,140,headnote_only,headnote_only,leave_refused
2020_SCMR_1708,2020 SCMR 1708,"Dr. Sohail Hassan Khan v. Director General (Research), Livestock And Dairy Development Department, Punjab, Lahore",Supreme Court of Pakistan,2020-01-01,242,headnote_only,headnote_only,unknown
2023_SCMR_1867,2023 SCMR 1867,Raja Azmat Ali v. Abu Malik Naseem,Supreme Court of Pakistan,2023-01-01,104,headnote_only,headnote_only,unknown
2020_SCMR_1713,2020 SCMR 1713,Dr. Shahnawaz Munami v. The Federal Government Of Pakistan,Supreme Court of Pakistan,2020-01-01,197,headnote_only,headnote_only,disposed_of
2023_SCMR_1803,2023 SCMR 1803,The Commissioner Of Income Tax v. Inter Quest Informatics Services,Supreme Court of Pakistan,2023-01-01,219,headnote_only,headnote_only,unknown
2020_SCMR_1816,2020 SCMR 1816,Liaqat Ali v. Fayasuddin,Supreme Court of Pakistan,2020-01-01,210,headnote_only,headnote_only,leave_refused
2022_SCMR_39,2022 SCMR 39,"The Chief Secretary, Government Of Balochistan, Quetta v. Hidayat Ullah Khan",Supreme Court of Pakistan,2022-01-01,76,headnote_only,headnote_only,unknown
2023_SCMR_1928,2023 SCMR 1928,Noor Din (Deceased) v. Pervaiz Akhtar,Supreme Court of Pakistan,2023-01-01,281,headnote_only,headnote_only,disposed_of
2020_SCMR_1841,2020 SCMR 1841,Muhammad Ashraf v. The State,Supreme Court of Pakistan,2020-01-01,237,headnote_only,headnote_only,leave_refused
2023_SCMR_1980,2023 SCMR 1980,"Haji Tooti v. Federal Board Of Revenue, Islamabad",Supreme Court of Pakistan,2023-01-01,173,headnote_only,headnote_only,unknown
2023_SCMR_2052,2023 SCMR 2052,"Collector Of Customs Port Muhammad Bin Qasim, Karachi v. Mia Corporation (Pvt.) Ltd. Islamabad",Supreme Court of Pakistan,2023-01-01,183,headnote_only,headnote_only,unknown
2023_SCMR_2056,2023 SCMR 2056,Muhammad Aslam v. The State,Supreme Court of Pakistan,2023-01-01,297,headnote_only,headnote_only,appeal_dismissed
2016_SCMR_2081,2016 SCMR 2081,Muhammad Akram v. The State,Supreme Court of Pakistan,2016-01-01,148,headnote_only,headnote_only,unknown
2020_SCMR_1855,2020 SCMR 1855,Saeed Zaman v. The State,Supreme Court of Pakistan,2020-01-01,240,headnote_only,headnote_only,unknown
2023_SCMR_2081,2023 SCMR 2081,Abdul Rehman v. The State,Supreme Court of Pakistan,2023-01-01,292,headnote_only,headnote_only,unknown
2020_SCMR_1859,2020 SCMR 1859,Abbas Raza v. The State,Supreme Court of Pakistan,2020-01-01,220,headnote_only,headnote_only,unknown
2023_SCMR_2092,2023 SCMR 2092,Federal Government Of Pakistan Through Ministry Of Defence Rawalpindi v. Mst. Zakia Begum,Supreme Court of Pakistan,2023-01-01,257,headnote_only,headnote_only,unknown
2023_SCMR_2100,2023 SCMR 2100,Director General Central Directorate Of Savings v. Abid Hussain,Supreme Court of Pakistan,2023-01-01,242,headnote_only,headnote_only,unknown
2023_SCMR_2109,2023 SCMR 2109,"The State Through Advocate General, Khyber Pakhtunkhwa, Peshawar v. Saadat Khan",Supreme Court of Pakistan,2023-01-01,270,headnote_only,headnote_only,unknown
2020_SCMR_1867,2020 SCMR 1867,Marex Financial Ltd. v. Sevilleja,Supreme Court of Pakistan,2020-01-01,110,headnote_only,headnote_only,unknown
2023_SCMR_2142,2023 SCMR 2142,"Chairman, Sarhad Development Authority Pia, Peshawar v. Tafoor-Ur-Rehman",Supreme Court of Pakistan,2023-01-01,163,headnote_only,headnote_only,unknown
2023_SCMR_2145,2023 SCMR 2145,Muhammad Zubair Choudhary v. Pakistan Medical And Dental Council,Supreme Court of Pakistan,2023-01-01,215,headnote_only,headnote_only,unknown
2023_SCMR_2162,2023 SCMR 2162,Jamshed Ali Shah v. Irshad Hussain Shah,Supreme Court of Pakistan,2023-01-01,190,headnote_only,headnote_only,appeal_dismissed
2020_SCMR_1970,2020 SCMR 1970,Obidullah v. The State,Supreme Court of Pakistan,2020-01-01,201,headnote_only,headnote_only,unknown
2020_SCMR_1972,2020 SCMR 1972,New Zealand Law Society v. John Llewellyn Stanley,Supreme Court of Pakistan,2020-01-01,283,headnote_only,headnote_only,unknown
2020_SCMR_2017,2020 SCMR 2017,Muhammad Irfan v. The State,Supreme Court of Pakistan,2020-01-01,265,headnote_only,headnote_only,unknown
2022_SCMR_1,2022 SCMR 1,Shakeel Shah v. The State,Supreme Court of Pakistan,2022-01-01,210,headnote_only,headnote_only,unknown
2022_SCMR_9,2022 SCMR 9,"Inspector General Of Police, Balochistan, Quetta v. Mohibullah",Supreme Court of Pakistan,2022-01-01,189,headnote_only,headnote_only,appeal_allowed
2022_SCMR_360,2022 SCMR 360,Muhammad Sarwar v. Mst. Razia Sultana,Supreme Court of Pakistan,2022-01-01,125,headnote_only,headnote_only,unknown
2022_SCMR_36,2022 SCMR 36,Rehman Medical College v. Wafa Gul,Supreme Court of Pakistan,2022-01-01,260,headnote_only,headnote_only,unknown
2020_SCMR_2033,2020 SCMR 2033,Muhammad Ibrahim (Deceased) v. Taza Gul,Supreme Court of Pakistan,2020-01-01,284,headnote_only,headnote_only,unknown
2020_SCMR_2044,2020 SCMR 2044,Waris v. The State,Supreme Court of Pakistan,2020-01-01,274,headnote_only,headnote_only,leave_granted
2022_SCMR_61,2022 SCMR 61,Regarding Poor Conditions Of Rcd Highway Vs,Supreme Court of Pakistan,2022-01-01,108,headnote_only,headnote_only,unknown
2020_SCMR_2053,2020 SCMR 2053,Nehal v. The State,Supreme Court of Pakistan,2020-01-01,221,headnote_only,headnote_only,leave_refused
2022_SCMR_72,2022 SCMR 72,Mamoon Wazir v. Abwa Knowledge Village (Pvt) Limited Faisalabad,Supreme Court of Pakistan,2022-01-01,274,headnote_only,headnote_only,unknown
2020_SCMR_2066,2020 SCMR 2066,Muhammad Waheed v. The State,Supreme Court of Pakistan,2020-01-01,182,headnote_only,headnote_only,appeal_dismissed
2022_SCMR_88,2022 SCMR 88,Muhammad Ajmal v. The State,Supreme Court of Pakistan,2022-01-01,234,headnote_only,headnote_only,unknown
2020_SCMR_2062,2020 SCMR 2062,Dad Khan v. The State,Supreme Court of Pakistan,2020-01-01,264,headnote_only,headnote_only,unknown
2022_SCMR_105,2022 SCMR 105,Niamatullah Khan v. Federation Of Pakistan,Supreme Court of Pakistan,2022-01-01,211,headnote_only,headnote_only,unknown
2022_SCMR_121,2022 SCMR 121,Niamatullah Khan v. Federation Of Pakistan,Supreme Court of Pakistan,2022-01-01,153,headnote_only,headnote_only,unknown
2022_SCMR_171,2022 SCMR 171,Niamatullah Khan v. Federation Of Pakistan,Supreme Court of Pakistan,2022-01-01,282,headnote_only,headnote_only,unknown
2022_SCMR_186,2022 SCMR 186,Sher Afzal v. The State,Supreme Court of Pakistan,2022-01-01,214,headnote_only,headnote_only,unknown
2022_SCMR_198,2022 SCMR 198,Sikandar Hayat v. The State,Supreme Court of Pakistan,2022-01-01,292,headnote_only,headnote_only,unknown
2022_SCMR_216,2022 SCMR 216,Umer Khan v. The State,Supreme Court of Pakistan,2022-01-01,249,headnote_only,headnote_only,appeal_dismissed
2020_SCMR_2105,2020 SCMR 2105,Muhammad Ashraf v. The State,Supreme Court of Pakistan,2020-01-01,190,headnote_only,headnote_only,unknown
2022_SCMR_253,2022 SCMR 253,Report On Behalf Of Shehri-Citizens v. Federation Of Pakistan,Supreme Court of Pakistan,2022-01-01,233,headnote_only,headnote_only,unknown
2022_SCMR_264,2022 SCMR 264,Dildar Ahmad v. The State,Supreme Court of Pakistan,2022-01-01,295,headnote_only,headnote_only,unknown
2022_SCMR_267,2022 SCMR 267,Basharat Ali v. The State,Supreme Court of Pakistan,2022-01-01,291,headnote_only,headnote_only,leave_refused
2022_SCMR_270,2022 SCMR 270,"Zeeshan Shaikh v. Federation Of Pakistan Through Secretary, Interior Division, Islamabad",Supreme Court of Pakistan,2022-01-01,174,headnote_only,headnote_only,leave_refused
2003_SCMR_1370,2003 SCMR 1370,"Messrs Habib Rafique v. Collector Of Customs And Central Excise, Multan",Supreme Court of Pakistan,2003-01-01,134,headnote_only,headnote_only,unknown
2020_SCMR_2119,2020 SCMR 2119,"Federation Of Pakistan Through Secretary, Ministry Of Energy (Power Division), Islamabad v. Shafiq Ul Hassan",Supreme Court of Pakistan,2020-01-01,192,headnote_only,headnote_only,unknown
2022_SCMR_273,2022 SCMR 273,Qayyum Khan v. The State,Supreme Court of Pakistan,2022-01-01,202,headnote_only,headnote_only,leave_refused
2022_SCMR_274,2022 SCMR 274,Muhammad Ajmal v. The State,Supreme Court of Pakistan,2022-01-01,218,headnote_only,headnote_only,unknown
2022_SCMR_277,2022 SCMR 277,Government Of Khyber Pakhtunkhwa v. Misal Khan,Supreme Court of Pakistan,2022-01-01,186,headnote_only,headnote_only,unknown
2022_SCMR_282,2022 SCMR 282,Syed Jamil Ahmad v. Muhammad Salam,Supreme Court of Pakistan,2022-01-01,296,headnote_only,headnote_only,appeal_dismissed
2022_SCMR_326,2022 SCMR 326,Muhammad Shoaib v. The State,Supreme Court of Pakistan,2022-01-01,129,headnote_only,headnote_only,unknown
2022_SCMR_335,2022 SCMR 335,Chairman National Accountability Bureau v. Faraz Ahmed Sherwani,Supreme Court of Pakistan,2022-01-01,74,headnote_only,headnote_only,unknown
2022_SCMR_346,2022 SCMR 346,Tahsinullah v. Mst. Parveen (Deceased),Supreme Court of Pakistan,2022-01-01,292,headnote_only,headnote_only,appeal_dismissed
2022_SCMR_356,2022 SCMR 356,Muhammad Iltaf Khan v. Basheer,Supreme Court of Pakistan,2022-01-01,258,headnote_only,headnote_only,leave_refused
2020_SCMR_2171,2020 SCMR 2171,"Senior General Manager/Ceo, Pakistan Railways Eadquarters, Lahore v. Asif Ali",Supreme Court of Pakistan,2020-01-01,213,headnote_only,headnote_only,unknown
2022_SCMR_374,2022 SCMR 374,"Saqib Ali Khokhar, Director (Regional)/Additional Director v. Inayatullah Lohar",Supreme Court of Pakistan,2022-01-01,179,headnote_only,headnote_only,unknown
2022_SCMR_381,2022 SCMR 381,"Secretary Finance, Finance Division Pak. Secretariat, Islamabad v. Muhammad Farooq Khan",Supreme Court of Pakistan,2022-01-01,286,headnote_only,headnote_only,appeal_allowed
2022_SCMR_419,2022 SCMR 419,Naeem Khan v. The State,Supreme Court of Pakistan,2022-01-01,282,headnote_only,headnote_only,unknown
2022_SCMR_422,2022 SCMR 422,Sakhi Jan v. Qamar Ali Khan,Supreme Court of Pakistan,2022-01-01,163,headnote_only,headnote_only,unknown
2022_SCMR_439,2022 SCMR 439,Province Of Sindh v. Shahzad Hussain Talpur,Supreme Court of Pakistan,2022-01-01,148,headnote_only,headnote_only,unknown
2022_SCMR_518,2022 SCMR 518,Muhammad Anwar v. Chairman Wapda,Supreme Court of Pakistan,2022-01-01,213,headnote_only,headnote_only,unknown
2019_SCMR_52,2019 SCMR 52,Muhammad Umar Panhwar v. Province Of Sindh,Supreme Court of Pakistan,2019-01-01,257,headnote_only,headnote_only,unknown
2022_SCMR_523,2022 SCMR 523,Muhammad Naeem Hassan v. The State,Supreme Court of Pakistan,2022-01-01,289,headnote_only,headnote_only,unknown
2022_SCMR_526,2022 SCMR 526,Abdul Rehman v. The State,Supreme Court of Pakistan,2022-01-01,184,headnote_only,headnote_only,appeal_dismissed
2022_SCMR_550,2022 SCMR 550,"Abdul Sattar Jatoi v. Chief Minister Sindh Through Principal Secretary, Chief Minister Secretariat, Karachi",Supreme Court of Pakistan,2022-01-01,246,headnote_only,headnote_only,unknown
2022_SCMR_592,2022 SCMR 592,Abdul Saboor v. The State,Supreme Court of Pakistan,2022-01-01,289,headnote_only,headnote_only,unknown
2022_SCMR_609,2022 SCMR 609,Mst. Kainat Bibi v. The State,Supreme Court of Pakistan,2022-01-01,147,headnote_only,headnote_only,unknown
2022_SCMR_611,2022 SCMR 611,National Electric Power Regulatory Authority (Nepra) v. Aijaz Ahmed,Supreme Court of Pakistan,2022-01-01,101,headnote_only,headnote_only,unknown
2022_SCMR_624,2022 SCMR 624,Ihtisham Ali Cheema v. The State,Supreme Court of Pakistan,2022-01-01,292,headnote_only,headnote_only,unknown
2022_SCMR_634,2022 SCMR 634,"Commissioner Inland Revenue, Lto, Karachi v. Packages Limited",Supreme Court of Pakistan,2022-01-01,279,headnote_only,headnote_only,leave_refused
2022_SCMR_636,2022 SCMR 636,"The Chairman Agriculture Policy Institute, Ministry Of National Food Security Andresearch, Government Of Pakistan, Islamabad v. Zulqarnain Ali",Supreme Court of Pakistan,2022-01-01,274,headnote_only,headnote_only,unknown
2019_SCMR_95,2019 SCMR 95,"Dig, Nh & Mp, Karachi v. Ghulam Mustafa Mahar",Supreme Court of Pakistan,2019-01-01,289,headnote_only,headnote_only,unknown
2022_SCMR_643,2022 SCMR 643,Human Rights Commission Of Pakistan v. Federation Of Pakistan,Supreme Court of Pakistan,2022-01-01,153,headnote_only,headnote_only,unknown
2022_SCMR_647,2022 SCMR 647,Muhammad Shifa v. Meherban Ali,Supreme Court of Pakistan,2022-01-01,94,headnote_only,headnote_only,unknown
2019_SCMR_99,2019 SCMR 99,Basher Ahmed v. Mst. Fatima Bibi (Deceased),Supreme Court of Pakistan,2019-01-01,209,headnote_only,headnote_only,unknown
2019_SCMR_113,2019 SCMR 113,"Secretary M/O Defence, Government Of Pakistan v. Ghufran Ali",Supreme Court of Pakistan,2019-01-01,255,headnote_only,headnote_only,unknown
2022_SCMR_672,2022 SCMR 672,Asadullah Khan v. Abdul Ghafoor Khan,Supreme Court of Pakistan,2022-01-01,99,headnote_only,headnote_only,unknown
2019_SCMR_116,2019 SCMR 116,Ms. Shazia Akbar Ghalzai v. Khurram Mehboob,Supreme Court of Pakistan,2019-01-01,276,headnote_only,headnote_only,disposed_of
2022_SCMR_682,2022 SCMR 682,Federation Of Pakistan v. Muhammad Farhan,Supreme Court of Pakistan,2022-01-01,190,headnote_only,headnote_only,unknown
2022_SCMR_729,2022 SCMR 729,"Syed Arshad Ali v. Secretary Ministry Of Housing And Works, Islamabad",Supreme Court of Pakistan,2022-01-01,186,headnote_only,headnote_only,appeal_dismissed
2022_SCMR_685,2022 SCMR 685,Farhad Ali v. The State,Supreme Court of Pakistan,2022-01-01,261,headnote_only,headnote_only,unknown
2022_SCMR_687,2022 SCMR 687,Mian Hikmatullah Jan v. Chairman And Members Of Selection Board Constituted For Selection And Interview For The Post Of Additional District And Sessions Judges,Supreme Court of Pakistan,2022-01-01,221,headnote_only,headnote_only,leave_refused
2022_SCMR_951,2022 SCMR 951,"Secretary To Government Of The Punjab, School Education Department, Lahore v. Syed Zakir Ali",Supreme Court of Pakistan,2022-01-01,78,headnote_only,headnote_only,unknown
2022_SCMR_707,2022 SCMR 707,Muhammad Ismail v. The State,Supreme Court of Pakistan,2022-01-01,193,headnote_only,headnote_only,unknown
2022_SCMR_733,2022 SCMR 733,Rabia Ahmad v. Bilal Ejaz,Supreme Court of Pakistan,2022-01-01,213,headnote_only,headnote_only,unknown
2022_SCMR_737,2022 SCMR 737,Shahid Aslam v. The State,Supreme Court of Pakistan,2022-01-01,228,headnote_only,headnote_only,unknown
2022_SCMR_739,2022 SCMR 739,"Government Of Punjab Through Secretary Cooperative Societies Department, Lahore v. Asad Abbas",Supreme Court of Pakistan,2022-01-01,140,headnote_only,headnote_only,unknown
2022_SCMR_743,2022 SCMR 743,Abdul Ghani v. Haji Abdul Fatah,Supreme Court of Pakistan,2022-01-01,204,headnote_only,headnote_only,leave_refused
2022_SCMR_750,2022 SCMR 750,Ghulam Qadir v. The State,Supreme Court of Pakistan,2022-01-01,229,headnote_only,headnote_only,leave_refused
2022_SCMR_752,2022 SCMR 752,"World Health Organization, (Who), Islamabad v. Muhammad Ansar Iqbal",Supreme Court of Pakistan,2022-01-01,275,headnote_only,headnote_only,unknown
2022_SCMR_754,2022 SCMR 754,Zilla Muhammad v. Kifayat Ali,Supreme Court of Pakistan,2022-01-01,283,headnote_only,headnote_only,unknown
2022_SCMR_757,2022 SCMR 757,"Commissioner Inland Revenue, Zone-I, Lahore v. Pak Elektron Ltd.",Supreme Court of Pakistan,2022-01-01,183,headnote_only,headnote_only,leave_refused
2019_SCMR_233,2019 SCMR 233,"Board Of Intermediate And Secondary Education, Multan v. Muhammad Sajid",Supreme Court of Pakistan,2019-01-01,227,headnote_only,headnote_only,unknown
2012_SCMR_1243,2012 SCMR 1243,Shams Ul Akkbar Sadiq v. Project Manager Skd,Supreme Court of Pakistan,2012-01-01,271,headnote_only,headnote_only,appeal_dismissed
2012_SCMR_1838,2012 SCMR 1838,Sardar Khan v. Muhammad Afzal,Supreme Court of Pakistan,2012-01-01,246,headnote_only,headnote_only,appeal_dismissed
2012_SCMR_1914,2012 SCMR 1914,Federation Of Pakistan v. Ghulam Mustafa,Supreme Court of Pakistan,2012-01-01,192,headnote_only,headnote_only,leave_refused
2012_SCMR_1928,2012 SCMR 1928,President Balochistan High Court Bar Association v. Federation Of Pakistan,Supreme Court of Pakistan,2012-01-01,148,headnote_only,headnote_only,unknown
2012_SCMR_1942,2012 SCMR 1942,"Province Of Punjab Through Collector, Toba Tek Singh v. Muhammad Farooq",Supreme Court of Pakistan,2012-01-01,206,headnote_only,headnote_only,unknown
2011_SCMR_27,2011 SCMR 27,Mir Sahib Jan v. Janan,Supreme Court of Pakistan,2011-01-01,267,headnote_only,headnote_only,unknown
2009_SCMR_684,2009 SCMR 684,Sheikh Attiq-Ur-Rehman Sarwar v. Sajjad Hussain,Supreme Court of Pakistan,2009-01-01,187,headnote_only,headnote_only,unknown
2012_SCMR_1492,2012 SCMR 1492,Manzoor Hussain Sheikh v. Province Of Sindh Through Chief Secretary,Supreme Court of Pakistan,2012-01-01,252,headnote_only,headnote_only,appeal_dismissed
2011_SCMR_8,2011 SCMR 8,"Muhammad Islam v. Inspector-General Of Police, Islamabad",Supreme Court of Pakistan,2011-01-01,261,headnote_only,headnote_only,leave_refused
2011_SCMR_23,2011 SCMR 23,Abdul Ghafoor v. The State,Supreme Court of Pakistan,2011-01-01,230,headnote_only,headnote_only,remanded
2011_SCMR_70,2011 SCMR 70,Mumtaz Ali v. The State,Supreme Court of Pakistan,2011-01-01,247,headnote_only,headnote_only,unknown
2011_SCMR_107,2011 SCMR 107,Sardar Asmatullah Khan v. Moulvi Muhammad Sarwar,Supreme Court of Pakistan,2011-01-01,264,headnote_only,headnote_only,appeal_allowed
2011_SCMR_73,2011 SCMR 73,Suo Motu Case No.10 Of 2010 Vs,Supreme Court of Pakistan,2011-01-01,255,headnote_only,headnote_only,disposed_of
2011_SCMR_95,2011 SCMR 95,Umar Hayat v. The State,Supreme Court of Pakistan,2011-01-01,227,headnote_only,headnote_only,leave_granted
2009_SCMR_725,2009 SCMR 725,Riaz Ahmad v. The State,Supreme Court of Pakistan,2009-01-01,157,headnote_only,headnote_only,unknown
2011_SCMR_145,2011 SCMR 145,Muhammad Akram v. The State,Supreme Court of Pakistan,2011-01-01,158,headnote_only,headnote_only,unknown
2011_SCMR_148,2011 SCMR 148,Mst. Ammara Waseem v. Syed Khawar Hussain,Supreme Court of Pakistan,2011-01-01,189,headnote_only,headnote_only,unknown
2011_SCMR_153,2011 SCMR 153,Islamabad Farming Cooperative Society v. Ghulam Abbas Khan,Supreme Court of Pakistan,2011-01-01,218,headnote_only,headnote_only,unknown
2011_SCMR_161,2011 SCMR 161,Abid Ali Alias Ali v. The State,Supreme Court of Pakistan,2011-01-01,256,headnote_only,headnote_only,unknown
2011_SCMR_165,2011 SCMR 165,Muhammad Salman Shafique v. The State,Supreme Court of Pakistan,2011-01-01,214,headnote_only,headnote_only,unknown
2011_SCMR_168,2011 SCMR 168,Muhammad Shahid v. The State,Supreme Court of Pakistan,2011-01-01,143,headnote_only,headnote_only,leave_granted
2011_SCMR_170,2011 SCMR 170,Malik Aqeel v. The State,Supreme Court of Pakistan,2011-01-01,129,headnote_only,headnote_only,unknown
2012_SCMR_1679,2012 SCMR 1679,"Ferozuddin v. Additional District Judge, Karachi East",Supreme Court of Pakistan,2012-01-01,240,headnote_only,headnote_only,appeal_dismissed
2011_SCMR_171,2011 SCMR 171,Mir Afzal Khan v. The State,Supreme Court of Pakistan,2011-01-01,129,headnote_only,headnote_only,appeal_dismissed
2011_SCMR_180,2011 SCMR 180,Mian Najeeb-Ud-Din Owaisi v. Aamir Yar,Supreme Court of Pakistan,2011-01-01,253,headnote_only,headnote_only,unknown
2012_SCMR_1688,2012 SCMR 1688,"Syed Phool Badshah v. Adbp Through Manager, Peshawar Branch",Supreme Court of Pakistan,2012-01-01,271,headnote_only,headnote_only,appeal_allowed
2011_SCMR_207,2011 SCMR 207,"Maula Bux v. Chief Administrator Of Auqaf, Lahore",Supreme Court of Pakistan,2011-01-01,195,headnote_only,headnote_only,remanded
2011_SCMR_219,2011 SCMR 219,Pakistan International Airlines Corporation v. Aziz-Ur-Rehman Chaudhry,Supreme Court of Pakistan,2011-01-01,238,headnote_only,headnote_only,appeal_allowed
2011_SCMR_932,2011 SCMR 932,Imran Alias Manu v. The State,Supreme Court of Pakistan,2011-01-01,183,headnote_only,headnote_only,unknown
2011_SCMR_196,2011 SCMR 196,Muhammad Saleem v. Mansoor Arif,Supreme Court of Pakistan,2011-01-01,257,headnote_only,headnote_only,unknown
2011_SCMR_201,2011 SCMR 201,Muhammad Waqas Rafi Bhatti v. Muhammad Sarmad Rafi Bhatti,Supreme Court of Pakistan,2011-01-01,158,headnote_only,headnote_only,unknown
2011_SCMR_235,2011 SCMR 235,Chief Administrator Auqaf v. Allah Bakhsh,Supreme Court of Pakistan,2011-01-01,228,headnote_only,headnote_only,unknown
2011_SCMR_253,2011 SCMR 253,"Pearl Continental Hotel, Karachi Workers Union v. Member, N.I.R.C.",Supreme Court of Pakistan,2011-01-01,195,headnote_only,headnote_only,disposed_of
2011_SCMR_247,2011 SCMR 247,Muhammad Ali Gohar Zaidi v. House Building Finance Corporation,Supreme Court of Pakistan,2011-01-01,286,headnote_only,headnote_only,leave_refused
2011_SCMR_287,2011 SCMR 287,"Shehri-Cbe v. City District Government, Karachi",Supreme Court of Pakistan,2011-01-01,152,headnote_only,headnote_only,leave_refused
2011_SCMR_307,2011 SCMR 307,Shabir Ahmed Bhurgri v. Muhammad Hussain,Supreme Court of Pakistan,2011-01-01,251,headnote_only,headnote_only,appeal_dismissed
2012_SCMR_1876,2012 SCMR 1876,Junaid Traders v. Additional Collector Of Customs (Appraisement-I),Supreme Court of Pakistan,2012-01-01,241,headnote_only,headnote_only,appeal_dismissed
2011_SCMR_317,2011 SCMR 317,Muneeb Ahmed Khan v. Province Of Punjab,Supreme Court of Pakistan,2011-01-01,169,headnote_only,headnote_only,unknown
2011_SCMR_305,2011 SCMR 305,Citizens Foundation v. Government Of Sindh,Supreme Court of Pakistan,2011-01-01,181,headnote_only,headnote_only,leave_granted
2011_SCMR_333,2011 SCMR 333,Ejaz Ali Bughti v. P. T. C. L.,Supreme Court of Pakistan,2011-01-01,184,headnote_only,headnote_only,unknown
2011_SCMR_361,2011 SCMR 361,"Commissioner Of Income Tax, Zone B, Peshawar v. Zabeel Palace Hotel, Peshawar",Supreme Court of Pakistan,2011-01-01,180,headnote_only,headnote_only,unknown
2008_SCMR_656,2008 SCMR 656,Miss Rahat Afroze v. The State,Supreme Court of Pakistan,2008-01-01,163,headnote_only,headnote_only,appeal_dismissed
2011_SCMR_420,2011 SCMR 420,"Syed Zia Haider Rizvi v. Deputy Commissioner Of Wealth Tax, Lahore",Supreme Court of Pakistan,2011-01-01,292,headnote_only,headnote_only,unknown
2011_SCMR_554,2011 SCMR 554,Tariq Ali Baqar v. New Goodwill Computers,Supreme Court of Pakistan,2011-01-01,263,headnote_only,headnote_only,appeal_allowed
2011_SCMR_505,2011 SCMR 505,"Action Regarding Violation Of Public Procurement Rules', 2004 Vs",Supreme Court of Pakistan,2011-01-01,208,headnote_only,headnote_only,unknown
2011_SCMR_546,2011 SCMR 546,Sanobar Khan v. Government Of N.-W.F.P. Through The Chief Secretary,Supreme Court of Pakistan,2011-01-01,205,headnote_only,headnote_only,unknown
2011_SCMR_624,2011 SCMR 624,Gul Alam v. The State Through Advocate-General N.-W.F.P.; Peshawar,Supreme Court of Pakistan,2011-01-01,244,headnote_only,headnote_only,unknown
2011_SCMR_606,2011 SCMR 606,"Abdul Hameed v. Zahid Hussain Alias Papu Chaman Patiwala - Mehmood A. Qureshi , Nemo",Supreme Court of Pakistan,2011-01-01,212,headnote_only,headnote_only,petition_dismissed
2011_SCMR_829,2011 SCMR 829,The State Through Director,Supreme Court of Pakistan,2011-01-01,152,headnote_only,headnote_only,unknown
2011_SCMR_585,2011 SCMR 585,Muhammad Riaz Akhtar v. Secretary To Govt. Of Punjab,Supreme Court of Pakistan,2011-01-01,246,headnote_only,headnote_only,unknown
2011_SCMR_808,2011 SCMR 808,Muhammad Miskeen v. Noor Muhammad,Supreme Court of Pakistan,2011-01-01,274,headnote_only,headnote_only,petition_dismissed
2011_SCMR_856,2011 SCMR 856,Qamar-Uz-Zaman Alias Kala v. The State,Supreme Court of Pakistan,2011-01-01,178,headnote_only,headnote_only,unknown
2008_SCMR_657,2008 SCMR 657,Nawab Din v. Giani,Supreme Court of Pakistan,2008-01-01,149,headnote_only,headnote_only,appeal_dismissed
2008_SCMR_757,2008 SCMR 757,"Mst. Sharifan Bibi v. Malik Sharif Parvez - Sh. Abdul Aziz, Advocate Supreme Court And Tanvi Ahmad , Ch. Mehdi Khan Mehtab",Supreme Court of Pakistan,2008-01-01,164,headnote_only,headnote_only,appeal_dismissed
2011_SCMR_659,2011 SCMR 659,Muhammad Ramzan v. Ghulam Qadir,Supreme Court of Pakistan,2011-01-01,283,headnote_only,headnote_only,leave_refused
2011_SCMR_670,2011 SCMR 670,Gul Muhammad v. The State,Supreme Court of Pakistan,2011-01-01,273,headnote_only,headnote_only,leave_granted
2011_SCMR_925,2011 SCMR 925,Muhammad Akram v. The State,Supreme Court of Pakistan,2011-01-01,152,headnote_only,headnote_only,unknown
2011_SCMR_984,2011 SCMR 984,Gul Badshah v. The State,Supreme Court of Pakistan,2011-01-01,218,headnote_only,headnote_only,leave_granted
2011_SCMR_893,2011 SCMR 893,Muhammad Yaqoob v. The State,Supreme Court of Pakistan,2011-01-01,244,headnote_only,headnote_only,unknown
2011_SCMR_705,2011 SCMR 705,Khan Muhammad v. The State,Supreme Court of Pakistan,2011-01-01,264,headnote_only,headnote_only,leave_granted
2011_SCMR_758,2011 SCMR 758,Hazara v. Muhammad Yar,Supreme Court of Pakistan,2011-01-01,291,headnote_only,headnote_only,leave_granted
2011_SCMR_958,2011 SCMR 958,Anwar Sajid v. Abdul Rashid Khan,Supreme Court of Pakistan,2011-01-01,251,headnote_only,headnote_only,unknown
2011_SCMR_972,2011 SCMR 972,Rab Nawaz Ahmed v. Mst. Hasina Iqbal,Supreme Court of Pakistan,2011-01-01,187,headnote_only,headnote_only,petition_dismissed
2011_SCMR_1028,2011 SCMR 1028,Muhammad Khan v. Wapda Through Project Director,Supreme Court of Pakistan,2011-01-01,216,headnote_only,headnote_only,unknown
2011_SCMR_1117,2011 SCMR 1117,Pakistan' Television Corp. Ltd. v. Capital Development Authority,Supreme Court of Pakistan,2011-01-01,296,headnote_only,headnote_only,appeal_dismissed
2015_SCMR_1002,2015 SCMR 1002,Ikramullah and others v. The State,Supreme Court of Pakistan,2015,494,full_judgment,headnote_only,unknown
2018_SCMR_2039,2018 SCMR 2039,The State through Regional Director ANF v. Imam Bakhsh and others,Supreme Court of Pakistan,2018,404,full_judgment,headnote_only,unknown
2019_SCMR_608,2019 SCMR 608,Abdul Ghani and others v. The State,Supreme Court of Pakistan,2019,316,full_judgment,headnote_only,appeal_allowed
1999_SCMR_1402,1999 SCMR 1402,The Collector of Customs v. Sheikh Spinning Mills,Supreme Court of Pakistan,1999,365,full_judgment,headnote_only,unknown
2022_SCMR_1978,2022 SCMR 1978,Premier Systems (Pvt.) Ltd. v. Commissioner Inland Revenue,Supreme Court of Pakistan,2022,334,full_judgment,headnote_only,leave_refused
2017_SCMR_1218,2017 SCMR 1218,Syed Mushahid Shah and others v. Federal Investigation Agency and others,Supreme Court of Pakistan,2017-01-01,1233,full_judgment,headnote_only,unknown
1994_SCMR_456,1994 SCMR 456,Asrmat Hayat Khan v. Yousaf Masih,Supreme Court of Pakistan,1994-01-01,521,full_judgment,headnote_only,unknown
1994_SCMR_475,1994 SCMR 475,Abdul Hamid v. The State,Supreme Court of Pakistan,1994-01-01,350,full_judgment,headnote_only,unknown
1994_SCMR_494,1994 SCMR 494,Muhammad Zaman Khan v. Muhammad Ramzan Khan,Supreme Court of Pakistan,1994-01-01,591,full_judgment,headnote_only,disposed_of
1994_SCMR_498,1994 SCMR 498,Mangta v. Province Of Punjab,Supreme Court of Pakistan,1994-01-01,621,full_judgment,headnote_only,leave_refused
1994_SCMR_506,1994 SCMR 506,"Muhammad Umar v. Asad Ali Shah,",Supreme Court of Pakistan,1994-01-01,440,full_judgment,headnote_only,leave_refused
1993_SCMR_582,1993 SCMR 582,Wapda v. Zahoor Ahmed,Supreme Court of Pakistan,1993-01-01,541,full_judgment,headnote_only,leave_granted
1994_SCMR_527,1994 SCMR 527,Abdul Sattar v. Province Of The Punjab,Supreme Court of Pakistan,1994-01-01,307,full_judgment,headnote_only,leave_granted
1994_SCMR_532,1994 SCMR 532,"Akhtar Ali Javed v. Principal, Quaid-E-Azam Medical College, Bahawalpur",Supreme Court of Pakistan,1994-01-01,450,full_judgment,headnote_only,unknown
1994_SCMR_549,1994 SCMR 549,Sher Muhammad v. The State,Supreme Court of Pakistan,1994-01-01,366,full_judgment,headnote_only,unknown
1994_SCMR_555,1994 SCMR 555,Muhammad Azim v. Ali Mohtashim,Supreme Court of Pakistan,1994-01-01,328,full_judgment,headnote_only,unknown
1994_SCMR_560,1994 SCMR 560,Manzoor Ahmad v. Muhammad Iqbal,Supreme Court of Pakistan,1994-01-01,346,full_judgment,headnote_only,unknown
1994_SCMR_565,1994 SCMR 565,"Hurmat v. Muhammad Khan - , Nemo, Ch. Inayat Ullah, Advocate Supreme Court Instructed By Rao Muhammad Yousaf Khan, Advocate-On-Record",Supreme Court of Pakistan,1994-01-01,404,full_judgment,headnote_only,unknown
1994_SCMR_572,1994 SCMR 572,Umar Hayat Khan v. Inayatullah Butt,Supreme Court of Pakistan,1994-01-01,303,full_judgment,headnote_only,unknown
1994_SCMR_579,1994 SCMR 579,Shah Muhammad v. Imtiaz Ahmad,Supreme Court of Pakistan,1994-01-01,457,full_judgment,headnote_only,leave_granted
1994_SCMR_611,1994 SCMR 611,Annaporna Dutt v. The State,Supreme Court of Pakistan,1994-01-01,377,full_judgment,headnote_only,unknown
1994_SCMR_659,1994 SCMR 659,Ghulam Abbas v. The State,Supreme Court of Pakistan,1994-01-01,318,full_judgment,headnote_only,leave_refused
1993_SCMR_593,1993 SCMR 593,Semco Salvage Pte Limited v. Kaptan Yusuf Kalkavan,Supreme Court of Pakistan,1993-01-01,322,full_judgment,headnote_only,unknown
1994_SCMR_665,1994 SCMR 665,"Muhammad Shuaib v. Sessions Judge, Swat",Supreme Court of Pakistan,1994-01-01,351,full_judgment,headnote_only,leave_granted
1994_SCMR_672,1994 SCMR 672,Yaqoob Khan v. The State,Supreme Court of Pakistan,1994-01-01,361,full_judgment,headnote_only,unknown
1994_SCMR_688,1994 SCMR 688,Muhammad Ashraf v. The State,Supreme Court of Pakistan,1994-01-01,340,full_judgment,headnote_only,appeal_dismissed
1994_SCMR_691,1994 SCMR 691,Liaqat Ali v. The State,Supreme Court of Pakistan,1994-01-01,313,full_judgment,headnote_only,unknown
1994_SCMR_700,1994 SCMR 700,Muhammad Younus v. The State,Supreme Court of Pakistan,1994-01-01,312,full_judgment,headnote_only,unknown
1994_SCMR_709,1994 SCMR 709,Federation Of Pakistan v. Khurshid Spinning Mills Ltd. Faisalabad,Supreme Court of Pakistan,1994-01-01,325,full_judgment,headnote_only,leave_granted
1993_SCMR_1686,1993 SCMR 1686,Abdul Majid v. Muhammad Afzal Khokhar,Supreme Court of Pakistan,1993-01-01,923,full_judgment,headnote_only,leave_granted
1994_SCMR_740,1994 SCMR 740,Karachi Electric Supply Corporation v. Islamic Republic Of Pakistan,Supreme Court of Pakistan,1994-01-01,497,full_judgment,headnote_only,leave_granted
1994_SCMR_749,1994 SCMR 749,State v. Hanif Ahmed,Supreme Court of Pakistan,1994-01-01,470,full_judgment,headnote_only,leave_granted
1994_SCMR_759,1994 SCMR 759,Jamal Khan Jaffar v. Rahim Shah,Supreme Court of Pakistan,1994-01-01,568,full_judgment,headnote_only,leave_granted
1994_SCMR_791,1994 SCMR 791,Saeeda Begum v. Shameem Ahmad,Supreme Court of Pakistan,1994-01-01,420,full_judgment,headnote_only,leave_granted
1994_SCMR_804,1994 SCMR 804,Amina Bai v. Karachi Metropolitan Corporation,Supreme Court of Pakistan,1994-01-01,327,full_judgment,headnote_only,leave_granted
1994_SCMR_841,1994 SCMR 841,Muhammad Hussain v. Ghulam Hussain,Supreme Court of Pakistan,1994-01-01,395,full_judgment,headnote_only,unknown
1994_SCMR_859,1994 SCMR 859,Export Promotion Bureau v. Qaiser Shafiullah,Supreme Court of Pakistan,1994-01-01,930,full_judgment,headnote_only,unknown
1994_SCMR_918,1994 SCMR 918,Exon Corporation And Esso Inc v. Nisar Ahmad Jafry,Supreme Court of Pakistan,1994-01-01,477,full_judgment,headnote_only,unknown
1994_SCMR_932,1994 SCMR 932,"Federation Of Pakistan v. Muhammad Shafi Muhammadi, Advocate",Supreme Court of Pakistan,1994-01-01,385,full_judgment,headnote_only,unknown
1994_SCMR_947,1994 SCMR 947,Government Of N.-W.F.P. v. Abdur Rehman Qureshi,Supreme Court of Pakistan,1994-01-01,387,full_judgment,headnote_only,leave_granted
1994_SCMR_973,1994 SCMR 973,Muhammad Rauf v. Muhammad Abbas,Supreme Court of Pakistan,1994-01-01,344,full_judgment,headnote_only,unknown
1994_SCMR_977,1994 SCMR 977,Altaf Hussain v. Ghulam Muhammad,Supreme Court of Pakistan,1994-01-01,375,full_judgment,headnote_only,leave_granted
1994_SCMR_984,1994 SCMR 984,Muhammad Saeed v. Sardar Begum,Supreme Court of Pakistan,1994-01-01,337,full_judgment,headnote_only,leave_refused
1994_SCMR_1024,1994 SCMR 1024,M.H. Mirza v. Federation Of Pakistan,Supreme Court of Pakistan,1994-01-01,605,full_judgment,headnote_only,leave_granted
1994_SCMR_1048,1994 SCMR 1048,"Administrator, Market Committee, Kasur v. Muhammad Sharif",Supreme Court of Pakistan,1994-01-01,660,full_judgment,headnote_only,unknown
1994_SCMR_1066,1994 SCMR 1066,Khairullah v. The State,Supreme Court of Pakistan,1994-01-01,449,full_judgment,headnote_only,leave_granted
1994_SCMR_1077,1994 SCMR 1077,Faryad Hussain v. The State,Supreme Court of Pakistan,1994-01-01,542,full_judgment,headnote_only,unknown
1994_SCMR_1096,1994 SCMR 1096,Muhammad Bashi v. Khalid Mehmood,Supreme Court of Pakistan,1994-01-01,510,full_judgment,headnote_only,unknown
1994_SCMR_1109,1994 SCMR 1109,Mian Muhammad v. Ghulam Baqar,Supreme Court of Pakistan,1994-01-01,304,full_judgment,headnote_only,leave_refused
1994_SCMR_1116,1994 SCMR 1116,Abdul Razzaq v. Riasat Ali,Supreme Court of Pakistan,1994-01-01,362,full_judgment,headnote_only,leave_refused
1994_SCMR_1121,1994 SCMR 1121,Muhammad Ikram v. Namroz Khan,Supreme Court of Pakistan,1994-01-01,319,full_judgment,headnote_only,leave_refused
1993_SCMR_693,1993 SCMR 693,Ghulam Murtaza v. Muhammad Arif,Supreme Court of Pakistan,1993-01-01,306,full_judgment,headnote_only,leave_granted
1994_SCMR_1129,1994 SCMR 1129,Allah Bakhsh v. Umar,Supreme Court of Pakistan,1994-01-01,409,full_judgment,headnote_only,leave_refused
1994_SCMR_1132,1994 SCMR 1132,"Board Of Intermediate And Secondary Education, Sargodha v. Muhammad Nasir Ali Khan",Supreme Court of Pakistan,1994-01-01,507,full_judgment,headnote_only,leave_refused
1994_SCMR_1137,1994 SCMR 1137,Muhammad Ayub Awan v. Muhammad Yaqub,Supreme Court of Pakistan,1994-01-01,406,full_judgment,headnote_only,leave_refused
1994_SCMR_1140,1994 SCMR 1140,Ali Begum v. Zardad Khan,Supreme Court of Pakistan,1994-01-01,339,full_judgment,headnote_only,unknown
1994_SCMR_1147,1994 SCMR 1147,Bashir Ahmed v. The State,Supreme Court of Pakistan,1994-01-01,337,full_judgment,headnote_only,leave_refused
1994_SCMR_1166,1994 SCMR 1166,"Altaf Khan v. Joint Admission Committee, Medical College, Peshawar",Supreme Court of Pakistan,1994-01-01,466,full_judgment,headnote_only,leave_granted
1994_SCMR_1176,1994 SCMR 1176,Ahmad Subhan Alias Bana v. The State,Supreme Court of Pakistan,1994-01-01,330,full_judgment,headnote_only,leave_refused
1994_SCMR_1179,1994 SCMR 1179,Muhammad Rafique v. The State,Supreme Court of Pakistan,1994-01-01,405,full_judgment,headnote_only,unknown
1994_SCMR_1269,1994 SCMR 1269,Auditor-General Of Pakistan v. Sajjad Hussain Shah,Supreme Court of Pakistan,1994-01-01,354,full_judgment,headnote_only,unknown
1994_SCMR_1188,1994 SCMR 1188,Hayat Muhammad v. Tajuddin,Supreme Court of Pakistan,1994-01-01,568,full_judgment,headnote_only,leave_granted
1994_SCMR_1204,1994 SCMR 1204,Muhammad Ramzan v. Muhammad Mumtaz,Supreme Court of Pakistan,1994-01-01,311,full_judgment,headnote_only,leave_refused
1994_SCMR_1211,1994 SCMR 1211,Muhammad Tufail v. The State,Supreme Court of Pakistan,1994-01-01,413,full_judgment,headnote_only,leave_refused
1994_SCMR_1250,1994 SCMR 1250,"Daulat Khan v. Member, Board Of Revenue (Revenue), Punjab",Supreme Court of Pakistan,1994-01-01,352,full_judgment,headnote_only,leave_granted
1994_SCMR_1257,1994 SCMR 1257,Zahoor Hussain Shah v. The State,Supreme Court of Pakistan,1994-01-01,354,full_judgment,headnote_only,leave_granted
1994_SCMR_1275,1994 SCMR 1275,Shahid M. Akhtar v. Water And Power Development Authority,Supreme Court of Pakistan,1994-01-01,341,full_judgment,headnote_only,leave_granted
1994_SCMR_1283,1994 SCMR 1283,Government Of Sindh v. Raeesa Farooq,Supreme Court of Pakistan,1994-01-01,622,full_judgment,headnote_only,unknown
1994_SCMR_1333,1994 SCMR 1333,Noor Nissa v. Nazir Ahmad Khan Lughmani,Supreme Court of Pakistan,1994-01-01,480,full_judgment,headnote_only,leave_refused
1994_SCMR_1444,1994 SCMR 1444,Saeeda Begum v. Mukhtar Ahmad Butt,Supreme Court of Pakistan,1994-01-01,638,full_judgment,headnote_only,unknown
1994_SCMR_1449,1994 SCMR 1449,Muhammad Saeed v. Muhammad Irfan,Supreme Court of Pakistan,1994-01-01,375,full_judgment,headnote_only,unknown
1994_SCMR_1454,1994 SCMR 1454,Sardar v. Rashid Ahmad,Supreme Court of Pakistan,1994-01-01,350,full_judgment,headnote_only,leave_refused
1994_SCMR_1460,1994 SCMR 1460,Noor Muhammad v. Muhammad Siddique,Supreme Court of Pakistan,1994-01-01,386,full_judgment,headnote_only,unknown
1994_SCMR_1484,1994 SCMR 1484,"Muhammad Ramzan v. Union Council, Bajnial",Supreme Court of Pakistan,1994-01-01,430,full_judgment,headnote_only,leave_refused
1994_SCMR_1488,1994 SCMR 1488,Government Of The Punjab v. Shahida Begum,Supreme Court of Pakistan,1994-01-01,455,full_judgment,headnote_only,unknown
1994_SCMR_1504,1994 SCMR 1504,Naseer Hussain v. Nawaz,Supreme Court of Pakistan,1994-01-01,357,full_judgment,headnote_only,unknown
1994_SCMR_1523,1994 SCMR 1523,"Pervez Ijaz Sheikh v. Secretary, Establishmet Division, Government Of Pakistan",Supreme Court of Pakistan,1994-01-01,422,full_judgment,headnote_only,unknown
1994_SCMR_1565,1994 SCMR 1565,Imam Bakhsh Baqar v. The State,Supreme Court of Pakistan,1994-01-01,355,full_judgment,headnote_only,leave_refused
1994_SCMR_1608,1994 SCMR 1608,Muhammad Izharul Ahsan Qurcshi v. M/S. P.I.A.C.,Supreme Court of Pakistan,1994-01-01,365,full_judgment,headnote_only,leave_refused
1994_SCMR_1612,1994 SCMR 1612,Abdullah Jan v. The State,Supreme Court of Pakistan,1994-01-01,312,full_judgment,headnote_only,unknown
1994_SCMR_1631,1994 SCMR 1631,Hakam Ali v. Shah Muhammad,Supreme Court of Pakistan,1994-01-01,358,full_judgment,headnote_only,leave_refused
1993_SCMR_1692,1993 SCMR 1692,Government Of The Punjab v. Shamim Waheed Sheikh,Supreme Court of Pakistan,1993-01-01,806,full_judgment,headnote_only,unknown
1994_SCMR_1658,1994 SCMR 1658,"Mohibullah, Chief Officer, Town Committee, Amangerh v. Mansoor Khan, Planning Officer, District Council, Mardan - , Shahzad Akbar, Advocate Supreme Court & Mian Shakurullah Jan, Advocate-On-Record (Absent) And Haji Ma. Qayyum Mazhar,",Supreme Court of Pakistan,1994-01-01,416,full_judgment,headnote_only,unknown
1994_SCMR_1674,1994 SCMR 1674,Shahid Maqbool v. The State,Supreme Court of Pakistan,1994-01-01,341,full_judgment,headnote_only,leave_refused
1994_SCMR_1677,1994 SCMR 1677,Abdur Rashid v. Manzoor Ahmad,Supreme Court of Pakistan,1994-01-01,327,full_judgment,headnote_only,leave_refused
1994_SCMR_1679,1994 SCMR 1679,Nisar Ahmad v. The State,Supreme Court of Pakistan,1994-01-01,301,full_judgment,headnote_only,leave_granted
1994_SCMR_1706,1994 SCMR 1706,Nargis Shaheen v. Federation Of Pakistan,Supreme Court of Pakistan,1994-01-01,490,full_judgment,headnote_only,leave_refused
1994_SCMR_1711,1994 SCMR 1711,Khan Muhammad v. Muhammad Akram,Supreme Court of Pakistan,1994-01-01,361,full_judgment,headnote_only,unknown
1994_SCMR_1718,1994 SCMR 1718,Allah Ditta v. Yousuf,Supreme Court of Pakistan,1994-01-01,385,full_judgment,headnote_only,unknown
1994_SCMR_1722,1994 SCMR 1722,Minjawar v. Abdul Matin,Supreme Court of Pakistan,1994-01-01,392,full_judgment,headnote_only,leave_refused
1994_SCMR_1729,1994 SCMR 1729,Liaquat Ali v. Bashiran Bibi,Supreme Court of Pakistan,1994-01-01,311,full_judgment,headnote_only,leave_refused
1994_SCMR_1733,1994 SCMR 1733,Muhammad Yousaf v. The State,Supreme Court of Pakistan,1994-01-01,416,full_judgment,headnote_only,unknown
1994_SCMR_1737,1994 SCMR 1737,Barkat Ullah v. Wali Muhammad,Supreme Court of Pakistan,1994-01-01,420,full_judgment,headnote_only,leave_refused
1994_SCMR_1740,1994 SCMR 1740,Federation Of Pakisfan v. Tahira Begum,Supreme Court of Pakistan,1994-01-01,481,full_judgment,headnote_only,leave_granted
1994_SCMR_1750,1994 SCMR 1750,Feroze Khan v. Zaman Ali,Supreme Court of Pakistan,1994-01-01,316,full_judgment,headnote_only,leave_granted
1994_SCMR_1758,1994 SCMR 1758,Calicon (Pvt.) Ltd. v. Federal Government Of Pakistan,Supreme Court of Pakistan,1994-01-01,399,full_judgment,headnote_only,leave_refused
1994_SCMR_1763,1994 SCMR 1763,Faiz Bakhsh v. Ali Muhammad,Supreme Court of Pakistan,1994-01-01,373,full_judgment,headnote_only,leave_granted
1994_SCMR_1766,1994 SCMR 1766,"Momin Khan v. Additional Secretary, Home And Tribal Affairs Department, Peshawar",Supreme Court of Pakistan,1994-01-01,341,full_judgment,headnote_only,leave_refused
1994_SCMR_1771,1994 SCMR 1771,Lalan v. Noor Muhammad,Supreme Court of Pakistan,1994-01-01,317,full_judgment,headnote_only,leave_refused
1994_SCMR_1778,1994 SCMR 1778,Amir Siab v. Government Of N.-W.F.P.,Supreme Court of Pakistan,1994-01-01,376,full_judgment,headnote_only,leave_refused
1994_SCMR_1793,1994 SCMR 1793,Muhammad Tufail v. Additional District Judge,Supreme Court of Pakistan,1994-01-01,374,full_judgment,headnote_only,leave_refused
1994_SCMR_1797,1994 SCMR 1797,Ghulam Muhammad v. Jan Muhammad,Supreme Court of Pakistan,1994-01-01,486,full_judgment,headnote_only,leave_refused
1994_SCMR_1801,1994 SCMR 1801,"Muhammad Bashir v. Secretary To The Government Of The Punjab, Education Department, Lahore",Supreme Court of Pakistan,1994-01-01,442,full_judgment,headnote_only,remanded
1994_SCMR_1807,1994 SCMR 1807,Pakistan Diploma Engineers Federation (Regd.) v. Federation Of Pakistan,Supreme Court of Pakistan,1994-01-01,412,full_judgment,headnote_only,unknown
1994_SCMR_1836,1994 SCMR 1836,Muhammad Bakhsh v. Province Of Punjab,Supreme Court of Pakistan,1994-01-01,623,full_judgment,headnote_only,unknown
1994_SCMR_1856,1994 SCMR 1856,Salehon v. Sardaran,Supreme Court of Pakistan,1994-01-01,423,full_judgment,headnote_only,leave_refused
1994_SCMR_1861,1994 SCMR 1861,Muhammad Nawaz v. Ahmad Ali,Supreme Court of Pakistan,1994-01-01,439,full_judgment,headnote_only,leave_refused
1994_SCMR_1864,1994 SCMR 1864,"Muhammad Sultan v. Member (Revenue), Board Of Revenue/Chief Settlement Commissioner, Punjab, Lahore",Supreme Court of Pakistan,1994-01-01,327,full_judgment,headnote_only,leave_granted
1994_SCMR_1868,1994 SCMR 1868,Sadiq Hussain Shah v. Zamin Shah,Supreme Court of Pakistan,1994-01-01,481,full_judgment,headnote_only,leave_refused
1994_SCMR_1877,1994 SCMR 1877,Mumtaz Imran v. Nasrin Mehmooda,Supreme Court of Pakistan,1994-01-01,407,full_judgment,headnote_only,leave_refused
1994_SCMR_1884,1994 SCMR 1884,Ali Sher Alias Ajab Ali v. The State,Supreme Court of Pakistan,1994-01-01,321,full_judgment,headnote_only,leave_refused
1994_SCMR_1893,1994 SCMR 1893,Ghulam Nabi v. Javaid Iqbal,Supreme Court of Pakistan,1994-01-01,683,full_judgment,headnote_only,leave_granted
1994_SCMR_1908,1994 SCMR 1908,Government Of Pakistan v. Nizamuddin,Supreme Court of Pakistan,1994-01-01,373,full_judgment,headnote_only,leave_granted
1994_SCMR_1918,1994 SCMR 1918,Usman Bhai v. Ali Imam Zaidi,Supreme Court of Pakistan,1994-01-01,457,full_judgment,headnote_only,leave_granted
1994_SCMR_1935,1994 SCMR 1935,Aisha Bibi v. Nazir Ahmad,Supreme Court of Pakistan,1994-01-01,535,full_judgment,headnote_only,unknown
1994_SCMR_1945,1994 SCMR 1945,Allah Bakhsh v. Fathe Bibi,Supreme Court of Pakistan,1994-01-01,340,full_judgment,headnote_only,leave_refused
1994_SCMR_1949,1994 SCMR 1949,"Abdul Wahab Umer v. Evacuee Trust Property Board, Government Of Pakistan",Supreme Court of Pakistan,1994-01-01,374,full_judgment,headnote_only,leave_granted
1994_SCMR_1953,1994 SCMR 1953,Government Of Pakistan v. Manzoor Brothers,Supreme Court of Pakistan,1994-01-01,631,full_judgment,headnote_only,leave_refused
1994_SCMR_1962,1994 SCMR 1962,Ehsan Ahmed v. The State,Supreme Court of Pakistan,1994-01-01,374,full_judgment,headnote_only,leave_refused
1994_SCMR_1968,1994 SCMR 1968,Shamsul Oamar v. Faqir Taj,Supreme Court of Pakistan,1994-01-01,436,full_judgment,headnote_only,leave_refused
1994_SCMR_1972,1994 SCMR 1972,"Muhammad Siddique v. Member (Consolidation), Board Of Revenue, Lahore",Supreme Court of Pakistan,1994-01-01,351,full_judgment,headnote_only,appeal_dismissed
1994_SCMR_1978,1994 SCMR 1978,Zubaida Bibi v. Majidan,Supreme Court of Pakistan,1994-01-01,380,full_judgment,headnote_only,leave_granted
1994_SCMR_1988,1994 SCMR 1988,Sharifan Bibi v. Kamal Din,Supreme Court of Pakistan,1994-01-01,423,full_judgment,headnote_only,leave_granted
1994_SCMR_2002,1994 SCMR 2002,Sahib Khatoon v. Allah Ditta,Supreme Court of Pakistan,1994-01-01,375,full_judgment,headnote_only,unknown
1994_SCMR_2007,1994 SCMR 2007,Shamsuddin v. Ghulam Farid,Supreme Court of Pakistan,1994-01-01,425,full_judgment,headnote_only,leave_granted
1994_SCMR_2011,1994 SCMR 2011,"Muhammad Refique v. Deputy Commissioner, Abbottabad",Supreme Court of Pakistan,1994-01-01,401,full_judgment,headnote_only,leave_granted
1994_SCMR_2021,1994 SCMR 2021,"Abdul Sattar v. Muhammad Shafiq Khan - , Walayat Umer Ch., Advocate-On-Record, A.R. Shaukat, Senior Advocate Supreme Court: Amicus Curaie.",Supreme Court of Pakistan,1994-01-01,452,full_judgment,headnote_only,unknown
1994_SCMR_2037,1994 SCMR 2037,Abdul Ghani v. Zahoor Ahmed,Supreme Court of Pakistan,1994-01-01,503,full_judgment,headnote_only,leave_refused
1994_SCMR_2044,1994 SCMR 2044,Ghulam Sarwar v. Bana Rani,Supreme Court of Pakistan,1994-01-01,545,full_judgment,headnote_only,leave_refused
1994_SCMR_2058,1994 SCMR 2058,Ghulam Haider v. Abdul Shakoor,Supreme Court of Pakistan,1994-01-01,372,full_judgment,headnote_only,leave_granted
1994_SCMR_2102,1994 SCMR 2102,Yousuf Masih v. The State,Supreme Court of Pakistan,1994-01-01,377,full_judgment,headnote_only,unknown
1994_SCMR_2121,1994 SCMR 2121,"Masood Aslam Dar v. Secretary, Establishment Division, Islamabad",Supreme Court of Pakistan,1994-01-01,525,full_judgment,headnote_only,leave_granted
1994_SCMR_2142,1994 SCMR 2142,Imtiaz Ahmad v. Government Of Pakistan,Supreme Court of Pakistan,1994-01-01,344,full_judgment,headnote_only,unknown
1994_SCMR_2163,1994 SCMR 2163,Abdul Rashid v. Mahmood Ali Khan,Supreme Court of Pakistan,1994-01-01,395,full_judgment,headnote_only,leave_granted
1994_SCMR_2213,1994 SCMR 2213,Trustees Of The Port Of Karachi v. Muhammad Saleem,Supreme Court of Pakistan,1994-01-01,595,full_judgment,headnote_only,unknown
1994_SCMR_2240,1994 SCMR 2240,Barkat Bibi v. Khushi Muhammad,Supreme Court of Pakistan,1994-01-01,327,full_judgment,headnote_only,unknown
1994_SCMR_2265,1994 SCMR 2265,Noor Jahan v. Roshan Jahan,Supreme Court of Pakistan,1994-01-01,306,full_judgment,headnote_only,unknown
1994_SCMR_2277,1994 SCMR 2277,Bibi Rani v. Najabat Ali,Supreme Court of Pakistan,1994-01-01,341,full_judgment,headnote_only,unknown
1994_SCMR_2281,1994 SCMR 2281,Ramzan Sugar Mills Ltd. v. Mian Miraj-Ud-Din,Supreme Court of Pakistan,1994-01-01,319,full_judgment,headnote_only,leave_refused
1994_SCMR_2286,1994 SCMR 2286,Muhammad Mushtaq v. Federation Of Pakistan,Supreme Court of Pakistan,1994-01-01,321,full_judgment,headnote_only,leave_refused
1994_SCMR_2288,1994 SCMR 2288,Arshad Muhammad Khan v. Kalsoom Bibi,Supreme Court of Pakistan,1994-01-01,418,full_judgment,headnote_only,leave_refused
1994_SCMR_2295,1994 SCMR 2295,Manzoor Oadir v. Rajab Ali,Supreme Court of Pakistan,1994-01-01,396,full_judgment,headnote_only,leave_refused
1994_SCMR_2301,1994 SCMR 2301,"Muhammad Rafi v. Muhammad Ashfaq, Civil Judge,Hasilpir",Supreme Court of Pakistan,1994-01-01,461,full_judgment,headnote_only,leave_refused
1994_SCMR_2308,1994 SCMR 2308,Muhammad Akram v. P.I.A,Supreme Court of Pakistan,1994-01-01,323,full_judgment,headnote_only,petition_dismissed
1994_SCMR_2316,1994 SCMR 2316,Glaxo Laboratories Of Pakistan Ltd. v. Federation Of Pakistan,Supreme Court of Pakistan,1994-01-01,428,full_judgment,headnote_only,leave_granted
1993_SCMR_7,1993 SCMR 7,"Union Council, Dhabeji v. Al-Noor Textile Mills Ltd.",Supreme Court of Pakistan,1993-01-01,470,full_judgment,headnote_only,unknown
1993_SCMR_21,1993 SCMR 21,Quetta Hindu Panchayat v. Dilshad Akhtar,Supreme Court of Pakistan,1993-01-01,679,full_judgment,headnote_only,unknown
1993_SCMR_61,1993 SCMR 61,State v. Hafeez-Ur-Rehman Najmi,Supreme Court of Pakistan,1993-01-01,621,full_judgment,headnote_only,unknown
1993_SCMR_71,1993 SCMR 71,"Salman Taseer v. Judge, Special Court",Supreme Court of Pakistan,1993-01-01,479,full_judgment,headnote_only,unknown
1993_SCMR_94,1993 SCMR 94,Muhammad Sadiq v. The State,Supreme Court of Pakistan,1993-01-01,397,full_judgment,headnote_only,unknown
1993_SCMR_119,1993 SCMR 119,Maqbool Ahmed v. Military Accountant-General,Supreme Court of Pakistan,1993-01-01,348,full_judgment,headnote_only,unknown
1993_SCMR_138,1993 SCMR 138,"Chairman, Wapda, Lahore v. Zahoor Ahmad",Supreme Court of Pakistan,1993-01-01,355,full_judgment,headnote_only,leave_granted
1993_SCMR_145,1993 SCMR 145,Shamir v. Faiz Elahi,Supreme Court of Pakistan,1993-01-01,650,full_judgment,headnote_only,unknown
1993_SCMR_153,1993 SCMR 153,Nasir Ahmed v. The State,Supreme Court of Pakistan,1993-01-01,492,full_judgment,headnote_only,unknown
1993_SCMR_160,1993 SCMR 160,Muhammad Nawaz v. Muhammad Aslam,Supreme Court of Pakistan,1993-01-01,525,full_judgment,headnote_only,leave_granted
1993_SCMR_168,1993 SCMR 168,"Rehmat Ali v. Chief Land Commissioner, Punjab",Supreme Court of Pakistan,1993-01-01,348,full_judgment,headnote_only,unknown
1993_SCMR_177,1993 SCMR 177,Muhammad Nasim Butt v. The State,Supreme Court of Pakistan,1993-01-01,651,full_judgment,headnote_only,leave_refused
1993_SCMR_183,1993 SCMR 183,Bashir Ahmad v. Muhammad Yousaf,Supreme Court of Pakistan,1993-01-01,304,full_judgment,headnote_only,leave_granted
1993_SCMR_200,1993 SCMR 200,M. K. Muhammad v. Muhammad Abu Bakar,Supreme Court of Pakistan,1993-01-01,913,full_judgment,headnote_only,unknown
1993_SCMR_211,1993 SCMR 211,Shakeel Ahmad v. The State,Supreme Court of Pakistan,1993-01-01,766,full_judgment,headnote_only,unknown
1993_SCMR_224,1993 SCMR 224,Shahbaz Afghan v. The State,Supreme Court of Pakistan,1993-01-01,500,full_judgment,headnote_only,unknown
1993_SCMR_229,1993 SCMR 229,Akbar Zaman v. The State,Supreme Court of Pakistan,1993-01-01,570,full_judgment,headnote_only,leave_granted
1993_SCMR_236,1993 SCMR 236,Muhammad Ali v. Sikandar Hayat,Supreme Court of Pakistan,1993-01-01,431,full_judgment,headnote_only,leave_granted
1993_SCMR_245,1993 SCMR 245,Muhammad Latif v. Zulfiqar Ali,Supreme Court of Pakistan,1993-01-01,373,full_judgment,headnote_only,leave_granted
1993_SCMR_251,1993 SCMR 251,Muhammad Yar v. Sawan Mai,Supreme Court of Pakistan,1993-01-01,318,full_judgment,headnote_only,unknown
1993_SCMR_256,1993 SCMR 256,Ghulam Mustafa Shah v. Haji,Supreme Court of Pakistan,1993-01-01,349,full_judgment,headnote_only,leave_granted
1993_SCMR_305,1993 SCMR 305,Noor Hussain v. Farooq Zaman,Supreme Court of Pakistan,1993-01-01,382,full_judgment,headnote_only,leave_granted
1993_SCMR_322,1993 SCMR 322,"Aley Nabi v. Chairman, Sindh Labour Court",Supreme Court of Pakistan,1993-01-01,508,full_judgment,headnote_only,leave_granted
1993_SCMR_363,1993 SCMR 363,Sardar Begum v. Muhammad Anwar Shah,Supreme Court of Pakistan,1993-01-01,508,full_judgment,headnote_only,leave_granted
1993_SCMR_828,1993 SCMR 828,Fayyaz Akhtar v. The State,Supreme Court of Pakistan,1993-01-01,349,full_judgment,headnote_only,unknown
1993_SCMR_544,1993 SCMR 544,Abdul Aziz v. The State,Supreme Court of Pakistan,1993-01-01,495,full_judgment,headnote_only,unknown
1993_SCMR_454,1993 SCMR 454,"Zila Council, Jhelum v. I.C.I. Pakistan Ltd. (Formerly Ici Pakistan Manufacturers Limited), Khewra, District Jhelum",Supreme Court of Pakistan,1993-01-01,392,full_judgment,headnote_only,unknown
1993_SCMR_468,1993 SCMR 468,"Union Council, Ali Wahan, Sukkur v. Associated Cement (Pvt.) Limited",Supreme Court of Pakistan,1993-01-01,466,full_judgment,headnote_only,leave_granted
1993_SCMR_498,1993 SCMR 498,Muhammad Amin v. Maqbool Ahmad,Supreme Court of Pakistan,1993-01-01,374,full_judgment,headnote_only,leave_granted
1993_SCMR_515,1993 SCMR 515,Mariam Bai v. Islamic Republic Of Pakistan,Supreme Court of Pakistan,1993-01-01,370,full_judgment,headnote_only,leave_granted
1993_SCMR_525,1993 SCMR 525,Jalal v. Allahyar,Supreme Court of Pakistan,1993-01-01,575,full_judgment,headnote_only,unknown
2023_SCMR_581,2023 SCMR 581,Muhammad Tanveer v. The State,Supreme Court of Pakistan,2023-01-01,358,full_judgment,headnote_only,unknown
2023_SCMR_584,2023 SCMR 584,"Syed Hammad Nabi v. Inspector General Of Police Punjab, Lahore",Supreme Court of Pakistan,2023-01-01,370,full_judgment,headnote_only,unknown
2023_SCMR_603,2023 SCMR 603,"Federation Of Pakistan Through Chairman Federal Board Of Revenue Fbr House, Islamabad v. Zahid Malik",Supreme Court of Pakistan,2023-01-01,319,full_judgment,headnote_only,unknown
2023_SCMR_613,2023 SCMR 613,"Zafar Iqbal v. Additional District And Sessions Judge, Ferozewala",Supreme Court of Pakistan,2023-01-01,430,full_judgment,headnote_only,unknown
2023_SCMR_616,2023 SCMR 616,Pakistan Television Corporation v. Noor Sanat Shah,Supreme Court of Pakistan,2023-01-01,746,full_judgment,headnote_only,appeal_dismissed
2023_SCMR_636,2023 SCMR 636,Imran Ahmad Khan Niazi v. Main Muhammad Shahbaz Sharif,Supreme Court of Pakistan,2023-01-01,2103,full_judgment,headnote_only,unknown
2020_SCMR_1222,2020 SCMR 1222,Matti Ullah v. The State,Supreme Court of Pakistan,2020-01-01,475,full_judgment,headnote_only,appeal_dismissed
2023_SCMR_681,2023 SCMR 681,"Commissioner Inland Revenue Zone-I, Regional Tax Office, Quetta v. Hajvairy Steel Industries (Pvt.) Limited, Quetta",Supreme Court of Pakistan,2023-01-01,401,full_judgment,headnote_only,unknown
2023_SCMR_686,2023 SCMR 686,Province Of Sindh Through Chief Secretary v. Ghulam Shabbir,Supreme Court of Pakistan,2023-01-01,786,full_judgment,headnote_only,unknown
2023_SCMR_700,2023 SCMR 700,National Highway Authority v. Rai Ahmad Nawaz Khan,Supreme Court of Pakistan,2023-01-01,342,full_judgment,headnote_only,unknown
2020_SCMR_1237,2020 SCMR 1237,Muhammad Yasin v. The State,Supreme Court of Pakistan,2020-01-01,397,full_judgment,headnote_only,unknown
2023_SCMR_723,2023 SCMR 723,Aman Ullah v. The State,Supreme Court of Pakistan,2023-01-01,879,full_judgment,headnote_only,leave_refused
2023_SCMR_734,2023 SCMR 734,Muhammad Nawaz Alias Karo v. The State,Supreme Court of Pakistan,2023-01-01,412,full_judgment,headnote_only,unknown
2023_SCMR_742,2023 SCMR 742,"Peerzada Waqar Alam v. National Accountability Bureau (Nab) Through Chairman, Islamabad",Supreme Court of Pakistan,2023-01-01,376,full_judgment,headnote_only,unknown
2023_SCMR_761,2023 SCMR 761,"Divisional Superintendent, Pakistan Railways v. Umar Daraz",Supreme Court of Pakistan,2023-01-01,572,full_judgment,headnote_only,leave_refused
2020_SCMR_1248,2020 SCMR 1248,Mufti Kafayat Ullah v. The State,Supreme Court of Pakistan,2020-01-01,325,full_judgment,headnote_only,unknown
2020_SCMR_1250,2020 SCMR 1250,Sarwar v. The State,Supreme Court of Pakistan,2020-01-01,323,full_judgment,headnote_only,leave_refused
2023_SCMR_774,2023 SCMR 774,"Province Of Punjab Through Secretary Agriculture Department, Lahore v. Saleem Ijaz",Supreme Court of Pakistan,2023-01-01,366,full_judgment,headnote_only,unknown
2023_SCMR_781,2023 SCMR 781,Ahmed Ali v. The State,Supreme Court of Pakistan,2023-01-01,571,full_judgment,headnote_only,appeal_allowed
2023_SCMR_795,2023 SCMR 795,Imran Mehmood v. The State,Supreme Court of Pakistan,2023-01-01,1116,full_judgment,headnote_only,unknown
2023_SCMR_803,2023 SCMR 803,"Divisional Superintendent, Postal Services, D.G. Khan v. Nadeem Raza",Supreme Court of Pakistan,2023-01-01,857,full_judgment,headnote_only,unknown
2023_SCMR_815,2023 SCMR 815,Rao Abdul Rehman (Deceased) v. Muhammad Afzal (Deceased),Supreme Court of Pakistan,2023-01-01,770,full_judgment,headnote_only,unknown
2023_SCMR_831,2023 SCMR 831,Aqil v. The State,Supreme Court of Pakistan,2023-01-01,855,full_judgment,headnote_only,leave_refused
2023_SCMR_848,2023 SCMR 848,"Federal Public Service Commission, Islamabad v. Dr. Shahid Hanif",Supreme Court of Pakistan,2023-01-01,301,full_judgment,headnote_only,appeal_allowed
2023_SCMR_857,2023 SCMR 857,Gul Muhammad v. The State,Supreme Court of Pakistan,2023-01-01,371,full_judgment,headnote_only,unknown
2023_SCMR_870,2023 SCMR 870,Mst. Hajira Bibi Alias Seema v. Abdul Qaseem,Supreme Court of Pakistan,2023-01-01,341,full_judgment,headnote_only,appeal_allowed
2020_SCMR_1264,2020 SCMR 1264,Wazir Khan v. Sherin Dad,Supreme Court of Pakistan,2020-01-01,718,full_judgment,headnote_only,leave_refused
2023_SCMR_884,2023 SCMR 884,Abdul Rehman Alias Muhammad Zeeshan v. The State,Supreme Court of Pakistan,2023-01-01,326,full_judgment,headnote_only,unknown
2020_SCMR_1268,2020 SCMR 1268,Jehanzeb Khan v. The State,Supreme Court of Pakistan,2020-01-01,344,full_judgment,headnote_only,unknown
2023_SCMR_900,2023 SCMR 900,Ali Taj v. The State,Supreme Court of Pakistan,2023-01-01,804,full_judgment,headnote_only,unknown
2023_SCMR_915,2023 SCMR 915,"Federation Of Pakistan Through Secretary Establishment Division, Islamabad v. Misri Ladhani",Supreme Court of Pakistan,2023-01-01,300,full_judgment,headnote_only,unknown
2020_SCMR_1270,2020 SCMR 1270,Muhammad Jahangir Khan v. The State,Supreme Court of Pakistan,2020-01-01,587,full_judgment,headnote_only,appeal_dismissed
2023_SCMR_929,2023 SCMR 929,Ansar v. The State,Supreme Court of Pakistan,2023-01-01,613,full_judgment,headnote_only,leave_refused
2023_SCMR_939,2023 SCMR 939,"The Collector Of Sales Tax And Central Excise, Lahore v. Qadbros Engineering (Pvt.) Ltd., Lahore",Supreme Court of Pakistan,2023-01-01,680,full_judgment,headnote_only,unknown
2023_SCMR_950,2023 SCMR 950,Nawabzada Abdul Qadir Khan v. Land Acquisition Collector Mardan,Supreme Court of Pakistan,2023-01-01,400,full_judgment,headnote_only,unknown
2023_SCMR_960,2023 SCMR 960,"Zakir Mehmood v. Secretary, Ministry Of Defence (D.P), Pakistan Secretariat, Rawalpindi",Supreme Court of Pakistan,2023-01-01,615,full_judgment,headnote_only,unknown
2023_SCMR_967,2023 SCMR 967,Adeel Manzoor v. The State,Supreme Court of Pakistan,2023-01-01,326,full_judgment,headnote_only,unknown
2020_SCMR_1279,2020 SCMR 1279,Uber Technologies Inc. v. David Heller,Supreme Court of Pakistan,2020-01-01,993,full_judgment,headnote_only,appeal_dismissed
2023_SCMR_969,2023 SCMR 969,"Public Interest Law Association Of Pakistan v. Province Of Punjab Through Chief Secretary, Civil Secretariat, Lower Mall, Lahore",Supreme Court of Pakistan,2023-01-01,376,full_judgment,headnote_only,unknown
2023_SCMR_975,2023 SCMR 975,Ahtisham Ali v. The State,Supreme Court of Pakistan,2023-01-01,524,full_judgment,headnote_only,appeal_dismissed
2023_SCMR_981,2023 SCMR 981,Wapda Through Chairman v. Alam Sher,Supreme Court of Pakistan,2023-01-01,326,full_judgment,headnote_only,appeal_dismissed
2020_SCMR_1396,2020 SCMR 1396,Mst. Attia Bano v. Abdul Majeed,Supreme Court of Pakistan,2020-01-01,410,full_judgment,headnote_only,appeal_dismissed
2023_SCMR_988,2023 SCMR 988,Muhammad Rafiq v. Mst. Ghulam Zoharan Mai,Supreme Court of Pakistan,2023-01-01,360,full_judgment,headnote_only,appeal_dismissed
2023_SCMR_992,2023 SCMR 992,"Muhammad Raqeeb v. Government Of Khyber Pakhtunkhwa Through Chief Secretary, Peshawar",Supreme Court of Pakistan,2023-01-01,384,full_judgment,headnote_only,appeal_dismissed
2020_SCMR_1401,2020 SCMR 1401,"Rizwana Altaf v. Chief Justice, High Court Of Sindh",Supreme Court of Pakistan,2020-01-01,574,full_judgment,headnote_only,leave_refused
2023_SCMR_999,2023 SCMR 999,Noor Kamal v. The State,Supreme Court of Pakistan,2023-01-01,356,full_judgment,headnote_only,unknown
2023_SCMR_1011,2023 SCMR 1011,"Commissioner Inland Revenue Z-Iii, Corporate Regional Tax Office, Tax House, Karachi v. Msc Switzerland Geneva",Supreme Court of Pakistan,2023-01-01,776,full_judgment,headnote_only,unknown
2020_SCMR_1414,2020 SCMR 1414,Javed Ishfaq v. The State,Supreme Court of Pakistan,2020-01-01,491,full_judgment,headnote_only,leave_refused
2023_SCMR_1072,2023 SCMR 1072,Pirzada Noor-Ul-Basar v. Mst. Pakistan Bibi,Supreme Court of Pakistan,2023-01-01,438,full_judgment,headnote_only,appeal_dismissed
2020_SCMR_1418,2020 SCMR 1418,"Commissioner Faisalabad Division, Faisalabad v. Allah Bakhsh",Supreme Court of Pakistan,2020-01-01,535,full_judgment,headnote_only,unknown
2023_SCMR_1093,2023 SCMR 1093,"Muhammad Taimur v. Chairman, National Accountability Bureau Nab Headquarters, Islamabad",Supreme Court of Pakistan,2023-01-01,509,full_judgment,headnote_only,remanded
2023_SCMR_1097,2023 SCMR 1097,Muhammad Usman v. The State,Supreme Court of Pakistan,2023-01-01,710,full_judgment,headnote_only,unknown
2020_SCMR_1425,2020 SCMR 1425,"Aqeel Shahzad v. Government Of Khyber Pakhtunkhwa Through Chief Secretary, Khyber Pakhtunkhwa, Peshawar",Supreme Court of Pakistan,2020-01-01,345,full_judgment,headnote_only,unknown
2023_SCMR_1103,2023 SCMR 1103,"National Highway Authority Through Chairman, Islamabad v. Sambu Construction Co. Ltd. Islamabad",Supreme Court of Pakistan,2023-01-01,317,full_judgment,headnote_only,leave_refused
2023_SCMR_1128,2023 SCMR 1128,"Fakhar Nawaz v. Administrative Secretary/Senior Member Board Of Revenue, Peshawar",Supreme Court of Pakistan,2023-01-01,354,full_judgment,headnote_only,unknown
2020_SCMR_1432,2020 SCMR 1432,"Chief Commissioner Of Inland Revenue, Ltu, Islamabad v. Muhammad Javed Paracha",Supreme Court of Pakistan,2020-01-01,324,full_judgment,headnote_only,leave_refused
2023_SCMR_1135,2023 SCMR 1135,Raja Muhammad Shahid v. The Inspector General Of Police,Supreme Court of Pakistan,2023-01-01,387,full_judgment,headnote_only,unknown
2023_SCMR_1140,2023 SCMR 1140,Salman Zahid v. The State,Supreme Court of Pakistan,2023-01-01,513,full_judgment,headnote_only,unknown
2020_SCMR_1437,2020 SCMR 1437,Kymab Ltd v. Regeneron Pharmaceuticals Inc,Supreme Court of Pakistan,2020-01-01,656,full_judgment,headnote_only,unknown
2023_SCMR_1152,2023 SCMR 1152,Muhammad Imran v. The State,Supreme Court of Pakistan,2023-01-01,352,full_judgment,headnote_only,unknown
2020_SCMR_1474,2020 SCMR 1474,Naimatullah Khan v. Federation Of Pakistan,Supreme Court of Pakistan,2020-01-01,765,full_judgment,headnote_only,disposed_of
2023_SCMR_1155,2023 SCMR 1155,Muhammad Mumtaz Shah (Deceased) v. Ghulam Hussain Shah (Deceased),Supreme Court of Pakistan,2023-01-01,315,full_judgment,headnote_only,unknown
2023_SCMR_1171,2023 SCMR 1171,Ashiq Muhammad v. Mst. Suhagan,Supreme Court of Pakistan,2023-01-01,334,full_judgment,headnote_only,appeal_allowed
2023_SCMR_1176,2023 SCMR 1176,Kashmali Khan v. Mst. Malala,Supreme Court of Pakistan,2023-01-01,506,full_judgment,headnote_only,unknown
2020_SCMR_1488,2020 SCMR 1488,Naimatullah Khan v. Federation Of Pakistan,Supreme Court of Pakistan,2020-01-01,372,full_judgment,headnote_only,unknown
2023_SCMR_1247,2023 SCMR 1247,"Mian Azam Waheed v. The Collector Of Customs Through Additional Collector Of Customs, Karachi",Supreme Court of Pakistan,2023-01-01,486,full_judgment,headnote_only,leave_refused
2020_SCMR_1499,2020 SCMR 1499,Naimatullah Khan v. Federation Of Pakistan,Supreme Court of Pakistan,2020-01-01,624,full_judgment,headnote_only,unknown
2023_SCMR_1267,2023 SCMR 1267,"Dr. Abdul Nabi, Professor, Department Of Chemistry, University Of Balochistan, Sariab Road, Quetta v. Executive Officer, Cantonment Board, Quetta",Supreme Court of Pakistan,2023-01-01,592,full_judgment,headnote_only,unknown
2023_SCMR_1278,2023 SCMR 1278,Abdul Wahid v. The State,Supreme Court of Pakistan,2023-01-01,396,full_judgment,headnote_only,unknown
2023_SCMR_1319,2023 SCMR 1319,"Collector Customs, Model Customs Collectorate, Peshawar v. Muhammad Ismail",Supreme Court of Pakistan,2023-01-01,330,full_judgment,headnote_only,leave_refused
2020_SCMR_1517,2020 SCMR 1517,Iftikhar Ahmed v. Mst. Saima Zia,Supreme Court of Pakistan,2020-01-01,359,full_judgment,headnote_only,unknown
2023_SCMR_1325,2023 SCMR 1325,"National Logistics Cell, Government Of Pakistan, Hq Nlc, Karachi v. The Collector Of Customs, Model Customs Collectorate, Port Muhammad Bin Qasim, Karachi",Supreme Court of Pakistan,2023-01-01,503,full_judgment,headnote_only,unknown
2023_SCMR_1339,2023 SCMR 1339,Muhammad Munir v. Umar Hayat,Supreme Court of Pakistan,2023-01-01,1039,full_judgment,headnote_only,unknown
2023_SCMR_1348,2023 SCMR 1348,"Pakistan Electronic Media Regulatory Authority (Pemra) Through Chairman, Islamabad v. Southern Networks Limited, Karachi",Supreme Court of Pakistan,2023-01-01,668,full_judgment,headnote_only,disposed_of
2023_SCMR_1357,2023 SCMR 1357,"Chairman, National Accountability Bureau, Islamabad v. Yar Muhammad Solangi",Supreme Court of Pakistan,2023-01-01,311,full_judgment,headnote_only,leave_refused
2020_SCMR_1523,2020 SCMR 1523,Ab v. Pridwin Preparatory School,Supreme Court of Pakistan,2020-01-01,1063,full_judgment,headnote_only,unknown
2023_SCMR_1361,2023 SCMR 1361,Injum Aqeel v. Latif Muhammad Chaudhry,Supreme Court of Pakistan,2023-01-01,466,full_judgment,headnote_only,unknown
2023_SCMR_1427,2023 SCMR 1427,"Asrar Ahmed v. Chairman Pakistan Aeronautical Complex Board, Kamra",Supreme Court of Pakistan,2023-01-01,527,full_judgment,headnote_only,leave_refused
2023_SCMR_1375,2023 SCMR 1375,Muhammad Ijaz v. The State,Supreme Court of Pakistan,2023-01-01,684,full_judgment,headnote_only,leave_refused
2023_SCMR_1381,2023 SCMR 1381,National Database And Registration Authority (Nadra) v. Jawad Khan,Supreme Court of Pakistan,2023-01-01,465,full_judgment,headnote_only,leave_refused
2023_SCMR_1397,2023 SCMR 1397,Saeed Ullah v. The State,Supreme Court of Pakistan,2023-01-01,311,full_judgment,headnote_only,unknown
2020_SCMR_1621,2020 SCMR 1621,Najaf Iqbal v. Shahzad Rafique,Supreme Court of Pakistan,2020-01-01,378,full_judgment,headnote_only,appeal_dismissed
2023_SCMR_1407,2023 SCMR 1407,Rajby Industries Karachi v. Federation Of Pakistan,Supreme Court of Pakistan,2023-01-01,836,full_judgment,headnote_only,leave_refused
2023_SCMR_1434,2023 SCMR 1434,M. Hamad Hassan v. Mst. Isma Bukhari,Supreme Court of Pakistan,2023-01-01,318,full_judgment,headnote_only,unknown
2023_SCMR_1502,2023 SCMR 1502,Tri-Star Industries (Pvt.) Limited v. Trisa Burstenfabrik Ag Triengen,Supreme Court of Pakistan,2023-01-01,393,full_judgment,headnote_only,unknown
2020_SCMR_1664,2020 SCMR 1664,"Pakistan Railways Through Chairman, Islamabad v. Sajid Hussain",Supreme Court of Pakistan,2020-01-01,301,full_judgment,headnote_only,unknown
2023_SCMR_1516,2023 SCMR 1516,"Islamabad Electric Supply Company Limited (Iesco) v. The Appellate Tribunal Inland Revenue (H.Q), Islamabad",Supreme Court of Pakistan,2023-01-01,645,full_judgment,headnote_only,leave_refused
2020_SCMR_1672,2020 SCMR 1672,Hazrat Nabi Shah Alias Hazrat Khan v. The State,Supreme Court of Pakistan,2020-01-01,340,full_judgment,headnote_only,leave_refused
2023_SCMR_1669,2023 SCMR 1669,Zain Ali v. The State,Supreme Court of Pakistan,2023-01-01,528,full_judgment,headnote_only,unknown
2023_SCMR_1568,2023 SCMR 1568,Maskeen Ullah v. The State,Supreme Court of Pakistan,2023-01-01,796,full_judgment,headnote_only,leave_refused
2023_SCMR_1573,2023 SCMR 1573,Jalla v. Shell International Trading And Shipping Co. Ltd.,Supreme Court of Pakistan,2023-01-01,505,full_judgment,headnote_only,unknown
2020_SCMR_1675,2020 SCMR 1675,Khush Rang v. The State,Supreme Court of Pakistan,2020-01-01,328,full_judgment,headnote_only,unknown
2023_SCMR_1595,2023 SCMR 1595,"The Commissioner Of Income Tax, Companies Zone-Ii, New Income Tax Building, Shahrah-E-Kamal Attaturk, Karachi v. Pak Saudi Fertilizers Ltd., Karachi",Supreme Court of Pakistan,2023-01-01,423,full_judgment,headnote_only,unknown
2023_SCMR_1635,2023 SCMR 1635,Tassaduq Hussain Shah v. Allah Ditta Shah,Supreme Court of Pakistan,2023-01-01,508,full_judgment,headnote_only,unknown
2023_SCMR_1660,2023 SCMR 1660,Qazi Humayun v. Mst. Sabiha Qayum,Supreme Court of Pakistan,2023-01-01,477,full_judgment,headnote_only,unknown
2023_SCMR_1683,2023 SCMR 1683,"Market Committee, Multan v. Additional Commissioner (Consolidation), Multan",Supreme Court of Pakistan,2023-01-01,415,full_judgment,headnote_only,leave_refused
2023_SCMR_1691,2023 SCMR 1691,"Muhammad Yaseen v. Secretary, Ministry Of Interior And Narcotics Control, Narcotics Control Division, Islamabad",Supreme Court of Pakistan,2023-01-01,324,full_judgment,headnote_only,unknown
2020_SCMR_1689,2020 SCMR 1689,Government Of Balochistan Through Chief Secretary Quetta v. Dr. Muhammad Tariq Jafar,Supreme Court of Pakistan,2020-01-01,435,full_judgment,headnote_only,unknown
2023_SCMR_1694,2023 SCMR 1694,"Commissioner Of Income Tax, Companies Zone, Islamabad v. Fauji Foundation Limited",Supreme Court of Pakistan,2023-01-01,340,full_judgment,headnote_only,leave_refused
2023_SCMR_1698,2023 SCMR 1698,Atta Ul Mustafa v. The State,Supreme Court of Pakistan,2023-01-01,590,full_judgment,headnote_only,unknown
2023_SCMR_1703,2023 SCMR 1703,"Muhammad Yaseen v. Province Of Sindh Through Secretary Education And Literacy Department, Government Of Sindh At Karachi",Supreme Court of Pakistan,2023-01-01,434,full_judgment,headnote_only,unknown
2023_SCMR_1709,2023 SCMR 1709,State v. Tasnim Jalal Goraya (Deceased),Supreme Court of Pakistan,2023-01-01,488,full_judgment,headnote_only,unknown
2023_SCMR_1712,2023 SCMR 1712,Ch. Saeed Ahmed Khalil v. The State,Supreme Court of Pakistan,2023-01-01,394,full_judgment,headnote_only,unknown
2023_SCMR_1716,2023 SCMR 1716,"Collector Of Customs, Customs House, Lahore v. Wasim Radio Traders, Lahore",Supreme Court of Pakistan,2023-01-01,497,full_judgment,headnote_only,unknown
2023_SCMR_1724,2023 SCMR 1724,Allah Dewayo Shahani v. The State,Supreme Court of Pakistan,2023-01-01,316,full_judgment,headnote_only,appeal_dismissed
2023_SCMR_1773,2023 SCMR 1773,Muhammad Aziz Alias Mana v. The State,Supreme Court of Pakistan,2023-01-01,359,full_judgment,headnote_only,unknown
2023_SCMR_1776,2023 SCMR 1776,"Sindh Revenue Board Through Secretary Government Of Sindh, Karachi v. Quick Food Industries (Pvt.) Limited",Supreme Court of Pakistan,2023-01-01,372,full_judgment,headnote_only,unknown
2023_SCMR_1791,2023 SCMR 1791,Barkhurdar v. The State,Supreme Court of Pakistan,2023-01-01,406,full_judgment,headnote_only,unknown
2023_SCMR_1797,2023 SCMR 1797,"Commissioner Inland Revenue Zone-Iv, Large Taxpayer Unit, Karachi v. Al-Abid Silk Mills Ltd., A-39, Manghopir Road, Site, Karachi",Supreme Court of Pakistan,2023-01-01,394,full_judgment,headnote_only,unknown
2023_SCMR_1843,2023 SCMR 1843,Khalid Mehmood v. Chaklala Cantonment Board,Supreme Court of Pakistan,2023-01-01,370,full_judgment,headnote_only,unknown
2023_SCMR_1853,2023 SCMR 1853,Government Of Pakistan Through Secretary Interior v. Zia Ullah Khan,Supreme Court of Pakistan,2023-01-01,320,full_judgment,headnote_only,disposed_of
2023_SCMR_1898,2023 SCMR 1898,Saad Zia v. The State,Supreme Court of Pakistan,2023-01-01,448,full_judgment,headnote_only,unknown
2023_SCMR_1901,2023 SCMR 1901,Mohammad Boota (Deceased) v. Mst. Fatima,Supreme Court of Pakistan,2023-01-01,415,full_judgment,headnote_only,unknown
2023_SCMR_1914,2023 SCMR 1914,"Col. (Retd.) Subh Sadiq Malik v. The State Through Chairman, Nab, Islamabad",Supreme Court of Pakistan,2023-01-01,386,full_judgment,headnote_only,unknown
2023_SCMR_1919,2023 SCMR 1919,"Jameel Qadir v. Government Of Balochistan, Local Government, Rural Development And Agrovilles Department, Quetta",Supreme Court of Pakistan,2023-01-01,689,full_judgment,headnote_only,unknown
2022_SCMR_42,2022 SCMR 42,Muhammad Salman v. Naveed Anjum,Supreme Court of Pakistan,2022-01-01,668,full_judgment,headnote_only,unknown
2020_SCMR_1818,2020 SCMR 1818,Muhammad Sharif v. The State,Supreme Court of Pakistan,2020-01-01,359,full_judgment,headnote_only,unknown
2023_SCMR_1948,2023 SCMR 1948,Abdul Rasheed v. The State,Supreme Court of Pakistan,2023-01-01,450,full_judgment,headnote_only,unknown
2020_SCMR_1822,2020 SCMR 1822,"The Commissioner Inland Revenue, Zone-Iii, Rto-Ii, Lahore v. Hamza Nasir Wire",Supreme Court of Pakistan,2020-01-01,320,full_judgment,headnote_only,unknown
2023_SCMR_1951,2023 SCMR 1951,"Chief Minister Through Secretary Government Of Punjab, Irrigation Department, Lahore v. Muhammad Afzal Anjum Thor",Supreme Court of Pakistan,2023-01-01,324,full_judgment,headnote_only,leave_refused
2023_SCMR_1955,2023 SCMR 1955,"Sultan Ahmed v. Registrar, Balochistan High Court, Quetta",Supreme Court of Pakistan,2023-01-01,841,full_judgment,headnote_only,appeal_dismissed
2023_SCMR_1972,2023 SCMR 1972,"Collector Of Customs, Peshawar v. New Shinwari Ltd.",Supreme Court of Pakistan,2023-01-01,436,full_judgment,headnote_only,leave_refused
2023_SCMR_1977,2023 SCMR 1977,Zafar Nawaz v. The State,Supreme Court of Pakistan,2023-01-01,336,full_judgment,headnote_only,unknown
2020_SCMR_1844,2020 SCMR 1844,State Life Insurance Corporation Of Pakistan v. Mst. Begum Rashida Jamil,Supreme Court of Pakistan,2020-01-01,413,full_judgment,headnote_only,leave_refused
2023_SCMR_2012,2023 SCMR 2012,Hayat Muhammad v. Muhammad Riaz,Supreme Court of Pakistan,2023-01-01,471,full_judgment,headnote_only,unknown
2020_SCMR_1846,2020 SCMR 1846,"Director General Of Intelligence And Investigation, F.B.R., Islamabad v. Muhammad Aslam Khan",Supreme Court of Pakistan,2020-01-01,349,full_judgment,headnote_only,appeal_dismissed
2023_SCMR_2016,2023 SCMR 2016,Muhammad Hanif v. The State,Supreme Court of Pakistan,2023-01-01,788,full_judgment,headnote_only,unknown
2023_SCMR_2028,2023 SCMR 2028,"Abid Shahid Zuberi, Advocate Supreme Court Of Pakistan v. Federation Of Pakistan Through Secretary, Cabinet Division, Islamabad",Supreme Court of Pakistan,2023-01-01,381,full_judgment,headnote_only,unknown
2020_SCMR_1850,2020 SCMR 1850,Ibrar Hussain v. The State,Supreme Court of Pakistan,2020-01-01,345,full_judgment,headnote_only,unknown
2023_SCMR_2058,2023 SCMR 2058,Sheikh Humayun Nazir v. The State,Supreme Court of Pakistan,2023-01-01,737,full_judgment,headnote_only,unknown
2020_SCMR_1853,2020 SCMR 1853,"Ghous Bukhsh v. Commander (A&Q) Cholistan Rangers, Rahim Yar Khan",Supreme Court of Pakistan,2020-01-01,323,full_judgment,headnote_only,unknown
2023_SCMR_2070,2023 SCMR 2070,"Commissioner Inland Revenue, Chenab Zone, Rto, Faisalabad v. Rose Food Industries, Faisalabad",Supreme Court of Pakistan,2023-01-01,381,full_judgment,headnote_only,unknown
2023_SCMR_2075,2023 SCMR 2075,"Cantonment Board Peshawar, Peshawar Cantt. v. Raco Advertisers",Supreme Court of Pakistan,2023-01-01,458,full_judgment,headnote_only,appeal_allowed
2023_SCMR_2084,2023 SCMR 2084,"Commissioner Inland Revenue, Zone-I, Rto, Peshawar v. Ajmal Ali Shiraz Messrs Shiraz Restaurant, Peshawar",Supreme Court of Pakistan,2023-01-01,372,full_judgment,headnote_only,petition_dismissed
2023_SCMR_2087,2023 SCMR 2087,"Federal Public Service Commission Through Chairman, Islamabad v. Shiraz Manzoor",Supreme Court of Pakistan,2023-01-01,478,full_judgment,headnote_only,unknown
2023_SCMR_2096,2023 SCMR 2096,Abdul Nafey v. Muhammad Rafique,Supreme Court of Pakistan,2023-01-01,487,full_judgment,headnote_only,leave_refused
2020_SCMR_1862,2020 SCMR 1862,Muhammad Uzair Jamal v. The State,Supreme Court of Pakistan,2020-01-01,417,full_judgment,headnote_only,leave_refused
2023_SCMR_2103,2023 SCMR 2103,Shah Fakhr-E-Alam v. Mst. Shaukat Ara,Supreme Court of Pakistan,2023-01-01,351,full_judgment,headnote_only,unknown
2023_SCMR_2111,2023 SCMR 2111,"Manzar Abbas v. District Police Officer, Sargodha",Supreme Court of Pakistan,2023-01-01,548,full_judgment,headnote_only,leave_refused
2023_SCMR_2119,2023 SCMR 2119,Dr. Muhammad Saleem v. Government Of Balochistan,Supreme Court of Pakistan,2023-01-01,303,full_judgment,headnote_only,unknown
2023_SCMR_2122,2023 SCMR 2122,Noman Khaliq v. The State,Supreme Court of Pakistan,2023-01-01,321,full_judgment,headnote_only,unknown
2023_SCMR_2133,2023 SCMR 2133,Saif-Ur-Rehman v. Ijaz,Supreme Court of Pakistan,2023-01-01,352,full_judgment,headnote_only,unknown
2023_SCMR_2158,2023 SCMR 2158,Sheikh Muhammad Iftikhar Ahmad v. Faiz Ahmad,Supreme Court of Pakistan,2023-01-01,366,full_judgment,headnote_only,unknown
2020_SCMR_1966,2020 SCMR 1966,Khalid Naseer v. The State,Supreme Court of Pakistan,2020-01-01,352,full_judgment,headnote_only,leave_refused
2023_SCMR_2165,2023 SCMR 2165,"Mohammad Sibtain Khan v. Election Commission Of Pakistan Through Chief Election Commissioner, Islamabad",Supreme Court of Pakistan,2023-01-01,602,full_judgment,headnote_only,unknown
2020_SCMR_2055,2020 SCMR 2055,The Commissioner Inland Revenue v. The Secretary Revenue Division,Supreme Court of Pakistan,2020-01-01,305,full_judgment,headnote_only,unknown
2020_SCMR_2020,2020 SCMR 2020,Akhtar v. The State,Supreme Court of Pakistan,2020-01-01,547,full_judgment,headnote_only,unknown
2022_SCMR_77,2022 SCMR 77,"Secretary, Ministry Of Finance, Islamabad v. Tayyaba Halim Subhani",Supreme Court of Pakistan,2022-01-01,548,full_judgment,headnote_only,unknown
2022_SCMR_13,2022 SCMR 13,Mst. Hayat Bibi v. Alamzeb,Supreme Court of Pakistan,2022-01-01,511,full_judgment,headnote_only,appeal_allowed
2022_SCMR_18,2022 SCMR 18,Muhammad Akram v. The State,Supreme Court of Pakistan,2022-01-01,503,full_judgment,headnote_only,unknown
2022_SCMR_25,2022 SCMR 25,"Government Of The Punjab Through Secretary, Schools Education Department, Lahore v. Abdur Rehman",Supreme Court of Pakistan,2022-01-01,699,full_judgment,headnote_only,unknown
2020_SCMR_2029,2020 SCMR 2029,Mst. Kalsoom Begum v. Rizwan Shah,Supreme Court of Pakistan,2020-01-01,350,full_judgment,headnote_only,appeal_allowed
2022_SCMR_133,2022 SCMR 133,Niamatullah Khan Advocate v. Federation Of Pakistan,Supreme Court of Pakistan,2022-01-01,821,full_judgment,headnote_only,petition_dismissed
2020_SCMR_2037,2020 SCMR 2037,"Abdul Rehman Malik v. Synthia D. Ritchie, Americans National",Supreme Court of Pakistan,2020-01-01,547,full_judgment,headnote_only,appeal_dismissed
2022_SCMR_47,2022 SCMR 47,Moulvi Din Muhammad v. Bibi Shakira,Supreme Court of Pakistan,2022-01-01,333,full_judgment,headnote_only,appeal_allowed
2022_SCMR_152,2022 SCMR 152,Niamatullah Khan v. Federation Of Pakistan,Supreme Court of Pakistan,2022-01-01,555,full_judgment,headnote_only,unknown
2022_SCMR_406,2022 SCMR 406,Government Of Khyber Pakhtunkhwa v. Sher Aman,Supreme Court of Pakistan,2022-01-01,705,full_judgment,headnote_only,appeal_allowed
2022_SCMR_50,2022 SCMR 50,Zahid v. The State,Supreme Court of Pakistan,2022-01-01,409,full_judgment,headnote_only,leave_refused
2022_SCMR_55,2022 SCMR 55,Mushtaq Ul Aarifin v. Mumtaz Muhammad,Supreme Court of Pakistan,2022-01-01,626,full_judgment,headnote_only,appeal_allowed
2022_SCMR_64,2022 SCMR 64,Mst. Parveen (Deceased) v. Muhammad Pervaiz,Supreme Court of Pakistan,2022-01-01,885,full_judgment,headnote_only,unknown
2020_SCMR_2064,2020 SCMR 2064,"The Divisional Superintendent, Pakistan Railways, Rawalpindi v. Syed Irshad Ali Abid",Supreme Court of Pakistan,2020-01-01,390,full_judgment,headnote_only,appeal_allowed
2022_SCMR_189,2022 SCMR 189,"Principal Public School Sangota, Government Of Khyber Pakhtunkhwa v. Sarbiland",Supreme Court of Pakistan,2022-01-01,595,full_judgment,headnote_only,unknown
2020_SCMR_2068,2020 SCMR 2068,"Government Of Khyber Pakhtunkhwa, Workers Welfare Board v. Raheel Ali Gohar",Supreme Court of Pakistan,2020-01-01,431,full_judgment,headnote_only,unknown
2022_SCMR_201,2022 SCMR 201,"Syed Azam Shah v. Federation Of Pakistan Through Secretary Cabinet Division, Cabinet Secretariat, Islamabad",Supreme Court of Pakistan,2022-01-01,313,full_judgment,headnote_only,unknown
2020_SCMR_2084,2020 SCMR 2084,Amjad v. The State,Supreme Court of Pakistan,2020-01-01,312,full_judgment,headnote_only,unknown
2020_SCMR_2089,2020 SCMR 2089,Sidra Abbas v. The State,Supreme Court of Pakistan,2020-01-01,451,full_judgment,headnote_only,unknown
2020_SCMR_2096,2020 SCMR 2096,State v. Ahmad Omer Shaikh,Supreme Court of Pakistan,2020-01-01,626,full_judgment,headnote_only,unknown
2020_SCMR_2101,2020 SCMR 2101,Nasrullah Khan v. Mst. Khairunnisa,Supreme Court of Pakistan,2020-01-01,356,full_judgment,headnote_only,appeal_dismissed
2022_SCMR_219,2022 SCMR 219,Niamatullah Khan v. Federation Of Pakistan,Supreme Court of Pakistan,2022-01-01,350,full_judgment,headnote_only,unknown
2022_SCMR_238,2022 SCMR 238,Niamatullah Khan v. Federation Of Pakistan,Supreme Court of Pakistan,2022-01-01,438,full_judgment,headnote_only,unknown
2020_SCMR_2116,2020 SCMR 2116,Muhammad Javed v. The State,Supreme Court of Pakistan,2020-01-01,324,full_judgment,headnote_only,unknown
2020_SCMR_2122,2020 SCMR 2122,Application For Release Of Funds To Be Paid By Bahria Town To The Government Of Sindh Pursuant To Order Dated 21.3.2019 Vs,Supreme Court of Pakistan,2020-01-01,394,full_judgment,headnote_only,unknown
2020_SCMR_2129,2020 SCMR 2129,"Ajmir Shah v. The Inspector-General, Frontier Corps Khyber Pakhtunkhwa",Supreme Court of Pakistan,2020-01-01,654,full_judgment,headnote_only,leave_refused
2022_SCMR_284,2022 SCMR 284,Bahar Shah v. Manzoor Ahmad,Supreme Court of Pakistan,2022-01-01,1047,full_judgment,headnote_only,unknown
2022_SCMR_292,2022 SCMR 292,"Divisional Superintendent, Quetta Postal Division v. Muhammad Ibrahim",Supreme Court of Pakistan,2022-01-01,372,full_judgment,headnote_only,unknown
2022_SCMR_309,2022 SCMR 309,Jehangir v. Mst. Shams Sultana,Supreme Court of Pakistan,2022-01-01,341,full_judgment,headnote_only,appeal_allowed
2022_SCMR_317,2022 SCMR 317,Ajab Khan v. The State,Supreme Court of Pakistan,2022-01-01,513,full_judgment,headnote_only,leave_refused
2022_SCMR_321,2022 SCMR 321,Abdul Qadir v. Jahangir Khan,Supreme Court of Pakistan,2022-01-01,429,full_judgment,headnote_only,leave_refused
2020_SCMR_2143,2020 SCMR 2143,Ali Muhammad v. The State,Supreme Court of Pakistan,2020-01-01,600,full_judgment,headnote_only,appeal_dismissed
2020_SCMR_2147,2020 SCMR 2147,"Martin Dow Marker Ltd., Quetta v. Asadullah Khan",Supreme Court of Pakistan,2020-01-01,586,full_judgment,headnote_only,unknown
2022_SCMR_327,2022 SCMR 327,Senior Superintendent Of Police (Operations) v. Shahid Nazir,Supreme Court of Pakistan,2022-01-01,362,full_judgment,headnote_only,appeal_dismissed
2020_SCMR_2155,2020 SCMR 2155,Amjad Khan v. Muhammad Irshad (Deceased),Supreme Court of Pakistan,2020-01-01,459,full_judgment,headnote_only,unknown
2020_SCMR_2166,2020 SCMR 2166,"Fayyaz Hussain v. Federation Of Pakistan Through Secretary Ministry Of Interior, Islamabad",Supreme Court of Pakistan,2020-01-01,339,full_judgment,headnote_only,leave_refused
2022_SCMR_363,2022 SCMR 363,Muhammad Baqir v. The State,Supreme Court of Pakistan,2022-01-01,328,full_judgment,headnote_only,unknown
2022_SCMR_366,2022 SCMR 366,"Supreme Court Employees Co-Operative Housing Society, Islamabad v. Marshal Construction Management",Supreme Court of Pakistan,2022-01-01,627,full_judgment,headnote_only,unknown
2022_SCMR_399,2022 SCMR 399,Abdul Rehman v. Mst. Allah Wasai,Supreme Court of Pakistan,2022-01-01,443,full_judgment,headnote_only,appeal_allowed
2022_SCMR_426,2022 SCMR 426,"Fawad Ahmad Mukhtar v. Commissioner Inland Revenue (Zone-Ii),Regional Tax Office, Multan",Supreme Court of Pakistan,2022-01-01,426,full_judgment,headnote_only,unknown
2022_SCMR_448,2022 SCMR 448,"Bashir Ahmed Badini, D&Sj, Dera Allah Yar v. Hon'Ble Chairman And Member Of Administration Committee And Promotion Committee Of Hon'Ble High Court Of Balochistan",Supreme Court of Pakistan,2022-01-01,1116,full_judgment,headnote_only,unknown
2022_SCMR_472,2022 SCMR 472,Government Of Khyber Pakhtunkhwa v. Intizar Ali,Supreme Court of Pakistan,2022-01-01,342,full_judgment,headnote_only,unknown
2019_SCMR_46,2019 SCMR 46,"Government Of Khyber Pakhtunkhwa Through Secretary Local Government And Rural Development Department, Peshawar v. Lucky Cement Limited",Supreme Court of Pakistan,2019-01-01,466,full_judgment,headnote_only,appeal_dismissed
2022_SCMR_487,2022 SCMR 487,"Muhammad Shabbir v. Quaid-E-Azam University Through Vice-Chancellor, Islamabad",Supreme Court of Pakistan,2022-01-01,441,full_judgment,headnote_only,unknown
2022_SCMR_515,2022 SCMR 515,Salman Khan v. The State,Supreme Court of Pakistan,2022-01-01,351,full_judgment,headnote_only,unknown
2019_SCMR_57,2019 SCMR 57,"Agro Tractors (Private) Limited v. Fecto Belarus Tractors Limited, Karachi",Supreme Court of Pakistan,2019-01-01,302,full_judgment,headnote_only,appeal_dismissed
2022_SCMR_616,2022 SCMR 616,Dost Muhammad v. Mian Riaz Hussain,Supreme Court of Pakistan,2022-01-01,350,full_judgment,headnote_only,appeal_dismissed
2022_SCMR_528,2022 SCMR 528,Muhammad Zahid v. Province Of Sindh,Supreme Court of Pakistan,2022-01-01,359,full_judgment,headnote_only,unknown
2022_SCMR_544,2022 SCMR 544,Abdul Ghani v. The State,Supreme Court of Pakistan,2022-01-01,312,full_judgment,headnote_only,unknown
2022_SCMR_547,2022 SCMR 547,Gul Nawab v. The State,Supreme Court of Pakistan,2022-01-01,330,full_judgment,headnote_only,unknown
2019_SCMR_61,2019 SCMR 61,Sardar Masood Khan Luni v. Election Commission Of Pakistan,Supreme Court of Pakistan,2019-01-01,357,full_judgment,headnote_only,appeal_dismissed
2019_SCMR_79,2019 SCMR 79,Munir Ahmad v. The State,Supreme Court of Pakistan,2019-01-01,326,full_judgment,headnote_only,unknown
2022_SCMR_595,2022 SCMR 595,Sindh Irrigation And Drainage Authority v. Government Of Sindh,Supreme Court of Pakistan,2022-01-01,359,full_judgment,headnote_only,unknown
2019_SCMR_74,2019 SCMR 74,Moiz Abbas v. Mrs. Latifa,Supreme Court of Pakistan,2019-01-01,476,full_judgment,headnote_only,appeal_allowed
2019_SCMR_84,2019 SCMR 84,Taj Wali Shah v. Bakhti Zaman,Supreme Court of Pakistan,2019-01-01,523,full_judgment,headnote_only,unknown
2022_SCMR_627,2022 SCMR 627,"Capital Development Authority Through Chairman, Islamabad v. Shabir Hussain",Supreme Court of Pakistan,2022-01-01,565,full_judgment,headnote_only,unknown
2022_SCMR_640,2022 SCMR 640,Syed Hamad Raza v. The State,Supreme Court of Pakistan,2022-01-01,307,full_judgment,headnote_only,unknown
2022_SCMR_650,2022 SCMR 650,Munir Hussain v. Province Of Sindh,Supreme Court of Pakistan,2022-01-01,385,full_judgment,headnote_only,leave_refused
2022_SCMR_660,2022 SCMR 660,Syed Jawad Shah v. The State,Supreme Court of Pakistan,2022-01-01,350,full_judgment,headnote_only,unknown
2019_SCMR_101,2019 SCMR 101,"Space Telecom (Private) Limited, Lahore v. Pakistan Telecommunication Authority, Islamabad",Supreme Court of Pakistan,2019-01-01,678,full_judgment,headnote_only,leave_refused
2022_SCMR_663,2022 SCMR 663,Chaudhry Nadeem Sultan v. The State,Supreme Court of Pakistan,2022-01-01,352,full_judgment,headnote_only,unknown
2022_SCMR_667,2022 SCMR 667,Ch. Riaz Ahmad v. Munir Sultan Malik,Supreme Court of Pakistan,2022-01-01,573,full_judgment,headnote_only,appeal_dismissed
2022_SCMR_673,2022 SCMR 673,"Government Of Khyber Pakhtunkhwa Through Secretary Health, Civil Secretariat, Peshawar v. Dr. Liaqat Ali",Supreme Court of Pakistan,2022-01-01,319,full_judgment,headnote_only,unknown
2022_SCMR_676,2022 SCMR 676,Abdul Majid Afridi v. The State,Supreme Court of Pakistan,2022-01-01,489,full_judgment,headnote_only,leave_refused
2019_SCMR_118,2019 SCMR 118,Mian Shaukat Ali v. Punjab Public Service Commission,Supreme Court of Pakistan,2019-01-01,354,full_judgment,headnote_only,unknown
2022_SCMR_690,2022 SCMR 690,Muhammad Sadiq v. The State,Supreme Court of Pakistan,2022-01-01,403,full_judgment,headnote_only,leave_refused
2022_SCMR_694,2022 SCMR 694,"Uzma Manzoor v. Vice-Chancellor Khushal Khan Khattak University, Karak",Supreme Court of Pakistan,2022-01-01,403,full_judgment,headnote_only,unknown
2022_SCMR_703,2022 SCMR 703,Pir Fazal Rabbani v. Ghulam Akbar,Supreme Court of Pakistan,2022-01-01,518,full_judgment,headnote_only,appeal_dismissed
2019_SCMR_137,2019 SCMR 137,Mian Zia Ur Rehman v. Syed Nadir Ali Shah,Supreme Court of Pakistan,2019-01-01,316,full_judgment,headnote_only,appeal_dismissed
2022_SCMR_722,2022 SCMR 722,Islamabad Electric Supply Company Ltd. (Iesco) v. Commissioner Inland Revenue Islamabad,Supreme Court of Pakistan,2022-01-01,365,full_judgment,headnote_only,unknown
2019_SCMR_143,2019 SCMR 143,Darnley v. Croydon Health Services Nhs Trust,Supreme Court of Pakistan,2019-01-01,1058,full_judgment,headnote_only,unknown
2019_SCMR_158,2019 SCMR 158,"Dewan Khalid Textile Mills Ltd. v. Commissioner Of Income Tax (Legal Division), Large Taxpayers Unit, Karachi",Supreme Court of Pakistan,2019-01-01,597,full_judgment,headnote_only,appeal_allowed
2022_SCMR_745,2022 SCMR 745,"Usman Ghani v. The Chief Post Master, Gpo Karachi",Supreme Court of Pakistan,2022-01-01,384,full_judgment,headnote_only,unknown
2019_SCMR_165,2019 SCMR 165,"Jacques Chagnon, In His Capacity As President Of The National Assembly Of Québec v. Syndicat De La Fonction Publique Et Parapublique Du Québec",Supreme Court of Pakistan,2019-01-01,1142,full_judgment,headnote_only,unknown
2019_SCMR_221,2019 SCMR 221,Pakistan Olympic Association v. Nadeem Aftab Sindhu,Supreme Court of Pakistan,2019-01-01,701,full_judgment,headnote_only,unknown
2022_SCMR_759,2022 SCMR 759,Province Of Punjab Through Do(R) Sheikhupura v. Javed Akbar,Supreme Court of Pakistan,2022-01-01,625,full_judgment,headnote_only,unknown
2012_SCMR_1267,2012 SCMR 1267,"C.V. ""Lemon Bay"" v. Sadruddin",Supreme Court of Pakistan,2012-01-01,585,full_judgment,headnote_only,unknown
2012_SCMR_1651,2012 SCMR 1651,Raja Mujahid Muzaffar v. Federation Of Pakistan,Supreme Court of Pakistan,2012-01-01,1229,full_judgment,headnote_only,unknown
2012_SCMR_1685,2012 SCMR 1685,Dr. Muhammad Riaz Akhtar Alias Dr. Shahid v. The State,Supreme Court of Pakistan,2012-01-01,342,full_judgment,headnote_only,unknown
2012_SCMR_1273,2012 SCMR 1273,Ikram-Ul-Haq v. Raja Naveed Sabir,Supreme Court of Pakistan,2012-01-01,412,full_judgment,headnote_only,appeal_dismissed
2012_SCMR_1691,2012 SCMR 1691,Muhammad Abid v. The State,Supreme Court of Pakistan,2012-01-01,363,full_judgment,headnote_only,unknown
2012_SCMR_1698,2012 SCMR 1698,"Collector Of Customs, Lahore v. Mrs. Shahida Anwar",Supreme Court of Pakistan,2012-01-01,436,full_judgment,headnote_only,appeal_dismissed
2012_SCMR_1700,2012 SCMR 1700,Ch. Liaquat Ali v. Province Of Punjab,Supreme Court of Pakistan,2012-01-01,636,full_judgment,headnote_only,unknown
2012_SCMR_1725,2012 SCMR 1725,Muhammad Safdar v. Punjab Land Commission Through Secretary,Supreme Court of Pakistan,2012-01-01,757,full_judgment,headnote_only,unknown
2012_SCMR_1732,2012 SCMR 1732,Sanjay Chandra v. Central Bureau Of Investigation,Supreme Court of Pakistan,2012-01-01,989,full_judgment,headnote_only,unknown
2012_SCMR_1784,2012 SCMR 1784,President Balochistan High Court Bar Association v. Federation Of Pakistan,Supreme Court of Pakistan,2012-01-01,543,full_judgment,headnote_only,unknown
2012_SCMR_1400,2012 SCMR 1400,Om Prakash v. The State,Supreme Court of Pakistan,2012-01-01,541,full_judgment,headnote_only,appeal_allowed
2012_SCMR_1719,2012 SCMR 1719,Muhammad Saleem v. Province Of Punjab Through Collector/Do(R) T.T. Singh,Supreme Court of Pakistan,2012-01-01,600,full_judgment,headnote_only,appeal_allowed
2012_SCMR_1860,2012 SCMR 1860,"Paramount Spinning Mills Ltd. v. Customs, Sales Tax And Central Excise Appellate Tribunal",Supreme Court of Pakistan,2012-01-01,531,full_judgment,headnote_only,unknown
2012_SCMR_1549,2012 SCMR 1549,Municipal Corporation Of Delhi v. Association Of Victims Of Uphaar Tragedy,Supreme Court of Pakistan,2012-01-01,487,full_judgment,headnote_only,unknown
2012_SCMR_1881,2012 SCMR 1881,E.N.E. Kos 1 Limited v. Petroleo Brasileiro S.A.,Supreme Court of Pakistan,2012-01-01,1269,full_judgment,headnote_only,appeal_allowed
2012_SCMR_1936,2012 SCMR 1936,Hasil Khan v. The State,Supreme Court of Pakistan,2012-01-01,594,full_judgment,headnote_only,unknown
2012_SCMR_1428,2012 SCMR 1428,"Farid Company (Pvt.) Ltd. v. Vice-Commissioner, Pessi",Supreme Court of Pakistan,2012-01-01,427,full_judgment,headnote_only,appeal_dismissed
2012_SCMR_1945,2012 SCMR 1945,Muhammad Yousaf Butt v. P.C. Abdul Lateef Shar,Supreme Court of Pakistan,2012-01-01,411,full_judgment,headnote_only,unknown
2012_SCMR_1442,2012 SCMR 1442,R v. Gnango,Supreme Court of Pakistan,2012-01-01,317,full_judgment,headnote_only,unknown
2011_SCMR_131,2011 SCMR 131,Khaliq Hussain v. The State,Supreme Court of Pakistan,2011-01-01,362,full_judgment,headnote_only,leave_refused
2012_SCMR_1955,2012 SCMR 1955,Pur Bux v. The State,Supreme Court of Pakistan,2012-01-01,349,full_judgment,headnote_only,unknown
2012_SCMR_1539,2012 SCMR 1539,"Mehmood Hussain v. Presiding Officer, Punjab Labour Court",Supreme Court of Pakistan,2012-01-01,477,full_judgment,headnote_only,appeal_allowed
2011_SCMR_118,2011 SCMR 118,"Mst. Sumaira Gul v. Land Acquisition Collector G.S.C. Wapda, Peshawar",Supreme Court of Pakistan,2011-01-01,353,full_judgment,headnote_only,appeal_allowed
2011_SCMR_136,2011 SCMR 136,Khalid Aziz v. The State,Supreme Court of Pakistan,2011-01-01,403,full_judgment,headnote_only,appeal_allowed
2012_SCMR_1694,2012 SCMR 1694,University Of Karachi v. Tariq Hussain,Supreme Court of Pakistan,2012-01-01,398,full_judgment,headnote_only,appeal_dismissed
2012_SCMR_1931,2012 SCMR 1931,Mst. Fakhra Begum v. Mst. Sadia Ashraf,Supreme Court of Pakistan,2012-01-01,463,full_judgment,headnote_only,appeal_allowed
2011_SCMR_442,2011 SCMR 442,Engineer Hafeezullah v. C.E.O. (Ptcl),Supreme Court of Pakistan,2011-01-01,366,full_judgment,headnote_only,leave_refused
2011_SCMR_371,2011 SCMR 371,Prime Minister Inspection Team National Highway Authority v. Zaheer Mirza,Supreme Court of Pakistan,2011-01-01,348,full_judgment,headnote_only,unknown
2011_SCMR_379,2011 SCMR 379,Zulfiqar Hussain v. The State,Supreme Court of Pakistan,2011-01-01,423,full_judgment,headnote_only,disposed_of
2012_SCMR_1950,2012 SCMR 1950,President Balochistan High Court Bar Association v. Federation Of Pakistan,Supreme Court of Pakistan,2012-01-01,434,full_judgment,headnote_only,unknown
2011_SCMR_474,2011 SCMR 474,Muhammad Saleem v. Muhammad Azan,Supreme Court of Pakistan,2011-01-01,418,full_judgment,headnote_only,leave_refused
2011_SCMR_487,2011 SCMR 487,Major (Retd.) Ahsan-Ul-Haque v. Muhammad Ejaz,Supreme Court of Pakistan,2011-01-01,343,full_judgment,headnote_only,petition_allowed
2011_SCMR_621,2011 SCMR 621,Sultan Ahmad v. Muhammad Yousuf,Supreme Court of Pakistan,2011-01-01,310,full_judgment,headnote_only,unknown
2011_SCMR_664,2011 SCMR 664,Khalid Mehmood v. The State,Supreme Court of Pakistan,2011-01-01,360,full_judgment,headnote_only,unknown
2011_SCMR_593,2011 SCMR 593,Ahmad Nawaz v. The State,Supreme Court of Pakistan,2011-01-01,813,full_judgment,headnote_only,leave_granted
2011_SCMR_753,2011 SCMR 753,Muhammad Akbar v. Muhammad Anwar,Supreme Court of Pakistan,2011-01-01,312,full_judgment,headnote_only,leave_refused
2011_SCMR_563,2011 SCMR 563,Sabir Ali Alias Fauji v. The State,Supreme Court of Pakistan,2011-01-01,404,full_judgment,headnote_only,leave_granted
2011_SCMR_713,2011 SCMR 713,Ansar Mehmood v. Abdul Khaliq,Supreme Court of Pakistan,2011-01-01,416,full_judgment,headnote_only,appeal_allowed
2011_SCMR_788,2011 SCMR 788,Saleem Ullah Khan v. Shahid Hamid,Supreme Court of Pakistan,2011-01-01,331,full_judgment,headnote_only,disposed_of
2011_SCMR_877,2011 SCMR 877,Muhammad Akram Rahi v. The State,Supreme Court of Pakistan,2011-01-01,508,full_judgment,headnote_only,leave_granted
2011_SCMR_888,2011 SCMR 888,Muhammad Sadiq v. The State,Supreme Court of Pakistan,2011-01-01,307,full_judgment,headnote_only,leave_granted
2011_SCMR_683,2011 SCMR 683,Ghulam Shabbir Ahmed v. The State,Supreme Court of Pakistan,2011-01-01,405,full_judgment,headnote_only,appeal_dismissed
2011_SCMR_929,2011 SCMR 929,Ali Sher v. The State,Supreme Court of Pakistan,2011-01-01,444,full_judgment,headnote_only,disposed_of
2011_SCMR_941,2011 SCMR 941,Abdul Majeed v. The State,Supreme Court of Pakistan,2011-01-01,318,full_judgment,headnote_only,leave_granted
2011_SCMR_977,2011 SCMR 977,Central Board Of Revenue (Now F.B.R.) v. Reckitt Benckiser Pakistan Ltd.,Supreme Court of Pakistan,2011-01-01,344,full_judgment,headnote_only,unknown
2011_SCMR_743,2011 SCMR 743,Syed Muhammad Hussain Shah v. Abdul Qayyum,Supreme Court of Pakistan,2011-01-01,483,full_judgment,headnote_only,unknown
2011_SCMR_962,2011 SCMR 962,Reference No. 1 Of 2011 Vs,Supreme Court of Pakistan,2011-01-01,438,full_judgment,headnote_only,unknown
2011_SCMR_1009,2011 SCMR 1009,Mubashir Ahmad v. Syed Muhammad Shah,Supreme Court of Pakistan,2011-01-01,346,full_judgment,headnote_only,unknown
2011_SCMR_1013,2011 SCMR 1013,State Life Insurance Corporation Of Pakistan v. Javaid Iqbal,Supreme Court of Pakistan,2011-01-01,375,full_judgment,headnote_only,unknown
2007_PLD_302,PLD 2007 SC 302,Mian Pir Muhammad and another v. Faqir Muhammad through L.Rs.,Supreme Court of Pakistan,2007,265,headnote_only,headnote_only,appeal_dismissed
1986_PLD_275,1986 PLD 275,Azam Khan v. Azad Khan -  Lahore-High-Court-Lahore,Court of Record,1986-01-01,211,headnote_only,headnote_only,unknown
1986_PLD_279,1986 PLD 279,Nazeer Ahmad v. Hussain Bibi -  Lahore-High-Court-Lahore,Court of Record,1986-01-01,269,headnote_only,headnote_only,unknown
1986_PLD_280,1986 PLD 280,Abdur Rashid v. Member Board Of Revenue Baluchistan -  Quetta-High-Court-Balochistan,Court of Record,1986-01-01,244,headnote_only,headnote_only,remanded
1986_PLD_282,1986 PLD 282,Vs -  Federal-Shariat-Court,Court of Record,1986-01-01,31,headnote_only,headnote_only,unknown
1986_PLD_283,1986 PLD 283,Rehmat Ali Khokar v. Sardaran Bibi -  Lahore-High-Court-Lahore,Court of Record,1986-01-01,174,headnote_only,headnote_only,unknown
1986_PLD_301,1986 PLD 301,Nazar Muhammad Khan v. Pakistan -  Karachi-High-Court-Sindh,Court of Record,1986-01-01,224,headnote_only,headnote_only,unknown
1986_PLD_306,1986 PLD 306,Kamaluddin v. Ahmad Ali Kazmi,Court of Record,1986-01-01,142,headnote_only,headnote_only,unknown
1986_PLD_309,1986 PLD 309,Barkatuallah Khan v. Muhammad Hasan -  Karachi-High-Court-Sindh,Court of Record,1986-01-01,162,headnote_only,headnote_only,unknown
1986_PLD_330,1986 PLD 330,Begum Zaheerul Haq v. Muhammad Younus,Court of Record,1986-01-01,136,headnote_only,headnote_only,unknown
1986_PLD_332,1986 PLD 332,Muhammad Rafique v. Faqir Muhammad,Court of Record,1986-01-01,284,headnote_only,headnote_only,leave_granted
1986_PLD_343,1986 PLD 343,Zafar Iqbal v. Deputy Commissioner,Court of Record,1986-01-01,191,headnote_only,headnote_only,leave_granted
1986_PLD_344,1986 PLD 344,Suleman v. Karim,Court of Record,1986-01-01,137,headnote_only,headnote_only,unknown
1986_PLD_347,1986 PLD 347,The State v. Abdul Wahid -  Karachi-High-Court-Sindh,Court of Record,1986-01-01,142,headnote_only,headnote_only,unknown
1986_PLD_348,1986 PLD 348,Aftab Ali v. The State -  Karachi-High-Court-Sindh,Court of Record,1986-01-01,124,headnote_only,headnote_only,unknown
1986_PLD_349,1986 PLD 349,Imdad Ali Khan v. Pakistan,Court of Record,1986-01-01,275,headnote_only,headnote_only,leave_granted
1986_PLD_351,1986 PLD 351,Ibrahim Abdul Rehman Muhammad v. The State -  Karachi-High-Court-Sindh,Court of Record,1986-01-01,205,headnote_only,headnote_only,unknown
1986_PLD_353,1986 PLD 353,Abu Bakar Khan v. Qamruddin,Court of Record,1986-01-01,84,headnote_only,headnote_only,unknown
1986_PLD_355,1986 PLD 355,The State v. Piass Ali -  Karachi-High-Court-Sindh,Court of Record,1986-01-01,261,headnote_only,headnote_only,unknown
1986_PLD_358,1986 PLD 358,Mobinul Haq Siddiqi v. Miss Hajra Farooqi -  Karachi-High-Court-Sindh,Court of Record,1986-01-01,272,headnote_only,headnote_only,unknown
1986_PLD_371,1986 PLD 371,"Wurttembergische Parfumerie Gmbh v. Assistant Registrar (I) Of Trade Marks, Government Of Pakistan",Court of Record,1986-01-01,90,headnote_only,headnote_only,unknown
1986_PLD_373,1986 PLD 373,Sikandar & Brothers v. Government Of Pakistan -  Karachi-High-Court-Sindh,Court of Record,1986-01-01,274,headnote_only,headnote_only,unknown
1986_PLD_381,1986 PLD 381,Abdul Waris v. Javed Hanif -  Lahore-High-Court-Lahore,Court of Record,1986-01-01,127,headnote_only,headnote_only,unknown
1986_PLD_385,1986 PLD 385,Dilbar v. The State,Court of Record,1986-01-01,193,headnote_only,headnote_only,unknown
1986_PLD_386,1986 PLD 386,Lahore Municipal Corporation v. D.P. Edulji -  Lahore-High-Court-Lahore,Court of Record,1986-01-01,194,headnote_only,headnote_only,unknown
1986_PLD_391,1986 PLD 391,Qasim Al v. Zulfiqar Ali -  Lahore-High-Court-Lahore,Court of Record,1986-01-01,196,headnote_only,headnote_only,unknown
1977_PLD_1077,1977 PLD 1077,Nusrat Elahi v. Chairman Board Of Intermediate And Secondary Education Lahore -  Lahore-High-Court-Lahore,Court of Record,1977-01-01,121,headnote_only,headnote_only,unknown
1986_PLD_399,1986 PLD 399,Zafar Ahma v. Hajran Bibi -  Lahore-High-Court-Lahore,Court of Record,1986-01-01,221,headnote_only,headnote_only,unknown
1986_PLD_407,1986 PLD 407,M. S. Baroba v. Manzoor Ahmed -  Karachi-High-Court-Sindh,Court of Record,1986-01-01,186,headnote_only,headnote_only,unknown
1983_PLD_6,1983 PLD 6,Vs -  Supreme-Court-Azad-Kashmir,Court of Record,1983-01-01,31,headnote_only,headnote_only,unknown
1986_PLD_409,1986 PLD 409,"Federation Of Pakistan v. Standard Insurance Company Ltd., Karachi -  Karachi-High-Court-Sindh",Court of Record,1986-01-01,79,headnote_only,headnote_only,unknown
1986_PLD_418,1986 PLD 418,Tariq v. The State -  Lahore-High-Court-Lahore,Court of Record,1986-01-01,279,headnote_only,headnote_only,unknown
1986_PLD_437,1986 PLD 437,Muhammad Hanif v. The State -  Karachi-High-Court-Sindh,Court of Record,1986-01-01,173,headnote_only,headnote_only,unknown
1986_PLD_444,1986 PLD 444,Bilqees Fatima v. Abdul Razzaq -  Karachi-High-Court-Sindh,Court of Record,1986-01-01,145,headnote_only,headnote_only,unknown
1986_PLD_446,1986 PLD 446,Asif Anwar v. Nishibe Kaike Manufacturing Company Ltd,Court of Record,1986-01-01,185,headnote_only,headnote_only,appeal_dismissed
2011_PLD_490,2011 PLD 490,"Ashiq Hussain Sabri v. Secretary Health, Government Of The Punjab",Court of Record,2011-01-01,219,headnote_only,headnote_only,appeal_dismissed
2011_PLD_512,2011 PLD 512,Khalil-Ur-Rehman v. Dr. Manzoor Ahmed,Court of Record,2011-01-01,206,headnote_only,headnote_only,unknown
2011_PLD_516,2011 PLD 516,Ghulam Shabbir v. Muhammad Munir Abbasi,Court of Record,2011-01-01,178,headnote_only,headnote_only,unknown
2011_PLD_511,2011 PLD 511,Muhammad Tanveer v. Muhammad Jamil,Court of Record,2011-01-01,231,headnote_only,headnote_only,unknown
2011_PLD_520,2011 PLD 520,Mst. Niaz Bibi v. Ghulam Mustafa,Court of Record,2011-01-01,287,headnote_only,headnote_only,unknown
2011_PLD_531,2011 PLD 531,Muhammad Nawaz Sheikh v. Manzar Hassan,Court of Record,2011-01-01,272,headnote_only,headnote_only,unknown
2011_PLD_542,2011 PLD 542,Asif S. Sajan v. Rehan Associates,Court of Record,2011-01-01,279,headnote_only,headnote_only,unknown
1977_PLD_1079,1977 PLD 1079,Ataullah Jahanis v. Abdul Ghani Ghuman -  Lahore-High-Court-Lahore,Court of Record,1977-01-01,116,headnote_only,headnote_only,unknown
2011_PLD_550,2011 PLD 550,"Province Of Punjab Through District Officer (Revenue), District Collector, Kasur v. Border Area Committee Through Chairman",Court of Record,2011-01-01,267,headnote_only,headnote_only,unknown
2011_PLD_555,2011 PLD 555,"Muhammad Abdullah Riaz v. University Of Health Sciences (Uhs), Lahore",Court of Record,2011-01-01,283,headnote_only,headnote_only,petition_dismissed
1985_PLD_54,1985 PLD 54,Sharaf Khatoon v. Abdul Majeed -  Quetta-High-Court-Balochistan,Court of Record,1985-01-01,147,headnote_only,headnote_only,unknown
1985_PLD_55,1985 PLD 55,Vs -  Supreme-Court-Azad-Kashmir,Court of Record,1985-01-01,31,headnote_only,headnote_only,unknown
1985_PLD_56,1985 PLD 56,Vs -  Supreme-Court-Azad-Kashmir,Court of Record,1985-01-01,31,headnote_only,headnote_only,unknown
1985_PLD_60,1985 PLD 60,Vs -  Supreme-Court-Azad-Kashmir,Court of Record,1985-01-01,31,headnote_only,headnote_only,unknown
1985_PLD_61,1985 PLD 61,Vs -  Supreme-Court-Azad-Kashmir,Court of Record,1985-01-01,31,headnote_only,headnote_only,unknown
1985_PLD_62,1985 PLD 62,Vs -  Supreme-Court-Azad-Kashmir,Court of Record,1985-01-01,31,headnote_only,headnote_only,unknown
2011_PLD_671,2011 PLD 671,"Sindh High Court Bar Association Through Secretary v. Federation Of Pakistan Through Secretary, Ministry Of Law And Justice, Islamabad - Rashid A. Rizvi, Muhammad Akram Sheikh , Sardar Muhammad Latif Khan Khosa",Court of Record,2011-01-01,295,headnote_only,headnote_only,unknown
2011_PLD_796,2011 PLD 796,Faqir Muhammad v. The State,Court of Record,2011-01-01,222,headnote_only,headnote_only,appeal_allowed
1986_PLD_477,1986 PLD 477,Zulfiqar Ahmad v. The State,Court of Record,1986-01-01,175,headnote_only,headnote_only,leave_granted
1983_PLD_7,1983 PLD 7,Vs -  Supreme-Court-Azad-Kashmir,Court of Record,1983-01-01,31,headnote_only,headnote_only,unknown
2011_PLD_961,2011 PLD 961,Ch. Muhammad Ilyas Gujjar v. Chief Election Commissioner Of Pakistan,Court of Record,2011-01-01,259,headnote_only,headnote_only,unknown
1986_PLD_497,1986 PLD 497,Muhammad Yaqub v. Muhammad Nasrullah Khan,Court of Record,1986-01-01,88,headnote_only,headnote_only,unknown
1985_PLD_77,1985 PLD 77,Vs -  Supreme-Court-Azad-Kashmir,Court of Record,1985-01-01,31,headnote_only,headnote_only,unknown
2010_PLD_1,2010 PLD 1,"Ameen General Enterprises Through Managing Director v. Azad Jammu And Kashmir Govenrment Through Chief Secretary, Muzaffarabad",Court of Record,2010-01-01,278,headnote_only,headnote_only,unknown
2010_PLD_4,2010 PLD 4,"Chairman, Evacuee Trust Property Board, Government Of Pakistan, Lahore v. President Of Quetta Hindu Punchayat Masjid Road, Quetta",Court of Record,2010-01-01,272,headnote_only,headnote_only,revision_dismissed
2010_PLD_7,2010 PLD 7,Aurangzaib Shah Alias Aurang Shah v. The State,Court of Record,2010-01-01,246,headnote_only,headnote_only,disposed_of
1986_PLD_560,1986 PLD 560,S. M. Rehmatullah v. The State -  Karachi-High-Court-Sindh,Court of Record,1986-01-01,105,headnote_only,headnote_only,remanded
1986_PLD_447,1986 PLD 447,Compagine Continental (France) S. A. v. Pakistan National Shipping Corporation,Court of Record,1986-01-01,105,headnote_only,headnote_only,unknown
2010_PLD_19,2010 PLD 19,Sikandar Hayat v. Hasina Sheikh,Court of Record,2010-01-01,242,headnote_only,headnote_only,unknown
2010_PLD_30,2010 PLD 30,Muhammad Azam Alias Aslam v. The State,Court of Record,2010-01-01,240,headnote_only,headnote_only,unknown
1986_PLD_452,1986 PLD 452,United Distributors Ltd. v. Monopoly Control Authority -  Karachi-High-Court-Sindh,Court of Record,1986-01-01,245,headnote_only,headnote_only,unknown
1986_PLD_473,1986 PLD 473,Bijan Mubashar v. The State -  Karachi-High-Court-Sindh,Court of Record,1986-01-01,173,headnote_only,headnote_only,remanded
1986_PLD_476,1986 PLD 476,"Abdul Razzak v. Abdul Rauf - , Munawar Abbas Karachi-High-Court-Sindh",Court of Record,1986-01-01,197,headnote_only,headnote_only,unknown
1986_PLD_561,1986 PLD 561,Rustam v. The State,Court of Record,1986-01-01,98,headnote_only,headnote_only,unknown
1986_PLD_481,1986 PLD 481,Muhammad Zulfiqar v. The State,Court of Record,1986-01-01,282,headnote_only,headnote_only,leave_granted
1986_PLD_483,1986 PLD 483,Kanwar Ijaz Ali v. Irshad Ali,Court of Record,1986-01-01,268,headnote_only,headnote_only,unknown
1986_PLD_487,1986 PLD 487,Muhammad Abdullah v. Abdul Wakil,Court of Record,1986-01-01,156,headnote_only,headnote_only,unknown
1986_PLD_499,1986 PLD 499,A. Ismailjee & Sons Ltd v. Pakistan,Court of Record,1986-01-01,224,headnote_only,headnote_only,unknown
1986_PLD_516,1986 PLD 516,Nazar Muhammad Khan v. Pakistan -  Karachi-High-Court-Sindh,Court of Record,1986-01-01,110,headnote_only,headnote_only,unknown
1986_PLD_519,1986 PLD 519,Muhammad Shaf v. Allah Dad Khan,Court of Record,1986-01-01,188,headnote_only,headnote_only,unknown
1986_PLD_525,1986 PLD 525,Abdul Ghaffar Lakhani v. Federal Government Of Pakistan -  Karachi-High-Court-Sindh,Court of Record,1986-01-01,255,headnote_only,headnote_only,unknown
1986_PLD_563,1986 PLD 563,National Insurance Corporation v. Juma Khan -  Karachi-High-Court-Sindh,Court of Record,1986-01-01,158,headnote_only,headnote_only,unknown
1986_PLD_539,1986 PLD 539,Aisha Khanum v. Ehsanullah Khan,Court of Record,1986-01-01,234,headnote_only,headnote_only,leave_granted
1986_PLD_542,1986 PLD 542,Muhammad Asgha v. Shah Muhammad Awan,Court of Record,1986-01-01,132,headnote_only,headnote_only,unknown
1986_PLD_550,1986 PLD 550,The State v. Afaq Ali,Court of Record,1986-01-01,213,headnote_only,headnote_only,unknown
1986_PLD_556,1986 PLD 556,Commissioner Of Income-Tax East Zone Karachi v. Iqbal Engineering Works,Court of Record,1986-01-01,143,headnote_only,headnote_only,unknown
1986_PLD_564,1986 PLD 564,Abu Dawood Muhammad Sadiq v. Registration Officer,Court of Record,1986-01-01,238,headnote_only,headnote_only,unknown
1986_PLD_567,1986 PLD 567,Muhammad Riaz v. The State -  Karachi-High-Court-Sindh,Court of Record,1986-01-01,137,headnote_only,headnote_only,unknown
1986_PLD_570,1986 PLD 570,Alley Hassan v. The State -  Karachi-High-Court-Sindh,Court of Record,1986-01-01,162,headnote_only,headnote_only,unknown
1986_PLD_616,1986 PLD 616,Pakistan Industrial Development Corporation v. Nizamuddin -  Karachi-High-Court-Sindh,Court of Record,1986-01-01,115,headnote_only,headnote_only,unknown
1986_PLD_621,1986 PLD 621,Husna v. Mushtaq Ali -  Karachi-High-Court-Sindh,Court of Record,1986-01-01,165,headnote_only,headnote_only,remanded
1986_PLD_623,1986 PLD 623,"Khushi Muhammad v. Chief Land Commissioner, Sindh -  Karachi-High-Court-Sindh",Court of Record,1986-01-01,267,headnote_only,headnote_only,disposed_of
1986_PLD_629,1986 PLD 629,"Gul Khan v. The State - , Zawar Hussain Jafferi, A. A.-G. Karachi-High-Court-Sindh",Court of Record,1986-01-01,187,headnote_only,headnote_only,unknown
1986_PLD_633,1986 PLD 633,"Fakir Muhammad v. Meeran Bux - , Shaikh Ayaz Karachi-High-Court-Sindh",Court of Record,1986-01-01,108,headnote_only,headnote_only,unknown
1986_PLD_637,1986 PLD 637,Manzoor Ahmad v. Karim Bux -  Karachi-High-Court-Sindh,Court of Record,1986-01-01,221,headnote_only,headnote_only,unknown
1986_PLD_646,1986 PLD 646,Wazir v. The State -  Karachi-High-Court-Sindh,Court of Record,1986-01-01,189,headnote_only,headnote_only,unknown
1986_PLD_648,1986 PLD 648,Noor Ahmad Alias Shishoo v. Station House Officer -  Karachi-High-Court-Sindh,Court of Record,1986-01-01,213,headnote_only,headnote_only,unknown
1986_PLD_684,1986 PLD 684,Vs,Court of Record,1986-01-01,199,headnote_only,headnote_only,leave_granted
1985_PLD_78,1985 PLD 78,Muhammad Sarwar v. Niaz Ahmad -  Lahore-High-Court-Lahore,Court of Record,1985-01-01,195,headnote_only,headnote_only,unknown
1986_PLD_717,1986 PLD 717,Muhammad Khan v. Abdul Khaliq,Court of Record,1986-01-01,124,headnote_only,headnote_only,unknown
1986_PLD_731,1986 PLD 731,Commissioner Of Sales Tax v. Shaiq Corporation Limited,Court of Record,1986-01-01,231,headnote_only,headnote_only,leave_granted
1986_PLD_737,1986 PLD 737,Rashid Ahmad v. Asghar Ali,Court of Record,1986-01-01,212,headnote_only,headnote_only,unknown
1985_PLD_1,1985 PLD 1,Vs -  Supreme-Court-Azad-Kashmir,Court of Record,1985-01-01,31,headnote_only,headnote_only,unknown
1985_PLD_4,1985 PLD 4,The Stat v. Khaliq Dad -  Karachi-High-Court-Sindh,Court of Record,1985-01-01,116,headnote_only,headnote_only,unknown
1985_PLD_6,1985 PLD 6,Vs -  Federal-Shariat-Court,Court of Record,1985-01-01,31,headnote_only,headnote_only,unknown
1985_PLD_8,1985 PLD 8,Vs -  Federal-Shariat-Court,Court of Record,1985-01-01,31,headnote_only,headnote_only,unknown
1985_PLD_24,1985 PLD 24,Vs -  Supreme-Court-Azad-Kashmir,Court of Record,1985-01-01,31,headnote_only,headnote_only,unknown
1985_PLD_27,1985 PLD 27,The State v. Aziz -  Karachi-High-Court-Sindh,Court of Record,1985-01-01,275,headnote_only,headnote_only,unknown
1985_PLD_28,1985 PLD 28,Govt. Of The Punjab v. Ijaz Hasan Qureshi,Court of Record,1985-01-01,203,headnote_only,headnote_only,leave_granted
1985_PLD_29,1985 PLD 29,Dawoo v. Jamilur Rehman -  Quetta-High-Court-Balochistan,Court of Record,1985-01-01,233,headnote_only,headnote_only,unknown
1985_PLD_36,1985 PLD 36,The State v. Mukhtar Alias Mokhi,Court of Record,1985-01-01,281,headnote_only,headnote_only,leave_granted
1985_PLD_37,1985 PLD 37,Volkervam (Pakistan) Ltd. v. Sind Employees' Social Security Institution -  Karachi-High-Court-Sindh,Court of Record,1985-01-01,219,headnote_only,headnote_only,remanded
1985_PLD_38,1985 PLD 38,Arshad Umar v. Begum Nazrul Askari,Court of Record,1985-01-01,218,headnote_only,headnote_only,leave_granted
1985_PLD_39,1985 PLD 39,Vs -  Supreme-Court-Azad-Kashmir,Court of Record,1985-01-01,31,headnote_only,headnote_only,unknown
1985_PLD_41,1985 PLD 41,Vs -  Supreme-Court-Azad-Kashmir,Court of Record,1985-01-01,31,headnote_only,headnote_only,unknown
1985_PLD_65,1985 PLD 65,Vs -  Supreme-Court-Azad-Kashmir,Court of Record,1985-01-01,31,headnote_only,headnote_only,unknown
1985_PLD_69,1985 PLD 69,Vs -  Supreme-Court-Azad-Kashmir,Court of Record,1985-01-01,31,headnote_only,headnote_only,unknown
1985_PLD_74,1985 PLD 74,Vs -  Supreme-Court-Azad-Kashmir,Court of Record,1985-01-01,31,headnote_only,headnote_only,unknown
1985_PLD_80,1985 PLD 80,Sher Muhammad Kha v. Province Of Sind -  Karachi-High-Court-Sindh,Court of Record,1985-01-01,209,headnote_only,headnote_only,unknown
1985_PLD_81,1985 PLD 81,"Amin Jan v. Director-General, T & T -  Lahore-High-Court-Lahore",Court of Record,1985-01-01,229,headnote_only,headnote_only,unknown
1985_PLD_83,1985 PLD 83,Vs -  Supreme-Court-Azad-Kashmir,Court of Record,1985-01-01,31,headnote_only,headnote_only,unknown
1985_PLD_85,1985 PLD 85,Vs -  Supreme-Court-Azad-Kashmir,Court of Record,1985-01-01,31,headnote_only,headnote_only,unknown
1985_PLD_512,1985 PLD 512,Pathani v. Murtaza -  Lahore-High-Court-Lahore,Court of Record,1985-01-01,141,headnote_only,headnote_only,unknown
1985_PLD_86,1985 PLD 86,Muhammad Ismail v. Mussarat Zamamni,Court of Record,1985-01-01,214,headnote_only,headnote_only,leave_granted
1985_PLD_89,1985 PLD 89,A. B .P. v. Kohinoor Cotton Mills Ltd. -  Lahore-High-Court-Lahore,Court of Record,1985-01-01,261,headnote_only,headnote_only,unknown
1985_PLD_91,1985 PLD 91,Vs -  Supreme-Court-Azad-Kashmir,Court of Record,1985-01-01,31,headnote_only,headnote_only,unknown
1985_PLD_93,1985 PLD 93,Vs -  Supreme-Court-Azad-Kashmir,Court of Record,1985-01-01,31,headnote_only,headnote_only,unknown
1985_PLD_105,1985 PLD 105,Muhammad Kha v. Khan Bibi -  Quetta-High-Court-Balochistan,Court of Record,1985-01-01,172,headnote_only,headnote_only,unknown
1985_PLD_94,1985 PLD 94,Shalay v. Memberii Board Of Revenue Baluchistan Quetta -  Quetta-High-Court-Balochistan,Court of Record,1985-01-01,266,headnote_only,headnote_only,unknown
1985_PLD_95,1985 PLD 95,Vs -  Supreme-Court-Azad-Kashmir,Court of Record,1985-01-01,31,headnote_only,headnote_only,unknown
1985_PLD_97,1985 PLD 97,Vs -  Supreme-Court-Azad-Kashmir,Court of Record,1985-01-01,31,headnote_only,headnote_only,unknown
1985_PLD_100,1985 PLD 100,N. B. P. v. Muhammad Asif Ahmed -  Quetta-High-Court-Balochistan,Court of Record,1985-01-01,221,headnote_only,headnote_only,unknown
1985_PLD_101,1985 PLD 101,Chiragh v. Nizam Din -  Lahore-High-Court-Lahore,Court of Record,1985-01-01,297,headnote_only,headnote_only,unknown
1985_PLD_103,1985 PLD 103,Vs -  Supreme-Court-Azad-Kashmir,Court of Record,1985-01-01,31,headnote_only,headnote_only,unknown
1985_PLD_109,1985 PLD 109,"Habib Insurance Co. Ltd. v. Commissioner Of Income-Tax (Central), Karachi",Court of Record,1985-01-01,274,headnote_only,headnote_only,leave_granted
1985_PLD_112,1985 PLD 112,Bibi Abida v. Sind Labour Appellate Tribunal -  Karachi-High-Court-Sindh,Court of Record,1985-01-01,244,headnote_only,headnote_only,unknown
1985_PLD_113,1985 PLD 113,Vs -  Supreme-Court-Azad-Kashmir,Court of Record,1985-01-01,31,headnote_only,headnote_only,unknown
1985_PLD_115,1985 PLD 115,Shanaz Bibi v. Zulfiqal Ali -  Lahore-High-Court-Lahore,Court of Record,1985-01-01,213,headnote_only,headnote_only,unknown
1985_PLD_117,1985 PLD 117,Akbar Ali v. Assandas -  Karachi-High-Court-Sindh,Court of Record,1985-01-01,207,headnote_only,headnote_only,unknown
1985_PLD_118,1985 PLD 118,Commissioner Of Income-Tax Karachi v. Shennihen Steamshipco. Ltd.,Court of Record,1985-01-01,280,headnote_only,headnote_only,unknown
1985_PLD_119,1985 PLD 119,Vs -  Supreme-Court-Azad-Kashmir,Court of Record,1985-01-01,31,headnote_only,headnote_only,unknown
1985_PLD_120,1985 PLD 120,Vs -  Federal-Shariat-Court,Court of Record,1985-01-01,31,headnote_only,headnote_only,unknown
1985_PLD_132,1985 PLD 132,"Universal Brushes Ltd. v. Superintendent, Central Excise & Land Customs -  Karachi-High-Court-Sindh",Court of Record,1985-01-01,171,headnote_only,headnote_only,unknown
1985_PLD_133,1985 PLD 133,Ali Hassa v. The State -  Quetta-High-Court-Balochistan,Court of Record,1985-01-01,119,headnote_only,headnote_only,unknown
1985_PLD_134,1985 PLD 134,Vs -  Federal-Shariat-Court,Court of Record,1985-01-01,31,headnote_only,headnote_only,unknown
1985_PLD_135,1985 PLD 135,Muhammad Saleem v. Provincial Election Authority Sind -  Karachi-High-Court-Sindh,Court of Record,1985-01-01,249,headnote_only,headnote_only,unknown
1985_PLD_139,1985 PLD 139,Ghulam Muhammad v. Assistant Commissioner -  Quetta-High-Court-Balochistan,Court of Record,1985-01-01,106,headnote_only,headnote_only,remanded
1985_PLD_140,1985 PLD 140,Vs -  Supreme-Court-Azad-Kashmir,Court of Record,1985-01-01,31,headnote_only,headnote_only,unknown
1985_PLD_142,1985 PLD 142,Malik Din v. Manzoor Ali -  Quetta-High-Court-Balochistan,Court of Record,1985-01-01,203,headnote_only,headnote_only,unknown
1985_PLD_144,1985 PLD 144,Sher Zaman v. Muhammad Ishaq,Court of Record,1985-01-01,260,headnote_only,headnote_only,unknown
1985_PLD_145,1985 PLD 145,Mayfair Consultancy Services Overseas Employment Promoter v. Islamic Republic Of Paksitan -  Karachi-High-Court-Sindh,Court of Record,1985-01-01,105,headnote_only,headnote_only,unknown
1985_PLD_148,1985 PLD 148,Abdus Sttar v. Muhammad Afzal,Court of Record,1985-01-01,290,headnote_only,headnote_only,unknown
1985_PLD_150,1985 PLD 150,"Crescent Factories Vegetable Ghee Mills v. N. B. P. District Courts Branch, Sahiwal -  Lahore-High-Court-Lahore",Court of Record,1985-01-01,227,headnote_only,headnote_only,unknown
1985_PLD_158,1985 PLD 158,Bashir Ahma v. The State -  Lahore-High-Court-Lahore,Court of Record,1985-01-01,238,headnote_only,headnote_only,unknown
1985_PLD_160,1985 PLD 160,Vs -  Federal-Shariat-Court,Court of Record,1985-01-01,31,headnote_only,headnote_only,unknown
1985_PLD_167,1985 PLD 167,Sardar Khan v. Abdul Ghaffar -  Quetta-High-Court-Balochistan,Court of Record,1985-01-01,224,headnote_only,headnote_only,unknown
1985_PLD_173,1985 PLD 173,Muhammad Shafi v. The State -  Lahore-High-Court-Lahore,Court of Record,1985-01-01,177,headnote_only,headnote_only,unknown
1985_PLD_174,1985 PLD 174,"Saeeda Nighat Madni v. Member, Federal Land Commission -  Lahore-High-Court-Lahore",Court of Record,1985-01-01,212,headnote_only,headnote_only,unknown
1985_PLD_178,1985 PLD 178,Orient Fashions Ltd. v. N. B. P. -  Karachi-High-Court-Sindh,Court of Record,1985-01-01,245,headnote_only,headnote_only,unknown
1985_PLD_181,1985 PLD 181,Abdus Sttar v. Muhammad Afzal -  Lahore-High-Court-Lahore,Court of Record,1985-01-01,286,headnote_only,headnote_only,unknown
1985_PLD_182,1985 PLD 182,Muhammad Sadi v. Sadiq,Court of Record,1985-01-01,182,headnote_only,headnote_only,leave_granted
1985_PLD_594,1985 PLD 594,Salimuddin v. The State -  Karachi-High-Court-Sindh,Court of Record,1985-01-01,119,headnote_only,headnote_only,unknown
1985_PLD_188,1985 PLD 188,A. B. L. v. Faiz Ahmad Manzoor Ahmad -  Lahore-High-Court-Lahore,Court of Record,1985-01-01,162,headnote_only,headnote_only,unknown
1985_PLD_192,1985 PLD 192,"Salahuddin Khan v. Member, Board Of Revenue Iii - , Tahir Muhammad Khan Quetta-High-Court-Balochistan",Court of Record,1985-01-01,145,headnote_only,headnote_only,unknown
1985_PLD_193,1985 PLD 193,Vs -  Federal-Shariat-Court,Court of Record,1985-01-01,31,headnote_only,headnote_only,unknown
1985_PLD_195,1985 PLD 195,Khalilur Rehman Khan v. Province Of Punjab,Court of Record,1985-01-01,272,headnote_only,headnote_only,leave_granted
1985_PLD_202,1985 PLD 202,"Muhammad Yamin v. Military Estate Officer - , Muhammad Nawaz Ahmed Marri Quetta-High-Court-Balochistan",Court of Record,1985-01-01,118,headnote_only,headnote_only,unknown
1985_PLD_203,1985 PLD 203,Abdul Aziz Khan v. Abdur Rehman -  Lahore-High-Court-Lahore,Court of Record,1985-01-01,83,headnote_only,headnote_only,unknown
1985_PLD_205,1985 PLD 205,Aidoo v. Collector/Deputy Commissioner Lasbella District Uthal -  Quetta-High-Court-Balochistan,Court of Record,1985-01-01,110,headnote_only,headnote_only,unknown
1985_PLD_207,1985 PLD 207,Muhammad Rafique v. The State,Court of Record,1985-01-01,216,headnote_only,headnote_only,unknown
1984_PLD_8,1984 PLD 8,Jamia Industries Ltd. v. Caltex Oil (Pak.) Ltd.,Court of Record,1984-01-01,220,headnote_only,headnote_only,leave_granted
1984_PLD_9,1984 PLD 9,Vs -  Supreme-Court-Azad-Kashmir,Court of Record,1984-01-01,31,headnote_only,headnote_only,unknown
1984_PLD_11,1984 PLD 11,"Habibullah Khan v. Collector, Quetta -  Quetta-High-Court-Balochistan",Court of Record,1984-01-01,254,headnote_only,headnote_only,unknown
1984_PLD_12,1984 PLD 12,Samundar Khan v. Ali Zaman,Court of Record,1984-01-01,158,headnote_only,headnote_only,unknown
1984_PLD_13,1984 PLD 13,Vs -  Supreme-Court-Azad-Kashmir,Court of Record,1984-01-01,31,headnote_only,headnote_only,unknown
1984_PLD_20,1984 PLD 20,Sarwar v. The State -  Federal-Shariat-Court,Court of Record,1984-01-01,198,headnote_only,headnote_only,unknown
1984_PLD_15,1984 PLD 15,Vs -  Supreme-Court-Azad-Kashmir,Court of Record,1984-01-01,31,headnote_only,headnote_only,unknown
1984_PLD_16,1984 PLD 16,Vs -  Supreme-Court-Azad-Kashmir,Court of Record,1984-01-01,31,headnote_only,headnote_only,unknown
1984_PLD_18,1984 PLD 18,"Kh. Muhammad Khan v. Member, Board Of Revenue, N.W. F. P., Peshawar",Court of Record,1984-01-01,145,headnote_only,headnote_only,unknown
1984_PLD_19,1984 PLD 19,Vs -  Supreme-Court-Azad-Kashmir,Court of Record,1984-01-01,31,headnote_only,headnote_only,unknown
1984_PLD_21,1984 PLD 21,Vs -  Supreme-Court-Azad-Kashmir,Court of Record,1984-01-01,31,headnote_only,headnote_only,unknown
1984_PLD_25,1984 PLD 25,Mst. Noor-Un-Nisa v. Muhammad Sarwar,Court of Record,1984-01-01,97,headnote_only,headnote_only,unknown
1984_PLD_26,1984 PLD 26,Zahoor Ahmad v. Nazir Ahmad -  Lahore-High-Court-Lahore,Court of Record,1984-01-01,107,headnote_only,headnote_only,unknown
1984_PLD_27,1984 PLD 27,Vs -  Supreme-Court-Azad-Kashmir,Court of Record,1984-01-01,31,headnote_only,headnote_only,unknown
1984_PLD_28,1984 PLD 28,Paksitan Pipe & Construction Co Ltd. v. City Mukhtiaraka -  Karachi-High-Court-Sindh,Court of Record,1984-01-01,205,headnote_only,headnote_only,unknown
1984_PLD_29,1984 PLD 29,Vs -  Supreme-Court-Azad-Kashmir,Court of Record,1984-01-01,31,headnote_only,headnote_only,unknown
1984_PLD_30,1984 PLD 30,Vs -  Supreme-Court-Azad-Kashmir,Court of Record,1984-01-01,31,headnote_only,headnote_only,unknown
1984_PLD_32,1984 PLD 32,"Aftab Hussain, C. J, All Hussain Qazilbash, Ch. Muhammad Siddiqi And Malik Ghulam Ali v. The Evacuee Trust Properties Management And Disposal) Act (Xui Of 1975) -  Federal-Shariat-Court",Court of Record,1984-01-01,144,headnote_only,headnote_only,unknown
1984_PLD_33,1984 PLD 33,"Aftab Hussain, C J., Ali Hussain Qazilbash, Ch. Muhammad Siddiq And Malik Ghulam Ali v. The Evacuee Property And Displaced Persons Laws (Repeal) Act -  Federal-Shariat-Court",Court of Record,1984-01-01,115,headnote_only,headnote_only,unknown
1984_PLD_34,1984 PLD 34,"Aftab Hussain, C. J., Ali Hussain Qazilbash, Ch. Muhammad Siddiq And Malik Ghulam All v. The Civil Servants Act (Lxxi Of 1973) -  Federal-Shariat-Court",Court of Record,1984-01-01,265,headnote_only,headnote_only,unknown
1984_PLD_35,1984 PLD 35,Humayun Khan v. Ghee Corporation Of Paksitan Ltd. -  Lahore-High-Court-Lahore,Court of Record,1984-01-01,284,headnote_only,headnote_only,unknown
1984_PLD_36,1984 PLD 36,Vs -  Supreme-Court-Azad-Kashmir,Court of Record,1984-01-01,31,headnote_only,headnote_only,unknown
1984_PLD_38,1984 PLD 38,Vs -  Supreme-Court-Azad-Kashmir,Court of Record,1984-01-01,31,headnote_only,headnote_only,unknown
1984_PLD_46,1984 PLD 46,Lal Zarin v. Niaz Muhammad Khan,Court of Record,1984-01-01,171,headnote_only,headnote_only,unknown
1984_PLD_47,1984 PLD 47,Vs -  Supreme-Court-Azad-Kashmir,Court of Record,1984-01-01,31,headnote_only,headnote_only,unknown
1984_PLD_49,1984 PLD 49,Aurangzeb v. Ejazul Hassan Khan,Court of Record,1984-01-01,173,headnote_only,headnote_only,unknown
1984_PLD_51,1984 PLD 51,Vs -  Supreme-Court-Azad-Kashmir,Court of Record,1984-01-01,31,headnote_only,headnote_only,unknown
1977_PLD_1063,1977 PLD 1063,The State v. Rab Nawaz -  Lahore-High-Court-Lahore,Court of Record,1977-01-01,115,headnote_only,headnote_only,unknown
1984_PLD_52,1984 PLD 52,Samad v. Muhammad Jamal -  Quetta-High-Court-Balochistan,Court of Record,1984-01-01,259,headnote_only,headnote_only,unknown
1984_PLD_54,1984 PLD 54,Sher Muhammad Khan v. Abdullah,Court of Record,1984-01-01,221,headnote_only,headnote_only,unknown
1984_PLD_55,1984 PLD 55,Muhammad Hafeez v. The State -  Federal-Shariat-Court,Court of Record,1984-01-01,276,headnote_only,headnote_only,unknown
1984_PLD_56,1984 PLD 56,Vs -  Supreme-Court-Azad-Kashmir,Court of Record,1984-01-01,31,headnote_only,headnote_only,unknown
1984_PLD_57,1984 PLD 57,Muhammad Ashraf v. The State -  Federal-Shariat-Court,Court of Record,1984-01-01,166,headnote_only,headnote_only,unknown
1984_PLD_59,1984 PLD 59,Mian Abdul Qadus v. Sahib Ali -  Federal-Shariat-Court,Court of Record,1984-01-01,215,headnote_only,headnote_only,unknown
1984_PLD_61,1984 PLD 61,Vs -  Supreme-Court-Azad-Kashmir,Court of Record,1984-01-01,31,headnote_only,headnote_only,unknown
1984_PLD_63,1984 PLD 63,Vs -  Supreme-Court-Azad-Kashmir,Court of Record,1984-01-01,31,headnote_only,headnote_only,unknown
2010_PLD_221,2010 PLD 221,Syed Muhammad Jamaluddin Kazmi v. Federation Of Pakistan Through President Of Pakistan,Court of Record,2010-01-01,159,headnote_only,headnote_only,unknown
1984_PLD_64,1984 PLD 64,Taj Muhammad Khan v. N.W. F. P. Forest Development Corporation,Court of Record,1984-01-01,230,headnote_only,headnote_only,unknown
1984_PLD_67,1984 PLD 67,Naseer Hussain v. The State -  Lahore-High-Court-Lahore,Court of Record,1984-01-01,209,headnote_only,headnote_only,unknown
1984_PLD_68,1984 PLD 68,"Mst. Shah Sultan v. Controller Of Rents, Peshawar Cantonment",Court of Record,1984-01-01,283,headnote_only,headnote_only,unknown
1984_PLD_69,1984 PLD 69,Mst. Siani v. The State -  Federal-Shariat-Court,Court of Record,1984-01-01,192,headnote_only,headnote_only,unknown
1984_PLD_70,1984 PLD 70,Vs -  Supreme-Court-Azad-Kashmir,Court of Record,1984-01-01,31,headnote_only,headnote_only,unknown
1984_PLD_71,1984 PLD 71,Muhammad Muslim v. Federal Investigation Agency -  Karachi-High-Court-Sindh,Court of Record,1984-01-01,168,headnote_only,headnote_only,unknown
1984_PLD_72,1984 PLD 72,Obaidur Rehman v. The State -  Federal-Shariat-Court,Court of Record,1984-01-01,35,headnote_only,headnote_only,unknown
1984_PLD_74,1984 PLD 74,Sarwar Shah v. Jamshid Khan,Court of Record,1984-01-01,217,headnote_only,headnote_only,remanded
1984_PLD_75,1984 PLD 75,Nurul Ha v. Islamic Republic Of Pakistan,Court of Record,1984-01-01,246,headnote_only,headnote_only,leave_granted
1984_PLD_81,1984 PLD 81,Abdul Rashid v. This State -  Federal-Shariat-Court,Court of Record,1984-01-01,35,headnote_only,headnote_only,unknown
1984_PLD_82,1984 PLD 82,Vs -  Supreme-Court-Azad-Kashmir,Court of Record,1984-01-01,31,headnote_only,headnote_only,unknown
1984_PLD_84,1984 PLD 84,Khan Afsa v. The State -  Karachi-High-Court-Sindh,Court of Record,1984-01-01,105,headnote_only,headnote_only,unknown
1984_PLD_85,1984 PLD 85,Muhammad Kabir Khan v. Settlement Commissioner (Lands) -  Karachi-High-Court-Sindh,Court of Record,1984-01-01,163,headnote_only,headnote_only,unknown
1984_PLD_86,1984 PLD 86,Qureshi Noor Hussain v. Ghulam Jan,Court of Record,1984-01-01,121,headnote_only,headnote_only,unknown
1984_PLD_87,1984 PLD 87,Sitaldas v. Muhammad Saffar -  Karachi-High-Court-Sindh,Court of Record,1984-01-01,211,headnote_only,headnote_only,unknown
1984_PLD_88,1984 PLD 88,Sardar Ali Khan v. Muhammad Rauf Khan,Court of Record,1984-01-01,191,headnote_only,headnote_only,unknown
1984_PLD_89,1984 PLD 89,Vs -  Supreme-Court-Azad-Kashmir,Court of Record,1984-01-01,31,headnote_only,headnote_only,unknown
1984_PLD_91,1984 PLD 91,Muslim Sher v. Mst. Qudrat Bibi,Court of Record,1984-01-01,255,headnote_only,headnote_only,unknown
1984_PLD_99,1984 PLD 99,Rabia Begum v. Khan Talwala -  Quetta-High-Court-Balochistan,Court of Record,1984-01-01,113,headnote_only,headnote_only,remanded
1984_PLD_101,1984 PLD 101,Vs -  Supreme-Court-Azad-Kashmir,Court of Record,1984-01-01,31,headnote_only,headnote_only,unknown
1984_PLD_102,1984 PLD 102,Roshan Khan v. Haji Said Khan,Court of Record,1984-01-01,217,headnote_only,headnote_only,unknown
1984_PLD_103,1984 PLD 103,Abdul Qadir v. Election Tribunal -  Lahore-High-Court-Lahore,Court of Record,1984-01-01,152,headnote_only,headnote_only,unknown
1984_PLD_104,1984 PLD 104,Vs -  Supreme-Court-Azad-Kashmir,Court of Record,1984-01-01,31,headnote_only,headnote_only,unknown
1984_PLD_106,1984 PLD 106,Fateh Khan v. Sharaaf Khan -  Lahore-High-Court-Lahore,Court of Record,1984-01-01,293,headnote_only,headnote_only,unknown
1984_PLD_107,1984 PLD 107,Vs -  Supreme-Court-Azad-Kashmir,Court of Record,1984-01-01,31,headnote_only,headnote_only,unknown
1984_PLD_111,1984 PLD 111,Vs -  Supreme-Court-Azad-Kashmir,Court of Record,1984-01-01,31,headnote_only,headnote_only,unknown
1984_PLD_113,1984 PLD 113,Muhammad Anwar v. The State -  Lahore-High-Court-Lahore,Court of Record,1984-01-01,140,headnote_only,headnote_only,unknown
1984_PLD_114,1984 PLD 114,Muhammad Afzal Khan v. Karachi Development Authority -  Karachi-High-Court-Sindh,Court of Record,1984-01-01,209,headnote_only,headnote_only,unknown
1984_PLD_115,1984 PLD 115,Vs -  Supreme-Court-Azad-Kashmir,Court of Record,1984-01-01,31,headnote_only,headnote_only,unknown
1984_PLD_117,1984 PLD 117,Sher Muhammad v. Muhammad Sharif -  Lahore-High-Court-Lahore,Court of Record,1984-01-01,88,headnote_only,headnote_only,unknown
1984_PLD_122,1984 PLD 122,Vs -  Supreme-Court-Azad-Kashmir,Court of Record,1984-01-01,31,headnote_only,headnote_only,unknown
2010_PLD_214,2010 PLD 214,"Before Dr. Shamshad Hussain Syed v. District Consumer Court, Lahore",Court of Record,2010-01-01,257,headnote_only,headnote_only,petition_dismissed
2010_PLD_219,2010 PLD 219,Muhammad Ali Nawaz v. Sh. Muhammad Aslam,Court of Record,2010-01-01,281,headnote_only,headnote_only,revision_allowed
2010_PLD_318,2010 PLD 318,"Province Of Punjab Through Secretary Colonies, Punjab v. Mst. Waziran Bibi",Court of Record,2010-01-01,221,headnote_only,headnote_only,petition_dismissed
2010_PLD_341,2010 PLD 341,Saifullah v. Mehr Muhammad,Court of Record,2010-01-01,184,headnote_only,headnote_only,unknown
2010_PLD_291,2010 PLD 291,Zeeran Gul Alias Zareen Gul v. The State,Court of Record,2010-01-01,281,headnote_only,headnote_only,unknown
2010_PLD_419,2010 PLD 419,Abdul Sattar v. Station House Officer,Court of Record,2010-01-01,292,headnote_only,headnote_only,petition_dismissed
2010_PLD_361,2010 PLD 361,Ali Hassan v. The State,Court of Record,2010-01-01,174,headnote_only,headnote_only,unknown
2010_PLD_390,2010 PLD 390,Pakistan Steel Mills Corporation Through Authorized Officer v. Razo (Pvt.) Ltd. Through Director,Court of Record,2010-01-01,231,headnote_only,headnote_only,appeal_dismissed
2010_PLD_466,2010 PLD 466,"Pil Company (Pvt.) Ltd. Through Chief Executive/Director v. Additional District And Sessions Jduge, Lahroe",Court of Record,2010-01-01,221,headnote_only,headnote_only,appeal_dismissed
1977_PLD_1066,1977 PLD 1066,Muhammad Nazi v. Muhammad Yousaf -  Lahore-High-Court-Lahore,Court of Record,1977-01-01,115,headnote_only,headnote_only,unknown
2010_PLD_484,2010 PLD 484,"Abdul Sattar v. Judge Family Court, Toba Tek Singh",Court of Record,2010-01-01,245,headnote_only,headnote_only,petition_dismissed
2010_PLD_573,2010 PLD 573,Sheikh Rashid Ahmed v. Government Of Punjab,Court of Record,2010-01-01,275,headnote_only,headnote_only,appeal_allowed
2010_PLD_582,2010 PLD 582,Province Of Punjab Through Collector v. Muhammad Farooq,Court of Record,2010-01-01,278,headnote_only,headnote_only,unknown
1983_PLD_3,1983 PLD 3,Vs -  Supreme-Court-Azad-Kashmir,Court of Record,1983-01-01,31,headnote_only,headnote_only,unknown
2010_PLD_580,2010 PLD 580,Allah Dad v. Abdul Ghani,Court of Record,2010-01-01,168,headnote_only,headnote_only,unknown
2010_PLD_719,2010 PLD 719,Land Acquisition Collector v. Mst. Iqbal Begum,Court of Record,2010-01-01,190,headnote_only,headnote_only,unknown
1984_PLD_124,1984 PLD 124,Noor Muhammad v. Tasneem -  Karachi-High-Court-Sindh,Court of Record,1984-01-01,165,headnote_only,headnote_only,unknown
1984_PLD_125,1984 PLD 125,Emmanual Masih v. Punjab Lcoal Councils Election Authority Lahore -  Lahore-High-Court-Lahore,Court of Record,1984-01-01,282,headnote_only,headnote_only,unknown
1984_PLD_126,1984 PLD 126,Muhammad Jaffar v. The State -  Karachi-High-Court-Sindh,Court of Record,1984-01-01,125,headnote_only,headnote_only,unknown
1984_PLD_127,1984 PLD 127,Vs -  Supreme-Court-Azad-Kashmir,Court of Record,1984-01-01,31,headnote_only,headnote_only,unknown
1977_PLD_1091,1977 PLD 1091,Saeedudin v. Commissioner Of Income-Tax Lahore -  Lahore-High-Court-Lahore,Court of Record,1977-01-01,116,headnote_only,headnote_only,unknown
2010_PLD_803,2010 PLD 803,Muhammad Hussain v. Muhammad Through Legal Heirs,Court of Record,2010-01-01,270,headnote_only,headnote_only,revision_allowed
1984_PLD_128,1984 PLD 128,Vs -  Federal-Shariat-Court,Court of Record,1984-01-01,230,headnote_only,headnote_only,unknown
1984_PLD_129,1984 PLD 129,Vs -  Supreme-Court-Azad-Kashmir,Court of Record,1984-01-01,31,headnote_only,headnote_only,unknown
1984_PLD_131,1984 PLD 131,"Wali Muhammad v. Member, Iii, Board Of Revenu -  Quetta-High-Court-Balochistan",Court of Record,1984-01-01,231,headnote_only,headnote_only,unknown
1984_PLD_132,1984 PLD 132,Vs -  Federal-Shariat-Court,Court of Record,1984-01-01,236,headnote_only,headnote_only,unknown
1984_PLD_133,1984 PLD 133,Packages Ltd. v. Electric Lamps Manufacturing Company Ltd.,Court of Record,1984-01-01,38,headnote_only,headnote_only,unknown
1984_PLD_134,1984 PLD 134,Mst. Faroshia v. Mst. Zarina,Court of Record,1984-01-01,35,headnote_only,headnote_only,unknown
1984_PLD_135,1984 PLD 135,Vs -  Federal-Shariat-Court,Court of Record,1984-01-01,234,headnote_only,headnote_only,unknown
1984_PLD_136,1984 PLD 136,Vs -  Federal-Shariat-Court,Court of Record,1984-01-01,97,headnote_only,headnote_only,unknown
1984_PLD_137,1984 PLD 137,Shah Din v. The State -  Lahore-High-Court-Lahore,Court of Record,1984-01-01,189,headnote_only,headnote_only,unknown
1984_PLD_138,1984 PLD 138,Vs -  Supreme-Court-Azad-Kashmir,Court of Record,1984-01-01,31,headnote_only,headnote_only,unknown
1984_PLD_139,1984 PLD 139,Masood Jan v. Muhammad Shahban -  Karachi-High-Court-Sindh,Court of Record,1984-01-01,137,headnote_only,headnote_only,unknown
1984_PLD_141,1984 PLD 141,Shakir Hussain Chishty v. E. A. Breganza -  Karachi-High-Court-Sindh,Court of Record,1984-01-01,157,headnote_only,headnote_only,unknown
1984_PLD_143,1984 PLD 143,"Paramount Hosiery Mills Ltd, Karachi v. Mustafa Hyder -  Karachi-High-Court-Sindh",Court of Record,1984-01-01,190,headnote_only,headnote_only,remanded
1984_PLD_144,1984 PLD 144,Shaman v. The State -  Quetta-High-Court-Balochistan,Court of Record,1984-01-01,190,headnote_only,headnote_only,unknown
1984_PLD_145,1984 PLD 145,Abdul Hasan Azad v. Provincial Election Authority -  Karachi-High-Court-Sindh,Court of Record,1984-01-01,127,headnote_only,headnote_only,unknown
1984_PLD_146,1984 PLD 146,Abdul Sattar v. The State,Court of Record,1984-01-01,35,headnote_only,headnote_only,unknown
1984_PLD_177,1984 PLD 177,Nadi v. The State -  Lahore-High-Court-Lahore,Court of Record,1984-01-01,160,headnote_only,headnote_only,unknown
1984_PLD_149,1984 PLD 149,Nazir Ahmad v. Muhammad Fiaz -  Lahore-High-Court-Lahore,Court of Record,1984-01-01,135,headnote_only,headnote_only,unknown
1984_PLD_150,1984 PLD 150,Vs -  Supreme-Court-Azad-Kashmir,Court of Record,1984-01-01,31,headnote_only,headnote_only,unknown
1984_PLD_153,1984 PLD 153,Rasool Bux Talpur v. Oficer-On-Special Dtuy Federal Land Commission -  Karachi-High-Court-Sindh,Court of Record,1984-01-01,219,headnote_only,headnote_only,petition_allowed
1984_PLD_154,1984 PLD 154,Janat Gul v. Mulki Zaman,Court of Record,1984-01-01,35,headnote_only,headnote_only,unknown
1977_PLD_1070,1977 PLD 1070,"Majid Nizami, Editor, Printerand Publisher, ""Nawai Waqt"" Lahore v. Administration And Co-Ordination Pakistan National Centre Rawalpindi -  Lahore-High-Court-Lahore",Court of Record,1977-01-01,126,headnote_only,headnote_only,unknown
1984_PLD_156,1984 PLD 156,Pasham Khan v. The State,Court of Record,1984-01-01,35,headnote_only,headnote_only,unknown
1984_PLD_157,1984 PLD 157,Vs -  Supreme-Court-Azad-Kashmir,Court of Record,1984-01-01,31,headnote_only,headnote_only,unknown
1984_PLD_162,1984 PLD 162,"Obyar v. Federation Of Paksitan, Rawalpindi -  Lahore-High-Court-Lahore",Court of Record,1984-01-01,291,headnote_only,headnote_only,unknown
1984_PLD_173,1984 PLD 173,Shahu v. Muhammad Ismail -  Karachi-High-Court-Sindh,Court of Record,1984-01-01,213,headnote_only,headnote_only,unknown
1984_PLD_163,1984 PLD 163,Abbas Raza v. Govt. Of Baluchistan -  Quetta-High-Court-Balochistan,Court of Record,1984-01-01,222,headnote_only,headnote_only,unknown
1984_PLD_164,1984 PLD 164,Abdul Aziz v. Abdul Rahim,Court of Record,1984-01-01,112,headnote_only,headnote_only,unknown
1984_PLD_166,1984 PLD 166,Vs -  Supreme-Court-Azad-Kashmir,Court of Record,1984-01-01,31,headnote_only,headnote_only,unknown
1984_PLD_168,1984 PLD 168,Abdul Aziz v. Hassan Muhammad -  Karachi-High-Court-Sindh,Court of Record,1984-01-01,132,headnote_only,headnote_only,unknown
1984_PLD_169,1984 PLD 169,"Khurshid Ahmad v. Additional District Judge, Rawalpindi -  Lahore-High-Court-Lahore",Court of Record,1984-01-01,37,headnote_only,headnote_only,unknown
1984_PLD_176,1984 PLD 176,Hassan Noor v. Shahzada Burhanuddin,Court of Record,1984-01-01,35,headnote_only,headnote_only,unknown
1984_PLD_178,1984 PLD 178,Abdullah Khan v. Abdul Majeed -  Karachi-High-Court-Sindh,Court of Record,1984-01-01,195,headnote_only,headnote_only,unknown
1984_PLD_180,1984 PLD 180,"N: W. F. P. Through Collector, Mardan v. Faiz Muhammad",Court of Record,1984-01-01,40,headnote_only,headnote_only,unknown
1984_PLD_181,1984 PLD 181,Ghulam Sarwar v. The State,Court of Record,1984-01-01,275,headnote_only,headnote_only,unknown
1984_PLD_192,1984 PLD 192,Muhammad Yousaf v. The State,Court of Record,1984-01-01,35,headnote_only,headnote_only,unknown
1983_PLD_4,1983 PLD 4,Vs -  Supreme-Court-Azad-Kashmir,Court of Record,1983-01-01,31,headnote_only,headnote_only,unknown
1984_PLD_183,1984 PLD 183,M. Iqbal v. Karachi Electric Supply Corporation Ltd. -  Karachi-High-Court-Sindh,Court of Record,1984-01-01,224,headnote_only,headnote_only,unknown
1984_PLD_184,1984 PLD 184,"Muhammad Sadiq v. Islamic Republic Of Pakistan, Islamabad",Court of Record,1984-01-01,38,headnote_only,headnote_only,unknown
1984_PLD_187,1984 PLD 187,Ali Muhammad Shah v. Muhammad Munawar -  Karachi-High-Court-Sindh,Court of Record,1984-01-01,170,headnote_only,headnote_only,unknown
1984_PLD_190,1984 PLD 190,West Pakistan Agriculture Development Corporation v. Soomar -  Karachi-High-Court-Sindh,Court of Record,1984-01-01,142,headnote_only,headnote_only,unknown
1984_PLD_191,1984 PLD 191,"National Police Foundation Co-Operative Housing Society Ltd. v. Board Of Revenue, Govt. Of Punjab, Lahore -  Lahore-High-Court-Lahore",Court of Record,1984-01-01,171,headnote_only,headnote_only,unknown
1984_PLD_194,1984 PLD 194,Anwar Hussain v. Adbp,Court of Record,1984-01-01,177,headnote_only,headnote_only,unknown
1984_PLD_196,1984 PLD 196,Muhammad Tufail v. The State -  Lahore-High-Court-Lahore,Court of Record,1984-01-01,74,headnote_only,headnote_only,unknown
1984_PLD_197,1984 PLD 197,"Pakistan Paper Corporation Ltd., Charsadda v. Director N: W. F. P. Employees' Social Security Institution",Court of Record,1984-01-01,45,headnote_only,headnote_only,unknown
1984_PLD_199,1984 PLD 199,"Sardar Abdul Hamid Complainant/Petitioner v. Momin Khan - , Mufti Muhammad Idris & Muhammad Tariq Khan",Court of Record,1984-01-01,37,headnote_only,headnote_only,unknown
1984_PLD_200,1984 PLD 200,Abdul Ahad Kha v. Muhammad Yasin & Bros.,Court of Record,1984-01-01,248,headnote_only,headnote_only,leave_granted
1984_PLD_273,1984 PLD 273,Syed Noor Ul Hassan v. The State,Court of Record,1984-01-01,37,headnote_only,headnote_only,unknown
1984_PLD_202,1984 PLD 202,Mehrban Khan v. Fayyaz Begum -  Lahore-High-Court-Lahore,Court of Record,1984-01-01,202,headnote_only,headnote_only,unknown
1984_PLD_205,1984 PLD 205,Muhammad Hussain v. Settlement And Rehabilitaion Commissioner -  Karachi-High-Court-Sindh,Court of Record,1984-01-01,282,headnote_only,headnote_only,unknown
1984_PLD_207,1984 PLD 207,Maulvi Muhammad Jan v. The State,Court of Record,1984-01-01,36,headnote_only,headnote_only,unknown
1984_PLD_208,1984 PLD 208,Jamila Khatoon v. Tajunnisa,Court of Record,1984-01-01,285,headnote_only,headnote_only,leave_granted
1984_PLD_218,1984 PLD 218,Ghulam Sarwar v. The State,Court of Record,1984-01-01,296,headnote_only,headnote_only,unknown
1984_PLD_219,1984 PLD 219,Saifur Rehman v. Fazlur Rehman,Court of Record,1984-01-01,35,headnote_only,headnote_only,unknown
1984_PLD_222,1984 PLD 222,Shah Ahmad Noorani v. Govt. Of The Punjab -  Lahore-High-Court-Lahore,Court of Record,1984-01-01,118,headnote_only,headnote_only,unknown
1984_PLD_278,1984 PLD 278,Ghulam Hassan v. Soharu,Court of Record,1984-01-01,34,headnote_only,headnote_only,unknown
1984_PLD_228,1984 PLD 228,Mahmoona v. Ilam Din -  Lahore-High-Court-Lahore,Court of Record,1984-01-01,169,headnote_only,headnote_only,petition_dismissed
1984_PLD_230,1984 PLD 230,Muhammad Ramzan v. Muhammad Asghar Ali -  Lahore-High-Court-Lahore,Court of Record,1984-01-01,272,headnote_only,headnote_only,unknown
1984_PLD_233,1984 PLD 233,Karachi Gas Company Ltd. v. Fancy Foundation -  Karachi-High-Court-Sindh,Court of Record,1984-01-01,281,headnote_only,headnote_only,unknown
1984_PLD_234,1984 PLD 234,Chuhar v. Ghulam Fatima -  Lahore-High-Court-Lahore,Court of Record,1984-01-01,258,headnote_only,headnote_only,unknown
1984_PLD_235,1984 PLD 235,Fazal Dad v. Abdul Karim,Court of Record,1984-01-01,35,headnote_only,headnote_only,unknown
1984_PLD_238,1984 PLD 238,Azam Khan v. The State,Court of Record,1984-01-01,35,headnote_only,headnote_only,unknown
1984_PLD_239,1984 PLD 239,Noor Muhamma v. Muhammad Sadiq -  Lahore-High-Court-Lahore,Court of Record,1984-01-01,275,headnote_only,headnote_only,unknown
1984_PLD_241,1984 PLD 241,Sakina Bibi v. Cresent Textile Mills Ltd.,Court of Record,1984-01-01,290,headnote_only,headnote_only,leave_granted
1984_PLD_283,1984 PLD 283,Mushtaq Ahmad Qureshi v. The State -  Lahore-High-Court-Lahore,Court of Record,1984-01-01,139,headnote_only,headnote_only,unknown
1984_PLD_245,1984 PLD 245,Ghulam Nabi v. Khuda Bkahsh -  Karachi-High-Court-Sindh,Court of Record,1984-01-01,150,headnote_only,headnote_only,unknown
1984_PLD_252,1984 PLD 252,Ali Akbar v. Gulzar Ali Shah -  Karachi-High-Court-Sindh,Court of Record,1984-01-01,126,headnote_only,headnote_only,unknown
1984_PLD_253,1984 PLD 253,Abdul Samad Khan v. Fazal Haq Khan,Court of Record,1984-01-01,37,headnote_only,headnote_only,unknown
1984_PLD_255,1984 PLD 255,Nadir Khan v. Pakistan International Airlines Corporation -  Karachi-High-Court-Sindh,Court of Record,1984-01-01,147,headnote_only,headnote_only,petition_dismissed
1984_PLD_285,1984 PLD 285,"The Chairman, Railway Board, Lahore v. Hajiz Abdul Qayyum",Court of Record,1984-01-01,39,headnote_only,headnote_only,unknown
1984_PLD_260,1984 PLD 260,"Sardar Ikramullah Khan v. Federal Land Commissioner, Pakistan",Court of Record,1984-01-01,38,headnote_only,headnote_only,unknown
1984_PLD_265,1984 PLD 265,Rahim Shah v. Muhammad Din,Court of Record,1984-01-01,35,headnote_only,headnote_only,unknown
1984_PLD_270,1984 PLD 270,Muhammad Akram v. Haji Nawab,Court of Record,1984-01-01,35,headnote_only,headnote_only,unknown
1984_PLD_287,1984 PLD 287,Mahboob Ali v. Sharifan Bibi -  Lahore-High-Court-Lahore,Court of Record,1984-01-01,190,headnote_only,headnote_only,unknown
1984_PLD_291,1984 PLD 291,Iqbal Siddiqui v. Assistant Setttlement Commissioner (Urban) -  Lahore-High-Court-Lahore,Court of Record,1984-01-01,128,headnote_only,headnote_only,unknown
1984_PLD_292,1984 PLD 292,"Jang Publications Ltd. v. Registrar Of Trade Unions, Sind -  Karachi-High-Court-Sindh",Court of Record,1984-01-01,191,headnote_only,headnote_only,unknown
1977_PLD_761,1977 PLD 761,Ahmad Din v. Deputy Settlement Commissioner Lahore -  Lahore-High-Court-Lahore,Court of Record,1977-01-01,117,headnote_only,headnote_only,unknown
1984_PLD_294,1984 PLD 294,Wasiq Ali Khan v. Mahmood Afzal Khan -  Lahore-High-Court-Lahore,Court of Record,1984-01-01,110,headnote_only,headnote_only,unknown
1977_PLD_779,1977 PLD 779,Zeenat Textile Mills Ltd Lahore v. Controller Of Capital Issues Government Of Pakistan -  Lahore-High-Court-Lahore,Court of Record,1977-01-01,123,headnote_only,headnote_only,unknown
1984_PLD_319,1984 PLD 319,Farid v. The State -  Lahore-High-Court-Lahore,Court of Record,1984-01-01,292,headnote_only,headnote_only,unknown
1984_PLD_326,1984 PLD 326,Amin v. The State -  Lahore-High-Court-Lahore,Court of Record,1984-01-01,190,headnote_only,headnote_only,unknown
1977_PLD_787,1977 PLD 787,Pakistan Industrial Credit & Investment Corporation Ltd Karachi v. United Textile Mills Ltd Multan -  Lahore-High-Court-Lahore,Court of Record,1977-01-01,124,headnote_only,headnote_only,unknown
1984_PLD_332,1984 PLD 332,Abdul Ghafoor Gill v. Mussarat Khan -  Lahore-High-Court-Lahore,Court of Record,1984-01-01,127,headnote_only,headnote_only,unknown
1984_PLD_334,1984 PLD 334,Muhammad Bakhsh Rind v. Govt. Of Sind -  Karachi-High-Court-Sindh,Court of Record,1984-01-01,268,headnote_only,headnote_only,unknown
1977_PLD_794,1977 PLD 794,Muhammad Saleem v. Muhammad Sadiq -  Lahore-High-Court-Lahore,Court of Record,1977-01-01,115,headnote_only,headnote_only,unknown
1984_PLD_337,1984 PLD 337,"Nadeem Manzar Malik v. Station House Officer, Police Station, A Division Sahiwal -  Lahore-High-Court-Lahore",Court of Record,1984-01-01,196,headnote_only,headnote_only,unknown
1977_PLD_797,1977 PLD 797,Highway Petroleum Service (Regd) Lahore v. Islamic Republic Of Pakistan -  Lahore-High-Court-Lahore,Court of Record,1977-01-01,120,headnote_only,headnote_only,unknown
1977_PLD_1072,1977 PLD 1072,Muhammad Shafi v. Abdul Ghafoor -  Lahore-High-Court-Lahore,Court of Record,1977-01-01,115,headnote_only,headnote_only,unknown
1984_PLD_344,1984 PLD 344,Karim Bibi v. Hussain Bukhsh,Court of Record,1984-01-01,254,headnote_only,headnote_only,unknown
1977_PLD_817,1977 PLD 817,Khair Din v. Muhammad Amin -  Lahore-High-Court-Lahore,Court of Record,1977-01-01,115,headnote_only,headnote_only,unknown
1977_PLD_820,1977 PLD 820,Miss Imrana Malik v. Chairman Selection Committee For Admission In Medical Colleges Lahore -  Lahore-High-Court-Lahore,Court of Record,1977-01-01,123,headnote_only,headnote_only,unknown
1984_PLD_353,1984 PLD 353,Shakir Muhammad v. The State,Court of Record,1984-01-01,252,headnote_only,headnote_only,leave_granted
1984_PLD_354,1984 PLD 354,Pakista v. Ali Kausar,Court of Record,1984-01-01,250,headnote_only,headnote_only,leave_granted
1984_PLD_358,1984 PLD 358,Salim Akbar v. Govt. Of Sind -  Karachi-High-Court-Sindh,Court of Record,1984-01-01,113,headnote_only,headnote_only,unknown
1982_PLD_22,1982 PLD 22,Vs -  Supreme-Court-Azad-Kashmir,Court of Record,1982-01-01,31,headnote_only,headnote_only,unknown
1982_PLD_24,1982 PLD 24,Vs -  Supreme-Court-Azad-Kashmir,Court of Record,1982-01-01,31,headnote_only,headnote_only,unknown
1982_PLD_41,1982 PLD 41,Wajdad v. Muhammad Baluch -  Quetta-High-Court-Balochistan,Court of Record,1982-01-01,244,headnote_only,headnote_only,unknown
1982_PLD_42,1982 PLD 42,Vs -  Supreme-Court-Azad-Kashmir,Court of Record,1982-01-01,31,headnote_only,headnote_only,unknown
1982_PLD_43,1982 PLD 43,Muhammad Sadiq v. Ghulam Sakina,Court of Record,1982-01-01,132,headnote_only,headnote_only,unknown
1982_PLD_45,1982 PLD 45,Vs -  Supreme-Court-Azad-Kashmir,Court of Record,1982-01-01,31,headnote_only,headnote_only,unknown
1982_PLD_46,1982 PLD 46,Maqbool Begum v. Gullam,Court of Record,1982-01-01,96,headnote_only,headnote_only,unknown
1982_PLD_47,1982 PLD 47,Muhammad Umar v. Fatima Begum -  Lahore-High-Court-Lahore,Court of Record,1982-01-01,184,headnote_only,headnote_only,unknown
1982_PLD_48,1982 PLD 48,Muhammad Shah Khisro Khan v. The State Through Deputy Commissioner,Court of Record,1982-01-01,283,headnote_only,headnote_only,unknown
1982_PLD_49,1982 PLD 49,Vs -  Supreme-Court-Azad-Kashmir,Court of Record,1982-01-01,31,headnote_only,headnote_only,unknown
1982_PLD_51,1982 PLD 51,"Saeed Amer v. Principal Khyber Medical College, Peshawar",Court of Record,1982-01-01,179,headnote_only,headnote_only,unknown
1982_PLD_52,1982 PLD 52,Province Of Baluchistan v. Gul Hassan -  Quetta-High-Court-Balochistan,Court of Record,1982-01-01,154,headnote_only,headnote_only,unknown
1982_PLD_53,1982 PLD 53,Vs -  Supreme-Court-Azad-Kashmir,Court of Record,1982-01-01,31,headnote_only,headnote_only,unknown
1982_PLD_54,1982 PLD 54,Vs -  Supreme-Court-Azad-Kashmir,Court of Record,1982-01-01,31,headnote_only,headnote_only,unknown
1982_PLD_60,1982 PLD 60,Javed Khali v. The State -  Lahore-High-Court-Lahore,Court of Record,1982-01-01,184,headnote_only,headnote_only,unknown
1982_PLD_62,1982 PLD 62,Vs -  Supreme-Court-Azad-Kashmir,Court of Record,1982-01-01,31,headnote_only,headnote_only,unknown
1982_PLD_63,1982 PLD 63,"Safdar Ali Khan Syal v. District Judge/Election Tribunal, Zilla Council, Jhang -  Lahore-High-Court-Lahore",Court of Record,1982-01-01,200,headnote_only,headnote_only,unknown
1982_PLD_64,1982 PLD 64,Vs -  Supreme-Court-Azad-Kashmir,Court of Record,1982-01-01,31,headnote_only,headnote_only,unknown
1982_PLD_66,1982 PLD 66,Vs -  Supreme-Court-Azad-Kashmir,Court of Record,1982-01-01,31,headnote_only,headnote_only,unknown
1982_PLD_68,1982 PLD 68,Vs -  Supreme-Court-Azad-Kashmir,Court of Record,1982-01-01,31,headnote_only,headnote_only,unknown
1982_PLD_69,1982 PLD 69,Ghulam Lai v. Muhammad Siddique -  Lahore-High-Court-Lahore,Court of Record,1982-01-01,173,headnote_only,headnote_only,unknown
1982_PLD_71,1982 PLD 71,Vs -  Supreme-Court-Azad-Kashmir,Court of Record,1982-01-01,31,headnote_only,headnote_only,unknown
1982_PLD_72,1982 PLD 72,Vs -  Supreme-Court-Azad-Kashmir,Court of Record,1982-01-01,31,headnote_only,headnote_only,unknown
1982_PLD_73,1982 PLD 73,Vs -  Supreme-Court-Azad-Kashmir,Court of Record,1982-01-01,31,headnote_only,headnote_only,unknown
1982_PLD_74,1982 PLD 74,Vs -  Supreme-Court-Azad-Kashmir,Court of Record,1982-01-01,31,headnote_only,headnote_only,unknown
1982_PLD_75,1982 PLD 75,Muhammad Ramzan v. Muhammad Saeed -  Lahore-High-Court-Lahore,Court of Record,1982-01-01,73,headnote_only,headnote_only,unknown
1982_PLD_76,1982 PLD 76,Vs -  Supreme-Court-Azad-Kashmir,Court of Record,1982-01-01,31,headnote_only,headnote_only,unknown
1982_PLD_77,1982 PLD 77,Vs -  Supreme-Court-Azad-Kashmir,Court of Record,1982-01-01,31,headnote_only,headnote_only,unknown
1982_PLD_84,1982 PLD 84,Mahboob Shah v. Baluchistan -  Quetta-High-Court-Balochistan,Court of Record,1982-01-01,209,headnote_only,headnote_only,unknown
1982_PLD_85,1982 PLD 85,Vs -  Supreme-Court-Azad-Kashmir,Court of Record,1982-01-01,31,headnote_only,headnote_only,unknown
1982_PLD_87,1982 PLD 87,Vs -  Supreme-Court-Azad-Kashmir,Court of Record,1982-01-01,31,headnote_only,headnote_only,unknown
1982_PLD_88,1982 PLD 88,Abdul Ghafar v. Mumtaz,Court of Record,1982-01-01,191,headnote_only,headnote_only,unknown
1982_PLD_89,1982 PLD 89,Vs -  Supreme-Court-Azad-Kashmir,Court of Record,1982-01-01,31,headnote_only,headnote_only,unknown
1982_PLD_90,1982 PLD 90,Vs -  Supreme-Court-Azad-Kashmir,Court of Record,1982-01-01,31,headnote_only,headnote_only,unknown
1982_PLD_91,1982 PLD 91,Mubarik Ahmad v. Muhammad Ilyas And 2 Others,Court of Record,1982-01-01,206,headnote_only,headnote_only,unknown
1982_PLD_94,1982 PLD 94,"Parke Davis & Co, Ltd. v. Bliss & Co Ltd. -  Karachi-High-Court-Sindh",Court of Record,1982-01-01,210,headnote_only,headnote_only,unknown
1982_PLD_96,1982 PLD 96,Ziarat Gul v. Ahmad Khan,Court of Record,1982-01-01,246,headnote_only,headnote_only,unknown
1982_PLD_98,1982 PLD 98,Inayat Bibi v. Settlement Commissioner -  Lahore-High-Court-Lahore,Court of Record,1982-01-01,186,headnote_only,headnote_only,unknown
1982_PLD_100,1982 PLD 100,Vs -  Supreme-Court-Azad-Kashmir,Court of Record,1982-01-01,31,headnote_only,headnote_only,unknown
1982_PLD_106,1982 PLD 106,Shujaat Ali v. Muhammad Asghar -  Lahore-High-Court-Lahore,Court of Record,1982-01-01,196,headnote_only,headnote_only,unknown
1982_PLD_107,1982 PLD 107,Vs -  Supreme-Court-Azad-Kashmir,Court of Record,1982-01-01,31,headnote_only,headnote_only,unknown
1982_PLD_109,1982 PLD 109,Vs -  Supreme-Court-Azad-Kashmir,Court of Record,1982-01-01,31,headnote_only,headnote_only,unknown
1982_PLD_110,1982 PLD 110,Muhammad Azim v. Sikandar Khan,Court of Record,1982-01-01,109,headnote_only,headnote_only,unknown
1982_PLD_111,1982 PLD 111,Vs -  Supreme-Court-Azad-Kashmir,Court of Record,1982-01-01,31,headnote_only,headnote_only,unknown
1982_PLD_112,1982 PLD 112,Vs -  Supreme-Court-Azad-Kashmir,Court of Record,1982-01-01,31,headnote_only,headnote_only,unknown
1982_PLD_113,1982 PLD 113,Vs -  Supreme-Court-Azad-Kashmir,Court of Record,1982-01-01,31,headnote_only,headnote_only,unknown
1982_PLD_115,1982 PLD 115,Vs -  Supreme-Court-Azad-Kashmir,Court of Record,1982-01-01,31,headnote_only,headnote_only,unknown
1982_PLD_121,1982 PLD 121,"Canal Petrol Sevice, Larkana Sind v. Pakistan Burmah-Shell Oil Storage & Distillation Co Ltd. -  Karachi-High-Court-Sindh",Court of Record,1982-01-01,257,headnote_only,headnote_only,unknown
1982_PLD_123,1982 PLD 123,Vs -  Supreme-Court-Azad-Kashmir,Court of Record,1982-01-01,31,headnote_only,headnote_only,unknown
1982_PLD_124,1982 PLD 124,Vs -  Supreme-Court-Azad-Kashmir,Court of Record,1982-01-01,31,headnote_only,headnote_only,unknown
1982_PLD_763,1982 PLD 763,Inam Ahmad v. Nurunnisa Mirza -  Karachi-High-Court-Sindh,Court of Record,1982-01-01,127,headnote_only,headnote_only,unknown
1982_PLD_128,1982 PLD 128,Khair Shah v. Hyder Shah -  Karachi-High-Court-Sindh,Court of Record,1982-01-01,111,headnote_only,headnote_only,unknown
1982_PLD_129,1982 PLD 129,Muhammad Yaqoob v. Muhammad Sharif -  Quetta-High-Court-Balochistan,Court of Record,1982-01-01,107,headnote_only,headnote_only,unknown
1982_PLD_131,1982 PLD 131,"Muhammad Ashraf Qadri v. Principal, King Edward Dedical College",Court of Record,1982-01-01,211,headnote_only,headnote_only,unknown
1979_PLD_50,1979 PLD 50,Farhat Shamsa v. Mushtaq Ahmad -  Lahore-High-Court-Lahore,Court of Record,1979-01-01,129,headnote_only,headnote_only,unknown
1979_PLD_63,1979 PLD 63,"Azuz Ahmad v. Income-Tax Officer, Circle H, Lahore -  Lahore-High-Court-Lahore",Court of Record,1979-01-01,157,headnote_only,headnote_only,unknown
1982_PLD_136,1982 PLD 136,Jehanzeb v. The State,Court of Record,1982-01-01,232,headnote_only,headnote_only,unknown
1979_PLD_54,1979 PLD 54,"Govt. Of West Pakistan v. Land Acqusistion Collector, District Gujranwala -  Lahore-High-Court-Lahore",Court of Record,1979-01-01,158,headnote_only,headnote_only,unknown
1979_PLD_58,1979 PLD 58,The State v. Muhammad Ashraf -  Lahore-High-Court-Lahore,Court of Record,1979-01-01,148,headnote_only,headnote_only,unknown
1982_PLD_148,1982 PLD 148,Lal Zarif v. The State,Court of Record,1982-01-01,195,headnote_only,headnote_only,unknown
1982_PLD_149,1982 PLD 149,Abdul Ghani v. The State -  Karachi-High-Court-Sindh,Court of Record,1982-01-01,118,headnote_only,headnote_only,unknown
1982_PLD_151,1982 PLD 151,Evacuee Trust Property Board v. Muhammad Sharif -  Lahore-High-Court-Lahore,Court of Record,1982-01-01,108,headnote_only,headnote_only,appeal_dismissed
1979_PLD_67,1979 PLD 67,Saeen Muhammad v. Govt. Of The Punjab -  Lahore-High-Court-Lahore,Court of Record,1979-01-01,276,headnote_only,headnote_only,unknown
1982_PLD_152,1982 PLD 152,Buria v. The State -  Karachi-High-Court-Sindh,Court of Record,1982-01-01,101,headnote_only,headnote_only,unknown
1982_PLD_153,1982 PLD 153,Dilshad Hussain v. Province Of Punjab -  Lahore-High-Court-Lahore,Court of Record,1982-01-01,151,headnote_only,headnote_only,remanded
1982_PLD_171,1982 PLD 171,Javed Jan v. The State -  Lahore-High-Court-Lahore,Court of Record,1982-01-01,184,headnote_only,headnote_only,unknown
1982_PLD_154,1982 PLD 154,Abdul Ghani v. The State -  Lahore-High-Court-Lahore,Court of Record,1982-01-01,257,headnote_only,headnote_only,unknown
1979_PLD_74,1979 PLD 74,"Shamas Din v. Deputy Martial Law Administrator, Lahore -  Lahore-High-Court-Lahore",Court of Record,1979-01-01,268,headnote_only,headnote_only,unknown
1982_PLD_155,1982 PLD 155,"Ishrat Yar Khan v. Senior Civil Judge, Mardan",Court of Record,1982-01-01,175,headnote_only,headnote_only,unknown
1982_PLD_157,1982 PLD 157,Haji Harifullah v. The State,Court of Record,1982-01-01,203,headnote_only,headnote_only,unknown
1979_PLD_79,1979 PLD 79,Bashi v. The State -  Lahore-High-Court-Lahore,Court of Record,1979-01-01,198,headnote_only,headnote_only,unknown
1982_PLD_159,1982 PLD 159,"Siemens A. G. v. Commissioner Of Income-Tax, Rawalpindi-Zone",Court of Record,1982-01-01,231,headnote_only,headnote_only,unknown
1979_PLD_85,1979 PLD 85,Abdus Salman Khan v. Salim-Ud-Din Ahmad Siddiqui -  Lahore-High-Court-Lahore,Court of Record,1979-01-01,243,headnote_only,headnote_only,unknown
1982_PLD_163,1982 PLD 163,Muhammad Afzal v. The State -  Karachi-High-Court-Sindh,Court of Record,1982-01-01,117,headnote_only,headnote_only,unknown
2009_PLD_278,2009 PLD 278,Hakim Ali v. Province Of Sindh Through Secretary,Court of Record,2009-01-01,139,headnote_only,headnote_only,unknown
1982_PLD_165,1982 PLD 165,S. Ajmal Shah v. Government Of N.W. F. P.,Court of Record,1982-01-01,241,headnote_only,headnote_only,unknown
1979_PLD_91,1979 PLD 91,Begum Nusrat Bhutto v. Deputy Martial Law Administarator -  Lahore-High-Court-Lahore,Court of Record,1979-01-01,293,headnote_only,headnote_only,unknown
1982_PLD_166,1982 PLD 166,Bashir Ahmad v. District Magistrate Sheikhupura -  Lahore-High-Court-Lahore,Court of Record,1982-01-01,107,headnote_only,headnote_only,unknown
1982_PLD_167,1982 PLD 167,Hayat v. Amir,Court of Record,1982-01-01,136,headnote_only,headnote_only,unknown
1982_PLD_168,1982 PLD 168,Abdul Wahid v. Din Muhammad -  Lahore-High-Court-Lahore,Court of Record,1982-01-01,144,headnote_only,headnote_only,unknown
1982_PLD_179,1982 PLD 179,Amanat Khan v. Ghulam Sarwar -  Lahore-High-Court-Lahore,Court of Record,1982-01-01,68,headnote_only,headnote_only,unknown
2009_PLD_166,2009 PLD 166,"Sufi Muhammad Alam v. City District Government, Faisalabad Through District Coordination Officer",Court of Record,2009-01-01,140,headnote_only,headnote_only,unknown
2009_PLD_140,2009 PLD 140,Syed Khurram Shah v. Mian Muhammad Shahbaz Sharif - Kh. Haris Ahmad Lahore-High-Court-Lahore,Court of Record,2009-01-01,234,headnote_only,headnote_only,unknown
2009_PLD_147,2009 PLD 147,Manzar Latif Mian v. Ms. Masarrat Misbah,Court of Record,2009-01-01,272,headnote_only,headnote_only,unknown
2009_PLD_168,2009 PLD 168,Zahida Bibi v. Near Sultana,Court of Record,2009-01-01,291,headnote_only,headnote_only,unknown
2009_PLD_178,2009 PLD 178,Muhammad Farooq v. Mst. Noor Bibi,Court of Record,2009-01-01,247,headnote_only,headnote_only,appeal_dismissed
1982_PLD_180,1982 PLD 180,Nazak Hussain v. The State -  Lahore-High-Court-Lahore,Court of Record,1982-01-01,284,headnote_only,headnote_only,unknown
2009_PLD_191,2009 PLD 191,Sardar Masih Through Legal Heirs v. Jhon Anderias Sardar,Court of Record,2009-01-01,228,headnote_only,headnote_only,leave_refused
2009_PLD_197,2009 PLD 197,Zaheer Hussain Adil v. Punjab Council Of The Arts Through Executive Director,Court of Record,2009-01-01,146,headnote_only,headnote_only,unknown
2009_PLD_203,2009 PLD 203,"Mufti Muhammad Sharif Sarki v. Province Of Sindh Through Secretary, Government Of Sindh, Auqaf, Religious, Minorities Affairs, Zakat And Ushr Department",Court of Record,2009-01-01,200,headnote_only,headnote_only,unknown
2009_PLD_227,2009 PLD 227,"Rana Shahnawaz Khan v. Judge, Family Court, Lahore",Court of Record,2009-01-01,128,headnote_only,headnote_only,unknown
2009_PLD_245,2009 PLD 245,"Punjab Electrical Contractors Organization (Registered) Through Vice-President v. Province Of Punjab Through Secretary Irrigation And Power, Lahore",Court of Record,2009-01-01,130,headnote_only,headnote_only,unknown
1982_PLD_182,1982 PLD 182,Muhammad Hanif v. Sara -  Karachi-High-Court-Sindh,Court of Record,1982-01-01,87,headnote_only,headnote_only,unknown
2009_PLD_218,2009 PLD 218,"Noor Hussain v. Chief Prosecutor General, Punjab",Court of Record,2009-01-01,277,headnote_only,headnote_only,petition_allowed
2009_PLD_243,2009 PLD 243,"Habibullah Niazi v. Federation Of Pakistan Through Federal Secretary, Ministry Of Interior, Pakistan Secretariat, Islamabad",Court of Record,2009-01-01,172,headnote_only,headnote_only,unknown
2009_PLD_247,2009 PLD 247,"Haji Umer v. Province Of Sindh Through Secretary, Revenue Department, Karachi",Court of Record,2009-01-01,251,headnote_only,headnote_only,unknown
1979_PLD_116,1979 PLD 116,Bashir Ahmad v. Rashid Ehsan -  Lahore-High-Court-Lahore,Court of Record,1979-01-01,282,headnote_only,headnote_only,unknown
1982_PLD_187,1982 PLD 187,Lal Din v. Kariman Bibi -  Lahore-High-Court-Lahore,Court of Record,1982-01-01,118,headnote_only,headnote_only,unknown
2009_PLD_261,2009 PLD 261,Ms. Mahnaz Bakhtiar v. Farookh R. Mehri,Court of Record,2009-01-01,217,headnote_only,headnote_only,unknown
1982_PLD_174,1982 PLD 174,Sattan v. Ghulam Muhammad Station House Officer -  Lahore-High-Court-Lahore,Court of Record,1982-01-01,279,headnote_only,headnote_only,unknown
1982_PLD_177,1982 PLD 177,Taj Din v. Ghulam Muhammad -  Lahore-High-Court-Lahore,Court of Record,1982-01-01,178,headnote_only,headnote_only,unknown
2009_PLD_273,2009 PLD 273,Hasan Ali v. Muhammad Farhan Ahmed,Court of Record,2009-01-01,278,headnote_only,headnote_only,unknown
2009_PLD_315,2009 PLD 315,Pakistan Refinery Limited v. Barret Hodgson Pakistan (Pvt.) Ltd,Court of Record,2009-01-01,170,headnote_only,headnote_only,unknown
1982_PLD_194,1982 PLD 194,Muhammad Yaqub Ali v. Muhammad Fayyaz -  Lahore-High-Court-Lahore,Court of Record,1982-01-01,241,headnote_only,headnote_only,unknown
1979_PLD_127,1979 PLD 127,Iqbal Ahmad v. Mehrban Ali -  Lahore-High-Court-Lahore,Court of Record,1979-01-01,216,headnote_only,headnote_only,unknown
1982_PLD_197,1982 PLD 197,Muhammad Ismail v. Muhammad Ashraf -  Lahore-High-Court-Lahore,Court of Record,1982-01-01,135,headnote_only,headnote_only,unknown
1982_PLD_200,1982 PLD 200,Fancy Investments Ltd. v. U. B. L. -  Karachi-High-Court-Sindh,Court of Record,1982-01-01,102,headnote_only,headnote_only,unknown
1982_PLD_201,1982 PLD 201,Muhamamd Sharif v. Muhammad Hussain -  Lahore-High-Court-Lahore,Court of Record,1982-01-01,102,headnote_only,headnote_only,unknown
1982_PLD_204,1982 PLD 204,Arokey Ltd. v. Munir Ahmad Mughal,Court of Record,1982-01-01,172,headnote_only,headnote_only,unknown
1982_PLD_205,1982 PLD 205,"Muhammad Ali v. Chairman, Pakistan Railways -  Karachi-High-Court-Sindh",Court of Record,1982-01-01,120,headnote_only,headnote_only,unknown
1982_PLD_208,1982 PLD 208,Allah Wasaya v. The State,Court of Record,1982-01-01,243,headnote_only,headnote_only,unknown
1982_PLD_210,1982 PLD 210,Nasim Ahmad v. Senior Civil Judge & Rent Controller -  Karachi-High-Court-Sindh,Court of Record,1982-01-01,131,headnote_only,headnote_only,unknown
1982_PLD_212,1982 PLD 212,Makhdooma v. Muhammad Arif -  Karachi-High-Court-Sindh,Court of Record,1982-01-01,172,headnote_only,headnote_only,unknown
1982_PLD_213,1982 PLD 213,"Muhammad Ashraf v. Director, Mlitary Lands",Court of Record,1982-01-01,179,headnote_only,headnote_only,unknown
1982_PLD_214,1982 PLD 214,Noor Ahmad v. The State -  Lahore-High-Court-Lahore,Court of Record,1982-01-01,146,headnote_only,headnote_only,unknown
1982_PLD_216,1982 PLD 216,Zubeda Bano v. S. M. Anwar Sethi -  Karachi-High-Court-Sindh,Court of Record,1982-01-01,142,headnote_only,headnote_only,unknown
1982_PLD_217,1982 PLD 217,Muhammad Yaseen v. James Masih -  Lahore-High-Court-Lahore,Court of Record,1982-01-01,147,headnote_only,headnote_only,unknown
1982_PLD_218,1982 PLD 218,Khuda Bakhsh v. Sultan Ahmad -  Lahore-High-Court-Lahore,Court of Record,1982-01-01,287,headnote_only,headnote_only,unknown
1982_PLD_226,1982 PLD 226,Muhammad Sharif v. Khurshid Ahmad -  Lahore-High-Court-Lahore,Court of Record,1982-01-01,175,headnote_only,headnote_only,unknown
1982_PLD_227,1982 PLD 227,Dawood v. Muhammad Yasin,Court of Record,1982-01-01,138,headnote_only,headnote_only,unknown
1982_PLD_232,1982 PLD 232,Anjuman Jamia Ahli Hadith v. Abdul Qadir -  Lahore-High-Court-Lahore,Court of Record,1982-01-01,108,headnote_only,headnote_only,unknown
1982_PLD_233,1982 PLD 233,Balagamwala Oil Mills Ltd v. Pakistan -  Karachi-High-Court-Sindh,Court of Record,1982-01-01,141,headnote_only,headnote_only,petition_dismissed
1982_PLD_234,1982 PLD 234,Piran Ditta v. Habib Ashraf -  Lahore-High-Court-Lahore,Court of Record,1982-01-01,151,headnote_only,headnote_only,unknown
1982_PLD_255,1982 PLD 255,Aijaz Hussain v. The State -  Karachi-High-Court-Sindh,Court of Record,1982-01-01,152,headnote_only,headnote_only,unknown
1982_PLD_236,1982 PLD 236,Asma Ibrahim v. Sind Road Transport Corporation -  Karachi-High-Court-Sindh,Court of Record,1982-01-01,186,headnote_only,headnote_only,unknown
1982_PLD_239,1982 PLD 239,"Muhammad Hanif v. Collector/Deputy Commissioner, Kasur -  Lahore-High-Court-Lahore",Court of Record,1982-01-01,213,headnote_only,headnote_only,unknown
1982_PLD_240,1982 PLD 240,Muneeruddin v. The State -  Karachi-High-Court-Sindh,Court of Record,1982-01-01,153,headnote_only,headnote_only,unknown
1982_PLD_241,1982 PLD 241,Zareen Akhtar Khan v. Muhammad Ashraq Rana -  Lahore-High-Court-Lahore,Court of Record,1982-01-01,82,headnote_only,headnote_only,unknown
1982_PLD_242,1982 PLD 242,N. A. Qureshi v. Govt. Of The Punjab -  Lahore-High-Court-Lahore,Court of Record,1982-01-01,214,headnote_only,headnote_only,unknown
1982_PLD_244,1982 PLD 244,Sky Rooms Ltd. v. Assistant Collector Of Central Excise Land Customs -  Karachi-High-Court-Sindh,Court of Record,1982-01-01,279,headnote_only,headnote_only,unknown
1982_PLD_247,1982 PLD 247,"Commissioner Of Income-Tax, Karachi v. Estern Federal Union Insurance Co.",Court of Record,1982-01-01,203,headnote_only,headnote_only,unknown
1982_PLD_248,1982 PLD 248,Masood Akhtar v. Muhammad Iqbla -  Lahore-High-Court-Lahore,Court of Record,1982-01-01,123,headnote_only,headnote_only,unknown
1982_PLD_250,1982 PLD 250,Office Reference In Re: v. Office Reference In Re: -  Karachi-High-Court-Sindh,Court of Record,1982-01-01,131,headnote_only,headnote_only,disposed_of
1982_PLD_254,1982 PLD 254,Gul Salub Din v. Sultan Jan,Court of Record,1982-01-01,152,headnote_only,headnote_only,unknown
1982_PLD_259,1982 PLD 259,"M. Ilyas & Sons v. Commissioner Of Income-Tax, Lahore Cone",Court of Record,1982-01-01,187,headnote_only,headnote_only,unknown
1982_PLD_260,1982 PLD 260,Ghandhara Insustries Ltd. v. Govt. Of Pakistan -  Karachi-High-Court-Sindh,Court of Record,1982-01-01,149,headnote_only,headnote_only,unknown
1982_PLD_262,1982 PLD 262,Muhammad Siddique v. Fazla Din -  Lahore-High-Court-Lahore,Court of Record,1982-01-01,96,headnote_only,headnote_only,unknown
1982_PLD_263,1982 PLD 263,Muhammad Saeed Jehangir v. Sanjida Bano -  Karachi-High-Court-Sindh,Court of Record,1982-01-01,118,headnote_only,headnote_only,disposed_of
1982_PLD_276,1982 PLD 276,Sanyal Shah v. Asghar Ali -  Karachi-High-Court-Sindh,Court of Record,1982-01-01,133,headnote_only,headnote_only,unknown
1982_PLD_267,1982 PLD 267,Allah Dittan v. The State,Court of Record,1982-01-01,278,headnote_only,headnote_only,unknown
1982_PLD_271,1982 PLD 271,Shamsuddin v. The State -  Karachi-High-Court-Sindh,Court of Record,1982-01-01,78,headnote_only,headnote_only,unknown
1982_PLD_272,1982 PLD 272,Zarina Rauf Butt v. Malik Aziz Ahmad,Court of Record,1982-01-01,199,headnote_only,headnote_only,disposed_of
1982_PLD_273,1982 PLD 273,"Muhammad Saeed Khan v. Returning Officer, Karachi Municipal Corporation -  Karachi-High-Court-Sindh",Court of Record,1982-01-01,136,headnote_only,headnote_only,unknown
1982_PLD_280,1982 PLD 280,Shaukat Ali v. The State,Court of Record,1982-01-01,237,headnote_only,headnote_only,unknown
1982_PLD_281,1982 PLD 281,Shah Nawaz v. The State -  Karachi-High-Court-Sindh,Court of Record,1982-01-01,126,headnote_only,headnote_only,unknown
1982_PLD_282,1982 PLD 282,Ghulam Muhammad v. Irshad Ahmad,Court of Record,1982-01-01,283,headnote_only,headnote_only,unknown
1982_PLD_284,1982 PLD 284,Shahid Nazir v. University Of The Punjab -  Lahore-High-Court-Lahore,Court of Record,1982-01-01,148,headnote_only,headnote_only,unknown
1982_PLD_303,1982 PLD 303,"Ghulam Rasul v. Additional District Judge, Lahore -  Lahore-High-Court-Lahore",Court of Record,1982-01-01,115,headnote_only,headnote_only,unknown
1982_PLD_287,1982 PLD 287,Forest Department v. Inayat Begum -  Lahore-High-Court-Lahore,Court of Record,1982-01-01,184,headnote_only,headnote_only,unknown
1982_PLD_288,1982 PLD 288,Hussain v. The State -  Karachi-High-Court-Sindh,Court of Record,1982-01-01,196,headnote_only,headnote_only,unknown
1982_PLD_290,1982 PLD 290,"Indus Valley Construction Company Ltd., v. Pakistan Water And Power Development Authority -  Lahore-High-Court-Lahore",Court of Record,1982-01-01,180,headnote_only,headnote_only,unknown
1982_PLD_291,1982 PLD 291,The State v. Allah Bachayo -  Karachi-High-Court-Sindh,Court of Record,1982-01-01,143,headnote_only,headnote_only,unknown
1982_PLD_293,1982 PLD 293,Zahid Baig v. Ghaffar Ahmed -  Karachi-High-Court-Sindh,Court of Record,1982-01-01,171,headnote_only,headnote_only,unknown
1982_PLD_295,1982 PLD 295,Khushi Muhammad v. Anwar Begum -  Lahore-High-Court-Lahore,Court of Record,1982-01-01,232,headnote_only,headnote_only,unknown
1982_PLD_297,1982 PLD 297,"Muhammad Siddiq v. District Magistrate And Tribunal (South), Karachi -  Karachi-High-Court-Sindh",Court of Record,1982-01-01,142,headnote_only,headnote_only,unknown
1982_PLD_301,1982 PLD 301,"Sunshine Estate Ltd., v. Abdul Rehman, Assistant Registrar, Joint Stock Companies, Lahore -  Lahore-High-Court-Lahore",Court of Record,1982-01-01,169,headnote_only,headnote_only,unknown
1982_PLD_302,1982 PLD 302,Aitbar Ali v. The State -  Karachi-High-Court-Sindh,Court of Record,1982-01-01,148,headnote_only,headnote_only,unknown
1982_PLD_306,1982 PLD 306,"Fazal Karim v. Additional District Judge, Lahore",Court of Record,1982-01-01,250,headnote_only,headnote_only,unknown
1982_PLD_308,1982 PLD 308,"Anjuman Araian, Bhera v. Abdul Rashid",Court of Record,1982-01-01,185,headnote_only,headnote_only,unknown
1982_PLD_309,1982 PLD 309,Amir Bux v. The State -  Karachi-High-Court-Sindh,Court of Record,1982-01-01,125,headnote_only,headnote_only,unknown
1982_PLD_314,1982 PLD 314,"Muhammad Younis Malik v. District Judge, Lahore -  Lahore-High-Court-Lahore",Court of Record,1982-01-01,247,headnote_only,headnote_only,unknown
1982_PLD_321,1982 PLD 321,Shamshad Ahmad v. The State -  Lahore-High-Court-Lahore,Court of Record,1982-01-01,207,headnote_only,headnote_only,unknown
1982_PLD_322,1982 PLD 322,Muhammad Sarfraz Khan v. Noor Muhammad,Court of Record,1982-01-01,185,headnote_only,headnote_only,unknown
1982_PLD_323,1982 PLD 323,Hassan v. The State -  Karachi-High-Court-Sindh,Court of Record,1982-01-01,130,headnote_only,headnote_only,unknown
1982_PLD_325,1982 PLD 325,Muhammad Siddiq v. Muhammad Munis,Court of Record,1982-01-01,115,headnote_only,headnote_only,unknown
1982_PLD_326,1982 PLD 326,Govt. Of Baluchistan v. Muhammad Safdar,Court of Record,1982-01-01,162,headnote_only,headnote_only,unknown
1982_PLD_380,1982 PLD 380,Muhammad Rafi v. Sharif Ahmad -  Lahore-High-Court-Lahore,Court of Record,1982-01-01,126,headnote_only,headnote_only,unknown
1982_PLD_327,1982 PLD 327,Shamsuddin v. Imamuddin -  Karachi-High-Court-Sindh,Court of Record,1982-01-01,170,headnote_only,headnote_only,unknown
1982_PLD_330,1982 PLD 330,Begum Darab Sultana v. Custodian,Court of Record,1982-01-01,196,headnote_only,headnote_only,unknown
1982_PLD_332,1982 PLD 332,Feroze Khan v. Meraj Begum -  Lahore-High-Court-Lahore,Court of Record,1982-01-01,264,headnote_only,headnote_only,unknown
1982_PLD_336,1982 PLD 336,Shaikh Haider v. Govt. Of Sind -  Karachi-High-Court-Sindh,Court of Record,1982-01-01,227,headnote_only,headnote_only,unknown
1982_PLD_342,1982 PLD 342,Pakistan v. Sardar Ali,Court of Record,1982-01-01,184,headnote_only,headnote_only,unknown
1982_PLD_344,1982 PLD 344,Khaqan v. The State -  Lahore-High-Court-Lahore,Court of Record,1982-01-01,264,headnote_only,headnote_only,unknown
1982_PLD_347,1982 PLD 347,Pakistan v. Muhammad Abdullah Bajwa,Court of Record,1982-01-01,183,headnote_only,headnote_only,leave_granted
1982_PLD_349,1982 PLD 349,Province Of Punjab v. Ramzan Ali Khan,Court of Record,1982-01-01,201,headnote_only,headnote_only,unknown
1982_PLD_414,1982 PLD 414,"Mehar Cotton Factory, Rahimyarkhan v. Abdul Shakoor & Brothers Karachi -  Karachi-High-Court-Sindh",Court of Record,1982-01-01,122,headnote_only,headnote_only,unknown
1982_PLD_350,1982 PLD 350,Shahnaz Kausar v. Muhamamd Boota -  Lahore-High-Court-Lahore,Court of Record,1982-01-01,163,headnote_only,headnote_only,unknown
1982_PLD_352,1982 PLD 352,Maqsood Ali v. The State -  Karachi-High-Court-Sindh,Court of Record,1982-01-01,146,headnote_only,headnote_only,unknown
1982_PLD_355,1982 PLD 355,Qamar Sultana v. Abdul Hussain -  Karachi-High-Court-Sindh,Court of Record,1982-01-01,201,headnote_only,headnote_only,unknown
1982_PLD_357,1982 PLD 357,Nisar Ahmad Sheikh v. Secretary Of Govt. Of Punjab,Court of Record,1982-01-01,159,headnote_only,headnote_only,unknown
1982_PLD_358,1982 PLD 358,Asad Ali Alvi v. Nazir -  Lahore-High-Court-Lahore,Court of Record,1982-01-01,293,headnote_only,headnote_only,unknown
1982_PLD_360,1982 PLD 360,Dad v. The State -  Karachi-High-Court-Sindh,Court of Record,1982-01-01,221,headnote_only,headnote_only,unknown
1982_PLD_362,1982 PLD 362,M. Saeed Ahmad Dar v. Shahabuddin -  Lahore-High-Court-Lahore,Court of Record,1982-01-01,116,headnote_only,headnote_only,unknown
1982_PLD_363,1982 PLD 363,"Jodha v. Addl. Distt. Judge, Sheikhupura -  Lahore-High-Court-Lahore",Court of Record,1982-01-01,195,headnote_only,headnote_only,unknown
1982_PLD_364,1982 PLD 364,(Colony) Thal Textile Mills Ltd. v. Pakistan -  Lahore-High-Court-Lahore,Court of Record,1982-01-01,150,headnote_only,headnote_only,unknown
1982_PLD_367,1982 PLD 367,Govt. Of Pakistan v. Nawab Muhammad Abbas Khan Abbasi,Court of Record,1982-01-01,275,headnote_only,headnote_only,unknown
1982_PLD_368,1982 PLD 368,Ghulam Muhammad v. Habib-Ur-Rahman -  Lahore-High-Court-Lahore,Court of Record,1982-01-01,174,headnote_only,headnote_only,unknown
1982_PLD_371,1982 PLD 371,Mohammad Ikramul Haq v. Province Of The Punjab -  Lahore-High-Court-Lahore,Court of Record,1982-01-01,287,headnote_only,headnote_only,unknown
1982_PLD_373,1982 PLD 373,Zulfiqar Ahmad ` v. The State -  Lahore-High-Court-Lahore,Court of Record,1982-01-01,101,headnote_only,headnote_only,unknown
1982_PLD_374,1982 PLD 374,Kaneez Fatima v. Abdul Waheed -  Karachi-High-Court-Sindh,Court of Record,1982-01-01,297,headnote_only,headnote_only,unknown
1982_PLD_378,1982 PLD 378,Taj Construction Company v. Federation Of Pakistan -  Karachi-High-Court-Sindh,Court of Record,1982-01-01,171,headnote_only,headnote_only,unknown
1982_PLD_396,1982 PLD 396,Laleesa Begum v. Iqbal Ahmad Qureshi,Court of Record,1982-01-01,181,headnote_only,headnote_only,unknown
1982_PLD_398,1982 PLD 398,Ally Brothers & Co (Pak) Ltd. v. Fedrn Of Pakistan -  Lahore-High-Court-Lahore,Court of Record,1982-01-01,169,headnote_only,headnote_only,unknown
1982_PLD_399,1982 PLD 399,Abdul Saeed Khan v. Saeeda Khanum -  Karachi-High-Court-Sindh,Court of Record,1982-01-01,84,headnote_only,headnote_only,unknown
1982_PLD_401,1982 PLD 401,Abdul Ghani v. Zahida Begum -  Lahore-High-Court-Lahore,Court of Record,1982-01-01,251,headnote_only,headnote_only,unknown
1982_PLD_402,1982 PLD 402,Muhammad Arif v. The State,Court of Record,1982-01-01,182,headnote_only,headnote_only,unknown
1982_PLD_403,1982 PLD 403,Ghafoor Ahmad v. Anwar Baig -  Karachi-High-Court-Sindh,Court of Record,1982-01-01,60,headnote_only,headnote_only,unknown
1982_PLD_405,1982 PLD 405,Muhammad Shaf v. Nizam Din -  Lahore-High-Court-Lahore,Court of Record,1982-01-01,286,headnote_only,headnote_only,unknown
1982_PLD_406,1982 PLD 406,A. S. Mughal v. Khurshid Azmat Ali -  Karachi-High-Court-Sindh,Court of Record,1982-01-01,195,headnote_only,headnote_only,unknown
2008_PLD_71,2008 PLD 71,Human Rights Case No. 4115 Of 2007 Vs,Court of Record,2008-01-01,138,headnote_only,headnote_only,unknown
2008_PLD_73,2008 PLD 73,"Allah Diwaya v. Ghulam Fatima, Represented By Ahmad Sher",Court of Record,2008-01-01,186,headnote_only,headnote_only,unknown
2008_PLD_76,2008 PLD 76,"Niaz Muhammad v. District Returning Officer/District And Sessions Judge, Peshawar",Court of Record,2008-01-01,286,headnote_only,headnote_only,unknown
2008_PLD_84,2008 PLD 84,Muhammd Ibrahim Qasmi v. Election Commission Of Pakistan Through Secretary,Court of Record,2008-01-01,286,headnote_only,headnote_only,unknown
1971_PLD_616,1971 PLD 616,Abdul Ghafoor v. Abdul Karim -  Lahore-High-Court-Lahore,Court of Record,1971-01-01,153,headnote_only,headnote_only,disposed_of
2008_PLD_104,2008 PLD 104,Muhammad Azhar v. United Textile Mills Through Manager,Court of Record,2008-01-01,255,headnote_only,headnote_only,petition_dismissed
2008_PLD_88,2008 PLD 88,Hafiz Hamad Ullah Farooq v. Abdul Qayyum,Court of Record,2008-01-01,240,headnote_only,headnote_only,petition_dismissed
2008_PLD_90,2008 PLD 90,Maulana Atta-Ur-Rehman v. Al-Hajj Sardar Umar Farooq Miankhel,Court of Record,2008-01-01,297,headnote_only,headnote_only,unknown
1971_PLD_619,1971 PLD 619,Vs -  Lahore-High-Court-Lahore,Court of Record,1971-01-01,162,headnote_only,headnote_only,unknown
1971_PLD_597,1971 PLD 597,Vs -  Karachi-High-Court-Sindh,Court of Record,1971-01-01,136,headnote_only,headnote_only,unknown
1971_PLD_598,1971 PLD 598,Vs -  Lahore-High-Court-Lahore,Court of Record,1971-01-01,220,headnote_only,headnote_only,unknown
1971_PLD_605,1971 PLD 605,Vs -  Karachi-High-Court-Sindh,Court of Record,1971-01-01,143,headnote_only,headnote_only,unknown
1971_PLD_708,1971 PLD 708,Vs -  Karachi-High-Court-Sindh,Court of Record,1971-01-01,56,headnote_only,headnote_only,unknown
1971_PLD_625,1971 PLD 625,Vs -  Karachi-High-Court-Sindh,Court of Record,1971-01-01,177,headnote_only,headnote_only,unknown
1971_PLD_632,1971 PLD 632,Vs -  Karachi-High-Court-Sindh,Court of Record,1971-01-01,111,headnote_only,headnote_only,unknown
1971_PLD_649,1971 PLD 649,Vs -  Karachi-High-Court-Sindh,Court of Record,1971-01-01,139,headnote_only,headnote_only,unknown
1971_PLD_652,1971 PLD 652,Vs -  Karachi-High-Court-Sindh,Court of Record,1971-01-01,101,headnote_only,headnote_only,unknown
1971_PLD_654,1971 PLD 654,Vs -  Karachi-High-Court-Sindh,Court of Record,1971-01-01,117,headnote_only,headnote_only,petition_dismissed
1971_PLD_664,1971 PLD 664,"Muhammad Yaqub And 13 Others--- v. The Municipal Committee, Lyallpur---- -  Lahore-High-Court-Lahore",Court of Record,1971-01-01,249,headnote_only,headnote_only,unknown
1971_PLD_666,1971 PLD 666,Vs -  Karachi-High-Court-Sindh,Court of Record,1971-01-01,191,headnote_only,headnote_only,unknown
1971_PLD_669,1971 PLD 669,S. Anwar Hussain San v. Sarfraz Ahmad,Court of Record,1971-01-01,143,headnote_only,headnote_only,unknown
1971_PLD_671,1971 PLD 671,Vs -  Karachi-High-Court-Sindh,Court of Record,1971-01-01,260,headnote_only,headnote_only,unknown
1971_PLD_678,1971 PLD 678,Masood Qureshi v. Azizul Hameed -  Lahore-High-Court-Lahore,Court of Record,1971-01-01,143,headnote_only,headnote_only,unknown
1971_PLD_687,1971 PLD 687,Vs -  Karachi-High-Court-Sindh,Court of Record,1971-01-01,161,headnote_only,headnote_only,unknown
1971_PLD_692,1971 PLD 692,Vs -  Karachi-High-Court-Sindh,Court of Record,1971-01-01,149,headnote_only,headnote_only,unknown
1971_PLD_726,1971 PLD 726,Vs -  Karachi-High-Court-Sindh,Court of Record,1971-01-01,290,headnote_only,headnote_only,unknown
1971_PLD_693,1971 PLD 693,Muhammad Sharif v. Taj Din -  Lahore-High-Court-Lahore,Court of Record,1971-01-01,195,headnote_only,headnote_only,unknown
1971_PLD_698,1971 PLD 698,Vs -  Lahore-High-Court-Lahore,Court of Record,1971-01-01,288,headnote_only,headnote_only,unknown
1971_PLD_700,1971 PLD 700,Ansari Brothers v. Holy Trinthy Church Trust,Court of Record,1971-01-01,181,headnote_only,headnote_only,appeal_dismissed
1971_PLD_701,1971 PLD 701,Vs -  Karachi-High-Court-Sindh,Court of Record,1971-01-01,292,headnote_only,headnote_only,unknown
1971_PLD_703,1971 PLD 703,Muhammad Nawaz v. The State -  Lahore-High-Court-Lahore,Court of Record,1971-01-01,107,headnote_only,headnote_only,unknown
1971_PLD_709,1971 PLD 709,Rashid Ahmad v. The State,Court of Record,1971-01-01,205,headnote_only,headnote_only,remanded
1971_PLD_713,1971 PLD 713,Muhammad Sadiq v. The State,Court of Record,1971-01-01,191,headnote_only,headnote_only,disposed_of
1971_PLD_721,1971 PLD 721,Vs -  Karachi-High-Court-Sindh,Court of Record,1971-01-01,150,headnote_only,headnote_only,unknown
1971_PLD_725,1971 PLD 725,Mukhtar Ali v. The State,Court of Record,1971-01-01,173,headnote_only,headnote_only,unknown
1971_PLD_727,1971 PLD 727,Mst. Imam Hussain Bibi v. Muhammad Latif -  Lahore-High-Court-Lahore,Court of Record,1971-01-01,221,headnote_only,headnote_only,unknown
1971_PLD_729,1971 PLD 729,Vs -  Karachi-High-Court-Sindh,Court of Record,1971-01-01,173,headnote_only,headnote_only,unknown
1971_PLD_730,1971 PLD 730,Sikandar Hayat v. Fazal Karim,Court of Record,1971-01-01,156,headnote_only,headnote_only,unknown
1971_PLD_732,1971 PLD 732,Abdul Aziz v. The State -  Lahore-High-Court-Lahore,Court of Record,1971-01-01,131,headnote_only,headnote_only,unknown
1971_PLD_733,1971 PLD 733,Vs -  Karachi-High-Court-Sindh,Court of Record,1971-01-01,209,headnote_only,headnote_only,petition_dismissed
1971_PLD_734,1971 PLD 734,Vs -  Lahore-High-Court-Lahore,Court of Record,1971-01-01,155,headnote_only,headnote_only,unknown
1971_PLD_737,1971 PLD 737,Vs -  Lahore-High-Court-Lahore,Court of Record,1971-01-01,247,headnote_only,headnote_only,unknown
1971_PLD_739,1971 PLD 739,Vs -  Karachi-High-Court-Sindh,Court of Record,1971-01-01,241,headnote_only,headnote_only,unknown
1971_PLD_741,1971 PLD 741,Ghulam Rubbani v. The State -  Lahore-High-Court-Lahore,Court of Record,1971-01-01,119,headnote_only,headnote_only,unknown
1971_PLD_743,1971 PLD 743,Messrs Dada Ltd. v. Province Of West Pakistan -  Lahore-High-Court-Lahore,Court of Record,1971-01-01,104,headnote_only,headnote_only,unknown
1971_PLD_747,1971 PLD 747,Vs -  Karachi-High-Court-Sindh,Court of Record,1971-01-01,124,headnote_only,headnote_only,unknown
1971_PLD_751,1971 PLD 751,Suleman Shah v. Ayub,Court of Record,1971-01-01,178,headnote_only,headnote_only,unknown
1971_PLD_756,1971 PLD 756,Vs -  Karachi-High-Court-Sindh,Court of Record,1971-01-01,181,headnote_only,headnote_only,unknown
1971_PLD_759,1971 PLD 759,Vs -  Karachi-High-Court-Sindh,Court of Record,1971-01-01,243,headnote_only,headnote_only,unknown
1971_PLD_762,1971 PLD 762,Ahmad Din v. Muhammad Shafi,Court of Record,1971-01-01,234,headnote_only,headnote_only,unknown
1971_PLD_839,1971 PLD 839,Muhammad Ishtiaq v. The Government Of West Pakistan -  Lahore-High-Court-Lahore,Court of Record,1971-01-01,58,headnote_only,headnote_only,unknown
1971_PLD_763,1971 PLD 763,Vs -  Karachi-High-Court-Sindh,Court of Record,1971-01-01,195,headnote_only,headnote_only,unknown
1971_PLD_766,1971 PLD 766,Vs -  Lahore-High-Court-Lahore,Court of Record,1971-01-01,251,headnote_only,headnote_only,unknown
1971_PLD_771,1971 PLD 771,Dr. Fasihullah v. The State,Court of Record,1971-01-01,103,headnote_only,headnote_only,unknown
1971_PLD_772,1971 PLD 772,Vs -  Karachi-High-Court-Sindh,Court of Record,1971-01-01,193,headnote_only,headnote_only,unknown
1971_PLD_776,1971 PLD 776,Khadim Alias Khooni v. The State -  Lahore-High-Court-Lahore,Court of Record,1971-01-01,267,headnote_only,headnote_only,unknown
1971_PLD_779,1971 PLD 779,"Fazal Din v. Custodian, Evacuee Property",Court of Record,1971-01-01,194,headnote_only,headnote_only,unknown
1971_PLD_781,1971 PLD 781,Muhammad Ramzan v. Mst. Khalida Perveen -  Lahore-High-Court-Lahore,Court of Record,1971-01-01,118,headnote_only,headnote_only,unknown
1971_PLD_784,1971 PLD 784,Jamal Jute Bailing & Co v. M. Sarkies & Sons,Court of Record,1971-01-01,191,headnote_only,headnote_only,unknown
1971_PLD_879,1971 PLD 879,"Muhammad Yar And 2 Others v. Chief Land Commissioner, West Pakistan, -  Lahore-High-Court-Lahore",Court of Record,1971-01-01,78,headnote_only,headnote_only,unknown
1971_PLD_793,1971 PLD 793,Vs -  Karachi-High-Court-Sindh,Court of Record,1971-01-01,158,headnote_only,headnote_only,unknown
1971_PLD_799,1971 PLD 799,Muhammad Saleem v. The State -  Lahore-High-Court-Lahore,Court of Record,1971-01-01,203,headnote_only,headnote_only,unknown
1971_PLD_806,1971 PLD 806,Vs -  Karachi-High-Court-Sindh,Court of Record,1971-01-01,95,headnote_only,headnote_only,unknown
1971_PLD_817,1971 PLD 817,Vs -  Karachi-High-Court-Sindh,Court of Record,1971-01-01,125,headnote_only,headnote_only,unknown
1971_PLD_825,1971 PLD 825,Ghazi And 8 Others v. Mst. Nighat Ara Begum -  Lahore-High-Court-Lahore,Court of Record,1971-01-01,181,headnote_only,headnote_only,unknown
1971_PLD_829,1971 PLD 829,Alauddin v. Board Of Intermediate And Secondary -  Lahore-High-Court-Lahore,Court of Record,1971-01-01,213,headnote_only,headnote_only,unknown
1971_PLD_834,1971 PLD 834,Mehra v. Zahur Ahmad -  Lahore-High-Court-Lahore,Court of Record,1971-01-01,297,headnote_only,headnote_only,unknown
1971_PLD_846,1971 PLD 846,Mukhtar Ahmad v. Government Of West Pakistan,Court of Record,1971-01-01,199,headnote_only,headnote_only,unknown
1971_PLD_848,1971 PLD 848,Vs -  Karachi-High-Court-Sindh,Court of Record,1971-01-01,250,headnote_only,headnote_only,unknown
1971_PLD_850,1971 PLD 850,Ghulam Muhammad v. The State -  Lahore-High-Court-Lahore,Court of Record,1971-01-01,206,headnote_only,headnote_only,unknown
1971_PLD_857,1971 PLD 857,Abdur Rab v. Mobarakullah,Court of Record,1971-01-01,123,headnote_only,headnote_only,unknown
1971_PLD_1053,1971 PLD 1053,"Ghulam Muhammad v. Chief Settlement Commissioner, -  Lahore-High-Court-Lahore",Court of Record,1971-01-01,99,headnote_only,headnote_only,unknown
1971_PLD_861,1971 PLD 861,"Messrs Colony Textile Mills Ltd., Lahore v. The Income-Tax Appellate Tribunal -  Lahore-High-Court-Lahore",Court of Record,1971-01-01,114,headnote_only,headnote_only,unknown
1971_PLD_866,1971 PLD 866,Mst. Tahira Begum- v. Ch. Matiullah -  Lahore-High-Court-Lahore,Court of Record,1971-01-01,264,headnote_only,headnote_only,unknown
1971_PLD_871,1971 PLD 871,"M. Abdul Aziz And 3 Others v. The Settlement And Rehabilitation Commissioner, -  Lahore-High-Court-Lahore",Court of Record,1971-01-01,269,headnote_only,headnote_only,unknown
1971_PLD_875,1971 PLD 875,Mst. Tehseen Akhtar v. Mahmood-Ul-Hassan -  Lahore-High-Court-Lahore,Court of Record,1971-01-01,164,headnote_only,headnote_only,unknown
1971_PLD_883,1971 PLD 883,Fazal-Ur-Rahman And 2 Others v. The State -  Lahore-High-Court-Lahore,Court of Record,1971-01-01,241,headnote_only,headnote_only,unknown
1971_PLD_887,1971 PLD 887,Vs -  Karachi-High-Court-Sindh,Court of Record,1971-01-01,231,headnote_only,headnote_only,unknown
1971_PLD_895,1971 PLD 895,Vs -  Karachi-High-Court-Sindh,Court of Record,1971-01-01,62,headnote_only,headnote_only,unknown
1971_PLD_897,1971 PLD 897,Vs -  Karachi-High-Court-Sindh,Court of Record,1971-01-01,158,headnote_only,headnote_only,unknown
1971_PLD_920,1971 PLD 920,Vs -  Karachi-High-Court-Sindh,Court of Record,1971-01-01,124,headnote_only,headnote_only,unknown
1971_PLD_925,1971 PLD 925,Vs -  Karachi-High-Court-Sindh,Court of Record,1971-01-01,57,headnote_only,headnote_only,unknown
1971_PLD_929,1971 PLD 929,Faqir Muhammad v. The State -  Lahore-High-Court-Lahore,Court of Record,1971-01-01,143,headnote_only,headnote_only,unknown
1971_PLD_931,1971 PLD 931,"Muhammad Hidayatullah v. The Settlement And Rehabilitation Commissioner, -  Lahore-High-Court-Lahore",Court of Record,1971-01-01,295,headnote_only,headnote_only,unknown
1971_PLD_937,1971 PLD 937,Vs -  Karachi-High-Court-Sindh,Court of Record,1971-01-01,262,headnote_only,headnote_only,unknown
1971_PLD_938,1971 PLD 938,Inayat And Others v. Nawab Khan -  Lahore-High-Court-Lahore,Court of Record,1971-01-01,113,headnote_only,headnote_only,unknown
1971_PLD_944,1971 PLD 944,"Mst. Zohra v. The District Magistrate, Bahawalnagar -  Lahore-High-Court-Lahore",Court of Record,1971-01-01,108,headnote_only,headnote_only,unknown
1971_PLD_947,1971 PLD 947,Vs -  Lahore-High-Court-Lahore,Court of Record,1971-01-01,227,headnote_only,headnote_only,unknown
1971_PLD_952,1971 PLD 952,"Ghulam Haider v. Discipline Committee, Board Of Intermediate -  Lahore-High-Court-Lahore",Court of Record,1971-01-01,105,headnote_only,headnote_only,unknown
1971_PLD_972,1971 PLD 972,Azhar Ali v. The Chairman Board Of Intermediate -  Lahore-High-Court-Lahore,Court of Record,1971-01-01,228,headnote_only,headnote_only,unknown
1971_PLD_989,1971 PLD 989,Muhammad Anwar Khan v. The Punjab Province -  Lahore-High-Court-Lahore,Court of Record,1971-01-01,174,headnote_only,headnote_only,unknown
1971_PLD_994,1971 PLD 994,Vs -  Lahore-High-Court-Lahore,Court of Record,1971-01-01,295,headnote_only,headnote_only,unknown
1969_PLD_398,1969 PLD 398,Ghulam Muhammad v. Muhammad Sharif,Court of Record,1969-01-01,154,headnote_only,headnote_only,unknown
1971_PLD_999,1971 PLD 999,"Messrs Everlast Enterprises Ltd., Lahore--- v. Government Of Pakistan And Another--- -  Lahore-High-Court-Lahore",Court of Record,1971-01-01,184,headnote_only,headnote_only,unknown
1971_PLD_1007,1971 PLD 1007,Vs -  Lahore-High-Court-Lahore,Court of Record,1971-01-01,296,headnote_only,headnote_only,unknown
1971_PLD_1020,1971 PLD 1020,"Warris Iqbal And Another v. Settlement Commissioner, Lahore Division, -  Lahore-High-Court-Lahore",Court of Record,1971-01-01,293,headnote_only,headnote_only,unknown
1971_PLD_1040,1971 PLD 1040,Dilmeer Khan v. Subhan Khan -  Lahore-High-Court-Lahore,Court of Record,1971-01-01,49,headnote_only,headnote_only,unknown
1969_PLD_399,1969 PLD 399,Malina Rani Das v. Gopal Chandra Roy -  Dhaka,Court of Record,1969-01-01,68,headnote_only,headnote_only,unknown
1971_PLD_1056,1971 PLD 1056,Vs -  Lahore-High-Court-Lahore,Court of Record,1971-01-01,218,headnote_only,headnote_only,unknown
1969_PLD_384,1969 PLD 384,Gul Muhammad v. Mst. Saira Bibi Arm Another -  Karachi-High-Court-Sindh,Court of Record,1969-01-01,38,headnote_only,headnote_only,unknown
1969_PLD_386,1969 PLD 386,"Md. Shamsul Haque v. Managing Director, Pfizer Laboratories Ltd. -  Dhaka",Court of Record,1969-01-01,82,headnote_only,headnote_only,unknown
1969_PLD_389,1969 PLD 389,The Province Of West Pakistan Through The Chief Secretary Of West Pakistan v. Abdul Razzaq Shah -  Karachi-High-Court-Sindh,Court of Record,1969-01-01,108,headnote_only,headnote_only,unknown
1969_PLD_390,1969 PLD 390,Farok Ahmed v. Abdul Jalil -  Dhaka,Court of Record,1969-01-01,164,headnote_only,headnote_only,unknown
1969_PLD_391,1969 PLD 391,"Works Co-Operative Housing Society v. The Karachi Development Authority, Karachi",Court of Record,1969-01-01,274,headnote_only,headnote_only,unknown
1969_PLD_401,1969 PLD 401,Mst. Kaneez Fatima v. Chief Settlement Commissioner And Others -  Karachi-High-Court-Sindh,Court of Record,1969-01-01,59,headnote_only,headnote_only,unknown
1969_PLD_407,1969 PLD 407,"Pakistan, Through The Secretary, Ministry Of Finance v. Muhammad Himayatullah Farukhi",Court of Record,1969-01-01,165,headnote_only,headnote_only,unknown
1969_PLD_408,1969 PLD 408,Messrs Ralli Brothers Ltd. v. Messrs Shaikh Muhammad Din Abdul Rahman -  Karachi-High-Court-Sindh,Court of Record,1969-01-01,122,headnote_only,headnote_only,unknown
1969_PLD_410,1969 PLD 410,"Messrs Luxury House (Firm) Dacca v. First Labour Court, East Pakistan, Dacca -  Dhaka",Court of Record,1969-01-01,85,headnote_only,headnote_only,unknown
1969_PLD_412,1969 PLD 412,"Ram And Another v. Settlement And Rehabilitation Commissioner, Khairpur Division, Khairpur And Others -  Karachi-High-Court-Sindh",Court of Record,1969-01-01,192,headnote_only,headnote_only,petition_dismissed
1969_PLD_417,1969 PLD 417,Makramullah v. Province Of East Pakistan -  Dhaka,Court of Record,1969-01-01,164,headnote_only,headnote_only,disposed_of
1969_PLD_418,1969 PLD 418,"Industrial Sales And Service, Karachi And Another v. Archifar Opal Laboratories Ltd., Karachi -  Karachi-High-Court-Sindh",Court of Record,1969-01-01,144,headnote_only,headnote_only,unknown
1969_PLD_427,1969 PLD 427,Manik Chand Sarda v. Secretary To The Government Of East Pakistan Of Revenue Department -  Dhaka,Court of Record,1969-01-01,182,headnote_only,headnote_only,unknown
1969_PLD_433,1969 PLD 433,Said Muhammad v. Talib Hussain -  Lahore-High-Court-Lahore,Court of Record,1969-01-01,79,headnote_only,headnote_only,unknown
1969_PLD_436,1969 PLD 436,Asghar Jehan Begum v. Syed Jalilur Rehman And Others -  Karachi-High-Court-Sindh,Court of Record,1969-01-01,210,headnote_only,headnote_only,unknown
1969_PLD_448,1969 PLD 448,Mst. Sardar Bang v. Saifullah Khan -  Lahore-High-Court-Lahore,Court of Record,1969-01-01,142,headnote_only,headnote_only,unknown
1969_PLD_451,1969 PLD 451,"B. S. Industries v. The Deputy Registrar, Trade Marks -  Dhaka",Court of Record,1969-01-01,188,headnote_only,headnote_only,unknown
1969_PLD_452,1969 PLD 452,"Fatoomal v. Rehabilitation. Commissioner, Khairpur Division",Court of Record,1969-01-01,274,headnote_only,headnote_only,unknown
1969_PLD_453,1969 PLD 453,Mian Fazal Muhammad Nizam-Ud-Din Baig & Co v. The Province Of West Pakistan -  Lahore-High-Court-Lahore,Court of Record,1969-01-01,246,headnote_only,headnote_only,unknown
1969_PLD_454,1969 PLD 454,"Messrs Dada Ltd., Karachi v. Commissioner Of Income-Tax -  Karachi-High-Court-Sindh",Court of Record,1969-01-01,291,headnote_only,headnote_only,unknown
1969_PLD_456,1969 PLD 456,Kartik Mondal Alias Kartick Chandra Mondal v. Sreemati Pagali Dasi -  Dhaka,Court of Record,1969-01-01,101,headnote_only,headnote_only,unknown
1969_PLD_461,1969 PLD 461,Muhammad Sharif v. S. R. Rahmatullah -  Lahore-High-Court-Lahore,Court of Record,1969-01-01,205,headnote_only,headnote_only,unknown
1969_PLD_463,1969 PLD 463,"The Sangbad Ltd,Khandker Nurul Haque v. The Deputy Commissioner, Dacca,The Province Of East Pakistan,Additional Deputy Commissioner, -  Dhaka",Court of Record,1969-01-01,247,headnote_only,headnote_only,unknown
1969_PLD_467,1969 PLD 467,Asghar Ali Alias Zafar Alam v. Mst. Naseem Akhtar -  Lahore-High-Court-Lahore,Court of Record,1969-01-01,168,headnote_only,headnote_only,unknown
1969_PLD_469,1969 PLD 469,Bashir Ahmad v. Abdul Aziz,Court of Record,1969-01-01,141,headnote_only,headnote_only,unknown
1969_PLD_471,1969 PLD 471,Sher Muhammad v. Rajada And Another -  Lahore-High-Court-Lahore,Court of Record,1969-01-01,292,headnote_only,headnote_only,unknown
1969_PLD_474,1969 PLD 474,"The Pakistan Employees Co-Operative Housing Society Ltd., Karachi-Defendants v. Mst. Anwar Sultana And Others-Plaintiffs -  Karachi-High-Court-Sindh",Court of Record,1969-01-01,166,headnote_only,headnote_only,unknown
1969_PLD_495,1969 PLD 495,Messrs Tar Muhammad Janoo & Co.---Applicant- v. Messrs Maldivian National Corporation (Ceylon) Ltd. And Another-Opponents -  Karachi-High-Court-Sindh,Court of Record,1969-01-01,165,headnote_only,headnote_only,unknown
1969_PLD_515,1969 PLD 515,Haji Shamsuddin Ismail And Others v. The State And Others -  Karachi-High-Court-Sindh,Court of Record,1969-01-01,125,headnote_only,headnote_only,unknown
1969_PLD_499,1969 PLD 499,Javed Ali Bepari v. Abdul Bari Bepari -  Dhaka,Court of Record,1969-01-01,198,headnote_only,headnote_only,unknown
1969_PLD_506,1969 PLD 506,Syed Muzaffar Ali Shah v. Settlement Commissioner (Industries) -  Karachi-High-Court-Sindh,Court of Record,1969-01-01,149,headnote_only,headnote_only,unknown
1969_PLD_512,1969 PLD 512,Muhammad Amin v. Mst. Surraya Begum -  Lahore-High-Court-Lahore,Court of Record,1969-01-01,116,headnote_only,headnote_only,unknown
1969_PLD_514,1969 PLD 514,"Messrs Macneill & Barry Ltd v. Commissioner Of Income-Tax, East Pakistan",Court of Record,1969-01-01,211,headnote_only,headnote_only,unknown
1965_PLD_39,1965 PLD 39,Mst. Alam Bibi v. Munshi -  West-Pakistan-Board-Of-Revenue,Court of Record,1965-01-01,93,headnote_only,headnote_only,unknown
1969_PLD_516,1969 PLD 516,"Md. Juran Mondal Alias Md. Juran Ali Mondal v. A. H. Chowdhury, District Judge, Jessore -  Dhaka",Court of Record,1969-01-01,291,headnote_only,headnote_only,unknown
1969_PLD_517,1969 PLD 517,"Messrs Ata Hossain Khan Ltd v. Commissioner Of Income-Tax, East Pakistan, Dacca",Court of Record,1969-01-01,222,headnote_only,headnote_only,unknown
1969_PLD_522,1969 PLD 522,Province Of East Pakistan v. Md. Atiqullah -  Dhaka,Court of Record,1969-01-01,212,headnote_only,headnote_only,unknown
1969_PLD_523,1969 PLD 523,Messrs M. Muhammad Said v. Ch. Muhammad Tufail & Co. And Others -  Karachi-High-Court-Sindh,Court of Record,1969-01-01,75,headnote_only,headnote_only,unknown
1969_PLD_524,1969 PLD 524,Messrs Badri Narayan Agarwala v. Messrs Pak. Jute Balers Ltd,Court of Record,1969-01-01,67,headnote_only,headnote_only,unknown
1969_PLD_532,1969 PLD 532,Mst. Meraj Fatima v. Settlement Commissioner -  Lahore-High-Court-Lahore,Court of Record,1969-01-01,186,headnote_only,headnote_only,unknown
1969_PLD_535,1969 PLD 535,Abdul Hamid v. Muhammad Shahidullah,Court of Record,1969-01-01,180,headnote_only,headnote_only,unknown
1969_PLD_537,1969 PLD 537,Khan Muhammad v. Said -  Lahore-High-Court-Lahore,Court of Record,1969-01-01,113,headnote_only,headnote_only,unknown
1969_PLD_540,1969 PLD 540,"The Commissioner Of Income-Tax Central, Karachi v. Messrs Pestonji Bhicaji, Stevedores And Dubashes, Karachi -  Karachi-High-Court-Sindh",Court of Record,1969-01-01,232,headnote_only,headnote_only,unknown
1969_PLD_541,1969 PLD 541,"Mazharul Huq v. Additional Commissioner, Chittagong -  Dhaka",Court of Record,1969-01-01,202,headnote_only,headnote_only,unknown
1969_PLD_546,1969 PLD 546,Roshan Din v. S. M. Badruddin -  Karachi-High-Court-Sindh,Court of Record,1969-01-01,191,headnote_only,headnote_only,unknown
1969_PLD_552,1969 PLD 552,Gul Muhammad v. Haji Ghulam Rasul -  Lahore-High-Court-Lahore,Court of Record,1969-01-01,204,headnote_only,headnote_only,unknown
1965_PLD_56,1965 PLD 56,Muqaddar Shah v. Inayatullah Khan -  West-Pakistan-Board-Of-Revenue,Court of Record,1965-01-01,85,headnote_only,headnote_only,unknown
1969_PLD_557,1969 PLD 557,Messrs M. A. Vakil & Co v. The Province Of West Pakistan Through The Secretary To The Government Of West Pakistan -  Lahore-High-Court-Lahore,Court of Record,1969-01-01,191,headnote_only,headnote_only,unknown
1969_PLD_560,1969 PLD 560,Bashir Ahmad v. Mst. Kaniz Begum -  Lahore-High-Court-Lahore,Court of Record,1969-01-01,159,headnote_only,headnote_only,unknown
1969_PLD_563,1969 PLD 563,Mst. Subhan Bibi And Another v. Mst. Musarrat Jabeen And Others -  Karachi-High-Court-Sindh,Court of Record,1969-01-01,121,headnote_only,headnote_only,unknown
1969_PLD_565,1969 PLD 565,Sri Manmatha Nath Kuri v. Moulvi Muhammad Mokhlesur Rehman,Court of Record,1969-01-01,203,headnote_only,headnote_only,unknown
1969_PLD_603,1969 PLD 603,"Fida Ali And Another v. The Settlement Commissioner, Karachi And 4 Others -  Karachi-High-Court-Sindh",Court of Record,1969-01-01,125,headnote_only,headnote_only,unknown
1969_PLD_567,1969 PLD 567,"Adamjee Jute Mills Ltd v. Chairman, Industrial Court, East Pakistan -  Dhaka",Court of Record,1969-01-01,118,headnote_only,headnote_only,unknown
1969_PLD_571,1969 PLD 571,James Finlay & Co. Ltd. v. Aminul Islam -  Dhaka,Court of Record,1969-01-01,221,headnote_only,headnote_only,unknown
1969_PLD_575,1969 PLD 575,"Dr. Hussain Ali v. S. Ghulam Samdani,Settlement And Rehabilitation Commissioner, Lahore -  Lahore-High-Court-Lahore",Court of Record,1969-01-01,111,headnote_only,headnote_only,unknown
1969_PLD_582,1969 PLD 582,"Messrs Essential Industries, Dacca v. The Commissioner Of Income-Tax, East Pakistan, Dacca -  Dhaka",Court of Record,1969-01-01,162,headnote_only,headnote_only,unknown
1969_PLD_585,1969 PLD 585,"The Commissioner Of Income-Tax, East Pakistan, Dacca v. Messrs Pak. Trading Co., Dacca -  Dhaka",Court of Record,1969-01-01,124,headnote_only,headnote_only,unknown
1969_PLD_587,1969 PLD 587,"Chief Administrator Of Auqaf, West Pakistan, Lahore v. Hameeda Khan -  Lahore-High-Court-Lahore",Court of Record,1969-01-01,261,headnote_only,headnote_only,unknown
1969_PLD_589,1969 PLD 589,Tofazzal Hussain v. Province Of East Pakistan -  Dhaka,Court of Record,1969-01-01,237,headnote_only,headnote_only,unknown
1969_PLD_614,1969 PLD 614,The Commissioner Of Income-Tax v. Haji Ali Muhammad H. K. Dada -  Karachi-High-Court-Sindh,Court of Record,1969-01-01,173,headnote_only,headnote_only,unknown
1969_PLD_615,1969 PLD 615,Syed Amir Hussain Shah v. Progressive Papers Ltd -  Lahore-High-Court-Lahore,Court of Record,1969-01-01,200,headnote_only,headnote_only,unknown
1969_PLD_617,1969 PLD 617,Commissioner Of Income-Tax v. Messrs Agha Yusuf & Sons -  Karachi-High-Court-Sindh,Court of Record,1969-01-01,135,headnote_only,headnote_only,unknown
1969_PLD_622,1969 PLD 622,"Mrs. Nema v. West Pakistan Through Chief Secretary, To The Government Of West Pakistan -  Karachi-High-Court-Sindh",Court of Record,1969-01-01,194,headnote_only,headnote_only,unknown
1969_PLD_623,1969 PLD 623,Messrs Haider Automobile Ltd v. Pakistan,Court of Record,1969-01-01,113,headnote_only,headnote_only,unknown
1969_PLD_636,1969 PLD 636,Messrs Azad And Publications Ltd. v. Azad Press Karmachari Union -  Dhaka,Court of Record,1969-01-01,118,headnote_only,headnote_only,unknown
1969_PLD_743,1969 PLD 743,Umar Din v. Government Of West Pakistan -  Lahore-High-Court-Lahore,Court of Record,1969-01-01,62,headnote_only,headnote_only,unknown
1969_PLD_642,1969 PLD 642,Muhammad Bakhsh v. Jamal -  Lahore-High-Court-Lahore,Court of Record,1969-01-01,166,headnote_only,headnote_only,unknown
1969_PLD_644,1969 PLD 644,"Nawabganj Thana Fishermen Co Operative Society Ltd. v. Member, Board Of Revenue, Government Of East Pakistan -  Dhaka",Court of Record,1969-01-01,82,headnote_only,headnote_only,unknown
1969_PLD_646,1969 PLD 646,Khialdas And Another v. Mahraj Gopi Krishin -  Karachi-High-Court-Sindh,Court of Record,1969-01-01,204,headnote_only,headnote_only,unknown
1969_PLD_647,1969 PLD 647,Rahenuddin Mallik v. Province Of East Pakistan -  Dhaka,Court of Record,1969-01-01,171,headnote_only,headnote_only,unknown
1969_PLD_648,1969 PLD 648,Muhammad Yasin v. The State -  Lahore-High-Court-Lahore,Court of Record,1969-01-01,110,headnote_only,headnote_only,unknown
1969_PLD_649,1969 PLD 649,Province Of East Pakistan v. Hajee Muslimullah -  Dhaka,Court of Record,1969-01-01,294,headnote_only,headnote_only,unknown
1969_PLD_781,1969 PLD 781,"Malik Ghulam Rasool v. The Superintendent Of Police, Mianwali -  Lahore-High-Court-Lahore",Court of Record,1969-01-01,88,headnote_only,headnote_only,unknown
1969_PLD_651,1969 PLD 651,Sh. Amir-Ud-Din v. Ch. Hassan Din -  Lahore-High-Court-Lahore,Court of Record,1969-01-01,173,headnote_only,headnote_only,unknown
1969_PLD_653,1969 PLD 653,"Province Of West Pakistan v. Sind Purchasing Board, Karachi -  Karachi-High-Court-Sindh",Court of Record,1969-01-01,206,headnote_only,headnote_only,unknown
1969_PLD_654,1969 PLD 654,"Nuruddin Mridha v. District Judge, Faridpur -  Dhaka",Court of Record,1969-01-01,84,headnote_only,headnote_only,unknown
1969_PLD_657,1969 PLD 657,"Abdul Rahim v. Officer-In-Charge, Army Stores Inspection Depot, Dacca -  Dhaka",Court of Record,1969-01-01,102,headnote_only,headnote_only,unknown
1969_PLD_658,1969 PLD 658,Ainuddin Bepari v. Banessa Bibi -  Dhaka,Court of Record,1969-01-01,260,headnote_only,headnote_only,unknown
1969_PLD_666,1969 PLD 666,Meherunnessa Khatoon v. Md. Hafizur Rahman -  Dhaka,Court of Record,1969-01-01,106,headnote_only,headnote_only,unknown
1969_PLD_670,1969 PLD 670,Abdul Halim v. Faizunnessa Bibi Alias Sarada -  Dhaka,Court of Record,1969-01-01,76,headnote_only,headnote_only,unknown
1969_PLD_673,1969 PLD 673,"Zeenat Textile Mills (E. Pak.) Ltd. v. The Commissioner Of Income-Tax, Dacca Zone -  Dhaka",Court of Record,1969-01-01,190,headnote_only,headnote_only,unknown
1969_PLD_675,1969 PLD 675,Nazir Ahmad Bhutta v. Settlement Authorities -  Lahore-High-Court-Lahore,Court of Record,1969-01-01,239,headnote_only,headnote_only,unknown
1969_PLD_680,1969 PLD 680,"The State v. N. A. Farooqi, Manager, Crushing (Pakistan) Ltd -  Lahore-High-Court-Lahore",Court of Record,1969-01-01,112,headnote_only,headnote_only,unknown
1969_PLD_681,1969 PLD 681,"Jaban Ali Khan v. Commissioner Of Income-Tax, East Pakistan -  Dhaka",Court of Record,1969-01-01,265,headnote_only,headnote_only,unknown
1969_PLD_686,1969 PLD 686,"Abdul Aziz v. The Settlement And Rehabilitation Commissioner, Lahore Division, Lahore -  Lahore-High-Court-Lahore",Court of Record,1969-01-01,177,headnote_only,headnote_only,unknown
1969_PLD_687,1969 PLD 687,"Commissioner Of Income-Tax, Dacca Zone, Dacca v. Amin Jute Baling Company, Dacca -  Dhaka",Court of Record,1969-01-01,109,headnote_only,headnote_only,unknown
1969_PLD_690,1969 PLD 690,K. B. Ch. Ghulam Ahmad v. G. L. Whitelay -  Lahore-High-Court-Lahore,Court of Record,1969-01-01,119,headnote_only,headnote_only,remanded
1969_PLD_691,1969 PLD 691,"Jack D'Cruz v. The Collector Of Customs, Chittagong -  Dhaka",Court of Record,1969-01-01,87,headnote_only,headnote_only,unknown
1969_PLD_694,1969 PLD 694,Muhammad Hussain v. Fazal Karim -  Lahore-High-Court-Lahore,Court of Record,1969-01-01,215,headnote_only,headnote_only,unknown
1969_PLD_696,1969 PLD 696,Star Shipping Lines Ltd. v. Messrs Eastern Pakistan Commercial Corporation -  Dhaka,Court of Record,1969-01-01,95,headnote_only,headnote_only,unknown
1969_PLD_710,1969 PLD 710,Messrs Allied International Corporation v. Mst. Rashida Bibi -  Lahore-High-Court-Lahore,Court of Record,1969-01-01,118,headnote_only,headnote_only,unknown
1969_PLD_717,1969 PLD 717,"Chairman, Brooke Bond (Pakistan) Ltd., Karachi v. General Secretary, Union Karkunane Brook Bond (Pakistan) Ltd., Rawalpindi -  Lahore-High-Court-Lahore",Court of Record,1969-01-01,220,headnote_only,headnote_only,unknown
1969_PLD_719,1969 PLD 719,Md. Esack v. Raja Miah -  Dhaka,Court of Record,1969-01-01,191,headnote_only,headnote_only,unknown
1969_PLD_725,1969 PLD 725,Maqsood Alias Suda v. The State -  Lahore-High-Court-Lahore,Court of Record,1969-01-01,128,headnote_only,headnote_only,unknown
1969_PLD_733,1969 PLD 733,Muhammad Hussain v. The State -  Lahore-High-Court-Lahore,Court of Record,1969-01-01,138,headnote_only,headnote_only,unknown
1969_PLD_734,1969 PLD 734,Master Thread Ball Works v. H. A. Karim -  Dhaka,Court of Record,1969-01-01,125,headnote_only,headnote_only,unknown
1969_PLD_738,1969 PLD 738,Azmat Khan v. The State -  Lahore-High-Court-Lahore,Court of Record,1969-01-01,175,headnote_only,headnote_only,unknown
1969_PLD_741,1969 PLD 741,Mahbubul Huq v. The Chief Election Commissioner Of Pakistan -  Dhaka,Court of Record,1969-01-01,256,headnote_only,headnote_only,petition_allowed
1969_PLD_751,1969 PLD 751,"Messrs Ithad Textile Mills, Multan v. The Commissioner Of Income-Tax, West Pakistan (North Zone), Lahore -  Lahore-High-Court-Lahore",Court of Record,1969-01-01,209,headnote_only,headnote_only,unknown
1969_PLD_762,1969 PLD 762,Malik Muhammad Ishaque v. Mirza Almas Ali Beg -  Lahore-High-Court-Lahore,Court of Record,1969-01-01,253,headnote_only,headnote_only,unknown
1969_PLD_764,1969 PLD 764,Province Of East Pakistan v. Ashraf Ali -  Dhaka,Court of Record,1969-01-01,193,headnote_only,headnote_only,unknown
1969_PLD_767,1969 PLD 767,Ch. Ghulam Muhammad v. The State -  Lahore-High-Court-Lahore,Court of Record,1969-01-01,181,headnote_only,headnote_only,unknown
1969_PLD_795,1969 PLD 795,Jagat Chandra Das v. Assistant Custodian Of Enemy Property -  Dhaka,Court of Record,1969-01-01,221,headnote_only,headnote_only,unknown
1969_PLD_823,1969 PLD 823,"Muhammad Din & Sons Shahdara Mills, Lahore v. The Province Of West Pakistan -  Lahore-High-Court-Lahore",Court of Record,1969-01-01,68,headnote_only,headnote_only,unknown
1969_PLD_830,1969 PLD 830,"Messrs K. S. B. Pumps Co. Ltd v. Pakistan Through The Secretary, Ministry Of Finance, Government Of Pakistan, -  Lahore-High-Court-Lahore",Court of Record,1969-01-01,94,headnote_only,headnote_only,unknown
1969_PLD_832,1969 PLD 832,East Pakistan Inland Water Transport Authority v. Haji Abdul Jalil Bepari -  Dhaka,Court of Record,1969-01-01,180,headnote_only,headnote_only,disposed_of
1969_PLD_834,1969 PLD 834,Muhammad Ismail v. Fazal Ahmad -  Lahore-High-Court-Lahore,Court of Record,1969-01-01,143,headnote_only,headnote_only,unknown
1965_PLD_92,1965 PLD 92,Dil Muhammad Mondal v. The State -  Dhaka,Court of Record,1965-01-01,87,headnote_only,headnote_only,unknown
1969_PLD_841,1969 PLD 841,"Guru Das Saha v. The Deputy Custodian, Enemy Property (Lands And Buildings), East Pakistan -  Dhaka",Court of Record,1969-01-01,240,headnote_only,headnote_only,unknown
1969_PLD_849,1969 PLD 849,Chowdhury Muhammad Sarwar v. Sakhawat Hossain -  Dhaka,Court of Record,1969-01-01,104,headnote_only,headnote_only,unknown
1969_PLD_850,1969 PLD 850,"Zahid Ali v. Chief Settlement Commissioner, Lahore -  Lahore-High-Court-Lahore",Court of Record,1969-01-01,231,headnote_only,headnote_only,unknown
1969_PLD_860,1969 PLD 860,Narain Das Nathu Ram Cotton Ginning Factory v. The Province Of West Pakistan -  Lahore-High-Court-Lahore,Court of Record,1969-01-01,118,headnote_only,headnote_only,unknown
1969_PLD_871,1969 PLD 871,"Shaukat Ali v. The Deputy Settlement Commissioner, Centre Iii, Lahore -  Lahore-High-Court-Lahore",Court of Record,1969-01-01,192,headnote_only,headnote_only,unknown
1969_PLD_880,1969 PLD 880,"Nabi Bakhsh v. Malik Muhammad Akram, Settlement Commissioner -  Lahore-High-Court-Lahore",Court of Record,1969-01-01,166,headnote_only,headnote_only,unknown
1969_PLD_886,1969 PLD 886,Mumtaz Humayun v. Major Habib-Ur-Rehman -  Lahore-High-Court-Lahore,Court of Record,1969-01-01,78,headnote_only,headnote_only,unknown
1969_PLD_979,1969 PLD 979,Mst. Lutfun Nahar v. Syeeda Hashmat Ara Begum -  Dhaka,Court of Record,1969-01-01,141,headnote_only,headnote_only,unknown
1969_PLD_905,1969 PLD 905,"The Commissioner Of Income-Tax, East Pakistan v. Tar Muhammad Haji Hamed -  Dhaka",Court of Record,1969-01-01,99,headnote_only,headnote_only,unknown
1969_PLD_910,1969 PLD 910,"Mst. Akbari Begum v. The Commissioner Of Income-Tax, East Pakistan, Dacca -  Dhaka",Court of Record,1969-01-01,81,headnote_only,headnote_only,unknown
1969_PLD_913,1969 PLD 913,Md. Rafique v. Md. Siddique -  Dhaka,Court of Record,1969-01-01,192,headnote_only,headnote_only,unknown
1969_PLD_923,1969 PLD 923,Abul Hossain v. Md. Masim Ali Gaze -  Dhaka,Court of Record,1969-01-01,180,headnote_only,headnote_only,unknown
1969_PLD_927,1969 PLD 927,Jaffar Hossain v. Dacca Municipal Committee -  Dhaka,Court of Record,1969-01-01,190,headnote_only,headnote_only,unknown
1969_PLD_946,1969 PLD 946,Hajee Nurul Islam Chowdhury v. The Patiy Tea Co. Ltd. -  Dhaka,Court of Record,1969-01-01,219,headnote_only,headnote_only,unknown
1969_PLD_948,1969 PLD 948,"A. B. M. Habibar Rehman v. The Director Of Technical Education, East Pakistan, Dacca -  Dhaka",Court of Record,1969-01-01,216,headnote_only,headnote_only,unknown
1969_PLD_950,1969 PLD 950,Bashirullah Munshi v. Abdul Bari Bepari -  Dhaka,Court of Record,1969-01-01,193,headnote_only,headnote_only,unknown
1969_PLD_951,1969 PLD 951,Ali Muhammad v. Thb Province Of West Pakistan -  Lahore-High-Court-Lahore,Court of Record,1969-01-01,226,headnote_only,headnote_only,revision_allowed
1969_PLD_954,1969 PLD 954,"The Manager, Swiss Boring (Overseas) Corporation Ltd., Dacca v. Shamsul Huq -  Dhaka",Court of Record,1969-01-01,106,headnote_only,headnote_only,unknown
1969_PLD_957,1969 PLD 957,Nazimuddin Khan v. Province Of East Pakistan -  Dhaka,Court of Record,1969-01-01,166,headnote_only,headnote_only,unknown
1969_PLD_961,1969 PLD 961,Farid Ahmed v. Province Of East Pakistan -  Dhaka,Court of Record,1969-01-01,249,headnote_only,headnote_only,unknown
1969_PLD_965,1969 PLD 965,Abdul Jabbar Khan v. The State -  Dhaka,Court of Record,1969-01-01,98,headnote_only,headnote_only,unknown
1969_PLD_966,1969 PLD 966,"Messrs Ludlow Pakistan Co. Ltd. v. The Commissioner Of Income-Tax, Dacca -  Dhaka",Court of Record,1969-01-01,81,headnote_only,headnote_only,unknown
1969_PLD_991,1969 PLD 991,Tota Mia And 9 Others v. The State -  Dhaka,Court of Record,1969-01-01,195,headnote_only,headnote_only,unknown
1969_PLD_1032,1969 PLD 1032,"Taj Muhammad v. Zafar Ali Shah,The State -  Lahore-High-Court-Lahore",Court of Record,1969-01-01,122,headnote_only,headnote_only,unknown
1969_PLD_1049,1969 PLD 1049,Noor Muhammad v. The State -  Lahore-High-Court-Lahore,Court of Record,1969-01-01,286,headnote_only,headnote_only,unknown
1969_PLD_1066,1969 PLD 1066,"Abdul Hamid v. The Deputy Commissioner/Chairman, District Evacuee Trust Committee, Gujranwala -  Lahore-High-Court-Lahore",Court of Record,1969-01-01,181,headnote_only,headnote_only,unknown
1969_PLD_1071,1969 PLD 1071,Aziz-Convict v. The State -  Lahore-High-Court-Lahore,Court of Record,1969-01-01,188,headnote_only,headnote_only,unknown
1969_PLD_1080,1969 PLD 1080,"General Secretary, P. W. R. Union (Workshop), Lahore v. The Registrar, Trade Unions -  Lahore-High-Court-Lahore",Court of Record,1969-01-01,198,headnote_only,headnote_only,unknown
1965_PLD_22,1965 PLD 22,Rahim Bux v. Nur Din -  West-Pakistan-Board-Of-Revenue,Court of Record,1965-01-01,190,headnote_only,headnote_only,unknown
1965_PLD_23,1965 PLD 23,Karam Din v. Mst. Jeeo -  Supreme-Court-Azad-Kashmir,Court of Record,1965-01-01,94,headnote_only,headnote_only,unknown
1965_PLD_25,1965 PLD 25,Abdur Rehman v. Suleman -  West-Pakistan-Board-Of-Revenue,Court of Record,1965-01-01,101,headnote_only,headnote_only,unknown
1965_PLD_26,1965 PLD 26,Matwali Khan v. Shah Zaman -  Supreme-Court-Azad-Kashmir,Court of Record,1965-01-01,242,headnote_only,headnote_only,unknown
1965_PLD_27,1965 PLD 27,Muhammad Aslam v. Mir Dad -  West-Pakistan-Board-Of-Revenue,Court of Record,1965-01-01,102,headnote_only,headnote_only,unknown
1965_PLD_28,1965 PLD 28,Sultan Muqarrab v. Salah-Ud-Din -  West-Pakistan-Board-Of-Revenue,Court of Record,1965-01-01,99,headnote_only,headnote_only,unknown
1965_PLD_29,1965 PLD 29,Hashmat Ali v. Chiragh Din -  West-Pakistan-Board-Of-Revenue,Court of Record,1965-01-01,70,headnote_only,headnote_only,unknown
1965_PLD_32,1965 PLD 32,Najib Ali Khan v. The Azad J & K Government -  Supreme-Court-Azad-Kashmir,Court of Record,1965-01-01,178,headnote_only,headnote_only,unknown
1965_PLD_33,1965 PLD 33,"M. Y. Reza Baig v. Regional Transport Authority, Dacca -  Dhaka",Court of Record,1965-01-01,164,headnote_only,headnote_only,unknown
1965_PLD_34,1965 PLD 34,Mst. Bibi Aisha v. Mst. Nurul Baha -  West-Pakistan-Board-Of-Revenue,Court of Record,1965-01-01,87,headnote_only,headnote_only,unknown
1965_PLD_35,1965 PLD 35,Maula Bakhsh v. Subedar Major Baz Khan -  West-Pakistan-Board-Of-Revenue,Court of Record,1965-01-01,86,headnote_only,headnote_only,unknown
1965_PLD_36,1965 PLD 36,Fateh Muhammad v. Abdul Haq -  West-Pakistan-Board-Of-Revenue,Court of Record,1965-01-01,113,headnote_only,headnote_only,appeal_dismissed
1965_PLD_37,1965 PLD 37,Mst. Hamid-Un-Nisa v. Ghulam Rasool -  West-Pakistan-Board-Of-Revenue,Court of Record,1965-01-01,166,headnote_only,headnote_only,revision_dismissed
1965_PLD_38,1965 PLD 38,Azad J. & K. Government v. Inayat Ullah -  Supreme-Court-Azad-Kashmir,Court of Record,1965-01-01,183,headnote_only,headnote_only,unknown
1965_PLD_42,1965 PLD 42,Muhammad Sidiq v. Shabbir Muhammad -  West-Pakistan-Board-Of-Revenue,Court of Record,1965-01-01,202,headnote_only,headnote_only,unknown
1965_PLD_43,1965 PLD 43,Pasmarat Ahmed Sheikh v. Azad J & K Government -  Supreme-Court-Azad-Kashmir,Court of Record,1965-01-01,148,headnote_only,headnote_only,unknown
1965_PLD_44,1965 PLD 44,Azim v. The State,Court of Record,1965-01-01,243,headnote_only,headnote_only,unknown
1965_PLD_46,1965 PLD 46,Srinagar-Rawalpindi Transport Co. v. Muhammad Azeem Khan -  Supreme-Court-Azad-Kashmir,Court of Record,1965-01-01,262,headnote_only,headnote_only,unknown
1965_PLD_49,1965 PLD 49,Muhammad Ashraf v. Tikke Khan -  West-Pakistan-Board-Of-Revenue,Court of Record,1965-01-01,164,headnote_only,headnote_only,unknown
1965_PLD_50,1965 PLD 50,Muhammad Ishaq v. Sh. Manloor-Ul-Hassan & Bros. -  Lahore-High-Court-Lahore,Court of Record,1965-01-01,150,headnote_only,headnote_only,unknown
1965_PLD_51,1965 PLD 51,Muhammad Shafi Etc v. Roshan -  West-Pakistan-Board-Of-Revenue,Court of Record,1965-01-01,110,headnote_only,headnote_only,unknown
1965_PLD_52,1965 PLD 52,Mir Alam v. Ghulam Haider -  West-Pakistan-Board-Of-Revenue,Court of Record,1965-01-01,78,headnote_only,headnote_only,unknown
1965_PLD_53,1965 PLD 53,Mst. Ata Elahi v. Mst. Karam Elahi -  West-Pakistan-Board-Of-Revenue,Court of Record,1965-01-01,220,headnote_only,headnote_only,revision_dismissed
1965_PLD_54,1965 PLD 54,Sardar Khan v. Sardar -  West-Pakistan-Board-Of-Revenue,Court of Record,1965-01-01,166,headnote_only,headnote_only,unknown
1965_PLD_55,1965 PLD 55,Haidar Khan v. The State,Court of Record,1965-01-01,105,headnote_only,headnote_only,unknown
1965_PLD_57,1965 PLD 57,Mst. Mubarak Khatun v. Ghulam Hussain -  West-Pakistan-Board-Of-Revenue,Court of Record,1965-01-01,140,headnote_only,headnote_only,unknown
1965_PLD_58,1965 PLD 58,Khabbar v. Wadero Abdur Rehman -  West-Pakistan-Board-Of-Revenue,Court of Record,1965-01-01,164,headnote_only,headnote_only,unknown
1965_PLD_59,1965 PLD 59,Yar Muhammad v. Muhammad Akbar -  West-Pakistan-Board-Of-Revenue,Court of Record,1965-01-01,88,headnote_only,headnote_only,unknown
1965_PLD_60,1965 PLD 60,Dr. Sar Anjam Khan v. Mir Muhammad Khan -  West-Pakistan-Board-Of-Revenue,Court of Record,1965-01-01,126,headnote_only,headnote_only,unknown
1965_PLD_61,1965 PLD 61,Sher Muhammad v. The State -  Karachi-High-Court-Sindh,Court of Record,1965-01-01,181,headnote_only,headnote_only,unknown
1965_PLD_63,1965 PLD 63,Mansabdar v. Boota -  West-Pakistan-Board-Of-Revenue,Court of Record,1965-01-01,124,headnote_only,headnote_only,unknown
1965_PLD_64,1965 PLD 64,Ali Gohar v. Yaqoob -  West-Pakistan-Board-Of-Revenue,Court of Record,1965-01-01,133,headnote_only,headnote_only,unknown
1965_PLD_66,1965 PLD 66,Mst. Sharifan v. Niaz Muhammad Etc -  West-Pakistan-Board-Of-Revenue,Court of Record,1965-01-01,159,headnote_only,headnote_only,unknown
1965_PLD_67,1965 PLD 67,Allah Ditta v. Khan -  West-Pakistan-Board-Of-Revenue,Court of Record,1965-01-01,232,headnote_only,headnote_only,revision_allowed
1965_PLD_68,1965 PLD 68,Banaras Khan v. Bahadur Shah -  West-Pakistan-Board-Of-Revenue,Court of Record,1965-01-01,74,headnote_only,headnote_only,unknown
1965_PLD_69,1965 PLD 69,Khan Shah v. Mst. Sat Bhari -  West-Pakistan-Board-Of-Revenue,Court of Record,1965-01-01,123,headnote_only,headnote_only,unknown
1965_PLD_71,1965 PLD 71,Shamshuddin v. Fazaluddin -  West-Pakistan-Board-Of-Revenue,Court of Record,1965-01-01,152,headnote_only,headnote_only,unknown
1965_PLD_72,1965 PLD 72,Dr. Lal Faqir v. Mst. Malka Bibi -  West-Pakistan-Board-Of-Revenue,Court of Record,1965-01-01,147,headnote_only,headnote_only,unknown
1965_PLD_73,1965 PLD 73,Mst. Alam Khatun v. Ghulam Muhammad -  Lahore-High-Court-Lahore,Court of Record,1965-01-01,69,headnote_only,headnote_only,unknown
1965_PLD_78,1965 PLD 78,Mirza Nisar Ali v. Babu Hussain Ali,Court of Record,1965-01-01,211,headnote_only,headnote_only,unknown
1965_PLD_82,1965 PLD 82,Malik Abdul Aziz v. West Pakistan Publishing Company (Private) Ltd. -  Lahore-High-Court-Lahore,Court of Record,1965-01-01,138,headnote_only,headnote_only,unknown
1965_PLD_83,1965 PLD 83,Messrs Ahmad Bros v. Mahmoodul Hassan Khan -  Karachi-High-Court-Sindh,Court of Record,1965-01-01,87,headnote_only,headnote_only,unknown
1965_PLD_84,1965 PLD 84,Syed Widhal Shah v. Syed Ghulam Nabi Shah -  Karachi-High-Court-Sindh,Court of Record,1965-01-01,215,headnote_only,headnote_only,unknown
1965_PLD_86,1965 PLD 86,"Golam Sarwar Molla v. Chairman And Members Of Election Tribunal, East Pakistan, Dacca -  Dhaka",Court of Record,1965-01-01,289,headnote_only,headnote_only,unknown
1965_PLD_90,1965 PLD 90,The State v. Abdul Rehman -  Karachi-High-Court-Sindh,Court of Record,1965-01-01,223,headnote_only,headnote_only,unknown
1965_PLD_93,1965 PLD 93,"Syed Ibrar Hussain Shah v. The Provincial Election Authority, West Pakistan, Through Its Secretary, Mr. Anayatullah, Lahore",Court of Record,1965-01-01,144,headnote_only,headnote_only,unknown
1965_PLD_95,1965 PLD 95,Syed Amir Abbas v. Mazhar Ali Shaikh -  Karachi-High-Court-Sindh,Court of Record,1965-01-01,205,headnote_only,headnote_only,unknown
1965_PLD_98,1965 PLD 98,Abdul Aziz v. The State -  Dhaka,Court of Record,1965-01-01,47,headnote_only,headnote_only,unknown
1965_PLD_100,1965 PLD 100,Muhammad Alam v. Pakistan -  Karachi-High-Court-Sindh,Court of Record,1965-01-01,218,headnote_only,headnote_only,unknown
1965_PLD_102,1965 PLD 102,Mubarak Ali v. The State -  Lahore-High-Court-Lahore,Court of Record,1965-01-01,275,headnote_only,headnote_only,unknown
1965_PLD_104,1965 PLD 104,Mohammad Abbasuddin v. Province Of East Pakistan -  Dhaka,Court of Record,1965-01-01,166,headnote_only,headnote_only,unknown
1965_PLD_105,1965 PLD 105,Qazi Fazlullah v. The State -  Karachi-High-Court-Sindh,Court of Record,1965-01-01,232,headnote_only,headnote_only,unknown
1965_PLD_108,1965 PLD 108,Nasrullah v. Mukarram Khan,Court of Record,1965-01-01,111,headnote_only,headnote_only,unknown
1965_PLD_110,1965 PLD 110,Province Of West Pakistan v. Mushtaq Ahmad Gurmani -  Karachi-High-Court-Sindh,Court of Record,1965-01-01,245,headnote_only,headnote_only,unknown
1965_PLD_111,1965 PLD 111,Sohni v. Bahaduri,Court of Record,1965-01-01,262,headnote_only,headnote_only,unknown
1965_PLD_114,1965 PLD 114,Brij Lal Jajoo v. Commissioner Of Incom Tax,Court of Record,1965-01-01,276,headnote_only,headnote_only,unknown
1965_PLD_119,1965 PLD 119,Araz Muhammad v. The State -  Karachi-High-Court-Sindh,Court of Record,1965-01-01,86,headnote_only,headnote_only,unknown
1965_PLD_120,1965 PLD 120,"Begum Shamsunnehar v. The Speaker, East Pakistan Provincial Assembly",Court of Record,1965-01-01,227,headnote_only,headnote_only,unknown
1965_PLD_122,1965 PLD 122,Zakir Ahmad v. University Of Dacca -  Dhaka,Court of Record,1965-01-01,253,headnote_only,headnote_only,unknown
1965_PLD_126,1965 PLD 126,Bashir Ahmad v. Mumtaz Khan -  Lahore-High-Court-Lahore,Court of Record,1965-01-01,237,headnote_only,headnote_only,unknown
1965_PLD_127,1965 PLD 127,Mst. Zebunnisa v. Muhammad -  Karachi-High-Court-Sindh,Court of Record,1965-01-01,129,headnote_only,headnote_only,unknown
1965_PLD_129,1965 PLD 129,Haji Ghulavi Muhammad Khan v. M. Mutiullah Khan,Court of Record,1965-01-01,137,headnote_only,headnote_only,unknown
1965_PLD_133,1965 PLD 133,Ali Muhammad v. The State -  Karachi-High-Court-Sindh,Court of Record,1965-01-01,223,headnote_only,headnote_only,unknown
1965_PLD_135,1965 PLD 135,Maulvi Farid Ahmad v. Government Of West Pakistan -  Lahore-High-Court-Lahore,Court of Record,1965-01-01,244,headnote_only,headnote_only,unknown
1965_PLD_139,1965 PLD 139,Altaf Hussain Shah v. The State -  Karachi-High-Court-Sindh,Court of Record,1965-01-01,88,headnote_only,headnote_only,unknown
1965_PLD_144,1965 PLD 144,Imtizaj Husain v. Settlement And Rehabilitation Commissioner -  Karachi-High-Court-Sindh,Court of Record,1965-01-01,207,headnote_only,headnote_only,unknown
1965_PLD_146,1965 PLD 146,Commissioner Of Sales Tax v. Dada Plastic Works,Court of Record,1965-01-01,78,headnote_only,headnote_only,unknown
1965_PLD_149,1965 PLD 149,Mst. Said Khanam v. Abdul Jabbar,Court of Record,1965-01-01,132,headnote_only,headnote_only,unknown
1965_PLD_150,1965 PLD 150,Kefatullah Pramanik v. The State -  Dhaka,Court of Record,1965-01-01,181,headnote_only,headnote_only,unknown
1965_PLD_155,1965 PLD 155,"Public Prosecutor, Karachi v. Tahir Beg -  Karachi-High-Court-Sindh",Court of Record,1965-01-01,113,headnote_only,headnote_only,unknown
1965_PLD_157,1965 PLD 157,Ghaus Muhammad Shah v. Administrator Of Auqaf,Court of Record,1965-01-01,167,headnote_only,headnote_only,unknown
1965_PLD_170,1965 PLD 170,"Court Of Wards, Hyderabad v. Muhammad Kaim -  Karachi-High-Court-Sindh",Court of Record,1965-01-01,217,headnote_only,headnote_only,unknown
1965_PLD_171,1965 PLD 171,Commissioner Of Income-Tax v. Wahiduzzaman,Court of Record,1965-01-01,240,headnote_only,headnote_only,unknown
1965_PLD_172,1965 PLD 172,Mian Niaz Hussain v. Imdad Hussain -  Lahore-High-Court-Lahore,Court of Record,1965-01-01,237,headnote_only,headnote_only,unknown
1965_PLD_197,1965 PLD 197,Abdul Hamid v. Khurshid Begum -  Lahore-High-Court-Lahore,Court of Record,1965-01-01,134,headnote_only,headnote_only,unknown
1965_PLD_178,1965 PLD 178,Mir Pio v. Mir Nawaz,Court of Record,1965-01-01,179,headnote_only,headnote_only,unknown
1965_PLD_179,1965 PLD 179,Muhammad Hussain v. Mehraj Din -  Lahore-High-Court-Lahore,Court of Record,1965-01-01,132,headnote_only,headnote_only,unknown
1965_PLD_180,1965 PLD 180,Zaheer Ali v. The State -  Karachi-High-Court-Sindh,Court of Record,1965-01-01,97,headnote_only,headnote_only,unknown
1965_PLD_182,1965 PLD 182,Abdul Rahim v. The State -  Karachi-High-Court-Sindh,Court of Record,1965-01-01,150,headnote_only,headnote_only,unknown
1965_PLD_183,1965 PLD 183,"Nasar Ahmed v. Returning Officer, (Unit No. 1734), Karachi -  Karachi-High-Court-Sindh",Court of Record,1965-01-01,172,headnote_only,headnote_only,unknown
1965_PLD_185,1965 PLD 185,The State v. Syedda Salma Begum And Another -  Karachi-High-Court-Sindh,Court of Record,1965-01-01,81,headnote_only,headnote_only,unknown
1965_PLD_187,1965 PLD 187,The State v. Suleman -  Karachi-High-Court-Sindh,Court of Record,1965-01-01,90,headnote_only,headnote_only,unknown
1965_PLD_189,1965 PLD 189,Ghulam Rasool v. The State -  Karachi-High-Court-Sindh,Court of Record,1965-01-01,282,headnote_only,headnote_only,unknown
1965_PLD_192,1965 PLD 192,Muhammad Ishaq v. The State -  Karachi-High-Court-Sindh,Court of Record,1965-01-01,117,headnote_only,headnote_only,unknown
1965_PLD_193,1965 PLD 193,Maynarbap Alias Abdul Gafur v. The State -  Dhaka,Court of Record,1965-01-01,144,headnote_only,headnote_only,unknown
1965_PLD_196,1965 PLD 196,Ghulam Haider v. The State,Court of Record,1965-01-01,287,headnote_only,headnote_only,unknown
1965_PLD_200,1965 PLD 200,Ghulam Qadir v. Ghulam Hussain -  Lahore-High-Court-Lahore,Court of Record,1965-01-01,181,headnote_only,headnote_only,unknown
1965_PLD_202,1965 PLD 202,Pakistan Industrial Development Corporation v. Aziz Qureshi -  Karachi-High-Court-Sindh,Court of Record,1965-01-01,294,headnote_only,headnote_only,unknown
1965_PLD_204,1965 PLD 204,Nur Muhammad Alias Nur Ahmad v. The State -  Dhaka,Court of Record,1965-01-01,111,headnote_only,headnote_only,unknown
1965_PLD_206,1965 PLD 206,"Muhammad Sher v. Union Council, Dhudial -  Lahore-High-Court-Lahore",Court of Record,1965-01-01,97,headnote_only,headnote_only,unknown
1965_PLD_211,1965 PLD 211,"East Pakistan Aluminium & Iron Manufacturing Co., Tejgaon v. Chairman, Industrial Court, East Pakistan -  Dhaka",Court of Record,1965-01-01,176,headnote_only,headnote_only,unknown
1965_PLD_215,1965 PLD 215,"The Commissioner Of Income-Tax, East Pakistan, Dacca v. Messrs The Engineers Ltd -  Dhaka",Court of Record,1965-01-01,79,headnote_only,headnote_only,unknown
1965_PLD_217,1965 PLD 217,M/S. Bengal River Service Co. Ltd v. The Income-Tax Officer Companies Circle Ii And Others -  Dhaka,Court of Record,1965-01-01,73,headnote_only,headnote_only,unknown
1965_PLD_219,1965 PLD 219,Hunting Clan Air Transport Ltd v. Pakistan International Airlines Corporation -  Karachi-High-Court-Sindh,Court of Record,1965-01-01,73,headnote_only,headnote_only,unknown
1965_PLD_220,1965 PLD 220,Ensan Matbar Alias Ensanuddin Matbar v. The State -  Dhaka,Court of Record,1965-01-01,86,headnote_only,headnote_only,unknown
1965_PLD_221,1965 PLD 221,Ladli Prasad Jaiswal v. Karnal Distillery Co. Ltd,Court of Record,1965-01-01,272,headnote_only,headnote_only,unknown
1965_PLD_224,1965 PLD 224,Naqi Hanna Khabbaz v. Messrs Dalmia Cement Ltd -  Karachi-High-Court-Sindh,Court of Record,1965-01-01,228,headnote_only,headnote_only,unknown
1965_PLD_225,1965 PLD 225,Muhammad Arshad Khan v. Murad Khan,Court of Record,1965-01-01,152,headnote_only,headnote_only,unknown
1965_PLD_231,1965 PLD 231,"Muhammad Abdus Salam v. Chairman, East Pakistan Election Authorty -  Dhaka",Court of Record,1965-01-01,137,headnote_only,headnote_only,unknown
1965_PLD_236,1965 PLD 236,Raja Muhammad v. The State,Court of Record,1965-01-01,208,headnote_only,headnote_only,unknown
1965_PLD_238,1965 PLD 238,The State v. Syed Mahejabeen Hussain Naqvi -  Karachi-High-Court-Sindh,Court of Record,1965-01-01,176,headnote_only,headnote_only,unknown
1965_PLD_240,1965 PLD 240,Nur Illahi v. The State,Court of Record,1965-01-01,138,headnote_only,headnote_only,unknown
1965_PLD_244,1965 PLD 244,Malik Raza Khan v. Pakistan -  Karachi-High-Court-Sindh,Court of Record,1965-01-01,255,headnote_only,headnote_only,unknown
1965_PLD_248,1965 PLD 248,West Pakistan Transport Co. v. Transport Appellate Authority,Court of Record,1965-01-01,254,headnote_only,headnote_only,disposed_of
1965_PLD_250,1965 PLD 250,"Ch. Khushi Muhammad v. The Commissioner, Multan Division, Multan -  Lahore-High-Court-Lahore",Court of Record,1965-01-01,273,headnote_only,headnote_only,unknown
1965_PLD_252,1965 PLD 252,"Issar Bai Alias Kishan Bai v. Settlement Commissioner, Hyderabad And Khairpur Divisions -  Karachi-High-Court-Sindh",Court of Record,1965-01-01,158,headnote_only,headnote_only,unknown
1965_PLD_259,1965 PLD 259,Mst. Hanifa Bai v. Muhammad Siddiq-Abdul Sattar -  Karachi-High-Court-Sindh,Court of Record,1965-01-01,174,headnote_only,headnote_only,unknown
1965_PLD_260,1965 PLD 260,Muhammad Idris v. Tobarak Hussain -  Dhaka,Court of Record,1965-01-01,84,headnote_only,headnote_only,unknown
2007_PLD_566,2007 PLD 566,Zain Ullah Khan v. Additional Director,Court of Record,2007-01-01,250,headnote_only,headnote_only,petition_dismissed
1965_PLD_425,1965 PLD 425,Gulzaruddin Ahmad Alias Gulzar Gazi v. The State -  Dhaka,Court of Record,1965-01-01,204,headnote_only,headnote_only,unknown
1965_PLD_433,1965 PLD 433,"Abdul Rashid v. Secretary, Home (Police) Department, Government Of East Pakistan -  Dhaka",Court of Record,1965-01-01,161,headnote_only,headnote_only,unknown
1965_PLD_464,1965 PLD 464,"Messrs Ata Hussain Khan Ltd v. The Commissioner Of Income-Tax, East Pakistan, Dacca -  Dhaka",Court of Record,1965-01-01,193,headnote_only,headnote_only,unknown
1965_PLD_460,1965 PLD 460,Messrs Balagamwalla Cotton Ginners v. Pressing Factory -  Karachi-High-Court-Sindh,Court of Record,1965-01-01,292,headnote_only,headnote_only,unknown
1965_PLD_467,1965 PLD 467,Khalil Ahmad & Abdul Aziz v. Commissioner Of Income-Tax,Court of Record,1965-01-01,205,headnote_only,headnote_only,unknown
1965_PLD_478,1965 PLD 478,Tofazzal Hussain v. Province Of East Pakistan -  Dhaka,Court of Record,1965-01-01,272,headnote_only,headnote_only,unknown
1965_PLD_482,1965 PLD 482,Ghulam Muhammad v. Allah Yar -  Lahore-High-Court-Lahore,Court of Record,1965-01-01,278,headnote_only,headnote_only,unknown
1965_PLD_489,1965 PLD 489,Provincial Government v. M. K. Musafir,Court of Record,1965-01-01,290,headnote_only,headnote_only,unknown
1965_PLD_503,1965 PLD 503,"The Commissioner Of Income-Tax, East Pakistan v. Messrs Sandwip Tanneries, Dacca -  Dhaka",Court of Record,1965-01-01,137,headnote_only,headnote_only,unknown
1965_PLD_507,1965 PLD 507,Mian Muhammad Din v. Sh. Muhammad Ishaque Gaba -  Lahore-High-Court-Lahore,Court of Record,1965-01-01,274,headnote_only,headnote_only,unknown
1965_PLD_514,1965 PLD 514,Kazi Mohiuddin v. Government Of East Pakistan -  Dhaka,Court of Record,1965-01-01,132,headnote_only,headnote_only,unknown
1965_PLD_525,1965 PLD 525,Moulvi Mobashwaruddin Alias Moulvi -Md. Mobashwaruddin v. A. B. M. Jaheed Hussain -  Dhaka,Court of Record,1965-01-01,139,headnote_only,headnote_only,unknown
1965_PLD_531,1965 PLD 531,Suratan Nessa Bibi v. Muhammad Naimuddin Mondal -  Dhaka,Court of Record,1965-01-01,132,headnote_only,headnote_only,unknown
1965_PLD_557,1965 PLD 557,Collector Of Karachi v. M. N. E. Dinshaw -  Karachi-High-Court-Sindh,Court of Record,1965-01-01,286,headnote_only,headnote_only,unknown
1965_PLD_579,1965 PLD 579,Dawood Hashim v. The State -  Karachi-High-Court-Sindh,Court of Record,1965-01-01,235,headnote_only,headnote_only,unknown
1965_PLD_615,1965 PLD 615,Vs -  Karachi-High-Court-Sindh,Court of Record,1965-01-01,153,headnote_only,headnote_only,unknown
1965_PLD_656,1965 PLD 656,Manzur Elahi v. The State -  Lahore-High-Court-Lahore,Court of Record,1965-01-01,231,headnote_only,headnote_only,unknown
1965_PLD_672,1965 PLD 672,"Masitullah v. The Chief Settlement Commissioner, Lahore & Major Bashir Ahmad Khan -  Lahore-High-Court-Lahore",Court of Record,1965-01-01,246,headnote_only,headnote_only,unknown
2006_PLD_169,2006 PLD 169,"Mian Corporation Through Managing Partner v. Messrs Lever Brothers Of Pakistan Ltd. Through General Sales Manager, Karachi---Respondent",Court of Record,2006-01-01,155,headnote_only,headnote_only,unknown
2006_PLD_163,2006 PLD 163,Muhammad Ahsan Alias Aksan v. The State,Court of Record,2006-01-01,189,headnote_only,headnote_only,unknown
2006_PLD_176,2006 PLD 176,Maqsood Akbar v. The State,Court of Record,2006-01-01,231,headnote_only,headnote_only,unknown
2006_PLD_178,2006 PLD 178,Irshad Ali Alias Ishoo v. The State,Court of Record,2006-01-01,295,headnote_only,headnote_only,unknown
2006_PLD_182,2006 PLD 182,M. Ashraf Bhatti v. M. Aasam Butt,Court of Record,2006-01-01,289,headnote_only,headnote_only,unknown
2006_PLD_186,2006 PLD 186,Muhammad Rafiq v. The State,Court of Record,2006-01-01,175,headnote_only,headnote_only,leave_refused
2006_PLD_217,2006 PLD 217,Safdar Ali v. Naveed Sadiq,Court of Record,2006-01-01,161,headnote_only,headnote_only,unknown
2006_PLD_219,2006 PLD 219,Muhammad Amin v. The State,Court of Record,2006-01-01,291,headnote_only,headnote_only,leave_refused
1952_PLD_563,1952 PLD 563,Yar Muhammad v. Ghulam Sarwar -  Lahore-High-Court-Lahore,Lahore High Court,1952-01-01,251,headnote_only,headnote_only,unknown
1952_PLD_632,1952 PLD 632,J. A. Humphrey v. The Crown -  Lahore-High-Court-Lahore,Court of Record,1952-01-01,146,headnote_only,headnote_only,unknown
1952_PLD_609,1952 PLD 609,Mirza v. The Crown -  Lahore-High-Court-Lahore,Lahore High Court,1952-01-01,295,headnote_only,headnote_only,unknown
1952_PLD_645,1952 PLD 645,Sardar Khan v. The Crown -  Lahore-High-Court-Lahore,Lahore High Court,1952-01-01,175,headnote_only,headnote_only,unknown
1951_PLD_254,1951 PLD 254,Crown v. Muhammad Khan -  Lahore-High-Court-Lahore,Lahore High Court,1951-01-01,235,headnote_only,headnote_only,unknown
1951_PLD_268,1951 PLD 268,Mst. Mehr Bhari v. Bahadur -  Lahore-High-Court-Lahore,Lahore High Court,1951-01-01,161,headnote_only,headnote_only,unknown
1951_PLD_318,1951 PLD 318,Fatta v. Crown -  Lahore-High-Court-Lahore,Court of Record,1951-01-01,150,headnote_only,headnote_only,unknown
1951_PLD_329,1951 PLD 329,Mst. Bibi Rani v. Muhammad Hussain -  Lahore-High-Court-Lahore,Lahore High Court,1951-01-01,161,headnote_only,headnote_only,unknown
1951_PLD_338,1951 PLD 338,Abdul Ghani v. Pir Nazir Ahmad -  Lahore-High-Court-Lahore,Lahore High Court,1951-01-01,161,headnote_only,headnote_only,unknown
1951_PLD_368,1951 PLD 368,Mirza Akbar Ali v. Mirza Iftikhar Ali -  Lahore-High-Court-Lahore,Lahore High Court,1951-01-01,159,headnote_only,headnote_only,unknown
1951_PLD_386,1951 PLD 386,Abdul Karim v. Ghulam Ghaus -  Lahore-High-Court-Lahore,Lahore High Court,1951-01-01,166,headnote_only,headnote_only,unknown
1951_PLD_400,1951 PLD 400,Fazal Dad Khan v. Gashtasab Khan -  Lahore-High-Court-Lahore,Lahore High Court,1951-01-01,164,headnote_only,headnote_only,unknown
1951_PLD_408,1951 PLD 408,Mst. Sat Bharai v. Nur Elahi -  Lahore-High-Court-Lahore,Lahore High Court,1951-01-01,160,headnote_only,headnote_only,unknown
1951_PLD_437,1951 PLD 437,Gul Muhammad v. Sadar-Ud-Din -  Lahore-High-Court-Lahore,Lahore High Court,1951-01-01,175,headnote_only,headnote_only,unknown
1951_PLD_447,1951 PLD 447,Jan Muhammad v. Barkat Ullah -  Lahore-High-Court-Lahore,Lahore High Court,1951-01-01,151,headnote_only,headnote_only,unknown
1951_PLD_467,1951 PLD 467,Mst. Lalan Bibi v. Muhammad Ashfaq -  Lahore-High-Court-Lahore,Lahore High Court,1951-01-01,199,headnote_only,headnote_only,unknown
1951_PLD_491,1951 PLD 491,"Abdul Latif v. Small Town Committee, Ramnagar, District Gujranw Ala -  Lahore-High-Court-Lahore",Lahore High Court,1951-01-01,206,headnote_only,headnote_only,unknown
1950_PLD_269,1950 PLD 269,Sheroo v. Crown -  Lahore-High-Court-Lahore,Court of Record,1950-01-01,145,headnote_only,headnote_only,unknown
1950_PLD_247,1950 PLD 247,Haider v. Crown -  Lahore-High-Court-Lahore,Lahore High Court,1950-01-01,223,headnote_only,headnote_only,unknown
1950_PLD_274,1950 PLD 274,Muhammad Sarwar v. Khuda Bakhsh -  Lahore-High-Court-Lahore,Lahore High Court,1950-01-01,153,headnote_only,headnote_only,unknown
1950_PLD_288,1950 PLD 288,Ata Muhammad Khan Alvi v. Crown -  Lahore-High-Court-Lahore,Lahore High Court,1950-01-01,253,headnote_only,headnote_only,unknown
1950_PLD_370,1950 PLD 370,Abdul Sattar v. Mst. Hamida Bibi -  Lahore-High-Court-Lahore,Lahore High Court,1950-01-01,240,headnote_only,headnote_only,unknown
1950_PLD_451,1950 PLD 451,Chiragh Din v. Crown -  Lahore-High-Court-Lahore,Lahore High Court,1950-01-01,261,headnote_only,headnote_only,unknown
1950_PLD_495,1950 PLD 495,"Deputy Commissioner, Jhang v. Khushal -  Lahore-High-Court-Lahore",Lahore High Court,1950-01-01,175,headnote_only,headnote_only,unknown
1950_PLD_499,1950 PLD 499,Mirza Khan v. Subedar Muhammad Benaras -  Lahore-High-Court-Lahore,Lahore High Court,1950-01-01,195,headnote_only,headnote_only,unknown
1949_PLD_207,1949 PLD 207,Sanmukhsing v. The King,Court of Record,1949-01-01,216,headnote_only,headnote_only,unknown
1949_PLD_222,1949 PLD 222,Abasand Oils Ltd v. The Boiler Inspection And Insurance Company Of Canada,Court of Record,1949-01-01,169,headnote_only,headnote_only,unknown
1949_PLD_212,1949 PLD 212,"In The Matter Of The ""Naya Zamana"" A Newspaper v. The Crown -  Lahore-High-Court-Lahore",Lahore High Court,1949-01-01,197,headnote_only,headnote_only,unknown
1949_PLD_239,1949 PLD 239,Chandu Lal Agarwalla v. Khalil-Ur-Rahman,Court of Record,1949-01-01,299,headnote_only,headnote_only,unknown
1949_PLD_233,1949 PLD 233,Dhondu v. The King,Privy Council,1949-01-01,166,headnote_only,headnote_only,unknown
1949_PLD_238,1949 PLD 238,Suka v. The King,Privy Council,1949-01-01,172,headnote_only,headnote_only,unknown
1949_PLD_245,1949 PLD 245,C. S. Nataraja Pillai (Now Deceased) v. C. S. Subbaraya Chettiar,Court of Record,1949-01-01,272,headnote_only,headnote_only,unknown
1949_PLD_249,1949 PLD 249,Walayat Shah v. Sardara -  Lahore-High-Court-Lahore,Lahore High Court,1949-01-01,233,headnote_only,headnote_only,unknown
1949_PLD_251,1949 PLD 251,Muhammad Din v. Raj Din -  Lahore-High-Court-Lahore,Lahore High Court,1949-01-01,250,headnote_only,headnote_only,unknown
1949_PLD_432,1949 PLD 432,Mst. Barkat Bibi v. Fateh Ali -  Lahore-High-Court-Lahore,Lahore High Court,1949-01-01,180,headnote_only,headnote_only,unknown
1949_PLD_296,1949 PLD 296,Lala Manmohan Das v. The United Provinces,Court of Record,1949-01-01,158,headnote_only,headnote_only,unknown
1949_PLD_334,1949 PLD 334,Surendra Nath Sarkar v. Sree Sree Iswar Lakshmi Durga,Court of Record,1949-01-01,280,headnote_only,headnote_only,unknown
1949_PLD_376,1949 PLD 376,Maulvi Muhammad Ali v. The Crown -  Lahore-High-Court-Lahore,Lahore High Court,1949-01-01,260,headnote_only,headnote_only,unknown
1949_PLD_384,1949 PLD 384,Ghulam Muhammad v. Ghulam Muhammad -  Lahore-High-Court-Lahore,Lahore High Court,1949-01-01,163,headnote_only,headnote_only,unknown
1949_PLD_410,1949 PLD 410,The Crown v. Amin-Ud-Din Sahrai -  Lahore-High-Court-Lahore,Lahore High Court,1949-01-01,199,headnote_only,headnote_only,unknown
1949_PLD_441,1949 PLD 441,Pehlwan v. Lal -  Lahore-High-Court-Lahore,Lahore High Court,1949-01-01,182,headnote_only,headnote_only,unknown
1949_PLD_494,1949 PLD 494,Nazar Muhammad v. Crown -  Lahore-High-Court-Lahore,Lahore High Court,1949-01-01,292,headnote_only,headnote_only,unknown
1949_PLD_535,1949 PLD 535,Saidoo v. The Crown -  Lahore-High-Court-Lahore,Lahore High Court,1949-01-01,164,headnote_only,headnote_only,unknown
1949_PLD_562,1949 PLD 562,The Crown v. Muhammad Sadiq Niaz -  Lahore-High-Court-Lahore,Lahore High Court,1949-01-01,234,headnote_only,headnote_only,unknown
1949_PLD_572,1949 PLD 572,The Province Of West Punjab v. Khan Iftikhar Hussain Khan Of Mamdot- -  Lahore-High-Court-Lahore,Lahore High Court,1949-01-01,243,headnote_only,headnote_only,unknown
2006_PLD_386,2006 PLD 386,"Collector Of Sales Tax And Federal Excise, Large Taxpayers Unit, Karachi v. Messrs B.O.C. Pakistan Limited, Karachi",Court of Record,2006-01-01,125,headnote_only,headnote_only,unknown
2006_PLD_397,2006 PLD 397,Zaheer Hussain v. The State,Court of Record,2006-01-01,123,headnote_only,headnote_only,unknown
2006_PLD_585,2006 PLD 585,Subeh Sadiq v. Mst. Rajan Through Legal Heirs,Court of Record,2006-01-01,120,headnote_only,headnote_only,unknown
2006_PLD_598,2006 PLD 598,"Muhammad Mansha v. Station House Officer, Police Station City, Chiniot, District Jhang",Court of Record,2006-01-01,142,headnote_only,headnote_only,unknown
2006_PLD_609,2006 PLD 609,"Watan Party Through President, Lahore v. Federation Of Pakistan Through Law Secretary, Ministry Of Justice And Parliamentary Affairs, Islamabad",Court of Record,2006-01-01,198,headnote_only,headnote_only,unknown
1992_PLD_SC_221,PLD 1992 SC 221,M. RAMIZ UL HAQ VS SECY. TO THE GOVT. OF PAKISTAN -,Supreme Court of Pakistan,1992-01-01,47,headnote_only,headnote_only,unknown
1991_PLD_SCAJK_35,PLD 1991 AJ&K SC 35,GHULAM NABI VS IMTIAZ BUTT -,Supreme Court of Azad Jammu & Kashmir,1991-01-01,158,headnote_only,headnote_only,unknown
1969_PLD_BAGH_1,1969 PLD 1,H. ALLAH BUX VS GHULAM HAIDER -,Baghdad Ul Jadid,1969-01-01,125,headnote_only,headnote_only,unknown
2007_PLD_190,PLD 2007 Lah 190,Muhammad Aslam v. Mst. Nasreen Akhtar and others,Lahore High Court,2007,318,full_judgment,headnote_only,petition_dismissed
1992_PLD_SC_847,PLD 1992 SC 847,Commissioner of Income Tax v. Hamdard Dawakhana,Supreme Court of Pakistan,1992,318,full_judgment,headnote_only,unknown
1986_PLD_310,1986 PLD 310,Asseff Ahmad Ali v. Muhammad Khan Junejo -  Lahore-High-Court-Lahore,Court of Record,1986-01-01,473,full_judgment,headnote_only,unknown
1986_PLD_298,1986 PLD 298,Basra v. Abdul Hakim -  Quetta-High-Court-Balochistan,Court of Record,1986-01-01,332,full_judgment,headnote_only,unknown
1986_PLD_305,1986 PLD 305,Rahm Din v. Collectorcentral Ewxcise And Land Customs -  Quetta-High-Court-Balochistan,Court of Record,1986-01-01,389,full_judgment,headnote_only,unknown
1986_PLD_327,1986 PLD 327,Zarif Ahmad Khan v. Province Of Punjab -  Lahore-High-Court-Lahore,Court of Record,1986-01-01,346,full_judgment,headnote_only,unknown
1986_PLD_333,1986 PLD 333,Administrator General Punjab v. M. Stanley Charies William Rose -  Lahore-High-Court-Lahore,Court of Record,1986-01-01,357,full_judgment,headnote_only,unknown
1986_PLD_346,1986 PLD 346,Rafhan Maize Products Company Ltd v. Monopoly Control Authority -  Lahore-High-Court-Lahore,Court of Record,1986-01-01,690,full_judgment,headnote_only,unknown
1986_PLD_360,1986 PLD 360,Government Of N.W.F.P. v. Said Kamal Shah,Court of Record,1986-01-01,530,full_judgment,headnote_only,unknown
1986_PLD_365,1986 PLD 365,"Abaseen International Ltd v. Additional Controller Of Rent, Clifton Cantonment, Karachi -  Karachi-High-Court-Sindh",Court of Record,1986-01-01,388,full_judgment,headnote_only,unknown
1986_PLD_390,1986 PLD 390,F. Brummel v. The State -  Karachi-High-Court-Sindh,Court of Record,1986-01-01,441,full_judgment,headnote_only,unknown
1986_PLD_393,1986 PLD 393,Hashwani Sales & Services Limited v. Karachi Building Control Authority -  Karachi-High-Court-Sindh,Court of Record,1986-01-01,511,full_judgment,headnote_only,unknown
1986_PLD_402,1986 PLD 402,Ramzan Bibi v. Ahmed Din -  Lahore-High-Court-Lahore,Court of Record,1986-01-01,386,full_judgment,headnote_only,unknown
1986_PLD_417,1986 PLD 417,Naseebullah Khan v. The State -  Karachi-High-Court-Sindh,Court of Record,1986-01-01,799,full_judgment,headnote_only,unknown
2011_PLD_494,2011 PLD 494,"Independent Music Group, Smc (Pvt) Ltd. v. Federation Of Pakistan Through Secretary Ministry Of Interior, Islamabad",Court of Record,2011-01-01,380,full_judgment,headnote_only,unknown
2011_PLD_458,2011 PLD 458,Zulfiqar Ali v. Mst. Yasmeen Mukarram,Court of Record,2011-01-01,462,full_judgment,headnote_only,unknown
2011_PLD_463,2011 PLD 463,Shahid Orakzai v. Province Of Punjab Through Chief Secretary,Court of Record,2011-01-01,419,full_judgment,headnote_only,petition_dismissed
2011_PLD_497,2011 PLD 497,"Muhammad Iqbal v. Additional District Judge, Rahimyar Khan",Court of Record,2011-01-01,393,full_judgment,headnote_only,appeal_dismissed
2011_PLD_504,2011 PLD 504,Abdul Hameed v. The State,Court of Record,2011-01-01,344,full_judgment,headnote_only,unknown
2011_PLD_508,2011 PLD 508,Mst. Khadija v. Ibrahim,Court of Record,2011-01-01,425,full_judgment,headnote_only,unknown
2011_PLD_514,2011 PLD 514,Dr. Naheed Fatima v. Pakistan International Air Corporation (Piac) Through Chairman,Court of Record,2011-01-01,650,full_judgment,headnote_only,unknown
2011_PLD_524,2011 PLD 524,Reza Iqbal v. Royal Group,Court of Record,2011-01-01,360,full_judgment,headnote_only,unknown
2011_PLD_534,2011 PLD 534,Wajid Asgher Cheema v. Mst. Anshka,Court of Record,2011-01-01,388,full_judgment,headnote_only,petition_allowed
2011_PLD_540,2011 PLD 540,Hafiz Shaikh Anwar-Ul-Haque v. Jehan Khan,Court of Record,2011-01-01,337,full_judgment,headnote_only,appeal_allowed
2011_PLD_569,2011 PLD 569,Syeda Adrish v. Syed Anwar-Ul-Haq,Court of Record,2011-01-01,352,full_judgment,headnote_only,unknown
2011_PLD_539,2011 PLD 539,Mst. Taniya Syed v. Sheikh Imran Jalil,Court of Record,2011-01-01,331,full_judgment,headnote_only,petition_allowed
2011_PLD_544,2011 PLD 544,Rana Nasarullah v. The State,Court of Record,2011-01-01,426,full_judgment,headnote_only,unknown
2011_PLD_548,2011 PLD 548,Mst. Choto v. Muhammad Ashraf,Court of Record,2011-01-01,323,full_judgment,headnote_only,unknown
2011_PLD_551,2011 PLD 551,"Muhammad Shafi v. Additional Sessions Judge, Kharian District Gujrat",Court of Record,2011-01-01,349,full_judgment,headnote_only,petition_allowed
2011_PLD_559,2011 PLD 559,Habibullah v. Province Of Sindh Through Secretary Revenue,Court of Record,2011-01-01,345,full_judgment,headnote_only,unknown
2011_PLD_563,2011 PLD 563,"Samina Kanwal v. Director Punjab Forestry Research Institute, Faisalabad",Court of Record,2011-01-01,451,full_judgment,headnote_only,unknown
1976_PLD_608,1976 PLD 608,Manzoor Ahmad Malik v. Judges Of The Lahore High Court,Court of Record,1976-01-01,3629,full_judgment,headnote_only,unknown
2011_PLD_579,2011 PLD 579,"Mst. Noreen Ashiq v. Additional District Judge, Kharian",Court of Record,2011-01-01,324,full_judgment,headnote_only,unknown
2011_PLD_657,2011 PLD 657,Lal Khan v. Muhammad Yousaf,Court of Record,2011-01-01,426,full_judgment,headnote_only,unknown
2011_PLD_799,2011 PLD 799,Suo Motu Case No.10 Of 2011 v. Brutal Killing Of A Youngman By Rangers,Court of Record,2011-01-01,525,full_judgment,headnote_only,unknown
2011_PLD_905,2011 PLD 905,Muhammad Ashraf Butt v. Muhammad Asif Bhatti,Court of Record,2011-01-01,392,full_judgment,headnote_only,unknown
2011_PLD_605,2011 PLD 605,"Sahiba Dost v. Chairman Admission Board/Vice-Chancellor, Uhs, Lahore",Court of Record,2011-01-01,305,full_judgment,headnote_only,petition_dismissed
2011_PLD_615,2011 PLD 615,Syed Mumtaz Hussain v. Mst. Nazima Naqvi,Court of Record,2011-01-01,404,full_judgment,headnote_only,petition_allowed
2011_PLD_620,2011 PLD 620,Shahid Siddique v. Sharja National Travels And Tourist Agency,Court of Record,2011-01-01,335,full_judgment,headnote_only,appeal_allowed
2011_PLD_633,2011 PLD 633,"Akif Shoaib v. Province Of Sindh Through Secretary, Home Department, Karachi",Court of Record,2011-01-01,479,full_judgment,headnote_only,unknown
2011_PLD_676,2011 PLD 676,Dr. Muhammad Shahid Mian v. Faiz-Ur-Rehman Faizi,Court of Record,2011-01-01,437,full_judgment,headnote_only,appeal_dismissed
2011_PLD_752,2011 PLD 752,Federation Of Pakistan Through Secretary Ministry Of Law v. Munir Hussain Bhatti,Court of Record,2011-01-01,422,full_judgment,headnote_only,unknown
2011_PLD_805,2011 PLD 805,Independent Music Group Smc (Pvt.) Ltd v. Federation Of Pakistan,Court of Record,2011-01-01,419,full_judgment,headnote_only,unknown
2011_PLD_821,2011 PLD 821,"Suo Motu Case No. 18 Of 2010 v. Violation Of Public Procurement Rules, 2004",Court of Record,2011-01-01,410,full_judgment,headnote_only,unknown
2011_PLD_835,2011 PLD 835,Maulana Abdul Haq Baloch v. Government Of Balochistan Through Secretary Industries And Mineral Development,Court of Record,2011-01-01,330,full_judgment,headnote_only,unknown
2011_PLD_916,2011 PLD 916,Syed Hassan Mehdi v. Province Of Punjab,Court of Record,2011-01-01,391,full_judgment,headnote_only,unknown
2011_PLD_1144,2011 PLD 1144,Ghani-Ur-Rehman v. National Accountability Bureau,Court of Record,2011-01-01,530,full_judgment,headnote_only,appeal_allowed
2010_PLD_16,2010 PLD 16,"Abdul Rehman v. Provincial Transport Authority, Balochistan Through Chairman",Court of Record,2010-01-01,312,full_judgment,headnote_only,unknown
2010_PLD_6,2010 PLD 6,Niaz Muhammad v. Province Of Sindh Through Secretary Forest,Court of Record,2010-01-01,318,full_judgment,headnote_only,disposed_of
2010_PLD_10,2010 PLD 10,Waqar Ahmad v. Nomina Akhtar,Court of Record,2010-01-01,524,full_judgment,headnote_only,unknown
2010_PLD_12,2010 PLD 12,"Azad Jammu And Kashmir Council Through Secretary v. Paidar Builders (Pvt.) Ltd. Through Engineer, Chief Executive",Court of Record,2010-01-01,364,full_judgment,headnote_only,unknown
2010_PLD_17,2010 PLD 17,Haji Abdul Karim v. Florida Builders (Pvt.) Ltd.,Court of Record,2010-01-01,422,full_judgment,headnote_only,appeal_dismissed
2010_PLD_23,2010 PLD 23,Sabir Sultan v. Ghulam Murtaza,Court of Record,2010-01-01,348,full_judgment,headnote_only,unknown
2010_PLD_33,2010 PLD 33,Muhammad Anwar v. Abdul Hameed,Court of Record,2010-01-01,322,full_judgment,headnote_only,appeal_allowed
1986_PLD_482,1986 PLD 482,Philip Morris Incorporated v. Lakson Tobacco Company Ltd. -  Karachi-High-Court-Sindh,Court of Record,1986-01-01,301,full_judgment,headnote_only,unknown
1976_PLD_396,1976 PLD 396,Muhammad Ajmal Khan v. Muhammat Shafaat -  Lahore-High-Court-Lahore,Court of Record,1976-01-01,44519,full_judgment,headnote_only,unknown
1986_PLD_489,1986 PLD 489,Qaiser Ali v. Karachi Road Transport Corporation -  Karachi-High-Court-Sindh,Court of Record,1986-01-01,533,full_judgment,headnote_only,unknown
1976_PLD_422,1976 PLD 422,Ayub Khan v. Fazal Haq,Court of Record,1976-01-01,4736,full_judgment,headnote_only,unknown
1986_PLD_548,1986 PLD 548,Salahuddin v. The State,Court of Record,1986-01-01,360,full_judgment,headnote_only,unknown
1986_PLD_574,1986 PLD 574,Ali Mohataram Naqvi v. Cogefar-Astaldi Sidmail -  Karachi-High-Court-Sindh,Court of Record,1986-01-01,761,full_judgment,headnote_only,unknown
1986_PLD_663,1986 PLD 663,Akhtar Hussain Zaidi v. Abdul Majeed -  Lahore-High-Court-Lahore,Court of Record,1986-01-01,494,full_judgment,headnote_only,unknown
1986_PLD_673,1986 PLD 673,Mehraj Din v. Lahore Improvement Trust Lahore,Court of Record,1986-01-01,327,full_judgment,headnote_only,disposed_of
1986_PLD_690,1986 PLD 690,Saeed Ahmad Hamdani v. Muhammad Irfan,Court of Record,1986-01-01,393,full_judgment,headnote_only,leave_granted
1986_PLD_698,1986 PLD 698,Junaid Ahmad Soomro v. Mehboob Ali Bhayo,Court of Record,1986-01-01,337,full_judgment,headnote_only,unknown
1986_PLD_741,1986 PLD 741,Ghulam Ali v. The State,Court of Record,1986-01-01,556,full_judgment,headnote_only,unknown
1985_PLD_7,1985 PLD 7,Amanullah Khan v. Abdul Ghaffar -  Karachi-High-Court-Sindh,Court of Record,1985-01-01,303,full_judgment,headnote_only,unknown
1985_PLD_21,1985 PLD 21,Mackinnon Kackenzie & Co v. Secretaty To The Govt. Of Pakistan Ministry Of Labour Manpower And Overseas Pakistanis -  Karachi-High-Court-Sindh,Court of Record,1985-01-01,451,full_judgment,headnote_only,unknown
1985_PLD_63,1985 PLD 63,"Nek Muhammad v. Member, Board Of Revenue (Judicial), Quetta -  Quetta-High-Court-Balochistan",Court of Record,1985-01-01,332,full_judgment,headnote_only,unknown
1985_PLD_68,1985 PLD 68,Muhammad Ismail v. The State -  Lahore-High-Court-Lahore,Court of Record,1985-01-01,336,full_judgment,headnote_only,unknown
1985_PLD_82,1985 PLD 82,"Collector, Central Excise And Land Customs v. Aslam Ali Shah",Court of Record,1985-01-01,323,full_judgment,headnote_only,leave_granted
1985_PLD_92,1985 PLD 92,Yousaf Salim Chishti v. Govt. Of The Punjab -  Lahore-High-Court-Lahore,Court of Record,1985-01-01,336,full_judgment,headnote_only,unknown
1985_PLD_552,1985 PLD 552,Abdul Karim v. Ali Gauhar -  Lahore-High-Court-Lahore,Court of Record,1985-01-01,337,full_judgment,headnote_only,unknown
1985_PLD_121,1985 PLD 121,Abdur Rehman Sherwani v. Abdul Ghias Nausherwani -  Quetta-High-Court-Balochistan,Court of Record,1985-01-01,499,full_judgment,headnote_only,unknown
1985_PLD_123,1985 PLD 123,Akbari Begum v. The State -  Lahore-High-Court-Lahore,Court of Record,1985-01-01,347,full_judgment,headnote_only,unknown
1985_PLD_152,1985 PLD 152,Ghulam Ali v. Muhammad Hussain Kathawala -  Karachi-High-Court-Sindh,Court of Record,1985-01-01,301,full_judgment,headnote_only,unknown
1985_PLD_153,1985 PLD 153,Muhammad Buta v. Habib Ahmad,Court of Record,1985-01-01,398,full_judgment,headnote_only,leave_granted
1985_PLD_159,1985 PLD 159,"Inspector-General Of Police, Punjab, Lahore v. Mushtaq Ahmad Warraich",Court of Record,1985-01-01,435,full_judgment,headnote_only,unknown
1985_PLD_165,1985 PLD 165,Fauzia Hussain v. Khadim Hussain -  Lahore-High-Court-Lahore,Court of Record,1985-01-01,457,full_judgment,headnote_only,unknown
1985_PLD_185,1985 PLD 185,"Mujtaba Ahmad v. Chief Settlement Commissioner, Punjab Board Of Revenue -  Lahore-High-Court-Lahore",Court of Record,1985-01-01,321,full_judgment,headnote_only,unknown
1985_PLD_187,1985 PLD 187,Mahmood Ahmed v. Tribunal/S. D. M. City Hyderabad -  Karachi-High-Court-Sindh,Court of Record,1985-01-01,367,full_judgment,headnote_only,unknown
1985_PLD_191,1985 PLD 191,Abdul Majid v. Azhar Ali Shah,Court of Record,1985-01-01,541,full_judgment,headnote_only,unknown
1976_PLD_1576,1976 PLD 1576,Abdul Ghafoo v. The State -  Lahore-High-Court-Lahore,Court of Record,1976-01-01,539,full_judgment,headnote_only,unknown
1959_PLD_425,1959 PLD 480,SHER HASSAN v. THE STATE,Supreme Court of Pakistan,1959-10-07,2341,full_judgment,headnote_only,unknown
1985_PLD_201,1985 PLD 201,Pak Army Furnishing Stores v. Ali Akbar Rizvi -  Karachi-High-Court-Sindh,Court of Record,1985-01-01,462,full_judgment,headnote_only,unknown
1984_PLD_14,1984 PLD 14,Rajab Ali v. Darius B. Kandawalla -  Karachi-High-Court-Sindh,Court of Record,1984-01-01,304,full_judgment,headnote_only,unknown
1984_PLD_17,1984 PLD 17,Mst. Nemat Bibi v. The State -  Federal-Shariat-Court,Court of Record,1984-01-01,338,full_judgment,headnote_only,unknown
1984_PLD_24,1984 PLD 24,Abdul Ghaffar v. Province Of Baluchistan -  Quetta-High-Court-Balochistan,Court of Record,1984-01-01,466,full_judgment,headnote_only,unknown
1984_PLD_48,1984 PLD 48,Mumtaz Ahmad v. The Stae -  Lahore-High-Court-Lahore,Court of Record,1984-01-01,336,full_judgment,headnote_only,unknown
1977_PLD_1064,1977 PLD 1064,Muhammad Yousuf v. Pakistan -  Karachi-High-Court-Sindh,Court of Record,1977-01-01,2734,full_judgment,headnote_only,petition_allowed
1984_PLD_62,1984 PLD 62,Farman Ali v. Deputy Commissioner Sanghar -  Karachi-High-Court-Sindh,Court of Record,1984-01-01,303,full_judgment,headnote_only,unknown
1984_PLD_73,1984 PLD 73,Salamullah v. The State -  Karachi-High-Court-Sindh,Court of Record,1984-01-01,340,full_judgment,headnote_only,unknown
1984_PLD_80,1984 PLD 80,"Muhammad Rafiq v. Registrar, Co-Operative Societies, Baluchistan -  Quetta-High-Court-Balochistan",Court of Record,1984-01-01,310,full_judgment,headnote_only,unknown
1984_PLD_92,1984 PLD 92,Chagi v. Bachoo -  Quetta-High-Court-Balochistan,Court of Record,1984-01-01,641,full_judgment,headnote_only,remanded
1984_PLD_97,1984 PLD 97,Muhammad Ali v. Sakar Khanoo Bai -  Karachi-High-Court-Sindh,Court of Record,1984-01-01,386,full_judgment,headnote_only,unknown
1984_PLD_121,1984 PLD 121,Mujeeb-Ur-Rehman v. Federal Goverment Of Pakistan Through Attorney-General Of Pakistan -  Federal-Shariat-Court,Court of Record,1984-01-01,340,full_judgment,headnote_only,disposed_of
2010_PLD_260,2010 PLD 260,Wateen Telecom (Private) Ltd. v. P. T. A.,Court of Record,2010-01-01,311,full_judgment,headnote_only,petition_allowed
2010_PLD_265,2010 PLD 265,Dr. Mobashir Hassan v. Federation Of Pakistan,Court of Record,2010-01-01,4391,full_judgment,headnote_only,unknown
2010_PLD_281,2010 PLD 281,"Muhammad Usman v. Additional District Jcdge, Lahore",Court of Record,2010-01-01,483,full_judgment,headnote_only,unknown
2010_PLD_213,2010 PLD 213,Raja Abdul Hameed v. Shehri-Cbe Through Vice-Chairperson,Court of Record,2010-01-01,402,full_judgment,headnote_only,unknown
2010_PLD_215,2010 PLD 215,Muhammad Shahid Sahil v. The State,Court of Record,2010-01-01,486,full_judgment,headnote_only,unknown
2010_PLD_218,2010 PLD 218,"Zahid Saeed v. City District Government, Karachi Through District Coordination Officer",Court of Record,2010-01-01,387,full_judgment,headnote_only,unknown
2010_PLD_274,2010 PLD 274,Digital World Pakistan (Pvt.) Ltd. Through Chief Executive v. Samsung Gulf Electronics Fze Through Managing Director/Chief Executive Officer,Court of Record,2010-01-01,446,full_judgment,headnote_only,unknown
2010_PLD_394,2010 PLD 394,Sami Ul Haq Khilji v. Ali Raza Rizvi,Court of Record,2010-01-01,601,full_judgment,headnote_only,revision_allowed
2010_PLD_400,2010 PLD 400,Muhammad Akram Shaikh v. Pak Libya Holding Company (Pvt.) Ltd. Through Authorized Officer,Court of Record,2010-01-01,570,full_judgment,headnote_only,unknown
2010_PLD_300,2010 PLD 300,"Malik Muhammad Shoaib Bhutta, Editor, Daily Tulou, Islamabad v. Abdul Aziz Mohmand",Court of Record,2010-01-01,580,full_judgment,headnote_only,petition_dismissed
2010_PLD_308,2010 PLD 308,"Mst. Rahmat v. Additional District Judge-Ii, Muzaffargarh",Court of Record,2010-01-01,382,full_judgment,headnote_only,disposed_of
2010_PLD_312,2010 PLD 312,Sajid Mahdi v. Nazir Ahmed,Court of Record,2010-01-01,387,full_judgment,headnote_only,unknown
1959_PLD_426,1959 PLD 482,M. A. KHANDEKAR AND OTHERS v. PAKISTAN,Lahore High Court,1959-04-02,3846,full_judgment,headnote_only,unknown
2010_PLD_326,2010 PLD 326,"State v. Inspector-General Of Police, Punjab",Court of Record,2010-01-01,378,full_judgment,headnote_only,unknown
2010_PLD_332,2010 PLD 332,Maqbool Ahmed v. District Officer (R),Court of Record,2010-01-01,442,full_judgment,headnote_only,unknown
2010_PLD_349,2010 PLD 349,"Rahm Dad v. Managing Director, Fauji Foundation, Rawalpindi Cantt.",Court of Record,2010-01-01,352,full_judgment,headnote_only,unknown
2010_PLD_413,2010 PLD 413,Rao Dil Jan Khan v. Dr. Muhammad Younis,Court of Record,2010-01-01,363,full_judgment,headnote_only,unknown
2010_PLD_384,2010 PLD 384,Ghulam Rasool v. The State,Court of Record,2010-01-01,473,full_judgment,headnote_only,unknown
2010_PLD_452,2010 PLD 452,Fabnus Construction (Pvt.) Ltd. Through Chief Executive/Director v. Iftikhar Ahmad,Court of Record,2010-01-01,428,full_judgment,headnote_only,revision_allowed
2010_PLD_498,2010 PLD 498,State v. Mst. Fazeelat Bibi,Court of Record,2010-01-01,1224,full_judgment,headnote_only,unknown
2010_PLD_585,2010 PLD 585,Muhammad Ramzan v. Rahib,Court of Record,2010-01-01,466,full_judgment,headnote_only,unknown
2010_PLD_487,2010 PLD 487,Hamid Ghani v. Muhammad Basit Siddiqui,Court of Record,2010-01-01,422,full_judgment,headnote_only,revision_dismissed
2010_PLD_569,2010 PLD 569,Ghulam Murtaza v. Mst. Asia Bibi,Court of Record,2010-01-01,377,full_judgment,headnote_only,appeal_dismissed
2010_PLD_608,2010 PLD 608,Ghulam Farid v. Mehmood Akhtar,Court of Record,2010-01-01,345,full_judgment,headnote_only,appeal_dismissed
2010_PLD_657,2010 PLD 657,Hassan Akhtar v. Azhar Hameed,Court of Record,2010-01-01,587,full_judgment,headnote_only,unknown
2010_PLD_612,2010 PLD 612,Mir Shakeelur Rehman v. Yahya Bakhtiar,Court of Record,2010-01-01,331,full_judgment,headnote_only,appeal_allowed
2010_PLD_654,2010 PLD 654,"Home Department, Government Of Punjab Through Secretary v. Mian Irshad Hussain",Court of Record,2010-01-01,448,full_judgment,headnote_only,unknown
2010_PLD_676,2010 PLD 676,Pakistan International Airline Corporation v. Tanweer-Ur-Rehman,Court of Record,2010-01-01,1138,full_judgment,headnote_only,unknown
2010_PLD_707,2010 PLD 707,Marathon Construction Company (Pvt.) Ltd. v. Oil And Gas Development Company Ltd.,Court of Record,2010-01-01,485,full_judgment,headnote_only,disposed_of
2010_PLD_691,2010 PLD 691,Rai Ashraf v. Muhammad Saleem Bhatti,Court of Record,2010-01-01,347,full_judgment,headnote_only,unknown
2010_PLD_725,2010 PLD 725,Shahabuddin v. The State,Court of Record,2010-01-01,519,full_judgment,headnote_only,unknown
2010_PLD_745,2010 PLD 745,Land Acquisition Collector v. Muhammad Nawaz,Court of Record,2010-01-01,308,full_judgment,headnote_only,unknown
2010_PLD_759,2010 PLD 759,"Human Rights Cases Nos.4668 Of 2006, 1111 Of 2007 And 15283-G Of 2010 Vs",Court of Record,2010-01-01,2128,full_judgment,headnote_only,unknown
2010_PLD_806,2010 PLD 806,"Justice Hasnat Ahmed Khan v. Registrar, Supreme Court Of Pakistan",Court of Record,2010-01-01,443,full_judgment,headnote_only,unknown
2010_PLD_817,2010 PLD 817,Nawabzada Iftikhar Ahmad Khan Bar v. Chief Election Commissioner Islamabad,Court of Record,2010-01-01,847,full_judgment,headnote_only,unknown
2010_PLD_841,2010 PLD 841,"Abid Iqbal Hafiz v. Secretary; Public Prosecution Department, Government Of The Punjab, Lahore",Court of Record,2010-01-01,757,full_judgment,headnote_only,disposed_of
1984_PLD_147,1984 PLD 147,Spinzer Snacks v. Anjum A. Rab -  Karachi-High-Court-Sindh,Court of Record,1984-01-01,374,full_judgment,headnote_only,unknown
1984_PLD_155,1984 PLD 155,Mogul Tobacco Company Ltd. v. Pakistan Tobacco Board -  Karachi-High-Court-Sindh,Court of Record,1984-01-01,300,full_judgment,headnote_only,unknown
1984_PLD_158,1984 PLD 158,"Bakhtiar v. Member Iii, Board Of Revenue Baluchistan, Quetta -  Quetta-High-Court-Balochistan",Court of Record,1984-01-01,435,full_judgment,headnote_only,unknown
1984_PLD_170,1984 PLD 170,Principal Cadet Colleg v. Muhammad Shoab Qureshi,Court of Record,1984-01-01,422,full_judgment,headnote_only,unknown
1984_PLD_179,1984 PLD 179,Muhammad Saleem Alias Seema v. Sardar Khan -  Lahore-High-Court-Lahore,Court of Record,1984-01-01,373,full_judgment,headnote_only,unknown
1984_PLD_195,1984 PLD 195,Shama Ahsan v. Province Of Sind -  Karachi-High-Court-Sindh,Court of Record,1984-01-01,348,full_judgment,headnote_only,unknown
1984_PLD_204,1984 PLD 204,Aslam Pervai v. The State -  Lahore-High-Court-Lahore,Court of Record,1984-01-01,581,full_judgment,headnote_only,unknown
1984_PLD_216,1984 PLD 216,Muhammad Anwar Baig v. Begum M. A. Jawad -  Karachi-High-Court-Sindh,Court of Record,1984-01-01,442,full_judgment,headnote_only,unknown
1984_PLD_223,1984 PLD 223,Allahdito v. The State -  Karachi-High-Court-Sindh,Court of Record,1984-01-01,323,full_judgment,headnote_only,appeal_dismissed
1984_PLD_227,1984 PLD 227,Lucas Alias Luci v. S.M.Naseem Member (Revenue) Board Of Revenue Punjab Lahore,Court of Record,1984-01-01,382,full_judgment,headnote_only,unknown
1984_PLD_244,1984 PLD 244,"Rab Nawaz v. Member (Colonies) Board Of Revenue, Punjab, Lahore -  Lahore-High-Court-Lahore",Court of Record,1984-01-01,346,full_judgment,headnote_only,unknown
1984_PLD_257,1984 PLD 257,H. B. L. v. Karachi Properties Investment Co. Ltd. -  Karachi-High-Court-Sindh,Court of Record,1984-01-01,427,full_judgment,headnote_only,leave_granted
1984_PLD_261,1984 PLD 261,Province Of Punja v. Muhammad Ishaq -  Lahore-High-Court-Lahore,Court of Record,1984-01-01,392,full_judgment,headnote_only,unknown
1984_PLD_269,1984 PLD 269,Abid Hussain v. Govt. Of Sind -  Karachi-High-Court-Sindh,Court of Record,1984-01-01,337,full_judgment,headnote_only,unknown
1984_PLD_289,1984 PLD 289,Siddique Khan v. Abdul Shakur Khan,Court of Record,1984-01-01,1290,full_judgment,headnote_only,unknown
1984_PLD_295,1984 PLD 295,Muhammad Amir v. Province Of Punjab -  Lahore-High-Court-Lahore,Court of Record,1984-01-01,370,full_judgment,headnote_only,unknown
1984_PLD_302,1984 PLD 302,Dada Soap Factory Ltd v. Pakistan -  Karachi-High-Court-Sindh,Court of Record,1984-01-01,409,full_judgment,headnote_only,unknown
1984_PLD_309,1984 PLD 309,Muhammad Asghar v. The State -  Lahore-High-Court-Lahore,Court of Record,1984-01-01,608,full_judgment,headnote_only,unknown
1984_PLD_315,1984 PLD 315,Ismail Dossa v. Monopoly Control Authority -  Karachi-High-Court-Sindh,Court of Record,1984-01-01,907,full_judgment,headnote_only,unknown
1984_PLD_323,1984 PLD 323,Muhammad Saeed v. The State -  Lahore-High-Court-Lahore,Court of Record,1984-01-01,427,full_judgment,headnote_only,unknown
1984_PLD_329,1984 PLD 329,Abdul Rahim v. Shahida Khan,Court of Record,1984-01-01,413,full_judgment,headnote_only,appeal_dismissed
1984_PLD_338,1984 PLD 338,"Islam Hassan Khan v. Secretary, Industries Govt. Of Punjab -  Lahore-High-Court-Lahore",Court of Record,1984-01-01,315,full_judgment,headnote_only,unknown
1982_PLD_61,1982 PLD 61,"Municipal Committee, Bannu v. Munawar Khan, Advocate (Represented By Ms Legal Heirs)",Court of Record,1982-01-01,405,full_judgment,headnote_only,unknown
1982_PLD_93,1982 PLD 93,Syed Rahim Shah v. Government Of N: W.F.P.,Court of Record,1982-01-01,455,full_judgment,headnote_only,unknown
1982_PLD_125,1982 PLD 125,Karachi Electric Supply Corporation Letd. v. National Industrial Relations Commission,Court of Record,1982-01-01,388,full_judgment,headnote_only,unknown
1982_PLD_126,1982 PLD 126,Taj Din v. Mahmooda Begum -  Lahore-High-Court-Lahore,Court of Record,1982-01-01,301,full_judgment,headnote_only,remanded
1982_PLD_132,1982 PLD 132,Hasan Muhammad v. Jan Muhammad -  Lahore-High-Court-Lahore,Court of Record,1982-01-01,439,full_judgment,headnote_only,unknown
1982_PLD_135,1982 PLD 135,N. B. P v. Muhammad Rafiq Malik -  Karachi-High-Court-Sindh,Court of Record,1982-01-01,330,full_judgment,headnote_only,unknown
1982_PLD_139,1982 PLD 139,Muhammad Bashir v. The State,Court of Record,1982-01-01,370,full_judgment,headnote_only,unknown
1982_PLD_141,1982 PLD 141,Alim-Ud-Din v. The State -  Lahore-High-Court-Lahore,Court of Record,1982-01-01,378,full_judgment,headnote_only,unknown
1982_PLD_142,1982 PLD 142,Tameez Gul v. Mumtaz Ali,Court of Record,1982-01-01,413,full_judgment,headnote_only,unknown
1982_PLD_146,1982 PLD 146,Aurang Khan v. Member Board Of Revenue Iii -  Quetta-High-Court-Balochistan,Court of Record,1982-01-01,360,full_judgment,headnote_only,unknown
1982_PLD_156,1982 PLD 156,Akbar v. The State -  Karachi-High-Court-Sindh,Court of Record,1982-01-01,348,full_judgment,headnote_only,unknown
1979_PLD_88,1979 PLD 88,Abdul Sattar & Co Karachi v. Dada Ltd Karachi -  Karachi-High-Court-Sindh,Court of Record,1979-01-01,416,full_judgment,headnote_only,unknown
2009_PLD_129,2009 PLD 129,"Fahad Malik v. Election Commission Of Pakistan Through Secretary Election Commission Of Pakistan, Islamabad",Court of Record,2009-01-01,375,full_judgment,headnote_only,petition_dismissed
2009_PLD_135,2009 PLD 135,Rasoolan Bibi v. Additional Session Judge,Court of Record,2009-01-01,310,full_judgment,headnote_only,unknown
2009_PLD_148,2009 PLD 148,Azhar Hussain Shah v. Harat Management (Pvt.) Ltd. Through Managing Director,Court of Record,2009-01-01,402,full_judgment,headnote_only,unknown
2009_PLD_169,2009 PLD 169,"Shadman Cotton Mills Ltd. Through Director v. Federation Of Pakistan Through The Chairman Central Board Of Revenue (Revenue Division), Islamabad",Court of Record,2009-01-01,568,full_judgment,headnote_only,unknown
2009_PLD_133,2009 PLD 133,Mrs. Zaibunnissa v. Muhammad Sajid,Court of Record,2009-01-01,564,full_judgment,headnote_only,unknown
2009_PLD_137,2009 PLD 137,"Kamran Iqbal v. D.G., F.I.A.",Court of Record,2009-01-01,479,full_judgment,headnote_only,unknown
2009_PLD_154,2009 PLD 154,Ibrahim Fibres Ltd. Through Secretary/Director Finance v. Federation Of Pakistan Through Secretary/Revenue Division,Court of Record,2009-01-01,351,full_judgment,headnote_only,appeal_dismissed
2009_PLD_160,2009 PLD 160,Abdul Ghani v. Rana M. Bashir,Court of Record,2009-01-01,315,full_judgment,headnote_only,unknown
2009_PLD_183,2009 PLD 183,Malik Bashir Ahmed Khan v. Qasim Ali,Court of Record,2009-01-01,585,full_judgment,headnote_only,unknown
2009_PLD_198,2009 PLD 198,Noor Muhammad v. Allah Ditta,Court of Record,2009-01-01,510,full_judgment,headnote_only,unknown
2009_PLD_202,2009 PLD 202,Ahmad Riaz Sheikh v. The State,Court of Record,2009-01-01,430,full_judgment,headnote_only,unknown
2009_PLD_215,2009 PLD 215,"Mirza Iftikhar Mehmood v. Area Magistrate, Police Station Nekapura, Sialkot",Court of Record,2009-01-01,408,full_judgment,headnote_only,unknown
2009_PLD_186,2009 PLD 186,"Syed Muhammad Khalid v. Province Of Sindh Through Secretary Land, Karachi",Court of Record,2009-01-01,385,full_judgment,headnote_only,unknown
2009_PLD_207,2009 PLD 207,Mumtaz Ud Din Feroze v. Sheikh Iftikhar Adil,Court of Record,2009-01-01,466,full_judgment,headnote_only,appeal_allowed
2009_PLD_213,2009 PLD 213,"Mst. Parveen Amanual v. Additional District Judge-Iii, Rahimyar Khan",Court of Record,2009-01-01,316,full_judgment,headnote_only,unknown
2009_PLD_232,2009 PLD 232,"Syeda Nasreen Akhtar Qazi v. Chief Capital Police Officer, Lahore",Court of Record,2009-01-01,355,full_judgment,headnote_only,unknown
2009_PLD_223,2009 PLD 223,Mst. Rabia Khizer v. Station House Officer,Court of Record,2009-01-01,383,full_judgment,headnote_only,petition_allowed
1982_PLD_172,1982 PLD 172,Bashir Ahmad v. Hakeema -  Karachi-High-Court-Sindh,Court of Record,1982-01-01,411,full_judgment,headnote_only,unknown
2009_PLD_263,2009 PLD 263,Ghulam Muhammad v. Sher Muhammad,Court of Record,2009-01-01,467,full_judgment,headnote_only,unknown
2009_PLD_268,2009 PLD 268,Muhammad Umer Rathore v. Federation Of Pakistan,Court of Record,2009-01-01,2423,full_judgment,headnote_only,unknown
2009_PLD_284,2009 PLD 284,Federation Of Pakistan v. Mian Muhammad Nawaz Sharif,Court of Record,2009-01-01,3876,full_judgment,headnote_only,unknown
2009_PLD_288,2009 PLD 288,Cooper & Co. (Pvt.) Ltd. Through Authorized Chairman v. Laurel Navigation (Mauritius) Ltd.,Court of Record,2009-01-01,606,full_judgment,headnote_only,unknown
2009_PLD_309,2009 PLD 309,"Madina Electric Market Through Shop-Keepers Union v. City District Government, Karachi Through Nazim-E-Aala, Karachi",Court of Record,2009-01-01,424,full_judgment,headnote_only,petition_allowed
1979_PLD_132,1979 PLD 132,Farhatullah Khan v. Mustafa Ali Khan -  Lahore-High-Court-Lahore,Court of Record,1979-01-01,2170,full_judgment,headnote_only,unknown
1982_PLD_264,1982 PLD 264,Ghulam Rasool v. Province Of The Punjab -  Lahore-High-Court-Lahore,Court of Record,1982-01-01,300,full_judgment,headnote_only,unknown
1982_PLD_266,1982 PLD 266,Ibrahim Ishaq Johri v. Commissioner Of Income-Tax (West) Pakistan -  Karachi-High-Court-Sindh,Court of Record,1982-01-01,331,full_judgment,headnote_only,unknown
1982_PLD_294,1982 PLD 294,Mairaf Begum v. Ejaz Anwar,Court of Record,1982-01-01,446,full_judgment,headnote_only,unknown
1982_PLD_384,1982 PLD 384,U. B. L. Lahore v. Govt. Of The Punjab -  Lahore-High-Court-Lahore,Court of Record,1982-01-01,495,full_judgment,headnote_only,unknown
2008_PLD_77,2008 PLD 77,Shahid Orakzai v. Federation Of Pakistan,Court of Record,2008-01-01,344,full_judgment,headnote_only,unknown
2008_PLD_80,2008 PLD 80,Dr. Mubashir Hassan v. Federation Of Pakistan,Court of Record,2008-01-01,313,full_judgment,headnote_only,unknown
2008_PLD_97,2008 PLD 97,Sher Ahmad Khan v. Sardar Khan,Court of Record,2008-01-01,328,full_judgment,headnote_only,remanded
2008_PLD_95,2008 PLD 95,Liaq Zaman v. Fazal Rahman,Court of Record,2008-01-01,301,full_judgment,headnote_only,remanded
1971_PLD_583,1971 PLD 583,Vs -  Karachi-High-Court-Sindh,Court of Record,1971-01-01,370,full_judgment,headnote_only,unknown
1971_PLD_585,1971 PLD 585,The President v. Mr. Justice Shaukat Ali,Court of Record,1971-01-01,551,full_judgment,headnote_only,unknown
1971_PLD_610,1971 PLD 610,Vs -  Lahore-High-Court-Lahore,Court of Record,1971-01-01,360,full_judgment,headnote_only,unknown
1971_PLD_641,1971 PLD 641,Vs -  Lahore-High-Court-Lahore,Court of Record,1971-01-01,306,full_judgment,headnote_only,unknown
1971_PLD_642,1971 PLD 642,Vs -  Karachi-High-Court-Sindh,Court of Record,1971-01-01,377,full_judgment,headnote_only,unknown
1971_PLD_676,1971 PLD 676,Vs -  Karachi-High-Court-Sindh,Court of Record,1971-01-01,343,full_judgment,headnote_only,unknown
1971_PLD_677,1971 PLD 677,Shahnaz Begum v. Hon'Ble Judges Of The High Court Of Sind & Baluchistan,Court of Record,1971-01-01,508,full_judgment,headnote_only,unknown
1971_PLD_682,1971 PLD 682,Vs -  Karachi-High-Court-Sindh,Court of Record,1971-01-01,316,full_judgment,headnote_only,unknown
1971_PLD_690,1971 PLD 690,Vs -  Lahore-High-Court-Lahore,Court of Record,1971-01-01,318,full_judgment,headnote_only,unknown
1971_PLD_694,1971 PLD 694,Qadar Bakhsh v. The State,Court of Record,1971-01-01,312,full_judgment,headnote_only,unknown
1971_PLD_715,1971 PLD 715,Vs -  Karachi-High-Court-Sindh,Court of Record,1971-01-01,301,full_judgment,headnote_only,unknown
1971_PLD_720,1971 PLD 720,Ahmad v. The State,Court of Record,1971-01-01,307,full_judgment,headnote_only,unknown
1971_PLD_746,1971 PLD 746,Vs -  Lahore-High-Court-Lahore,Court of Record,1971-01-01,457,full_judgment,headnote_only,unknown
1971_PLD_748,1971 PLD 748,Vs -  Lahore-High-Court-Lahore,Court of Record,1971-01-01,396,full_judgment,headnote_only,unknown
1971_PLD_783,1971 PLD 783,Vs -  Karachi-High-Court-Sindh,Court of Record,1971-01-01,918,full_judgment,headnote_only,unknown
1971_PLD_791,1971 PLD 791,Additional Settlement Commissioner (Land) v. Muhammad Shafi,Court of Record,1971-01-01,498,full_judgment,headnote_only,unknown
1971_PLD_811,1971 PLD 811,Lahore Improvement Trust v. Custodian Of Evacuee Property,Court of Record,1971-01-01,319,full_judgment,headnote_only,unknown
1971_PLD_813,1971 PLD 813,Vs -  Lahore-High-Court-Lahore,Court of Record,1971-01-01,316,full_judgment,headnote_only,unknown
1971_PLD_833,1971 PLD 833,Vs -  Karachi-High-Court-Sindh,Court of Record,1971-01-01,584,full_judgment,headnote_only,unknown
1971_PLD_838,1971 PLD 838,Samar Pervaiz v. Board Of Intermediate And Secondary Education,Court of Record,1971-01-01,471,full_judgment,headnote_only,unknown
1971_PLD_843,1971 PLD 843,"Mst. Firdous Fatima v. The Chairman, Board Of Intermediate -  Lahore-High-Court-Lahore",Court of Record,1971-01-01,342,full_judgment,headnote_only,unknown
1971_PLD_858,1971 PLD 858,"A. Hamid v. Hussain Hyder, Chief Settlement -  Lahore-High-Court-Lahore",Court of Record,1971-01-01,533,full_judgment,headnote_only,unknown
1971_PLD_864,1971 PLD 864,Vs -  Karachi-High-Court-Sindh,Court of Record,1971-01-01,547,full_judgment,headnote_only,unknown
1971_PLD_899,1971 PLD 899,Vs -  Karachi-High-Court-Sindh,Court of Record,1971-01-01,611,full_judgment,headnote_only,unknown
1971_PLD_906,1971 PLD 906,Vs -  Karachi-High-Court-Sindh,Court of Record,1971-01-01,485,full_judgment,headnote_only,unknown
1971_PLD_911,1971 PLD 911,Vs -  Karachi-High-Court-Sindh,Court of Record,1971-01-01,402,full_judgment,headnote_only,unknown
1971_PLD_912,1971 PLD 912,Haji Muhammad Siddiq v. Babu Karam Bakhsh And 3 Others--- -  Lahore-High-Court-Lahore,Court of Record,1971-01-01,364,full_judgment,headnote_only,unknown
1971_PLD_959,1971 PLD 959,Vs -  Lahore-High-Court-Lahore,Court of Record,1971-01-01,370,full_judgment,headnote_only,unknown
1971_PLD_979,1971 PLD 979,"Ahman And 32 Others v. Additional Commissioner (Revenue), Lahore -  Lahore-High-Court-Lahore",Court of Record,1971-01-01,512,full_judgment,headnote_only,unknown
1971_PLD_1032,1971 PLD 1032,Vs -  Lahore-High-Court-Lahore,Court of Record,1971-01-01,448,full_judgment,headnote_only,unknown
1969_PLD_430,1969 PLD 430,Naziruddin Ahmed v. Province Of East Pakistan -  Dhaka,Court of Record,1969-01-01,566,full_judgment,headnote_only,unknown
1969_PLD_435,1969 PLD 435,Muhammad Arif v. Muhammad Kawshair Ali,Court of Record,1969-01-01,384,full_judgment,headnote_only,unknown
1969_PLD_438,1969 PLD 438,Begum Agha Abdul Karim Shorish Kash M Iri v. Government Of West Pakistan -  Lahore-High-Court-Lahore,Court of Record,1969-01-01,403,full_judgment,headnote_only,unknown
1969_PLD_477,1969 PLD 477,"Messrs Yakub & Co. v. The Collector Of Central Excise And Land Customs, Chittagong -  Dhaka",Court of Record,1969-01-01,325,full_judgment,headnote_only,unknown
1969_PLD_480,1969 PLD 480,"Nafeesa Bano v. Chief Settlement Commissioner, West Pakistan, Lahore,Pakistan (Government Of Pakistan -  Lahore-High-Court-Lahore",Court of Record,1969-01-01,303,full_judgment,headnote_only,unknown
1969_PLD_485,1969 PLD 485,"The Superintendent, Land Customs Torkham (Khyber Agency) v. Zewar Khan",Court of Record,1969-01-01,474,full_judgment,headnote_only,unknown
1969_PLD_504,1969 PLD 504,"Rattan Shikder,The State v. The State,Rattan Shikder -  Dhaka",Court of Record,1969-01-01,526,full_judgment,headnote_only,unknown
1969_PLD_527,1969 PLD 527,Mir Ghaus Bakhsh Bizanjo v. The State -  Karachi-High-Court-Sindh,Court of Record,1969-01-01,362,full_judgment,headnote_only,unknown
1969_PLD_545,1969 PLD 545,Fajar Ali v. Mst. Jamila -  Lahore-High-Court-Lahore,Court of Record,1969-01-01,343,full_judgment,headnote_only,unknown
1969_PLD_548,1969 PLD 548,Goas Ali v. Firoza Khatoon -  Dhaka,Court of Record,1969-01-01,307,full_judgment,headnote_only,unknown
1969_PLD_559,1969 PLD 559,"Karnaphuli Rayon And Chemicals Ltd v. Collector Of Central Excise And Land Customs, Chittagong -  Dhaka",Court of Record,1969-01-01,362,full_judgment,headnote_only,unknown
1969_PLD_566,1969 PLD 566,"Messrs Nabi Bakhsh & Sons v. Pakistan, Through The Secretary, Ministry Of Industries -  Karachi-High-Court-Sindh",Court of Record,1969-01-01,517,full_judgment,headnote_only,unknown
1969_PLD_586,1969 PLD 586,Vs -  Karachi-High-Court-Sindh,Court of Record,1969-01-01,433,full_judgment,headnote_only,unknown
1969_PLD_602,1969 PLD 602,Ghulam Muhammad Mustafa Khar v. Chief Elecjion Commissioner Of Pakistan -  Lahore-High-Court-Lahore,Court of Record,1969-01-01,371,full_judgment,headnote_only,unknown
1969_PLD_786,1969 PLD 786,Malik Mir Hassan v. The State -  Lahore-High-Court-Lahore,Court of Record,1969-01-01,716,full_judgment,headnote_only,unknown
1969_PLD_659,1969 PLD 659,"Muhammad Sardar Khan v. Chief Settlement Commissioner, West Pakistan -  Lahore-High-Court-Lahore",Court of Record,1969-01-01,310,full_judgment,headnote_only,unknown
1969_PLD_662,1969 PLD 662,Mir Ghaus Bakhsh Bizanjo v. Chief Election Commissioner Of Pakistan And 2 Others -  Karachi-High-Court-Sindh,Court of Record,1969-01-01,520,full_judgment,headnote_only,unknown
1969_PLD_692,1969 PLD 692,Abbas Khaleeli And Others v. Saifuddin Valika And Others -  Karachi-High-Court-Sindh,Court of Record,1969-01-01,405,full_judgment,headnote_only,unknown
1969_PLD_698,1969 PLD 698,Muhammad Ibrahim v. Mst. Muhammad Jan -  Lahore-High-Court-Lahore,Court of Record,1969-01-01,300,full_judgment,headnote_only,unknown
1969_PLD_701,1969 PLD 701,"Mst. Naze Eran v. Wall Muhammad Nagar, Deputy Custodian, Lahore -  Lahore-High-Court-Lahore",Court of Record,1969-01-01,305,full_judgment,headnote_only,unknown
1969_PLD_779,1969 PLD 779,Begum Lutfonnessa Ibrahim v. The Province Of East Pakistan -  Dhaka,Court of Record,1969-01-01,329,full_judgment,headnote_only,unknown
1969_PLD_803,1969 PLD 803,"Mrs. Momtaz Mallik v. The Taxing Officer (Registrar High Court), Dacca -  Dhaka",Court of Record,1969-01-01,390,full_judgment,headnote_only,unknown
1969_PLD_842,1969 PLD 842,Muhammad Bakhsh v. The State -  Lahore-High-Court-Lahore,Court of Record,1969-01-01,451,full_judgment,headnote_only,unknown
1969_PLD_856,1969 PLD 856,Haji Saru Mia Sawdagar v. Mst. Ai-Haj Jahanara Begum -  Dhaka,Court of Record,1969-01-01,307,full_judgment,headnote_only,unknown
1969_PLD_861,1969 PLD 861,"The Administrative Officer, Chittaranjan Cotton Mills Ltd., Dacca v. The Chittaranjan Cotton Mills' Staff Union, Dacca -  Dhaka",Court of Record,1969-01-01,329,full_judgment,headnote_only,unknown
1969_PLD_868,1969 PLD 868,"Shahidullah Kazi v. The Additional Deputy Commissioner (Development) And Election Tribunal, District` Faridpur -  Dhaka",Court of Record,1969-01-01,526,full_judgment,headnote_only,unknown
1969_PLD_894,1969 PLD 894,"Sheikh Rashid Ahmed v. Settlement Commissioner, Lahore Division -  Lahore-High-Court-Lahore",Court of Record,1969-01-01,420,full_judgment,headnote_only,unknown
1969_PLD_930,1969 PLD 930,Government Of Pakistan v. Aquil Ahmed -  Dhaka,Court of Record,1969-01-01,630,full_judgment,headnote_only,unknown
1969_PLD_985,1969 PLD 985,Nayeb Ali Dafadar v. Abdul Gani Alias Gutu Mia -  Dhaka,Court of Record,1969-01-01,303,full_judgment,headnote_only,unknown
1969_PLD_1020,1969 PLD 1020,"Farooq Badar v. Inspector-General Of Police, West Pakistan, Lahore -  Lahore-High-Court-Lahore",Court of Record,1969-01-01,326,full_judgment,headnote_only,unknown
1969_PLD_1039,1969 PLD 1039,Hussain Bakhsh v. Settlement Commissioner -  Lahore-High-Court-Lahore,Court of Record,1969-01-01,348,full_judgment,headnote_only,unknown
1969_PLD_1075,1969 PLD 1075,Fatima Bibi v. Ghulam Nadi -  Lahore-High-Court-Lahore,Court of Record,1969-01-01,351,full_judgment,headnote_only,unknown
1969_PLD_1087,1969 PLD 1087,Mian Arif Iftikhar v. Lahore Improvement Trust -  Lahore-High-Court-Lahore,Court of Record,1969-01-01,455,full_judgment,headnote_only,unknown
1965_PLD_45,1965 PLD 45,Ali Muhammad v. Mst. Siran Bibi -  West-Pakistan-Board-Of-Revenue,Court of Record,1965-01-01,308,full_judgment,headnote_only,remanded
1965_PLD_106,1965 PLD 106,Government Of West Pakistan v. Nasir M. Khan,Court of Record,1965-01-01,415,full_judgment,headnote_only,unknown
1965_PLD_112,1965 PLD 112,Rahmat Elahi v. Government Of West Pakistan -  Lahore-High-Court-Lahore,Court of Record,1965-01-01,321,full_judgment,headnote_only,unknown
1965_PLD_123,1965 PLD 123,Muhammad Siddiq v. Chief Settlement And Rehabilitation Commissioner,Court of Record,1965-01-01,928,full_judgment,headnote_only,unknown
1965_PLD_134,1965 PLD 134,Sikandar Shah v. The State,Court of Record,1965-01-01,465,full_judgment,headnote_only,unknown
1965_PLD_147,1965 PLD 147,"In The Matter Of: Syed Akhlaque Husain, Advocate v. In The Matter Of: Syed Akhlaque Husain, Advocate -  Lahore-High-Court-Lahore",Court of Record,1965-01-01,582,full_judgment,headnote_only,unknown
1965_PLD_151,1965 PLD 151,Abdul Razik v. The State,Court of Record,1965-01-01,309,full_judgment,headnote_only,unknown
1965_PLD_156,1965 PLD 156,Haji Ghulam Zamin v. A. B. Khondkar -  Dhaka,Court of Record,1965-01-01,453,full_judgment,headnote_only,unknown
1965_PLD_161,1965 PLD 161,Noorani Cotton Corporation v. Sales Tax Officer,Court of Record,1965-01-01,476,full_judgment,headnote_only,unknown
1965_PLD_188,1965 PLD 188,Dr. Hassan Din v. Syed Mahmood Ali Shah -  Lahore-High-Court-Lahore,Court of Record,1965-01-01,327,full_judgment,headnote_only,unknown
1965_PLD_162,1965 PLD 162,Rehmatullah Khan v. The State,Court of Record,1965-01-01,480,full_judgment,headnote_only,unknown
1965_PLD_195,1965 PLD 195,Zahir Ahmed v. Seth Sugnichand -  Karachi-High-Court-Sindh,Court of Record,1965-01-01,307,full_judgment,headnote_only,unknown
1965_PLD_208,1965 PLD 208,Abdul Majid Sheikh v. Mushaffe Ahmed,Court of Record,1965-01-01,360,full_judgment,headnote_only,unknown
1965_PLD_214,1965 PLD 214,"A. M. Khan Leghari, C.S.P., Member, Board Of Revenue, West Pakistan, Lahore v. Government Of Pakistan, Through Secretary To Government Of Pakistan, Establishment Division -  Lahore-High-Court-Lahore",Court of Record,1965-01-01,507,full_judgment,headnote_only,unknown
1965_PLD_229,1965 PLD 229,"Malik Muhammad Usman v. The State Through E. A. C. And A. D. M., Quetta & Superintendent District Jail -  Lahore-High-Court-Lahore",Court of Record,1965-01-01,311,full_judgment,headnote_only,unknown
1965_PLD_241,1965 PLD 241,Mrs. Rowshan Bijaya Shaukat Ali Khan v. 'Fhb Government Of East Pakistan -  Dhaka,Court of Record,1965-01-01,679,full_judgment,headnote_only,unknown
1965_PLD_245,1965 PLD 245,"Jaffar Khan v. Chief Election Commissioner, Pakistan",Court of Record,1965-01-01,406,full_judgment,headnote_only,unknown
1965_PLD_249,1965 PLD 249,Abdur Rashid v. Central Board Of Revenue,Court of Record,1965-01-01,346,full_judgment,headnote_only,unknown
1965_PLD_254,1965 PLD 254,Muhammad Yaqub v. Chief Settlement Commissioner,Court of Record,1965-01-01,327,full_judgment,headnote_only,unknown
2007_PLD_571,2007 PLD 571,Fazal Dad v. Col.(Rtd.) Ghulam Muhammad Malik,Court of Record,2007-01-01,421,full_judgment,headnote_only,unknown
2007_PLD_573,2007 PLD 573,Bosicor Corporation Ltd. Through Attorney v. Aman-Ur-Rehman,Court of Record,2007-01-01,415,full_judgment,headnote_only,appeal_dismissed
2007_PLD_578,2007 PLD 578,"Mr. Justice Iftikhar Muhammad Chaudhry, Chief Justice Of Pakistan v. The President Of Pakistan Dents Through The Secretary",Court of Record,2007-01-01,459,full_judgment,headnote_only,unknown
2007_PLD_586,2007 PLD 586,"Muhammad Nazim-Ud-Din v. Chairman, National Accountability Bureau Through Director General, National Accountability Bureau, Karachi",Court of Record,2007-01-01,409,full_judgment,headnote_only,petition_allowed
1965_PLD_434,1965 PLD 434,Paramatha Nath Chowdhury v. Kamir Mondal,Court of Record,1965-01-01,376,full_judgment,headnote_only,unknown
1965_PLD_443,1965 PLD 443,Sutlej Cotton Mills Ltd. v. Commissioner Of Income-Tax,Court of Record,1965-01-01,422,full_judgment,headnote_only,unknown
1965_PLD_445,1965 PLD 445,"Agha Shaukat Ali v. Settlement And Rehabilitation Commissioner, Lahore -  Lahore-High-Court-Lahore",Court of Record,1965-01-01,439,full_judgment,headnote_only,unknown
1965_PLD_492,1965 PLD 492,"Tiger Wire Products Ltd v. Sales Tax Officer, Companies Circle I, Dacca -  Dhaka",Court of Record,1965-01-01,314,full_judgment,headnote_only,unknown
1965_PLD_505,1965 PLD 505,Z. Company v. S. Maula Bukhsh Muhammad Bashir,Court of Record,1965-01-01,648,full_judgment,headnote_only,unknown
1965_PLD_522,1965 PLD 522,"Shukar Din (Naik No. 411) v. Major Abaidur Rehman Second-In-Command And M. I. C., Sutlej Rangers -  Lahore-High-Court-Lahore",Court of Record,1965-01-01,325,full_judgment,headnote_only,unknown
1965_PLD_541,1965 PLD 541,Madad Ali v. The State -  Karachi-High-Court-Sindh,Court of Record,1965-01-01,530,full_judgment,headnote_only,unknown
1965_PLD_550,1965 PLD 550,Aftab Nasir v. Mst. Fazal Bibi -  Lahore-High-Court-Lahore,Court of Record,1965-01-01,311,full_judgment,headnote_only,unknown
1965_PLD_553,1965 PLD 553,Muhammad Idrees v. The State -  Lahore-High-Court-Lahore,Court of Record,1965-01-01,450,full_judgment,headnote_only,unknown
1965_PLD_567,1965 PLD 567,Sind Flour Mills Ltd v. Abdul Hussain Moosar Jafferji -  Karachi-High-Court-Sindh,Court of Record,1965-01-01,333,full_judgment,headnote_only,unknown
1965_PLD_573,1965 PLD 573,The Collector Of Karachi v. Fida Hussain Muhammad Ali Lotia -  Karachi-High-Court-Sindh,Court of Record,1965-01-01,438,full_judgment,headnote_only,unknown
1965_PLD_584,1965 PLD 584,Muhammad Siddiq v. Muhammad Yaqoob -  Karachi-High-Court-Sindh,Court of Record,1965-01-01,301,full_judgment,headnote_only,unknown
1965_PLD_590,1965 PLD 590,Muhammad Ishaq v. Abdul Aziz -  Lahore-High-Court-Lahore,Court of Record,1965-01-01,321,full_judgment,headnote_only,unknown
1965_PLD_596,1965 PLD 596,Chand v. Abdul Ghaffar -  Lahore-High-Court-Lahore,Court of Record,1965-01-01,458,full_judgment,headnote_only,unknown
1965_PLD_603,1965 PLD 603,H. M. Saya &. Co v. Wazir Ali Industries -  Karachi-High-Court-Sindh,Court of Record,1965-01-01,410,full_judgment,headnote_only,unknown
1965_PLD_618,1965 PLD 618,Mahmooda Tahsin v. Ijaz Hussain Shah,Court of Record,1965-01-01,391,full_judgment,headnote_only,unknown
1965_PLD_622,1965 PLD 622,Abdul Latif v. (1) The State -  Karachi-High-Court-Sindh,Court of Record,1965-01-01,437,full_judgment,headnote_only,unknown
1965_PLD_623,1965 PLD 623,Muhammad Khan v. Border Allotment Committee,Court of Record,1965-01-01,770,full_judgment,headnote_only,leave_granted
1965_PLD_634,1965 PLD 634,Ismail v. Fida Ali,Court of Record,1965-01-01,634,full_judgment,headnote_only,unknown
1965_PLD_640,1965 PLD 640,Jane Alam v. The State,Court of Record,1965-01-01,330,full_judgment,headnote_only,unknown
1965_PLD_662,1965 PLD 662,"Mirza Muhammad Abbas v. The Superintendent Of Police, Muzaffargarh & The State -  Lahore-High-Court-Lahore",Court of Record,1965-01-01,529,full_judgment,headnote_only,unknown
1965_PLD_669,1965 PLD 669,Shivrattan G. Mohatta v. Mohammadi Steamship Co. Ltd,Court of Record,1965-01-01,339,full_judgment,headnote_only,unknown
1965_PLD_677,1965 PLD 677,State v. Muhammad Idris Ali Sikda,Court of Record,1965-01-01,367,full_judgment,headnote_only,unknown
1965_PLD_681,1965 PLD 681,State v. Muhammad Jamil,Court of Record,1965-01-01,421,full_judgment,headnote_only,unknown
1965_PLD_686,1965 PLD 686,Muhammad Sharif v. Mst. Natho -  Lahore-High-Court-Lahore,Court of Record,1965-01-01,343,full_judgment,headnote_only,unknown
1965_PLD_692,1965 PLD 692,"Muhammad v. Hammad Raza, C. S. P., Commissioner Sargodha Division -  Lahore-High-Court-Lahore",Court of Record,1965-01-01,359,full_judgment,headnote_only,unknown
1965_PLD_698,1965 PLD 698,Muhammad Jamil Asghar v. Improvement Trust,Court of Record,1965-01-01,554,full_judgment,headnote_only,unknown
1965_PLD_729,1965 PLD 729,West Pakistan Province v. Jamshed Miran -  Lahore-High-Court-Lahore,Court of Record,1965-01-01,491,full_judgment,headnote_only,unknown
2006_PLD_155,2006 PLD 155,Sh. Muhammad Farooq v. District Returning Officer,Court of Record,2006-01-01,324,full_judgment,headnote_only,unknown
2006_PLD_158,2006 PLD 158,"Sindh Employees' Social Security Institution, Karachi v. Messrs Pearl Continental Hotel, Club Road, Karachi",Court of Record,2006-01-01,490,full_judgment,headnote_only,leave_granted
2006_PLD_162,2006 PLD 162,"Sardar Muhammad Naseem v. Judge, Accountability Court, Lahore",Court of Record,2006-01-01,322,full_judgment,headnote_only,unknown
2006_PLD_166,2006 PLD 166,Tehsil Municipal Administration Faisalabad City v. Muhammad Saleem,Court of Record,2006-01-01,374,full_judgment,headnote_only,appeal_allowed
2006_PLD_171,2006 PLD 171,Anti-Narcotics Force (A.N.F.) Through Regional Director Industrial Estate Narcotics Directorate v. Ghafoor Khan Through Guardian,Court of Record,2006-01-01,337,full_judgment,headnote_only,unknown
2006_PLD_175,2006 PLD 175,"Managing Director, Nbf, Islamabad v. Muhammad Arif Raja",Court of Record,2006-01-01,386,full_judgment,headnote_only,unknown
2006_PLD_193,2006 PLD 193,"State v. Muhammad Akbar Cheema, Advocate",Court of Record,2006-01-01,398,full_judgment,headnote_only,unknown
2006_PLD_206,2006 PLD 206,Shafaqat-Ur-Rehman v. Daud-Ur-Rehman,Court of Record,2006-01-01,370,full_judgment,headnote_only,appeal_dismissed
2006_PLD_189,2006 PLD 189,Mst. Rukhsana Mehdi v. Waryam,Court of Record,2006-01-01,607,full_judgment,headnote_only,unknown
2006_PLD_196,2006 PLD 196,Muhammad Farooq v. Nazir Ahmad,Court of Record,2006-01-01,325,full_judgment,headnote_only,unknown
2006_PLD_201,2006 PLD 201,Rehmat Wali v. The State,Court of Record,2006-01-01,355,full_judgment,headnote_only,unknown
2006_PLD_208,2006 PLD 208,Masood Anwar v. Sabir Khan,Court of Record,2006-01-01,408,full_judgment,headnote_only,unknown
2006_PLD_214,2006 PLD 214,Mst. Mobin Fatima v. Muhammad Yamin,Court of Record,2006-01-01,493,full_judgment,headnote_only,appeal_allowed
2006_PLD_216,2006 PLD 216,Messrs Aer Rianta International Pakistan (Pvt.) Ltd. v. Civil Aviation Authority,Court of Record,2006-01-01,332,full_judgment,headnote_only,appeal_dismissed
2006_PLD_221,2006 PLD 221,Captain S. M. Aslam v. The State,Court of Record,2006-01-01,506,full_judgment,headnote_only,revision_dismissed
2006_PLD_226,2006 PLD 226,Happy Family Associate Through Chief Executive v. Messrs Pakistan International Trading Company,Court of Record,2006-01-01,360,full_judgment,headnote_only,leave_refused
1951_PLD_293,1951 PLD 293,Sheikh Amin-Ud Din v. Lahore Electric Supply Company Ltd -  Lahore-High-Court-Lahore,Lahore High Court,1951-01-01,338,full_judgment,headnote_only,unknown
1950_PLD_79,1950 PLD 36,CROWN v. ARDUR RAHMAN,High Court of Judicature Baghdad-ul-Jadid,1950-01-01,4516,full_judgment,headnote_only,unknown
1950_PLD_361,1950 PLD 361,Crown v. Abdul Rehman -  Lahore-High-Court-Lahore,Lahore High Court,1950-01-01,311,full_judgment,headnote_only,unknown
1949_PLD_421,1949 PLD 421,Muhammad Khan v. The Crown -  Lahore-High-Court-Lahore,Lahore High Court,1949-01-01,422,full_judgment,headnote_only,unknown
1949_PLD_257,1949 PLD 257,Lumbhardar Zutshi v. The King,Court of Record,1949-01-01,350,full_judgment,headnote_only,leave_granted
1949_PLD_270,1949 PLD 270,Kanda v. Waghu,Court of Record,1949-01-01,319,full_judgment,headnote_only,unknown
1949_PLD_278,1949 PLD 278,"Sardar Abdul Halim Khan v. Chairman, Lahore Improvement Trust -  Lahore-High-Court-Lahore",Lahore High Court,1949-01-01,301,full_judgment,headnote_only,unknown
2006_PLD_350,2006 PLD 350,"Sh. Jamil Ahmed Through Legal Heirs v. Administrator Municipal Committee, Abbottabad",Court of Record,2006-01-01,495,full_judgment,headnote_only,leave_refused
2006_PLD_358,2006 PLD 358,Mazhar Ali Chaudhry v. Wasim Sajjad,Court of Record,2006-01-01,384,full_judgment,headnote_only,unknown
2006_PLD_365,2006 PLD 365,Abdul Malik v. The State,Court of Record,2006-01-01,448,full_judgment,headnote_only,unknown
2006_PLD_388,2006 PLD 388,Jumman Alias Juma v. The State,Court of Record,2006-01-01,439,full_judgment,headnote_only,unknown
2006_PLD_587,2006 PLD 587,"Wattan Party Through President And Others v. Federation Of Pakistan Through Cabinet Committee Of Privatization, Islamabad",Court of Record,2006-01-01,467,full_judgment,headnote_only,unknown
2006_PLD_576,2006 PLD 576,Syed Amjad Ali v. Mst. Kaneez Fatima,Court of Record,2006-01-01,733,full_judgment,headnote_only,appeal_dismissed
2006_PLD_582,2006 PLD 582,Muhammad Ibrahim v. Asrar Ahmad Khan,Court of Record,2006-01-01,303,full_judgment,headnote_only,unknown
2006_PLD_LAH_512,PLD 2006 Lah 512,"Lt.-Gen.(Retd.) JAMSHAID GULZAR, CHAIRMAN FPSC, ISLAMABAD VS FEDERATION OF PAKISTAN through Secretary Establishment Division, Government of Pakistan, Islamabad - Honorable Justice SYED SHABBAR RAZA RIZVI - M. Akram Sheikh, Naseer-ud-Din Nayyar, Hafiz Arafat , Makhdoom Ali Khan",Lahore High Court,2006-01-01,858,full_judgment,headnote_only,unknown
1967_PLD_SC_191,PLD 1967 SC 191,GHULAM MUHAMMAD VS GOVERNMENT OF WEST PAKISTAN -,Supreme Court of Pakistan,1967-01-01,10483,full_judgment,headnote_only,unknown
1992_PLD_LAH_1,PLD 1992 Lah 1,KHURSHID AHMAD VS GOVT. OF PUNJAB -,Lahore High Court,1992-01-01,15560,full_judgment,headnote_only,unknown
1991_PLD_LAH_10,PLD 1991 Lah 10,DOST MUHAMMAD VS ASHIQ MUHAMMAD -,Lahore High Court,1991-01-01,1519,full_judgment,headnote_only,unknown
1991_PLD_SCAJK_39,PLD 1991 AJ&K SC 39,MUHAMMAD MUNIR VS THE STATE -,Supreme Court of Azad Jammu & Kashmir,1991-01-01,340,full_judgment,headnote_only,unknown
1991_PLD_LAH_60,PLD 1991 SC 60,MUHAMMAD ISMAIL VS SAKINA BIBI -,Supreme Court of Pakistan,1991-01-01,3396,full_judgment,headnote_only,unknown
1991_PLD_LAH_268,PLD 1991 Lah 268,THE STATE VS NAVEED ASIF -,Lahore High Court,1991-01-01,1124,full_judgment,headnote_only,unknown
1991_PLD_LAH_386,PLD 1991 Lah 386,MUHAMMAD ASHRAF VS THE STATE -,Lahore High Court,1991-01-01,3540,full_judgment,headnote_only,unknown
2026_PTD_286,2026 PTD 286,"DIRECTOR, DIRECTORATE OF INTELLIGENCE AND INVESTIGATION, CUSTOMS, MULTAN VS CUSTOMS APPELLATE TRIBUNAL - Syed Naveed-ul-Hasan Bukhari , Rana Asif Saeed",Lahore High Court,2026,274,headnote_only,headnote_only,unknown
2026_PTD_336,2026 PTD 336,"F.C. SECURITY SERVICES (PVT.) LIMITED, PESHAWAR VS COMMISSIONER INLAND REVENUE, ZONE I, REGIONAL TAX OFFICE, PESHAWAR - Honorable Justice Muhammad Shafi Siddiqui - Jahanzeb Masud , Shahid Raza Malik",Supreme Court of Pakistan,2026,287,headnote_only,headnote_only,leave_refused
2026_----PROCEEDINGS_1,2026 ----PROCEEDINGS 1,Not Un-Islamic-Nor Repugnant To Constitutional Commandment Enjoining Bringing Of Laws In Consonance With Holy Quran And Sunnah. ----Law-Not To Be Discarded As Relic From Servile Past Or Legacy Left By British Law Now A Part Of Pakistan Legal System-Constitution Of Pakistan (1962),Court of Record,,27,headnote_only,headnote_only,unknown
2026_PTD_1,2026 PTD 1,"COCA COLA EXPORT CORPORATION PAKISTAN BRANCH VS DEPUTY COMMISSIONER INLAND REVENUE - Honorable Justice Khalid Ishaq - Muhammad Shoaib Rashid and Minahil Khan , Shahjahan Khan",Lahore High Court,2026,3395,full_judgment,headnote_only,unknown
2026_PTD_23,2026 PTD 23,"PAKO COMPUTERS VS CUSTOMS APPELLATE TRIBUNAL - Honorable Justice Muhammad Junaid Ghaffar - Waseem Ahmad Malik , Ali Tahir and Khalilullah Jakhro",High Court of Sindh,2026,724,full_judgment,headnote_only,unknown
2026_PTD_29,2026 PTD 29,"COMMISSIONER INLAND REVENUE, LAHORE VS COCA COLA PAKISTAN LIMITED, LAHORE - Honorable Justice Munib Akhtar - Ahmed Pervaiz , Muhammad Shoaib Rashid",Supreme Court of Pakistan,2026,986,full_judgment,headnote_only,leave_refused
2026_PTD_34,2026 PTD 34,"FATIMA FERTILIZER COMPANY VS CUSTOMS APPELLATE TRIBUNAL - Honorable Justice Malik Javid Iqbal Wains - Muhammad Shoaib Rashid, Muhammad Hameed Bakhsh , Rana Muhammad Mehtab",Lahore High Court,2026,878,full_judgment,headnote_only,unknown
2026_PTD_41,2026 PTD 41,USMAN ALI VS State - Honorable Justice Adnan Iqbal Chaudhry - Aqil Ahmed,High Court of Sindh,2026,600,full_judgment,headnote_only,unknown
2026_PTD_45,2026 PTD 45,"PAKISTAN MOBILE COMMUNICATIONS LIMITED (PMCL) VS COMMISSIONER INLAND REVENUE (ZONE-IV) LARGE TAXPAYERS, UNIT, ISLAMABAD - Honorable Justice Babar Sattar - Sardar Ahmed Jamal Sukhera and Sikandar Sukhera , Asma Hamid, Mustafa Khalid, Saima Kamila, Zulqarnain Bhatti, Shehr Yar Khan and Khayyam Mushir",Islamabad High Court,2026,1495,full_judgment,headnote_only,disposed_of
2026_PTD_86,2026 PTD 86,COMMISSIONER INLAND REVENUE VS RIY METALS RECYCLING (PVT.) LTD. - Syed Zain-ul-Abidien Bokhari,Lahore High Court,2026,419,full_judgment,headnote_only,remanded
2026_PTD_90,2026 PTD 90,"COMMISSIONER INLAND REVENUE (LEGAL ZONE), LARGE TAXPAYERS' OFFICE, LAHORE VS SEVEN STAR SUGAR MILLS (PRIVATE) LIMITED, KARACHI - Honorable Justice Muhammad Shafi Siddiqui - Ahmed Pervaiz , Nemo",Supreme Court of Pakistan,2026,490,full_judgment,headnote_only,appeal_allowed
2026_PTD_95,2026 PTD 95,"SINDH REVENUE BOARD, KARACHI VS LOGON BROADBAND (PVT.) LTD. - Honorable Justice Muhammad Osman Ali Hadi - Muhammad Farhan , Qazi Umair Ali and Muhammad Inzimam Shareef",High Court of Sindh,2026,539,full_judgment,headnote_only,unknown
2026_PTD_117,2026 PTD 117,"COLLECTOR, COLLECTORATE OF CUSTOMS, MODEL CUSTOMS COLLECTORATE, ALLAMA IQBAL INTERNATIONAL AIRPORT, LAHORE VS MUHAMMAD SALEEM BADHSH - Honorable Justice Khalid Ishaq - Nadeem Mehmood Mian , Muhammad Tariq Malik and Abdul Salam Sajid",Lahore High Court,2026,1230,full_judgment,headnote_only,remanded
2026_PTD_123,2026 PTD 123,"POPULAR SUGAR MILLS LTD. VS FEDERATION OF PAKISTAN - Honorable Justice Muhammad Junaid Ghaffar, ACJ and Muhammad Abdur Rahman - Abdul Raheem Lakhani , Ayaz Sarwar Jamali",High Court of Sindh,2026,447,full_judgment,headnote_only,petition_allowed
2026_PTD_126,2026 PTD 126,"ZUBAIR FEED INDUSTRIES (PRIVATE) LIMITED VS FEDERATION OF PAKISTAN through Chairman Federal Board of Revenue - Honorable Justice Muhammad Azam Khan - Hafiz Muhammad Idris , Hafiz Ahsan Khokhar",Islamabad High Court,2026,1254,full_judgment,headnote_only,unknown
2026_PTD_140,2026 PTD 140,EXIDE PAKISTAN LIMITED VS FEDERATION OF PAKISTAN through Secretary Revenue - Honorable Justice Muhammad Junaid Ghaffar - Makhdoom Ali Khan,High Court of Sindh,2026,954,full_judgment,headnote_only,unknown
2026_PTD_146,2026 PTD 146,"PAK AUSTRIA FACHHOCHSCHULE INSTITUTE OF APPLIED SCIENCES AND TECHNOLOGY, HARIPUR VS SECRETARY, REVENUE DIVISION, ISLAMABAD - Honorable Justice Dr. Asif Mahmood Jah -",Islamabad High Court,2026,459,full_judgment,headnote_only,disposed_of
2026_PTD_150,2026 PTD 150,"ZAFAR ASLAM KHAN, PESHAWAR VS COMMISSIONER INLAND REVENUE, ZONE-SOUTH, RTO, ISLAMABAD - Honorable Justice M. M. Akram - Zain ul Hassan",Peshawar High Court,2026,1106,full_judgment,headnote_only,appeal_dismissed
2026_PTD_156,2026 PTD 156,"IFTIKHAR AHMED KHAN VS CUSTOMS APPELLATE TRIBUNAL - Honorable Justice Saman Rafat Imtiaz - M. Ikram Shah and Raja Iftikhar Ahmed , M. Amin Feroz Khan and Ch. Talib",Islamabad High Court,2026,539,full_judgment,headnote_only,unknown
2026_PTD_163,2026 PTD 163,"WAHID ULLAH VS COLLECTOR OF CUSTOMS (ADJUDICATION) - Honorable Justice Shakil Ahmed Abbasi - Muhammad Usman Malik , Humayun Naseer",Lahore High Court,2026,392,full_judgment,headnote_only,disposed_of
2026_PTD_173,2026 PTD 173,"HUB POWER COMPANY LIMITED VS DEPUTY COMMISSIONER INLAND REVENUE (AUDIT-VI) - Honorable Justice Sardar Ejaz Ishaq Khan - Makhdoom Ali Khan and Saad M. Hashmi , Babar Bilal",Islamabad High Court,2026,865,full_judgment,headnote_only,unknown
2026_PTD_179,2026 PTD 179,"KINGCRETE ASSOCIATES (PVT.) LTD. VS COMMISSIONER INLAND REVENUE, CTO, LAHORE - Honorable Justice Zahid Sikandar - Ch. Qamar Zaman , Imran Saeed",Lahore High Court,2026,638,full_judgment,headnote_only,unknown
2026_PTD_185,2026 PTD 185,"KHURSHEED & SONS VS FEDERATION OF PAKISTAN, ISLAMABAD - Honorable Justice Raheel Kamran - Tanveer Ahmad , Mahmood Ahmad Bhatti",Lahore High Court,2026,1003,full_judgment,headnote_only,unknown
2026_PTD_192,2026 PTD 192,"COMMISSIONER INLAND REVENUE (LEGAL), ISLAMABAD VS PAKISTAN LNG LIMITED - Honorable Justice Ayesha A. Malik - Ms. Asma Hamid , Jehanzeb Awan",Supreme Court of Pakistan,2026,5579,full_judgment,headnote_only,unknown
2026_PTD_216,2026 PTD 216,"CUPOLA PAKISTAN LIMITED VS DEPUTY COMMISSIONER OF INCOME TAX - Honorable Justice Muhammad Junaid Ghaffar, CJ and Agha Faisal - Hamza Waheed and Sami-ur-Rehman , M. Aqeel Qureshi",High Court of Sindh,2026,392,full_judgment,headnote_only,unknown
2026_PTD_221,2026 PTD 221,"IMRAN ASHRAF VS GOVERNMENT OF AZAD JAMMU AND KASHMIR - Honorable Justice Syed Shahid Bahar - Sardar Tahir Anwar , Mrs. Bilqees Rasheed Minhas",High Court,2026,746,full_judgment,headnote_only,petition_dismissed
2026_PTD_227,2026 PTD 227,"MIAN GROUP, CHAKWAL KARAMDAD ARCADE VS ASSISTANT COMMISSIONER INLAND REVENUE, ISLAMABAD - Honorable Justice Babar Sattar - Mirza Saqib Siddeeq, Waqas Ahmed, Hafiz Muhammad Idris",Islamabad High Court,2026,587,full_judgment,headnote_only,disposed_of
2026_PTD_237,2026 PTD 237,"MUSHTAQ AHMAD VS GOVERNMENT OF THE PUNJAB - Khawar Siddique Sahi , Ch. Saeed Akhtar Sajid",Lahore High Court,2026,474,full_judgment,headnote_only,unknown
2026_PTD_244,2026 PTD 244,"COLLECTOR OF CUSTOMS, CUSTOM HOUSE, PESHAWAR VS NOOR MUHAMMAD - Honorable Justice Muhammad Faheem Wali - Saifullah Muhib Kakakhel , Ajoon Khan",Peshawar High Court,2026,505,full_judgment,headnote_only,unknown
2026_PTD_247,2026 PTD 247,"COMMISSIONER INLAND REVENUE VS ENGI PLASTIC INDUSTRIES - Honorable Justice Khalid Ishaq - Liaquat Ali Ch. , Barrister Usman Khalil",Lahore High Court,2026,540,full_judgment,headnote_only,unknown
2026_PTD_252,2026 PTD 252,"PAKISTAN STOCK EXCHANGE LIMITED VS COMMISSIONER INLAND REVENUE ZONE-VI, KARACHI - Honorable Justice Munib Akhtar - Abdul Ghaffar Khan , Munawar Ali Memon",Supreme Court of Pakistan,2026,1224,full_judgment,headnote_only,leave_refused
2026_PTD_269,2026 PTD 269,"WATEEN TELECOM LIMITED VS COMMISSIONER INLAND REVENUE - Honorable Justice Sardar Ejaz Ishaq Khan - Syed Ali Zafar, Ali Sibtain Fazli, Abad-ur-Rehman, Hassan Ahmed Khan and Naeem Ahmed , Osama Shahid Barrister Atif Rahim Burki and Arshad Mehmood",Islamabad High Court,2026,684,full_judgment,headnote_only,unknown
2026_PTD_274,2026 PTD 274,"KARACHI AERO CLUB (GUARANTEE) LTD. VS COMMISSIONER (APPEALS-II), SINDH REVENUE BOARD, KARACHI - Honorable Justice Alia Anwer - Usman Shaikh , Javed Akhtar",High Court of Sindh,2026,959,full_judgment,headnote_only,unknown
2026_PTD_281,2026 PTD 281,"RAFHAN MAIZE PRODUCTS CO. LIMITED VS The APPELLATE TRIBUNAL INLAND REVENUE, MULTAN - Honorable Justice Muhammad Shafi Siddiqui - Muhammad Ajmal Khan , Muhammad Yahya",Supreme Court of Pakistan,2026,411,full_judgment,headnote_only,unknown
2026_PTD_291,2026 PTD 291,"RAWAT OIL AND GHEE MILLS (PVT.) LTD. VS FEDERATION OF PAKISTAN through Secretary (Revenue)/Chairman FBR - Honorable Justice Muhammad Jaffer Raza - Muhammad Adeel Awan , Ms. Mehreen Ibrahim",High Court of Sindh,2026,781,full_judgment,headnote_only,revision_allowed
2026_PTD_296,2026 PTD 296,"MUHAMMAD ARIF KHAN VS COLLECTOR CUSTOMS MODEL CUSTOMS COLLECTORATE (ENFORCEMENT AND COMPLIANCE) CUSTOM HOUSE, JAMRUD, ROAD, PESHAWAR - Honorable Justice Muhammad Shafi Siddiqui - Farhat Nawaz Lodhi , Abdul Rauf Rohaila",Supreme Court of Pakistan,2026,372,full_judgment,headnote_only,unknown
2026_PTD_298,2026 PTD 298,"COLLECTOR OF CUSTOMS, COLLECTORATE OF CUSTOMS (ENFORCEMENT), SARGODHA VS JUMA KHAN - Honorable Justice Khalid Ishaq - Rana Muhammad Mehtab and Syed Majid Ali Bukhari , Malik Saif Bhutta",Lahore High Court,2026,1198,full_judgment,headnote_only,unknown
2026_PTD_307,2026 PTD 307,"COMMISSIONER INLAND REVENUE, RTO, LAHORE VS PREMIUM LEATHER (PVT.) LTD., LAHORE - Honorable Justice Muhammad Tahir and Zahid Sikandar - Abdul Basit , Ali Latif",Lahore High Court,2026,1409,full_judgment,headnote_only,unknown
2026_PTD_318,2026 PTD 318,"COMMISSIONER INLAND REVENUE, ZONE-II, LARGE TAXPAYERS UNIT, LAHORE VS COCA COLA EXPORT CORPORATION - Honorable Justice Khalid Ishaq - Liaquat Ali Chaudhry , Umair Ahmad and Haris Irfan",Lahore High Court,2026,1378,full_judgment,headnote_only,unknown
2026_PTD_329,2026 PTD 329,"COMMISSIONER INLAND REVENUE ZONE-II, REGIONAL TAX OFFICE, QUETTA VS DEENAR INDUSTRIES (PVT.) LTD. - Honorable Justice Iqbal Ahmed Kasi - Darya Khan, Barrister Iftikhar Raza Khan and Munawar Khan Kasi , Muhammad Umar Dogar and Raja Umair Ali",High Court of Balochistan,2026,1180,full_judgment,headnote_only,appeal_dismissed
2026_PTD_339,2026 PTD 339,"COMMISSIONER INLAND REVENUE VS FATEH TEXTILE INDUSTRIES (PVT.) LIMITED - Khalil Ahmad Ali , Khubaib Ahmad",Lahore High Court,2026,391,full_judgment,headnote_only,unknown
2026_PTD_341,2026 PTD 341,"WAQAS PRINTERS AND PUBLISHERS, PESHAWAR VS COMMISSIONER INLAND REVENUE, (UNIT-21-PESHAWAR ZONE), RTO, PESHAWAR - Honorable Justice Dr. Shah khan - Danish Ali Qazi , Ishfaq Ahmed",Peshawar High Court,2026,431,full_judgment,headnote_only,unknown
2026_PTD_347,2026 PTD 347,"COMMISSIONER INLAND REVENUE VS HUNZA SUGAR MILLS - Honorable Justice Malik Javid Iqbal Wains - Ahmad Pervaiz, Muhammad Nauman Khan, Malik Abdullah Raza and Azmat Hayat Khan Lodhi , Salman Zaheer Khan, Ali Sabtain Fazli, Hasham Ahmad Khan, Abad-ur-Rehman",Lahore High Court,2026,567,full_judgment,headnote_only,appeal_dismissed
2026_PTD_356,2026 PTD 356,"JANANA DE MALUCHO TEXTILE MILLS LTD. VS DEPUTY COMMISSIONER INLAND REVENUE ZONE-III, LTO, LAHORE - Honorable Justice Rao Muhammad Nasir Jamil (Member) - Ahmad Nawaz Khurram , Nemo",Lahore High Court,2026,499,full_judgment,headnote_only,unknown
2026_PTD_361,2026 PTD 361,"COMMISSIONER OF INCOME TAX ZONE-C, LAHORE VS LAHORE GRAMMER SCHOOL (PVT.) LTD. GULBERG, LAHORE - Honorable Justice Khalid Ishaq - Mian Yousaf Umar , Shahbaz Butt, Ibrahim Hassan and Mazhar Hussain Tahir",Lahore High Court,2026,794,full_judgment,headnote_only,unknown
2026_PTD_367,2026 PTD 367,"A. RAHIM FOODS (PVT.) LTD., LAHORE VS COMMISSIONER INLAND REVENUE, LTO, LAHORE - Honorable Justice Nasir Mahmud - Qasim Abbasi , Nemo",Lahore High Court,2026,783,full_judgment,headnote_only,disposed_of
2026_PTD_372,2026 PTD 372,"The DIRECTOR GENERAL OF CUSTOMS VALUATION, CUSTOM HOUSE, KARACHI VS AL AMIN CERA - Honorable Justice Miangul Hassan Aurangzeb - Raja Muhammad Iqbal",Supreme Court of Pakistan,2026,904,full_judgment,headnote_only,appeal_allowed
2026_PTD_390,2026 PTD 390,"FATIMA FERTILIZER COMPANY VS COMMISSIONER INLAND REVENUE, ZONE-3, LARGE TAXPAYERS OFFICE, MULTAN - Asad Zaman Tarar , Iftikhar Majid",Lahore High Court,2026,453,full_judgment,headnote_only,unknown
2026_PTD_392,2026 PTD 392,"OMV (PAKISTAN) EXPLORATION G.M.B.H. ISLAMABAD VS COMMISSIONER INLAND REVENUE (LEGAL), ISLAMABAD - Honorable Justice Babar Sattar - Hafiz Muhammad Idris and Syed Farid Bukhari , Makhdoom Ali Khan",Islamabad High Court,2026,647,full_judgment,headnote_only,disposed_of
2026_PTD_406,2026 PTD 406,"COMMISSIONER INLAND REVENUE REGIONAL TAX OFFICE, PESHAWAR VS CHERAT CEMENT COMPANY LTD. NOWSHERA - Honorable Justice Munib Akhtar - Qaiser Abbas Bangash , Isaac Ali Qazi",Supreme Court of Pakistan,2026,548,full_judgment,headnote_only,appeal_dismissed
2026_PTD_419,2026 PTD 419,"COMMISSIONER INLAND REVENUE, LEGAL ZONE, LTO, MULTAN VS AL-HILAL INDUSTRIES (PVT.) LTD. - Muhammad Shaukat Qamar , Muhammad Usman Hadi and Jamil Ahmad Shaikh",Lahore High Court,2026,911,full_judgment,headnote_only,unknown
2026_PTD_424,2026 PTD 424,"DEPUTY COMMISSIONER OF INCOME TAX, ISLAMABAD VS MARI GAS COMPANY LIMITED, ISLAMABAD - Honorable Justice Syed Mansoor Ali Shah - Dr. G. M. Chaudhary, Ch. Zafar Iqbal, Dr. Farhat Zafar , Azid Nafees, Hafiz M. Idrees, Khurram Mumtaz Hashmi, Sardar Ahmed Jamal Sukhera",Supreme Court of Pakistan,2026,603,full_judgment,headnote_only,unknown
2026_PTD_434,2026 PTD 434,"The DIRECTOR CUSTOM HOUSE, LAHORE VS DUTY FREE SHOP LIMITED SIALKOT - Honorable Justice Malik Javid Iqbal Wains - Rana Muhammad Mehtab , Umar Ilyas Khan",Lahore High Court,2026,756,full_judgment,headnote_only,remanded
2026_PTD_441,2026 PTD 441,"UIG (PVT.) LTD. VS MEMBER INLAND REVENUE (SALES TAX) - Honorable Justice Yousuf Ali Sayeed - Umair Ahmed Qazi , Waqar Memon",High Court of Sindh,2026,694,full_judgment,headnote_only,unknown
2026_PTD_455,2026 PTD 455,"DIRECTOR, DIRECTORATE GENERAL, INTELLIGENCE AND INVESTIGATION (CUSTOMS) VS ALTAF HUSSAIN - Honorable Justice Munib Akhtar - Dr. Farhat Zafar , Nemo",Supreme Court of Pakistan,2026,810,full_judgment,headnote_only,unknown
2026_PTD_458,2026 PTD 458,"FAZAL PAPER MILLS (PVT.) LIMITED VS FEDERATION OF PAKISTAN - Zahid Imran Gondal and Muhammad Junaid , Malik Muhammad Shahzad Awan",Lahore High Court,2026,400,full_judgment,headnote_only,petition_dismissed
2026_PTD_464,2026 PTD 464,"SABA INTERNATIONAL VS The FEDERATION OF PAKISTAN through Secretary Revenue Division/Chairman - Honorable Justice Arbab Ali Hakro - Iftikhar Hussain , Pervaiz Ahmed Memon, Mohabbat Hussain Awan and Syed Raza Mamnoon",High Court of Sindh,2026,625,full_judgment,headnote_only,disposed_of
2026_PTD_472,2026 PTD 472,"ALLAMA IQBAL OPEN UNIVERSITY VS COMMISSIONER INLAND REVENUE, WITHHOLDING TAX ZONE, REGIONAL TAX OFFICE, ISLAMABAD - Honorable Justice Muhammad Shafi Siddiqui - Syed Rifaqat Hussain Shah , Dr. Farhat Zafar",Supreme Court of Pakistan,2026,708,full_judgment,headnote_only,unknown
2026_PTD_475,2026 PTD 475,"ABDUL QADIR VS FEDERATION OF PAKISTAN through Cabinet Secretary Government of Pakistan, Pak. Secretariat, Islamabad - Honorable Justice Babar Sattar - Rehan Kayani and Barrister M. Usama Rauf , Fahad Khan Tareen",Islamabad High Court,2026,854,full_judgment,headnote_only,unknown
2026_PTD_496,2026 PTD 496,"ASSISTANT COMMISSIONER INLAND REVENUE, UNIT-III, ZONE-CANTT, RTO, RAWALPINDI VS UMER TARIQ KHAN - Honorable Justice Miangul Hassan Aurangzeb - Syed Rifaqat Hussain Shah , Malik Itaat Hussain Awan",Supreme Court of Pakistan,2026,804,full_judgment,headnote_only,unknown
2026_PTD_502,2026 PTD 502,"COMMISSIONER INLAND REVENUE, LTO, LAHORE VS EXPO LAHORE (PVT.) LIMITED LAHORE - Nadeem Asad , M. Usman Farooq",Lahore High Court,2026,414,full_judgment,headnote_only,unknown
2026_PTD_505,2026 PTD 505,"WAK LIMITED, MULTAN ROAD, LAHORE VS COLLECTOR CENTRAL EXCISE AND SALES TAX LAHORE (NOW COMMISSIONER INLAND REVENUE LTU, LAHORE) - Honorable Justice Muhammad Shafi Siddiqui - Ali Sibtain Fazli , Mrs. Kausar Parveen",Supreme Court of Pakistan,2026,557,full_judgment,headnote_only,unknown
2026_PTD_509,2026 PTD 509,"HUFFAZ SEAMLESS PIPE INDUSTRIES LTD. VS COMMISSIONER (APPEALS-III), SINDH REVENUE BOARD, KARACHI - Honorable Justice Mrs. Alia Anwer - Syed Hamza Ahmed Hashmi , Javed Akhtar",High Court of Sindh,2026,1599,full_judgment,headnote_only,appeal_allowed
2026_PTD_520,2026 PTD 520,"HASSAN KHALID VS FEDERATION OF PAKISTAN - Honorable Justice Khalid Ishaq - Barrister Muhammad Abdullah , Mirza Nasar Ahmed",Lahore High Court,2026,573,full_judgment,headnote_only,petition_allowed
2026_PTD_525,2026 PTD 525,"NAEEM FISH FRY VS COMMISSIONER (APPEALS-I), SINDH REVENUE BOARD, KARACHI - Honorable Justice Mrs. Alia Anwer - Syed Armughan Memhmood , Ms. Komal Laghari",High Court of Sindh,2026,811,full_judgment,headnote_only,unknown
2026_PTD_531,2026 PTD 531,"MAMOON ASLAM VS SECRETARY, REVENUE DIVISION, ISLAMABAD - Honorable Justice M. Zafar-ul-Haq Hijazi -",Islamabad High Court,2026,520,full_judgment,headnote_only,unknown
2026_PTD_535,2026 PTD 535,"KHYBER TEA AND FOOD COMPANY, PESHAWAR VS COMMISSIONER INLAND REVENUE, (PESHAWAR ZONE), RTO, PESHAWAR - Honorable Justice Abdullah Khan Kakar and Dr. Shah Khan - Muhammad Azam , Ms. Saima Ijaz",Peshawar High Court,2026,398,full_judgment,headnote_only,unknown
2026_PTD_538,2026 PTD 538,"Malik MUHAMMAD KAMRAN ASLAM (PROP:) Messrs SKY HAWKS VS SECRETARY REVENUE DIVISION, ISLAMABAD - Honorable Justice M. Zafar-ul-Haq Hijazi -",Islamabad High Court,2026,462,full_judgment,headnote_only,unknown
2026_PTD_542,2026 PTD 542,"FOUNDATION WIND ENERGY-II VS COMMISSIONER PUNJAB REVENUE AUTHORITY - Honorable Justice Jawad Hassan - Barrister Saad M. Hashmi , Khudayar Khan",Lahore High Court,2026,584,full_judgment,headnote_only,unknown
2026_PTD_555,2026 PTD 555,"INDUS MOTOR COMPANY LIMITED VS FEDERATION OF PAKISTAN - Honorable Justice Muhammad Junaid Ghaffar - Rashid Anwar and Aadil Saeed , Dr. Shah Nawaz Memon, Khalid Rajpar, Sardar Muhammad Ishaque, Muhammad Khalil Dogar",High Court of Sindh,2026,407,full_judgment,headnote_only,disposed_of
2026_PTD_577,2026 PTD 577,"HUAWEI TECHNOLOGIES PAKISTAN (PRIVATE) LIMITED VS FEDERATION OF PAKISTAN through Secretary Revenue Division (CFBR) - Honorable Justice Inaam Ameen Minhas - Sardar Taimoor Aslam and Mudassar Abbas , Muhammad Asif Jadoon",Islamabad High Court,2026,711,full_judgment,headnote_only,petition_allowed
2026_PTD_596,2026 PTD 596,"Malik AMEER HAIDER SANGHA VS FEDERATION OF PAKISTAN through Secretary Revenue Division, Civil Secretariat, Lahore - Honorable Justice Abid Hussain Chattha - Barrister Muhammad Umer Riaz, Rana Rehan and Barrister Ali Aun Awan , Ms. Riaz Begum",Lahore High Court,2026,1668,full_judgment,headnote_only,unknown
2026_PTD_606,2026 PTD 606,"MIR ""A"" BAKERS AND SWEETS, MANSEHRA ROAD, MANDIAN, ABBOTTABAD VS DIRECTOR INTELLIGENCE AND INVESTIGATION - Honorable Justice Syed Mudasser Ameer - Mudassar Malik and Waheed Shahzad , Khurram Ghias Khan and Syed Waqas Naqvi",Peshawar High Court,2026,388,full_judgment,headnote_only,unknown
2026_PTD_616,2026 PTD 616,"EXIDE PAKISTAN LTD. VS FEDERATION OF PAKISTAN - Honorable Justice Adnan Iqbal Chaudhry - Ovais Ali Shah , Nisar Ali Naushad Babar",High Court of Sindh,2026,581,full_judgment,headnote_only,unknown
2026_PTD_619,2026 PTD 619,"HARRIS HASAN SYED VS COMMISSIONER INLAND REVENUE - Honorable Justice Abid Aziz Sheikh - Barrister Saffi-ul-Hassan, Muhammad Ajmal Khan, M. Mansha Sukhera , Shahid Sarwar Chahil, Kausar Parveen and Raja Waqas Habib Khan",Lahore High Court,2026,608,full_judgment,headnote_only,disposed_of
2026_PTD_625,2026 PTD 625,D.G. KHAN CEMENT COMPANY LIMITED VS The FEDERATION OF PAKISTAN through Secretary Revenue Islamabad - Honorable Justice Amin-Ud-Din Khan -,Islamabad High Court,2026,2593,full_judgment,headnote_only,unknown
2026_PTD_641,2026 PTD 641,"REGUS EXECUTIVE CENTER KARACHI (PRIVATE) LIMITED VS ASSISTANT COMMISSIONER (UNIT-04), SRB, KARACHI - Honorable Justice Muhammad Junaid Ghaffar, ACJ and Mohammad Abdur Rahman - Sauban Tasleem , Shamshad Ahmed",High Court of Sindh,2026,377,full_judgment,headnote_only,unknown
2026_PTD_645,2026 PTD 645,MUHAMMAD NAEEM VS COMMISSIONER PUNJAB REVENUE AUTHORITY - Hafiz Muhammad Idrees and Hassan Askari Kazmi,Lahore High Court,2026,471,full_judgment,headnote_only,revision_dismissed
2026_PTD_648,2026 PTD 648,"PAKISTAN INTERNATIONAL AIRLINES CORPORATION VS COMMISSIONER INLAND REVENUE - Honorable Justice Muhammad Junaid Ghaffar, ACJ and Muhammad Abdur Rahman - Uzair Shoro , Zakia Jatoi",High Court of Sindh,2026,325,full_judgment,headnote_only,disposed_of
2026_PTD_650,2026 PTD 650,"SUNDER MEHRAN BUILDERS VS COMMISSIONER (APPEALS-I), SINDH REVENUE BOARD, KARACHI - Honorable Justice Alia Anwer - , Nabi Bukhsh Shar",High Court of Sindh,2026,1693,full_judgment,headnote_only,disposed_of
2026_PTD_662,2026 PTD 662,"COLLECTOR OF CUSTOMS (ENFORCEMENT), CUSTOM HOUSE, AIRPORT ROAD, QUETTA VS SHER ALI - Honorable Justice Muhammad Ejaz Swati - Abdus Samee Babar , Naimatullah Achakzai and Nasrullah Kakar",High Court of Balochistan,2026,376,full_judgment,headnote_only,unknown
2026_PTD_669,2026 PTD 669,"COCA COLA PAKISTAN LTD. VS COMMISSIONER INLAND REVENUE, LARGE TAXPAYERS OFFICE, LAHORE - Honorable Justice Munib Akhtar - Adnan Haider , Ahmed Pervaiz",Supreme Court of Pakistan,2026,826,full_judgment,headnote_only,unknown
2026_PTD_678,2026 PTD 678,"SHAIKH PIPE MILLS (PVT.) LIMITED VS The CUSTOMS APPELLATE TRIBUNAL, KARACHI - Honorable Justice Muhammad Junaid Ghaffar, ACJ and Mohammad Abdur Rahman - Imran Iqbal Khan , Sardar Zafar Hussain",High Court of Sindh,2026,489,full_judgment,headnote_only,disposed_of
2026_PTD_680,2026 PTD 680,"Mrs. NASREEN TAYYAB VS COMMISSIONER INLAND REVENUE, ZONE-II, RTO-I, KARACHI - Honorable Justice Fakhar-Ul-Zaman Akhtar - Faiz Ahmed , Akhtar Khan",High Court of Sindh,2026,576,full_judgment,headnote_only,unknown
2026_PTD_687,2026 PTD 687,"COLLECTOR, COLLECTORATE OF CUSTOMS, HYDERABAD VS FAZAL QADEER - Honorable Justice Muhammad Junaid Ghaffar, CJ and Muhammad Abdur Rahman - Khalilullah Jakhro , Muhammad Iqbal Riaz",High Court of Sindh,2026,702,full_judgment,headnote_only,unknown
2026_PTD_690,2026 PTD 690,"GULZAR AFZAAL, FAISALABAD VS COMMISSIONER INLAND REVENUE, RTO, FAISALABAD - Honorable Justice Mian Tauqeer Aslam - Imran Rashid and Farooq Ejaz , Farooq Anwar",Appellate Tribunal,2026,898,full_judgment,headnote_only,unknown
2026_PTD_696,2026 PTD 696,"PAKISTAN ACCUMULATORS (PVT.) LTD. VS PAKISTAN through Secretary, Ministry of Finance, Islamabad - Honorable Justice Babar Sattar - Dr. Farogh Naseem, Sardar Haseeb Iftikhar Ahmed and Salman Abbas , Barrister Muhammad Umer Riaz, Umer Ejaz Gillani, Rana Rehan, Barrister Ali Aun",Islamabad High Court,2026,748,full_judgment,headnote_only,unknown
2026_PTD_721,2026 PTD 721,"ARY COMMUNICATION LIMITED VS FEDERAL BOARD OF REVENUE - Honorable Justice Agha Faisal - Abid S. Zuberi , Ameer Bux Metlo",High Court of Sindh,2026,374,full_judgment,headnote_only,unknown
2026_PTD_724,2026 PTD 724,"QAISER AZEEM VS The COMMISSIONER INLAND REVENUE, RANGE-I, ZONE SOUTH, RTO, ISLAMABAD - Honorable Justice Mian Abdul Basit - Muhammad Khurshid , Shumail Tareen",Islamabad High Court,2026,628,full_judgment,headnote_only,unknown
2026_PTD_728,2026 PTD 728,"SUI SOUTHERN GAS COMPANY LTD. VS LARGE TAXPAYERS UNIT (L.T.U.) - Honorable Justice Muhammad Junaid Ghaffar, ACJ and Muhammad Abdur Rahman - Khalid Jawed Khan , Muhammad Aqeel Qureshi",High Court of Sindh,2026,373,full_judgment,headnote_only,unknown
2026_PTD_732,2026 PTD 732,"The COLLECTOR OF CUSTOMS, COLLECTORATE OF CUSTOMS APPRAISEMENT, KARACHI VS M.M. STEEL, SIALKOT - Honorable Justice Muhammad Shafi Siddiqui - Muhammad Khalil Dogar , Nemo",Supreme Court of Pakistan,2026,1398,full_judgment,headnote_only,unknown
2026_PTD_738,2026 PTD 738,"JAHANZAIB VS ADDITIONAL COLLECTOR OF CUSTOMS (ADJUDICATION), COLLECTORATE OF ADJUDICATION, DRY PORT, FAISALABAD - Honorable Justice Muhammad Sajid Mehmood Sethi - Mian Abdul Salam Sajid , Mian Muhammad Ashfaq Hussain",Lahore High Court,2026,924,full_judgment,headnote_only,unknown
2026_PTD_746,2026 PTD 746,"PAKISTAN INTERNATIONAL AIRLINES CORPORATION VS COLLECTOR OF CUSTOMS (PREVENTIVE) CUSTOM - Honorable Justice Muhammad Junaid Ghaffar - S. Yasir Ali , Muhabbat Hussain Awan",High Court of Sindh,2026,485,full_judgment,headnote_only,unknown
2026_PTD_753,2026 PTD 753,"COMMISSIONER INLAND REVENUE, LAHORE VS SALMAN BUTT - Honorable Justice Muhammad Shafi Siddiqui - Muhammad Saeed Tahir",Supreme Court of Pakistan,2026,335,full_judgment,headnote_only,appeal_allowed
2026_PTD_757,2026 PTD 757,"ASAD ALI VS COMMISSIONER INLAND REVENUE ZONE-I, REGIONAL TAX OFFICE, PESHAWAR - Honorable Justice Wiqar Ahmad - Mohammad Anwar , Abbas Bakhtiar",Peshawar High Court,2026,539,full_judgment,headnote_only,disposed_of
2026_PTD_770,2026 PTD 770,"DIRECTOR, DIRECTORATE INTELLIGENCE AND INVESTIGATION (CUSTOMS) VS MUHAMMAD SABIR - Honorable Justice Adnan Iqbal Chaudhry - Zulfiqar Ali Arain",High Court of Sindh,2026,603,full_judgment,headnote_only,unknown
2026_PTD_778,2026 PTD 778,"WORLDCALL TELECOM LTD. (WTCL) (Messrs Worldcall Communication Limited) VS The COMMISSIONER OF INCOME TAX, LARGER DIVISION, LARGER TAXPAYER UNIT, NABHA ROAD, LAHORE - Honorable Justice Munib Akhtar - Khurram Shahbaz Butt , Ch. Muhammad Zafar Iqbal",Supreme Court of Pakistan,2026,1085,full_judgment,headnote_only,unknown
2026_PTD_790,2026 PTD 790,"BAIG ENTERPRISES, LAHORE VS COMMISSIONER INLAND REVENUE, ZONE-IV, RTO, LAHORE - Honorable Justice Mian Abdul Bari Rashid (Member) - Nouman Yahya , Ms. Zil-e-Huma",Lahore High Court,2026,977,full_judgment,headnote_only,disposed_of
2026_PTD_795,2026 PTD 795,"RAMADA INDUSTRIES (PVT.) LTD., KARACHI VS COMMISSIONER INLAND REVENUE, ZONE-VI, CTO, KARACHI - Honorable Justice Muhammad Junaid Ghaffar, CCJ and Muhammad Abdur Rahman - Muhammad Faheem Bhayo , Barrister Ghazi Khan Khalil",High Court of Sindh,2026,539,full_judgment,headnote_only,unknown
2026_PTD_802,2026 PTD 802,"MATRACON PAKISTAN (PRIVATE) LIMITED, ISLAMABAD VS APPELLATE TRIBUNAL FOR SALES TAX ON SERVICES, KHYBER PAKHTUNKHWA through Chairman, Peshawar - Honorable Justice Aamer Farooq - Mian Sikandar Gul Kaka Kheil , Fazal Amin Shah",Peshawar High Court,2026,471,full_judgment,headnote_only,leave_refused
2026_PTD_809,2026 PTD 809,"KHYBER TEA AND FOOD COMPANY VS COMMISSIONER INLAND REVENUE, (PESHAWAR ZONE) RTO, PESHAWAR - Honorable Justice Dr. Shah Khan - Muhammad Azam , Ishfaq Ahmed",Peshawar High Court,2026,507,full_judgment,headnote_only,unknown
2004_YLR_206,2004 YLR 206,"65	2004 YLR 206	HABIB alias HABIBUR REHMAN VS THE STATE - Honorable Justice AZIZULLAH M. MEMON - Mehmood A. Qureshi , Jawed Akhtar	KARACHI-HIGH-COURT-SINDH",High Court of Sindh,2004-01-01,294,headnote_only,headnote_only,unknown
2006_YLR_151,2006 YLR 151,"58	2006 YLR 151	Malik SARDAR MUHAMMAD VS ATA MUHAMMAD - Honorable Justice Maulvi Anwarul Haq - Mian Muhammad Akram , Umar Kamal Khan,Nemo	LAHORE-HIGH-COURT-LAHORE",Lahore High Court,2006-01-01,285,headnote_only,headnote_only,unknown
2006_YLR_1783,2006 YLR 1783,"605	2006 YLR 1783	Mst. BHAGAN VS SULTAN - Honorable Justice Pervez Ahmed - Rana Muzaffar Hussain , Zahid Hussain Khan	LAHORE-HIGH-COURT-LAHORE",Supreme Court of Pakistan,2006-01-01,86,headnote_only,headnote_only,unknown
2006_YLR_1948,2006 YLR 1948,"665	2006 YLR 1948	IMRAN VS State - Honorable Justice Asif Saeed Khan Khosa - Rai Muhammad Tufail Khan Kharal , M. Ishfaq Ahmad Chaudhry for the State with Ghulam Shabbir Khan	LAHORE-HIGH-COURT-LAHORE",Supreme Court of Pakistan,2006-01-01,297,headnote_only,headnote_only,petition_dismissed
2006_YLR_1936,2006 YLR 1936,"661	2006 YLR 1936	State VS ABID HUSSAIN - Honorable Justice KHAWAJA MUHAMMAD SHARIF - Mehmood ul Hassan Qureshi , Mian Abbas Ahmad	LAHORE-HIGH-COURT-LAHORE",Lahore High Court,2006-01-01,223,headnote_only,headnote_only,disposed_of
2006_YLR_1904,2006 YLR 1904,"648	2006 YLR 1904	Mst. NAJMA BIBI VS S. H. O. - Honorable Justice Muhammad Farrukh Mahmud - Sardar Mahmood Iqbal Khakwani , Syed Shaheen Masood Rizvi, A. A.-G., Punjab with Maqbool Ahmad	LAHORE-HIGH-COURT-LAHORE",Lahore High Court,2006-01-01,224,headnote_only,headnote_only,petition_allowed
2006_YLR_1919,2006 YLR 1919,"653	2006 YLR 1919	MUHAMMAD AFZAAL VS State - Honorable Justice M. A. SHAHID SIDDIQUI - Rana Habib-ur-Rehman Khan , Muhammad Sharif	LAHORE-HIGH-COURT-LAHORE",Lahore High Court,2006-01-01,105,headnote_only,headnote_only,unknown
2006_YLR_1964,2006 YLR 1964,"674	2006 YLR 1964	GHULAM FARID VS State - Honorable Justice KHAWAJA MUHAMMAD SHARIF - Malik Muhammad Saleem , Masood Sabir	LAHORE-HIGH-COURT-LAHORE",Supreme Court of Pakistan,2006-01-01,268,headnote_only,headnote_only,unknown
2006_YLR_1859,2006 YLR 1859,"631	2006 YLR 1859	AYUB VS State - Honorable Justice Muhammad Farrukh Mahmud - Abid Hussain Bhutta , M. Sabir Qureshi	LAHORE-HIGH-COURT-LAHORE",Lahore High Court,2006-01-01,121,headnote_only,headnote_only,unknown
2006_YLR_1864,2006 YLR 1864,"634	2006 YLR 1864	ALLAH LOK through Legal Heirs VS ZAKA ULLAH - Honorable Justice Muhammad Sair Ali - C.M. Latif Rawn , Muhammad Hussain Ch. and Khalid Mian	LAHORE-HIGH-COURT-LAHORE",Lahore High Court,2006-01-01,81,headnote_only,headnote_only,revision_dismissed
2006_YLR_1867,2006 YLR 1867,"636	2006 YLR 1867	Mst. ZAMEERAN BIBI VS State - Honorable Justice Ijaz Ahmad Chaudhry - Tariq Zulfiqar Ahmad Chaudhry , M. Shahzad Khan Afridi	LAHORE-HIGH-COURT-LAHORE",Lahore High Court,2006-01-01,139,headnote_only,headnote_only,unknown
2006_YLR_1824,2006 YLR 1824,"615	2006 YLR 1824	GHULAM RASOOL VS Mst. GHULAM FATIMA - Honorable Justice Syed Sakhi Hussain Bokhari - Abdur Rasheed Rashid , Saleem-ud-Din Aftab	LAHORE-HIGH-COURT-LAHORE",Lahore High Court,2006-01-01,275,headnote_only,headnote_only,unknown
2006_YLR_1829,2006 YLR 1829,"618	2006 YLR 1829	MUHAMMAD ASLAM RANA VS Syed ABUZER HUSNAIN BOKHARI - Honorable Justice CH. IJAZ AHMAD - Riasat Ali Chaudhry , M.D. Tahir	LAHORE-HIGH-COURT-LAHORE",Lahore High Court,2006-01-01,247,headnote_only,headnote_only,unknown
2006_YLR_2682,2006 YLR 2682,"909	2006 YLR 2682	LAL DIN VS MUHAMMAD RAFIQUE - Honorable Justice Sheikh Azmat Saeed - Amir Majid Rana , Sakhawat Ali Khan	LAHORE-HIGH-COURT-LAHORE",Supreme Court of Pakistan,2006-01-01,237,headnote_only,headnote_only,revision_dismissed
2006_YLR_2701,2006 YLR 2701,"915	2006 YLR 2701	Mst. IQBAL BIBI VS NOOR DIN - Honorable Justice M.A. Shahid Siddiqui - Ch. Muhammad Yaqoob Sidhu , Syed Ijaz Hussain Rizvi	LAHORE-HIGH-COURT-LAHORE",Supreme Court of Pakistan,2006-01-01,132,headnote_only,headnote_only,unknown
2006_YLR_856,2006 YLR 856,"254	2006 YLR 856	AMAN ULLAH VS HAMEED ULLAH - Honorable Justice Muhammad Akhtar Shabbir - Muhammad Farooq Qureshi Chishti , Mubeen-ud-Din Qazi	LAHORE-HIGH-COURT-LAHORE",Lahore High Court,2006-01-01,150,headnote_only,headnote_only,unknown
2007_YLR_218,2007 YLR 218,"60	2007 YLR 218	SHER MUHAMMAD VS State - Honorable Justice Rahmat Hussain Jafferi - Qurban Ali Malano , Abdul Sattar Soomro	KARACHI-HIGH-COURT-SINDH",High Court of Sindh,2007-01-01,231,headnote_only,headnote_only,unknown
2007_YLR_3009,2007 YLR 3009,"997	2007 YLR 3009	MUHAMMAD NAZEER VS LAHORE DEVELOPMENT AUTHORITY through Director General - Honorable Justice Maulvi Anwarul Haq - Muhammad Saleem Shahnazi , Muhammad Rasheed Ahmad	LAHORE-HIGH-COURT-LAHORE",Lahore High Court,2007-01-01,170,headnote_only,headnote_only,disposed_of
2007_YLR_2890,2007 YLR 2890,"943	2007 YLR 2890	ZAHID NISAR VS State - Honorable Justice Syed Shabbar Raza Rizvi - M.A. Zafar , Asif Mahmood Cheema	LAHORE-HIGH-COURT-LAHORE",Lahore High Court,2007-01-01,114,headnote_only,headnote_only,unknown
2007_YLR_3130,2007 YLR 3130,"1041	2007 YLR 3130	OBIAQWU EZEKEKE VS State - Honorable Justice Asif Saeed Khan Khosa and Sardar Muhammad Aslam - Aftab Ahmed Bajwa , Muhammad Sharif	LAHORE-HIGH-COURT-LAHORE",Lahore High Court,2007-01-01,167,headnote_only,headnote_only,unknown
2007_YLR_441,2007 YLR 441,"152	2007 YLR 441	GOHAR JAVED VS State - Honorable Justice Sh. Hakim Ali - Muhammad Aslam Chaudhry , Ch. Riaz Abroad	LAHORE-HIGH-COURT-LAHORE",Lahore High Court,2007-01-01,280,headnote_only,headnote_only,unknown
2007_YLR_393,2007 YLR 393,"133	2007 YLR 393	Mst. SAIMA VS STATION HOUSE OFFICER, POLICE STATION GHULAM MUHAMMAD ABAD, FAISALABAD - Honorable Justice Ali Nawaz Chowhan - Malik Muhammad Imtiaz Mahl , Ch. Imtiaz Ahmad Loona	LAHORE-HIGH-COURT-LAHORE",Lahore High Court,2007-01-01,18,headnote_only,headnote_only,unknown
2007_YLR_383,2007 YLR 383,"125	2007 YLR 383	RANI BIBI VS NOOR KHAN - Honorable Justice Muhammad Akhtar Shabbir - Syed Ali Raza Gillani , Malik Muhammad Imtiaz Mahl	LAHORE-HIGH-COURT-LAHORE",Supreme Court of Pakistan,2007-01-01,111,headnote_only,headnote_only,unknown
2009_MLD_1204,2009 MLD 1204,"Muhammad Riaz v. Judge Family Court, Rawalpindi and others",Lahore High Court,2009,171,headnote_only,headnote_only,petition_dismissed
2002_CLC_1600,2002 CLC 1600,Muhammad Din v. Mst. Kaneez Fatima and others,Lahore High Court,2002,224,headnote_only,headnote_only,unknown
2021_CLC_123,2021 CLC 123,Muhammad Irfan v. Mst. Shazia Parveen and others,Lahore High Court,2021,213,headnote_only,headnote_only,petition_dismissed
2018_MLD_1148_EXEC,2018 MLD 1148,"Tariq Mehmood v. Additional District Judge, Rawalpindi and others",Lahore High Court,2018,154,headnote_only,headnote_only,unknown
1984_PLC(CS)_771,1984 PLC(CS) 1526,"MUHAMMAD RIAZ SHAHID v. ASSISTANT COMMISSIONER, BAHAWALNAGAR",Honorable Justice S. Abdul Jabbar Khan - Service-Tribunal-Punjab,1984-01-01,70,headnote_only,headnote_only,unknown
1998_PLC(CS)_119,1998 PLC(CS) 592,MUFTI,"Ul- Qamar Shahzad Vs Government Of Punjab - , Muhammad Hassan Lahore-High-Court-Lahore",1998-01-01,70,headnote_only,headnote_only,unknown
1998_PLC(CS)_120,1998 PLC(CS) 597,NADEEM ARIF v. FEDERATION OF PAKISTAN,High Court of Sindh,1998-01-01,67,headnote_only,headnote_only,unknown
Control of Narcotic Substances Act 1997--6_CONTROL OF NARCOTIC SUBSTANCES ACT 1997--25_1,Control of Narcotic Substances Act 1997--6 CONTROL OF NARCOTIC SUBSTANCES ACT 1997--25 1,Criminal Procedure Code (Cr.P.C) 1898--497,Court of Record,,2,headnote_only,headnote_only,unknown
S. 3(3)(a)---Balochistan Service Tribunals Act (V of 1974)_S. 3(3)(A)--- PUNJAB SERVICE TRIBUNALS ACT (IX OF 1974)_1,S. 3(3)(a)---Balochistan Service Tribunals Act (V of 1974) S. 3(3)(A)--- PUNJAB SERVICE TRIBUNALS ACT (IX OF 1974) 1,S. 3(3)(A)-,Court of Record,,5,headnote_only,headnote_only,unknown
S. 3(3)(b)---Balochistan Service Tribunals Act (V of 1974)_S. 3(3)(B)---PUNJAB SERVICE TRIBUNALS ACT (IX OF 1974)_1,S. 3(3)(b)---Balochistan Service Tribunals Act (V of 1974) S. 3(3)(B)---PUNJAB SERVICE TRIBUNALS ACT (IX OF 1974) 1,S. 3(3)(B)-,Court of Record,,5,headnote_only,headnote_only,unknown
S.9(b)---Suspension of sentence---Petition for suspension of sentence was filed by the petitioner on the ground that since he had been granted leave to appeal by Supreme Court_SS. 426(2-B) & 497---NATIONAL ACCOUNTABILITY ORDINANCE (XVIII OF 1999)_1,S.9(b)---Suspension of sentence---Petition for suspension of sentence was filed by the petitioner on the ground that since he had been granted leave to appeal by Supreme Court SS. 426(2-B) & 497---NATIONAL ACCOUNTABILITY ORDINANCE (XVIII OF 1999) 1,Cr.P.C.,Court of Record,,20,headnote_only,headnote_only,unknown
S.2(a)---Constitution of Pakistan (1973)_S. 12---CIVIL SERVANTS ACT (LXXI OF 1973)_1,S.2(a)---Constitution of Pakistan (1973) S. 12---CIVIL SERVANTS ACT (LXXI OF 1973) 1,199,Court of Record,,38,headnote_only,headnote_only,petition_dismissed
S.2(a)---Constitution of Pakistan (1973)_CONSTITUTION OF PAKISTAN 1973 S. 12---CIVIL SERVANTS ACT (LXXI OF 1973)_1,S.2(a)---Constitution of Pakistan (1973) CONSTITUTION OF PAKISTAN 1973 S. 12---CIVIL SERVANTS ACT (LXXI OF 1973) 1,199,Court of Record,,38,headnote_only,headnote_only,petition_dismissed
S.2(a)---Constitution of Pakistan (1973)_NATIONAL ASSEMBLY SECRETARIAT (RECRUITMENT AND CONDITIONS OF SERVICE) RULES 1973 S. 12---CIVIL SERVANTS ACT (LXXI OF 1973)_1,S.2(a)---Constitution of Pakistan (1973) NATIONAL ASSEMBLY SECRETARIAT (RECRUITMENT AND CONDITIONS OF SERVICE) RULES 1973 S. 12---CIVIL SERVANTS ACT (LXXI OF 1973) 1,199,Court of Record,,38,headnote_only,headnote_only,petition_dismissed
OXXXVII_BANKING COMPANIES (RECOVERY OF LOANS) ORDINANCE 1979 R. 8---CIVIL PROCEDURE CODE (V OF 1908)_1,OXXXVII BANKING COMPANIES (RECOVERY OF LOANS) ORDINANCE 1979 R. 8---CIVIL PROCEDURE CODE (V OF 1908) 1,R.20,Court of Record,,37,headnote_only,headnote_only,unknown
OXXXVII_R. 8---CIVIL PROCEDURE CODE (V OF 1908)_1,OXXXVII R. 8---CIVIL PROCEDURE CODE (V OF 1908) 1,R.20,Court of Record,,37,headnote_only,headnote_only,unknown
OXXXVII_LIMITATION ACT 1908 R. 8---CIVIL PROCEDURE CODE (V OF 1908)_1,OXXXVII LIMITATION ACT 1908 R. 8---CIVIL PROCEDURE CODE (V OF 1908) 1,R.20,Court of Record,,37,headnote_only,headnote_only,unknown
therefore_SS. 1(3)(B) & 25-A --- WORK OF CONSTRUCTION OR MAINTENANCE OF BUILDINGS WHICH IS PERFORMED BY THE EMPLOYEES OF PAKISTAN PUBLIC WORKS DEPARTMENT DOES NOT HAVE NEXUS WITH THE SOVEREIGN FUNCTIONS OF THE STATE --- SUCH EMPLOYEES_1,therefore SS. 1(3)(B) & 25-A --- WORK OF CONSTRUCTION OR MAINTENANCE OF BUILDINGS WHICH IS PERFORMED BY THE EMPLOYEES OF PAKISTAN PUBLIC WORKS DEPARTMENT DOES NOT HAVE NEXUS WITH THE SOVEREIGN FUNCTIONS OF THE STATE --- SUCH EMPLOYEES 1,Thus Was Not Attracted In Case Of Such Employees --- Such Employees Can Invoke The Provisions Of The Industrial Relations Ordinance,Court of Record,,36,headnote_only,headnote_only,unknown
therefore_INDUSTRIAL RELATIONS ORDINANCE 1969 SS. 1(3)(B) & 25-A --- WORK OF CONSTRUCTION OR MAINTENANCE OF BUILDINGS WHICH IS PERFORMED BY THE EMPLOYEES OF PAKISTAN PUBLIC WORKS DEPARTMENT DOES NOT HAVE NEXUS WITH THE SOVEREIGN FUNCTIONS OF THE STATE --- SUCH EMPLOYEES_1,therefore INDUSTRIAL RELATIONS ORDINANCE 1969 SS. 1(3)(B) & 25-A --- WORK OF CONSTRUCTION OR MAINTENANCE OF BUILDINGS WHICH IS PERFORMED BY THE EMPLOYEES OF PAKISTAN PUBLIC WORKS DEPARTMENT DOES NOT HAVE NEXUS WITH THE SOVEREIGN FUNCTIONS OF THE STATE --- SUCH EMPLOYEES 1,Thus Was Not Attracted In Case Of Such Employees --- Such Employees Can Invoke The Provisions Of The Industrial Relations Ordinance,Court of Record,,36,headnote_only,headnote_only,unknown
para. 1_WEST PAKISTAN INDUSTRIAL AND COMMERCIAL EMPLOYMENT (STANDING ORDERS) ORDINANCE 1968 SCHED._1,para. 1 WEST PAKISTAN INDUSTRIAL AND COMMERCIAL EMPLOYMENT (STANDING ORDERS) ORDINANCE 1968 SCHED. 1,Then He May Become Permanent Upon Expiry Of The Period Of Nine Months Mentioned In Terms Of Sched.,Court of Record,,13,headnote_only,headnote_only,unknown
para. 1_SCHED._1,para. 1 SCHED. 1,Then He May Become Permanent Upon Expiry Of The Period Of Nine Months Mentioned In Terms Of Sched.,Court of Record,,13,headnote_only,headnote_only,unknown
"S.12(2)---'Tenant""""--- Connotation---Group of companies would be a """"person"""" within meaning of S.2(j)_SINDH RENTED PREMISES ORDINANCE 1979 S. 2(J)---CIVIL PROCEDURE CODE (V OF 1908)_1","S.12(2)---'Tenant""""--- Connotation---Group of companies would be a """"person"""" within meaning of S.2(j) SINDH RENTED PREMISES ORDINANCE 1979 S. 2(J)---CIVIL PROCEDURE CODE (V OF 1908) 1",1979---Ejectment Of Tenant Having Been Ordered In Earlier Round Of Litigation,Court of Record,,52,headnote_only,headnote_only,unknown
"S.12(2)---'Tenant""""--- Connotation---Group of companies would be a """"person"""" within meaning of S.2(j)_S. 2(J)---CIVIL PROCEDURE CODE (V OF 1908)_1","S.12(2)---'Tenant""""--- Connotation---Group of companies would be a """"person"""" within meaning of S.2(j) S. 2(J)---CIVIL PROCEDURE CODE (V OF 1908) 1",1979---Ejectment Of Tenant Having Been Ordered In Earlier Round Of Litigation,Court of Record,,52,headnote_only,headnote_only,unknown
"60(1) & 240---""""Service of Pakistan"""" as defined in Art.260(1) of the Constitution---Representation of the People Ad (LXXXV of 1976)_ARTS.63(1)_1","60(1) & 240---""""Service of Pakistan"""" as defined in Art.260(1) of the Constitution---Representation of the People Ad (LXXXV of 1976) ARTS.63(1) 1","Would Not Put Him . Beyond The Pale Of The Definition Of """"Service Of Pakistan"""" As Contained In Art.260(L) --- Period Of Two Years Having Not Passed Since The Person Relinquished The Charge Of The Post",Court of Record,,14,headnote_only,headnote_only,unknown
Marriage and Insolvency of Parties--12_CIVIL PROCEDURE CODE --ORDER XXII OF C.P.C. DEATH_1,Marriage and Insolvency of Parties--12 CIVIL PROCEDURE CODE --ORDER XXII OF C.P.C. DEATH 1,Marriage And Insolvency Of Parties--3,Court of Record,,8,headnote_only,headnote_only,unknown
S. 12(3)- Allowance for time spent in obtaining copies of order appealed from-Admissible in n case of appeal from order rejecting an application for setting aside ex parte order of ejectment passed under S. 13_(A) LIMITATION ACT (IX OF 1908)_1,S. 12(3)- Allowance for time spent in obtaining copies of order appealed from-Admissible in n case of appeal from order rejecting an application for setting aside ex parte order of ejectment passed under S. 13 (A) LIMITATION ACT (IX OF 1908) 1,Lahore v. Official Liquidators,Court of Record,,22,headnote_only,headnote_only,unknown
"S. 10-Charge of adultery not made in petition-Evidence produced in support thereof """"highly unsatisfactory and unconvincing""""-Charge_(D) DIVORCE ACT (IV OF 1869)_1","S. 10-Charge of adultery not made in petition-Evidence produced in support thereof """"highly unsatisfactory and unconvincing""""-Charge (D) DIVORCE ACT (IV OF 1869) 1",Not Proved.(C) Divorce Act (Iv Of 1869),Court of Record,,31,headnote_only,headnote_only,unknown
Ss. 4_WEST PAKISTAN URBAN RENT RESTRICTION ORDINANCE (VI OF 1959)_1,Ss. 4 WEST PAKISTAN URBAN RENT RESTRICTION ORDINANCE (VI OF 1959) 1,(1) (C) & 8-Clause (C) Of S. 6 (1) As Added By West Pakistan Urban Rent Restriction (Amendment) Ordinance (Xxi Of 1965),Court of Record,,110,headnote_only,headnote_only,unknown
C. P. C.-More akin to appeal or second appeal than revision in technical sense of S. 115_(C) REVISION (CIVIL)-REVISION UNDER SPECIAL STATUTE NOT RESTRICTED TO LIMITATIONS SPECIFIED IN S. 115_1,C. P. C.-More akin to appeal or second appeal than revision in technical sense of S. 115 (C) REVISION (CIVIL)-REVISION UNDER SPECIAL STATUTE NOT RESTRICTED TO LIMITATIONS SPECIFIED IN S. 115 1,S. 115 Displaced Persons (Land Settlement) Act (Xlvii Of 1958),Court of Record,,11,headnote_only,headnote_only,unknown
Constitution of Pakistan 1956--157_CODE OF CIVIL PROCEDURE 1908--110_1,Constitution of Pakistan 1956--157 CODE OF CIVIL PROCEDURE 1908--110 1,Constitution Of Pakistan 1962--58,Court of Record,,6,headnote_only,headnote_only,unknown
"3 & 13-Words """"accrue""""_S. 4(1) READ WITH SS. 2(15)_1","3 & 13-Words """"accrue"""" S. 4(1) READ WITH SS. 2(15) 1","""""Income""""",Court of Record,,13,headnote_only,headnote_only,unknown
"3 & 13-Words """"accrue""""_INCOME TAX ACT 1922 S. 4(1) READ WITH SS. 2(15)_1","3 & 13-Words """"accrue"""" INCOME TAX ACT 1922 S. 4(1) READ WITH SS. 2(15) 1","""""Income""""",Court of Record,,13,headnote_only,headnote_only,unknown
1956_CONSTITUTION OF PAKISTAN 1962 ART. 58(3) READ WITH SUPREME COURT OF PAKISTAN RULES_1,1956 CONSTITUTION OF PAKISTAN 1962 ART. 58(3) READ WITH SUPREME COURT OF PAKISTAN RULES 1,R. 1-Special Leave To Appeal-Petition To Be Lodged Within 60 Days From Date Of Judgment Or Decree Appealed From,Court of Record,1956-01-01,15,headnote_only,headnote_only,unknown
1956_ART. 58(3) READ WITH SUPREME COURT OF PAKISTAN RULES_1,1956 ART. 58(3) READ WITH SUPREME COURT OF PAKISTAN RULES 1,R. 1-Special Leave To Appeal-Petition To Be Lodged Within 60 Days From Date Of Judgment Or Decree Appealed From,Court of Record,1956-01-01,15,headnote_only,headnote_only,unknown
but such authorities not objecting to such plantations--Consent of landlord assumed in circumstances of case-Order for payment of reasonable compensation_PUNJAB TENANCY ACT 1887 -----S. 64(2)-COMPENSATION TO OLD TENANT FOR PLANTING TREES ON LAND ALLOTTED TO LANDLORD PETITIONER--PERMISSION OF REHABILITATION AUTHORITIES NOT OBTAINED WHEN TREES PLANTED_1,but such authorities not objecting to such plantations--Consent of landlord assumed in circumstances of case-Order for payment of reasonable compensation PUNJAB TENANCY ACT 1887 -----S. 64(2)-COMPENSATION TO OLD TENANT FOR PLANTING TREES ON LAND ALLOTTED TO LANDLORD PETITIONER--PERMISSION OF REHABILITATION AUTHORITIES NOT OBTAINED WHEN TREES PLANTED 1,Justified,Court of Record,,14,headnote_only,headnote_only,unknown
Control and Appeal) Rules 1961--RULE_CIVILIAN EMPLOYEES IN DEFENCE SERVICE (CLASSIFICATION_1,Control and Appeal) Rules 1961--RULE CIVILIAN EMPLOYEES IN DEFENCE SERVICE (CLASSIFICATION 1,Constitution Of Pakistan 1962--179,Court of Record,,4,headnote_only,headnote_only,unknown
"Constitution of Pakistan (1962} and not to para. 1_BASIC DEMOCRACIES ORDER 1959 S. 21 (1)----WORDS """"DULY QUALIFIED"""".---REFER TO ART. 158 (1)_1","Constitution of Pakistan (1962} and not to para. 1 BASIC DEMOCRACIES ORDER 1959 S. 21 (1)----WORDS """"DULY QUALIFIED"""".---REFER TO ART. 158 (1) 1",1959-Person Being 25 Of Age On Date Of His Nomination To Electoral Unit And Also Recorded As Such In Final Electoral Roll--Qualified To Be Elected As Elector Under Electorar College Act---Constitution Of Pakistan (1962),Court of Record,,9,headnote_only,headnote_only,unknown
"Constitution of Pakistan (1962} and not to para. 1_S. 21 (1)----WORDS """"DULY QUALIFIED"""".---REFER TO ART. 158 (1)_1","Constitution of Pakistan (1962} and not to para. 1 S. 21 (1)----WORDS """"DULY QUALIFIED"""".---REFER TO ART. 158 (1) 1",1959-Person Being 25 Of Age On Date Of His Nomination To Electoral Unit And Also Recorded As Such In Final Electoral Roll--Qualified To Be Elected As Elector Under Electorar College Act---Constitution Of Pakistan (1962),Court of Record,,9,headnote_only,headnote_only,unknown
"Constitution of Pakistan (1962} and not to para. 1_ELECTORAL COLLEGE ACT 1964 S. 21 (1)----WORDS """"DULY QUALIFIED"""".---REFER TO ART. 158 (1)_1","Constitution of Pakistan (1962} and not to para. 1 ELECTORAL COLLEGE ACT 1964 S. 21 (1)----WORDS """"DULY QUALIFIED"""".---REFER TO ART. 158 (1) 1",1959-Person Being 25 Of Age On Date Of His Nomination To Electoral Unit And Also Recorded As Such In Final Electoral Roll--Qualified To Be Elected As Elector Under Electorar College Act---Constitution Of Pakistan (1962),Court of Record,,9,headnote_only,headnote_only,unknown
1952_ORDER_1,1952 ORDER 1,(G),Court of Record,1952-01-01,43,headnote_only,headnote_only,unknown
1993_PLC(CS)_6,1993 PLC(CS) 36,NAZIR HUSSAIN v. PROVINCE OF SINDH,Supreme Court of Pakistan,1993-01-01,66,headnote_only,headnote_only,unknown
1993_PLC(CS)_8,1993 PLC(CS) 48,KHALID FAROOQ v. INSPECTOR,"General, Pakistan Railways Police Lahore, - Federal-Service-Tribunal",1993-01-01,69,headnote_only,headnote_only,unknown
Pakistan Penal Code 1860--365-B_PAKISTAN PENAL CODE 1860--34_1,Pakistan Penal Code 1860--365-B PAKISTAN PENAL CODE 1860--34 1,Qanun-E,Court of Record,,3,headnote_only,headnote_only,unknown
1993_PLC(CS)_17,1993 PLC(CS) 80,"NIAMAT ALI v. JOINT DIRECTOR, DIRECTORATE OF NATIONAL SAVINGSFAISALABAD",Federal-Service-Tribunal,1993-01-01,66,headnote_only,headnote_only,unknown
1993_PLC(CS)_21,1993 PLC(CS) 105,"S.M. HUMAYUN AKHTAR v. SECRETARY, MINISTRY OF COMMERCE, ISLAMABAD",Federal-Service-Tribunal,1993-01-01,71,headnote_only,headnote_only,unknown
1993_PLC(CS)_22,1993 PLC(CS) 111,"NOOR HUSSAIN ZIA v. SECRETARY, WAFAQI MOHTASIB (OMBUDSMAN)'S SECRETARIAT, ISLAMABAD",Federal-Service-Tribunal,1993-01-01,66,headnote_only,headnote_only,unknown
1993_PLC(CS)_24,1993 PLC(CS) 123,"MUHAMMAD IDREES v. SECRETARY, ESTABLISHMENT DIVISION, ISLAMABAD",Federal-Service-Tribunal,1993-01-01,66,headnote_only,headnote_only,unknown
1993_PLC(CS)_34,1993 PLC(CS) 184,MUHAMMAD NAZIR CHAUDHARY v. GOVERNMENT OF PAKISTAN,"Honorable Justice Ch. Hasan Nawaz - Dr. Khalid Ranjha , Hafiz Tariq Naseem Federal-Service-Tribunal",1993-01-01,84,headnote_only,headnote_only,unknown
1993_PLC(CS)_59,1993 PLC(CS) 377,STAT_ LIFE INSURANCE CORPORATION OF PAKISTAN v. F.D. NAJMI,Lahore High Court,1993-01-01,76,headnote_only,headnote_only,unknown
1993_PLC(CS)_65,1993 PLC(CS) 411,FAZAL ELAHI v. DIRECTOR,"General, Pakistan Meteorological Department, Karachi - Honorable Justice Ch. Hasan Nawaz - Zafar Abbas , Hafiz Tariq Naseem Federal-Service-Tribunal",1993-01-01,78,headnote_only,headnote_only,unknown
1993_PLC(CS)_71,1993 PLC(CS) 455,IQBAL AHMED SHAIKH v. GOVERNMENT OF SINDH,Service-Tribunal-Sindh,1993-01-01,67,headnote_only,headnote_only,unknown
Anti-Terrorism Act 1997--7_ANTI-TERRORISM ACT 1997--21-L_1,Anti-Terrorism Act 1997--7 ANTI-TERRORISM ACT 1997--21-L 1,Pakistan Penal Code 1860--34,Court of Record,,3,headnote_only,headnote_only,unknown
1993_PLC(CS)_83,1993 PLC(CS) 505,TANVEER AHMAD QURESHI v. GOVERNMENT OF PAKISTAN,High Court of Sindh,1993-01-01,72,headnote_only,headnote_only,unknown
1993_PLC(CS)_85,1993 PLC(CS) 507,"ASPRO NICHOLAS EMPLOYEES' UNION, KARACHI v. M/S. ASPRO NICHOLAS .(PAK.) LTD., KARACHI","Honorable Justice Agha Ali Hyder - Abdul Majeed , Rehan Aqeel Labour-Appellate-Tribunal-Sindh",1993-01-01,81,headnote_only,headnote_only,unknown
1993_PLC(CS)_89,1993 PLC(CS) 512,"PROJECT DIRECTOR, IRRIGATION SCARP, AT SUKKUR v. UPPER SINDH IRRIGATION EMPLOYEES' UNION, SUKKUR",Labour-Appellate-Tribunal-Sindh,1993-01-01,69,headnote_only,headnote_only,unknown
1993_PLC(CS)_93,1993 PLC(CS) 524,"SARDAR HUSSAIN v. SECURITY AND MANAGEMENT SERVICES (PRIVATE) LIMITED, KARACHI",Labour-Appellate-Tribunal-Sindh,1993-01-01,65,headnote_only,headnote_only,unknown
1993_PLC(CS)_94,1993 PLC(CS) 526,"RIAZ AHMED v. SECRETARY, MINISTRY OF DEFENCE, RAWALPINDI",Federal-Service-Tribunal,1993-01-01,65,headnote_only,headnote_only,unknown
Constitution of Pakistan 1973--17_ACCEPTANCE OR REJECTION--TERM_1,Constitution of Pakistan 1973--17 ACCEPTANCE OR REJECTION--TERM 1,Constitution Of Pakistan 1973--62,Court of Record,,4,headnote_only,headnote_only,unknown
1993_PLC(CS)_109,1993 PLC(CS) 555,"QAMARUL ISLAM v. PAKLAND CEMENT LIMITED, KARACHI","Honorable Justice Agha Ali Hyder - Muhammad Shafiq Qureshi , Mehmood A. Ghani Labour-Appellate-Tribunal-Sindh",1993-01-01,77,headnote_only,headnote_only,unknown
1993_PLC(CS)_114,1993 PLC(CS) 566,"PERVEZ v. 1ST SINDH LABOUR COURT, KARACHI","Honorable Justice Agha Ali Hyder - M. Rafiq Malik , S.S. Jahangir Khan Labour-Appellate-Tribunal-Sindh",1993-01-01,81,headnote_only,headnote_only,unknown
but on the real substance of the relief claimed. A suit though cast in the form of a declaratory relief only but in substance aiming at some substance relief_COURT FEES ACT 1870 AS A RULE THE COURT-FEE IS DEPENDENT NOT ON THE FORM OF THE PLEADINGS_1,but on the real substance of the relief claimed. A suit though cast in the form of a declaratory relief only but in substance aiming at some substance relief COURT FEES ACT 1870 AS A RULE THE COURT-FEE IS DEPENDENT NOT ON THE FORM OF THE PLEADINGS 1,In My Opinion,Court of Record,,12,headnote_only,headnote_only,unknown
1993_PLC(CS)_118,1993 PLC(CS) 571,"FARYAD HUSSAIN v. PRESIDING OFFICER, VITH SINDH LABOUR COURT,HYDERABAD",Labour-Appellate-Tribunal-Sindh,1993-03-07,265,headnote_only,headnote_only,unknown
1993_PLC(CS)_119,1993 PLC(CS) 572,"NAVI JANG v. KARACHI DEVELOPMENT AUTHORITY, KARACHI",Honorable Justice Agha Ali Hyder - Ehsan Ellahi Labour-Appellate-Tribunal-Sindh,1993-01-01,72,headnote_only,headnote_only,unknown
1993_PLC(CS)_121,1993 PLC(CS) 580,AMJAD ALI NASIR v. WATER AND POWER DEVELOPMENT AUTHORITY,Federal-Service-Tribunal,1993-01-01,72,headnote_only,headnote_only,unknown
1993_PLC(CS)_128,1993 PLC(CS) 621,"MUHAMMAD SHARIF ABID v. REGIONAL COMMISSIONER, INCOME","Tax Northern Region, Islamabad - Honorable Justice Syed Ally Madad Shah - , Sardar Muhammad Amir Akber Khan, Counsel With Muhammad Bashir, Admn. Officer And Daud Hussain Federal-Service-Tribunal",1993-01-01,91,headnote_only,headnote_only,unknown
1993_PLC(CS)_133,1993 PLC(CS) 649,INCOME,"Tax Servants Employees' Association Class Iii, Lahore Vs Commissioner Of Income-Tax, Gujranwala Zone, Gujranwala - , Nemo & Dr. Shaukat Hussain Lahore-High-Court-Lahore",1993-01-01,80,headnote_only,headnote_only,unknown
1993_PLC(CS)_136,1993 PLC(CS) 676,"GHULAM RABBANI v. SECRETARY, ESTABLISHMENT DIVISION","Honorable Justice Ch. A. Rahman Khan - Raja Muhammad Asghar Khan , Zakaullah, Section Officer, Establishment Division, Islamabad, Muhammad Munir Arif, Education Officer, Ministry Of Education, Islamabad, Muhammad Farooq, Section Officer. Finance Department And Muhammad Riaz Federal-Service-Tribunal",1993-01-01,98,headnote_only,headnote_only,unknown
1993_PLC(CS)_143,1993 PLC(CS) 702,"MUHAMMAD AKRAM v. CHAIRMAN, LAHORE DEVELOPMENT AUTHORITY, LAHORE",", Mushtaq Masud & Rana Muhammad Khan Lahore-High-Court-Lahore",1993-01-01,72,headnote_only,headnote_only,unknown
1993_PLC(CS)_152,1993 PLC(CS) 723,FARIDULLAH KHALIL VS,"Secretary, Ministry Of Interior/Narcotics Control Division, Islamabad - Federal-Service-Tribunal",1993-01-01,65,headnote_only,headnote_only,unknown
1993_PLC(CS)_157,1993 PLC(CS) 735,"SINDH AGRICULTURAL SUPPLIES ORGANISATION, SUKKUR v. MUHAMMAD IBRAHIM","Honorable Justice Agha Ali Hyder - Abdul Ghaffar Memon , Nizamuddin Baloch Labour-Appellate-Tribunal-Sindh",1993-01-01,73,headnote_only,headnote_only,unknown
1993_PLC(CS)_158,1993 PLC(CS) 736,"ANWARUL HAQUE v. PAKISTAN STEEL MILLS CORPORATION, KARACHI","Honorable Justice Agha Ali Hyder - Muhammad Ashraf Khan , Zahid Hamid Labour-Appellate-Tribunal-Sindh",1993-01-01,74,headnote_only,headnote_only,unknown
1993_PLC(CS)_161,1993 PLC(CS) 743,"SALAHUDDIN v. SAUDI ARABIAN AIRLINES, KARACHI","Honorable Justice Agha Ali Hyder - Syed Nusrat Ali , Muhammad Farque A. Ghani, Labour-Appellate-Tribunal-Sindh",1993-01-01,77,headnote_only,headnote_only,unknown
1993_PLC(CS)_162,1993 PLC(CS) 744,"AFTABUDDIN AHMAD JAFERI v. SECRETARY, ESTABLISHMENT DIVISION, ISLAMABAD",Federal-Service-Tribunal,1993-01-01,67,headnote_only,headnote_only,unknown
367(2) & (3)---Penal Code (XLV of 1860)_SS. 345_1,367(2) & (3)---Penal Code (XLV of 1860) SS. 345 1,& 404---Anti,Court of Record,,92,headnote_only,headnote_only,unknown
324 & 34---Qatl-i-amd_SS. 302(B)_1,324 & 34---Qatl-i-amd SS. 302(B) 1,Common Intention---Reappraisal Of Evidence---Accused-Petitioners Were Charged For Committing Murder Of Brother Of Complainant And Causing Firearm Injuries To His Son-,Court of Record,,15,headnote_only,headnote_only,unknown
S. 7(i)(a)---Explosive Substances Act (VI of 1908)_SS. 302(B) & 449---ANTI-TERRORISM ACT (XXVII OF 1997)_1,S. 7(i)(a)---Explosive Substances Act (VI of 1908) SS. 302(B) & 449---ANTI-TERRORISM ACT (XXVII OF 1997) 1,Art. 129,Court of Record,,3,headnote_only,headnote_only,unknown
Pakistan Penal Code 1860--302_CRIMINAL PROCEDURE CODE (CR.P.C) 1898--164_1,Pakistan Penal Code 1860--302 CRIMINAL PROCEDURE CODE (CR.P.C) 1898--164 1,Pakistan Penal Code 1860--460,Court of Record,,3,headnote_only,headnote_only,unknown
Pakistan Penal Code 1860--34_CONSEQUENTIAL--TERM_1,Pakistan Penal Code 1860--34 CONSEQUENTIAL--TERM 1,Pakistan Penal Code 1860--376,Court of Record,,3,headnote_only,headnote_only,unknown
the cause is to be explained---Court_CODE OF CIVIL PROCEDURE 1908 ----S.115---REVISION---LIMITATION---REVISION IS TO BE FILED WITHIN 90 DAYS AND IN CASE OF DELAY_1,the cause is to be explained---Court CODE OF CIVIL PROCEDURE 1908 ----S.115---REVISION---LIMITATION---REVISION IS TO BE FILED WITHIN 90 DAYS AND IN CASE OF DELAY 1,Will Be More Liberal As Compared To The Approach In An Application For Condonation Of Delay Of The Limitation Period Provided For In The First Sched. To The Limitation Act,Court of Record,,54,headnote_only,headnote_only,unknown
Art. 185 (3)---Agreement between petitioner and respondents whereby petitioner undertook to get respondents property allotted against their claim; in turn he was to get half of the property so allotted_-----S. 37---CONSTITUTION OF PAKISTAN- (1973)_1,Art. 185 (3)---Agreement between petitioner and respondents whereby petitioner undertook to get respondents property allotted against their claim; in turn he was to get half of the property so allotted -----S. 37---CONSTITUTION OF PAKISTAN- (1973) 1,However,Court of Record,,85,headnote_only,headnote_only,unknown
Art. 185 (3)---Agreement between petitioner and respondents whereby petitioner undertook to get respondents property allotted against their claim; in turn he was to get half of the property so allotted_CONTRACT ACT 1872 -----S. 37---CONSTITUTION OF PAKISTAN- (1973)_1,Art. 185 (3)---Agreement between petitioner and respondents whereby petitioner undertook to get respondents property allotted against their claim; in turn he was to get half of the property so allotted CONTRACT ACT 1872 -----S. 37---CONSTITUTION OF PAKISTAN- (1973) 1,However,Court of Record,,85,headnote_only,headnote_only,unknown
Art. 185 (3)---Import of machinery---Cargo on arrival at the port was withheld by Shipping Agents--Liability to pay storage charges----Where cargo was withheld by Shipping Agents in containers after ten working days dwell time_R. 35(A)---CONSTITUTION OF PAKISTAN (1973)_1,Art. 185 (3)---Import of machinery---Cargo on arrival at the port was withheld by Shipping Agents--Liability to pay storage charges----Where cargo was withheld by Shipping Agents in containers after ten working days dwell time R. 35(A)---CONSTITUTION OF PAKISTAN (1973) 1,Manual Of Procedure For The Handling,Court of Record,,29,headnote_only,headnote_only,unknown
1992_PLC(CS)_205,1992 PLC(CS) 801,SHAFQAT TANVIR v. INSPECTOR,"General Of Police, Muzaffarabad - Honorable Justice Raja Muhammad Ashraf Kayani - Supreme-Court-Azad-Kashmir",1991-12-26,287,headnote_only,headnote_only,unknown
2004_YLR_223,2004 YLR 223,"67	2004 YLR 223	Mst. BASRAJ BEGUM VS BAHADUR SHER - Honorable Justice Ijaz-ul-Hassan Khan - Muhammad Aman Khan , Shahabuddin Burq	PESHAWAR-HIGH-COURT",Peshawar High Court,2004-01-01,773,full_judgment,headnote_only,unknown
2004_YLR_105,2004 YLR 105,41	2004 YLR 105	MUHAMMAD KHAN VS ABDULLAH - Honorable Justice IJAZ-UL-HASSAN KHAN - Mian Muhammad Younas	PESHAWAR-HIGH-COURT,Supreme Court of Pakistan,2004-01-01,1123,full_judgment,headnote_only,revision_dismissed
2001_YLR_2454,2001 YLR 2454,644	2001 YLR 2454	SABIR HUSSAIN VS MUSHTAQ AHMED - 	LAHORE-HIGH-COURT-LAHORE,Lahore High Court,2001-01-01,5540,full_judgment,headnote_only,appeal_allowed
2006_YLR_1834,2006 YLR 1834,"621	2006 YLR 1834	Dr. EMMANUEL ONUWABUCHI KEKE VS State - Honorable Justice ASIF SAEED KHAN KHOSA - Hammad Akbar Wallana , Muhammad Sharif	LAHORE-HIGH-COURT-LAHORE",Lahore High Court,2006-01-01,301,full_judgment,headnote_only,unknown
2006_YLR_2694,2006 YLR 2694,"913	2006 YLR 2694	MUHAMMAD SHOAIB VS State - Honorable Justice Tariq Shamim - Ahmad Raza , M.R. Khalid Malik	LAHORE-HIGH-COURT-LAHORE",Supreme Court of Pakistan,2006-01-01,366,full_judgment,headnote_only,unknown
2007_YLR_1962,2007 YLR 1962,"641	2007 YLR 1962	WAHID GUL VS State - Honorable Justice IJAZ-UL-HASSAN KHAN - Mushtaq Ahmad and Muhammad Iqbal , Zia ud Din Siddiqui	PESHAWAR-HIGH-COURT",Peshawar High Court,2007-01-01,540,full_judgment,headnote_only,unknown
2007_YLR_2735,2007 YLR 2735,"880	2007 YLR 2735	MUHAMMAD YOUSUF VS MUHAMMAD ALAM USMANI - Honorable Justice Sardar Muhammad Aslam - Jehangir Ahmad Jhoja , Ahmad Waheed	LAHORE-HIGH-COURT-LAHORE",Supreme Court of Pakistan,2007-01-01,358,full_judgment,headnote_only,revision_dismissed
2008_YLR_1100,2008 YLR 1100,380	2008 YLR 1100	MUHAMMAD RAFIQ VS State - Honorable Justice Hasnat Ahmad Khan - Ch. Muhammad Hanif	LAHORE-HIGH-COURT-LAHORE,Lahore High Court,2008-01-01,344,full_judgment,headnote_only,unknown
1998_PLC(CS)_17,1998 PLC(CS) 51,SHAMAILA MAHMOOD v. MUKHTAR AHMAD,Supreme-Court-Azad-Kashmir,1997-05-22,5258,full_judgment,headnote_only,appeal_dismissed
1998_PLC(CS)_20,1998 PLC(CS) 79,"MANAGING COMMITTEE, P.A.F. MODEL INTER","College, Sargodha Vs Muhammad Pervaiz Akhtar - Supreme-Court",1997-07-25,3254,full_judgment,headnote_only,appeal_dismissed
1998_PLC(CS)_24,1998 PLC(CS) 100,ATTA ULLAH v. SHABBIR AHMAD CHUGHTAI,Supreme Court of Pakistan,1997-01-12,1351,full_judgment,headnote_only,leave_refused
1998_PLC(CS)_25,1998 PLC(CS) 103,"DIRECTOR OF EDUCATION (SCHOOLS), LAHORE REGION, LAHORE v. MUHAMMAD ABBAS",Supreme Court of Pakistan,1997-02-24,1113,full_judgment,headnote_only,leave_refused
1998_PLC(CS)_27,1998 PLC(CS) 110,MUHAMMAD ASHRAF KHAN KAYANI v. AZAD GOVERNMENT OF THE STATE OF JAMMU AND KASHMIR,Supreme-Court-Azad-Kashmir,1996-02-17,6123,full_judgment,headnote_only,appeal_dismissed
1998_PLC(CS)_28,1998 PLC(CS) 122,SHAHID JAVED v. GOVERNMENT OF THE PUNJAB,Lahore High Court,1997-08-22,1951,full_judgment,headnote_only,unknown
1998_PLC(CS)_29,1998 PLC(CS) 127,MUHAMMAD SARWAR v. MUHAMMAD SHARIF CHATTER,Supreme-Court-Azad-Kashmir,1995-04-09,2213,full_judgment,headnote_only,appeal_allowed
1998_PLC(CS)_30,1998 PLC(CS) 132,REHMAT ULLAH ZIA v. AZIZ,Ud-Din Qureshi - Supreme-Court-Azad-Kashmir,1990-08-20,3556,full_judgment,headnote_only,appeal_allowed
1998_PLC(CS)_31,1998 PLC(CS) 141,ABID HUSSAIN JAFRI v. AZAD GOVERNMENT,Supreme-Court-Azad-Kashmir,1992-01-18,1590,full_judgment,headnote_only,appeal_dismissed
1984_PLC(CS)_772,1984 PLC(CS) 1528,Case #772 (1984 PLC(CS) 1528),Honorable Justice Muhammad Abdul Ghafoor Khan Lodhi - Labour-Appellate-Tribunal-Punjab,1984-05-23,547,full_judgment,headnote_only,appeal_dismissed
1983_PLC(CS)_15,1983 PLC(CS) 37,MUHAMMAD SALEEM KHAN v. D. I.,"G. Of Police, Multan - Honorable Justice Malik Zawwar Hussain - Service-Tribunal-Punjab",1982-10-17,1292,full_judgment,headnote_only,appeal_dismissed
1983_PLC(CS)_16,1983 PLC(CS) 40,"ANWAR MEHTAB ZAIDI v. THE SECRETARY TO GOVERNMENT OF THE PUNJAB, LABOUR",Honorable Justice Abdul Hamid Chaudhry - Service-Tribunal-Punjab,1982-08-08,777,full_judgment,headnote_only,appeal_dismissed
1998_PLC(CS)_46,1998 PLC(CS) 252,"ASLAM ALI SABZWARI v. GOVERNMENT OF THE PUNJAB LOCAL GOVERNMENT AND RURAL DEVELOPMENT, LAHORE",Lahore High Court,1998-01-01,581,full_judgment,headnote_only,petition_dismissed
1998_PLC(CS)_47,1998 PLC(CS) 254,"MUHAMMAD NASIR KHAN v. DISTRICT AND SESSIONS JUDGE,KHANEWAL",Lahore High Court,1997-05-30,1490,full_judgment,headnote_only,petition_allowed
1998_PLC(CS)_53,1998 PLC(CS) 292,ZABEDA BEGUM v. AZAD GOVERNMENT OF THE STATE OF JAMMU AND KASHMIR,Supreme-Court-Azad-Kashmir,1998-01-01,2666,full_judgment,headnote_only,remanded
1998_PLC(CS)_54,1998 PLC(CS) 298,"MUHAMMAD TAJRIAN v. SECRETARY, ESTABLISHMENT DIVISION, GOVERNMENT OF PAKISTAN, ISLAMABAD",Supreme Court of Pakistan,1996-06-19,701,full_judgment,headnote_only,leave_refused
1998_PLC(CS)_55,1998 PLC(CS) 300,"MUHAMMAD RIAZ, DIRECTOR","General, Pakistan Public Works Department, Government Of Pakistan, Islamabad Vs Murid Ahmad Balucli, Executive Engineer, Project Civil Division,Pak. P.W.D., Sahiwal - Supreme-Court",1997-03-31,620,full_judgment,headnote_only,petition_dismissed
1998_PLC(CS)_56,1998 PLC(CS) 302,"AKHTAR HUSSAIN, EX","M.O., Pims, Islamabad Vs Executive Director, Pims, Islamabad - Supreme-Court",1997-06-02,814,full_judgment,headnote_only,leave_granted
1998_PLC(CS)_57,1998 PLC(CS) 304,"ABDUL RASHID v. DISTRICT EDUCATION OFFICER (SECONDARY), MUZAFFARABAD",Supreme-Court-Azad-Kashmir,1997-11-05,2429,full_judgment,headnote_only,appeal_allowed
1998_PLC(CS)_58,1998 PLC(CS) 309,"FAKHERA T. ABBASI, S.O. FINANCE DIVISION, ISLAMABAD v. SECRETARY, ESTABLISHMENT DIVISION, ISLAMABAD",Supreme Court of Pakistan,1996-06-03,807,full_judgment,headnote_only,leave_granted
1998_PLC(CS)_122,1998 PLC(CS) 615,ZULFIQAR MEHDI v. PAKISTAN INTERNATIONAL CORPORATION,"Honorable Justice Saiduzzaman Siddiqui - M.A. Siddiqui, Ejaz Muhammad, Akhtar Ali, Fakharuddin, M. Munir, M.S. Khattak, M. Aslam, M.A. Zaidi , Raja Muhammad Akram, Khan Imtiaz Muhammad Khan, Maulvi Anwar-Ul-Haq, Supreme-Court",1998-02-23,3838,full_judgment,headnote_only,petition_dismissed
1998_PLC(CS)_123,1998 PLC(CS) 624,HAQ NAWAZ KIANI v. PROVINCE OF PUNJAB,Supreme Court of Pakistan,1998-03-02,1248,full_judgment,headnote_only,leave_refused
1998_PLC(CS)_124,1998 PLC(CS) 627,HAIDER ABBAS v. PAKISTAN,High Court of Sindh,1998-01-22,4840,full_judgment,headnote_only,unknown
1998_PLC(CS)_125,1998 PLC(CS) 638,PAKISTAN ENGINEERING COUNCIL v. FEDERATION OF PAKISTAN,"Ch. Akhtar Ali, , Bashir Ahmed Ansari, Imtiaz Muhammad Khan, Supreme-Court",1998-02-27,2233,full_judgment,headnote_only,appeal_dismissed
1998_PLC(CS)_126,1998 PLC(CS) 643,KHALID NAZIR KHAN v. WATER AND POWER DEVELOPMENT AUTHORITY,"Honorable Justice Roshan Ali Mangi - Muhammad Faiz Kharal , Abdur Rehman Madni Federal-Service-Tribunal",1996-10-16,1036,full_judgment,headnote_only,appeal_dismissed
1998_PLC(CS)_127,1998 PLC(CS) 646,"MUHAMMAD MOINUDDIN v. CHAIRMAN, CENTRAL BOARD OF REVENUE, ISLAMABAD","Honorable Justice Roshan Ali Mangi - , Farhat Nawaz Lodhi Federal-Service-Tribunal",1996-07-23,965,full_judgment,headnote_only,appeal_dismissed
1998_PLC(CS)_128,1998 PLC(CS) 648,"MUKHTAR ALI v. DEPUTY DIRECTOR, DIRECTORATE","General Of Intelligence And Investigation, Regional Office, Lahore - Federal-Service-Tribunal",1996-07-09,2314,full_judgment,headnote_only,appeal_allowed
1998_PLC(CS)_129,1998 PLC(CS) 653,"MUHAMMAD SIDDIQUE v. CHAIRMAN, WAPDA, WAPDA HOUSE, LAHORE",Federal-Service-Tribunal,1996-07-23,2459,full_judgment,headnote_only,appeal_dismissed
1998_PLC(CS)_130,1998 PLC(CS) 659,"TARIQ BASHIR HASHMI v. MANAGING DIRECTOR, MRF, P.A.C., KAMRA",Federal-Service-Tribunal,1996-07-23,735,full_judgment,headnote_only,appeal_allowed
1998_PLC(CS)_132,1998 PLC(CS) 664,"SHAH NAWAZ v. CHAIRMAN, WAPDA, LAHORE","Honorable Justice Muhammad Raza Khan - Abdul Wahid , Ch. Muhammad Latif For Wapda Alongwith Sabz Ali, Assistant And Gulzada, Federal-Service-Tribunal",1996-10-29,1337,full_judgment,headnote_only,appeal_allowed
1998_PLC(CS)_133,1998 PLC(CS) 667,"SHABBIR AHMAD CHUGTAI v. SECRETARY TO GOVERNMENT OF THE PUNJAB, LG&RD DEPARTMENT, LAHORE",", Malik Abdul Majeed & Ch. Ghulam Qadir And Qazi Umer Farooq Service-Tribunal-Punjab",1996-11-10,8294,full_judgment,headnote_only,appeal_allowed
1998_PLC(CS)_134,1998 PLC(CS) 686,ATTA,"Ur-Rehman Khan Vs Deputy Postmaster-General (Lpa), Lahore G. P.O. - Honorable Justice Roshan Ali Mangi - M.M. Azim , Muhammad Hamid Khan, Town Inspector, Lahore Cantt. G.P.O. As D.R. Federal-Service-Tribunal",1996-06-09,1854,full_judgment,headnote_only,unknown
1998_PLC(CS)_135,1998 PLC(CS) 691,"GULZAR MAHMOOD v. DIRECTOR OF FISHERIES, N.","W.F.P., Peshawar - Honorable Justice Zarin Dad Khattak - Service-Tribunal-Nwfp",1994-11-07,1076,full_judgment,headnote_only,appeal_allowed
1998_PLC(CS)_137,1998 PLC(CS) 707,N.,W.F.P. Vs Dost Muhammad - Supreme-Court,1998-02-13,1646,full_judgment,headnote_only,leave_refused
1998_PLC(CS)_138,1998 PLC(CS) 711,"MUHAMMAD MUJEEB AHSAN v. SECRETARY, ESTABLISHMENT DIVISION","Honorable Justice Muhammad Bashir Jehangiri - , Nemo Supreme-Court",1995-06-04,497,full_judgment,headnote_only,leave_granted
1998_PLC(CS)_139,1998 PLC(CS) 712,"SENIOR POST MASTER, G.P.O., MARDAN v. NOOR DIN, POST MASTER, GARHI, MARDAN","Honorable Justice Abdul Hafeez Memon - Sh. Riazul Haq, Advocate Supreme Court With Ejaz Muhammad Khan , Nemo Supreme-Court",1996-12-02,644,full_judgment,headnote_only,leave_refused
1998_PLC(CS)_140,1998 PLC(CS) 714,DIRECTOR,"General, Pakistan Rangers, Lahore Vs Faiz Ahmad - , Hamid Aslam Qureshi Supreme-Court",1998-03-13,2401,full_judgment,headnote_only,unknown
1998_PLC(CS)_141,1998 PLC(CS) 720,FEDERATION OF PAKISTAN v. MUHAMMAD NAZIR,Supreme Court of Pakistan,1998-03-13,2829,full_judgment,headnote_only,disposed_of
1998_PLC(CS)_142,1998 PLC(CS) 726,"MUHAMMAD ASLAM v. SECRETARY TO THE GOVERNMENT OF PAKISTAN, MINISTRY OF SCIENCE AND TECHNOLOGY, ISLAMABAD","Honorable Justice Munawar Ahmad Mirza And Abdur Rehman Khan, Jj - Kh. Muhammad Farooq, Senior Advocate Supreme Court And M.S. Khattak , Mian Tariq Mehmood Supreme-Court",1998-04-13,383,full_judgment,headnote_only,disposed_of
1998_PLC(CS)_224,1998 PLC(CS) 1029,INSPECTOR,"General Of Police, Punjab, Lahore Vs Fazal Elahi, Sub -Inspector Police No. 113/L, Kasur - Supreme-Court",1997-12-31,342,full_judgment,headnote_only,leave_refused
1997_PLC(CS)_93,1997 PLC(CS) 294,KHURSHID AHMED v. NATIONAL COUNCIL FOR HOMOEOPATHY,High Court of Sindh,1996-04-01,1588,full_judgment,headnote_only,appeal_dismissed
1997_PLC(CS)_94,1997 PLC(CS) 297,AZRA HAFIZ v. ISRAR HUSSAIN MUGHAL,Supreme-Court-Azad-Kashmir,1996-07-01,2145,full_judgment,headnote_only,appeal_dismissed
1997_PLC(CS)_95,1997 PLC(CS) 302,SARWAR HUSSAIN SHAH v. AZAD GOVERNMENT OF THE STATE OF JAMMU AND KASHMIR,Supreme-Court-Azad-Kashmir,1996-05-08,2873,full_judgment,headnote_only,appeal_dismissed
1997_PLC(CS)_97,1997 PLC(CS) 325,"ABDUL HALEEM CHAUDHRY v. SECRETARY TO GOVERNMENT OF THE PUNJAB, IRRIGATION AND POWER DEVELOPMENT, LAHORE",Supreme Court of Pakistan,1996-12-03,702,full_judgment,headnote_only,leave_granted
1997_PLC(CS)_98,1997 PLC(CS) 327,MASOOD,"Ul-Hassan, Managing Director (De Jure),Small Industries Corporation, Muzaffarabad Vs Azad Government Of The State Of J&K - Supreme-Court-Azad-Kashmir",1997-01-16,1935,full_judgment,headnote_only,petition_allowed
1997_PLC(CS)_99,1997 PLC(CS) 333,ABDUL LATIF v. DEPUTY INSPECTOR,"General Of Police - Honorable Justice S. Nasim Haider - M.M. Aqil Awan , Azizur Rehman Service-Tribunal-Sindh",1997-01-01,1599,full_judgment,headnote_only,appeal_allowed
1997_PLC(CS)_100,1997 PLC(CS) 336,MUHAMMAD HAYAT CHANNA v. JETHANAND RATHI,"Honorable Justice Munawar Ali Khan - M.L. Shahani , Zawar Hussain Shah, A.A.-G. Service-Tribunal-Sindh",1995-04-15,1383,full_judgment,headnote_only,appeal_dismissed
1997_PLC(CS)_101,1997 PLC(CS) 339,"SHAH NAWAZ v. SECRETARY, COMMUNICATION AND WORKS DEPARTMENT","Honorable Justice S. Nasim Haider - Naimatullah Qureshi , Azizur Rehman Service-Tribunal-Sindh",1995-05-22,1089,full_judgment,headnote_only,appeal_dismissed
1997_PLC(CS)_102,1997 PLC(CS) 342,ALLAHDINO v. DEPUTY INSPECTOR,"General Of Police - Honorable Justice Munawar Ali Khan - Abdul Sattar Mughal , Abdul Ghani Shaikh, A.A.-G. Service-Tribunal-Sindh",1995-03-30,1207,full_judgment,headnote_only,appeal_dismissed
1997_PLC(CS)_103,1997 PLC(CS) 345,"GHULAM MAHDI SHAH v. SENIOR MEMBER, BOARD OF REVENUE, SINDH, HYDERABAD","Honorable Justice Munawar Ali Khan - Walid Ansari , Azizur Rehman, A.A. -G. Service-Tribunal-Sindh",1995-02-20,1325,full_judgment,headnote_only,unknown
1997_PLC(CS)_104,1997 PLC(CS) 348,"KHALID PERVAIZ BUTT v. GENERAL MANAGER (OPERATION) POWER, WAPDA",Federal-Service-Tribunal,1995-07-19,2917,full_judgment,headnote_only,unknown
1997_PLC(CS)_105,1997 PLC(CS) 356,"AZIZ AHMAD v. CHAIRMAN, BOARD OF INTERMEDIATE AND SECONDARY EDUCATION, GUJRANWALA",Lahore High Court,1996-05-29,6826,full_judgment,headnote_only,unknown
1997_PLC(CS)_106,1997 PLC(CS) 376,MUHAMMAD ASHRAF KHAN KAYANI v. AZAD GOVERNMENT OF THE STATE OF JAMMU AND KASHMIR,Supreme-Court-Azad-Kashmir,1996-06-17,1681,full_judgment,headnote_only,unknown
1997_PLC(CS)_107,1997 PLC(CS) 380,NEK AMAL JAN v. PROVINCE OF N.,W.F.P. - Peshawar-High-Court,1997-01-01,1787,full_judgment,headnote_only,petition_dismissed
1997_PLC(CS)_108,1997 PLC(CS) 385,QURBAN HUSSAIN v. ABDUL LATIF KHAN CHUGHTAI,", Ch. Muhammad Yusuf, A.-G. Supreme-Court-Azad-Kashmir",1996-06-08,2698,full_judgment,headnote_only,appeal_dismissed
1997_PLC(CS)_109,1997 PLC(CS) 391,MUHAMMAD AYAZ KHAN v. INSPECTOR,"General Of Police - Honorable Justice Munawar Ali Khan - M.M. Aqil Awan , Azizur Rehman Service-Tribunal-Sindh",1995-05-23,2083,full_judgment,headnote_only,appeal_allowed
1997_PLC(CS)_110,1997 PLC(CS) 396,"NISAR AHMAD v. SECRETARY, GOVERNMENT OF PAKISTAN, MINISTRY OF FINANCE, ISLAMABAD",Peshawar High Court,1995-10-11,1645,full_judgment,headnote_only,remanded
1994_PLC(CS)_432,1994 PLC(CS) 1648,"MUHAMMAD SIDDIQUE v. SECRETARY, FOOD, GOVERNMENT OF THE PUNJAB, LAHORE","Honorable Justice Abdul Hamid Khan - S. Sharif Hussain , Malik Abdul Haq Service-Tribunal-Punjab",1993-12-19,1984,full_judgment,headnote_only,appeal_allowed
1994_PLC(CS)_433,1994 PLC(CS) 1653,"MAHBOOB ALI KAZI v. SENIOR SUPERINTENDENT OF POLICE, LARKANA","Honorable Justice K.B, Dodani - M.M. Kazi , Abdul Latif Ansari Service-Tribunal-Sindh",1994-01-01,1584,full_judgment,headnote_only,appeal_allowed
1994_PLC(CS)_434,1994 PLC(CS) 1657,FAZAL,"Ur-Rehman Khan Vs Director Of Industries And Mineral Development Department, Punjab, Lahore - Honorable Justice Abdul Hamid Khan - M.A. Riaz , Ch. Manzoor Hussain, District Attorney And Muhammad Ajaib Malik Service-Tribunal-Punjab",1992-04-23,3841,full_judgment,headnote_only,appeal_dismissed
1994_PLC(CS)_435,1994 PLC(CS) 1665,"AMJAD PERVEZ BUTT v. SECRETARY, MINISTRY OF INTERIOR","Honorable Justice Muhammad Ilyas Lodhi - F.E. Siddiqui , Javaid Aziz Sandhu Federal-Service-Tribunal",1994-07-11,1219,full_judgment,headnote_only,appeal_allowed
1994_PLC(CS)_436,1994 PLC(CS) 1668,"MUHAMMAD HAMAYUN v. CHAIRMAN, P.O.F. BOARD, WAH CANTT",Honorable Justice Abdul Razzaq A. Thahim - M.S. Siddiqui Federal-Service-Tribunal,1994-07-12,1601,full_judgment,headnote_only,appeal_dismissed
1994_PLC(CS)_437,1994 PLC(CS) 1672,MUHAMMAD SHAMSUL HUDA v. DIRECTOR,"General, Federal Seed Certification, Islamabad - Federal-Service-Tribunal",1994-06-08,2312,full_judgment,headnote_only,appeal_dismissed
1994_PLC(CS)_438,1994 PLC(CS) 1677,KHALIL,"Ul-Haq Awan Vs Chairman, Pakistan Telecommunication Corporation, Islamabad - Honorable Justice Abdul Razzaq A. Thahim - Pir Altaf Hussain Shah , Hafiz Sa. Rehman Federal-Service-Tribunal",1994-02-12,2776,full_judgment,headnote_only,appeal_dismissed
1994_PLC(CS)_439,1994 PLC(CS) 1682,MUHAMMAD FAROOQ v. AZAD GOVERNMENT OF THE STATE OF JAMMU AND KASHMIR,"Honorable Justice Raja Bashir Ahmad Khan - Syed Nazir Hussain Shah Kazmi , Zafar Sultan Kayani & Sardar Rafique Mahmood Supreme-Court-Azad-Kashmir",1994-01-01,1328,full_judgment,headnote_only,appeal_dismissed
1994_PLC(CS)_440,1994 PLC(CS) 1685,"MUHAMMAD SHAMIM AKHTAR v. CHAIRMAN, C.B.R., ISLAMABAD","Honorable Justice Abdul Razzaq A. Thahim - Sabihuddin Ahmed , S. Abrar A. Bukhari & Niaz Ahmed Khan Federal-Service-Tribunal",1994-07-05,1685,full_judgment,headnote_only,appeal_dismissed
1994_PLC(CS)_442,1994 PLC(CS) 1691,FIROZUDDIN AHMED v. GOVERNMENT OF PAKISTAN,"Honorable Justice Abdul Razzaq A. Thahim - Manzoor Ali Khan , Niaz Ahmed Khan & Ahmed Yousuf Ali Rizvi Federal-Service-Tribunal",1994-01-01,2191,full_judgment,headnote_only,appeal_dismissed
1994_PLC(CS)_443,1994 PLC(CS) 1696,"MUHAMMAD JAVED IQBAL v. SECRETARY, ESTABLISHMENT DIVISION, ISLAMABAD","Honorable Justice Abdul Razzaq A. Thahim - , M. Javid Aziz Sandhu Federal-Service-Tribunal",1994-07-03,1933,full_judgment,headnote_only,appeal_dismissed
1994_PLC(CS)_444,1994 PLC(CS) 1700,"NASRIN TEMUR v. PRINCIPAL, OPF GIRLS COLLEGE, ISLAMABAD","Honorable Justice Abdul Razzaq A. Thahim - Zamiruddin Ahmed , M.N. Rizvi Federal-Service-Tribunal",1994-07-18,2018,full_judgment,headnote_only,appeal_dismissed
1994_PLC(CS)_445,1994 PLC(CS) 1704,EHSAN,Ul-Haq Vs Government Of Punjab - Service-Tribunal-Punjab,1992-10-18,2491,full_judgment,headnote_only,appeal_dismissed
1994_PLC(CS)_446,1994 PLC(CS) 1710,"MUSHTAQ ALI ZAKA v. SECRETARY, ESTABLISHMENT DIVISION, ISLAMABAD","Honorable Justice Abdul Razzaq A. Thahim - Manzoor Ali Khan And Fazal H. Chaudhry , M. Javid Aziz Sandhu, & Shah Abdur Rashid Federal-Service-Tribunal",1994-07-17,3340,full_judgment,headnote_only,unknown
1994_PLC(CS)_447,1994 PLC(CS) 1717,WALI MUHAMMAD v. HONOURABLE CHIEF JUSTICE OF PAKISTAN ISLAMABAD,Federal-Service-Tribunal,1994-01-01,7471,full_judgment,headnote_only,appeal_allowed
1994_PLC(CS)_448,1994 PLC(CS) 1734,ZAHIR AHMAD KHAN v. AZAD GOVERNMENT OF THE STATE OF JAMMU AND KASHMIR,"Honorable Justice Raja Bashir Ahmad Khan - Sardar Rafique Mahmood , Syed Asghar Ali Shah & Aslam Habib Supreme-Court-Azad-Kashmir",1994-06-12,1356,full_judgment,headnote_only,appeal_dismissed
1994_PLC(CS)_449,1994 PLC(CS) 1737,MUHAMMAD AHSEN v. AZAD GOVERNMENT OF THE STATE OF JAMMU AND KASHMIR,"Honorable Justice Raja Bashir Ahmad Khan - Ishfaq Hussain Kiani , Farooq Hussain Kashmiri & M. Tabassum Aftab Alvi Supreme-Court-Azad-Kashmir",1994-06-27,672,full_judgment,headnote_only,appeal_dismissed
1994_PLC(CS)_450,1994 PLC(CS) 1738,"IQASIR ALI v. CHIEF SECURITY OFFICER, AIRPORT SECURITY","Force, Karachi - Honorable Justice Noor Muhammad Magsi - S. Riaz Haider , Javed Akhtar Federal-Service-Tribunal",1994-07-10,1557,full_judgment,headnote_only,appeal_dismissed
1994_PLC(CS)_451,1994 PLC(CS) 1742,GHULAM MUHAMMAD v. AZAD GOVERNMENT OF THE STATE OF JAMMU AND KASHMIR,"Honorable Justice Zaidullah Khan - Khawaja Shahad Ahmed , Sardar Rafique Mahmood Supreme-Court-Azad-Kashmir",1994-06-01,2120,full_judgment,headnote_only,appeal_dismissed
1994_PLC(CS)_452,1994 PLC(CS) 1746,MUHAMMAD ASLAM v. AZAD GOVERNMENT OF THE STATE OF JAMMU AND KASHMIR,"Honorable Justice Raja Bashir Ahmad Khan - Sardar Rafique Mahmood Khan , Ghulam Mustafa Mughal Supreme-Court-Azad-Kashmir",1994-07-07,1898,full_judgment,headnote_only,appeal_dismissed
1994_PLC(CS)_453,1994 PLC(CS) 1751,ZAFAR ALI v. INSPECTOR,"General Of Police, Azad Jammu And Kashmir, Muzaffarabad - Honorable Justice Raja Bashir Ahmad Khan - Sardar Rafique Mahmood Khan , Syed Nazir Hussain Shah Supreme-Court-Azad-Kashmir",1994-08-04,1055,full_judgment,headnote_only,appeal_dismissed
1994_PLC(CS)_454,1994 PLC(CS) 1753,SHAUKAT MAHMOOD v. INSPECTOR,"General Of Police, Azad Jammu And Kashmul Muzaffarabad - Honorable Justice Raja Bashir Ahmad Khan - Raja Muhammad Hanif Khan , Raja Unser Tahir, Syed Nazir Hussain Shah & Ch. Ibrahim Zia Supreme-Court-Azad-Kashmir",1994-08-07,943,full_judgment,headnote_only,appeal_dismissed
1994_PLC(CS)_455,1994 PLC(CS) 1756,KHALID SIDDIQUI v. SECRETARY TO THE GOVERNMENT OF PAKISTAN ESTABLISHMENT DIVISON,"Honorable Justice S.M. Ishaq - Muhammad Naseem , Niaz Ahmed Khan Federal-Service-Tribunal",1994-06-22,2586,full_judgment,headnote_only,remanded
1993_PLC(CS)_1,1993 PLC(CS) 1,PAKISTAN INTERNATIONAL AIRLINES CORPORATION v. SHAHABUDDIN,Supreme Court of Pakistan,1992-04-13,2171,full_judgment,headnote_only,appeal_dismissed
1993_PLC(CS)_5,1993 PLC(CS) 32,"SAJJAD HUSSAIN v. SECRETARY, ESTABLISHMENT DIVISION, ISLAMABAD","Honorable Justice Syed Ally Madad Shah - Shah Abdur Rashid , Hafiz S.A. Rehman Federal-Service-Tribunal",1992-10-01,1828,full_judgment,headnote_only,appeal_dismissed
1993_PLC(CS)_10,1993 PLC(CS) 56,"GHULAM FARID v. SECRETARY TO MINISTRY OF FOREIGN AFFAIRS, ISLAMABAD",Federal-Service-Tribunal,1992-03-16,1754,full_judgment,headnote_only,remanded
1993_PLC(CS)_11,1993 PLC(CS) 60,"MUHAMMAD ZAMAN v. SECRETARY, ESTABLISHMENT DIVISION, ISLAMABAD",", Mian Ishtiaq Hussain Federal-Service-Tribunal",1992-05-12,2597,full_judgment,headnote_only,appeal_dismissed
1993_PLC(CS)_12,1993 PLC(CS) 66,"MUHAMMAD ASLAM v. DISTRICT EDUCATION OFFICER (MALE), SARGODHA","Honorable Justice Muhammad Mahmud Aslam Pirzada - Syed Faiz Ul Hassan , Ch. Manzoor Hussain Service-Tribunal-Punjab",1991-09-15,985,full_judgment,headnote_only,appeal_dismissed
1993_PLC(CS)_14,1993 PLC(CS) 71,GHULAM JALLANI v. AZAD GOVERNMENT OF THE STATE OF JAMMU AND KASHMIR,Supreme-Court-Azad-Kashmir,1992-03-26,2390,full_judgment,headnote_only,appeal_allowed
1993_PLC(CS)_18,1993 PLC(CS) 85,"MANZOOR HUSSAIN v. GENERAL MANAGER, C.T.R., LAHORE",Federal-Service-Tribunal,1992-03-29,4128,full_judgment,headnote_only,appeal_allowed
1993_PLC(CS)_19,1993 PLC(CS) 94,MUHAMMAD ANWAR KHAN v. PRIME MINISTER,", M. Bilal Federal-Service-Tribunal",1992-05-23,3136,full_judgment,headnote_only,unknown
1993_PLC(CS)_20,1993 PLC(CS) 100,"ABDUL MAJEED v. ASSISTANT GENERAL MANAGER (STAFF), CENTRAL TELECOMMUNICATION REGION, LAHORE","Honorable Justice Ch. Hasan Nawaz - Ch. Khalid Farooq , Hafiz Tariq Naseem Federal-Service-Tribunal",1992-04-19,1910,full_judgment,headnote_only,appeal_allowed
1993_PLC(CS)_23,1993 PLC(CS) 116,"M. TAHIR RASHEED v. SECRETARY, ESTABLISHMENT DIVISION, ISLAMABAD","Honorable Justice Syed Ally Madad Shah - Kanwar Mukhtar Ahmad , Niaz Ahmad Khan, Abdul Sattar Mughal, Salman Hamid For Qazi Faiz Isa, Moor Ali & Sabihuddin Ahmed Federal-Service-Tribunal",1992-08-08,2237,full_judgment,headnote_only,unknown
1993_PLC(CS)_25,1993 PLC(CS) 134,"SABIR ZAMEER SIDDIQUI v. SECRETARY, AGRICULTURE, GOVERNMENT OF THE PUNJAB, LAHORE",Service-Tribunal-Punjab,1992-09-03,897,full_judgment,headnote_only,appeal_allowed
1984_PLC(CS)_480,1984 PLC(CS) 1060,AKHTAR MAHMOOD QURESHI v. DEPUTY INSPECTOR,"General Of Police, Tele Communication & Transport, Lahore - Honorable Justice Abdul Hamid Chaudhry - Service-Tribunal-Punjab",1983-02-16,1486,full_judgment,headnote_only,appeal_dismissed
1993_PLC(CS)_26,1993 PLC(CS) 136,"SABIR ZAMEER SIDDIQUI v. SECRETARY, AGRICULTURE, GOVERNMENT OF THE PUNJAB, LAHORE",Service-Tribunal-Sindh,1992-02-27,2870,full_judgment,headnote_only,unknown
1993_PLC(CS)_28,1993 PLC(CS) 147,"KHUDA BUX v. SECRETARY, FOREST, FISHERIES AND LIVESTOCK DEPARTMENT, GOVERNMENT OF SINDH","Honorable Justice Ghulam Mujadid Isran - M.M. Aqil Awan , Habibur Rasheed Assisted By Muhammad Ibrahim, Service-Tribunal-Sindh",1992-05-19,2311,full_judgment,headnote_only,appeal_allowed
1993_PLC(CS)_29,1993 PLC(CS) 153,MUHAMMAD RASHID v. AZAD GOVERNMENT OF THE STATE OF JAMMU AND KASHMIR,Supreme-Court-Azad-Kashmir,1993-01-01,3131,full_judgment,headnote_only,appeal_allowed
1993_PLC(CS)_30,1993 PLC(CS) 159,SKEENA BEBI v. AZAD GOVERNMENT OF THE STATE OF JAMMU AND KASHMIR,Supreme-Court-Azad-Kashmir,1992-01-16,1366,full_judgment,headnote_only,appeal_dismissed
1993_PLC(CS)_31,1993 PLC(CS) 162,JAMILA BEGUM v. AZAD GOVERNMENT OF THE STATE OF JAMMU AND KASHMIR,", M. Tabassum Aftab Alvi Supreme-Court-Azad-Kashmir",1992-04-23,1847,full_judgment,headnote_only,unknown
1993_PLC(CS)_32,1993 PLC(CS) 167,"BASHIR AHMAD v. WATER AND POWER DEVELOPMENT AUTHORITY, LAHORE",Federal-Service-Tribunal,1993-01-01,1677,full_judgment,headnote_only,appeal_dismissed
1993_PLC(CS)_33,1993 PLC(CS) 171,"IKRAMULLAH KHAN v. SECRETARY, ESTABLISHMENT DIVISION",", Saeed Akhtar & Mian Ishtiaq Hussain Federal-Service-Tribunal",1992-07-02,6675,full_judgment,headnote_only,unknown
1993_PLC(CS)_35,1993 PLC(CS) 192,"NIZAMUDDIN v. SECRETARY, MINISTRY OF INDUSTRIES, ISLAMABAD",Federal-Service-Tribunal,1993-01-01,1399,full_judgment,headnote_only,appeal_allowed
1993_PLC(CS)_36,1993 PLC(CS) 195,TARIQ MANSOOR v. THE MEMBER FINANCE/ADDITIONAL FINANCE SECRETARY,Federal-Service-Tribunal,1991-09-25,5098,full_judgment,headnote_only,appeal_allowed
1993_PLC(CS)_38,1993 PLC(CS) 210,MINHAJUL HASSAN SYED v. WAPDA,Federal-Service-Tribunal,1993-01-01,3048,full_judgment,headnote_only,appeal_dismissed
1993_PLC(CS)_39,1993 PLC(CS) 217,"GUL MAST v. GENERAL MANAGER, PAKISTAN RAILWAYS","Honorable Justice Ch. Hasan Nawaz - Abdul Waheed , S.M. Abdul Wahab Federal-Service-Tribunal",1993-01-01,1565,full_judgment,headnote_only,appeal_dismissed
1993_PLC(CS)_40,1993 PLC(CS) 220,"ABDUR RASHID v. SECRETARY, PLANNING AND DEVELOPMENT DIVISION, GOVERNMENT OF PAKISTAN",Federal-Service-Tribunal,1992-10-14,10210,full_judgment,headnote_only,unknown
1993_PLC(CS)_43,1993 PLC(CS) 268,ACCOUNTANT,"General, Azad Jammu And Kashmir, Muzaffarabad Vs Zaman Hussain Khan - Supreme-Court-Azad-Kashmir",1992-11-02,8713,full_judgment,headnote_only,appeal_allowed
1993_PLC(CS)_44,1993 PLC(CS) 286,AZAD GOVERNMENT OF THE STATE OF J&K v. MUHAMMAD RAFIQUE KHAN,Supreme-Court-Azad-Kashmir,1992-11-16,4431,full_judgment,headnote_only,appeal_allowed
1993_PLC(CS)_45,1993 PLC(CS) 297,"MUHAMMAD LATIF KHAN v. ALIUL HUSSAIN BUKHARI, D.C.F., MUZAFFARABAD",Supreme-Court-Azad-Kashmir,1992-10-06,5262,full_judgment,headnote_only,unknown
1993_PLC(CS)_46,1993 PLC(CS) 308,"ABBAS ALI v. EXECUTIVE ENGINEER (E), WAPDA, LAHORE",Federal-Service-Tribunal,1992-05-05,1828,full_judgment,headnote_only,appeal_allowed
1993_PLC(CS)_47,1993 PLC(CS) 313,"MUHAMMAD RIAZ v. EXECUTIVE ENGINEER (E), WAPDA, PASRUR",Federal-Service-Tribunal,1992-07-08,2111,full_judgment,headnote_only,appeal_allowed
1993_PLC(CS)_48,1993 PLC(CS) 318,"MUHAMMAD YAQOOB v. SECRETARY, JAILS MUHAMMAD YAQUB EXECUTIVE ENGINEER, WAPDA, ABDULLAHPUR DIVISION, FAISALABAD","Honorable Justice Ch. Hasan Nawaz - Shaukat Ali Mehr , Ch. Abdul Sattar Ali Federal-Service-Tribunal",1992-07-07,1617,full_judgment,headnote_only,appeal_allowed
1993_PLC(CS)_49,1993 PLC(CS) 322,TANVIR AHMAD v. GOVERNMENT OF PAKISTAN,Federal-Service-Tribunal,1992-06-29,3478,full_judgment,headnote_only,remanded
1993_PLC(CS)_51,1993 PLC(CS) 338,"MUHAMMAD NAWAZ KHAN v. MUHAMMAD IJAZ RASHID, ASSISTANT T&T DIRECTORATE","General, Islamabad - Supreme-Court",1992-10-04,2867,full_judgment,headnote_only,unknown
1993_PLC(CS)_53,1993 PLC(CS) 354,MUHAMMAD ASHRAF v. GOVERNMENT OF THE PUNJAB,Service-Tribunal-Punjab,1992-12-21,4573,full_judgment,headnote_only,appeal_allowed
1993_PLC(CS)_54,1993 PLC(CS) 364,M. MASOOD AHMAD QAZI v. LAHORE DEVELOPMENT AUTHORITY,", Ch. Hamid-Ud-Din Lahore-High-Court-Lahore",1993-01-01,1093,full_judgment,headnote_only,petition_dismissed
1993_PLC(CS)_61,1993 PLC(CS) 389,HAMID JAMIL v. AFZAL KHAN,Service-Tribunal-Sindh,1992-03-04,3567,full_judgment,headnote_only,appeal_dismissed
1993_PLC(CS)_62,1993 PLC(CS) 396,"MASHOOQ ALI v. MEDICAL SUPERINTENDENT, CHANDKA MEDICAL COLLEGE HOSPITAL, LARKANA",Service-Tribunal-Sindh,1992-09-03,1367,full_judgment,headnote_only,appeal_allowed
1993_PLC(CS)_63,1993 PLC(CS) 400,HADI BUX v. GOVERNMENT OF SINDH,Service-Tribunal-Sindh,1992-10-06,2969,full_judgment,headnote_only,appeal_dismissed
1993_PLC(CS)_64,1993 PLC(CS) 406,SADAQAT ALI v. DIRECTOR,"General, Department Of Supplies (Adorn. Wing), Karachi - Federal-Service-Tribunal",1992-08-09,2244,full_judgment,headnote_only,appeal_allowed
1993_PLC(CS)_66,1993 PLC(CS) 415,"ABDUL MAJID v. SECRETARY, ESTABLISHMENT DIVISION, GOVERNMENT OF PAKISTAN, ISLAMABAD","Honorable Justice Ch. Hasan Nawaz - , Hafiz Tariq Naseem Federal-Service-Tribunal",1992-08-25,1896,full_judgment,headnote_only,unknown
1993_PLC(CS)_68,1993 PLC(CS) 438,"S.U. SIDDIQUI v. MANAGER, PERSONNEL AND ADMINISTRATION DEPARTMENT P.N. DOCKYARD, KARACHI",Federal-Service-Tribunal,1984-05-19,3096,full_judgment,headnote_only,unknown
1993_PLC(CS)_70,1993 PLC(CS) 451,ANWARUL HASAN KHAN v. CHIEF SECRETARY,"Honorable Justice Munawar Ali Khan - Abdul Sattar Mughal , Habib Rashid Service-Tribunal-Sindh",1992-03-11,1473,full_judgment,headnote_only,appeal_dismissed
1993_PLC(CS)_72,1993 PLC(CS) 460,"AMIR MUHAMMAD v. S.S.P., DISTRICT EAST, KARACHI","Honorable Justice Abdur Rashid Khan Sherwani - Gulzaman Khan , Habib Rashid Service-Tribunal-Sindh",1992-08-20,1589,full_judgment,headnote_only,appeal_allowed
1993_PLC(CS)_73,1993 PLC(CS) 464,"GHULAM RASOOL MAHAR v. GOVERNMENT OF SINDH, IRRIGATION AND POWER DEPARTMENT, KARACHI","Honorable Justice Munawar Ali Khan - Manzoor Ali Khan , Naimatullah Qureshi, Jhamat Jethanand & Habibur Rasheed Service-Tribunal-Sindh",1992-08-10,2804,full_judgment,headnote_only,appeal_dismissed
1993_PLC(CS)_75,1993 PLC(CS) 471,MUHAMMAD ASLAM RIZVI v. DIRECTOR,"General, Civil Aviation Authority, Karachi - Honorable Justice Syed Haider Ali Pirzada - Azizur Rehman Karachi-High-Court-Sindh",1992-07-04,899,full_judgment,headnote_only,petition_dismissed
1993_PLC(CS)_76,1993 PLC(CS) 474,"MUHAMMAD ISMAIL v. CHAIRMAN, AREA ELECTRICITY BOARD, ISLAMABAD","Honorable Justice Syed Ally Madad Shah - Mansoor Ahmed , M. Sadiq Abbasi Federal-Service-Tribunal",1991-07-13,1006,full_judgment,headnote_only,appeal_allowed
1993_PLC(CS)_77,1993 PLC(CS) 476,"AHSAN YOUSUF FAOOQI v. MANAGING DIRECTOR, PIAC, KARACHI",Federal-Service-Tribunal,1991-06-29,1314,full_judgment,headnote_only,appeal_allowed
1993_PLC(CS)_78,1993 PLC(CS) 479,"EJAZ M. KHAN v. MANAGING DIRECTOR, PAKISTAN INTERNATIONAL AIRLINES CORPORATION, KARACHI",Federal-Service-Tribunal,1991-06-16,1029,full_judgment,headnote_only,appeal_dismissed
1993_PLC(CS)_79,1993 PLC(CS) 481,MUHAMMAD JAMEEL KHAN v. GOVERNMENT OF PAKISTAN,", Dr. G.S. Khan Federal-Service-Tribunal",1991-06-15,3324,full_judgment,headnote_only,appeal_allowed
1993_PLC(CS)_80,1993 PLC(CS) 488,ALEEM MAHMOOD v. GOVERNMENT OF PAKISTAN,"Honorable Justice Syed Ally Madad Shah & Rasheed-Ud-Din Arshad - Gulfam Akhtar Awan, Tanvir Bashir Ansari, Saleem Zulfiqar , Sardar Muhammad Amir Akbar Khan, Nemo, Saleem Zulfiqar, M/S. S. Ibrahim Shah, Dr. Sh. Aleem Mahmood And Miss Shirin Ghoury, Abdul Razaq Khan And S.M. Badrul Hassan, Ibrahim Shah, Dr. Sh. Aleem Mahmood, Akbar Hayat Khan And Abdul Raza Khan, M/S. Ibrahim Shah, Dr. Sh. Aleem Mahmood, Akbar Hayat Khan Federal-Service-Tribunal",1991-05-12,6347,full_judgment,headnote_only,appeal_dismissed
1993_PLC(CS)_81,1993 PLC(CS) 497,"MUHAMMAD ASGHAR v. DIVISIONAL TRANSPORTATION OFFICER (D) PAKISTAN RAILWAYS, KARACHI","Honorable Justice Agha Ali Hyder - , Munib Ahmed Khan Labour-Appellate-Tribunal-Sindh",1993-01-31,1155,full_judgment,headnote_only,appeal_allowed
1993_PLC(CS)_82,1993 PLC(CS) 500,"MUSSARAT HUSSAIN v. THAI AIRWAYS INTERNATIONAL AIRPORT TERMINAL NO. 3, KARACHI",", M.L. Shahani Labour-Appellate-Tribunal-Sindh",1993-02-28,1258,full_judgment,headnote_only,appeal_dismissed
1993_PLC(CS)_84,1993 PLC(CS) 505,"GENERAL TYRE AND RUBBER CO. OF PAKISTAN LIMITED, KARACHI v. AKHTAR MUNEER","Honorable Justice Agha Ali Hyder - Mehmood A. Ghani , Shafiq Qureshi Labour-Appellate-Tribunal-Sindh",1993-02-18,1050,full_judgment,headnote_only,appeal_dismissed
1993_PLC(CS)_86,1993 PLC(CS) 509,"RIAZ AHMED v. GENERAL MANAGER, PAKISTAN RAILWAYS, LAHORE",Federal-Service-Tribunal,1991-07-20,1670,full_judgment,headnote_only,appeal_dismissed
1984_PLC(CS)_483,1984 PLC(CS) 1063,"LIAQAT ALI v. SUPERINTENDENT OF POLICE, HEADQUARTERS, LAHORE",Honorable Justice Abdul Hamid Chaudhry - Service-Tribunal-Punjab,1982-07-01,1123,full_judgment,headnote_only,appeal_dismissed
1984_PLC(CS)_484,1984 PLC(CS) 1064,Case #484 (1984 PLC(CS) 1064),Labour-Appellate-Tribunal-Punjab,1982-12-22,960,full_judgment,headnote_only,appeal_dismissed
1993_PLC(CS)_88,1993 PLC(CS) 510,AZRA MOHSIN v. IMAM HASAN ASKARI (A.S.),Labour-Appellate-Tribunal-Sindh,1993-02-18,1000,full_judgment,headnote_only,appeal_dismissed
1993_PLC(CS)_90,1993 PLC(CS) 513,"MUHAMMAD SIDDIQ PECHUHO v. CENTRAL BOARD OF REVENUE, ISLAMABAD",Manzoor Ali Khan Federal-Service-Tribunal,1991-07-16,2819,full_judgment,headnote_only,unknown
1993_PLC(CS)_91,1993 PLC(CS) 515,"DADABHOY CERAMIC INDUSTRIES LTD., KARACHI v. DADABHOY CERAMICINDUSTRIES LABOUR UNION, KARACHI","Honorable Justice Agha Ali Hyder - Riaz Hussain Baloch , Ali Amjad Labour-Appellate-Tribunal-Sindh",1993-02-28,3074,full_judgment,headnote_only,unknown
1993_PLC(CS)_92,1993 PLC(CS) 520,HAKIM KHAN v. INSPECTOR,"General Of Police, Islamabad - Federal-Service-Tribunal",1991-07-24,2608,full_judgment,headnote_only,appeal_allowed
1993_PLC(CS)_96,1993 PLC(CS) 530,"SAFER AHMED KHAN v. SECRETARY, DEFENCE DIVISION, RAWALPINDI","Honorable Justice Syed Ally Madad Shah - Aminur Rehman Khan , Hafiz Sa. Rehman Federal-Service-Tribunal",1993-01-01,2104,full_judgment,headnote_only,appeal_allowed
1993_PLC(CS)_97,1993 PLC(CS) 531,"PROJECT MANAGER, PAKISTAN NATIONAL PRODUCE COMPANY LIMITED,SHIKARPUR v. IRSHAD AHMED SOOMRO","Honorable Justice Agha Ali Hyder - Karam Chand Kingrani , S.P. Lodhi, Labour-Appellate-Tribunal-Sindh",1993-02-07,503,full_judgment,headnote_only,appeal_dismissed
1984_PLC(CS)_487,1984 PLC(CS) 1068,AFTAB EJAZ v. D. L,"G. Police, Lahore Range - Honorable Justice S. Abdul Jabdar Khan - Service-Tribunal-Punjab",1982-08-28,1771,full_judgment,headnote_only,appeal_allowed
1984_PLC(CS)_489,1984 PLC(CS) 1071,Case #489 (1984 PLC(CS) 1071),Labour-Appellate-Tribunal-Punjab,1982-12-13,972,full_judgment,headnote_only,appeal_allowed
1984_PLC(CS)_490,1984 PLC(CS) 1071,"ABDUL SATTAR v. SUPERINTENDENT OF POLICE, FAISALABAD",Honorable Justice Abdul Hamid Chaudhry - Service-Tribunal-Punjab,1982-08-25,1325,full_judgment,headnote_only,unknown
1984_PLC(CS)_491,1984 PLC(CS) 1073,Case #491 (1984 PLC(CS) 1073),Labour-Appellate-Tribunal-Punjab,1983-10-01,479,full_judgment,headnote_only,appeal_allowed
1993_PLC(CS)_98,1993 PLC(CS) 534,"SINDH ENGINEERING (PVT.) LIMITED, KARACHI v. SAEED AHMED",Honorable Justice Agha Ali Hyder - Abdul Hafeez Labour-Appellate-Tribunal-Sindh,1993-02-16,353,full_judgment,headnote_only,revision_dismissed
1993_PLC(CS)_99,1993 PLC(CS) 535,"FARHAT MAQBOOL v. SECRETARY, MINISTRY OF EDUCATION, ISLAMABAD",", Shah Abdur Rashid Federal-Service-Tribunal",1991-06-16,2416,full_judgment,headnote_only,appeal_dismissed
1993_PLC(CS)_100,1993 PLC(CS) 535,KHALID HUSSAIN v. PAKISTAN STEEL KARACHI,"Honorable Justice Agha Ali Hyder - Shamsuddin Khalid , Abdus Samad Labour-Appellate-Tribunal-Sindh",1993-01-31,612,full_judgment,headnote_only,unknown
1993_PLC(CS)_101,1993 PLC(CS) 537,"MUHAMMAD ASHFAQUDDIN SIDDIQUI v. SIEMENS PAKISTAN ENGINEERING COMPANY LIMITED, KARACHI","Honorable Justice Agha Ali Hyder - Khurshid Ahmed Siddiqui & Imran Bukhari , Khurshid Ahmed Siddiqui & Imran Bukhari Labour-Appellate-Tribunal-Sindh",1993-01-31,1270,full_judgment,headnote_only,unknown
1984_PLC(CS)_497,1984 PLC(CS) 1078,MUHAMMAD ASLAM v. PROVINCE OF PUNJAB,Honorable Justice Abdul Hamid Chaudhry - Service-Tribunal-Punjab,1982-08-07,1955,full_judgment,headnote_only,appeal_dismissed
1993_PLC(CS)_103,1993 PLC(CS) 540,NAWAB v. HON'BLE 3RD SINDH LABOUR COURT AT KARACHI,"Honorable Justice Agha Ali Hyder - , M. Rafiq Malik Labour-Appellate-Tribunal-Sindh",1993-01-31,361,full_judgment,headnote_only,appeal_dismissed
1993_PLC(CS)_104,1993 PLC(CS) 541,"ZENITH INDUSTRIES (PVT.) LTD., KARACHI v. HAJI MUHAMMAD","Honorable Justice Agha Ali Hyder - Sabihuddin Ahmed , Khalilur Rehman Labour-Appellate-Tribunal-Sindh",1993-03-11,703,full_judgment,headnote_only,unknown
1993_PLC(CS)_105,1993 PLC(CS) 546,ZAHID MAHMOOD v. GOVERNMENT OF PAKISTAN,Federal-Service-Tribunal,1992-01-15,2671,full_judgment,headnote_only,appeal_allowed
1993_PLC(CS)_106,1993 PLC(CS) 550,"HAKIMSONS CHEMICAL INDUSTRIES (PVT.) LTD. EMPLOYEES' UNION,KARACHI v. HAKIMSONS CHEMICAL INDUSTRIES (PVT.) LTD., KARACHI","Honorable Justice Agha Ali Hyder - Ali Amjad , Muhammad Humayun Labour-Appellate-Tribunal-Sindh",1993-03-08,1257,full_judgment,headnote_only,unknown
1993_PLC(CS)_110,1993 PLC(CS) 556,"ARSHAD BAIG v. SECRETARY TO GOVERNMENT OF PAKISTAN, MINISTRY OF INTERIOR, ISLAMABAD","Honorable Justice Ch. Hasan Nawaz - Ch. Mushtaq Masood , Hafiz Tariq Naseem Federal-Service-Tribunal",1991-12-02,4164,full_judgment,headnote_only,appeal_dismissed
1993_PLC(CS)_113,1993 PLC(CS) 565,"R.M. IKRAM AZAM v. SECRETARY, ESTABLISHMENT DIVISION",Federal-Service-Tribunal,1991-05-22,2718,full_judgment,headnote_only,appeal_allowed
1993_PLC(CS)_115,1993 PLC(CS) 567,"ZENITH INDUSTRIES (PVT.) LTD., KARACHI v. RIAZ SHAHID","Honorable Justice Agha Ali Hyder - Sabihuddin Ahmed , Khalilur Rehman Labour-Appellate-Tribunal-Sindh",1993-03-11,628,full_judgment,headnote_only,appeal_dismissed
1993_PLC(CS)_122,1993 PLC(CS) 584,"ABDUL GHAFFAR v. SUPERINTENDING ENGINEER, SARGODHA CIRCLE (E), WAPDA, SARGODHA",Federal-Service-Tribunal,1993-01-17,1827,full_judgment,headnote_only,appeal_allowed
1993_PLC(CS)_123,1993 PLC(CS) 588,"GULZAR HUSSAIN v. CHAIRMAN, FEDERAL SERVICE TRIBUNAL, ISLAMABAD","Honorable Justice Rana Rifat Saeed - Masud A. Riaz , Zakaullah Jan, S.O. D.R. On Behalf Of Estalishment Division, Iftikhar Ahmad, A.O. And Mahboob Khan Federal-Service-Tribunal",1993-01-26,1365,full_judgment,headnote_only,appeal_allowed
1993_PLC(CS)_124,1993 PLC(CS) 592,"MUHAMMAD AMIN v. SECRETARY, ESTABLISHMENT DIVISION",", Ali Abid Federal-Service-Tribunal",1990-10-23,2772,full_judgment,headnote_only,appeal_allowed
1993_PLC(CS)_125,1993 PLC(CS) 600,RIAZ HUSSAIN v. ESTABLISHMENT DIVISION,Federal-Service-Tribunal,1991-05-14,3179,full_judgment,headnote_only,appeal_dismissed
1993_PLC(CS)_126,1993 PLC(CS) 607,"RANA MASOOD NAQVI v. PRIME MINISTER OF PAKISTAN, ISLAMABAD","Honorable Justice Syed Ally Madad Shah - Kanwar Mukhtar Ahmed , Niaz Ahmad Khan Federal-Service-Tribunal",1991-06-16,2598,full_judgment,headnote_only,appeal_dismissed
1993_PLC(CS)_127,1993 PLC(CS) 613,"HAQ NAWAZ v. CHAIRMAN, RAILWAY BOARD/SECRETARY, MINISTRY OF RAILWAYS, ISLAMABAD","Honorable Justice Syed Ally Madad Shah - , Nemo Federal-Service-Tribunal",1993-01-01,3188,full_judgment,headnote_only,appeal_dismissed
1993_PLC(CS)_130,1993 PLC(CS) 633,FAZAL,"Ur-Rehman Abbasi Vs Azad Government Of The State Of Jammu And Kashmir - Honorable Justice Sardar Muhammad Sajawal Khan - Ghulam Mustafa Moughal , Sheikh Abdul Aziz Supreme-Court-Azad-Kashmir",1992-08-31,2335,full_judgment,headnote_only,appeal_dismissed
1993_PLC(CS)_131,1993 PLC(CS) 637,JAMIL AKHTER SHERAZI v. AZAD JAMMU AND KASHMIR GOVERNMENT,"Honorable Justice Sardar Muhammad Sajawal Khan - Raja Muhammad Hanif Khan , Abdul Hameed Shahid, Syed Karamat Din Gillani & Raja Sheraz Kayani Supreme-Court-Azad-Kashmir",1992-10-10,2786,full_judgment,headnote_only,unknown
1993_PLC(CS)_132,1993 PLC(CS) 643,"MUHAMMAD SHARIF ABID v. REGIONAL COMMISSIONER, INCOME","Tax Northern Region, Islamabad - Honorable Justice Ch Hasan Nawaz - Ch. Mushtaq Masood , Abdul Rehman Madni Federal-Service-Tribunal",1992-08-01,2779,full_judgment,headnote_only,appeal_allowed
1993_PLC(CS)_134,1993 PLC(CS) 658,DAVID IQBAL v. WATER AND POWER DEVELOPMENT AUTHORITY,"Honorable Justice Ch. Hasan Nawaz - Ch. Muhammad Ikram Sheikh , Ch. Ghulam Hasan Gulshan With Muhammad Yusuf Federal-Service-Tribunal",1993-01-18,1645,full_judgment,headnote_only,appeal_dismissed
1993_PLC(CS)_135,1993 PLC(CS) 662,"AFTAB AHMAD v. GENERAL MANAGER (PLANNING), PLANNING DIVISION, WAPDA, LAHORE","Honorable Justice Ch. Hasan Nawaz - Mian Mahmood Hussain , Ch. Ghulam Hasan Gulshan Federal-Service-Tribunal",1993-01-31,6011,full_judgment,headnote_only,appeal_dismissed
1993_PLC(CS)_137,1993 PLC(CS) 679,"MANZOOR HUSSAIN v. SECRETARY, MINISTRY OF FINANCE, ISLAMABAD","Honorable Justice Syed Ally Madad Shah - , Sardar Muhammad Amir Akbar Khan Federal-Service-Tribunal",1991-03-25,1449,full_judgment,headnote_only,appeal_dismissed
1984_PLC(CS)_501,1984 PLC(CS) 1082,Case #501 (1984 PLC(CS) 1082),Labour-Appellate-Tribunal-Punjab,1982-11-16,475,full_judgment,headnote_only,appeal_dismissed
1984_PLC(CS)_504,1984 PLC(CS) 1083,MANSOOR AHMAD MALIK v. GOVERNMENT OF PUNJAB,Honorable Justice S. Abdul Jabbar Khan - Service-Tribunal-Punjab,1982-07-27,688,full_judgment,headnote_only,appeal_dismissed
1993_PLC(CS)_140,1993 PLC(CS) 687,"HAIDER ABBAS RIZVI v. CHIEF SECRETARY, GOVERNMENT OF SINDH, KARACHI","Honorable Justice Munawar Ali Khan - , Manzoor Ali Khan, Mubarak Hussain & Habibur Rashid Service-Tribunal-Sindh",1992-10-15,2308,full_judgment,headnote_only,unknown
1993_PLC(CS)_141,1993 PLC(CS) 692,"ABDUL RAZZAK v. CHIEF MINISTER, SINDH, KARACHI AND OTHERS",Service-Tribunal-Sindh,1992-11-12,2339,full_judgment,headnote_only,appeal_allowed
1993_PLC(CS)_142,1993 PLC(CS) 698,"SHOUKAT ALI SHAHANI v. SENIOR SUPERINTENDENT OF POLICE, S.R.P., SUKKUR",Service-Tribunal-Sindh,1993-01-01,1550,full_judgment,headnote_only,remanded
1993_PLC(CS)_144,1993 PLC(CS) 712,"GULZAR ABBAS v. DISTRICT MANAGER, KARACHI TRANSPORT CORPORATION, KARACHI","Honorable Justice Agha Ali Hyder - M. Latif Saghar , Gul Muhammad Soomro Labour-Appellate-Tribunal-Sindh",1993-04-21,681,full_judgment,headnote_only,unknown
1993_PLC(CS)_145,1993 PLC(CS) 714,MUHAMMAD NAWAZ v. KARACHI TRANSPORT CORPORATION,"Honorable Justice Agha Ali Hyder - Ch. Muhammad Ashraf Khan , Gul Muhammad Soomro Labour-Appellate-Tribunal-Sindh",1993-05-17,1101,full_judgment,headnote_only,appeal_dismissed
1993_PLC(CS)_146,1993 PLC(CS) 714,"TASDIQ WARIS v. S.S.P., SINDH RESERVE POLICE, SUKKUR",Service-Tribunal-Sindh,1992-09-29,2500,full_judgment,headnote_only,appeal_allowed
1993_PLC(CS)_147,1993 PLC(CS) 716,"ZIAUL HASAN TIRMIZI v. MANAGING DIRECTOR, PAKISTAN INTERNATIONAL AIRLINES CORPORATION (PIAC), KARACHI","Honorable Justice Agha Ali Hyder - Ashraf Hussain Rizvi , Khairul Aman Labour-Appellate-Tribunal-Sindh",1993-04-06,1230,full_judgment,headnote_only,appeal_dismissed
1993_PLC(CS)_148,1993 PLC(CS) 719,PAKISTAN STEEL v. MUHAMMAD AZHAR,"Honorable Justice Agha Ali Hyder - Akhlaq Ahmed Siddiqui , Ashraf Hussain Rizvi Labour-Appellate-Tribunal-Sindh",1993-04-26,482,full_judgment,headnote_only,unknown
1993_PLC(CS)_150,1993 PLC(CS) 720,GHULAM HUSSAIN v. CHAIRMAN PAKISTAN INDUSTRIAL DEVELOPMENT CORPORATION,"Honorable Justice Agha Ali Hyder - Manzar Alam , Abdul Rauf Kasuri Labour-Appellate-Tribunal-Sindh",1993-04-28,472,full_judgment,headnote_only,appeal_dismissed
1993_PLC(CS)_151,1993 PLC(CS) 722,"KARACHI ELECTRIC SUPPLY CORPORATION LIMITED, KARACHI v. FAQIR HUSSAIN","Honorable Justice Agha Ali Hyder - Izzat Puri , Nazar Akbar Labour-Appellate-Tribunal-Sindh",1993-04-20,735,full_judgment,headnote_only,appeal_dismissed
1993_PLC(CS)_153,1993 PLC(CS) 726,"S. SAJJAD ALI SHAH v. OPERATIONAL HEAD BULK WATER SUPPLY DEPARTMENT, PAKISTAN STEEL, KARACHI","Honorable Justice Agha Ali Hyder - Muhammad Majeed Jeelani , Abdus Samad Labour-Appellate-Tribunal-Sindh",1993-04-22,640,full_judgment,headnote_only,appeal_dismissed
1993_PLC(CS)_154,1993 PLC(CS) 728,SALAH,"Ud-Din Vs Chairman, Wapda, Lahore - Honorable Justice Abdul Razzak A. Thahim - Mian Mahmood Hussain & Muhammad Asghar Malik , Syed Iftikhar Ahmed Federal-Service-Tribunal",1993-01-24,4142,full_judgment,headnote_only,appeal_allowed
1993_PLC(CS)_155,1993 PLC(CS) 728,"INDUSTRIAL CLOTHINGS (PVT.) LTD., KARACHI v. MUHAMMAD ISMAIL","Honorable Justice Agha Ali Hyder - Mehmood Abdul Ghani , Raja Shamsuz Zaman Labour-Appellate-Tribunal-Sindh",1993-04-20,1007,full_judgment,headnote_only,appeal_allowed
1993_PLC(CS)_156,1993 PLC(CS) 730,"KHANPUR GUL v. NATIONAL MOTORS LIMITED, KARACHI","Honorable Justice Agha Ali Hyder - Shari Muhammad , S. Qamaruddin Hassan Labour-Appellate-Tribunal-Sindh",1993-04-04,2082,full_judgment,headnote_only,appeal_dismissed
1984_PLC(CS)_506,1984 PLC(CS) 1085,"NOOR AHMAD v. DIVISIONAL FOREST OFFICER, FAISALABAD",Honorable Justice S. Abdul Jabbar Khan - Service-Tribunal-Punjab,1982-07-28,826,full_judgment,headnote_only,appeal_allowed
1993_PLC(CS)_159,1993 PLC(CS) 737,"MUHAMMAD AKBAR v. SENIOR CIVIL JUDGE, LAHORE","Honorable Justice Akhtar Hassan - Ch. Muhammad Iqbal , Javed Ahmad Cheema Service-Tribunal-Punjab",1992-11-28,2005,full_judgment,headnote_only,appeal_dismissed
1993_PLC(CS)_160,1993 PLC(CS) 742,ABDUL HAFEEZ v. MASTER GENERAL OF ORDNANCE,Federal-Service-Tribunal,1992-10-31,926,full_judgment,headnote_only,unknown
1993_PLC(CS)_163,1993 PLC(CS) 744,"NICHIMEN COMPANY EMPLOYEES' UNION, KARACHI v. NICHIMEN CORPORATION, KARACHI",", Qurban Ali Abbasi Labour-Appellate-Tribunal-Sindh",1993-05-17,1334,full_judgment,headnote_only,appeal_dismissed
1993_PLC(CS)_164,1993 PLC(CS) 746,KHALID JAVED BABES REGIONAL COMMISSIONER OF INCOME,"Tax, Islamabad Vs Regional Commissioner Of Income-Tax, Islamabad - Honorable Justice Syed Ally Madad Shah - Atiqur Rehman Qazi , Mushtaq Ahmed, Second Secretary, Cbr And Qaiser Ali Federal-Service-Tribunal",1992-08-29,1614,full_judgment,headnote_only,unknown
1993_PLC(CS)_165,1993 PLC(CS) 747,JUNAID AHMAD v. PREMIER MERCANTILE SERVICES (PRIVATE) LIMITED KARACHI,"Honorable Justice Agha Ali Hyder - Ch. Muhammad Ashraf Khan , Muhammad Humayun Labour-Appellate-Tribunal-Sindh",1993-04-29,1068,full_judgment,headnote_only,unknown
1993_PLC(CS)_235,1993 PLC(CS) 903,"JAMIL AHMED v. DISTRICT MANAGER, KARACHI TRANSPORT CORPORATION,NORTH KARACHI",Labour-Appellate-Tribunal-Sindh,1987-12-09,587,full_judgment,headnote_only,appeal_dismissed
1983_PLC(CS)_101,1983 PLC(CS) 329,"Munshi MUHAMMAD AKRAM v. COMMISSIONER, LAHORE DIVISION AND ANOTHER",Honorable Justice Malik Zawwar Hussain - Service-Tribunal-Punjab,1980-09-30,1008,full_judgment,headnote_only,appeal_allowed
1983_PLC(CS)_103,1983 PLC(CS) 333,"HAJI BASHIR AHMAD KHAN v. SECRETARY, ESTABLISHMENT DIVISION",Federal-Service-Tribunal,1983-01-01,2003,full_judgment,headnote_only,appeal_dismissed
1983_PLC(CS)_104,1983 PLC(CS) 337,MUHAMMAD YOUSAF v. INSPECTOR,"General Of Police, Punjab And 3 Others - Honorable Justice Malik Zawwar Hussain - Service-Tribunal-Punjab",1982-07-28,871,full_judgment,headnote_only,appeal_dismissed
1983_PLC(CS)_105,1983 PLC(CS) 339,MUHAMMAD MUSTAQEEM v. SECRETARY TO GOVERNMENT OF SIND,High Court of Sindh,1982-05-10,1805,full_judgment,headnote_only,petition_dismissed
1983_PLC(CS)_107,1983 PLC(CS) 345,"MUHAMMAD YOUNAS v. CHAIRMAN, WAPDA",Honorable Justice Shah Abdur Rashid - Federal-Service-Tribunal,1982-09-09,1488,full_judgment,headnote_only,unknown
1983_PLC(CS)_109,1983 PLC(CS) 350,Malik GHULAM YASIN v. PROVINCE OF THE PUNJAB AND ANOTHER,Service-Tribunal-Punjab,1982-11-14,1300,full_judgment,headnote_only,appeal_dismissed
1992_PLC(CS)_203,1992 PLC(CS) 798,AZIZ,Ul-Rehman Vs Azad Government Of The State Of Jammu And Kashmir - Supreme-Court-Azad-Kashmir,1991-12-21,358,full_judgment,headnote_only,unknown
1992_PLC(CS)_204,1992 PLC(CS) 799,"ZULFIQAR HAIDER v. PAKISTAN STEEL, KARACHI",Labour-Appellate-Tribunal-Sindh,1990-10-18,3416,full_judgment,headnote_only,unknown
1983_PLC(CS)_111,1983 PLC(CS) 354,"Hafiz MUHAMMAD GHAZ1 v. SECRETARY TO GOVERNMENT OF THE PUNJAB, FORESTRY",Service-Tribunal-Punjab,1982-11-17,1162,full_judgment,headnote_only,appeal_allowed
1986_PLC(CS)_132,1986 PLC(CS) 444,Mrs. S.J. Usmani v. GOVERNMENT OF PUNJAB,Honorable Justice Abdul Hamid Chaudhry - Service-Tribunal-Punjab,1982-11-25,1192,full_judgment,headnote_only,appeal_dismissed
2015_PLC(CS)_132,2015 PLC(CS) 1078,Mir INTIKHAB,"Ul-Haq Vs Provincial Government Through Chief Secretary, Gilgit - Honorable Justice Sahib Khan And Wazir Shakeel Ahmed - Basharat Ali And Aurangzeb Khan , Imran Hussain Gilgit-Baltistan Chief Court",2014-12-01,1518,full_judgment,headnote_only,petition_allowed
1986_PLC(CS)_133,1986 PLC(CS) 447,"MUHAMMAD ASLAM HAYAT v. SECRETARY TO GOVERNMENT OF PUNJAB, AGRICULTURE DEPARTMENT",Honorable Justice Abdul Hamid Chaudhary - Service-Tribunal-Punjab,1985-10-26,1822,full_judgment,headnote_only,appeal_allowed
2015_PLC(CS)_133,2015 PLC(CS) 1082,MUHAMMAD AMIN v. GOVERNMENT OF PUNJAB,"Honorable Justice Amir Hani Muslim - Ch. Mushtaq Ahmed Khan , Shahid Mobeen Supreme-Court",2015-02-10,1384,full_judgment,headnote_only,remanded
1983_PLC(CS)_247,1983 PLC(CS) 746,Case #247 (1983 PLC(CS) 746),Labour-Appellate-Tribunal-Sindh,1983-01-01,1160,full_judgment,headnote_only,unknown
1986_PLC(CS)_134,1986 PLC(CS) 451,"Dr. MUHAMMAD HANIF ARIF v. SECRETARY TO GOVERNMENT OF PUNJAB, HEALTH DEPARTMENT, LAHORE",Service-Tribunal-Punjab,1986-01-01,1555,full_judgment,headnote_only,appeal_dismissed
1983_PLC(CS)_248,1983 PLC(CS) 747,"Mian MUHAMMAD HANIF AND OTHERS v. SECRETARY TO GOVERNMENT OF THE PUNJAB, COMMUNICATION AND WORKS DEPARTMENT",Service-Tribunal-Punjab,1983-01-01,3276,full_judgment,headnote_only,appeal_dismissed
1986_PLC(CS)_135,1986 PLC(CS) 454,"HAMID ALI v. ASSISTANT COMMISSIONER/ COLLECTOR, KABIRWALA",Service-Tribunal-Punjab,1985-10-29,2600,full_judgment,headnote_only,appeal_allowed
2015_PLC(CS)_135,2015 PLC(CS) 1091,"KHALID FAROOQ TIPU v. SECRETAY, MINISTRY OF FINANCE, PAKISTAN SECRETARIAT, ISLAMABAD","Honorable Justice Sheikh Ahmad Farooq - Riaz Ahmad Tahir , Miss Humaira Latif Ch. Federal-Service-Tribunal",2015-05-20,8262,full_judgment,headnote_only,unknown
1986_PLC(CS)_136,1986 PLC(CS) 459,"MUHAMMAD NAWAZ v. COMMISSIONER, DERA GHAZI KHAN DIVISION D.G. KHAN",Service-Tribunal-Punjab,1985-10-30,1259,full_judgment,headnote_only,appeal_allowed
1986_PLC(CS)_137,1986 PLC(CS) 462,"SHAN MUHAMMAD v. SECRETARY TO GOVERNMENT OF PUNJAB, EDUCATION DEPARTMENT",Honorable Justice S. Abdul Jabbar Khan - Service-Tribunal-Punjab,1985-11-16,1390,full_judgment,headnote_only,appeal_dismissed
1983_PLC(CS)_249,1983 PLC(CS) 748,Case #249 (1983 PLC(CS) 748),Labour-Appellate-Tribunal-Sindh,1983-01-01,896,full_judgment,headnote_only,unknown
2015_PLC(CS)_137,2015 PLC(CS) 1114,"ABDUL MALIK v. CHIEF SECRETARY, GOVERNMENT OF BALOCHISTAN",Honorable Justice Muhammad Ibrahim Sumalani - Service-Tribunal-Balochistan,2014-03-25,1089,full_judgment,headnote_only,appeal_dismissed
1986_PLC(CS)_138,1986 PLC(CS) 464,GHULAM RASUL JAVED v. DIRECTOR,"General, Agriculture (Field), Punjab - Service-Tribunal-Punjab",1985-10-30,925,full_judgment,headnote_only,appeal_allowed
2015_PLC(CS)_138,2015 PLC(CS) 1117,Dr. AZIM,"Ur-Rahim Khan Meo Vs Province Of Sindh Through Chief Secretary - Honorable Justice Sh. Azmat Saeed - M. Aqil Awan , Shafi Muhammad Chandio Supreme-Court",2015-02-13,3539,full_judgment,headnote_only,appeal_dismissed
1986_PLC(CS)_139,1986 PLC(CS) 466,"JAMALUD DIN v. SECRETARY TO GOVERNMENT OF PUNJAB, LABOUR DEPARTMENT",Service-Tribunal-Punjab,1985-10-29,1322,full_judgment,headnote_only,appeal_allowed
1986_PLC(CS)_140,1986 PLC(CS) 469,Case #140 (1986 PLC(CS) 469),Labour-Appellate-Tribunal-Punjab,1985-05-12,711,full_judgment,headnote_only,appeal_dismissed
2015_PLC(CS)_140,2015 PLC(CS) 1130,FEDERAL PUBLIC SERVICE COMMISSION v. ALTAF HUSSAIN,"Honorable Justice Amir Hani Muslim - Sajid Ilyas Bhatti , Imran Fazal Siddiqui Supreme-Court",2014-11-21,2652,full_judgment,headnote_only,disposed_of
1986_PLC(CS)_141,1986 PLC(CS) 469,"ZAHEER HAIDER v. DEPUTY DIRECTOR FOOD, FAISALABAD",Service-Tribunal-Punjab,1985-10-29,1100,full_judgment,headnote_only,appeal_allowed
1986_PLC(CS)_142,1986 PLC(CS) 471,Case #142 (1986 PLC(CS) 471),Labour-Appellate-Tribunal-Punjab,1985-05-12,899,full_judgment,headnote_only,appeal_dismissed
2015_PLC(CS)_142,2015 PLC(CS) 1143,MUHAMMAD NADEEM v. GOVERNMENT OF BALOCHISTAN,"Honorable Justice Muhammad Noor Meskanzai And Muhammad Hashim Khan Kakar - Nemo , Shai Haq Baloch Quetta-High-Court-Balochistan",2015-04-14,2368,full_judgment,headnote_only,petition_dismissed
1986_PLC(CS)_143,1986 PLC(CS) 471,"ABDUL RASHID v. DIRECTOR AGRICULTURAL ENGINEERING, FAISALABAD",Honorable Justice S. Abdul Jabbar Khan - Service-Tribunal-Punjab,1985-11-16,1039,full_judgment,headnote_only,appeal_dismissed
2015_PLC(CS)_143,2015 PLC(CS) 1149,GHULAM AULIA v. FEDERATION OF PAKISTAN through Secretary,"Honorable Justice Aziz-Ur-Rehman - Muhammad Arshad Khan Tanoli , Khalid Javed Karachi-High-Court-Sindh",2014-12-31,13691,full_judgment,headnote_only,appeal_dismissed
1986_PLC(CS)_144,1986 PLC(CS) 473,Case #144 (1986 PLC(CS) 473),Labour-Appellate-Tribunal-Punjab,1986-01-01,889,full_judgment,headnote_only,appeal_dismissed
2015_PLC(CS)_144,2015 PLC(CS) 1182,"PWD EMPLOYEES UNION, BALOCHISTAN v. SECRETARY, COMMUNICATION AND WORKS DEPARTMENT, GOVERNMENT OF BALOCHISTAN QUETTA","Honorable Justice Ghulam Mustafa Mengal And Muhammad Hashim Khan Kakar - Muhammad Riaz Ahmed , Baz Muhammad Kakar Quetta-High-Court-Balochistan",2014-11-10,9649,full_judgment,headnote_only,unknown
1986_PLC(CS)_145,1986 PLC(CS) 474,"MAJID AHMAD v. CHAIRMAN, MARKET COMMITTEE, BADDU MALHI",Service-Tribunal-Punjab,1985-11-14,771,full_judgment,headnote_only,appeal_dismissed
1986_PLC(CS)_146,1986 PLC(CS) 475,Case #146 (1986 PLC(CS) 475),Labour-Appellate-Tribunal-Punjab,1985-05-12,735,full_judgment,headnote_only,appeal_allowed
2015_PLC(CS)_146,2015 PLC(CS) 1210,"MUHAMMAD ANAYET GONDAL v. The REGISTRAR, LAHORE HIGH COURT, LAHORE","Honorable Justice Ejaz Afzal Khan - , Nemo Supreme-Court",2015-03-05,952,full_judgment,headnote_only,appeal_dismissed
1986_PLC(CS)_147,1986 PLC(CS) 475,"ATTA MUHAMMAD v. DIVISIONAL FOREST OFFICER, RANGE MANAGEMENT DIVISION, LAHORE",Honorable Justice Abdul Hamid Chaudhry - Service-Tribunal-Punjab,1985-11-11,2440,full_judgment,headnote_only,appeal_dismissed
2015_PLC(CS)_147,2015 PLC(CS) 1213,ROZEENA KHATOON v. PROVINCIAL GOVERNMENT through Chief Secretary,"Honorable Justice Sahib Khan And Muhammad Alam - Amjad Hussain And Javed Ahmad , Sher Ndir Gilgit-Baltistan Chief Court",2013-05-02,782,full_judgment,headnote_only,petition_dismissed
1986_PLC(CS)_148,1986 PLC(CS) 476,Case #148 (1986 PLC(CS) 476),Labour-Appellate-Tribunal-Punjab,1985-05-12,668,full_judgment,headnote_only,unknown
2015_PLC(CS)_148,2015 PLC(CS) 1215,Dr. AKHTAR BANO v. GOVERNMENT OF BALOCHISTAN,"Honorable Justice Zaheer-Ud-Din Kakar - Muhammad Kazim , Naseer Ahmed Bangulzai Service-Tribunal-Balochistan",2015-04-15,1484,full_judgment,headnote_only,unknown
1986_PLC(CS)_149,1986 PLC(CS) 478,Case #149 (1986 PLC(CS) 478),Labour-Appellate-Tribunal-Punjab,1985-04-15,636,full_judgment,headnote_only,appeal_dismissed
1986_PLC(CS)_150,1986 PLC(CS) 479,"GHULAM HUSSAIN v. CRESCENT BOARDS LIMITED, FAISALABAD",Honorable Justice Muhammad Abdul Ghafoor Khan Lodhi - Labour-Appellate-Tribunal-Punjab,1984-12-11,458,full_judgment,headnote_only,appeal_dismissed
2015_PLC(CS)_150,2015 PLC(CS) 1224,"Engineer MUHAMMAD SADIQ v. SECRETARY, COLLEGES HIGHER AND TECHNICAL EDUCATION DEPARTMENT, QUETTA",Honorable Justice Muhammad Ibrahim Sumalani - Inayataullah Kakar Service-Tribunal-Balochistan,2014-05-06,1074,full_judgment,headnote_only,appeal_allowed
1986_PLC(CS)_151,1986 PLC(CS) 480,Case #151 (1986 PLC(CS) 480),Labour-Appellate-Tribunal-Punjab,1984-12-11,644,full_judgment,headnote_only,disposed_of
1986_PLC(CS)_152,1986 PLC(CS) 480,"ABDUR REHMAN v. COMMISSIONER, BAHAWALPUR DIVISION",Honorable Justice S. Abdul Jabbar Khan - Service-Tribunal-Punjab,1985-10-27,505,full_judgment,headnote_only,appeal_dismissed
2015_PLC(CS)_152,2015 PLC(CS) 1231,Dr. RIFFAT KAMAL v. FEDERATION OF PAKISTAN,"Honorable Justice Ijaz Ahmed Chaudhry - Muhammad Aftab Alam Rana , Dr. Muhammad Fayyaz Supreme-Court",2015-02-24,1764,full_judgment,headnote_only,appeal_allowed
1986_PLC(CS)_153,1986 PLC(CS) 481,Case #153 (1986 PLC(CS) 481),Labour-Appellate-Tribunal-Punjab,1984-12-11,422,full_judgment,headnote_only,appeal_allowed
1986_PLC(CS)_154,1986 PLC(CS) 481,MASOOD AKBAR KHAN v. ADDITIONAL CHIEF SECRETARY to GOVTERNMENT OF PUNJAB S G A & I DEPARTMENT,Honorable Justice S. Abdul Jabbar Khan - Service-Tribunal-Punjab,1985-10-27,957,full_judgment,headnote_only,appeal_allowed
2015_PLC(CS)_154,2015 PLC(CS) 1242,"MUHAMMAD ESSA SHAHOOK v. CHIEF SECRETARY, GOVERNMENT OF BALOCHISTAN, QUETTA","Honorable Justice Muhammad Ibrahim Sumalani - Zahid Muqeem Ansari , Jaffar Raza Khan Service-Tribunal-Balochistan",2014-03-28,1464,full_judgment,headnote_only,appeal_dismissed
1986_PLC(CS)_155,1986 PLC(CS) 482,Case #155 (1986 PLC(CS) 482),Labour-Appellate-Tribunal-Punjab,1984-12-12,544,full_judgment,headnote_only,appeal_dismissed
2015_PLC(CS)_155,2015 PLC(CS) 1246,REHMAT SANOBER v. BALOCHISTAN PUBLIC SERVICE COMMISSION,"Honorable Justice Muhammad Noor Meskanzai And Muhammad Hashim Khan Kakar - Muhammad Qahir Shah And Akram Shah , Shai Haq Baloch Quetta-High-Court-Balochistan",2015-06-29,3325,full_judgment,headnote_only,leave_refused
1986_PLC(CS)_156,1986 PLC(CS) 483,FAZAL ELAHI v. PAKISTAN RAILWAYS,Honorable Justice Muhammad Abdul Ghafoor Khan Lodhi - Labour-Appellate-Tribunal-Punjab,1984-12-12,423,full_judgment,headnote_only,appeal_dismissed
1986_PLC(CS)_157,1986 PLC(CS) 483,"AZIZUR REHMAN v. DEPUTY DIRECTOR, HEALTH SERVICES, BAH4WALPUR DIVISION",Service-Tribunal-Punjab,1985-11-10,716,full_judgment,headnote_only,appeal_dismissed
1986_PLC(CS)_158,1986 PLC(CS) 484,Case #158 (1986 PLC(CS) 484),Labour-Appellate-Tribunal-Punjab,1984-12-11,453,full_judgment,headnote_only,appeal_allowed
1986_PLC(CS)_159,1986 PLC(CS) 485,Case #159 (1986 PLC(CS) 485),Labour-Appellate-Tribunal-Punjab,1984-12-12,647,full_judgment,headnote_only,unknown
2015_PLC(CS)_159,2015 PLC(CS) 1270,FAZLI HAKEEM v. SECRETARY STATE AND FRONTIER REGIONS DIVISION ISLAMABAD,"Honorable Justice Ejaz Afzal Khan - Abdur Rehman Siddiqui , Ejaz Anwar Supreme-Court",2013-02-08,1600,full_judgment,headnote_only,remanded
1986_PLC(CS)_160,1986 PLC(CS) 485,"DR. GHULAM RASUL v. CHIEF SECRETARY, PUNJAB",Service-Tribunal-Punjab,1985-10-11,2440,full_judgment,headnote_only,appeal_dismissed
1986_PLC(CS)_161,1986 PLC(CS) 487,PUNJAB ROAD TRANSPORT BOARD v. IRSHAD BEGUM,Honorable Justice Muhammad Abdul Ghafoor Khan Lodhi - Labour-Appellate-Tribunal-Punjab,1985-05-12,594,full_judgment,headnote_only,unknown
2015_PLC(CS)_161,2015 PLC(CS) 1278,"Ch. SHABBIR HUSSAIN v. LAHORE HIGH COURT, LAHORE","Honorable Justice Shahid Waheed - , Nayyar Iqbal Ghouri Punjab-Subordinate-Judicial-Service-Tribunal",2015-01-01,3553,full_judgment,headnote_only,appeal_dismissed
1986_PLC(CS)_162,1986 PLC(CS) 488,Case #162 (1986 PLC(CS) 488),Labour-Appellate-Tribunal-Punjab,1985-05-08,977,full_judgment,headnote_only,appeal_dismissed
1986_PLC(CS)_163,1986 PLC(CS) 490,PUNJAB URBAN TRANSPORT CORPORATION v. DAVID ASGHAR,Honorable Justice Muhammad Abdul Ghafoor Khan Lodhi - Labour-Appellate-Tribunal-Punjab,1985-05-08,528,full_judgment,headnote_only,appeal_dismissed
2015_PLC(CS)_163,2015 PLC(CS) 1287,"DIVISIONAL SUPERINTENDENT PAKISTAN RAILWAYS, QUETTA v. SHAUKAT ALI","Honorable Justice Ijaz Ahmed Chaudhry - M.D. Shahzad Feroz , Nemo Supreme-Court",2015-03-05,1314,full_judgment,headnote_only,appeal_allowed
1986_PLC(CS)_164,1986 PLC(CS) 490,SYED IHSAN MEHDIJAFERY v. COMMISSIONER LAHORE DIVISION,Honorable Justice S. Abdul Jabbar Khan - Service-Tribunal-Punjab,1985-10-08,1153,full_judgment,headnote_only,appeal_dismissed
1986_PLC(CS)_165,1986 PLC(CS) 491,Case #165 (1986 PLC(CS) 491),Labour-Appellate-Tribunal-Punjab,1985-05-08,771,full_judgment,headnote_only,appeal_dismissed
1986_PLC(CS)_166,1986 PLC(CS) 492,"Syed ZAFAR ALI SHAH v. SUPERINTENDENT OF POLICE, BAHAWALPUR",Honorable Justice Mian Faiz Karim - Service-Tribunal-Punjab,1986-01-01,1322,full_judgment,headnote_only,leave_granted
2015_PLC(CS)_166,2015 PLC(CS) 1296,"BUSHRA ABBAS v. GOVERNMENT OF PUNJAB through Secretary Education (Schools), Punjab, Lahore","Honorable Justice Shah Khawar - Ch. Ehsan Ali Gill , Rana Muhammad Hussain Lahore-High-Court-Lahore",2014-12-04,1059,full_judgment,headnote_only,petition_allowed
2015_PLC(CS)_167,2015 PLC(CS) 1299,"MUHAMMAD ANAYET GONDAL v. The REGISTRAR, LAHORE HIGH COURT, LAHORE",", Razzaq A. Mirza Supreme-Court",2015-01-14,583,full_judgment,headnote_only,unknown
1986_PLC(CS)_167,1986 PLC(CS) 493,Case #167 (1986 PLC(CS) 493),Labour-Appellate-Tribunal-Punjab,1985-10-21,875,full_judgment,headnote_only,appeal_allowed
2015_PLC(CS)_168,2015 PLC(CS) 1300,Syed JAWAD RAZA NAQVI v. FEDERAL TAX OMBUDSMAN (FTO),"Honorable Justice Faisal Arab And Zafar Ahmed Rajput - Khawaja Shamsul Islam , Khalil Dogar Karachi-High-Court-Sindh",2015-04-14,1505,full_judgment,headnote_only,petition_dismissed
1986_PLC(CS)_168,1986 PLC(CS) 494,Case #168 (1986 PLC(CS) 494),Labour-Appellate-Tribunal-Punjab,1985-10-20,771,full_judgment,headnote_only,unknown
1986_PLC(CS)_169,1986 PLC(CS) 495,"KHUSHI MUHAMMAD v. DEPUTY DIRECTOR, LIVESTOCK AND DAIRY DEVELOPMENT, BAHAWALPUR DIVISION BAHAWALPUR",Honorable Justice Mian Faiz Karim - Service-Tribunal-Punjab,1986-01-01,1570,full_judgment,headnote_only,appeal_dismissed
1986_PLC(CS)_170,1986 PLC(CS) 496,Case #170 (1986 PLC(CS) 496),Labour-Appellate-Tribunal-Punjab,1985-10-19,427,full_judgment,headnote_only,disposed_of
1986_PLC(CS)_171,1986 PLC(CS) 497,Case #171 (1986 PLC(CS) 497),Labour-Appellate-Tribunal-Punjab,1985-10-19,757,full_judgment,headnote_only,unknown
2015_PLC(CS)_172,2015 PLC(CS) 1320,"The COMMANDANT, KHYBER PAKHTUNKHWA CONSTABULARY, HEADQUARTERS PESHAWAR v. MUHAMMAD NASIR","Honorable Justice Amir Hani Muslim - Ms. Shireen Imran , Hafiz S.A. Rehman Supreme-Court",2015-03-31,1577,full_judgment,headnote_only,remanded
1986_PLC(CS)_172,1986 PLC(CS) 498,Case #172 (1986 PLC(CS) 498),Labour-Appellate-Tribunal-Punjab,1986-01-01,1634,full_judgment,headnote_only,appeal_dismissed
2015_PLC(CS)_173,2015 PLC(CS) 1324,Syed MAZHAR,"Ul-Haq Vs Innspector-General Of Police, Police Headquarter, Quetta - Honorable Justice Zaheer-Ud-Din Kakar, Chairman, Muhammad Ibrahim Sumalani, And Farzand Ali Mengal - Mazhar Ilyas Nagi , Hamayoon Tareen Service-Tribunal-Balochistan",2014-12-03,2449,full_judgment,headnote_only,appeal_allowed
1986_PLC(CS)_173,1986 PLC(CS) 498,"MUHAMMAD SARWAR v. THE STATE through DEPUTY COMMISSIONER, BAHAWALNAGAR",Service-Tribunal-Punjab,1986-01-01,1079,full_judgment,headnote_only,appeal_dismissed
1986_PLC(CS)_174,1986 PLC(CS) 500,"Hafiz MUHAMMAD AMIN v. SUPERINTENDENT OF POLICE, RAHIM YAR KHAN",Honorable Justice Mian Faiz Karim - Service-Tribunal-Punjab,1986-01-01,1250,full_judgment,headnote_only,appeal_allowed
2015_PLC(CS)_175,2015 PLC(CS) 1336,"INTERNATIONAL ISLAMIC UNIVERSITY, ISLAMABAD v. Dr. SHAMEEM TARIQ","Honorable Justice Shaukat Aziz Siddiqui - Rehan-Ud-Din Golra , Rehan-Ud-Din Khan Golra Islamabad",2015-07-09,2687,full_judgment,headnote_only,unknown
1986_PLC(CS)_175,1986 PLC(CS) 501,"DIVISIONAL SUPERINTENDENT, PAKISTAN RAILWAYS, RAWALPINDI v. MUHAMMAD YASEEN",Honorable Justice Muhammad Abdul Ghafoor Khan Lodhi - Labour-Appellate-Tribunal-Punjab,1985-10-21,400,full_judgment,headnote_only,appeal_dismissed
2015_PLC(CS)_177,2015 PLC(CS) 1353,SARHAD DEVELOPMENT AUTHORITY v. Syed MUHAMMAD LATIF SHAH,"Honorable Justice Amir Hani Muslim - Muhammad Ijaz Sabi , Nemo Supreme-Court",2015-03-25,1314,full_judgment,headnote_only,petition_dismissed
1983_PLC(CS)_251,1983 PLC(CS) 752,Case #251 (1983 PLC(CS) 752),Labour-Appellate-Tribunal-Sindh,1983-01-01,1185,full_judgment,headnote_only,unknown
1986_PLC(CS)_177,1986 PLC(CS) 503,REGIONAL,"Union, Central Telecommunications Vs Divisional Engineer (Phones) Pakistan Telephone S Telegraph, Faisalabad - Honorable Justice Muhammad Abdul Ghafoor Khan Lodhi - Labour-Appellate-Tribunal-Punjab",1985-10-21,472,full_judgment,headnote_only,revision_dismissed
2015_PLC(CS)_178,2015 PLC(CS) 1357,"KHALIL AHMED AWAN v. SECRETARY, MINISTRY OF INTERIOR","Abdul Salam Memon , Muhammad Saad Siddiqui Karachi-High-Court-Sindh",2014-12-09,1849,full_judgment,headnote_only,appeal_dismissed
1986_PLC(CS)_178,1986 PLC(CS) 503,MUHAMMAD SIDDIQUE ALVI v. THE GOVERNMENT OF THE PUNJAB,Service-Tribunal-Punjab,1985-10-23,1555,full_judgment,headnote_only,appeal_allowed
2015_PLC(CS)_179,2015 PLC(CS) 1362,AMIN,"Ur-Rehman Vs Government Of Khyber Pakhtunkhwa - Honorable Justice Waqar Ahmad Seth - Abdul Ghaffar Khan , Mian Arshad Jan Peshawar-High-Court",2015-03-17,757,full_judgment,headnote_only,appeal_dismissed
1983_PLC(CS)_253,1983 PLC(CS) 754,Case #253 (1983 PLC(CS) 754),Labour-Appellate-Tribunal-Sindh,1983-01-01,933,full_judgment,headnote_only,unknown
1983_PLC(CS)_254,1983 PLC(CS) 754,ABDUL MAJID DOGAR v. GOVERNMENT OF THE PUNJAB,Honorable Justice S. Abdul Jabbar Khan - Service-Tribunal-Punjab,1982-06-03,786,full_judgment,headnote_only,unknown
1983_PLC(CS)_255,1983 PLC(CS) 756,Case #255 (1983 PLC(CS) 756),Labour-Appellate-Tribunal-Sindh,1983-01-01,1542,full_judgment,headnote_only,unknown
1986_PLC(CS)_179,1986 PLC(CS) 504,Case #179 (1986 PLC(CS) 504),Labour-Appellate-Tribunal-Punjab,1985-10-22,377,full_judgment,headnote_only,appeal_allowed
1986_PLC(CS)_180,1986 PLC(CS) 505,Case #180 (1986 PLC(CS) 505),Labour-Appellate-Tribunal-Punjab,1985-10-22,485,full_judgment,headnote_only,appeal_dismissed
2015_PLC(CS)_181,2015 PLC(CS) 1367,"SECRETARY ESTABLISHMENT DIVISION, GOVERNMENT OF PAKISTAN, ISLAMABAD v. AFTAB AHMED MANIKA","Honorable Justice Nasir-Ul-Mulk - Salman Aslam Butt , Ms. Asma Jahangir Supreme-Court",2015-04-22,5870,full_judgment,headnote_only,appeal_allowed
1986_PLC(CS)_181,1986 PLC(CS) 506,Case #181 (1986 PLC(CS) 506),Labour-Appellate-Tribunal-Punjab,1985-10-21,423,full_judgment,headnote_only,appeal_allowed
1986_PLC(CS)_182,1986 PLC(CS) 506,"MUHAMMAD ARSHAD v. SECRETARY TO GOVERNMENT OF PUNJAB, LIVESTOCK and DAIRY DEVELOPMENT DEPARTMENT LAHORE",Service-Tribunal-Punjab,1985-10-16,1608,full_judgment,headnote_only,appeal_dismissed
2015_PLC(CS)_183,2015 PLC(CS) 1385,"Lt. Col. (Retd.) SULTAN ZEB KHAN v. BOARD OF GOVERNORS, FAZLE HAQ COLLEGE, MARDAN","Honorable Justice Mazhar Alam Khan And Rooh-Ul-Amin Khan - Abdul Samad Khan And Ishtiaq Ibrahim , Amjad And Syed Sikandar Hayat Shah Peshawar-High-Court",2014-11-06,3783,full_judgment,headnote_only,petition_dismissed
1986_PLC(CS)_183,1986 PLC(CS) 507,"GOVERNMENT TRANSPORT SERVICE, LAHORE v. ZAHEER",Uddin Babar - Honorable Justice Muhammad Abdul Ghafoor Khan Lodhi - Labour-Appellate-Tribunal-Punjab,1985-10-23,352,full_judgment,headnote_only,appeal_dismissed
1983_PLC(CS)_256,1983 PLC(CS) 756,"MUHAMMAD DIN v. MEMBER, BOARD OF REVENUE, PUNJAB",Service-Tribunal-Punjab,1982-06-14,871,full_judgment,headnote_only,appeal_dismissed
