act_code,act_name,provision_type,primary_num,secondary_num,canonical_id,display_name,title,status,superseded_reference,source_citation,source_verified_date
CPC_1908,"Code of Civil Procedure, 1908",section,1,,CPC_1908_SEC_1,Section 1,"Short title, commencement and extent","{""federal"": ""in_force"", ""punjab"": ""in_force"", ""sindh"": ""in_force"", ""kp"": ""in_force"", ""balochistan"": ""in_force""}",,"Pakistan Code (pakistancode.gov.pk), Act No. V of 1908; https://pakistancode.gov.pk/pdffiles/administrator6598dabbad120033d4d42d717dcf9755.pdf",2026-09-23
CPC_1908,"Code of Civil Procedure, 1908",section,2,,CPC_1908_SEC_2,Section 2,Definitions,"{""federal"": ""in_force"", ""punjab"": ""in_force"", ""sindh"": ""in_force"", ""kp"": ""in_force"", ""balochistan"": ""in_force""}",,"Pakistan Code (pakistancode.gov.pk), Act No. V of 1908; https://pakistancode.gov.pk/pdffiles/administrator6598dabbad120033d4d42d717dcf9755.pdf",2026-09-23
CPC_1908,"Code of Civil Procedure, 1908",section,3,,CPC_1908_SEC_3,Section 3,Subordination of Courts,"{""federal"": ""in_force"", ""punjab"": ""in_force"", ""sindh"": ""in_force"", ""kp"": ""in_force"", ""balochistan"": ""in_force""}",,"Pakistan Code (pakistancode.gov.pk), Act No. V of 1908; https://pakistancode.gov.pk/pdffiles/administrator6598dabbad120033d4d42d717dcf9755.pdf",2026-09-23
CPC_1908,"Code of Civil Procedure, 1908",section,4,,CPC_1908_SEC_4,Section 4,Savings,"{""federal"": ""in_force"", ""punjab"": ""in_force"", ""sindh"": ""in_force"", ""kp"": ""in_force"", ""balochistan"": ""in_force""}",,"Pakistan Code (pakistancode.gov.pk), Act No. V of 1908; https://pakistancode.gov.pk/pdffiles/administrator6598dabbad120033d4d42d717dcf9755.pdf",2026-09-23
CPC_1908,"Code of Civil Procedure, 1908",section,5,,CPC_1908_SEC_5,Section 5,Application of the Code to the Revenue Courts,"{""federal"": ""in_force"", ""punjab"": ""in_force"", ""sindh"": ""in_force"", ""kp"": ""in_force"", ""balochistan"": ""in_force""}",,"Pakistan Code (pakistancode.gov.pk), Act No. V of 1908; https://pakistancode.gov.pk/pdffiles/administrator6598dabbad120033d4d42d717dcf9755.pdf",2026-09-23
CPC_1908,"Code of Civil Procedure, 1908",section,6,,CPC_1908_SEC_6,Section 6,Pecuniary Jurisdiction,"{""federal"": ""in_force"", ""punjab"": ""in_force"", ""sindh"": ""in_force"", ""kp"": ""in_force"", ""balochistan"": ""in_force""}",,"Pakistan Code (pakistancode.gov.pk), Act No. V of 1908; https://pakistancode.gov.pk/pdffiles/administrator6598dabbad120033d4d42d717dcf9755.pdf",2026-09-23
CPC_1908,"Code of Civil Procedure, 1908",section,7,,CPC_1908_SEC_7,Section 7,[Omitted],"{""federal"": ""omitted"", ""punjab"": ""omitted"", ""sindh"": ""omitted"", ""kp"": ""omitted"", ""balochistan"": ""omitted""}",,"Pakistan Code (pakistancode.gov.pk), Act No. V of 1908; https://pakistancode.gov.pk/pdffiles/administrator6598dabbad120033d4d42d717dcf9755.pdf",2026-09-23
CPC_1908,"Code of Civil Procedure, 1908",section,8,,CPC_1908_SEC_8,Section 8,[Omitted],"{""federal"": ""omitted"", ""punjab"": ""omitted"", ""sindh"": ""omitted"", ""kp"": ""omitted"", ""balochistan"": ""omitted""}",,"Pakistan Code (pakistancode.gov.pk), Act No. V of 1908; https://pakistancode.gov.pk/pdffiles/administrator6598dabbad120033d4d42d717dcf9755.pdf",2026-09-23
CPC_1908,"Code of Civil Procedure, 1908",section,9,,CPC_1908_SEC_9,Section 9,Courts to try all civil suits unless barred,"{""federal"": ""in_force"", ""punjab"": ""in_force"", ""sindh"": ""in_force"", ""kp"": ""in_force"", ""balochistan"": ""in_force""}",,"Pakistan Code (pakistancode.gov.pk), Act No. V of 1908; https://pakistancode.gov.pk/pdffiles/administrator6598dabbad120033d4d42d717dcf9755.pdf",2026-09-23
CPC_1908,"Code of Civil Procedure, 1908",section,10,,CPC_1908_SEC_10,Section 10,Stay of suit,"{""federal"": ""in_force"", ""punjab"": ""in_force"", ""sindh"": ""in_force"", ""kp"": ""in_force"", ""balochistan"": ""in_force""}",,"Pakistan Code (pakistancode.gov.pk), Act No. V of 1908; https://pakistancode.gov.pk/pdffiles/administrator6598dabbad120033d4d42d717dcf9755.pdf",2026-09-23
CPC_1908,"Code of Civil Procedure, 1908",section,11,,CPC_1908_SEC_11,Section 11,Res Judicata,"{""federal"": ""in_force"", ""punjab"": ""in_force"", ""sindh"": ""in_force"", ""kp"": ""in_force"", ""balochistan"": ""in_force""}",,"Pakistan Code (pakistancode.gov.pk), Act No. V of 1908; https://pakistancode.gov.pk/pdffiles/administrator6598dabbad120033d4d42d717dcf9755.pdf",2026-09-23
CPC_1908,"Code of Civil Procedure, 1908",section,12,,CPC_1908_SEC_12,Section 12,Bar to further suits,"{""federal"": ""in_force"", ""punjab"": ""in_force"", ""sindh"": ""in_force"", ""kp"": ""in_force"", ""balochistan"": ""in_force""}",,"Pakistan Code (pakistancode.gov.pk), Act No. V of 1908; https://pakistancode.gov.pk/pdffiles/administrator6598dabbad120033d4d42d717dcf9755.pdf",2026-09-23
CPC_1908,"Code of Civil Procedure, 1908",section,13,,CPC_1908_SEC_13,Section 13,When foreign judgment not conclusive,"{""federal"": ""in_force"", ""punjab"": ""in_force"", ""sindh"": ""in_force"", ""kp"": ""in_force"", ""balochistan"": ""in_force""}",,"Pakistan Code (pakistancode.gov.pk), Act No. V of 1908; https://pakistancode.gov.pk/pdffiles/administrator6598dabbad120033d4d42d717dcf9755.pdf",2026-09-23
CPC_1908,"Code of Civil Procedure, 1908",section,14,,CPC_1908_SEC_14,Section 14,Presumption as to foreign judgment,"{""federal"": ""in_force"", ""punjab"": ""in_force"", ""sindh"": ""in_force"", ""kp"": ""in_force"", ""balochistan"": ""in_force""}",,"Pakistan Code (pakistancode.gov.pk), Act No. V of 1908; https://pakistancode.gov.pk/pdffiles/administrator6598dabbad120033d4d42d717dcf9755.pdf",2026-09-23
CPC_1908,"Code of Civil Procedure, 1908",section,15,,CPC_1908_SEC_15,Section 15,Court in which suits to be instituted,"{""federal"": ""in_force"", ""punjab"": ""in_force"", ""sindh"": ""in_force"", ""kp"": ""in_force"", ""balochistan"": ""in_force""}",,"Pakistan Code (pakistancode.gov.pk), Act No. V of 1908; https://pakistancode.gov.pk/pdffiles/administrator6598dabbad120033d4d42d717dcf9755.pdf",2026-09-23
CPC_1908,"Code of Civil Procedure, 1908",section,16,,CPC_1908_SEC_16,Section 16,Suits to be instituted where subject­matter situate,"{""federal"": ""in_force"", ""punjab"": ""in_force"", ""sindh"": ""in_force"", ""kp"": ""in_force"", ""balochistan"": ""in_force""}",,"Pakistan Code (pakistancode.gov.pk), Act No. V of 1908; https://pakistancode.gov.pk/pdffiles/administrator6598dabbad120033d4d42d717dcf9755.pdf",2026-09-23
CPC_1908,"Code of Civil Procedure, 1908",section,17,,CPC_1908_SEC_17,Section 17,Suits for immoveable property situate within jurisdiction of different Courts,"{""federal"": ""in_force"", ""punjab"": ""in_force"", ""sindh"": ""in_force"", ""kp"": ""in_force"", ""balochistan"": ""in_force""}",,"Pakistan Code (pakistancode.gov.pk), Act No. V of 1908; https://pakistancode.gov.pk/pdffiles/administrator6598dabbad120033d4d42d717dcf9755.pdf",2026-09-23
CPC_1908,"Code of Civil Procedure, 1908",section,18,,CPC_1908_SEC_18,Section 18,"Place of institution of suit where local limits of jurisdiction, of Courts are uncertain","{""federal"": ""in_force"", ""punjab"": ""in_force"", ""sindh"": ""in_force"", ""kp"": ""in_force"", ""balochistan"": ""in_force""}",,"Pakistan Code (pakistancode.gov.pk), Act No. V of 1908; https://pakistancode.gov.pk/pdffiles/administrator6598dabbad120033d4d42d717dcf9755.pdf",2026-09-23
CPC_1908,"Code of Civil Procedure, 1908",section,19,,CPC_1908_SEC_19,Section 19,Suits for compensation for wrongs to person or moveables,"{""federal"": ""in_force"", ""punjab"": ""in_force"", ""sindh"": ""in_force"", ""kp"": ""in_force"", ""balochistan"": ""in_force""}",,"Pakistan Code (pakistancode.gov.pk), Act No. V of 1908; https://pakistancode.gov.pk/pdffiles/administrator6598dabbad120033d4d42d717dcf9755.pdf",2026-09-23
CPC_1908,"Code of Civil Procedure, 1908",section,20,,CPC_1908_SEC_20,Section 20,Other suits to be instituted where defendants reside or cause of action arises,"{""federal"": ""in_force"", ""punjab"": ""in_force"", ""sindh"": ""in_force"", ""kp"": ""in_force"", ""balochistan"": ""in_force""}",,"Pakistan Code (pakistancode.gov.pk), Act No. V of 1908; https://pakistancode.gov.pk/pdffiles/administrator6598dabbad120033d4d42d717dcf9755.pdf",2026-09-23
CPC_1908,"Code of Civil Procedure, 1908",section,21,,CPC_1908_SEC_21,Section 21,Objections to jurisdiction,"{""federal"": ""in_force"", ""punjab"": ""in_force"", ""sindh"": ""in_force"", ""kp"": ""in_force"", ""balochistan"": ""in_force""}",,"Pakistan Code (pakistancode.gov.pk), Act No. V of 1908; https://pakistancode.gov.pk/pdffiles/administrator6598dabbad120033d4d42d717dcf9755.pdf",2026-09-23
CPC_1908,"Code of Civil Procedure, 1908",section,22,,CPC_1908_SEC_22,Section 22,Power to transfer suits which may be instituted in more than one Court,"{""federal"": ""in_force"", ""punjab"": ""in_force"", ""sindh"": ""in_force"", ""kp"": ""in_force"", ""balochistan"": ""in_force""}",,"Pakistan Code (pakistancode.gov.pk), Act No. V of 1908; https://pakistancode.gov.pk/pdffiles/administrator6598dabbad120033d4d42d717dcf9755.pdf",2026-09-23
CPC_1908,"Code of Civil Procedure, 1908",section,23,,CPC_1908_SEC_23,Section 23,To what Court application lies,"{""federal"": ""in_force"", ""punjab"": ""in_force"", ""sindh"": ""in_force"", ""kp"": ""in_force"", ""balochistan"": ""in_force""}",,"Pakistan Code (pakistancode.gov.pk), Act No. V of 1908; https://pakistancode.gov.pk/pdffiles/administrator6598dabbad120033d4d42d717dcf9755.pdf",2026-09-23
CPC_1908,"Code of Civil Procedure, 1908",section,24,,CPC_1908_SEC_24,Section 24,General power of transfer and withdrawal,"{""federal"": ""in_force"", ""punjab"": ""in_force"", ""sindh"": ""in_force"", ""kp"": ""in_force"", ""balochistan"": ""in_force""}",,"Pakistan Code (pakistancode.gov.pk), Act No. V of 1908; https://pakistancode.gov.pk/pdffiles/administrator6598dabbad120033d4d42d717dcf9755.pdf",2026-09-23
CPC_1908,"Code of Civil Procedure, 1908",section,24A,,CPC_1908_SEC_24A,Section 24A,"Appearance of parties on transfer of suit, etc","{""federal"": ""in_force"", ""punjab"": ""in_force"", ""sindh"": ""in_force"", ""kp"": ""in_force"", ""balochistan"": ""in_force""}",,"Pakistan Code (pakistancode.gov.pk), Act No. V of 1908; https://pakistancode.gov.pk/pdffiles/administrator6598dabbad120033d4d42d717dcf9755.pdf",2026-09-23
CPC_1908,"Code of Civil Procedure, 1908",section,25,,CPC_1908_SEC_25,Section 25,[Omitted],"{""federal"": ""omitted"", ""punjab"": ""omitted"", ""sindh"": ""omitted"", ""kp"": ""omitted"", ""balochistan"": ""omitted""}",,"Pakistan Code (pakistancode.gov.pk), Act No. V of 1908; https://pakistancode.gov.pk/pdffiles/administrator6598dabbad120033d4d42d717dcf9755.pdf",2026-09-23
CPC_1908,"Code of Civil Procedure, 1908",section,26,,CPC_1908_SEC_26,Section 26,Institution of suit,"{""federal"": ""in_force"", ""punjab"": ""in_force"", ""sindh"": ""in_force"", ""kp"": ""in_force"", ""balochistan"": ""in_force""}",,"Pakistan Code (pakistancode.gov.pk), Act No. V of 1908; https://pakistancode.gov.pk/pdffiles/administrator6598dabbad120033d4d42d717dcf9755.pdf",2026-09-23
CPC_1908,"Code of Civil Procedure, 1908",section,27,,CPC_1908_SEC_27,Section 27,Summons to defendants,"{""federal"": ""in_force"", ""punjab"": ""in_force"", ""sindh"": ""in_force"", ""kp"": ""in_force"", ""balochistan"": ""in_force""}",,"Pakistan Code (pakistancode.gov.pk), Act No. V of 1908; https://pakistancode.gov.pk/pdffiles/administrator6598dabbad120033d4d42d717dcf9755.pdf",2026-09-23
CPC_1908,"Code of Civil Procedure, 1908",section,28,,CPC_1908_SEC_28,Section 28,"Service of summons where defendant resides, in another Province","{""federal"": ""in_force"", ""punjab"": ""in_force"", ""sindh"": ""in_force"", ""kp"": ""in_force"", ""balochistan"": ""in_force""}",,"Pakistan Code (pakistancode.gov.pk), Act No. V of 1908; https://pakistancode.gov.pk/pdffiles/administrator6598dabbad120033d4d42d717dcf9755.pdf",2026-09-23
CPC_1908,"Code of Civil Procedure, 1908",section,29,,CPC_1908_SEC_29,Section 29,Service of foreign summonses,"{""federal"": ""in_force"", ""punjab"": ""in_force"", ""sindh"": ""in_force"", ""kp"": ""in_force"", ""balochistan"": ""in_force""}",,"Pakistan Code (pakistancode.gov.pk), Act No. V of 1908; https://pakistancode.gov.pk/pdffiles/administrator6598dabbad120033d4d42d717dcf9755.pdf",2026-09-23
CPC_1908,"Code of Civil Procedure, 1908",section,30,,CPC_1908_SEC_30,Section 30,Power to order discovery and the like,"{""federal"": ""in_force"", ""punjab"": ""in_force"", ""sindh"": ""in_force"", ""kp"": ""in_force"", ""balochistan"": ""in_force""}",,"Pakistan Code (pakistancode.gov.pk), Act No. V of 1908; https://pakistancode.gov.pk/pdffiles/administrator6598dabbad120033d4d42d717dcf9755.pdf",2026-09-23
CPC_1908,"Code of Civil Procedure, 1908",section,31,,CPC_1908_SEC_31,Section 31,Summons to witness,"{""federal"": ""in_force"", ""punjab"": ""in_force"", ""sindh"": ""in_force"", ""kp"": ""in_force"", ""balochistan"": ""in_force""}",,"Pakistan Code (pakistancode.gov.pk), Act No. V of 1908; https://pakistancode.gov.pk/pdffiles/administrator6598dabbad120033d4d42d717dcf9755.pdf",2026-09-23
CPC_1908,"Code of Civil Procedure, 1908",section,32,,CPC_1908_SEC_32,Section 32,Penalty for default,"{""federal"": ""in_force"", ""punjab"": ""in_force"", ""sindh"": ""in_force"", ""kp"": ""in_force"", ""balochistan"": ""in_force""}",,"Pakistan Code (pakistancode.gov.pk), Act No. V of 1908; https://pakistancode.gov.pk/pdffiles/administrator6598dabbad120033d4d42d717dcf9755.pdf",2026-09-23
CPC_1908,"Code of Civil Procedure, 1908",section,33,,CPC_1908_SEC_33,Section 33,Judgment and decree,"{""federal"": ""in_force"", ""punjab"": ""in_force"", ""sindh"": ""in_force"", ""kp"": ""in_force"", ""balochistan"": ""in_force""}",,"Pakistan Code (pakistancode.gov.pk), Act No. V of 1908; https://pakistancode.gov.pk/pdffiles/administrator6598dabbad120033d4d42d717dcf9755.pdf",2026-09-23
CPC_1908,"Code of Civil Procedure, 1908",section,34,,CPC_1908_SEC_34,Section 34,Interest,"{""federal"": ""in_force"", ""punjab"": ""in_force"", ""sindh"": ""in_force"", ""kp"": ""in_force"", ""balochistan"": ""in_force""}",,"Pakistan Code (pakistancode.gov.pk), Act No. V of 1908; https://pakistancode.gov.pk/pdffiles/administrator6598dabbad120033d4d42d717dcf9755.pdf",2026-09-23
CPC_1908,"Code of Civil Procedure, 1908",section,34A,,CPC_1908_SEC_34A,Section 34A,Interest on public dues,"{""federal"": ""in_force"", ""punjab"": ""in_force"", ""sindh"": ""in_force"", ""kp"": ""in_force"", ""balochistan"": ""in_force""}",,"Pakistan Code (pakistancode.gov.pk), Act No. V of 1908; https://pakistancode.gov.pk/pdffiles/administrator6598dabbad120033d4d42d717dcf9755.pdf",2026-09-23
CPC_1908,"Code of Civil Procedure, 1908",section,34B,,CPC_1908_SEC_34B,Section 34B,"Interest, etc. on dues of banking company","{""federal"": ""in_force"", ""punjab"": ""in_force"", ""sindh"": ""in_force"", ""kp"": ""in_force"", ""balochistan"": ""in_force""}",,"Pakistan Code (pakistancode.gov.pk), Act No. V of 1908; https://pakistancode.gov.pk/pdffiles/administrator6598dabbad120033d4d42d717dcf9755.pdf",2026-09-23
CPC_1908,"Code of Civil Procedure, 1908",section,35,,CPC_1908_SEC_35,Section 35,Costs,"{""federal"": ""in_force"", ""punjab"": ""in_force"", ""sindh"": ""in_force"", ""kp"": ""in_force"", ""balochistan"": ""in_force""}",,"Pakistan Code (pakistancode.gov.pk), Act No. V of 1908; https://pakistancode.gov.pk/pdffiles/administrator6598dabbad120033d4d42d717dcf9755.pdf",2026-09-23
CPC_1908,"Code of Civil Procedure, 1908",section,35A,,CPC_1908_SEC_35A,Section 35A,Adjournment cost,"{""federal"": ""in_force"", ""punjab"": ""in_force"", ""sindh"": ""in_force"", ""kp"": ""in_force"", ""balochistan"": ""in_force""}",,"Pakistan Code (pakistancode.gov.pk), Act No. V of 1908; https://pakistancode.gov.pk/pdffiles/administrator6598dabbad120033d4d42d717dcf9755.pdf",2026-09-23
CPC_1908,"Code of Civil Procedure, 1908",section,35B,,CPC_1908_SEC_35B,Section 35B,Special costs,"{""federal"": ""in_force"", ""punjab"": ""in_force"", ""sindh"": ""in_force"", ""kp"": ""in_force"", ""balochistan"": ""in_force""}",,"Pakistan Code (pakistancode.gov.pk), Act No. V of 1908; https://pakistancode.gov.pk/pdffiles/administrator6598dabbad120033d4d42d717dcf9755.pdf",2026-09-23
CPC_1908,"Code of Civil Procedure, 1908",section,35C,,CPC_1908_SEC_35C,Section 35C,General provisions as to costs,"{""federal"": ""in_force"", ""punjab"": ""in_force"", ""sindh"": ""in_force"", ""kp"": ""in_force"", ""balochistan"": ""in_force""}",,"Pakistan Code (pakistancode.gov.pk), Act No. V of 1908; https://pakistancode.gov.pk/pdffiles/administrator6598dabbad120033d4d42d717dcf9755.pdf",2026-09-23
CPC_1908,"Code of Civil Procedure, 1908",section,36,,CPC_1908_SEC_36,Section 36,Application to orders,"{""federal"": ""in_force"", ""punjab"": ""in_force"", ""sindh"": ""in_force"", ""kp"": ""in_force"", ""balochistan"": ""in_force""}",,"Pakistan Code (pakistancode.gov.pk), Act No. V of 1908; https://pakistancode.gov.pk/pdffiles/administrator6598dabbad120033d4d42d717dcf9755.pdf",2026-09-23
CPC_1908,"Code of Civil Procedure, 1908",section,37,,CPC_1908_SEC_37,Section 37,Definition of Court which passed a decree,"{""federal"": ""in_force"", ""punjab"": ""in_force"", ""sindh"": ""in_force"", ""kp"": ""in_force"", ""balochistan"": ""in_force""}",,"Pakistan Code (pakistancode.gov.pk), Act No. V of 1908; https://pakistancode.gov.pk/pdffiles/administrator6598dabbad120033d4d42d717dcf9755.pdf",2026-09-23
CPC_1908,"Code of Civil Procedure, 1908",section,38,,CPC_1908_SEC_38,Section 38,Court by which decree may be executed,"{""federal"": ""in_force"", ""punjab"": ""in_force"", ""sindh"": ""in_force"", ""kp"": ""in_force"", ""balochistan"": ""in_force""}",,"Pakistan Code (pakistancode.gov.pk), Act No. V of 1908; https://pakistancode.gov.pk/pdffiles/administrator6598dabbad120033d4d42d717dcf9755.pdf",2026-09-23
CPC_1908,"Code of Civil Procedure, 1908",section,39,,CPC_1908_SEC_39,Section 39,Transfer of decree,"{""federal"": ""in_force"", ""punjab"": ""in_force"", ""sindh"": ""in_force"", ""kp"": ""in_force"", ""balochistan"": ""in_force""}",,"Pakistan Code (pakistancode.gov.pk), Act No. V of 1908; https://pakistancode.gov.pk/pdffiles/administrator6598dabbad120033d4d42d717dcf9755.pdf",2026-09-23
CPC_1908,"Code of Civil Procedure, 1908",section,40,,CPC_1908_SEC_40,Section 40,Transfer of decree to Court in another Province,"{""federal"": ""in_force"", ""punjab"": ""in_force"", ""sindh"": ""in_force"", ""kp"": ""in_force"", ""balochistan"": ""in_force""}",,"Pakistan Code (pakistancode.gov.pk), Act No. V of 1908; https://pakistancode.gov.pk/pdffiles/administrator6598dabbad120033d4d42d717dcf9755.pdf",2026-09-23
CPC_1908,"Code of Civil Procedure, 1908",section,41,,CPC_1908_SEC_41,Section 41,Results of execution proceeding to be certified,"{""federal"": ""in_force"", ""punjab"": ""in_force"", ""sindh"": ""in_force"", ""kp"": ""in_force"", ""balochistan"": ""in_force""}",,"Pakistan Code (pakistancode.gov.pk), Act No. V of 1908; https://pakistancode.gov.pk/pdffiles/administrator6598dabbad120033d4d42d717dcf9755.pdf",2026-09-23
CPC_1908,"Code of Civil Procedure, 1908",section,42,,CPC_1908_SEC_42,Section 42,Powers of Court in executing transferred decree,"{""federal"": ""in_force"", ""punjab"": ""in_force"", ""sindh"": ""in_force"", ""kp"": ""in_force"", ""balochistan"": ""in_force""}",,"Pakistan Code (pakistancode.gov.pk), Act No. V of 1908; https://pakistancode.gov.pk/pdffiles/administrator6598dabbad120033d4d42d717dcf9755.pdf",2026-09-23
CPC_1908,"Code of Civil Procedure, 1908",section,43,,CPC_1908_SEC_43,Section 43,Execution of decrees passed by British Courts in places to which this Part does not extend or,"{""federal"": ""in_force"", ""punjab"": ""in_force"", ""sindh"": ""in_force"", ""kp"": ""in_force"", ""balochistan"": ""in_force""}",,"Pakistan Code (pakistancode.gov.pk), Act No. V of 1908; https://pakistancode.gov.pk/pdffiles/administrator6598dabbad120033d4d42d717dcf9755.pdf",2026-09-23
CPC_1908,"Code of Civil Procedure, 1908",section,44,,CPC_1908_SEC_44,Section 44,[Omitted],"{""federal"": ""omitted"", ""punjab"": ""omitted"", ""sindh"": ""omitted"", ""kp"": ""omitted"", ""balochistan"": ""omitted""}",,"Pakistan Code (pakistancode.gov.pk), Act No. V of 1908; https://pakistancode.gov.pk/pdffiles/administrator6598dabbad120033d4d42d717dcf9755.pdf",2026-09-23
CPC_1908,"Code of Civil Procedure, 1908",section,44A,,CPC_1908_SEC_44A,Section 44A,Execution of decrees passed by Courts in the United Kingdom and other reciprocating territory,"{""federal"": ""in_force"", ""punjab"": ""in_force"", ""sindh"": ""in_force"", ""kp"": ""in_force"", ""balochistan"": ""in_force""}",,"Pakistan Code (pakistancode.gov.pk), Act No. V of 1908; https://pakistancode.gov.pk/pdffiles/administrator6598dabbad120033d4d42d717dcf9755.pdf",2026-09-23
CPC_1908,"Code of Civil Procedure, 1908",section,45,,CPC_1908_SEC_45,Section 45,[Omitted],"{""federal"": ""omitted"", ""punjab"": ""omitted"", ""sindh"": ""omitted"", ""kp"": ""omitted"", ""balochistan"": ""omitted""}",,"Pakistan Code (pakistancode.gov.pk), Act No. V of 1908; https://pakistancode.gov.pk/pdffiles/administrator6598dabbad120033d4d42d717dcf9755.pdf",2026-09-23
CPC_1908,"Code of Civil Procedure, 1908",section,46,,CPC_1908_SEC_46,Section 46,Precepts,"{""federal"": ""in_force"", ""punjab"": ""in_force"", ""sindh"": ""in_force"", ""kp"": ""in_force"", ""balochistan"": ""in_force""}",,"Pakistan Code (pakistancode.gov.pk), Act No. V of 1908; https://pakistancode.gov.pk/pdffiles/administrator6598dabbad120033d4d42d717dcf9755.pdf",2026-09-23
CPC_1908,"Code of Civil Procedure, 1908",section,47,,CPC_1908_SEC_47,Section 47,Questions to be determined by the Court executing decree,"{""federal"": ""in_force"", ""punjab"": ""in_force"", ""sindh"": ""in_force"", ""kp"": ""in_force"", ""balochistan"": ""in_force""}",,"Pakistan Code (pakistancode.gov.pk), Act No. V of 1908; https://pakistancode.gov.pk/pdffiles/administrator6598dabbad120033d4d42d717dcf9755.pdf",2026-09-23
CPC_1908,"Code of Civil Procedure, 1908",section,48,,CPC_1908_SEC_48,Section 48,Execution barred in certain cases,"{""federal"": ""in_force"", ""punjab"": ""in_force"", ""sindh"": ""in_force"", ""kp"": ""in_force"", ""balochistan"": ""in_force""}",,"Pakistan Code (pakistancode.gov.pk), Act No. V of 1908; https://pakistancode.gov.pk/pdffiles/administrator6598dabbad120033d4d42d717dcf9755.pdf",2026-09-23
CPC_1908,"Code of Civil Procedure, 1908",section,49,,CPC_1908_SEC_49,Section 49,Transferee,"{""federal"": ""in_force"", ""punjab"": ""in_force"", ""sindh"": ""in_force"", ""kp"": ""in_force"", ""balochistan"": ""in_force""}",,"Pakistan Code (pakistancode.gov.pk), Act No. V of 1908; https://pakistancode.gov.pk/pdffiles/administrator6598dabbad120033d4d42d717dcf9755.pdf",2026-09-23
CPC_1908,"Code of Civil Procedure, 1908",section,50,,CPC_1908_SEC_50,Section 50,Legal representative,"{""federal"": ""in_force"", ""punjab"": ""in_force"", ""sindh"": ""in_force"", ""kp"": ""in_force"", ""balochistan"": ""in_force""}",,"Pakistan Code (pakistancode.gov.pk), Act No. V of 1908; https://pakistancode.gov.pk/pdffiles/administrator6598dabbad120033d4d42d717dcf9755.pdf",2026-09-23
CPC_1908,"Code of Civil Procedure, 1908",section,51,,CPC_1908_SEC_51,Section 51,Powers of Court to enforce execution,"{""federal"": ""in_force"", ""punjab"": ""in_force"", ""sindh"": ""in_force"", ""kp"": ""in_force"", ""balochistan"": ""in_force""}",,"Pakistan Code (pakistancode.gov.pk), Act No. V of 1908; https://pakistancode.gov.pk/pdffiles/administrator6598dabbad120033d4d42d717dcf9755.pdf",2026-09-23
CPC_1908,"Code of Civil Procedure, 1908",section,52,,CPC_1908_SEC_52,Section 52,Enforcement of decree against legal representative,"{""federal"": ""in_force"", ""punjab"": ""in_force"", ""sindh"": ""in_force"", ""kp"": ""in_force"", ""balochistan"": ""in_force""}",,"Pakistan Code (pakistancode.gov.pk), Act No. V of 1908; https://pakistancode.gov.pk/pdffiles/administrator6598dabbad120033d4d42d717dcf9755.pdf",2026-09-23
CPC_1908,"Code of Civil Procedure, 1908",section,53,,CPC_1908_SEC_53,Section 53,Liability of ancestral property,"{""federal"": ""in_force"", ""punjab"": ""in_force"", ""sindh"": ""in_force"", ""kp"": ""in_force"", ""balochistan"": ""in_force""}",,"Pakistan Code (pakistancode.gov.pk), Act No. V of 1908; https://pakistancode.gov.pk/pdffiles/administrator6598dabbad120033d4d42d717dcf9755.pdf",2026-09-23
CPC_1908,"Code of Civil Procedure, 1908",section,54,,CPC_1908_SEC_54,Section 54,Partition of estate of separation of share,"{""federal"": ""in_force"", ""punjab"": ""in_force"", ""sindh"": ""in_force"", ""kp"": ""in_force"", ""balochistan"": ""in_force""}",,"Pakistan Code (pakistancode.gov.pk), Act No. V of 1908; https://pakistancode.gov.pk/pdffiles/administrator6598dabbad120033d4d42d717dcf9755.pdf",2026-09-23
CPC_1908,"Code of Civil Procedure, 1908",section,55,,CPC_1908_SEC_55,Section 55,Arrest and detention,"{""federal"": ""in_force"", ""punjab"": ""in_force"", ""sindh"": ""in_force"", ""kp"": ""in_force"", ""balochistan"": ""in_force""}",,"Pakistan Code (pakistancode.gov.pk), Act No. V of 1908; https://pakistancode.gov.pk/pdffiles/administrator6598dabbad120033d4d42d717dcf9755.pdf",2026-09-23
CPC_1908,"Code of Civil Procedure, 1908",section,56,,CPC_1908_SEC_56,Section 56,Prohibition of arrest or detention of women in execution of decree for money,"{""federal"": ""in_force"", ""punjab"": ""in_force"", ""sindh"": ""in_force"", ""kp"": ""in_force"", ""balochistan"": ""in_force""}",,"Pakistan Code (pakistancode.gov.pk), Act No. V of 1908; https://pakistancode.gov.pk/pdffiles/administrator6598dabbad120033d4d42d717dcf9755.pdf",2026-09-23
CPC_1908,"Code of Civil Procedure, 1908",section,57,,CPC_1908_SEC_57,Section 57,[Omitted],"{""federal"": ""omitted"", ""punjab"": ""omitted"", ""sindh"": ""omitted"", ""kp"": ""omitted"", ""balochistan"": ""omitted""}",,"Pakistan Code (pakistancode.gov.pk), Act No. V of 1908; https://pakistancode.gov.pk/pdffiles/administrator6598dabbad120033d4d42d717dcf9755.pdf",2026-09-23
CPC_1908,"Code of Civil Procedure, 1908",section,58,,CPC_1908_SEC_58,Section 58,Release from detention,"{""federal"": ""in_force"", ""punjab"": ""in_force"", ""sindh"": ""in_force"", ""kp"": ""in_force"", ""balochistan"": ""in_force""}",,"Pakistan Code (pakistancode.gov.pk), Act No. V of 1908; https://pakistancode.gov.pk/pdffiles/administrator6598dabbad120033d4d42d717dcf9755.pdf",2026-09-23
CPC_1908,"Code of Civil Procedure, 1908",section,59,,CPC_1908_SEC_59,Section 59,[Omitted],"{""federal"": ""omitted"", ""punjab"": ""omitted"", ""sindh"": ""omitted"", ""kp"": ""omitted"", ""balochistan"": ""omitted""}",,"Pakistan Code (pakistancode.gov.pk), Act No. V of 1908; https://pakistancode.gov.pk/pdffiles/administrator6598dabbad120033d4d42d717dcf9755.pdf",2026-09-23
CPC_1908,"Code of Civil Procedure, 1908",section,60,,CPC_1908_SEC_60,Section 60,Property liable to attachment and sale in execution of decree,"{""federal"": ""in_force"", ""punjab"": ""in_force"", ""sindh"": ""in_force"", ""kp"": ""in_force"", ""balochistan"": ""in_force""}",,"Pakistan Code (pakistancode.gov.pk), Act No. V of 1908; https://pakistancode.gov.pk/pdffiles/administrator6598dabbad120033d4d42d717dcf9755.pdf",2026-09-23
CPC_1908,"Code of Civil Procedure, 1908",section,61,,CPC_1908_SEC_61,Section 61,Partial exemption of agricultural produce,"{""federal"": ""in_force"", ""punjab"": ""in_force"", ""sindh"": ""in_force"", ""kp"": ""in_force"", ""balochistan"": ""in_force""}",,"Pakistan Code (pakistancode.gov.pk), Act No. V of 1908; https://pakistancode.gov.pk/pdffiles/administrator6598dabbad120033d4d42d717dcf9755.pdf",2026-09-23
CPC_1908,"Code of Civil Procedure, 1908",section,62,,CPC_1908_SEC_62,Section 62,Seizure of property in dwelling­house,"{""federal"": ""in_force"", ""punjab"": ""in_force"", ""sindh"": ""in_force"", ""kp"": ""in_force"", ""balochistan"": ""in_force""}",,"Pakistan Code (pakistancode.gov.pk), Act No. V of 1908; https://pakistancode.gov.pk/pdffiles/administrator6598dabbad120033d4d42d717dcf9755.pdf",2026-09-23
CPC_1908,"Code of Civil Procedure, 1908",section,63,,CPC_1908_SEC_63,Section 63,Property attached in execution of decrees of several Courts,"{""federal"": ""in_force"", ""punjab"": ""in_force"", ""sindh"": ""in_force"", ""kp"": ""in_force"", ""balochistan"": ""in_force""}",,"Pakistan Code (pakistancode.gov.pk), Act No. V of 1908; https://pakistancode.gov.pk/pdffiles/administrator6598dabbad120033d4d42d717dcf9755.pdf",2026-09-23
CPC_1908,"Code of Civil Procedure, 1908",section,64,,CPC_1908_SEC_64,Section 64,Private alienation of property after attachment to be void,"{""federal"": ""in_force"", ""punjab"": ""in_force"", ""sindh"": ""in_force"", ""kp"": ""in_force"", ""balochistan"": ""in_force""}",,"Pakistan Code (pakistancode.gov.pk), Act No. V of 1908; https://pakistancode.gov.pk/pdffiles/administrator6598dabbad120033d4d42d717dcf9755.pdf",2026-09-23
CPC_1908,"Code of Civil Procedure, 1908",section,65,,CPC_1908_SEC_65,Section 65,Purchaser’s title,"{""federal"": ""in_force"", ""punjab"": ""in_force"", ""sindh"": ""in_force"", ""kp"": ""in_force"", ""balochistan"": ""in_force""}",,"Pakistan Code (pakistancode.gov.pk), Act No. V of 1908; https://pakistancode.gov.pk/pdffiles/administrator6598dabbad120033d4d42d717dcf9755.pdf",2026-09-23
CPC_1908,"Code of Civil Procedure, 1908",section,66,,CPC_1908_SEC_66,Section 66,Suit against purchaser not maintainable on ground of purchase being on behalf of plaintiff,"{""federal"": ""in_force"", ""punjab"": ""in_force"", ""sindh"": ""in_force"", ""kp"": ""in_force"", ""balochistan"": ""in_force""}",,"Pakistan Code (pakistancode.gov.pk), Act No. V of 1908; https://pakistancode.gov.pk/pdffiles/administrator6598dabbad120033d4d42d717dcf9755.pdf",2026-09-23
CPC_1908,"Code of Civil Procedure, 1908",section,67,,CPC_1908_SEC_67,Section 67,Power for Provincial Government to make rules as to sales of land in execution of decrees for,"{""federal"": ""in_force"", ""punjab"": ""in_force"", ""sindh"": ""in_force"", ""kp"": ""in_force"", ""balochistan"": ""in_force""}",,"Pakistan Code (pakistancode.gov.pk), Act No. V of 1908; https://pakistancode.gov.pk/pdffiles/administrator6598dabbad120033d4d42d717dcf9755.pdf",2026-09-23
CPC_1908,"Code of Civil Procedure, 1908",section,68,,CPC_1908_SEC_68,Section 68,Power to prescribe rules for transferring to Collector execution of certain decrees,"{""federal"": ""in_force"", ""punjab"": ""in_force"", ""sindh"": ""in_force"", ""kp"": ""in_force"", ""balochistan"": ""in_force""}",,"Pakistan Code (pakistancode.gov.pk), Act No. V of 1908; https://pakistancode.gov.pk/pdffiles/administrator6598dabbad120033d4d42d717dcf9755.pdf",2026-09-23
CPC_1908,"Code of Civil Procedure, 1908",section,69,,CPC_1908_SEC_69,Section 69,Provisions of Third Schedule to apply,"{""federal"": ""in_force"", ""punjab"": ""in_force"", ""sindh"": ""in_force"", ""kp"": ""in_force"", ""balochistan"": ""in_force""}",,"Pakistan Code (pakistancode.gov.pk), Act No. V of 1908; https://pakistancode.gov.pk/pdffiles/administrator6598dabbad120033d4d42d717dcf9755.pdf",2026-09-23
CPC_1908,"Code of Civil Procedure, 1908",section,70,,CPC_1908_SEC_70,Section 70,Rules of procedure,"{""federal"": ""in_force"", ""punjab"": ""in_force"", ""sindh"": ""in_force"", ""kp"": ""in_force"", ""balochistan"": ""in_force""}",,"Pakistan Code (pakistancode.gov.pk), Act No. V of 1908; https://pakistancode.gov.pk/pdffiles/administrator6598dabbad120033d4d42d717dcf9755.pdf",2026-09-23
CPC_1908,"Code of Civil Procedure, 1908",section,71,,CPC_1908_SEC_71,Section 71,Collector deemed to be acting judicially,"{""federal"": ""in_force"", ""punjab"": ""in_force"", ""sindh"": ""in_force"", ""kp"": ""in_force"", ""balochistan"": ""in_force""}",,"Pakistan Code (pakistancode.gov.pk), Act No. V of 1908; https://pakistancode.gov.pk/pdffiles/administrator6598dabbad120033d4d42d717dcf9755.pdf",2026-09-23
CPC_1908,"Code of Civil Procedure, 1908",section,72,,CPC_1908_SEC_72,Section 72,Where Court may authroise Collector to stay public sale of land,"{""federal"": ""in_force"", ""punjab"": ""in_force"", ""sindh"": ""in_force"", ""kp"": ""in_force"", ""balochistan"": ""in_force""}",,"Pakistan Code (pakistancode.gov.pk), Act No. V of 1908; https://pakistancode.gov.pk/pdffiles/administrator6598dabbad120033d4d42d717dcf9755.pdf",2026-09-23
CPC_1908,"Code of Civil Procedure, 1908",section,73,,CPC_1908_SEC_73,Section 73,Proceeds of execution sale to be rateably distributed among decree­holders,"{""federal"": ""in_force"", ""punjab"": ""in_force"", ""sindh"": ""in_force"", ""kp"": ""in_force"", ""balochistan"": ""in_force""}",,"Pakistan Code (pakistancode.gov.pk), Act No. V of 1908; https://pakistancode.gov.pk/pdffiles/administrator6598dabbad120033d4d42d717dcf9755.pdf",2026-09-23
CPC_1908,"Code of Civil Procedure, 1908",section,74,,CPC_1908_SEC_74,Section 74,Resistance to execution,"{""federal"": ""in_force"", ""punjab"": ""in_force"", ""sindh"": ""in_force"", ""kp"": ""in_force"", ""balochistan"": ""in_force""}",,"Pakistan Code (pakistancode.gov.pk), Act No. V of 1908; https://pakistancode.gov.pk/pdffiles/administrator6598dabbad120033d4d42d717dcf9755.pdf",2026-09-23
CPC_1908,"Code of Civil Procedure, 1908",section,75,,CPC_1908_SEC_75,Section 75,Power of Court to issue commissions,"{""federal"": ""in_force"", ""punjab"": ""in_force"", ""sindh"": ""in_force"", ""kp"": ""in_force"", ""balochistan"": ""in_force""}",,"Pakistan Code (pakistancode.gov.pk), Act No. V of 1908; https://pakistancode.gov.pk/pdffiles/administrator6598dabbad120033d4d42d717dcf9755.pdf",2026-09-23
CPC_1908,"Code of Civil Procedure, 1908",section,75A,,CPC_1908_SEC_75A,Section 75A,[Omitted],"{""federal"": ""omitted"", ""punjab"": ""omitted"", ""sindh"": ""omitted"", ""kp"": ""omitted"", ""balochistan"": ""omitted""}",,"Pakistan Code (pakistancode.gov.pk), Act No. V of 1908; https://pakistancode.gov.pk/pdffiles/administrator6598dabbad120033d4d42d717dcf9755.pdf",2026-09-23
CPC_1908,"Code of Civil Procedure, 1908",section,76,,CPC_1908_SEC_76,Section 76,Commission to another Court,"{""federal"": ""in_force"", ""punjab"": ""in_force"", ""sindh"": ""in_force"", ""kp"": ""in_force"", ""balochistan"": ""in_force""}",,"Pakistan Code (pakistancode.gov.pk), Act No. V of 1908; https://pakistancode.gov.pk/pdffiles/administrator6598dabbad120033d4d42d717dcf9755.pdf",2026-09-23
CPC_1908,"Code of Civil Procedure, 1908",section,77,,CPC_1908_SEC_77,Section 77,Letter of request,"{""federal"": ""in_force"", ""punjab"": ""in_force"", ""sindh"": ""in_force"", ""kp"": ""in_force"", ""balochistan"": ""in_force""}",,"Pakistan Code (pakistancode.gov.pk), Act No. V of 1908; https://pakistancode.gov.pk/pdffiles/administrator6598dabbad120033d4d42d717dcf9755.pdf",2026-09-23
CPC_1908,"Code of Civil Procedure, 1908",section,78,,CPC_1908_SEC_78,Section 78,Commissions issued by foreign Courts,"{""federal"": ""in_force"", ""punjab"": ""in_force"", ""sindh"": ""in_force"", ""kp"": ""in_force"", ""balochistan"": ""in_force""}",,"Pakistan Code (pakistancode.gov.pk), Act No. V of 1908; https://pakistancode.gov.pk/pdffiles/administrator6598dabbad120033d4d42d717dcf9755.pdf",2026-09-23
CPC_1908,"Code of Civil Procedure, 1908",section,79,,CPC_1908_SEC_79,Section 79,Suits by or against the Government,"{""federal"": ""in_force"", ""punjab"": ""in_force"", ""sindh"": ""in_force"", ""kp"": ""in_force"", ""balochistan"": ""in_force""}",,"Pakistan Code (pakistancode.gov.pk), Act No. V of 1908; https://pakistancode.gov.pk/pdffiles/administrator6598dabbad120033d4d42d717dcf9755.pdf",2026-09-23
CPC_1908,"Code of Civil Procedure, 1908",section,80,,CPC_1908_SEC_80,Section 80,Notice,"{""federal"": ""in_force"", ""punjab"": ""in_force"", ""sindh"": ""in_force"", ""kp"": ""in_force"", ""balochistan"": ""in_force""}",,"Pakistan Code (pakistancode.gov.pk), Act No. V of 1908; https://pakistancode.gov.pk/pdffiles/administrator6598dabbad120033d4d42d717dcf9755.pdf",2026-09-23
CPC_1908,"Code of Civil Procedure, 1908",section,81,,CPC_1908_SEC_81,Section 81,Exemption from arrest and personal appearance,"{""federal"": ""in_force"", ""punjab"": ""in_force"", ""sindh"": ""in_force"", ""kp"": ""in_force"", ""balochistan"": ""in_force""}",,"Pakistan Code (pakistancode.gov.pk), Act No. V of 1908; https://pakistancode.gov.pk/pdffiles/administrator6598dabbad120033d4d42d717dcf9755.pdf",2026-09-23
CPC_1908,"Code of Civil Procedure, 1908",section,82,,CPC_1908_SEC_82,Section 82,Execution of decree,"{""federal"": ""in_force"", ""punjab"": ""in_force"", ""sindh"": ""in_force"", ""kp"": ""in_force"", ""balochistan"": ""in_force""}",,"Pakistan Code (pakistancode.gov.pk), Act No. V of 1908; https://pakistancode.gov.pk/pdffiles/administrator6598dabbad120033d4d42d717dcf9755.pdf",2026-09-23
CPC_1908,"Code of Civil Procedure, 1908",section,83,,CPC_1908_SEC_83,Section 83,When aliens may sue,"{""federal"": ""in_force"", ""punjab"": ""in_force"", ""sindh"": ""in_force"", ""kp"": ""in_force"", ""balochistan"": ""in_force""}",,"Pakistan Code (pakistancode.gov.pk), Act No. V of 1908; https://pakistancode.gov.pk/pdffiles/administrator6598dabbad120033d4d42d717dcf9755.pdf",2026-09-23
CPC_1908,"Code of Civil Procedure, 1908",section,84,,CPC_1908_SEC_84,Section 84,When foreign States may sue,"{""federal"": ""in_force"", ""punjab"": ""in_force"", ""sindh"": ""in_force"", ""kp"": ""in_force"", ""balochistan"": ""in_force""}",,"Pakistan Code (pakistancode.gov.pk), Act No. V of 1908; https://pakistancode.gov.pk/pdffiles/administrator6598dabbad120033d4d42d717dcf9755.pdf",2026-09-23
CPC_1908,"Code of Civil Procedure, 1908",section,85,,CPC_1908_SEC_85,Section 85,Persons specially appointed by Government to prosecute or defend for Ruler of foreign State,"{""federal"": ""in_force"", ""punjab"": ""in_force"", ""sindh"": ""in_force"", ""kp"": ""in_force"", ""balochistan"": ""in_force""}",,"Pakistan Code (pakistancode.gov.pk), Act No. V of 1908; https://pakistancode.gov.pk/pdffiles/administrator6598dabbad120033d4d42d717dcf9755.pdf",2026-09-23
CPC_1908,"Code of Civil Procedure, 1908",section,86,,CPC_1908_SEC_86,Section 86,[Omitted],"{""federal"": ""omitted"", ""punjab"": ""omitted"", ""sindh"": ""omitted"", ""kp"": ""omitted"", ""balochistan"": ""omitted""}",,"Pakistan Code (pakistancode.gov.pk), Act No. V of 1908; https://pakistancode.gov.pk/pdffiles/administrator6598dabbad120033d4d42d717dcf9755.pdf",2026-09-23
CPC_1908,"Code of Civil Procedure, 1908",section,86A,,CPC_1908_SEC_86A,Section 86A,Suits against diplomatic agents,"{""federal"": ""in_force"", ""punjab"": ""in_force"", ""sindh"": ""in_force"", ""kp"": ""in_force"", ""balochistan"": ""in_force""}",,"Pakistan Code (pakistancode.gov.pk), Act No. V of 1908; https://pakistancode.gov.pk/pdffiles/administrator6598dabbad120033d4d42d717dcf9755.pdf",2026-09-23
CPC_1908,"Code of Civil Procedure, 1908",section,87,,CPC_1908_SEC_87,Section 87,[Omitted],"{""federal"": ""omitted"", ""punjab"": ""omitted"", ""sindh"": ""omitted"", ""kp"": ""omitted"", ""balochistan"": ""omitted""}",,"Pakistan Code (pakistancode.gov.pk), Act No. V of 1908; https://pakistancode.gov.pk/pdffiles/administrator6598dabbad120033d4d42d717dcf9755.pdf",2026-09-23
CPC_1908,"Code of Civil Procedure, 1908",section,87A,,CPC_1908_SEC_87A,Section 87A,[Omitted],"{""federal"": ""omitted"", ""punjab"": ""omitted"", ""sindh"": ""omitted"", ""kp"": ""omitted"", ""balochistan"": ""omitted""}",,"Pakistan Code (pakistancode.gov.pk), Act No. V of 1908; https://pakistancode.gov.pk/pdffiles/administrator6598dabbad120033d4d42d717dcf9755.pdf",2026-09-23
CPC_1908,"Code of Civil Procedure, 1908",section,88,,CPC_1908_SEC_88,Section 88,Where inter pleader suit may be instituted,"{""federal"": ""in_force"", ""punjab"": ""in_force"", ""sindh"": ""in_force"", ""kp"": ""in_force"", ""balochistan"": ""in_force""}",,"Pakistan Code (pakistancode.gov.pk), Act No. V of 1908; https://pakistancode.gov.pk/pdffiles/administrator6598dabbad120033d4d42d717dcf9755.pdf",2026-09-23
CPC_1908,"Code of Civil Procedure, 1908",section,89,,CPC_1908_SEC_89,Section 89,[Omitted],"{""federal"": ""omitted"", ""punjab"": ""omitted"", ""sindh"": ""omitted"", ""kp"": ""omitted"", ""balochistan"": ""omitted""}",,"Pakistan Code (pakistancode.gov.pk), Act No. V of 1908; https://pakistancode.gov.pk/pdffiles/administrator6598dabbad120033d4d42d717dcf9755.pdf",2026-09-23
CPC_1908,"Code of Civil Procedure, 1908",section,89A,,CPC_1908_SEC_89A,Section 89A,Alternate dispute resolution,"{""federal"": ""in_force"", ""punjab"": ""in_force"", ""sindh"": ""in_force"", ""kp"": ""in_force"", ""balochistan"": ""in_force""}",,"Pakistan Code (pakistancode.gov.pk), Act No. V of 1908; https://pakistancode.gov.pk/pdffiles/administrator6598dabbad120033d4d42d717dcf9755.pdf",2026-09-23
CPC_1908,"Code of Civil Procedure, 1908",section,90,,CPC_1908_SEC_90,Section 90,Power to state case for opinion of Court,"{""federal"": ""in_force"", ""punjab"": ""in_force"", ""sindh"": ""in_force"", ""kp"": ""in_force"", ""balochistan"": ""in_force""}",,"Pakistan Code (pakistancode.gov.pk), Act No. V of 1908; https://pakistancode.gov.pk/pdffiles/administrator6598dabbad120033d4d42d717dcf9755.pdf",2026-09-23
CPC_1908,"Code of Civil Procedure, 1908",section,91,,CPC_1908_SEC_91,Section 91,Public nuisances,"{""federal"": ""in_force"", ""punjab"": ""in_force"", ""sindh"": ""in_force"", ""kp"": ""in_force"", ""balochistan"": ""in_force""}",,"Pakistan Code (pakistancode.gov.pk), Act No. V of 1908; https://pakistancode.gov.pk/pdffiles/administrator6598dabbad120033d4d42d717dcf9755.pdf",2026-09-23
CPC_1908,"Code of Civil Procedure, 1908",section,92,,CPC_1908_SEC_92,Section 92,Public charities,"{""federal"": ""in_force"", ""punjab"": ""in_force"", ""sindh"": ""in_force"", ""kp"": ""in_force"", ""balochistan"": ""in_force""}",,"Pakistan Code (pakistancode.gov.pk), Act No. V of 1908; https://pakistancode.gov.pk/pdffiles/administrator6598dabbad120033d4d42d717dcf9755.pdf",2026-09-23
CPC_1908,"Code of Civil Procedure, 1908",section,93,,CPC_1908_SEC_93,Section 93,Exercise of powers of Advocate General,"{""federal"": ""in_force"", ""punjab"": ""in_force"", ""sindh"": ""in_force"", ""kp"": ""in_force"", ""balochistan"": ""in_force""}",,"Pakistan Code (pakistancode.gov.pk), Act No. V of 1908; https://pakistancode.gov.pk/pdffiles/administrator6598dabbad120033d4d42d717dcf9755.pdf",2026-09-23
CPC_1908,"Code of Civil Procedure, 1908",section,94,,CPC_1908_SEC_94,Section 94,Supplemental Proceedings,"{""federal"": ""in_force"", ""punjab"": ""in_force"", ""sindh"": ""in_force"", ""kp"": ""in_force"", ""balochistan"": ""in_force""}",,"Pakistan Code (pakistancode.gov.pk), Act No. V of 1908; https://pakistancode.gov.pk/pdffiles/administrator6598dabbad120033d4d42d717dcf9755.pdf",2026-09-23
CPC_1908,"Code of Civil Procedure, 1908",section,95,,CPC_1908_SEC_95,Section 95,"Compensation, for obtaining arrest, attachment or injunction on in sufficient grounds","{""federal"": ""in_force"", ""punjab"": ""in_force"", ""sindh"": ""in_force"", ""kp"": ""in_force"", ""balochistan"": ""in_force""}",,"Pakistan Code (pakistancode.gov.pk), Act No. V of 1908; https://pakistancode.gov.pk/pdffiles/administrator6598dabbad120033d4d42d717dcf9755.pdf",2026-09-23
CPC_1908,"Code of Civil Procedure, 1908",section,96,,CPC_1908_SEC_96,Section 96,Appeal from original decree,"{""federal"": ""in_force"", ""punjab"": ""in_force"", ""sindh"": ""in_force"", ""kp"": ""in_force"", ""balochistan"": ""in_force""}",,"Pakistan Code (pakistancode.gov.pk), Act No. V of 1908; https://pakistancode.gov.pk/pdffiles/administrator6598dabbad120033d4d42d717dcf9755.pdf",2026-09-23
CPC_1908,"Code of Civil Procedure, 1908",section,97,,CPC_1908_SEC_97,Section 97,Appeal from final decree where no appeal from preliminary decree,"{""federal"": ""in_force"", ""punjab"": ""in_force"", ""sindh"": ""in_force"", ""kp"": ""in_force"", ""balochistan"": ""in_force""}",,"Pakistan Code (pakistancode.gov.pk), Act No. V of 1908; https://pakistancode.gov.pk/pdffiles/administrator6598dabbad120033d4d42d717dcf9755.pdf",2026-09-23
CPC_1908,"Code of Civil Procedure, 1908",section,98,,CPC_1908_SEC_98,Section 98,Decision where appeal heard by two or more Judges,"{""federal"": ""in_force"", ""punjab"": ""in_force"", ""sindh"": ""in_force"", ""kp"": ""in_force"", ""balochistan"": ""in_force""}",,"Pakistan Code (pakistancode.gov.pk), Act No. V of 1908; https://pakistancode.gov.pk/pdffiles/administrator6598dabbad120033d4d42d717dcf9755.pdf",2026-09-23
CPC_1908,"Code of Civil Procedure, 1908",section,99,,CPC_1908_SEC_99,Section 99,No decree to be reversed or modified for error or irregularity not affecting merits or jurisdiction,"{""federal"": ""in_force"", ""punjab"": ""in_force"", ""sindh"": ""in_force"", ""kp"": ""in_force"", ""balochistan"": ""in_force""}",,"Pakistan Code (pakistancode.gov.pk), Act No. V of 1908; https://pakistancode.gov.pk/pdffiles/administrator6598dabbad120033d4d42d717dcf9755.pdf",2026-09-23
CPC_1908,"Code of Civil Procedure, 1908",section,100,,CPC_1908_SEC_100,Section 100,Second appeal,"{""federal"": ""in_force"", ""punjab"": ""in_force"", ""sindh"": ""in_force"", ""kp"": ""in_force"", ""balochistan"": ""in_force""}",,"Pakistan Code (pakistancode.gov.pk), Act No. V of 1908; https://pakistancode.gov.pk/pdffiles/administrator6598dabbad120033d4d42d717dcf9755.pdf",2026-09-23
CPC_1908,"Code of Civil Procedure, 1908",section,101,,CPC_1908_SEC_101,Section 101,Second appeal on no other grounds,"{""federal"": ""in_force"", ""punjab"": ""in_force"", ""sindh"": ""in_force"", ""kp"": ""in_force"", ""balochistan"": ""in_force""}",,"Pakistan Code (pakistancode.gov.pk), Act No. V of 1908; https://pakistancode.gov.pk/pdffiles/administrator6598dabbad120033d4d42d717dcf9755.pdf",2026-09-23
CPC_1908,"Code of Civil Procedure, 1908",section,102,,CPC_1908_SEC_102,Section 102,No second appeal in certain cases,"{""federal"": ""in_force"", ""punjab"": ""in_force"", ""sindh"": ""in_force"", ""kp"": ""in_force"", ""balochistan"": ""in_force""}",,"Pakistan Code (pakistancode.gov.pk), Act No. V of 1908; https://pakistancode.gov.pk/pdffiles/administrator6598dabbad120033d4d42d717dcf9755.pdf",2026-09-23
CPC_1908,"Code of Civil Procedure, 1908",section,103,,CPC_1908_SEC_103,Section 103,Power of High Court to determine issues of fact,"{""federal"": ""in_force"", ""punjab"": ""in_force"", ""sindh"": ""in_force"", ""kp"": ""in_force"", ""balochistan"": ""in_force""}",,"Pakistan Code (pakistancode.gov.pk), Act No. V of 1908; https://pakistancode.gov.pk/pdffiles/administrator6598dabbad120033d4d42d717dcf9755.pdf",2026-09-23
CPC_1908,"Code of Civil Procedure, 1908",section,104,,CPC_1908_SEC_104,Section 104,Orders from which appeal lies,"{""federal"": ""in_force"", ""punjab"": ""in_force"", ""sindh"": ""in_force"", ""kp"": ""in_force"", ""balochistan"": ""in_force""}",,"Pakistan Code (pakistancode.gov.pk), Act No. V of 1908; https://pakistancode.gov.pk/pdffiles/administrator6598dabbad120033d4d42d717dcf9755.pdf",2026-09-23
CPC_1908,"Code of Civil Procedure, 1908",section,105,,CPC_1908_SEC_105,Section 105,Others order,"{""federal"": ""in_force"", ""punjab"": ""in_force"", ""sindh"": ""in_force"", ""kp"": ""in_force"", ""balochistan"": ""in_force""}",,"Pakistan Code (pakistancode.gov.pk), Act No. V of 1908; https://pakistancode.gov.pk/pdffiles/administrator6598dabbad120033d4d42d717dcf9755.pdf",2026-09-23
CPC_1908,"Code of Civil Procedure, 1908",section,106,,CPC_1908_SEC_106,Section 106,What Courts to hear appeals,"{""federal"": ""in_force"", ""punjab"": ""in_force"", ""sindh"": ""in_force"", ""kp"": ""in_force"", ""balochistan"": ""in_force""}",,"Pakistan Code (pakistancode.gov.pk), Act No. V of 1908; https://pakistancode.gov.pk/pdffiles/administrator6598dabbad120033d4d42d717dcf9755.pdf",2026-09-23
CPC_1908,"Code of Civil Procedure, 1908",section,107,,CPC_1908_SEC_107,Section 107,Powers of Appellate Court,"{""federal"": ""in_force"", ""punjab"": ""in_force"", ""sindh"": ""in_force"", ""kp"": ""in_force"", ""balochistan"": ""in_force""}",,"Pakistan Code (pakistancode.gov.pk), Act No. V of 1908; https://pakistancode.gov.pk/pdffiles/administrator6598dabbad120033d4d42d717dcf9755.pdf",2026-09-23
CPC_1908,"Code of Civil Procedure, 1908",section,108,,CPC_1908_SEC_108,Section 108,Procedure in appeals from appellate decrees and orders,"{""federal"": ""in_force"", ""punjab"": ""in_force"", ""sindh"": ""in_force"", ""kp"": ""in_force"", ""balochistan"": ""in_force""}",,"Pakistan Code (pakistancode.gov.pk), Act No. V of 1908; https://pakistancode.gov.pk/pdffiles/administrator6598dabbad120033d4d42d717dcf9755.pdf",2026-09-23
CPC_1908,"Code of Civil Procedure, 1908",section,109,,CPC_1908_SEC_109,Section 109,"When appeals, lie to the Supreme Court","{""federal"": ""in_force"", ""punjab"": ""in_force"", ""sindh"": ""in_force"", ""kp"": ""in_force"", ""balochistan"": ""in_force""}",,"Pakistan Code (pakistancode.gov.pk), Act No. V of 1908; https://pakistancode.gov.pk/pdffiles/administrator6598dabbad120033d4d42d717dcf9755.pdf",2026-09-23
CPC_1908,"Code of Civil Procedure, 1908",section,110,,CPC_1908_SEC_110,Section 110,[Omitted],"{""federal"": ""omitted"", ""punjab"": ""omitted"", ""sindh"": ""omitted"", ""kp"": ""omitted"", ""balochistan"": ""omitted""}",,"Pakistan Code (pakistancode.gov.pk), Act No. V of 1908; https://pakistancode.gov.pk/pdffiles/administrator6598dabbad120033d4d42d717dcf9755.pdf",2026-09-23
CPC_1908,"Code of Civil Procedure, 1908",section,111,,CPC_1908_SEC_111,Section 111,Bar of certain appeals,"{""federal"": ""in_force"", ""punjab"": ""in_force"", ""sindh"": ""in_force"", ""kp"": ""in_force"", ""balochistan"": ""in_force""}",,"Pakistan Code (pakistancode.gov.pk), Act No. V of 1908; https://pakistancode.gov.pk/pdffiles/administrator6598dabbad120033d4d42d717dcf9755.pdf",2026-09-23
CPC_1908,"Code of Civil Procedure, 1908",section,111A,,CPC_1908_SEC_111A,Section 111A,[Omitted],"{""federal"": ""omitted"", ""punjab"": ""omitted"", ""sindh"": ""omitted"", ""kp"": ""omitted"", ""balochistan"": ""omitted""}",,"Pakistan Code (pakistancode.gov.pk), Act No. V of 1908; https://pakistancode.gov.pk/pdffiles/administrator6598dabbad120033d4d42d717dcf9755.pdf",2026-09-23
CPC_1908,"Code of Civil Procedure, 1908",section,112,,CPC_1908_SEC_112,Section 112,Savings,"{""federal"": ""in_force"", ""punjab"": ""in_force"", ""sindh"": ""in_force"", ""kp"": ""in_force"", ""balochistan"": ""in_force""}",,"Pakistan Code (pakistancode.gov.pk), Act No. V of 1908; https://pakistancode.gov.pk/pdffiles/administrator6598dabbad120033d4d42d717dcf9755.pdf",2026-09-23
CPC_1908,"Code of Civil Procedure, 1908",section,113,,CPC_1908_SEC_113,Section 113,Reference to High Court,"{""federal"": ""in_force"", ""punjab"": ""in_force"", ""sindh"": ""in_force"", ""kp"": ""in_force"", ""balochistan"": ""in_force""}",,"Pakistan Code (pakistancode.gov.pk), Act No. V of 1908; https://pakistancode.gov.pk/pdffiles/administrator6598dabbad120033d4d42d717dcf9755.pdf",2026-09-23
CPC_1908,"Code of Civil Procedure, 1908",section,114,,CPC_1908_SEC_114,Section 114,Review,"{""federal"": ""in_force"", ""punjab"": ""in_force"", ""sindh"": ""in_force"", ""kp"": ""in_force"", ""balochistan"": ""in_force""}",,"Pakistan Code (pakistancode.gov.pk), Act No. V of 1908; https://pakistancode.gov.pk/pdffiles/administrator6598dabbad120033d4d42d717dcf9755.pdf",2026-09-23
CPC_1908,"Code of Civil Procedure, 1908",section,115,,CPC_1908_SEC_115,Section 115,Revision,"{""federal"": ""in_force"", ""punjab"": ""in_force"", ""sindh"": ""in_force"", ""kp"": ""in_force"", ""balochistan"": ""in_force""}",,"Pakistan Code (pakistancode.gov.pk), Act No. V of 1908; https://pakistancode.gov.pk/pdffiles/administrator6598dabbad120033d4d42d717dcf9755.pdf",2026-09-23
CPC_1908,"Code of Civil Procedure, 1908",section,116,,CPC_1908_SEC_116,Section 116,Part to apply only to certain High Courts,"{""federal"": ""in_force"", ""punjab"": ""in_force"", ""sindh"": ""in_force"", ""kp"": ""in_force"", ""balochistan"": ""in_force""}",,"Pakistan Code (pakistancode.gov.pk), Act No. V of 1908; https://pakistancode.gov.pk/pdffiles/administrator6598dabbad120033d4d42d717dcf9755.pdf",2026-09-23
CPC_1908,"Code of Civil Procedure, 1908",section,117,,CPC_1908_SEC_117,Section 117,Application of Code to High Courts,"{""federal"": ""in_force"", ""punjab"": ""in_force"", ""sindh"": ""in_force"", ""kp"": ""in_force"", ""balochistan"": ""in_force""}",,"Pakistan Code (pakistancode.gov.pk), Act No. V of 1908; https://pakistancode.gov.pk/pdffiles/administrator6598dabbad120033d4d42d717dcf9755.pdf",2026-09-23
CPC_1908,"Code of Civil Procedure, 1908",section,118,,CPC_1908_SEC_118,Section 118,Execution of decree before ascertainment of costs,"{""federal"": ""in_force"", ""punjab"": ""in_force"", ""sindh"": ""in_force"", ""kp"": ""in_force"", ""balochistan"": ""in_force""}",,"Pakistan Code (pakistancode.gov.pk), Act No. V of 1908; https://pakistancode.gov.pk/pdffiles/administrator6598dabbad120033d4d42d717dcf9755.pdf",2026-09-23
CPC_1908,"Code of Civil Procedure, 1908",section,119,,CPC_1908_SEC_119,Section 119,Unauthorised persons not to address Courts,"{""federal"": ""in_force"", ""punjab"": ""in_force"", ""sindh"": ""in_force"", ""kp"": ""in_force"", ""balochistan"": ""in_force""}",,"Pakistan Code (pakistancode.gov.pk), Act No. V of 1908; https://pakistancode.gov.pk/pdffiles/administrator6598dabbad120033d4d42d717dcf9755.pdf",2026-09-23
CPC_1908,"Code of Civil Procedure, 1908",section,120,,CPC_1908_SEC_120,Section 120,Provisions not applicable to High Court in original   civil jurisdiction,"{""federal"": ""in_force"", ""punjab"": ""in_force"", ""sindh"": ""in_force"", ""kp"": ""in_force"", ""balochistan"": ""in_force""}",,"Pakistan Code (pakistancode.gov.pk), Act No. V of 1908; https://pakistancode.gov.pk/pdffiles/administrator6598dabbad120033d4d42d717dcf9755.pdf",2026-09-23
CPC_1908,"Code of Civil Procedure, 1908",section,121,,CPC_1908_SEC_121,Section 121,Effect of rules in First Schedule,"{""federal"": ""in_force"", ""punjab"": ""in_force"", ""sindh"": ""in_force"", ""kp"": ""in_force"", ""balochistan"": ""in_force""}",,"Pakistan Code (pakistancode.gov.pk), Act No. V of 1908; https://pakistancode.gov.pk/pdffiles/administrator6598dabbad120033d4d42d717dcf9755.pdf",2026-09-23
CPC_1908,"Code of Civil Procedure, 1908",section,122,,CPC_1908_SEC_122,Section 122,Power of certain High Courts to make rules,"{""federal"": ""in_force"", ""punjab"": ""in_force"", ""sindh"": ""in_force"", ""kp"": ""in_force"", ""balochistan"": ""in_force""}",,"Pakistan Code (pakistancode.gov.pk), Act No. V of 1908; https://pakistancode.gov.pk/pdffiles/administrator6598dabbad120033d4d42d717dcf9755.pdf",2026-09-23
CPC_1908,"Code of Civil Procedure, 1908",section,123,,CPC_1908_SEC_123,Section 123,Constitution of Rules Committees in certain Provinces,"{""federal"": ""in_force"", ""punjab"": ""in_force"", ""sindh"": ""in_force"", ""kp"": ""in_force"", ""balochistan"": ""in_force""}",,"Pakistan Code (pakistancode.gov.pk), Act No. V of 1908; https://pakistancode.gov.pk/pdffiles/administrator6598dabbad120033d4d42d717dcf9755.pdf",2026-09-23
CPC_1908,"Code of Civil Procedure, 1908",section,124,,CPC_1908_SEC_124,Section 124,Committee to report to High Court,"{""federal"": ""in_force"", ""punjab"": ""in_force"", ""sindh"": ""in_force"", ""kp"": ""in_force"", ""balochistan"": ""in_force""}",,"Pakistan Code (pakistancode.gov.pk), Act No. V of 1908; https://pakistancode.gov.pk/pdffiles/administrator6598dabbad120033d4d42d717dcf9755.pdf",2026-09-23
CPC_1908,"Code of Civil Procedure, 1908",section,125,,CPC_1908_SEC_125,Section 125,[Omitted],"{""federal"": ""omitted"", ""punjab"": ""omitted"", ""sindh"": ""omitted"", ""kp"": ""omitted"", ""balochistan"": ""omitted""}",,"Pakistan Code (pakistancode.gov.pk), Act No. V of 1908; https://pakistancode.gov.pk/pdffiles/administrator6598dabbad120033d4d42d717dcf9755.pdf",2026-09-23
CPC_1908,"Code of Civil Procedure, 1908",section,126,,CPC_1908_SEC_126,Section 126,Rules to be subject to approval,"{""federal"": ""in_force"", ""punjab"": ""in_force"", ""sindh"": ""in_force"", ""kp"": ""in_force"", ""balochistan"": ""in_force""}",,"Pakistan Code (pakistancode.gov.pk), Act No. V of 1908; https://pakistancode.gov.pk/pdffiles/administrator6598dabbad120033d4d42d717dcf9755.pdf",2026-09-23
CPC_1908,"Code of Civil Procedure, 1908",section,127,,CPC_1908_SEC_127,Section 127,Publication of rules,"{""federal"": ""in_force"", ""punjab"": ""in_force"", ""sindh"": ""in_force"", ""kp"": ""in_force"", ""balochistan"": ""in_force""}",,"Pakistan Code (pakistancode.gov.pk), Act No. V of 1908; https://pakistancode.gov.pk/pdffiles/administrator6598dabbad120033d4d42d717dcf9755.pdf",2026-09-23
CPC_1908,"Code of Civil Procedure, 1908",section,128,,CPC_1908_SEC_128,Section 128,Matters for which rules may provide,"{""federal"": ""in_force"", ""punjab"": ""in_force"", ""sindh"": ""in_force"", ""kp"": ""in_force"", ""balochistan"": ""in_force""}",,"Pakistan Code (pakistancode.gov.pk), Act No. V of 1908; https://pakistancode.gov.pk/pdffiles/administrator6598dabbad120033d4d42d717dcf9755.pdf",2026-09-23
CPC_1908,"Code of Civil Procedure, 1908",section,129,,CPC_1908_SEC_129,Section 129,Power of the High Courts to make rules as to their original civil procedure,"{""federal"": ""in_force"", ""punjab"": ""in_force"", ""sindh"": ""in_force"", ""kp"": ""in_force"", ""balochistan"": ""in_force""}",,"Pakistan Code (pakistancode.gov.pk), Act No. V of 1908; https://pakistancode.gov.pk/pdffiles/administrator6598dabbad120033d4d42d717dcf9755.pdf",2026-09-23
CPC_1908,"Code of Civil Procedure, 1908",section,130,,CPC_1908_SEC_130,Section 130,[Omitted],"{""federal"": ""omitted"", ""punjab"": ""omitted"", ""sindh"": ""omitted"", ""kp"": ""omitted"", ""balochistan"": ""omitted""}",,"Pakistan Code (pakistancode.gov.pk), Act No. V of 1908; https://pakistancode.gov.pk/pdffiles/administrator6598dabbad120033d4d42d717dcf9755.pdf",2026-09-23
CPC_1908,"Code of Civil Procedure, 1908",section,131,,CPC_1908_SEC_131,Section 131,Publication of rules,"{""federal"": ""in_force"", ""punjab"": ""in_force"", ""sindh"": ""in_force"", ""kp"": ""in_force"", ""balochistan"": ""in_force""}",,"Pakistan Code (pakistancode.gov.pk), Act No. V of 1908; https://pakistancode.gov.pk/pdffiles/administrator6598dabbad120033d4d42d717dcf9755.pdf",2026-09-23
CPC_1908,"Code of Civil Procedure, 1908",section,132,,CPC_1908_SEC_132,Section 132,Exemption of certain women from personal appearance,"{""federal"": ""in_force"", ""punjab"": ""in_force"", ""sindh"": ""in_force"", ""kp"": ""in_force"", ""balochistan"": ""in_force""}",,"Pakistan Code (pakistancode.gov.pk), Act No. V of 1908; https://pakistancode.gov.pk/pdffiles/administrator6598dabbad120033d4d42d717dcf9755.pdf",2026-09-23
CPC_1908,"Code of Civil Procedure, 1908",section,133,,CPC_1908_SEC_133,Section 133,Exemption of other persons,"{""federal"": ""in_force"", ""punjab"": ""in_force"", ""sindh"": ""in_force"", ""kp"": ""in_force"", ""balochistan"": ""in_force""}",,"Pakistan Code (pakistancode.gov.pk), Act No. V of 1908; https://pakistancode.gov.pk/pdffiles/administrator6598dabbad120033d4d42d717dcf9755.pdf",2026-09-23
CPC_1908,"Code of Civil Procedure, 1908",section,134,,CPC_1908_SEC_134,Section 134,Arrest other than in execution of decree,"{""federal"": ""in_force"", ""punjab"": ""in_force"", ""sindh"": ""in_force"", ""kp"": ""in_force"", ""balochistan"": ""in_force""}",,"Pakistan Code (pakistancode.gov.pk), Act No. V of 1908; https://pakistancode.gov.pk/pdffiles/administrator6598dabbad120033d4d42d717dcf9755.pdf",2026-09-23
CPC_1908,"Code of Civil Procedure, 1908",section,135,,CPC_1908_SEC_135,Section 135,Exemption from arrest under civil process,"{""federal"": ""in_force"", ""punjab"": ""in_force"", ""sindh"": ""in_force"", ""kp"": ""in_force"", ""balochistan"": ""in_force""}",,"Pakistan Code (pakistancode.gov.pk), Act No. V of 1908; https://pakistancode.gov.pk/pdffiles/administrator6598dabbad120033d4d42d717dcf9755.pdf",2026-09-23
CPC_1908,"Code of Civil Procedure, 1908",section,135A,,CPC_1908_SEC_135A,Section 135A,Exemption of members of Legislative bodies from arrest and detention under civil process,"{""federal"": ""in_force"", ""punjab"": ""in_force"", ""sindh"": ""in_force"", ""kp"": ""in_force"", ""balochistan"": ""in_force""}",,"Pakistan Code (pakistancode.gov.pk), Act No. V of 1908; https://pakistancode.gov.pk/pdffiles/administrator6598dabbad120033d4d42d717dcf9755.pdf",2026-09-23
CPC_1908,"Code of Civil Procedure, 1908",section,136,,CPC_1908_SEC_136,Section 136,Procedure where person to be arrested or property to be attached is outside district,"{""federal"": ""in_force"", ""punjab"": ""in_force"", ""sindh"": ""in_force"", ""kp"": ""in_force"", ""balochistan"": ""in_force""}",,"Pakistan Code (pakistancode.gov.pk), Act No. V of 1908; https://pakistancode.gov.pk/pdffiles/administrator6598dabbad120033d4d42d717dcf9755.pdf",2026-09-23
CPC_1908,"Code of Civil Procedure, 1908",section,137,,CPC_1908_SEC_137,Section 137,Language of subordinate Courts,"{""federal"": ""in_force"", ""punjab"": ""in_force"", ""sindh"": ""in_force"", ""kp"": ""in_force"", ""balochistan"": ""in_force""}",,"Pakistan Code (pakistancode.gov.pk), Act No. V of 1908; https://pakistancode.gov.pk/pdffiles/administrator6598dabbad120033d4d42d717dcf9755.pdf",2026-09-23
CPC_1908,"Code of Civil Procedure, 1908",section,138,,CPC_1908_SEC_138,Section 138,Power of High Court to require evidence to be recorded in English,"{""federal"": ""in_force"", ""punjab"": ""in_force"", ""sindh"": ""in_force"", ""kp"": ""in_force"", ""balochistan"": ""in_force""}",,"Pakistan Code (pakistancode.gov.pk), Act No. V of 1908; https://pakistancode.gov.pk/pdffiles/administrator6598dabbad120033d4d42d717dcf9755.pdf",2026-09-23
CPC_1908,"Code of Civil Procedure, 1908",section,139,,CPC_1908_SEC_139,Section 139,Oath on affidavit by whom to be administered,"{""federal"": ""in_force"", ""punjab"": ""in_force"", ""sindh"": ""in_force"", ""kp"": ""in_force"", ""balochistan"": ""in_force""}",,"Pakistan Code (pakistancode.gov.pk), Act No. V of 1908; https://pakistancode.gov.pk/pdffiles/administrator6598dabbad120033d4d42d717dcf9755.pdf",2026-09-23
CPC_1908,"Code of Civil Procedure, 1908",section,140,,CPC_1908_SEC_140,Section 140,"Assessors in causes of savages, etc","{""federal"": ""in_force"", ""punjab"": ""in_force"", ""sindh"": ""in_force"", ""kp"": ""in_force"", ""balochistan"": ""in_force""}",,"Pakistan Code (pakistancode.gov.pk), Act No. V of 1908; https://pakistancode.gov.pk/pdffiles/administrator6598dabbad120033d4d42d717dcf9755.pdf",2026-09-23
CPC_1908,"Code of Civil Procedure, 1908",section,141,,CPC_1908_SEC_141,Section 141,Miscellaneous proceedings,"{""federal"": ""in_force"", ""punjab"": ""in_force"", ""sindh"": ""in_force"", ""kp"": ""in_force"", ""balochistan"": ""in_force""}",,"Pakistan Code (pakistancode.gov.pk), Act No. V of 1908; https://pakistancode.gov.pk/pdffiles/administrator6598dabbad120033d4d42d717dcf9755.pdf",2026-09-23
CPC_1908,"Code of Civil Procedure, 1908",section,142,,CPC_1908_SEC_142,Section 142,Orders and notices to be in writing,"{""federal"": ""in_force"", ""punjab"": ""in_force"", ""sindh"": ""in_force"", ""kp"": ""in_force"", ""balochistan"": ""in_force""}",,"Pakistan Code (pakistancode.gov.pk), Act No. V of 1908; https://pakistancode.gov.pk/pdffiles/administrator6598dabbad120033d4d42d717dcf9755.pdf",2026-09-23
CPC_1908,"Code of Civil Procedure, 1908",section,143,,CPC_1908_SEC_143,Section 143,Postage,"{""federal"": ""in_force"", ""punjab"": ""in_force"", ""sindh"": ""in_force"", ""kp"": ""in_force"", ""balochistan"": ""in_force""}",,"Pakistan Code (pakistancode.gov.pk), Act No. V of 1908; https://pakistancode.gov.pk/pdffiles/administrator6598dabbad120033d4d42d717dcf9755.pdf",2026-09-23
CPC_1908,"Code of Civil Procedure, 1908",section,144,,CPC_1908_SEC_144,Section 144,Application for restitution,"{""federal"": ""in_force"", ""punjab"": ""in_force"", ""sindh"": ""in_force"", ""kp"": ""in_force"", ""balochistan"": ""in_force""}",,"Pakistan Code (pakistancode.gov.pk), Act No. V of 1908; https://pakistancode.gov.pk/pdffiles/administrator6598dabbad120033d4d42d717dcf9755.pdf",2026-09-23
CPC_1908,"Code of Civil Procedure, 1908",section,145,,CPC_1908_SEC_145,Section 145,Enforcement of liability of surety,"{""federal"": ""in_force"", ""punjab"": ""in_force"", ""sindh"": ""in_force"", ""kp"": ""in_force"", ""balochistan"": ""in_force""}",,"Pakistan Code (pakistancode.gov.pk), Act No. V of 1908; https://pakistancode.gov.pk/pdffiles/administrator6598dabbad120033d4d42d717dcf9755.pdf",2026-09-23
CPC_1908,"Code of Civil Procedure, 1908",section,146,,CPC_1908_SEC_146,Section 146,Proceedings by or against representatives,"{""federal"": ""in_force"", ""punjab"": ""in_force"", ""sindh"": ""in_force"", ""kp"": ""in_force"", ""balochistan"": ""in_force""}",,"Pakistan Code (pakistancode.gov.pk), Act No. V of 1908; https://pakistancode.gov.pk/pdffiles/administrator6598dabbad120033d4d42d717dcf9755.pdf",2026-09-23
CPC_1908,"Code of Civil Procedure, 1908",section,147,,CPC_1908_SEC_147,Section 147,Consent or agreement by person under disability,"{""federal"": ""in_force"", ""punjab"": ""in_force"", ""sindh"": ""in_force"", ""kp"": ""in_force"", ""balochistan"": ""in_force""}",,"Pakistan Code (pakistancode.gov.pk), Act No. V of 1908; https://pakistancode.gov.pk/pdffiles/administrator6598dabbad120033d4d42d717dcf9755.pdf",2026-09-23
CPC_1908,"Code of Civil Procedure, 1908",section,148,,CPC_1908_SEC_148,Section 148,Enlargement of time,"{""federal"": ""in_force"", ""punjab"": ""in_force"", ""sindh"": ""in_force"", ""kp"": ""in_force"", ""balochistan"": ""in_force""}",,"Pakistan Code (pakistancode.gov.pk), Act No. V of 1908; https://pakistancode.gov.pk/pdffiles/administrator6598dabbad120033d4d42d717dcf9755.pdf",2026-09-23
CPC_1908,"Code of Civil Procedure, 1908",section,149,,CPC_1908_SEC_149,Section 149,Power to make up deficiency of court­fees,"{""federal"": ""in_force"", ""punjab"": ""in_force"", ""sindh"": ""in_force"", ""kp"": ""in_force"", ""balochistan"": ""in_force""}",,"Pakistan Code (pakistancode.gov.pk), Act No. V of 1908; https://pakistancode.gov.pk/pdffiles/administrator6598dabbad120033d4d42d717dcf9755.pdf",2026-09-23
CPC_1908,"Code of Civil Procedure, 1908",section,150,,CPC_1908_SEC_150,Section 150,Transfer of business,"{""federal"": ""in_force"", ""punjab"": ""in_force"", ""sindh"": ""in_force"", ""kp"": ""in_force"", ""balochistan"": ""in_force""}",,"Pakistan Code (pakistancode.gov.pk), Act No. V of 1908; https://pakistancode.gov.pk/pdffiles/administrator6598dabbad120033d4d42d717dcf9755.pdf",2026-09-23
CPC_1908,"Code of Civil Procedure, 1908",section,151,,CPC_1908_SEC_151,Section 151,Saving of inherent powers of Court,"{""federal"": ""in_force"", ""punjab"": ""in_force"", ""sindh"": ""in_force"", ""kp"": ""in_force"", ""balochistan"": ""in_force""}",,"Pakistan Code (pakistancode.gov.pk), Act No. V of 1908; https://pakistancode.gov.pk/pdffiles/administrator6598dabbad120033d4d42d717dcf9755.pdf",2026-09-23
CPC_1908,"Code of Civil Procedure, 1908",section,152,,CPC_1908_SEC_152,Section 152,"Amendment of judgments, decrees or orders","{""federal"": ""in_force"", ""punjab"": ""in_force"", ""sindh"": ""in_force"", ""kp"": ""in_force"", ""balochistan"": ""in_force""}",,"Pakistan Code (pakistancode.gov.pk), Act No. V of 1908; https://pakistancode.gov.pk/pdffiles/administrator6598dabbad120033d4d42d717dcf9755.pdf",2026-09-23
CPC_1908,"Code of Civil Procedure, 1908",section,153,,CPC_1908_SEC_153,Section 153,General power to amend,"{""federal"": ""in_force"", ""punjab"": ""in_force"", ""sindh"": ""in_force"", ""kp"": ""in_force"", ""balochistan"": ""in_force""}",,"Pakistan Code (pakistancode.gov.pk), Act No. V of 1908; https://pakistancode.gov.pk/pdffiles/administrator6598dabbad120033d4d42d717dcf9755.pdf",2026-09-23
CPC_1908,"Code of Civil Procedure, 1908",section,154,,CPC_1908_SEC_154,Section 154,[Omitted],"{""federal"": ""omitted"", ""punjab"": ""omitted"", ""sindh"": ""omitted"", ""kp"": ""omitted"", ""balochistan"": ""omitted""}",,"Pakistan Code (pakistancode.gov.pk), Act No. V of 1908; https://pakistancode.gov.pk/pdffiles/administrator6598dabbad120033d4d42d717dcf9755.pdf",2026-09-23
CPC_1908,"Code of Civil Procedure, 1908",section,155,,CPC_1908_SEC_155,Section 155,[Omitted],"{""federal"": ""omitted"", ""punjab"": ""omitted"", ""sindh"": ""omitted"", ""kp"": ""omitted"", ""balochistan"": ""omitted""}",,"Pakistan Code (pakistancode.gov.pk), Act No. V of 1908; https://pakistancode.gov.pk/pdffiles/administrator6598dabbad120033d4d42d717dcf9755.pdf",2026-09-23
CPC_1908,"Code of Civil Procedure, 1908",section,156,,CPC_1908_SEC_156,Section 156,[Repealed],"{""federal"": ""repealed"", ""punjab"": ""repealed"", ""sindh"": ""repealed"", ""kp"": ""repealed"", ""balochistan"": ""repealed""}",,"Pakistan Code (pakistancode.gov.pk), Act No. V of 1908; https://pakistancode.gov.pk/pdffiles/administrator6598dabbad120033d4d42d717dcf9755.pdf",2026-09-23
CPC_1908,"Code of Civil Procedure, 1908",section,157,,CPC_1908_SEC_157,Section 157,Continuance of orders under repealed enactments,"{""federal"": ""in_force"", ""punjab"": ""in_force"", ""sindh"": ""in_force"", ""kp"": ""in_force"", ""balochistan"": ""in_force""}",,"Pakistan Code (pakistancode.gov.pk), Act No. V of 1908; https://pakistancode.gov.pk/pdffiles/administrator6598dabbad120033d4d42d717dcf9755.pdf",2026-09-23
CPC_1908,"Code of Civil Procedure, 1908",section,158,,CPC_1908_SEC_158,Section 158,Reference to Code of Civil Procedure and other repealed enactments,"{""federal"": ""in_force"", ""punjab"": ""in_force"", ""sindh"": ""in_force"", ""kp"": ""in_force"", ""balochistan"": ""in_force""}",,"Pakistan Code (pakistancode.gov.pk), Act No. V of 1908; https://pakistancode.gov.pk/pdffiles/administrator6598dabbad120033d4d42d717dcf9755.pdf",2026-09-23
CPC_1908,"Code of Civil Procedure, 1908",section,159,,CPC_1908_SEC_159,Section 159,Saving of proceedings,"{""federal"": ""in_force"", ""punjab"": ""in_force"", ""sindh"": ""in_force"", ""kp"": ""in_force"", ""balochistan"": ""in_force""}",,"Pakistan Code (pakistancode.gov.pk), Act No. V of 1908; https://pakistancode.gov.pk/pdffiles/administrator6598dabbad120033d4d42d717dcf9755.pdf",2026-09-23
CPC_1908,"Code of Civil Procedure, 1908",section,12,2,CPC_1908_SEC_12_2,Section 12(2),"Bar to further suit; application challenging validity of judgment, decree or order on ground of fraud, misrepresentation, or want of jurisdiction","{""federal"": ""in_force"", ""punjab"": ""in_force"", ""sindh"": ""in_force"", ""kp"": ""in_force"", ""balochistan"": ""in_force""}",,"Pakistan Code (pakistancode.gov.pk), Act No. V of 1908; https://pakistancode.gov.pk/pdffiles/administrator6598dabbad120033d4d42d717dcf9755.pdf",2026-09-23
CPC_1908,"Code of Civil Procedure, 1908",order_rule,I,1,CPC_1908_ORD_I_R_1,Order I Rule 1,PARTIES TO SUITS: Who may be joined as plaintiffs,"{""federal"": ""in_force"", ""punjab"": ""in_force"", ""sindh"": ""in_force"", ""kp"": ""in_force"", ""balochistan"": ""in_force""}",,"Pakistan Code (pakistancode.gov.pk), Act No. V of 1908; https://pakistancode.gov.pk/pdffiles/administrator6598dabbad120033d4d42d717dcf9755.pdf",2026-09-23
CPC_1908,"Code of Civil Procedure, 1908",order_rule,I,2,CPC_1908_ORD_I_R_2,Order I Rule 2,PARTIES TO SUITS: Power of Court to order separate trials,"{""federal"": ""in_force"", ""punjab"": ""in_force"", ""sindh"": ""in_force"", ""kp"": ""in_force"", ""balochistan"": ""in_force""}",,"Pakistan Code (pakistancode.gov.pk), Act No. V of 1908; https://pakistancode.gov.pk/pdffiles/administrator6598dabbad120033d4d42d717dcf9755.pdf",2026-09-23
CPC_1908,"Code of Civil Procedure, 1908",order_rule,I,3,CPC_1908_ORD_I_R_3,Order I Rule 3,PARTIES TO SUITS: Who may be joined as defendants,"{""federal"": ""in_force"", ""punjab"": ""in_force"", ""sindh"": ""in_force"", ""kp"": ""in_force"", ""balochistan"": ""in_force""}",,"Pakistan Code (pakistancode.gov.pk), Act No. V of 1908; https://pakistancode.gov.pk/pdffiles/administrator6598dabbad120033d4d42d717dcf9755.pdf",2026-09-23
CPC_1908,"Code of Civil Procedure, 1908",order_rule,I,4,CPC_1908_ORD_I_R_4,Order I Rule 4,PARTIES TO SUITS: Court may give judgement for or against one or more of joint parties,"{""federal"": ""in_force"", ""punjab"": ""in_force"", ""sindh"": ""in_force"", ""kp"": ""in_force"", ""balochistan"": ""in_force""}",,"Pakistan Code (pakistancode.gov.pk), Act No. V of 1908; https://pakistancode.gov.pk/pdffiles/administrator6598dabbad120033d4d42d717dcf9755.pdf",2026-09-23
CPC_1908,"Code of Civil Procedure, 1908",order_rule,I,5,CPC_1908_ORD_I_R_5,Order I Rule 5,PARTIES TO SUITS: Defendant need not be interested in all the relief claimed,"{""federal"": ""in_force"", ""punjab"": ""in_force"", ""sindh"": ""in_force"", ""kp"": ""in_force"", ""balochistan"": ""in_force""}",,"Pakistan Code (pakistancode.gov.pk), Act No. V of 1908; https://pakistancode.gov.pk/pdffiles/administrator6598dabbad120033d4d42d717dcf9755.pdf",2026-09-23
CPC_1908,"Code of Civil Procedure, 1908",order_rule,I,6,CPC_1908_ORD_I_R_6,Order I Rule 6,PARTIES TO SUITS: Joinder of parties liable on same contract,"{""federal"": ""in_force"", ""punjab"": ""in_force"", ""sindh"": ""in_force"", ""kp"": ""in_force"", ""balochistan"": ""in_force""}",,"Pakistan Code (pakistancode.gov.pk), Act No. V of 1908; https://pakistancode.gov.pk/pdffiles/administrator6598dabbad120033d4d42d717dcf9755.pdf",2026-09-23
CPC_1908,"Code of Civil Procedure, 1908",order_rule,I,7,CPC_1908_ORD_I_R_7,Order I Rule 7,PARTIES TO SUITS: When plaintiff in doubt from whom redress is to be sought,"{""federal"": ""in_force"", ""punjab"": ""in_force"", ""sindh"": ""in_force"", ""kp"": ""in_force"", ""balochistan"": ""in_force""}",,"Pakistan Code (pakistancode.gov.pk), Act No. V of 1908; https://pakistancode.gov.pk/pdffiles/administrator6598dabbad120033d4d42d717dcf9755.pdf",2026-09-23
CPC_1908,"Code of Civil Procedure, 1908",order_rule,I,8,CPC_1908_ORD_I_R_8,Order I Rule 8,PARTIES TO SUITS: One person may sue or defend on behalf of all in same interest.,"{""federal"": ""in_force"", ""punjab"": ""in_force"", ""sindh"": ""in_force"", ""kp"": ""in_force"", ""balochistan"": ""in_force""}",,"Pakistan Code (pakistancode.gov.pk), Act No. V of 1908; https://pakistancode.gov.pk/pdffiles/administrator6598dabbad120033d4d42d717dcf9755.pdf",2026-09-23
CPC_1908,"Code of Civil Procedure, 1908",order_rule,I,9,CPC_1908_ORD_I_R_9,Order I Rule 9,PARTIES TO SUITS: Misjoinder and nonjoinder,"{""federal"": ""in_force"", ""punjab"": ""in_force"", ""sindh"": ""in_force"", ""kp"": ""in_force"", ""balochistan"": ""in_force""}",,"Pakistan Code (pakistancode.gov.pk), Act No. V of 1908; https://pakistancode.gov.pk/pdffiles/administrator6598dabbad120033d4d42d717dcf9755.pdf",2026-09-23
CPC_1908,"Code of Civil Procedure, 1908",order_rule,I,10,CPC_1908_ORD_I_R_10,Order I Rule 10,PARTIES TO SUITS: Suit  in  name  of wrong plaintiff,"{""federal"": ""in_force"", ""punjab"": ""in_force"", ""sindh"": ""in_force"", ""kp"": ""in_force"", ""balochistan"": ""in_force""}",,"Pakistan Code (pakistancode.gov.pk), Act No. V of 1908; https://pakistancode.gov.pk/pdffiles/administrator6598dabbad120033d4d42d717dcf9755.pdf",2026-09-23
CPC_1908,"Code of Civil Procedure, 1908",order_rule,I,11,CPC_1908_ORD_I_R_11,Order I Rule 11,PARTIES TO SUITS: Conduct of suit,"{""federal"": ""in_force"", ""punjab"": ""in_force"", ""sindh"": ""in_force"", ""kp"": ""in_force"", ""balochistan"": ""in_force""}",,"Pakistan Code (pakistancode.gov.pk), Act No. V of 1908; https://pakistancode.gov.pk/pdffiles/administrator6598dabbad120033d4d42d717dcf9755.pdf",2026-09-23
CPC_1908,"Code of Civil Procedure, 1908",order_rule,I,12,CPC_1908_ORD_I_R_12,Order I Rule 12,PARTIES TO SUITS: Appearance of one of several plaintiffs of defendants for others,"{""federal"": ""in_force"", ""punjab"": ""in_force"", ""sindh"": ""in_force"", ""kp"": ""in_force"", ""balochistan"": ""in_force""}",,"Pakistan Code (pakistancode.gov.pk), Act No. V of 1908; https://pakistancode.gov.pk/pdffiles/administrator6598dabbad120033d4d42d717dcf9755.pdf",2026-09-23
CPC_1908,"Code of Civil Procedure, 1908",order_rule,I,13,CPC_1908_ORD_I_R_13,Order I Rule 13,PARTIES TO SUITS: Objections as to non­joinder or misjoinder,"{""federal"": ""in_force"", ""punjab"": ""in_force"", ""sindh"": ""in_force"", ""kp"": ""in_force"", ""balochistan"": ""in_force""}",,"Pakistan Code (pakistancode.gov.pk), Act No. V of 1908; https://pakistancode.gov.pk/pdffiles/administrator6598dabbad120033d4d42d717dcf9755.pdf",2026-09-23
CPC_1908,"Code of Civil Procedure, 1908",order_rule,II,1,CPC_1908_ORD_II_R_1,Order II Rule 1,FRAME OF SUIT: Frame of suit,"{""federal"": ""in_force"", ""punjab"": ""in_force"", ""sindh"": ""in_force"", ""kp"": ""in_force"", ""balochistan"": ""in_force""}",,"Pakistan Code (pakistancode.gov.pk), Act No. V of 1908; https://pakistancode.gov.pk/pdffiles/administrator6598dabbad120033d4d42d717dcf9755.pdf",2026-09-23
CPC_1908,"Code of Civil Procedure, 1908",order_rule,II,2,CPC_1908_ORD_II_R_2,Order II Rule 2,FRAME OF SUIT: Suit to include the whole claim,"{""federal"": ""in_force"", ""punjab"": ""in_force"", ""sindh"": ""in_force"", ""kp"": ""in_force"", ""balochistan"": ""in_force""}",,"Pakistan Code (pakistancode.gov.pk), Act No. V of 1908; https://pakistancode.gov.pk/pdffiles/administrator6598dabbad120033d4d42d717dcf9755.pdf",2026-09-23
CPC_1908,"Code of Civil Procedure, 1908",order_rule,II,3,CPC_1908_ORD_II_R_3,Order II Rule 3,FRAME OF SUIT: Joinder of causes of action.,"{""federal"": ""in_force"", ""punjab"": ""in_force"", ""sindh"": ""in_force"", ""kp"": ""in_force"", ""balochistan"": ""in_force""}",,"Pakistan Code (pakistancode.gov.pk), Act No. V of 1908; https://pakistancode.gov.pk/pdffiles/administrator6598dabbad120033d4d42d717dcf9755.pdf",2026-09-23
CPC_1908,"Code of Civil Procedure, 1908",order_rule,II,4,CPC_1908_ORD_II_R_4,Order II Rule 4,FRAME OF SUIT: Only certain claims to be joined for recovery of immoveable property,"{""federal"": ""in_force"", ""punjab"": ""in_force"", ""sindh"": ""in_force"", ""kp"": ""in_force"", ""balochistan"": ""in_force""}",,"Pakistan Code (pakistancode.gov.pk), Act No. V of 1908; https://pakistancode.gov.pk/pdffiles/administrator6598dabbad120033d4d42d717dcf9755.pdf",2026-09-23
CPC_1908,"Code of Civil Procedure, 1908",order_rule,II,5,CPC_1908_ORD_II_R_5,Order II Rule 5,"FRAME OF SUIT: Claims by or against executor, administrator or heir","{""federal"": ""in_force"", ""punjab"": ""in_force"", ""sindh"": ""in_force"", ""kp"": ""in_force"", ""balochistan"": ""in_force""}",,"Pakistan Code (pakistancode.gov.pk), Act No. V of 1908; https://pakistancode.gov.pk/pdffiles/administrator6598dabbad120033d4d42d717dcf9755.pdf",2026-09-23
CPC_1908,"Code of Civil Procedure, 1908",order_rule,II,6,CPC_1908_ORD_II_R_6,Order II Rule 6,FRAME OF SUIT: Power of Court to order separate trials,"{""federal"": ""in_force"", ""punjab"": ""in_force"", ""sindh"": ""in_force"", ""kp"": ""in_force"", ""balochistan"": ""in_force""}",,"Pakistan Code (pakistancode.gov.pk), Act No. V of 1908; https://pakistancode.gov.pk/pdffiles/administrator6598dabbad120033d4d42d717dcf9755.pdf",2026-09-23
CPC_1908,"Code of Civil Procedure, 1908",order_rule,II,7,CPC_1908_ORD_II_R_7,Order II Rule 7,FRAME OF SUIT: Objections as to misjoinder,"{""federal"": ""in_force"", ""punjab"": ""in_force"", ""sindh"": ""in_force"", ""kp"": ""in_force"", ""balochistan"": ""in_force""}",,"Pakistan Code (pakistancode.gov.pk), Act No. V of 1908; https://pakistancode.gov.pk/pdffiles/administrator6598dabbad120033d4d42d717dcf9755.pdf",2026-09-23
CPC_1908,"Code of Civil Procedure, 1908",order_rule,III,1,CPC_1908_ORD_III_R_1,Order III Rule 1,"RECOGNIZED AGENTS AND PLEADERS: Appearances etc., may be in person, by recognized agent or by pleader","{""federal"": ""in_force"", ""punjab"": ""in_force"", ""sindh"": ""in_force"", ""kp"": ""in_force"", ""balochistan"": ""in_force""}",,"Pakistan Code (pakistancode.gov.pk), Act No. V of 1908; https://pakistancode.gov.pk/pdffiles/administrator6598dabbad120033d4d42d717dcf9755.pdf",2026-09-23
CPC_1908,"Code of Civil Procedure, 1908",order_rule,III,2,CPC_1908_ORD_III_R_2,Order III Rule 2,RECOGNIZED AGENTS AND PLEADERS: Recognized agents,"{""federal"": ""in_force"", ""punjab"": ""in_force"", ""sindh"": ""in_force"", ""kp"": ""in_force"", ""balochistan"": ""in_force""}",,"Pakistan Code (pakistancode.gov.pk), Act No. V of 1908; https://pakistancode.gov.pk/pdffiles/administrator6598dabbad120033d4d42d717dcf9755.pdf",2026-09-23
CPC_1908,"Code of Civil Procedure, 1908",order_rule,III,3,CPC_1908_ORD_III_R_3,Order III Rule 3,RECOGNIZED AGENTS AND PLEADERS: Service of process on recognized agent,"{""federal"": ""in_force"", ""punjab"": ""in_force"", ""sindh"": ""in_force"", ""kp"": ""in_force"", ""balochistan"": ""in_force""}",,"Pakistan Code (pakistancode.gov.pk), Act No. V of 1908; https://pakistancode.gov.pk/pdffiles/administrator6598dabbad120033d4d42d717dcf9755.pdf",2026-09-23
CPC_1908,"Code of Civil Procedure, 1908",order_rule,III,4,CPC_1908_ORD_III_R_4,Order III Rule 4,RECOGNIZED AGENTS AND PLEADERS: Appointment of pleader,"{""federal"": ""in_force"", ""punjab"": ""in_force"", ""sindh"": ""in_force"", ""kp"": ""in_force"", ""balochistan"": ""in_force""}",,"Pakistan Code (pakistancode.gov.pk), Act No. V of 1908; https://pakistancode.gov.pk/pdffiles/administrator6598dabbad120033d4d42d717dcf9755.pdf",2026-09-23
CPC_1908,"Code of Civil Procedure, 1908",order_rule,III,5,CPC_1908_ORD_III_R_5,Order III Rule 5,RECOGNIZED AGENTS AND PLEADERS: Service of process on pleader,"{""federal"": ""in_force"", ""punjab"": ""in_force"", ""sindh"": ""in_force"", ""kp"": ""in_force"", ""balochistan"": ""in_force""}",,"Pakistan Code (pakistancode.gov.pk), Act No. V of 1908; https://pakistancode.gov.pk/pdffiles/administrator6598dabbad120033d4d42d717dcf9755.pdf",2026-09-23
CPC_1908,"Code of Civil Procedure, 1908",order_rule,III,6,CPC_1908_ORD_III_R_6,Order III Rule 6,RECOGNIZED AGENTS AND PLEADERS: Agent to accept service,"{""federal"": ""in_force"", ""punjab"": ""in_force"", ""sindh"": ""in_force"", ""kp"": ""in_force"", ""balochistan"": ""in_force""}",,"Pakistan Code (pakistancode.gov.pk), Act No. V of 1908; https://pakistancode.gov.pk/pdffiles/administrator6598dabbad120033d4d42d717dcf9755.pdf",2026-09-23
CPC_1908,"Code of Civil Procedure, 1908",order_rule,IV,1,CPC_1908_ORD_IV_R_1,Order IV Rule 1,INSTITUTION OF SUITS: Suit to be commenced by plaint,"{""federal"": ""in_force"", ""punjab"": ""in_force"", ""sindh"": ""in_force"", ""kp"": ""in_force"", ""balochistan"": ""in_force""}",,"Pakistan Code (pakistancode.gov.pk), Act No. V of 1908; https://pakistancode.gov.pk/pdffiles/administrator6598dabbad120033d4d42d717dcf9755.pdf",2026-09-23
CPC_1908,"Code of Civil Procedure, 1908",order_rule,IV,2,CPC_1908_ORD_IV_R_2,Order IV Rule 2,INSTITUTION OF SUITS: Register of suits,"{""federal"": ""in_force"", ""punjab"": ""in_force"", ""sindh"": ""in_force"", ""kp"": ""in_force"", ""balochistan"": ""in_force""}",,"Pakistan Code (pakistancode.gov.pk), Act No. V of 1908; https://pakistancode.gov.pk/pdffiles/administrator6598dabbad120033d4d42d717dcf9755.pdf",2026-09-23
CPC_1908,"Code of Civil Procedure, 1908",order_rule,V,1,CPC_1908_ORD_V_R_1,Order V Rule 1,ISSUE AND SERVICE OF SUMMONS: Summons,"{""federal"": ""in_force"", ""punjab"": ""in_force"", ""sindh"": ""in_force"", ""kp"": ""in_force"", ""balochistan"": ""in_force""}",,"Pakistan Code (pakistancode.gov.pk), Act No. V of 1908; https://pakistancode.gov.pk/pdffiles/administrator6598dabbad120033d4d42d717dcf9755.pdf",2026-09-23
CPC_1908,"Code of Civil Procedure, 1908",order_rule,V,2,CPC_1908_ORD_V_R_2,Order V Rule 2,ISSUE AND SERVICE OF SUMMONS: Copy or statement annexed to Summons,"{""federal"": ""in_force"", ""punjab"": ""in_force"", ""sindh"": ""in_force"", ""kp"": ""in_force"", ""balochistan"": ""in_force""}",,"Pakistan Code (pakistancode.gov.pk), Act No. V of 1908; https://pakistancode.gov.pk/pdffiles/administrator6598dabbad120033d4d42d717dcf9755.pdf",2026-09-23
CPC_1908,"Code of Civil Procedure, 1908",order_rule,V,3,CPC_1908_ORD_V_R_3,Order V Rule 3,ISSUE AND SERVICE OF SUMMONS: Court may order defendant or plaintiff to appear in person.,"{""federal"": ""in_force"", ""punjab"": ""in_force"", ""sindh"": ""in_force"", ""kp"": ""in_force"", ""balochistan"": ""in_force""}",,"Pakistan Code (pakistancode.gov.pk), Act No. V of 1908; https://pakistancode.gov.pk/pdffiles/administrator6598dabbad120033d4d42d717dcf9755.pdf",2026-09-23
CPC_1908,"Code of Civil Procedure, 1908",order_rule,V,4,CPC_1908_ORD_V_R_4,Order V Rule 4,ISSUE AND SERVICE OF SUMMONS: No party to be ordered to appear in person unless resident within certain limits,"{""federal"": ""in_force"", ""punjab"": ""in_force"", ""sindh"": ""in_force"", ""kp"": ""in_force"", ""balochistan"": ""in_force""}",,"Pakistan Code (pakistancode.gov.pk), Act No. V of 1908; https://pakistancode.gov.pk/pdffiles/administrator6598dabbad120033d4d42d717dcf9755.pdf",2026-09-23
CPC_1908,"Code of Civil Procedure, 1908",order_rule,V,5,CPC_1908_ORD_V_R_5,Order V Rule 5,ISSUE AND SERVICE OF SUMMONS: Summons to be either to settle issues or for final disposal,"{""federal"": ""in_force"", ""punjab"": ""in_force"", ""sindh"": ""in_force"", ""kp"": ""in_force"", ""balochistan"": ""in_force""}",,"Pakistan Code (pakistancode.gov.pk), Act No. V of 1908; https://pakistancode.gov.pk/pdffiles/administrator6598dabbad120033d4d42d717dcf9755.pdf",2026-09-23
CPC_1908,"Code of Civil Procedure, 1908",order_rule,V,6,CPC_1908_ORD_V_R_6,Order V Rule 6,ISSUE AND SERVICE OF SUMMONS: Fixing day for appearance of defendant,"{""federal"": ""in_force"", ""punjab"": ""in_force"", ""sindh"": ""in_force"", ""kp"": ""in_force"", ""balochistan"": ""in_force""}",,"Pakistan Code (pakistancode.gov.pk), Act No. V of 1908; https://pakistancode.gov.pk/pdffiles/administrator6598dabbad120033d4d42d717dcf9755.pdf",2026-09-23
CPC_1908,"Code of Civil Procedure, 1908",order_rule,V,7,CPC_1908_ORD_V_R_7,Order V Rule 7,ISSUE AND SERVICE OF SUMMONS: Summons to order defendant to produce documents relied on by him,"{""federal"": ""in_force"", ""punjab"": ""in_force"", ""sindh"": ""in_force"", ""kp"": ""in_force"", ""balochistan"": ""in_force""}",,"Pakistan Code (pakistancode.gov.pk), Act No. V of 1908; https://pakistancode.gov.pk/pdffiles/administrator6598dabbad120033d4d42d717dcf9755.pdf",2026-09-23
CPC_1908,"Code of Civil Procedure, 1908",order_rule,V,9,CPC_1908_ORD_V_R_9,Order V Rule 9,ISSUE AND SERVICE OF SUMMONS: Delivery or transmission of summons for service,"{""federal"": ""in_force"", ""punjab"": ""in_force"", ""sindh"": ""in_force"", ""kp"": ""in_force"", ""balochistan"": ""in_force""}",,"Pakistan Code (pakistancode.gov.pk), Act No. V of 1908; https://pakistancode.gov.pk/pdffiles/administrator6598dabbad120033d4d42d717dcf9755.pdf",2026-09-23
CPC_1908,"Code of Civil Procedure, 1908",order_rule,V,10,CPC_1908_ORD_V_R_10,Order V Rule 10,ISSUE AND SERVICE OF SUMMONS: Mode of service,"{""federal"": ""in_force"", ""punjab"": ""in_force"", ""sindh"": ""in_force"", ""kp"": ""in_force"", ""balochistan"": ""in_force""}",,"Pakistan Code (pakistancode.gov.pk), Act No. V of 1908; https://pakistancode.gov.pk/pdffiles/administrator6598dabbad120033d4d42d717dcf9755.pdf",2026-09-23
CPC_1908,"Code of Civil Procedure, 1908",order_rule,V,11,CPC_1908_ORD_V_R_11,Order V Rule 11,ISSUE AND SERVICE OF SUMMONS: Service on several defendants,"{""federal"": ""in_force"", ""punjab"": ""in_force"", ""sindh"": ""in_force"", ""kp"": ""in_force"", ""balochistan"": ""in_force""}",,"Pakistan Code (pakistancode.gov.pk), Act No. V of 1908; https://pakistancode.gov.pk/pdffiles/administrator6598dabbad120033d4d42d717dcf9755.pdf",2026-09-23
CPC_1908,"Code of Civil Procedure, 1908",order_rule,V,12,CPC_1908_ORD_V_R_12,Order V Rule 12,ISSUE AND SERVICE OF SUMMONS: Service to be on defendant in person when practica ble or on his agent,"{""federal"": ""in_force"", ""punjab"": ""in_force"", ""sindh"": ""in_force"", ""kp"": ""in_force"", ""balochistan"": ""in_force""}",,"Pakistan Code (pakistancode.gov.pk), Act No. V of 1908; https://pakistancode.gov.pk/pdffiles/administrator6598dabbad120033d4d42d717dcf9755.pdf",2026-09-23
CPC_1908,"Code of Civil Procedure, 1908",order_rule,V,13,CPC_1908_ORD_V_R_13,Order V Rule 13,ISSUE AND SERVICE OF SUMMONS: Service on agent by whom defendant carries o n business,"{""federal"": ""in_force"", ""punjab"": ""in_force"", ""sindh"": ""in_force"", ""kp"": ""in_force"", ""balochistan"": ""in_force""}",,"Pakistan Code (pakistancode.gov.pk), Act No. V of 1908; https://pakistancode.gov.pk/pdffiles/administrator6598dabbad120033d4d42d717dcf9755.pdf",2026-09-23
CPC_1908,"Code of Civil Procedure, 1908",order_rule,V,14,CPC_1908_ORD_V_R_14,Order V Rule 14,ISSUE AND SERVICE OF SUMMONS: Service on agent in charge in suits for immoveable property,"{""federal"": ""in_force"", ""punjab"": ""in_force"", ""sindh"": ""in_force"", ""kp"": ""in_force"", ""balochistan"": ""in_force""}",,"Pakistan Code (pakistancode.gov.pk), Act No. V of 1908; https://pakistancode.gov.pk/pdffiles/administrator6598dabbad120033d4d42d717dcf9755.pdf",2026-09-23
CPC_1908,"Code of Civil Procedure, 1908",order_rule,V,15,CPC_1908_ORD_V_R_15,Order V Rule 15,ISSUE AND SERVICE OF SUMMONS: Where service may be on male member of defendant ’s family,"{""federal"": ""in_force"", ""punjab"": ""in_force"", ""sindh"": ""in_force"", ""kp"": ""in_force"", ""balochistan"": ""in_force""}",,"Pakistan Code (pakistancode.gov.pk), Act No. V of 1908; https://pakistancode.gov.pk/pdffiles/administrator6598dabbad120033d4d42d717dcf9755.pdf",2026-09-23
CPC_1908,"Code of Civil Procedure, 1908",order_rule,V,16,CPC_1908_ORD_V_R_16,Order V Rule 16,ISSUE AND SERVICE OF SUMMONS: Person served to sign acknowledgment,"{""federal"": ""in_force"", ""punjab"": ""in_force"", ""sindh"": ""in_force"", ""kp"": ""in_force"", ""balochistan"": ""in_force""}",,"Pakistan Code (pakistancode.gov.pk), Act No. V of 1908; https://pakistancode.gov.pk/pdffiles/administrator6598dabbad120033d4d42d717dcf9755.pdf",2026-09-23
CPC_1908,"Code of Civil Procedure, 1908",order_rule,V,17,CPC_1908_ORD_V_R_17,Order V Rule 17,"ISSUE AND SERVICE OF SUMMONS: Procedure when defendant refuses to accept service, or cannot be found","{""federal"": ""in_force"", ""punjab"": ""in_force"", ""sindh"": ""in_force"", ""kp"": ""in_force"", ""balochistan"": ""in_force""}",,"Pakistan Code (pakistancode.gov.pk), Act No. V of 1908; https://pakistancode.gov.pk/pdffiles/administrator6598dabbad120033d4d42d717dcf9755.pdf",2026-09-23
CPC_1908,"Code of Civil Procedure, 1908",order_rule,V,18,CPC_1908_ORD_V_R_18,Order V Rule 18,ISSUE AND SERVICE OF SUMMONS: Endorsement of time and manner of service,"{""federal"": ""in_force"", ""punjab"": ""in_force"", ""sindh"": ""in_force"", ""kp"": ""in_force"", ""balochistan"": ""in_force""}",,"Pakistan Code (pakistancode.gov.pk), Act No. V of 1908; https://pakistancode.gov.pk/pdffiles/administrator6598dabbad120033d4d42d717dcf9755.pdf",2026-09-23
CPC_1908,"Code of Civil Procedure, 1908",order_rule,V,19,CPC_1908_ORD_V_R_19,Order V Rule 19,ISSUE AND SERVICE OF SUMMONS: Examination of serving officer,"{""federal"": ""in_force"", ""punjab"": ""in_force"", ""sindh"": ""in_force"", ""kp"": ""in_force"", ""balochistan"": ""in_force""}",,"Pakistan Code (pakistancode.gov.pk), Act No. V of 1908; https://pakistancode.gov.pk/pdffiles/administrator6598dabbad120033d4d42d717dcf9755.pdf",2026-09-23
CPC_1908,"Code of Civil Procedure, 1908",order_rule,V,20,CPC_1908_ORD_V_R_20,Order V Rule 20,ISSUE AND SERVICE OF SUMMONS: Substituted service,"{""federal"": ""in_force"", ""punjab"": ""in_force"", ""sindh"": ""in_force"", ""kp"": ""in_force"", ""balochistan"": ""in_force""}",,"Pakistan Code (pakistancode.gov.pk), Act No. V of 1908; https://pakistancode.gov.pk/pdffiles/administrator6598dabbad120033d4d42d717dcf9755.pdf",2026-09-23
CPC_1908,"Code of Civil Procedure, 1908",order_rule,V,21,CPC_1908_ORD_V_R_21,Order V Rule 21,ISSUE AND SERVICE OF SUMMONS: Service of summons where defendant resides within jurisdiction of another Court,"{""federal"": ""in_force"", ""punjab"": ""in_force"", ""sindh"": ""in_force"", ""kp"": ""in_force"", ""balochistan"": ""in_force""}",,"Pakistan Code (pakistancode.gov.pk), Act No. V of 1908; https://pakistancode.gov.pk/pdffiles/administrator6598dabbad120033d4d42d717dcf9755.pdf",2026-09-23
CPC_1908,"Code of Civil Procedure, 1908",order_rule,V,22,CPC_1908_ORD_V_R_22,Order V Rule 22,ISSUE AND SERVICE OF SUMMONS: [Service within Presidency towns of summons issued by Courts outside.] Omitted by A,"{""federal"": ""in_force"", ""punjab"": ""in_force"", ""sindh"": ""in_force"", ""kp"": ""in_force"", ""balochistan"": ""in_force""}",,"Pakistan Code (pakistancode.gov.pk), Act No. V of 1908; https://pakistancode.gov.pk/pdffiles/administrator6598dabbad120033d4d42d717dcf9755.pdf",2026-09-23
CPC_1908,"Code of Civil Procedure, 1908",order_rule,V,1949,CPC_1908_ORD_V_R_1949,Order V Rule 1949,"ISSUE AND SERVICE OF SUMMONS: 1Subs and added by Act. XIV of 1994, s","{""federal"": ""in_force"", ""punjab"": ""in_force"", ""sindh"": ""in_force"", ""kp"": ""in_force"", ""balochistan"": ""in_force""}",,"Pakistan Code (pakistancode.gov.pk), Act No. V of 1908; https://pakistancode.gov.pk/pdffiles/administrator6598dabbad120033d4d42d717dcf9755.pdf",2026-09-23
CPC_1908,"Code of Civil Procedure, 1908",order_rule,V,23,CPC_1908_ORD_V_R_23,Order V Rule 23,ISSUE AND SERVICE OF SUMMONS: Duty of Court to which summons is sent,"{""federal"": ""in_force"", ""punjab"": ""in_force"", ""sindh"": ""in_force"", ""kp"": ""in_force"", ""balochistan"": ""in_force""}",,"Pakistan Code (pakistancode.gov.pk), Act No. V of 1908; https://pakistancode.gov.pk/pdffiles/administrator6598dabbad120033d4d42d717dcf9755.pdf",2026-09-23
CPC_1908,"Code of Civil Procedure, 1908",order_rule,V,24,CPC_1908_ORD_V_R_24,Order V Rule 24,ISSUE AND SERVICE OF SUMMONS: Service on defendant in prison,"{""federal"": ""in_force"", ""punjab"": ""in_force"", ""sindh"": ""in_force"", ""kp"": ""in_force"", ""balochistan"": ""in_force""}",,"Pakistan Code (pakistancode.gov.pk), Act No. V of 1908; https://pakistancode.gov.pk/pdffiles/administrator6598dabbad120033d4d42d717dcf9755.pdf",2026-09-23
CPC_1908,"Code of Civil Procedure, 1908",order_rule,V,25,CPC_1908_ORD_V_R_25,Order V Rule 25,ISSUE AND SERVICE OF SUMMONS: Service where defendant resides out of Pakistan and has no agent,"{""federal"": ""in_force"", ""punjab"": ""in_force"", ""sindh"": ""in_force"", ""kp"": ""in_force"", ""balochistan"": ""in_force""}",,"Pakistan Code (pakistancode.gov.pk), Act No. V of 1908; https://pakistancode.gov.pk/pdffiles/administrator6598dabbad120033d4d42d717dcf9755.pdf",2026-09-23
CPC_1908,"Code of Civil Procedure, 1908",order_rule,V,426,CPC_1908_ORD_V_R_426,Order V Rule 426,ISSUE AND SERVICE OF SUMMONS: Service in foreign territory through Political Agent or Court. Where,"{""federal"": ""in_force"", ""punjab"": ""in_force"", ""sindh"": ""in_force"", ""kp"": ""in_force"", ""balochistan"": ""in_force""}",,"Pakistan Code (pakistancode.gov.pk), Act No. V of 1908; https://pakistancode.gov.pk/pdffiles/administrator6598dabbad120033d4d42d717dcf9755.pdf",2026-09-23
CPC_1908,"Code of Civil Procedure, 1908",order_rule,V,27,CPC_1908_ORD_V_R_27,Order V Rule 27,ISSUE AND SERVICE OF SUMMONS: Service on civil public officer or on servant of railway company or local authority,"{""federal"": ""in_force"", ""punjab"": ""in_force"", ""sindh"": ""in_force"", ""kp"": ""in_force"", ""balochistan"": ""in_force""}",,"Pakistan Code (pakistancode.gov.pk), Act No. V of 1908; https://pakistancode.gov.pk/pdffiles/administrator6598dabbad120033d4d42d717dcf9755.pdf",2026-09-23
CPC_1908,"Code of Civil Procedure, 1908",order_rule,V,28,CPC_1908_ORD_V_R_28,Order V Rule 28,"ISSUE AND SERVICE OF SUMMONS: Service on soldiers, sailors or airmen","{""federal"": ""in_force"", ""punjab"": ""in_force"", ""sindh"": ""in_force"", ""kp"": ""in_force"", ""balochistan"": ""in_force""}",,"Pakistan Code (pakistancode.gov.pk), Act No. V of 1908; https://pakistancode.gov.pk/pdffiles/administrator6598dabbad120033d4d42d717dcf9755.pdf",2026-09-23
CPC_1908,"Code of Civil Procedure, 1908",order_rule,V,29,CPC_1908_ORD_V_R_29,Order V Rule 29,ISSUE AND SERVICE OF SUMMONS: Duty of person to whom summons is delivered or sent for services.,"{""federal"": ""in_force"", ""punjab"": ""in_force"", ""sindh"": ""in_force"", ""kp"": ""in_force"", ""balochistan"": ""in_force""}",,"Pakistan Code (pakistancode.gov.pk), Act No. V of 1908; https://pakistancode.gov.pk/pdffiles/administrator6598dabbad120033d4d42d717dcf9755.pdf",2026-09-23
CPC_1908,"Code of Civil Procedure, 1908",order_rule,V,30,CPC_1908_ORD_V_R_30,Order V Rule 30,ISSUE AND SERVICE OF SUMMONS: Substitution of letter for summons.,"{""federal"": ""in_force"", ""punjab"": ""in_force"", ""sindh"": ""in_force"", ""kp"": ""in_force"", ""balochistan"": ""in_force""}",,"Pakistan Code (pakistancode.gov.pk), Act No. V of 1908; https://pakistancode.gov.pk/pdffiles/administrator6598dabbad120033d4d42d717dcf9755.pdf",2026-09-23
CPC_1908,"Code of Civil Procedure, 1908",order_rule,VI,1,CPC_1908_ORD_VI_R_1,Order VI Rule 1,PLEADINGS GENERALLY: Pleading. “Pleading” shall mean plaint or written statement,"{""federal"": ""in_force"", ""punjab"": ""in_force"", ""sindh"": ""in_force"", ""kp"": ""in_force"", ""balochistan"": ""in_force""}",,"Pakistan Code (pakistancode.gov.pk), Act No. V of 1908; https://pakistancode.gov.pk/pdffiles/administrator6598dabbad120033d4d42d717dcf9755.pdf",2026-09-23
CPC_1908,"Code of Civil Procedure, 1908",order_rule,VI,2,CPC_1908_ORD_VI_R_2,Order VI Rule 2,PLEADINGS GENERALLY: Pleading to state material facts and not evidence,"{""federal"": ""in_force"", ""punjab"": ""in_force"", ""sindh"": ""in_force"", ""kp"": ""in_force"", ""balochistan"": ""in_force""}",,"Pakistan Code (pakistancode.gov.pk), Act No. V of 1908; https://pakistancode.gov.pk/pdffiles/administrator6598dabbad120033d4d42d717dcf9755.pdf",2026-09-23
CPC_1908,"Code of Civil Procedure, 1908",order_rule,VI,3,CPC_1908_ORD_VI_R_3,Order VI Rule 3,PLEADINGS GENERALLY: Forms of pleading,"{""federal"": ""in_force"", ""punjab"": ""in_force"", ""sindh"": ""in_force"", ""kp"": ""in_force"", ""balochistan"": ""in_force""}",,"Pakistan Code (pakistancode.gov.pk), Act No. V of 1908; https://pakistancode.gov.pk/pdffiles/administrator6598dabbad120033d4d42d717dcf9755.pdf",2026-09-23
CPC_1908,"Code of Civil Procedure, 1908",order_rule,VI,4,CPC_1908_ORD_VI_R_4,Order VI Rule 4,PLEADINGS GENERALLY: Particulars to be given where necessary,"{""federal"": ""in_force"", ""punjab"": ""in_force"", ""sindh"": ""in_force"", ""kp"": ""in_force"", ""balochistan"": ""in_force""}",,"Pakistan Code (pakistancode.gov.pk), Act No. V of 1908; https://pakistancode.gov.pk/pdffiles/administrator6598dabbad120033d4d42d717dcf9755.pdf",2026-09-23
CPC_1908,"Code of Civil Procedure, 1908",order_rule,VI,5,CPC_1908_ORD_VI_R_5,Order VI Rule 5,"PLEADINGS GENERALLY: Further and better statement, or particulars","{""federal"": ""in_force"", ""punjab"": ""in_force"", ""sindh"": ""in_force"", ""kp"": ""in_force"", ""balochistan"": ""in_force""}",,"Pakistan Code (pakistancode.gov.pk), Act No. V of 1908; https://pakistancode.gov.pk/pdffiles/administrator6598dabbad120033d4d42d717dcf9755.pdf",2026-09-23
CPC_1908,"Code of Civil Procedure, 1908",order_rule,VI,6,CPC_1908_ORD_VI_R_6,Order VI Rule 6,PLEADINGS GENERALLY: Condition precedent,"{""federal"": ""in_force"", ""punjab"": ""in_force"", ""sindh"": ""in_force"", ""kp"": ""in_force"", ""balochistan"": ""in_force""}",,"Pakistan Code (pakistancode.gov.pk), Act No. V of 1908; https://pakistancode.gov.pk/pdffiles/administrator6598dabbad120033d4d42d717dcf9755.pdf",2026-09-23
CPC_1908,"Code of Civil Procedure, 1908",order_rule,VI,7,CPC_1908_ORD_VI_R_7,Order VI Rule 7,PLEADINGS GENERALLY: Departure,"{""federal"": ""in_force"", ""punjab"": ""in_force"", ""sindh"": ""in_force"", ""kp"": ""in_force"", ""balochistan"": ""in_force""}",,"Pakistan Code (pakistancode.gov.pk), Act No. V of 1908; https://pakistancode.gov.pk/pdffiles/administrator6598dabbad120033d4d42d717dcf9755.pdf",2026-09-23
CPC_1908,"Code of Civil Procedure, 1908",order_rule,VI,8,CPC_1908_ORD_VI_R_8,Order VI Rule 8,PLEADINGS GENERALLY: Denial of contract,"{""federal"": ""in_force"", ""punjab"": ""in_force"", ""sindh"": ""in_force"", ""kp"": ""in_force"", ""balochistan"": ""in_force""}",,"Pakistan Code (pakistancode.gov.pk), Act No. V of 1908; https://pakistancode.gov.pk/pdffiles/administrator6598dabbad120033d4d42d717dcf9755.pdf",2026-09-23
CPC_1908,"Code of Civil Procedure, 1908",order_rule,VI,9,CPC_1908_ORD_VI_R_9,Order VI Rule 9,PLEADINGS GENERALLY: Effect of document to be stated,"{""federal"": ""in_force"", ""punjab"": ""in_force"", ""sindh"": ""in_force"", ""kp"": ""in_force"", ""balochistan"": ""in_force""}",,"Pakistan Code (pakistancode.gov.pk), Act No. V of 1908; https://pakistancode.gov.pk/pdffiles/administrator6598dabbad120033d4d42d717dcf9755.pdf",2026-09-23
CPC_1908,"Code of Civil Procedure, 1908",order_rule,VI,10,CPC_1908_ORD_VI_R_10,Order VI Rule 10,"PLEADINGS GENERALLY: Malice, knowledge, etc","{""federal"": ""in_force"", ""punjab"": ""in_force"", ""sindh"": ""in_force"", ""kp"": ""in_force"", ""balochistan"": ""in_force""}",,"Pakistan Code (pakistancode.gov.pk), Act No. V of 1908; https://pakistancode.gov.pk/pdffiles/administrator6598dabbad120033d4d42d717dcf9755.pdf",2026-09-23
CPC_1908,"Code of Civil Procedure, 1908",order_rule,VI,11,CPC_1908_ORD_VI_R_11,Order VI Rule 11,PLEADINGS GENERALLY: Notice,"{""federal"": ""in_force"", ""punjab"": ""in_force"", ""sindh"": ""in_force"", ""kp"": ""in_force"", ""balochistan"": ""in_force""}",,"Pakistan Code (pakistancode.gov.pk), Act No. V of 1908; https://pakistancode.gov.pk/pdffiles/administrator6598dabbad120033d4d42d717dcf9755.pdf",2026-09-23
CPC_1908,"Code of Civil Procedure, 1908",order_rule,VI,12,CPC_1908_ORD_VI_R_12,Order VI Rule 12,PLEADINGS GENERALLY: Implied contract or relation,"{""federal"": ""in_force"", ""punjab"": ""in_force"", ""sindh"": ""in_force"", ""kp"": ""in_force"", ""balochistan"": ""in_force""}",,"Pakistan Code (pakistancode.gov.pk), Act No. V of 1908; https://pakistancode.gov.pk/pdffiles/administrator6598dabbad120033d4d42d717dcf9755.pdf",2026-09-23
CPC_1908,"Code of Civil Procedure, 1908",order_rule,VI,13,CPC_1908_ORD_VI_R_13,Order VI Rule 13,PLEADINGS GENERALLY: Presumptions of law,"{""federal"": ""in_force"", ""punjab"": ""in_force"", ""sindh"": ""in_force"", ""kp"": ""in_force"", ""balochistan"": ""in_force""}",,"Pakistan Code (pakistancode.gov.pk), Act No. V of 1908; https://pakistancode.gov.pk/pdffiles/administrator6598dabbad120033d4d42d717dcf9755.pdf",2026-09-23
CPC_1908,"Code of Civil Procedure, 1908",order_rule,VI,14,CPC_1908_ORD_VI_R_14,Order VI Rule 14,PLEADINGS GENERALLY: Pleading to be signed,"{""federal"": ""in_force"", ""punjab"": ""in_force"", ""sindh"": ""in_force"", ""kp"": ""in_force"", ""balochistan"": ""in_force""}",,"Pakistan Code (pakistancode.gov.pk), Act No. V of 1908; https://pakistancode.gov.pk/pdffiles/administrator6598dabbad120033d4d42d717dcf9755.pdf",2026-09-23
CPC_1908,"Code of Civil Procedure, 1908",order_rule,VI,15,CPC_1908_ORD_VI_R_15,Order VI Rule 15,PLEADINGS GENERALLY: Verification of pleadings,"{""federal"": ""in_force"", ""punjab"": ""in_force"", ""sindh"": ""in_force"", ""kp"": ""in_force"", ""balochistan"": ""in_force""}",,"Pakistan Code (pakistancode.gov.pk), Act No. V of 1908; https://pakistancode.gov.pk/pdffiles/administrator6598dabbad120033d4d42d717dcf9755.pdf",2026-09-23
CPC_1908,"Code of Civil Procedure, 1908",order_rule,VI,16,CPC_1908_ORD_VI_R_16,Order VI Rule 16,PLEADINGS GENERALLY: Striking out pleadings,"{""federal"": ""in_force"", ""punjab"": ""in_force"", ""sindh"": ""in_force"", ""kp"": ""in_force"", ""balochistan"": ""in_force""}",,"Pakistan Code (pakistancode.gov.pk), Act No. V of 1908; https://pakistancode.gov.pk/pdffiles/administrator6598dabbad120033d4d42d717dcf9755.pdf",2026-09-23
CPC_1908,"Code of Civil Procedure, 1908",order_rule,VI,17,CPC_1908_ORD_VI_R_17,Order VI Rule 17,PLEADINGS GENERALLY: Amendment of pleadings,"{""federal"": ""in_force"", ""punjab"": ""in_force"", ""sindh"": ""in_force"", ""kp"": ""in_force"", ""balochistan"": ""in_force""}",,"Pakistan Code (pakistancode.gov.pk), Act No. V of 1908; https://pakistancode.gov.pk/pdffiles/administrator6598dabbad120033d4d42d717dcf9755.pdf",2026-09-23
CPC_1908,"Code of Civil Procedure, 1908",order_rule,VI,18,CPC_1908_ORD_VI_R_18,Order VI Rule 18,PLEADINGS GENERALLY: Failure to amend after order,"{""federal"": ""in_force"", ""punjab"": ""in_force"", ""sindh"": ""in_force"", ""kp"": ""in_force"", ""balochistan"": ""in_force""}",,"Pakistan Code (pakistancode.gov.pk), Act No. V of 1908; https://pakistancode.gov.pk/pdffiles/administrator6598dabbad120033d4d42d717dcf9755.pdf",2026-09-23
CPC_1908,"Code of Civil Procedure, 1908",order_rule,VII,1,CPC_1908_ORD_VII_R_1,Order VII Rule 1,PLAINT: Particulars to be contained in plaint. The plaint shall contain the following particulars:,"{""federal"": ""in_force"", ""punjab"": ""in_force"", ""sindh"": ""in_force"", ""kp"": ""in_force"", ""balochistan"": ""in_force""}",,"Pakistan Code (pakistancode.gov.pk), Act No. V of 1908; https://pakistancode.gov.pk/pdffiles/administrator6598dabbad120033d4d42d717dcf9755.pdf",2026-09-23
CPC_1908,"Code of Civil Procedure, 1908",order_rule,VII,2,CPC_1908_ORD_VII_R_2,Order VII Rule 2,PLAINT: In money suits,"{""federal"": ""in_force"", ""punjab"": ""in_force"", ""sindh"": ""in_force"", ""kp"": ""in_force"", ""balochistan"": ""in_force""}",,"Pakistan Code (pakistancode.gov.pk), Act No. V of 1908; https://pakistancode.gov.pk/pdffiles/administrator6598dabbad120033d4d42d717dcf9755.pdf",2026-09-23
CPC_1908,"Code of Civil Procedure, 1908",order_rule,VII,3,CPC_1908_ORD_VII_R_3,Order VII Rule 3,PLAINT: Where the subject­matter of the suit is immoveable property,"{""federal"": ""in_force"", ""punjab"": ""in_force"", ""sindh"": ""in_force"", ""kp"": ""in_force"", ""balochistan"": ""in_force""}",,"Pakistan Code (pakistancode.gov.pk), Act No. V of 1908; https://pakistancode.gov.pk/pdffiles/administrator6598dabbad120033d4d42d717dcf9755.pdf",2026-09-23
CPC_1908,"Code of Civil Procedure, 1908",order_rule,VII,4,CPC_1908_ORD_VII_R_4,Order VII Rule 4,PLAINT: When plaintiff sues as representative,"{""federal"": ""in_force"", ""punjab"": ""in_force"", ""sindh"": ""in_force"", ""kp"": ""in_force"", ""balochistan"": ""in_force""}",,"Pakistan Code (pakistancode.gov.pk), Act No. V of 1908; https://pakistancode.gov.pk/pdffiles/administrator6598dabbad120033d4d42d717dcf9755.pdf",2026-09-23
CPC_1908,"Code of Civil Procedure, 1908",order_rule,VII,5,CPC_1908_ORD_VII_R_5,Order VII Rule 5,PLAINT: Defendant`s interest and liability to be shown,"{""federal"": ""in_force"", ""punjab"": ""in_force"", ""sindh"": ""in_force"", ""kp"": ""in_force"", ""balochistan"": ""in_force""}",,"Pakistan Code (pakistancode.gov.pk), Act No. V of 1908; https://pakistancode.gov.pk/pdffiles/administrator6598dabbad120033d4d42d717dcf9755.pdf",2026-09-23
CPC_1908,"Code of Civil Procedure, 1908",order_rule,VII,6,CPC_1908_ORD_VII_R_6,Order VII Rule 6,PLAINT: Grounds of exemption from limitation law,"{""federal"": ""in_force"", ""punjab"": ""in_force"", ""sindh"": ""in_force"", ""kp"": ""in_force"", ""balochistan"": ""in_force""}",,"Pakistan Code (pakistancode.gov.pk), Act No. V of 1908; https://pakistancode.gov.pk/pdffiles/administrator6598dabbad120033d4d42d717dcf9755.pdf",2026-09-23
CPC_1908,"Code of Civil Procedure, 1908",order_rule,VII,7,CPC_1908_ORD_VII_R_7,Order VII Rule 7,PLAINT: Relief to be specifically stated,"{""federal"": ""in_force"", ""punjab"": ""in_force"", ""sindh"": ""in_force"", ""kp"": ""in_force"", ""balochistan"": ""in_force""}",,"Pakistan Code (pakistancode.gov.pk), Act No. V of 1908; https://pakistancode.gov.pk/pdffiles/administrator6598dabbad120033d4d42d717dcf9755.pdf",2026-09-23
CPC_1908,"Code of Civil Procedure, 1908",order_rule,VII,8,CPC_1908_ORD_VII_R_8,Order VII Rule 8,PLAINT: Relief founded on separate grounds,"{""federal"": ""in_force"", ""punjab"": ""in_force"", ""sindh"": ""in_force"", ""kp"": ""in_force"", ""balochistan"": ""in_force""}",,"Pakistan Code (pakistancode.gov.pk), Act No. V of 1908; https://pakistancode.gov.pk/pdffiles/administrator6598dabbad120033d4d42d717dcf9755.pdf",2026-09-23
CPC_1908,"Code of Civil Procedure, 1908",order_rule,VII,9,CPC_1908_ORD_VII_R_9,Order VII Rule 9,PLAINT: Procedure of admitting plaint,"{""federal"": ""in_force"", ""punjab"": ""in_force"", ""sindh"": ""in_force"", ""kp"": ""in_force"", ""balochistan"": ""in_force""}",,"Pakistan Code (pakistancode.gov.pk), Act No. V of 1908; https://pakistancode.gov.pk/pdffiles/administrator6598dabbad120033d4d42d717dcf9755.pdf",2026-09-23
CPC_1908,"Code of Civil Procedure, 1908",order_rule,VII,10,CPC_1908_ORD_VII_R_10,Order VII Rule 10,PLAINT: Return of plaint,"{""federal"": ""in_force"", ""punjab"": ""in_force"", ""sindh"": ""in_force"", ""kp"": ""in_force"", ""balochistan"": ""in_force""}",,"Pakistan Code (pakistancode.gov.pk), Act No. V of 1908; https://pakistancode.gov.pk/pdffiles/administrator6598dabbad120033d4d42d717dcf9755.pdf",2026-09-23
CPC_1908,"Code of Civil Procedure, 1908",order_rule,VII,11,CPC_1908_ORD_VII_R_11,Order VII Rule 11,PLAINT: Rejection of plaint. The plaint shall be rejected in the following cases:,"{""federal"": ""in_force"", ""punjab"": ""in_force"", ""sindh"": ""in_force"", ""kp"": ""in_force"", ""balochistan"": ""in_force""}",,"Pakistan Code (pakistancode.gov.pk), Act No. V of 1908; https://pakistancode.gov.pk/pdffiles/administrator6598dabbad120033d4d42d717dcf9755.pdf",2026-09-23
CPC_1908,"Code of Civil Procedure, 1908",order_rule,VII,12,CPC_1908_ORD_VII_R_12,Order VII Rule 12,PLAINT: Procedure on rejecting plaint,"{""federal"": ""in_force"", ""punjab"": ""in_force"", ""sindh"": ""in_force"", ""kp"": ""in_force"", ""balochistan"": ""in_force""}",,"Pakistan Code (pakistancode.gov.pk), Act No. V of 1908; https://pakistancode.gov.pk/pdffiles/administrator6598dabbad120033d4d42d717dcf9755.pdf",2026-09-23
CPC_1908,"Code of Civil Procedure, 1908",order_rule,VII,13,CPC_1908_ORD_VII_R_13,Order VII Rule 13,PLAINT: Where rejection of plaint does not preclude presentation of fresh plaint,"{""federal"": ""in_force"", ""punjab"": ""in_force"", ""sindh"": ""in_force"", ""kp"": ""in_force"", ""balochistan"": ""in_force""}",,"Pakistan Code (pakistancode.gov.pk), Act No. V of 1908; https://pakistancode.gov.pk/pdffiles/administrator6598dabbad120033d4d42d717dcf9755.pdf",2026-09-23
CPC_1908,"Code of Civil Procedure, 1908",order_rule,VII,14,CPC_1908_ORD_VII_R_14,Order VII Rule 14,PLAINT: Production   of document   on   which plaintiff sues.,"{""federal"": ""in_force"", ""punjab"": ""in_force"", ""sindh"": ""in_force"", ""kp"": ""in_force"", ""balochistan"": ""in_force""}",,"Pakistan Code (pakistancode.gov.pk), Act No. V of 1908; https://pakistancode.gov.pk/pdffiles/administrator6598dabbad120033d4d42d717dcf9755.pdf",2026-09-23
CPC_1908,"Code of Civil Procedure, 1908",order_rule,VII,15,CPC_1908_ORD_VII_R_15,Order VII Rule 15,PLAINT: Statement in case of documents not in plaintiff’s possession or power,"{""federal"": ""in_force"", ""punjab"": ""in_force"", ""sindh"": ""in_force"", ""kp"": ""in_force"", ""balochistan"": ""in_force""}",,"Pakistan Code (pakistancode.gov.pk), Act No. V of 1908; https://pakistancode.gov.pk/pdffiles/administrator6598dabbad120033d4d42d717dcf9755.pdf",2026-09-23
CPC_1908,"Code of Civil Procedure, 1908",order_rule,VII,16,CPC_1908_ORD_VII_R_16,Order VII Rule 16,PLAINT: Suits on last negotiable instruments,"{""federal"": ""in_force"", ""punjab"": ""in_force"", ""sindh"": ""in_force"", ""kp"": ""in_force"", ""balochistan"": ""in_force""}",,"Pakistan Code (pakistancode.gov.pk), Act No. V of 1908; https://pakistancode.gov.pk/pdffiles/administrator6598dabbad120033d4d42d717dcf9755.pdf",2026-09-23
CPC_1908,"Code of Civil Procedure, 1908",order_rule,VII,17,CPC_1908_ORD_VII_R_17,Order VII Rule 17,PLAINT: Production of shop­book.,"{""federal"": ""in_force"", ""punjab"": ""in_force"", ""sindh"": ""in_force"", ""kp"": ""in_force"", ""balochistan"": ""in_force""}",,"Pakistan Code (pakistancode.gov.pk), Act No. V of 1908; https://pakistancode.gov.pk/pdffiles/administrator6598dabbad120033d4d42d717dcf9755.pdf",2026-09-23
CPC_1908,"Code of Civil Procedure, 1908",order_rule,VII,18,CPC_1908_ORD_VII_R_18,Order VII Rule 18,PLAINT: Inadmissibility of document not produced when plaint filed.,"{""federal"": ""in_force"", ""punjab"": ""in_force"", ""sindh"": ""in_force"", ""kp"": ""in_force"", ""balochistan"": ""in_force""}",,"Pakistan Code (pakistancode.gov.pk), Act No. V of 1908; https://pakistancode.gov.pk/pdffiles/administrator6598dabbad120033d4d42d717dcf9755.pdf",2026-09-23
CPC_1908,"Code of Civil Procedure, 1908",order_rule,VII,19,CPC_1908_ORD_VII_R_19,Order VII Rule 19,PLAINT: Address to be filed with plaint,"{""federal"": ""in_force"", ""punjab"": ""in_force"", ""sindh"": ""in_force"", ""kp"": ""in_force"", ""balochistan"": ""in_force""}",,"Pakistan Code (pakistancode.gov.pk), Act No. V of 1908; https://pakistancode.gov.pk/pdffiles/administrator6598dabbad120033d4d42d717dcf9755.pdf",2026-09-23
CPC_1908,"Code of Civil Procedure, 1908",order_rule,VII,20,CPC_1908_ORD_VII_R_20,Order VII Rule 20,PLAINT: Nature of address to be filed,"{""federal"": ""in_force"", ""punjab"": ""in_force"", ""sindh"": ""in_force"", ""kp"": ""in_force"", ""balochistan"": ""in_force""}",,"Pakistan Code (pakistancode.gov.pk), Act No. V of 1908; https://pakistancode.gov.pk/pdffiles/administrator6598dabbad120033d4d42d717dcf9755.pdf",2026-09-23
CPC_1908,"Code of Civil Procedure, 1908",order_rule,VII,21,CPC_1908_ORD_VII_R_21,Order VII Rule 21,PLAINT: Consequences of failure to file address,"{""federal"": ""in_force"", ""punjab"": ""in_force"", ""sindh"": ""in_force"", ""kp"": ""in_force"", ""balochistan"": ""in_force""}",,"Pakistan Code (pakistancode.gov.pk), Act No. V of 1908; https://pakistancode.gov.pk/pdffiles/administrator6598dabbad120033d4d42d717dcf9755.pdf",2026-09-23
CPC_1908,"Code of Civil Procedure, 1908",order_rule,VII,22,CPC_1908_ORD_VII_R_22,Order VII Rule 22,PLAINT: Procedure when party not found at t he place of address.,"{""federal"": ""in_force"", ""punjab"": ""in_force"", ""sindh"": ""in_force"", ""kp"": ""in_force"", ""balochistan"": ""in_force""}",,"Pakistan Code (pakistancode.gov.pk), Act No. V of 1908; https://pakistancode.gov.pk/pdffiles/administrator6598dabbad120033d4d42d717dcf9755.pdf",2026-09-23
CPC_1908,"Code of Civil Procedure, 1908",order_rule,VII,23,CPC_1908_ORD_VII_R_23,Order VII Rule 23,PLAINT: Service on pleader,"{""federal"": ""in_force"", ""punjab"": ""in_force"", ""sindh"": ""in_force"", ""kp"": ""in_force"", ""balochistan"": ""in_force""}",,"Pakistan Code (pakistancode.gov.pk), Act No. V of 1908; https://pakistancode.gov.pk/pdffiles/administrator6598dabbad120033d4d42d717dcf9755.pdf",2026-09-23
CPC_1908,"Code of Civil Procedure, 1908",order_rule,VII,24,CPC_1908_ORD_VII_R_24,Order VII Rule 24,PLAINT: Change of address,"{""federal"": ""in_force"", ""punjab"": ""in_force"", ""sindh"": ""in_force"", ""kp"": ""in_force"", ""balochistan"": ""in_force""}",,"Pakistan Code (pakistancode.gov.pk), Act No. V of 1908; https://pakistancode.gov.pk/pdffiles/administrator6598dabbad120033d4d42d717dcf9755.pdf",2026-09-23
CPC_1908,"Code of Civil Procedure, 1908",order_rule,VII,25,CPC_1908_ORD_VII_R_25,Order VII Rule 25,PLAINT: Service by other modes,"{""federal"": ""in_force"", ""punjab"": ""in_force"", ""sindh"": ""in_force"", ""kp"": ""in_force"", ""balochistan"": ""in_force""}",,"Pakistan Code (pakistancode.gov.pk), Act No. V of 1908; https://pakistancode.gov.pk/pdffiles/administrator6598dabbad120033d4d42d717dcf9755.pdf",2026-09-23
CPC_1908,"Code of Civil Procedure, 1908",order_rule,VII,26,CPC_1908_ORD_VII_R_26,Order VII Rule 26,PLAINT: List of legal representatives of Plaintiff,"{""federal"": ""in_force"", ""punjab"": ""in_force"", ""sindh"": ""in_force"", ""kp"": ""in_force"", ""balochistan"": ""in_force""}",,"Pakistan Code (pakistancode.gov.pk), Act No. V of 1908; https://pakistancode.gov.pk/pdffiles/administrator6598dabbad120033d4d42d717dcf9755.pdf",2026-09-23
CPC_1908,"Code of Civil Procedure, 1908",order_rule,VIII,1,CPC_1908_ORD_VIII_R_1,Order VIII Rule 1,WRITTEN STATEMENT AND SET­OFF: Written statement,"{""federal"": ""in_force"", ""punjab"": ""in_force"", ""sindh"": ""in_force"", ""kp"": ""in_force"", ""balochistan"": ""in_force""}",,"Pakistan Code (pakistancode.gov.pk), Act No. V of 1908; https://pakistancode.gov.pk/pdffiles/administrator6598dabbad120033d4d42d717dcf9755.pdf",2026-09-23
CPC_1908,"Code of Civil Procedure, 1908",order_rule,VIII,2,CPC_1908_ORD_VIII_R_2,Order VIII Rule 2,WRITTEN STATEMENT AND SET­OFF: New facts must be specially pleaded,"{""federal"": ""in_force"", ""punjab"": ""in_force"", ""sindh"": ""in_force"", ""kp"": ""in_force"", ""balochistan"": ""in_force""}",,"Pakistan Code (pakistancode.gov.pk), Act No. V of 1908; https://pakistancode.gov.pk/pdffiles/administrator6598dabbad120033d4d42d717dcf9755.pdf",2026-09-23
CPC_1908,"Code of Civil Procedure, 1908",order_rule,VIII,3,CPC_1908_ORD_VIII_R_3,Order VIII Rule 3,WRITTEN STATEMENT AND SET­OFF: Denial to be specific,"{""federal"": ""in_force"", ""punjab"": ""in_force"", ""sindh"": ""in_force"", ""kp"": ""in_force"", ""balochistan"": ""in_force""}",,"Pakistan Code (pakistancode.gov.pk), Act No. V of 1908; https://pakistancode.gov.pk/pdffiles/administrator6598dabbad120033d4d42d717dcf9755.pdf",2026-09-23
CPC_1908,"Code of Civil Procedure, 1908",order_rule,VIII,4,CPC_1908_ORD_VIII_R_4,Order VIII Rule 4,WRITTEN STATEMENT AND SET­OFF: Evasive denial,"{""federal"": ""in_force"", ""punjab"": ""in_force"", ""sindh"": ""in_force"", ""kp"": ""in_force"", ""balochistan"": ""in_force""}",,"Pakistan Code (pakistancode.gov.pk), Act No. V of 1908; https://pakistancode.gov.pk/pdffiles/administrator6598dabbad120033d4d42d717dcf9755.pdf",2026-09-23
CPC_1908,"Code of Civil Procedure, 1908",order_rule,VIII,5,CPC_1908_ORD_VIII_R_5,Order VIII Rule 5,WRITTEN STATEMENT AND SET­OFF: Specific denial,"{""federal"": ""in_force"", ""punjab"": ""in_force"", ""sindh"": ""in_force"", ""kp"": ""in_force"", ""balochistan"": ""in_force""}",,"Pakistan Code (pakistancode.gov.pk), Act No. V of 1908; https://pakistancode.gov.pk/pdffiles/administrator6598dabbad120033d4d42d717dcf9755.pdf",2026-09-23
CPC_1908,"Code of Civil Procedure, 1908",order_rule,VIII,6,CPC_1908_ORD_VIII_R_6,Order VIII Rule 6,WRITTEN STATEMENT AND SET­OFF: Particular  of set­off to  be  given in written statement.,"{""federal"": ""in_force"", ""punjab"": ""in_force"", ""sindh"": ""in_force"", ""kp"": ""in_force"", ""balochistan"": ""in_force""}",,"Pakistan Code (pakistancode.gov.pk), Act No. V of 1908; https://pakistancode.gov.pk/pdffiles/administrator6598dabbad120033d4d42d717dcf9755.pdf",2026-09-23
CPC_1908,"Code of Civil Procedure, 1908",order_rule,VIII,7,CPC_1908_ORD_VIII_R_7,Order VIII Rule 7,WRITTEN STATEMENT AND SET­OFF: Defence or set­off founded on separate grounds,"{""federal"": ""in_force"", ""punjab"": ""in_force"", ""sindh"": ""in_force"", ""kp"": ""in_force"", ""balochistan"": ""in_force""}",,"Pakistan Code (pakistancode.gov.pk), Act No. V of 1908; https://pakistancode.gov.pk/pdffiles/administrator6598dabbad120033d4d42d717dcf9755.pdf",2026-09-23
CPC_1908,"Code of Civil Procedure, 1908",order_rule,VIII,8,CPC_1908_ORD_VIII_R_8,Order VIII Rule 8,WRITTEN STATEMENT AND SET­OFF: New ground of defence,"{""federal"": ""in_force"", ""punjab"": ""in_force"", ""sindh"": ""in_force"", ""kp"": ""in_force"", ""balochistan"": ""in_force""}",,"Pakistan Code (pakistancode.gov.pk), Act No. V of 1908; https://pakistancode.gov.pk/pdffiles/administrator6598dabbad120033d4d42d717dcf9755.pdf",2026-09-23
CPC_1908,"Code of Civil Procedure, 1908",order_rule,VIII,9,CPC_1908_ORD_VIII_R_9,Order VIII Rule 9,WRITTEN STATEMENT AND SET­OFF: Subsequent Pleadings,"{""federal"": ""in_force"", ""punjab"": ""in_force"", ""sindh"": ""in_force"", ""kp"": ""in_force"", ""balochistan"": ""in_force""}",,"Pakistan Code (pakistancode.gov.pk), Act No. V of 1908; https://pakistancode.gov.pk/pdffiles/administrator6598dabbad120033d4d42d717dcf9755.pdf",2026-09-23
CPC_1908,"Code of Civil Procedure, 1908",order_rule,VIII,10,CPC_1908_ORD_VIII_R_10,Order VIII Rule 10,WRITTEN STATEMENT AND SET­OFF: Procedure when party fails to present written statement called for by Court,"{""federal"": ""in_force"", ""punjab"": ""in_force"", ""sindh"": ""in_force"", ""kp"": ""in_force"", ""balochistan"": ""in_force""}",,"Pakistan Code (pakistancode.gov.pk), Act No. V of 1908; https://pakistancode.gov.pk/pdffiles/administrator6598dabbad120033d4d42d717dcf9755.pdf",2026-09-23
CPC_1908,"Code of Civil Procedure, 1908",order_rule,VIII,11,CPC_1908_ORD_VIII_R_11,Order VIII Rule 11,WRITTEN STATEMENT AND SET­OFF: Address for service,"{""federal"": ""in_force"", ""punjab"": ""in_force"", ""sindh"": ""in_force"", ""kp"": ""in_force"", ""balochistan"": ""in_force""}",,"Pakistan Code (pakistancode.gov.pk), Act No. V of 1908; https://pakistancode.gov.pk/pdffiles/administrator6598dabbad120033d4d42d717dcf9755.pdf",2026-09-23
CPC_1908,"Code of Civil Procedure, 1908",order_rule,VIII,12,CPC_1908_ORD_VIII_R_12,Order VIII Rule 12,WRITTEN STATEMENT AND SET­OFF: Consequences of failure to file address.,"{""federal"": ""in_force"", ""punjab"": ""in_force"", ""sindh"": ""in_force"", ""kp"": ""in_force"", ""balochistan"": ""in_force""}",,"Pakistan Code (pakistancode.gov.pk), Act No. V of 1908; https://pakistancode.gov.pk/pdffiles/administrator6598dabbad120033d4d42d717dcf9755.pdf",2026-09-23
CPC_1908,"Code of Civil Procedure, 1908",order_rule,VIII,13,CPC_1908_ORD_VIII_R_13,Order VIII Rule 13,WRITTEN STATEMENT AND SET­OFF: List of legal representatives of defendant,"{""federal"": ""in_force"", ""punjab"": ""in_force"", ""sindh"": ""in_force"", ""kp"": ""in_force"", ""balochistan"": ""in_force""}",,"Pakistan Code (pakistancode.gov.pk), Act No. V of 1908; https://pakistancode.gov.pk/pdffiles/administrator6598dabbad120033d4d42d717dcf9755.pdf",2026-09-23
CPC_1908,"Code of Civil Procedure, 1908",order_rule,IX,1,CPC_1908_ORD_IX_R_1,Order IX Rule 1,APPEARANCE OF PARTIES AND CONSEQUENCE OF NON­APPEARANCE: Parties to appear on day fixed in summons for defendant to appear and answer,"{""federal"": ""in_force"", ""punjab"": ""in_force"", ""sindh"": ""in_force"", ""kp"": ""in_force"", ""balochistan"": ""in_force""}",,"Pakistan Code (pakistancode.gov.pk), Act No. V of 1908; https://pakistancode.gov.pk/pdffiles/administrator6598dabbad120033d4d42d717dcf9755.pdf",2026-09-23
CPC_1908,"Code of Civil Procedure, 1908",order_rule,IX,3,CPC_1908_ORD_IX_R_3,Order IX Rule 3,"APPEARANCE OF PARTIES AND CONSEQUENCE OF NON­APPEARANCE: Where neither party appears, suit to be dismissed","{""federal"": ""in_force"", ""punjab"": ""in_force"", ""sindh"": ""in_force"", ""kp"": ""in_force"", ""balochistan"": ""in_force""}",,"Pakistan Code (pakistancode.gov.pk), Act No. V of 1908; https://pakistancode.gov.pk/pdffiles/administrator6598dabbad120033d4d42d717dcf9755.pdf",2026-09-23
CPC_1908,"Code of Civil Procedure, 1908",order_rule,IX,4,CPC_1908_ORD_IX_R_4,Order IX Rule 4,APPEARANCE OF PARTIES AND CONSEQUENCE OF NON­APPEARANCE: Plaintiff may bring fresh suit or Court may restore suit to file,"{""federal"": ""in_force"", ""punjab"": ""in_force"", ""sindh"": ""in_force"", ""kp"": ""in_force"", ""balochistan"": ""in_force""}",,"Pakistan Code (pakistancode.gov.pk), Act No. V of 1908; https://pakistancode.gov.pk/pdffiles/administrator6598dabbad120033d4d42d717dcf9755.pdf",2026-09-23
CPC_1908,"Code of Civil Procedure, 1908",order_rule,IX,6,CPC_1908_ORD_IX_R_6,Order IX Rule 6,APPEARANCE OF PARTIES AND CONSEQUENCE OF NON­APPEARANCE: Procedure when only plaintiff appears,"{""federal"": ""in_force"", ""punjab"": ""in_force"", ""sindh"": ""in_force"", ""kp"": ""in_force"", ""balochistan"": ""in_force""}",,"Pakistan Code (pakistancode.gov.pk), Act No. V of 1908; https://pakistancode.gov.pk/pdffiles/administrator6598dabbad120033d4d42d717dcf9755.pdf",2026-09-23
CPC_1908,"Code of Civil Procedure, 1908",order_rule,IX,8,CPC_1908_ORD_IX_R_8,Order IX Rule 8,APPEARANCE OF PARTIES AND CONSEQUENCE OF NON­APPEARANCE: Procedure where defendant only appears,"{""federal"": ""in_force"", ""punjab"": ""in_force"", ""sindh"": ""in_force"", ""kp"": ""in_force"", ""balochistan"": ""in_force""}",,"Pakistan Code (pakistancode.gov.pk), Act No. V of 1908; https://pakistancode.gov.pk/pdffiles/administrator6598dabbad120033d4d42d717dcf9755.pdf",2026-09-23
CPC_1908,"Code of Civil Procedure, 1908",order_rule,IX,9,CPC_1908_ORD_IX_R_9,Order IX Rule 9,APPEARANCE OF PARTIES AND CONSEQUENCE OF NON­APPEARANCE: Decree against plaintiff by default bars fresh suit.,"{""federal"": ""in_force"", ""punjab"": ""in_force"", ""sindh"": ""in_force"", ""kp"": ""in_force"", ""balochistan"": ""in_force""}",,"Pakistan Code (pakistancode.gov.pk), Act No. V of 1908; https://pakistancode.gov.pk/pdffiles/administrator6598dabbad120033d4d42d717dcf9755.pdf",2026-09-23
CPC_1908,"Code of Civil Procedure, 1908",order_rule,IX,10,CPC_1908_ORD_IX_R_10,Order IX Rule 10,APPEARANCE OF PARTIES AND CONSEQUENCE OF NON­APPEARANCE: Procedure in case of non­attendance of one or more of several plaintiffs,"{""federal"": ""in_force"", ""punjab"": ""in_force"", ""sindh"": ""in_force"", ""kp"": ""in_force"", ""balochistan"": ""in_force""}",,"Pakistan Code (pakistancode.gov.pk), Act No. V of 1908; https://pakistancode.gov.pk/pdffiles/administrator6598dabbad120033d4d42d717dcf9755.pdf",2026-09-23
CPC_1908,"Code of Civil Procedure, 1908",order_rule,IX,11,CPC_1908_ORD_IX_R_11,Order IX Rule 11,APPEARANCE OF PARTIES AND CONSEQUENCE OF NON­APPEARANCE: Procedure in case of non­attendance of one or more of several defendants,"{""federal"": ""in_force"", ""punjab"": ""in_force"", ""sindh"": ""in_force"", ""kp"": ""in_force"", ""balochistan"": ""in_force""}",,"Pakistan Code (pakistancode.gov.pk), Act No. V of 1908; https://pakistancode.gov.pk/pdffiles/administrator6598dabbad120033d4d42d717dcf9755.pdf",2026-09-23
CPC_1908,"Code of Civil Procedure, 1908",order_rule,IX,13,CPC_1908_ORD_IX_R_13,Order IX Rule 13,APPEARANCE OF PARTIES AND CONSEQUENCE OF NON­APPEARANCE: Setting aside decree ex­parte against defendant,"{""federal"": ""in_force"", ""punjab"": ""in_force"", ""sindh"": ""in_force"", ""kp"": ""in_force"", ""balochistan"": ""in_force""}",,"Pakistan Code (pakistancode.gov.pk), Act No. V of 1908; https://pakistancode.gov.pk/pdffiles/administrator6598dabbad120033d4d42d717dcf9755.pdf",2026-09-23
CPC_1908,"Code of Civil Procedure, 1908",order_rule,IX,14,CPC_1908_ORD_IX_R_14,Order IX Rule 14,APPEARANCE OF PARTIES AND CONSEQUENCE OF NON­APPEARANCE: No decree to be set aside without  notice to opposite party,"{""federal"": ""in_force"", ""punjab"": ""in_force"", ""sindh"": ""in_force"", ""kp"": ""in_force"", ""balochistan"": ""in_force""}",,"Pakistan Code (pakistancode.gov.pk), Act No. V of 1908; https://pakistancode.gov.pk/pdffiles/administrator6598dabbad120033d4d42d717dcf9755.pdf",2026-09-23
CPC_1908,"Code of Civil Procedure, 1908",order_rule,X,1,CPC_1908_ORD_X_R_1,Order X Rule 1,EXAMINATION OF PARTIES BY THE COURT: Ascertainment whether allegations in pleadings are admitted or denied,"{""federal"": ""in_force"", ""punjab"": ""in_force"", ""sindh"": ""in_force"", ""kp"": ""in_force"", ""balochistan"": ""in_force""}",,"Pakistan Code (pakistancode.gov.pk), Act No. V of 1908; https://pakistancode.gov.pk/pdffiles/administrator6598dabbad120033d4d42d717dcf9755.pdf",2026-09-23
CPC_1908,"Code of Civil Procedure, 1908",order_rule,X,2,CPC_1908_ORD_X_R_2,Order X Rule 2,EXAMINATION OF PARTIES BY THE COURT: Oral examination of party or companion of party,"{""federal"": ""in_force"", ""punjab"": ""in_force"", ""sindh"": ""in_force"", ""kp"": ""in_force"", ""balochistan"": ""in_force""}",,"Pakistan Code (pakistancode.gov.pk), Act No. V of 1908; https://pakistancode.gov.pk/pdffiles/administrator6598dabbad120033d4d42d717dcf9755.pdf",2026-09-23
CPC_1908,"Code of Civil Procedure, 1908",order_rule,X,3,CPC_1908_ORD_X_R_3,Order X Rule 3,EXAMINATION OF PARTIES BY THE COURT: Substance of examination to be written,"{""federal"": ""in_force"", ""punjab"": ""in_force"", ""sindh"": ""in_force"", ""kp"": ""in_force"", ""balochistan"": ""in_force""}",,"Pakistan Code (pakistancode.gov.pk), Act No. V of 1908; https://pakistancode.gov.pk/pdffiles/administrator6598dabbad120033d4d42d717dcf9755.pdf",2026-09-23
CPC_1908,"Code of Civil Procedure, 1908",order_rule,X,4,CPC_1908_ORD_X_R_4,Order X Rule 4,EXAMINATION OF PARTIES BY THE COURT: Consequence of refusal or inability of pleader to answer,"{""federal"": ""in_force"", ""punjab"": ""in_force"", ""sindh"": ""in_force"", ""kp"": ""in_force"", ""balochistan"": ""in_force""}",,"Pakistan Code (pakistancode.gov.pk), Act No. V of 1908; https://pakistancode.gov.pk/pdffiles/administrator6598dabbad120033d4d42d717dcf9755.pdf",2026-09-23
CPC_1908,"Code of Civil Procedure, 1908",order_rule,XI,1,CPC_1908_ORD_XI_R_1,Order XI Rule 1,DISCOVERY AND INSPECTION: Discovery by interrogatories,"{""federal"": ""in_force"", ""punjab"": ""in_force"", ""sindh"": ""in_force"", ""kp"": ""in_force"", ""balochistan"": ""in_force""}",,"Pakistan Code (pakistancode.gov.pk), Act No. V of 1908; https://pakistancode.gov.pk/pdffiles/administrator6598dabbad120033d4d42d717dcf9755.pdf",2026-09-23
CPC_1908,"Code of Civil Procedure, 1908",order_rule,XI,2,CPC_1908_ORD_XI_R_2,Order XI Rule 2,DISCOVERY AND INSPECTION: Particular interrogatories to be submitted,"{""federal"": ""in_force"", ""punjab"": ""in_force"", ""sindh"": ""in_force"", ""kp"": ""in_force"", ""balochistan"": ""in_force""}",,"Pakistan Code (pakistancode.gov.pk), Act No. V of 1908; https://pakistancode.gov.pk/pdffiles/administrator6598dabbad120033d4d42d717dcf9755.pdf",2026-09-23
CPC_1908,"Code of Civil Procedure, 1908",order_rule,XI,3,CPC_1908_ORD_XI_R_3,Order XI Rule 3,DISCOVERY AND INSPECTION: Costs of interrogatories,"{""federal"": ""in_force"", ""punjab"": ""in_force"", ""sindh"": ""in_force"", ""kp"": ""in_force"", ""balochistan"": ""in_force""}",,"Pakistan Code (pakistancode.gov.pk), Act No. V of 1908; https://pakistancode.gov.pk/pdffiles/administrator6598dabbad120033d4d42d717dcf9755.pdf",2026-09-23
CPC_1908,"Code of Civil Procedure, 1908",order_rule,XI,4,CPC_1908_ORD_XI_R_4,Order XI Rule 4,DISCOVERY AND INSPECTION: Forms of interrogatories. Interrogatories shall be in Form No,"{""federal"": ""in_force"", ""punjab"": ""in_force"", ""sindh"": ""in_force"", ""kp"": ""in_force"", ""balochistan"": ""in_force""}",,"Pakistan Code (pakistancode.gov.pk), Act No. V of 1908; https://pakistancode.gov.pk/pdffiles/administrator6598dabbad120033d4d42d717dcf9755.pdf",2026-09-23
CPC_1908,"Code of Civil Procedure, 1908",order_rule,XI,5,CPC_1908_ORD_XI_R_5,Order XI Rule 5,DISCOVERY AND INSPECTION: Corporations,"{""federal"": ""in_force"", ""punjab"": ""in_force"", ""sindh"": ""in_force"", ""kp"": ""in_force"", ""balochistan"": ""in_force""}",,"Pakistan Code (pakistancode.gov.pk), Act No. V of 1908; https://pakistancode.gov.pk/pdffiles/administrator6598dabbad120033d4d42d717dcf9755.pdf",2026-09-23
CPC_1908,"Code of Civil Procedure, 1908",order_rule,XI,6,CPC_1908_ORD_XI_R_6,Order XI Rule 6,DISCOVERY AND INSPECTION: Objections to interrogatories by answer,"{""federal"": ""in_force"", ""punjab"": ""in_force"", ""sindh"": ""in_force"", ""kp"": ""in_force"", ""balochistan"": ""in_force""}",,"Pakistan Code (pakistancode.gov.pk), Act No. V of 1908; https://pakistancode.gov.pk/pdffiles/administrator6598dabbad120033d4d42d717dcf9755.pdf",2026-09-23
CPC_1908,"Code of Civil Procedure, 1908",order_rule,XI,7,CPC_1908_ORD_XI_R_7,Order XI Rule 7,DISCOVERY AND INSPECTION: Setting aside and striking out interrogatories,"{""federal"": ""in_force"", ""punjab"": ""in_force"", ""sindh"": ""in_force"", ""kp"": ""in_force"", ""balochistan"": ""in_force""}",,"Pakistan Code (pakistancode.gov.pk), Act No. V of 1908; https://pakistancode.gov.pk/pdffiles/administrator6598dabbad120033d4d42d717dcf9755.pdf",2026-09-23
CPC_1908,"Code of Civil Procedure, 1908",order_rule,XI,8,CPC_1908_ORD_XI_R_8,Order XI Rule 8,"DISCOVERY AND INSPECTION: Affidavit in answer, filing","{""federal"": ""in_force"", ""punjab"": ""in_force"", ""sindh"": ""in_force"", ""kp"": ""in_force"", ""balochistan"": ""in_force""}",,"Pakistan Code (pakistancode.gov.pk), Act No. V of 1908; https://pakistancode.gov.pk/pdffiles/administrator6598dabbad120033d4d42d717dcf9755.pdf",2026-09-23
CPC_1908,"Code of Civil Procedure, 1908",order_rule,XI,9,CPC_1908_ORD_XI_R_9,Order XI Rule 9,DISCOVERY AND INSPECTION: Forms of affidavit in answer,"{""federal"": ""in_force"", ""punjab"": ""in_force"", ""sindh"": ""in_force"", ""kp"": ""in_force"", ""balochistan"": ""in_force""}",,"Pakistan Code (pakistancode.gov.pk), Act No. V of 1908; https://pakistancode.gov.pk/pdffiles/administrator6598dabbad120033d4d42d717dcf9755.pdf",2026-09-23
CPC_1908,"Code of Civil Procedure, 1908",order_rule,XI,10,CPC_1908_ORD_XI_R_10,Order XI Rule 10,DISCOVERY AND INSPECTION: No exception to be taken,"{""federal"": ""in_force"", ""punjab"": ""in_force"", ""sindh"": ""in_force"", ""kp"": ""in_force"", ""balochistan"": ""in_force""}",,"Pakistan Code (pakistancode.gov.pk), Act No. V of 1908; https://pakistancode.gov.pk/pdffiles/administrator6598dabbad120033d4d42d717dcf9755.pdf",2026-09-23
CPC_1908,"Code of Civil Procedure, 1908",order_rule,XI,11,CPC_1908_ORD_XI_R_11,Order XI Rule 11,DISCOVERY AND INSPECTION: Order to answer or answer further,"{""federal"": ""in_force"", ""punjab"": ""in_force"", ""sindh"": ""in_force"", ""kp"": ""in_force"", ""balochistan"": ""in_force""}",,"Pakistan Code (pakistancode.gov.pk), Act No. V of 1908; https://pakistancode.gov.pk/pdffiles/administrator6598dabbad120033d4d42d717dcf9755.pdf",2026-09-23
CPC_1908,"Code of Civil Procedure, 1908",order_rule,XI,12,CPC_1908_ORD_XI_R_12,Order XI Rule 12,DISCOVERY AND INSPECTION: Application for discovery of documents,"{""federal"": ""in_force"", ""punjab"": ""in_force"", ""sindh"": ""in_force"", ""kp"": ""in_force"", ""balochistan"": ""in_force""}",,"Pakistan Code (pakistancode.gov.pk), Act No. V of 1908; https://pakistancode.gov.pk/pdffiles/administrator6598dabbad120033d4d42d717dcf9755.pdf",2026-09-23
CPC_1908,"Code of Civil Procedure, 1908",order_rule,XI,13,CPC_1908_ORD_XI_R_13,Order XI Rule 13,DISCOVERY AND INSPECTION: Affidavit of documents,"{""federal"": ""in_force"", ""punjab"": ""in_force"", ""sindh"": ""in_force"", ""kp"": ""in_force"", ""balochistan"": ""in_force""}",,"Pakistan Code (pakistancode.gov.pk), Act No. V of 1908; https://pakistancode.gov.pk/pdffiles/administrator6598dabbad120033d4d42d717dcf9755.pdf",2026-09-23
CPC_1908,"Code of Civil Procedure, 1908",order_rule,XI,14,CPC_1908_ORD_XI_R_14,Order XI Rule 14,DISCOVERY AND INSPECTION: Production of documents,"{""federal"": ""in_force"", ""punjab"": ""in_force"", ""sindh"": ""in_force"", ""kp"": ""in_force"", ""balochistan"": ""in_force""}",,"Pakistan Code (pakistancode.gov.pk), Act No. V of 1908; https://pakistancode.gov.pk/pdffiles/administrator6598dabbad120033d4d42d717dcf9755.pdf",2026-09-23
CPC_1908,"Code of Civil Procedure, 1908",order_rule,XI,15,CPC_1908_ORD_XI_R_15,Order XI Rule 15,DISCOVERY AND INSPECTION: Inspection of documents referred to in pleadings or affidavits,"{""federal"": ""in_force"", ""punjab"": ""in_force"", ""sindh"": ""in_force"", ""kp"": ""in_force"", ""balochistan"": ""in_force""}",,"Pakistan Code (pakistancode.gov.pk), Act No. V of 1908; https://pakistancode.gov.pk/pdffiles/administrator6598dabbad120033d4d42d717dcf9755.pdf",2026-09-23
CPC_1908,"Code of Civil Procedure, 1908",order_rule,XI,16,CPC_1908_ORD_XI_R_16,Order XI Rule 16,DISCOVERY AND INSPECTION: Notice to produce,"{""federal"": ""in_force"", ""punjab"": ""in_force"", ""sindh"": ""in_force"", ""kp"": ""in_force"", ""balochistan"": ""in_force""}",,"Pakistan Code (pakistancode.gov.pk), Act No. V of 1908; https://pakistancode.gov.pk/pdffiles/administrator6598dabbad120033d4d42d717dcf9755.pdf",2026-09-23
CPC_1908,"Code of Civil Procedure, 1908",order_rule,XI,17,CPC_1908_ORD_XI_R_17,Order XI Rule 17,DISCOVERY AND INSPECTION: Time for inspection when notice given,"{""federal"": ""in_force"", ""punjab"": ""in_force"", ""sindh"": ""in_force"", ""kp"": ""in_force"", ""balochistan"": ""in_force""}",,"Pakistan Code (pakistancode.gov.pk), Act No. V of 1908; https://pakistancode.gov.pk/pdffiles/administrator6598dabbad120033d4d42d717dcf9755.pdf",2026-09-23
CPC_1908,"Code of Civil Procedure, 1908",order_rule,XI,18,CPC_1908_ORD_XI_R_18,Order XI Rule 18,DISCOVERY AND INSPECTION: Order for  inspection,"{""federal"": ""in_force"", ""punjab"": ""in_force"", ""sindh"": ""in_force"", ""kp"": ""in_force"", ""balochistan"": ""in_force""}",,"Pakistan Code (pakistancode.gov.pk), Act No. V of 1908; https://pakistancode.gov.pk/pdffiles/administrator6598dabbad120033d4d42d717dcf9755.pdf",2026-09-23
CPC_1908,"Code of Civil Procedure, 1908",order_rule,XI,19,CPC_1908_ORD_XI_R_19,Order XI Rule 19,DISCOVERY AND INSPECTION: Verified copies,"{""federal"": ""in_force"", ""punjab"": ""in_force"", ""sindh"": ""in_force"", ""kp"": ""in_force"", ""balochistan"": ""in_force""}",,"Pakistan Code (pakistancode.gov.pk), Act No. V of 1908; https://pakistancode.gov.pk/pdffiles/administrator6598dabbad120033d4d42d717dcf9755.pdf",2026-09-23
CPC_1908,"Code of Civil Procedure, 1908",order_rule,XI,20,CPC_1908_ORD_XI_R_20,Order XI Rule 20,DISCOVERY AND INSPECTION: Premature discovery,"{""federal"": ""in_force"", ""punjab"": ""in_force"", ""sindh"": ""in_force"", ""kp"": ""in_force"", ""balochistan"": ""in_force""}",,"Pakistan Code (pakistancode.gov.pk), Act No. V of 1908; https://pakistancode.gov.pk/pdffiles/administrator6598dabbad120033d4d42d717dcf9755.pdf",2026-09-23
CPC_1908,"Code of Civil Procedure, 1908",order_rule,XI,21,CPC_1908_ORD_XI_R_21,Order XI Rule 21,DISCOVERY AND INSPECTION: Non­compliance with order for discovery,"{""federal"": ""in_force"", ""punjab"": ""in_force"", ""sindh"": ""in_force"", ""kp"": ""in_force"", ""balochistan"": ""in_force""}",,"Pakistan Code (pakistancode.gov.pk), Act No. V of 1908; https://pakistancode.gov.pk/pdffiles/administrator6598dabbad120033d4d42d717dcf9755.pdf",2026-09-23
CPC_1908,"Code of Civil Procedure, 1908",order_rule,XI,22,CPC_1908_ORD_XI_R_22,Order XI Rule 22,DISCOVERY AND INSPECTION: Using answers to interrogatories at trial,"{""federal"": ""in_force"", ""punjab"": ""in_force"", ""sindh"": ""in_force"", ""kp"": ""in_force"", ""balochistan"": ""in_force""}",,"Pakistan Code (pakistancode.gov.pk), Act No. V of 1908; https://pakistancode.gov.pk/pdffiles/administrator6598dabbad120033d4d42d717dcf9755.pdf",2026-09-23
CPC_1908,"Code of Civil Procedure, 1908",order_rule,XI,23,CPC_1908_ORD_XI_R_23,Order XI Rule 23,DISCOVERY AND INSPECTION: Order to apply to minors,"{""federal"": ""in_force"", ""punjab"": ""in_force"", ""sindh"": ""in_force"", ""kp"": ""in_force"", ""balochistan"": ""in_force""}",,"Pakistan Code (pakistancode.gov.pk), Act No. V of 1908; https://pakistancode.gov.pk/pdffiles/administrator6598dabbad120033d4d42d717dcf9755.pdf",2026-09-23
CPC_1908,"Code of Civil Procedure, 1908",order_rule,XII,1,CPC_1908_ORD_XII_R_1,Order XII Rule 1,ADMISSIONS: Notice of admission of case,"{""federal"": ""in_force"", ""punjab"": ""in_force"", ""sindh"": ""in_force"", ""kp"": ""in_force"", ""balochistan"": ""in_force""}",,"Pakistan Code (pakistancode.gov.pk), Act No. V of 1908; https://pakistancode.gov.pk/pdffiles/administrator6598dabbad120033d4d42d717dcf9755.pdf",2026-09-23
CPC_1908,"Code of Civil Procedure, 1908",order_rule,XII,2,CPC_1908_ORD_XII_R_2,Order XII Rule 2,ADMISSIONS: Notice to admit documents,"{""federal"": ""in_force"", ""punjab"": ""in_force"", ""sindh"": ""in_force"", ""kp"": ""in_force"", ""balochistan"": ""in_force""}",,"Pakistan Code (pakistancode.gov.pk), Act No. V of 1908; https://pakistancode.gov.pk/pdffiles/administrator6598dabbad120033d4d42d717dcf9755.pdf",2026-09-23
CPC_1908,"Code of Civil Procedure, 1908",order_rule,XII,3,CPC_1908_ORD_XII_R_3,Order XII Rule 3,ADMISSIONS: Form of notice. A notice to admit documents shall be in F orm No,"{""federal"": ""in_force"", ""punjab"": ""in_force"", ""sindh"": ""in_force"", ""kp"": ""in_force"", ""balochistan"": ""in_force""}",,"Pakistan Code (pakistancode.gov.pk), Act No. V of 1908; https://pakistancode.gov.pk/pdffiles/administrator6598dabbad120033d4d42d717dcf9755.pdf",2026-09-23
CPC_1908,"Code of Civil Procedure, 1908",order_rule,XII,4,CPC_1908_ORD_XII_R_4,Order XII Rule 4,ADMISSIONS: Notice to admit facts,"{""federal"": ""in_force"", ""punjab"": ""in_force"", ""sindh"": ""in_force"", ""kp"": ""in_force"", ""balochistan"": ""in_force""}",,"Pakistan Code (pakistancode.gov.pk), Act No. V of 1908; https://pakistancode.gov.pk/pdffiles/administrator6598dabbad120033d4d42d717dcf9755.pdf",2026-09-23
CPC_1908,"Code of Civil Procedure, 1908",order_rule,XII,5,CPC_1908_ORD_XII_R_5,Order XII Rule 5,ADMISSIONS: Forms of admission. A notice to admit facts shall be in Form No,"{""federal"": ""in_force"", ""punjab"": ""in_force"", ""sindh"": ""in_force"", ""kp"": ""in_force"", ""balochistan"": ""in_force""}",,"Pakistan Code (pakistancode.gov.pk), Act No. V of 1908; https://pakistancode.gov.pk/pdffiles/administrator6598dabbad120033d4d42d717dcf9755.pdf",2026-09-23
CPC_1908,"Code of Civil Procedure, 1908",order_rule,XII,6,CPC_1908_ORD_XII_R_6,Order XII Rule 6,ADMISSIONS: Judgment on admissions,"{""federal"": ""in_force"", ""punjab"": ""in_force"", ""sindh"": ""in_force"", ""kp"": ""in_force"", ""balochistan"": ""in_force""}",,"Pakistan Code (pakistancode.gov.pk), Act No. V of 1908; https://pakistancode.gov.pk/pdffiles/administrator6598dabbad120033d4d42d717dcf9755.pdf",2026-09-23
CPC_1908,"Code of Civil Procedure, 1908",order_rule,XII,7,CPC_1908_ORD_XII_R_7,Order XII Rule 7,ADMISSIONS: Affidavit of signature,"{""federal"": ""in_force"", ""punjab"": ""in_force"", ""sindh"": ""in_force"", ""kp"": ""in_force"", ""balochistan"": ""in_force""}",,"Pakistan Code (pakistancode.gov.pk), Act No. V of 1908; https://pakistancode.gov.pk/pdffiles/administrator6598dabbad120033d4d42d717dcf9755.pdf",2026-09-23
CPC_1908,"Code of Civil Procedure, 1908",order_rule,XII,8,CPC_1908_ORD_XII_R_8,Order XII Rule 8,ADMISSIONS: Notice to produce documents.  Notice to produce docu ments shall be in Form No,"{""federal"": ""in_force"", ""punjab"": ""in_force"", ""sindh"": ""in_force"", ""kp"": ""in_force"", ""balochistan"": ""in_force""}",,"Pakistan Code (pakistancode.gov.pk), Act No. V of 1908; https://pakistancode.gov.pk/pdffiles/administrator6598dabbad120033d4d42d717dcf9755.pdf",2026-09-23
CPC_1908,"Code of Civil Procedure, 1908",order_rule,XII,9,CPC_1908_ORD_XII_R_9,Order XII Rule 9,ADMISSIONS: Costs,"{""federal"": ""in_force"", ""punjab"": ""in_force"", ""sindh"": ""in_force"", ""kp"": ""in_force"", ""balochistan"": ""in_force""}",,"Pakistan Code (pakistancode.gov.pk), Act No. V of 1908; https://pakistancode.gov.pk/pdffiles/administrator6598dabbad120033d4d42d717dcf9755.pdf",2026-09-23
CPC_1908,"Code of Civil Procedure, 1908",order_rule,XIII,1,CPC_1908_ORD_XIII_R_1,Order XIII Rule 1,"PRODUCTION, IMPOUNDING AND RETURN OF DOCUMENTS: Documentary evidence to be produced at first hearing","{""federal"": ""in_force"", ""punjab"": ""in_force"", ""sindh"": ""in_force"", ""kp"": ""in_force"", ""balochistan"": ""in_force""}",,"Pakistan Code (pakistancode.gov.pk), Act No. V of 1908; https://pakistancode.gov.pk/pdffiles/administrator6598dabbad120033d4d42d717dcf9755.pdf",2026-09-23
CPC_1908,"Code of Civil Procedure, 1908",order_rule,XIII,2,CPC_1908_ORD_XIII_R_2,Order XIII Rule 2,"PRODUCTION, IMPOUNDING AND RETURN OF DOCUMENTS: Effect of non­production of documents","{""federal"": ""in_force"", ""punjab"": ""in_force"", ""sindh"": ""in_force"", ""kp"": ""in_force"", ""balochistan"": ""in_force""}",,"Pakistan Code (pakistancode.gov.pk), Act No. V of 1908; https://pakistancode.gov.pk/pdffiles/administrator6598dabbad120033d4d42d717dcf9755.pdf",2026-09-23
CPC_1908,"Code of Civil Procedure, 1908",order_rule,XIII,3,CPC_1908_ORD_XIII_R_3,Order XIII Rule 3,"PRODUCTION, IMPOUNDING AND RETURN OF DOCUMENTS: Rejection of irrelevant or inadmissible documents","{""federal"": ""in_force"", ""punjab"": ""in_force"", ""sindh"": ""in_force"", ""kp"": ""in_force"", ""balochistan"": ""in_force""}",,"Pakistan Code (pakistancode.gov.pk), Act No. V of 1908; https://pakistancode.gov.pk/pdffiles/administrator6598dabbad120033d4d42d717dcf9755.pdf",2026-09-23
CPC_1908,"Code of Civil Procedure, 1908",order_rule,XIII,4,CPC_1908_ORD_XIII_R_4,Order XIII Rule 4,"PRODUCTION, IMPOUNDING AND RETURN OF DOCUMENTS: Endorsement on documents admitted in evidence.","{""federal"": ""in_force"", ""punjab"": ""in_force"", ""sindh"": ""in_force"", ""kp"": ""in_force"", ""balochistan"": ""in_force""}",,"Pakistan Code (pakistancode.gov.pk), Act No. V of 1908; https://pakistancode.gov.pk/pdffiles/administrator6598dabbad120033d4d42d717dcf9755.pdf",2026-09-23
CPC_1908,"Code of Civil Procedure, 1908",order_rule,XIII,5,CPC_1908_ORD_XIII_R_5,Order XIII Rule 5,"PRODUCTION, IMPOUNDING AND RETURN OF DOCUMENTS: Endorsements on copies of admitted entries in books, accounts and records","{""federal"": ""in_force"", ""punjab"": ""in_force"", ""sindh"": ""in_force"", ""kp"": ""in_force"", ""balochistan"": ""in_force""}",,"Pakistan Code (pakistancode.gov.pk), Act No. V of 1908; https://pakistancode.gov.pk/pdffiles/administrator6598dabbad120033d4d42d717dcf9755.pdf",2026-09-23
CPC_1908,"Code of Civil Procedure, 1908",order_rule,XIII,6,CPC_1908_ORD_XIII_R_6,Order XIII Rule 6,"PRODUCTION, IMPOUNDING AND RETURN OF DOCUMENTS: Endorsements on documents rejected as inadmissible in evidence","{""federal"": ""in_force"", ""punjab"": ""in_force"", ""sindh"": ""in_force"", ""kp"": ""in_force"", ""balochistan"": ""in_force""}",,"Pakistan Code (pakistancode.gov.pk), Act No. V of 1908; https://pakistancode.gov.pk/pdffiles/administrator6598dabbad120033d4d42d717dcf9755.pdf",2026-09-23
CPC_1908,"Code of Civil Procedure, 1908",order_rule,XIII,7,CPC_1908_ORD_XIII_R_7,Order XIII Rule 7,"PRODUCTION, IMPOUNDING AND RETURN OF DOCUMENTS: Recording of admitted and return of rejected documents","{""federal"": ""in_force"", ""punjab"": ""in_force"", ""sindh"": ""in_force"", ""kp"": ""in_force"", ""balochistan"": ""in_force""}",,"Pakistan Code (pakistancode.gov.pk), Act No. V of 1908; https://pakistancode.gov.pk/pdffiles/administrator6598dabbad120033d4d42d717dcf9755.pdf",2026-09-23
CPC_1908,"Code of Civil Procedure, 1908",order_rule,XIII,8,CPC_1908_ORD_XIII_R_8,Order XIII Rule 8,"PRODUCTION, IMPOUNDING AND RETURN OF DOCUMENTS: Court may order any document to be impounded","{""federal"": ""in_force"", ""punjab"": ""in_force"", ""sindh"": ""in_force"", ""kp"": ""in_force"", ""balochistan"": ""in_force""}",,"Pakistan Code (pakistancode.gov.pk), Act No. V of 1908; https://pakistancode.gov.pk/pdffiles/administrator6598dabbad120033d4d42d717dcf9755.pdf",2026-09-23
CPC_1908,"Code of Civil Procedure, 1908",order_rule,XIII,9,CPC_1908_ORD_XIII_R_9,Order XIII Rule 9,"PRODUCTION, IMPOUNDING AND RETURN OF DOCUMENTS: Return of admitted documents","{""federal"": ""in_force"", ""punjab"": ""in_force"", ""sindh"": ""in_force"", ""kp"": ""in_force"", ""balochistan"": ""in_force""}",,"Pakistan Code (pakistancode.gov.pk), Act No. V of 1908; https://pakistancode.gov.pk/pdffiles/administrator6598dabbad120033d4d42d717dcf9755.pdf",2026-09-23
CPC_1908,"Code of Civil Procedure, 1908",order_rule,XIII,10,CPC_1908_ORD_XIII_R_10,Order XIII Rule 10,"PRODUCTION, IMPOUNDING AND RETURN OF DOCUMENTS: Court may send for papers from its own records or from other Courts","{""federal"": ""in_force"", ""punjab"": ""in_force"", ""sindh"": ""in_force"", ""kp"": ""in_force"", ""balochistan"": ""in_force""}",,"Pakistan Code (pakistancode.gov.pk), Act No. V of 1908; https://pakistancode.gov.pk/pdffiles/administrator6598dabbad120033d4d42d717dcf9755.pdf",2026-09-23
CPC_1908,"Code of Civil Procedure, 1908",order_rule,XIII,11,CPC_1908_ORD_XIII_R_11,Order XIII Rule 11,"PRODUCTION, IMPOUNDING AND RETURN OF DOCUMENTS: Provisions as to documents applied to material objects","{""federal"": ""in_force"", ""punjab"": ""in_force"", ""sindh"": ""in_force"", ""kp"": ""in_force"", ""balochistan"": ""in_force""}",,"Pakistan Code (pakistancode.gov.pk), Act No. V of 1908; https://pakistancode.gov.pk/pdffiles/administrator6598dabbad120033d4d42d717dcf9755.pdf",2026-09-23
CPC_1908,"Code of Civil Procedure, 1908",order_rule,XIV,1,CPC_1908_ORD_XIV_R_1,Order XIV Rule 1,SETTLEMENT OF ISSUES AND DETERMINATION OF SUIT ON ISSUES OF LAW OR: Framing of issues,"{""federal"": ""in_force"", ""punjab"": ""in_force"", ""sindh"": ""in_force"", ""kp"": ""in_force"", ""balochistan"": ""in_force""}",,"Pakistan Code (pakistancode.gov.pk), Act No. V of 1908; https://pakistancode.gov.pk/pdffiles/administrator6598dabbad120033d4d42d717dcf9755.pdf",2026-09-23
CPC_1908,"Code of Civil Procedure, 1908",order_rule,XIV,2,CPC_1908_ORD_XIV_R_2,Order XIV Rule 2,SETTLEMENT OF ISSUES AND DETERMINATION OF SUIT ON ISSUES OF LAW OR: Issue of law and fact,"{""federal"": ""in_force"", ""punjab"": ""in_force"", ""sindh"": ""in_force"", ""kp"": ""in_force"", ""balochistan"": ""in_force""}",,"Pakistan Code (pakistancode.gov.pk), Act No. V of 1908; https://pakistancode.gov.pk/pdffiles/administrator6598dabbad120033d4d42d717dcf9755.pdf",2026-09-23
CPC_1908,"Code of Civil Procedure, 1908",order_rule,XIV,3,CPC_1908_ORD_XIV_R_3,Order XIV Rule 3,SETTLEMENT OF ISSUES AND DETERMINATION OF SUIT ON ISSUES OF LAW OR: Materials from which issues may be framed,"{""federal"": ""in_force"", ""punjab"": ""in_force"", ""sindh"": ""in_force"", ""kp"": ""in_force"", ""balochistan"": ""in_force""}",,"Pakistan Code (pakistancode.gov.pk), Act No. V of 1908; https://pakistancode.gov.pk/pdffiles/administrator6598dabbad120033d4d42d717dcf9755.pdf",2026-09-23
CPC_1908,"Code of Civil Procedure, 1908",order_rule,XIV,4,CPC_1908_ORD_XIV_R_4,Order XIV Rule 4,SETTLEMENT OF ISSUES AND DETERMINATION OF SUIT ON ISSUES OF LAW OR: Court may examine witnesses or documents before framing issues,"{""federal"": ""in_force"", ""punjab"": ""in_force"", ""sindh"": ""in_force"", ""kp"": ""in_force"", ""balochistan"": ""in_force""}",,"Pakistan Code (pakistancode.gov.pk), Act No. V of 1908; https://pakistancode.gov.pk/pdffiles/administrator6598dabbad120033d4d42d717dcf9755.pdf",2026-09-23
CPC_1908,"Code of Civil Procedure, 1908",order_rule,XIV,5,CPC_1908_ORD_XIV_R_5,Order XIV Rule 5,"SETTLEMENT OF ISSUES AND DETERMINATION OF SUIT ON ISSUES OF LAW OR: Power to amend, and strike out, issues.","{""federal"": ""in_force"", ""punjab"": ""in_force"", ""sindh"": ""in_force"", ""kp"": ""in_force"", ""balochistan"": ""in_force""}",,"Pakistan Code (pakistancode.gov.pk), Act No. V of 1908; https://pakistancode.gov.pk/pdffiles/administrator6598dabbad120033d4d42d717dcf9755.pdf",2026-09-23
CPC_1908,"Code of Civil Procedure, 1908",order_rule,XIV,6,CPC_1908_ORD_XIV_R_6,Order XIV Rule 6,SETTLEMENT OF ISSUES AND DETERMINATION OF SUIT ON ISSUES OF LAW OR: Questions of fact or law may by agreement be stated in form of issues,"{""federal"": ""in_force"", ""punjab"": ""in_force"", ""sindh"": ""in_force"", ""kp"": ""in_force"", ""balochistan"": ""in_force""}",,"Pakistan Code (pakistancode.gov.pk), Act No. V of 1908; https://pakistancode.gov.pk/pdffiles/administrator6598dabbad120033d4d42d717dcf9755.pdf",2026-09-23
CPC_1908,"Code of Civil Procedure, 1908",order_rule,XIV,7,CPC_1908_ORD_XIV_R_7,Order XIV Rule 7,"SETTLEMENT OF ISSUES AND DETERMINATION OF SUIT ON ISSUES OF LAW OR: Court, if satisfied that agreement was executed in good faith, may pronounce judgment","{""federal"": ""in_force"", ""punjab"": ""in_force"", ""sindh"": ""in_force"", ""kp"": ""in_force"", ""balochistan"": ""in_force""}",,"Pakistan Code (pakistancode.gov.pk), Act No. V of 1908; https://pakistancode.gov.pk/pdffiles/administrator6598dabbad120033d4d42d717dcf9755.pdf",2026-09-23
CPC_1908,"Code of Civil Procedure, 1908",order_rule,XV,1,CPC_1908_ORD_XV_R_1,Order XV Rule 1,DISPOSAL OF THE SUIT AT THE FIRST HEARING: Parties not at issue,"{""federal"": ""in_force"", ""punjab"": ""in_force"", ""sindh"": ""in_force"", ""kp"": ""in_force"", ""balochistan"": ""in_force""}",,"Pakistan Code (pakistancode.gov.pk), Act No. V of 1908; https://pakistancode.gov.pk/pdffiles/administrator6598dabbad120033d4d42d717dcf9755.pdf",2026-09-23
CPC_1908,"Code of Civil Procedure, 1908",order_rule,XV,2,CPC_1908_ORD_XV_R_2,Order XV Rule 2,DISPOSAL OF THE SUIT AT THE FIRST HEARING: One of several a defendants not at issue,"{""federal"": ""in_force"", ""punjab"": ""in_force"", ""sindh"": ""in_force"", ""kp"": ""in_force"", ""balochistan"": ""in_force""}",,"Pakistan Code (pakistancode.gov.pk), Act No. V of 1908; https://pakistancode.gov.pk/pdffiles/administrator6598dabbad120033d4d42d717dcf9755.pdf",2026-09-23
CPC_1908,"Code of Civil Procedure, 1908",order_rule,XV,3,CPC_1908_ORD_XV_R_3,Order XV Rule 3,DISPOSAL OF THE SUIT AT THE FIRST HEARING: Parties at issue,"{""federal"": ""in_force"", ""punjab"": ""in_force"", ""sindh"": ""in_force"", ""kp"": ""in_force"", ""balochistan"": ""in_force""}",,"Pakistan Code (pakistancode.gov.pk), Act No. V of 1908; https://pakistancode.gov.pk/pdffiles/administrator6598dabbad120033d4d42d717dcf9755.pdf",2026-09-23
CPC_1908,"Code of Civil Procedure, 1908",order_rule,XV,4,CPC_1908_ORD_XV_R_4,Order XV Rule 4,DISPOSAL OF THE SUIT AT THE FIRST HEARING: Failure to provide evidence,"{""federal"": ""in_force"", ""punjab"": ""in_force"", ""sindh"": ""in_force"", ""kp"": ""in_force"", ""balochistan"": ""in_force""}",,"Pakistan Code (pakistancode.gov.pk), Act No. V of 1908; https://pakistancode.gov.pk/pdffiles/administrator6598dabbad120033d4d42d717dcf9755.pdf",2026-09-23
CPC_1908,"Code of Civil Procedure, 1908",order_rule,XVI,1,CPC_1908_ORD_XVI_R_1,Order XVI Rule 1,SUMMONING AND ATTENDANCE OF WITNESSES: Summons to attend to give evidence o r produce documents,"{""federal"": ""in_force"", ""punjab"": ""in_force"", ""sindh"": ""in_force"", ""kp"": ""in_force"", ""balochistan"": ""in_force""}",,"Pakistan Code (pakistancode.gov.pk), Act No. V of 1908; https://pakistancode.gov.pk/pdffiles/administrator6598dabbad120033d4d42d717dcf9755.pdf",2026-09-23
CPC_1908,"Code of Civil Procedure, 1908",order_rule,XVI,2,CPC_1908_ORD_XVI_R_2,Order XVI Rule 2,SUMMONING AND ATTENDANCE OF WITNESSES: Expenses of witness to be paid into Court on applying for summons.,"{""federal"": ""in_force"", ""punjab"": ""in_force"", ""sindh"": ""in_force"", ""kp"": ""in_force"", ""balochistan"": ""in_force""}",,"Pakistan Code (pakistancode.gov.pk), Act No. V of 1908; https://pakistancode.gov.pk/pdffiles/administrator6598dabbad120033d4d42d717dcf9755.pdf",2026-09-23
CPC_1908,"Code of Civil Procedure, 1908",order_rule,XVI,3,CPC_1908_ORD_XVI_R_3,Order XVI Rule 3,SUMMONING AND ATTENDANCE OF WITNESSES: Tender of expenses to witness,"{""federal"": ""in_force"", ""punjab"": ""in_force"", ""sindh"": ""in_force"", ""kp"": ""in_force"", ""balochistan"": ""in_force""}",,"Pakistan Code (pakistancode.gov.pk), Act No. V of 1908; https://pakistancode.gov.pk/pdffiles/administrator6598dabbad120033d4d42d717dcf9755.pdf",2026-09-23
CPC_1908,"Code of Civil Procedure, 1908",order_rule,XVI,4,CPC_1908_ORD_XVI_R_4,Order XVI Rule 4,SUMMONING AND ATTENDANCE OF WITNESSES: Procedure  where  insufficient  sum paid in,"{""federal"": ""in_force"", ""punjab"": ""in_force"", ""sindh"": ""in_force"", ""kp"": ""in_force"", ""balochistan"": ""in_force""}",,"Pakistan Code (pakistancode.gov.pk), Act No. V of 1908; https://pakistancode.gov.pk/pdffiles/administrator6598dabbad120033d4d42d717dcf9755.pdf",2026-09-23
CPC_1908,"Code of Civil Procedure, 1908",order_rule,XVI,5,CPC_1908_ORD_XVI_R_5,Order XVI Rule 5,"SUMMONING AND ATTENDANCE OF WITNESSES: Time, place and purpose of attendance to be specified in summons","{""federal"": ""in_force"", ""punjab"": ""in_force"", ""sindh"": ""in_force"", ""kp"": ""in_force"", ""balochistan"": ""in_force""}",,"Pakistan Code (pakistancode.gov.pk), Act No. V of 1908; https://pakistancode.gov.pk/pdffiles/administrator6598dabbad120033d4d42d717dcf9755.pdf",2026-09-23
CPC_1908,"Code of Civil Procedure, 1908",order_rule,XVI,6,CPC_1908_ORD_XVI_R_6,Order XVI Rule 6,SUMMONING AND ATTENDANCE OF WITNESSES: Summons to produce document,"{""federal"": ""in_force"", ""punjab"": ""in_force"", ""sindh"": ""in_force"", ""kp"": ""in_force"", ""balochistan"": ""in_force""}",,"Pakistan Code (pakistancode.gov.pk), Act No. V of 1908; https://pakistancode.gov.pk/pdffiles/administrator6598dabbad120033d4d42d717dcf9755.pdf",2026-09-23
CPC_1908,"Code of Civil Procedure, 1908",order_rule,XVI,7,CPC_1908_ORD_XVI_R_7,Order XVI Rule 7,SUMMONING AND ATTENDANCE OF WITNESSES: Power to require persons present in Court to give evidence or produce document,"{""federal"": ""in_force"", ""punjab"": ""in_force"", ""sindh"": ""in_force"", ""kp"": ""in_force"", ""balochistan"": ""in_force""}",,"Pakistan Code (pakistancode.gov.pk), Act No. V of 1908; https://pakistancode.gov.pk/pdffiles/administrator6598dabbad120033d4d42d717dcf9755.pdf",2026-09-23
CPC_1908,"Code of Civil Procedure, 1908",order_rule,XVI,8,CPC_1908_ORD_XVI_R_8,Order XVI Rule 8,SUMMONING AND ATTENDANCE OF WITNESSES: Service of summons by Court,"{""federal"": ""in_force"", ""punjab"": ""in_force"", ""sindh"": ""in_force"", ""kp"": ""in_force"", ""balochistan"": ""in_force""}",,"Pakistan Code (pakistancode.gov.pk), Act No. V of 1908; https://pakistancode.gov.pk/pdffiles/administrator6598dabbad120033d4d42d717dcf9755.pdf",2026-09-23
CPC_1908,"Code of Civil Procedure, 1908",order_rule,XVI,9,CPC_1908_ORD_XVI_R_9,Order XVI Rule 9,SUMMONING AND ATTENDANCE OF WITNESSES: Time for serving summons,"{""federal"": ""in_force"", ""punjab"": ""in_force"", ""sindh"": ""in_force"", ""kp"": ""in_force"", ""balochistan"": ""in_force""}",,"Pakistan Code (pakistancode.gov.pk), Act No. V of 1908; https://pakistancode.gov.pk/pdffiles/administrator6598dabbad120033d4d42d717dcf9755.pdf",2026-09-23
CPC_1908,"Code of Civil Procedure, 1908",order_rule,XVI,10,CPC_1908_ORD_XVI_R_10,Order XVI Rule 10,SUMMONING AND ATTENDANCE OF WITNESSES: Procedure where  witness fails to  comply with summons,"{""federal"": ""in_force"", ""punjab"": ""in_force"", ""sindh"": ""in_force"", ""kp"": ""in_force"", ""balochistan"": ""in_force""}",,"Pakistan Code (pakistancode.gov.pk), Act No. V of 1908; https://pakistancode.gov.pk/pdffiles/administrator6598dabbad120033d4d42d717dcf9755.pdf",2026-09-23
CPC_1908,"Code of Civil Procedure, 1908",order_rule,XVI,11,CPC_1908_ORD_XVI_R_11,Order XVI Rule 11,SUMMONING AND ATTENDANCE OF WITNESSES: If witness appears attachment may be withdrawn,"{""federal"": ""in_force"", ""punjab"": ""in_force"", ""sindh"": ""in_force"", ""kp"": ""in_force"", ""balochistan"": ""in_force""}",,"Pakistan Code (pakistancode.gov.pk), Act No. V of 1908; https://pakistancode.gov.pk/pdffiles/administrator6598dabbad120033d4d42d717dcf9755.pdf",2026-09-23
CPC_1908,"Code of Civil Procedure, 1908",order_rule,XVI,12,CPC_1908_ORD_XVI_R_12,Order XVI Rule 12,SUMMONING AND ATTENDANCE OF WITNESSES: Procedure if witness fails to appear,"{""federal"": ""in_force"", ""punjab"": ""in_force"", ""sindh"": ""in_force"", ""kp"": ""in_force"", ""balochistan"": ""in_force""}",,"Pakistan Code (pakistancode.gov.pk), Act No. V of 1908; https://pakistancode.gov.pk/pdffiles/administrator6598dabbad120033d4d42d717dcf9755.pdf",2026-09-23
CPC_1908,"Code of Civil Procedure, 1908",order_rule,XVI,13,CPC_1908_ORD_XVI_R_13,Order XVI Rule 13,SUMMONING AND ATTENDANCE OF WITNESSES: Mode of attachment,"{""federal"": ""in_force"", ""punjab"": ""in_force"", ""sindh"": ""in_force"", ""kp"": ""in_force"", ""balochistan"": ""in_force""}",,"Pakistan Code (pakistancode.gov.pk), Act No. V of 1908; https://pakistancode.gov.pk/pdffiles/administrator6598dabbad120033d4d42d717dcf9755.pdf",2026-09-23
CPC_1908,"Code of Civil Procedure, 1908",order_rule,XVI,14,CPC_1908_ORD_XVI_R_14,Order XVI Rule 14,SUMMONING AND ATTENDANCE OF WITNESSES: Court may of its accord summon as witnesses strangers to suit,"{""federal"": ""in_force"", ""punjab"": ""in_force"", ""sindh"": ""in_force"", ""kp"": ""in_force"", ""balochistan"": ""in_force""}",,"Pakistan Code (pakistancode.gov.pk), Act No. V of 1908; https://pakistancode.gov.pk/pdffiles/administrator6598dabbad120033d4d42d717dcf9755.pdf",2026-09-23
CPC_1908,"Code of Civil Procedure, 1908",order_rule,XVI,15,CPC_1908_ORD_XVI_R_15,Order XVI Rule 15,SUMMONING AND ATTENDANCE OF WITNESSES: Duty of persons summoned to give evidence or produce document,"{""federal"": ""in_force"", ""punjab"": ""in_force"", ""sindh"": ""in_force"", ""kp"": ""in_force"", ""balochistan"": ""in_force""}",,"Pakistan Code (pakistancode.gov.pk), Act No. V of 1908; https://pakistancode.gov.pk/pdffiles/administrator6598dabbad120033d4d42d717dcf9755.pdf",2026-09-23
CPC_1908,"Code of Civil Procedure, 1908",order_rule,XVI,16,CPC_1908_ORD_XVI_R_16,Order XVI Rule 16,SUMMONING AND ATTENDANCE OF WITNESSES: When they may depart,"{""federal"": ""in_force"", ""punjab"": ""in_force"", ""sindh"": ""in_force"", ""kp"": ""in_force"", ""balochistan"": ""in_force""}",,"Pakistan Code (pakistancode.gov.pk), Act No. V of 1908; https://pakistancode.gov.pk/pdffiles/administrator6598dabbad120033d4d42d717dcf9755.pdf",2026-09-23
CPC_1908,"Code of Civil Procedure, 1908",order_rule,XVI,17,CPC_1908_ORD_XVI_R_17,Order XVI Rule 17,SUMMONING AND ATTENDANCE OF WITNESSES: Application of rules 10 to 13,"{""federal"": ""in_force"", ""punjab"": ""in_force"", ""sindh"": ""in_force"", ""kp"": ""in_force"", ""balochistan"": ""in_force""}",,"Pakistan Code (pakistancode.gov.pk), Act No. V of 1908; https://pakistancode.gov.pk/pdffiles/administrator6598dabbad120033d4d42d717dcf9755.pdf",2026-09-23
CPC_1908,"Code of Civil Procedure, 1908",order_rule,XVI,18,CPC_1908_ORD_XVI_R_18,Order XVI Rule 18,SUMMONING AND ATTENDANCE OF WITNESSES: Procedure where witness apprehended cannot give evidence or produce document,"{""federal"": ""in_force"", ""punjab"": ""in_force"", ""sindh"": ""in_force"", ""kp"": ""in_force"", ""balochistan"": ""in_force""}",,"Pakistan Code (pakistancode.gov.pk), Act No. V of 1908; https://pakistancode.gov.pk/pdffiles/administrator6598dabbad120033d4d42d717dcf9755.pdf",2026-09-23
CPC_1908,"Code of Civil Procedure, 1908",order_rule,XVI,19,CPC_1908_ORD_XVI_R_19,Order XVI Rule 19,SUMMONING AND ATTENDANCE OF WITNESSES: No witness to be ordered to attend in person unless resident within certain limits,"{""federal"": ""in_force"", ""punjab"": ""in_force"", ""sindh"": ""in_force"", ""kp"": ""in_force"", ""balochistan"": ""in_force""}",,"Pakistan Code (pakistancode.gov.pk), Act No. V of 1908; https://pakistancode.gov.pk/pdffiles/administrator6598dabbad120033d4d42d717dcf9755.pdf",2026-09-23
CPC_1908,"Code of Civil Procedure, 1908",order_rule,XVI,20,CPC_1908_ORD_XVI_R_20,Order XVI Rule 20,SUMMONING AND ATTENDANCE OF WITNESSES: Consequence of refusal of party to give evidence when called on by Court,"{""federal"": ""in_force"", ""punjab"": ""in_force"", ""sindh"": ""in_force"", ""kp"": ""in_force"", ""balochistan"": ""in_force""}",,"Pakistan Code (pakistancode.gov.pk), Act No. V of 1908; https://pakistancode.gov.pk/pdffiles/administrator6598dabbad120033d4d42d717dcf9755.pdf",2026-09-23
CPC_1908,"Code of Civil Procedure, 1908",order_rule,XVI,21,CPC_1908_ORD_XVI_R_21,Order XVI Rule 21,SUMMONING AND ATTENDANCE OF WITNESSES: Rules as to witnesses to apply to parties summoned,"{""federal"": ""in_force"", ""punjab"": ""in_force"", ""sindh"": ""in_force"", ""kp"": ""in_force"", ""balochistan"": ""in_force""}",,"Pakistan Code (pakistancode.gov.pk), Act No. V of 1908; https://pakistancode.gov.pk/pdffiles/administrator6598dabbad120033d4d42d717dcf9755.pdf",2026-09-23
CPC_1908,"Code of Civil Procedure, 1908",order_rule,XVII,1,CPC_1908_ORD_XVII_R_1,Order XVII Rule 1,ADJOURNMENTS: Court may grant time and adjourn hearing,"{""federal"": ""in_force"", ""punjab"": ""in_force"", ""sindh"": ""in_force"", ""kp"": ""in_force"", ""balochistan"": ""in_force""}",,"Pakistan Code (pakistancode.gov.pk), Act No. V of 1908; https://pakistancode.gov.pk/pdffiles/administrator6598dabbad120033d4d42d717dcf9755.pdf",2026-09-23
CPC_1908,"Code of Civil Procedure, 1908",order_rule,XVII,2,CPC_1908_ORD_XVII_R_2,Order XVII Rule 2,ADJOURNMENTS: Costs of adjournment,"{""federal"": ""in_force"", ""punjab"": ""in_force"", ""sindh"": ""in_force"", ""kp"": ""in_force"", ""balochistan"": ""in_force""}",,"Pakistan Code (pakistancode.gov.pk), Act No. V of 1908; https://pakistancode.gov.pk/pdffiles/administrator6598dabbad120033d4d42d717dcf9755.pdf",2026-09-23
CPC_1908,"Code of Civil Procedure, 1908",order_rule,XVII,3,CPC_1908_ORD_XVII_R_3,Order XVII Rule 3,"ADJOURNMENTS: Court may proceed not withstanding either party fails to produce evidence, etc","{""federal"": ""in_force"", ""punjab"": ""in_force"", ""sindh"": ""in_force"", ""kp"": ""in_force"", ""balochistan"": ""in_force""}",,"Pakistan Code (pakistancode.gov.pk), Act No. V of 1908; https://pakistancode.gov.pk/pdffiles/administrator6598dabbad120033d4d42d717dcf9755.pdf",2026-09-23
CPC_1908,"Code of Civil Procedure, 1908",order_rule,XVII,4,CPC_1908_ORD_XVII_R_4,Order XVII Rule 4,ADJOURNMENTS: Appearance of parties on the day next after holiday,"{""federal"": ""in_force"", ""punjab"": ""in_force"", ""sindh"": ""in_force"", ""kp"": ""in_force"", ""balochistan"": ""in_force""}",,"Pakistan Code (pakistancode.gov.pk), Act No. V of 1908; https://pakistancode.gov.pk/pdffiles/administrator6598dabbad120033d4d42d717dcf9755.pdf",2026-09-23
CPC_1908,"Code of Civil Procedure, 1908",order_rule,XVII,5,CPC_1908_ORD_XVII_R_5,Order XVII Rule 5,ADJOURNMENTS: Appearance of parties on the day when the presiding officer is absent,"{""federal"": ""in_force"", ""punjab"": ""in_force"", ""sindh"": ""in_force"", ""kp"": ""in_force"", ""balochistan"": ""in_force""}",,"Pakistan Code (pakistancode.gov.pk), Act No. V of 1908; https://pakistancode.gov.pk/pdffiles/administrator6598dabbad120033d4d42d717dcf9755.pdf",2026-09-23
CPC_1908,"Code of Civil Procedure, 1908",order_rule,XVIII,1,CPC_1908_ORD_XVIII_R_1,Order XVIII Rule 1,HEARING OF THE SUIT AND EXAMINATION OF WITNESSES: Right to begin,"{""federal"": ""in_force"", ""punjab"": ""in_force"", ""sindh"": ""in_force"", ""kp"": ""in_force"", ""balochistan"": ""in_force""}",,"Pakistan Code (pakistancode.gov.pk), Act No. V of 1908; https://pakistancode.gov.pk/pdffiles/administrator6598dabbad120033d4d42d717dcf9755.pdf",2026-09-23
CPC_1908,"Code of Civil Procedure, 1908",order_rule,XVIII,2,CPC_1908_ORD_XVIII_R_2,Order XVIII Rule 2,HEARING OF THE SUIT AND EXAMINATION OF WITNESSES: Statement and production of evidence,"{""federal"": ""in_force"", ""punjab"": ""in_force"", ""sindh"": ""in_force"", ""kp"": ""in_force"", ""balochistan"": ""in_force""}",,"Pakistan Code (pakistancode.gov.pk), Act No. V of 1908; https://pakistancode.gov.pk/pdffiles/administrator6598dabbad120033d4d42d717dcf9755.pdf",2026-09-23
CPC_1908,"Code of Civil Procedure, 1908",order_rule,XVIII,3,CPC_1908_ORD_XVIII_R_3,Order XVIII Rule 3,HEARING OF THE SUIT AND EXAMINATION OF WITNESSES: Evidence where several issues,"{""federal"": ""in_force"", ""punjab"": ""in_force"", ""sindh"": ""in_force"", ""kp"": ""in_force"", ""balochistan"": ""in_force""}",,"Pakistan Code (pakistancode.gov.pk), Act No. V of 1908; https://pakistancode.gov.pk/pdffiles/administrator6598dabbad120033d4d42d717dcf9755.pdf",2026-09-23
CPC_1908,"Code of Civil Procedure, 1908",order_rule,XVIII,4,CPC_1908_ORD_XVIII_R_4,Order XVIII Rule 4,HEARING OF THE SUIT AND EXAMINATION OF WITNESSES: Witnesses to be examined in open Court,"{""federal"": ""in_force"", ""punjab"": ""in_force"", ""sindh"": ""in_force"", ""kp"": ""in_force"", ""balochistan"": ""in_force""}",,"Pakistan Code (pakistancode.gov.pk), Act No. V of 1908; https://pakistancode.gov.pk/pdffiles/administrator6598dabbad120033d4d42d717dcf9755.pdf",2026-09-23
CPC_1908,"Code of Civil Procedure, 1908",order_rule,XVIII,5,CPC_1908_ORD_XVIII_R_5,Order XVIII Rule 5,HEARING OF THE SUIT AND EXAMINATION OF WITNESSES: How evidence shall be taken in appealable cases,"{""federal"": ""in_force"", ""punjab"": ""in_force"", ""sindh"": ""in_force"", ""kp"": ""in_force"", ""balochistan"": ""in_force""}",,"Pakistan Code (pakistancode.gov.pk), Act No. V of 1908; https://pakistancode.gov.pk/pdffiles/administrator6598dabbad120033d4d42d717dcf9755.pdf",2026-09-23
CPC_1908,"Code of Civil Procedure, 1908",order_rule,XVIII,6,CPC_1908_ORD_XVIII_R_6,Order XVIII Rule 6,HEARING OF THE SUIT AND EXAMINATION OF WITNESSES: When deposition to be interpreted,"{""federal"": ""in_force"", ""punjab"": ""in_force"", ""sindh"": ""in_force"", ""kp"": ""in_force"", ""balochistan"": ""in_force""}",,"Pakistan Code (pakistancode.gov.pk), Act No. V of 1908; https://pakistancode.gov.pk/pdffiles/administrator6598dabbad120033d4d42d717dcf9755.pdf",2026-09-23
CPC_1908,"Code of Civil Procedure, 1908",order_rule,XVIII,7,CPC_1908_ORD_XVIII_R_7,Order XVIII Rule 7,HEARING OF THE SUIT AND EXAMINATION OF WITNESSES: Evidence under section 138,"{""federal"": ""in_force"", ""punjab"": ""in_force"", ""sindh"": ""in_force"", ""kp"": ""in_force"", ""balochistan"": ""in_force""}",,"Pakistan Code (pakistancode.gov.pk), Act No. V of 1908; https://pakistancode.gov.pk/pdffiles/administrator6598dabbad120033d4d42d717dcf9755.pdf",2026-09-23
CPC_1908,"Code of Civil Procedure, 1908",order_rule,XVIII,8,CPC_1908_ORD_XVIII_R_8,Order XVIII Rule 8,HEARING OF THE SUIT AND EXAMINATION OF WITNESSES: Memorandum when evidence not taken down by judge,"{""federal"": ""in_force"", ""punjab"": ""in_force"", ""sindh"": ""in_force"", ""kp"": ""in_force"", ""balochistan"": ""in_force""}",,"Pakistan Code (pakistancode.gov.pk), Act No. V of 1908; https://pakistancode.gov.pk/pdffiles/administrator6598dabbad120033d4d42d717dcf9755.pdf",2026-09-23
CPC_1908,"Code of Civil Procedure, 1908",order_rule,XVIII,9,CPC_1908_ORD_XVIII_R_9,Order XVIII Rule 9,HEARING OF THE SUIT AND EXAMINATION OF WITNESSES: When evidence may be taken in English,"{""federal"": ""in_force"", ""punjab"": ""in_force"", ""sindh"": ""in_force"", ""kp"": ""in_force"", ""balochistan"": ""in_force""}",,"Pakistan Code (pakistancode.gov.pk), Act No. V of 1908; https://pakistancode.gov.pk/pdffiles/administrator6598dabbad120033d4d42d717dcf9755.pdf",2026-09-23
CPC_1908,"Code of Civil Procedure, 1908",order_rule,XVIII,10,CPC_1908_ORD_XVIII_R_10,Order XVIII Rule 10,HEARING OF THE SUIT AND EXAMINATION OF WITNESSES: Any particular question and answer may be taken down,"{""federal"": ""in_force"", ""punjab"": ""in_force"", ""sindh"": ""in_force"", ""kp"": ""in_force"", ""balochistan"": ""in_force""}",,"Pakistan Code (pakistancode.gov.pk), Act No. V of 1908; https://pakistancode.gov.pk/pdffiles/administrator6598dabbad120033d4d42d717dcf9755.pdf",2026-09-23
CPC_1908,"Code of Civil Procedure, 1908",order_rule,XVIII,11,CPC_1908_ORD_XVIII_R_11,Order XVIII Rule 11,HEARING OF THE SUIT AND EXAMINATION OF WITNESSES: Questions objected to and allowed by Court,"{""federal"": ""in_force"", ""punjab"": ""in_force"", ""sindh"": ""in_force"", ""kp"": ""in_force"", ""balochistan"": ""in_force""}",,"Pakistan Code (pakistancode.gov.pk), Act No. V of 1908; https://pakistancode.gov.pk/pdffiles/administrator6598dabbad120033d4d42d717dcf9755.pdf",2026-09-23
CPC_1908,"Code of Civil Procedure, 1908",order_rule,XVIII,12,CPC_1908_ORD_XVIII_R_12,Order XVIII Rule 12,HEARING OF THE SUIT AND EXAMINATION OF WITNESSES: Remarks on demeano ur of witnesses,"{""federal"": ""in_force"", ""punjab"": ""in_force"", ""sindh"": ""in_force"", ""kp"": ""in_force"", ""balochistan"": ""in_force""}",,"Pakistan Code (pakistancode.gov.pk), Act No. V of 1908; https://pakistancode.gov.pk/pdffiles/administrator6598dabbad120033d4d42d717dcf9755.pdf",2026-09-23
CPC_1908,"Code of Civil Procedure, 1908",order_rule,XVIII,13,CPC_1908_ORD_XVIII_R_13,Order XVIII Rule 13,HEARING OF THE SUIT AND EXAMINATION OF WITNESSES: Memorandum of evidence in un­appealable cases,"{""federal"": ""in_force"", ""punjab"": ""in_force"", ""sindh"": ""in_force"", ""kp"": ""in_force"", ""balochistan"": ""in_force""}",,"Pakistan Code (pakistancode.gov.pk), Act No. V of 1908; https://pakistancode.gov.pk/pdffiles/administrator6598dabbad120033d4d42d717dcf9755.pdf",2026-09-23
CPC_1908,"Code of Civil Procedure, 1908",order_rule,XVIII,14,CPC_1908_ORD_XVIII_R_14,Order XVIII Rule 14,HEARING OF THE SUIT AND EXAMINATION OF WITNESSES: Judge unable to make such memorandum to record reasons of his inability,"{""federal"": ""in_force"", ""punjab"": ""in_force"", ""sindh"": ""in_force"", ""kp"": ""in_force"", ""balochistan"": ""in_force""}",,"Pakistan Code (pakistancode.gov.pk), Act No. V of 1908; https://pakistancode.gov.pk/pdffiles/administrator6598dabbad120033d4d42d717dcf9755.pdf",2026-09-23
CPC_1908,"Code of Civil Procedure, 1908",order_rule,XVIII,15,CPC_1908_ORD_XVIII_R_15,Order XVIII Rule 15,HEARING OF THE SUIT AND EXAMINATION OF WITNESSES: Power to deal with evidence taken before ano ther Judge,"{""federal"": ""in_force"", ""punjab"": ""in_force"", ""sindh"": ""in_force"", ""kp"": ""in_force"", ""balochistan"": ""in_force""}",,"Pakistan Code (pakistancode.gov.pk), Act No. V of 1908; https://pakistancode.gov.pk/pdffiles/administrator6598dabbad120033d4d42d717dcf9755.pdf",2026-09-23
CPC_1908,"Code of Civil Procedure, 1908",order_rule,XVIII,16,CPC_1908_ORD_XVIII_R_16,Order XVIII Rule 16,HEARING OF THE SUIT AND EXAMINATION OF WITNESSES: Power   to   examine witness immediately.,"{""federal"": ""in_force"", ""punjab"": ""in_force"", ""sindh"": ""in_force"", ""kp"": ""in_force"", ""balochistan"": ""in_force""}",,"Pakistan Code (pakistancode.gov.pk), Act No. V of 1908; https://pakistancode.gov.pk/pdffiles/administrator6598dabbad120033d4d42d717dcf9755.pdf",2026-09-23
CPC_1908,"Code of Civil Procedure, 1908",order_rule,XIX,1,CPC_1908_ORD_XIX_R_1,Order XIX Rule 1,AFFIDAVITS: Power to order any point to be proved by affidavit,"{""federal"": ""in_force"", ""punjab"": ""in_force"", ""sindh"": ""in_force"", ""kp"": ""in_force"", ""balochistan"": ""in_force""}",,"Pakistan Code (pakistancode.gov.pk), Act No. V of 1908; https://pakistancode.gov.pk/pdffiles/administrator6598dabbad120033d4d42d717dcf9755.pdf",2026-09-23
CPC_1908,"Code of Civil Procedure, 1908",order_rule,XIX,2,CPC_1908_ORD_XIX_R_2,Order XIX Rule 2,AFFIDAVITS: Power to order attendance of deponent for cross examination,"{""federal"": ""in_force"", ""punjab"": ""in_force"", ""sindh"": ""in_force"", ""kp"": ""in_force"", ""balochistan"": ""in_force""}",,"Pakistan Code (pakistancode.gov.pk), Act No. V of 1908; https://pakistancode.gov.pk/pdffiles/administrator6598dabbad120033d4d42d717dcf9755.pdf",2026-09-23
CPC_1908,"Code of Civil Procedure, 1908",order_rule,XIX,3,CPC_1908_ORD_XIX_R_3,Order XIX Rule 3,AFFIDAVITS: Matters to which affidavit shall be confined.,"{""federal"": ""in_force"", ""punjab"": ""in_force"", ""sindh"": ""in_force"", ""kp"": ""in_force"", ""balochistan"": ""in_force""}",,"Pakistan Code (pakistancode.gov.pk), Act No. V of 1908; https://pakistancode.gov.pk/pdffiles/administrator6598dabbad120033d4d42d717dcf9755.pdf",2026-09-23
CPC_1908,"Code of Civil Procedure, 1908",order_rule,XX,1,CPC_1908_ORD_XX_R_1,Order XX Rule 1,JUDGMENT AND DECREE: Judgment when pronounced,"{""federal"": ""in_force"", ""punjab"": ""in_force"", ""sindh"": ""in_force"", ""kp"": ""in_force"", ""balochistan"": ""in_force""}",,"Pakistan Code (pakistancode.gov.pk), Act No. V of 1908; https://pakistancode.gov.pk/pdffiles/administrator6598dabbad120033d4d42d717dcf9755.pdf",2026-09-23
CPC_1908,"Code of Civil Procedure, 1908",order_rule,XX,2,CPC_1908_ORD_XX_R_2,Order XX Rule 2,JUDGMENT AND DECREE: Power to pronounce judgment written by judge's predecessor,"{""federal"": ""in_force"", ""punjab"": ""in_force"", ""sindh"": ""in_force"", ""kp"": ""in_force"", ""balochistan"": ""in_force""}",,"Pakistan Code (pakistancode.gov.pk), Act No. V of 1908; https://pakistancode.gov.pk/pdffiles/administrator6598dabbad120033d4d42d717dcf9755.pdf",2026-09-23
CPC_1908,"Code of Civil Procedure, 1908",order_rule,XX,3,CPC_1908_ORD_XX_R_3,Order XX Rule 3,JUDGMENT AND DECREE: Judgment to be signed,"{""federal"": ""in_force"", ""punjab"": ""in_force"", ""sindh"": ""in_force"", ""kp"": ""in_force"", ""balochistan"": ""in_force""}",,"Pakistan Code (pakistancode.gov.pk), Act No. V of 1908; https://pakistancode.gov.pk/pdffiles/administrator6598dabbad120033d4d42d717dcf9755.pdf",2026-09-23
CPC_1908,"Code of Civil Procedure, 1908",order_rule,XX,4,CPC_1908_ORD_XX_R_4,Order XX Rule 4,JUDGMENT AND DECREE: Judgment of Small Cause Courts.,"{""federal"": ""in_force"", ""punjab"": ""in_force"", ""sindh"": ""in_force"", ""kp"": ""in_force"", ""balochistan"": ""in_force""}",,"Pakistan Code (pakistancode.gov.pk), Act No. V of 1908; https://pakistancode.gov.pk/pdffiles/administrator6598dabbad120033d4d42d717dcf9755.pdf",2026-09-23
CPC_1908,"Code of Civil Procedure, 1908",order_rule,XX,5,CPC_1908_ORD_XX_R_5,Order XX Rule 5,JUDGMENT AND DECREE: Court to state its decision on each issue,"{""federal"": ""in_force"", ""punjab"": ""in_force"", ""sindh"": ""in_force"", ""kp"": ""in_force"", ""balochistan"": ""in_force""}",,"Pakistan Code (pakistancode.gov.pk), Act No. V of 1908; https://pakistancode.gov.pk/pdffiles/administrator6598dabbad120033d4d42d717dcf9755.pdf",2026-09-23
CPC_1908,"Code of Civil Procedure, 1908",order_rule,XX,6,CPC_1908_ORD_XX_R_6,Order XX Rule 6,JUDGMENT AND DECREE: Contents of decree.,"{""federal"": ""in_force"", ""punjab"": ""in_force"", ""sindh"": ""in_force"", ""kp"": ""in_force"", ""balochistan"": ""in_force""}",,"Pakistan Code (pakistancode.gov.pk), Act No. V of 1908; https://pakistancode.gov.pk/pdffiles/administrator6598dabbad120033d4d42d717dcf9755.pdf",2026-09-23
CPC_1908,"Code of Civil Procedure, 1908",order_rule,XX,7,CPC_1908_ORD_XX_R_7,Order XX Rule 7,JUDGMENT AND DECREE: Date of decree,"{""federal"": ""in_force"", ""punjab"": ""in_force"", ""sindh"": ""in_force"", ""kp"": ""in_force"", ""balochistan"": ""in_force""}",,"Pakistan Code (pakistancode.gov.pk), Act No. V of 1908; https://pakistancode.gov.pk/pdffiles/administrator6598dabbad120033d4d42d717dcf9755.pdf",2026-09-23
CPC_1908,"Code of Civil Procedure, 1908",order_rule,XX,8,CPC_1908_ORD_XX_R_8,Order XX Rule 8,JUDGMENT AND DECREE: Procedure where Judge has vacated office before signing decree,"{""federal"": ""in_force"", ""punjab"": ""in_force"", ""sindh"": ""in_force"", ""kp"": ""in_force"", ""balochistan"": ""in_force""}",,"Pakistan Code (pakistancode.gov.pk), Act No. V of 1908; https://pakistancode.gov.pk/pdffiles/administrator6598dabbad120033d4d42d717dcf9755.pdf",2026-09-23
CPC_1908,"Code of Civil Procedure, 1908",order_rule,XX,9,CPC_1908_ORD_XX_R_9,Order XX Rule 9,JUDGMENT AND DECREE: Decree for recovery of immovable property,"{""federal"": ""in_force"", ""punjab"": ""in_force"", ""sindh"": ""in_force"", ""kp"": ""in_force"", ""balochistan"": ""in_force""}",,"Pakistan Code (pakistancode.gov.pk), Act No. V of 1908; https://pakistancode.gov.pk/pdffiles/administrator6598dabbad120033d4d42d717dcf9755.pdf",2026-09-23
CPC_1908,"Code of Civil Procedure, 1908",order_rule,XX,10,CPC_1908_ORD_XX_R_10,Order XX Rule 10,JUDGMENT AND DECREE: Decree for delivery of movable property,"{""federal"": ""in_force"", ""punjab"": ""in_force"", ""sindh"": ""in_force"", ""kp"": ""in_force"", ""balochistan"": ""in_force""}",,"Pakistan Code (pakistancode.gov.pk), Act No. V of 1908; https://pakistancode.gov.pk/pdffiles/administrator6598dabbad120033d4d42d717dcf9755.pdf",2026-09-23
CPC_1908,"Code of Civil Procedure, 1908",order_rule,XX,11,CPC_1908_ORD_XX_R_11,Order XX Rule 11,JUDGMENT AND DECREE: Decree may direct payment by installments,"{""federal"": ""in_force"", ""punjab"": ""in_force"", ""sindh"": ""in_force"", ""kp"": ""in_force"", ""balochistan"": ""in_force""}",,"Pakistan Code (pakistancode.gov.pk), Act No. V of 1908; https://pakistancode.gov.pk/pdffiles/administrator6598dabbad120033d4d42d717dcf9755.pdf",2026-09-23
CPC_1908,"Code of Civil Procedure, 1908",order_rule,XX,12,CPC_1908_ORD_XX_R_12,Order XX Rule 12,JUDGMENT AND DECREE: Decree for possession and mesne profits.,"{""federal"": ""in_force"", ""punjab"": ""in_force"", ""sindh"": ""in_force"", ""kp"": ""in_force"", ""balochistan"": ""in_force""}",,"Pakistan Code (pakistancode.gov.pk), Act No. V of 1908; https://pakistancode.gov.pk/pdffiles/administrator6598dabbad120033d4d42d717dcf9755.pdf",2026-09-23
CPC_1908,"Code of Civil Procedure, 1908",order_rule,XX,13,CPC_1908_ORD_XX_R_13,Order XX Rule 13,JUDGMENT AND DECREE: Decree in administration suit,"{""federal"": ""in_force"", ""punjab"": ""in_force"", ""sindh"": ""in_force"", ""kp"": ""in_force"", ""balochistan"": ""in_force""}",,"Pakistan Code (pakistancode.gov.pk), Act No. V of 1908; https://pakistancode.gov.pk/pdffiles/administrator6598dabbad120033d4d42d717dcf9755.pdf",2026-09-23
CPC_1908,"Code of Civil Procedure, 1908",order_rule,XX,14,CPC_1908_ORD_XX_R_14,Order XX Rule 14,JUDGMENT AND DECREE: Decree  in pre­emption suit.,"{""federal"": ""in_force"", ""punjab"": ""in_force"", ""sindh"": ""in_force"", ""kp"": ""in_force"", ""balochistan"": ""in_force""}",,"Pakistan Code (pakistancode.gov.pk), Act No. V of 1908; https://pakistancode.gov.pk/pdffiles/administrator6598dabbad120033d4d42d717dcf9755.pdf",2026-09-23
CPC_1908,"Code of Civil Procedure, 1908",order_rule,XX,15,CPC_1908_ORD_XX_R_15,Order XX Rule 15,JUDGMENT AND DECREE: Decree in suit for dissolution of partnership,"{""federal"": ""in_force"", ""punjab"": ""in_force"", ""sindh"": ""in_force"", ""kp"": ""in_force"", ""balochistan"": ""in_force""}",,"Pakistan Code (pakistancode.gov.pk), Act No. V of 1908; https://pakistancode.gov.pk/pdffiles/administrator6598dabbad120033d4d42d717dcf9755.pdf",2026-09-23
CPC_1908,"Code of Civil Procedure, 1908",order_rule,XX,16,CPC_1908_ORD_XX_R_16,Order XX Rule 16,JUDGMENT AND DECREE: Decree in suits for account between principal and agent,"{""federal"": ""in_force"", ""punjab"": ""in_force"", ""sindh"": ""in_force"", ""kp"": ""in_force"", ""balochistan"": ""in_force""}",,"Pakistan Code (pakistancode.gov.pk), Act No. V of 1908; https://pakistancode.gov.pk/pdffiles/administrator6598dabbad120033d4d42d717dcf9755.pdf",2026-09-23
CPC_1908,"Code of Civil Procedure, 1908",order_rule,XX,17,CPC_1908_ORD_XX_R_17,Order XX Rule 17,JUDGMENT AND DECREE: Special directions as to accounts,"{""federal"": ""in_force"", ""punjab"": ""in_force"", ""sindh"": ""in_force"", ""kp"": ""in_force"", ""balochistan"": ""in_force""}",,"Pakistan Code (pakistancode.gov.pk), Act No. V of 1908; https://pakistancode.gov.pk/pdffiles/administrator6598dabbad120033d4d42d717dcf9755.pdf",2026-09-23
CPC_1908,"Code of Civil Procedure, 1908",order_rule,XX,18,CPC_1908_ORD_XX_R_18,Order XX Rule 18,JUDGMENT AND DECREE: Decree in suit for partition of property or separate possession of a share therein,"{""federal"": ""in_force"", ""punjab"": ""in_force"", ""sindh"": ""in_force"", ""kp"": ""in_force"", ""balochistan"": ""in_force""}",,"Pakistan Code (pakistancode.gov.pk), Act No. V of 1908; https://pakistancode.gov.pk/pdffiles/administrator6598dabbad120033d4d42d717dcf9755.pdf",2026-09-23
CPC_1908,"Code of Civil Procedure, 1908",order_rule,XX,19,CPC_1908_ORD_XX_R_19,Order XX Rule 19,JUDGMENT AND DECREE: Decree when set­off is allowed.,"{""federal"": ""in_force"", ""punjab"": ""in_force"", ""sindh"": ""in_force"", ""kp"": ""in_force"", ""balochistan"": ""in_force""}",,"Pakistan Code (pakistancode.gov.pk), Act No. V of 1908; https://pakistancode.gov.pk/pdffiles/administrator6598dabbad120033d4d42d717dcf9755.pdf",2026-09-23
CPC_1908,"Code of Civil Procedure, 1908",order_rule,XX,20,CPC_1908_ORD_XX_R_20,Order XX Rule 20,JUDGMENT AND DECREE: Certified copies of the judgment and decree to be furnished,"{""federal"": ""in_force"", ""punjab"": ""in_force"", ""sindh"": ""in_force"", ""kp"": ""in_force"", ""balochistan"": ""in_force""}",,"Pakistan Code (pakistancode.gov.pk), Act No. V of 1908; https://pakistancode.gov.pk/pdffiles/administrator6598dabbad120033d4d42d717dcf9755.pdf",2026-09-23
CPC_1908,"Code of Civil Procedure, 1908",order_rule,XXI,1,CPC_1908_ORD_XXI_R_1,Order XXI Rule 1,EXECUTION OF DECREES AND ORDERS: Modes of paying money under decree,"{""federal"": ""in_force"", ""punjab"": ""in_force"", ""sindh"": ""in_force"", ""kp"": ""in_force"", ""balochistan"": ""in_force""}",,"Pakistan Code (pakistancode.gov.pk), Act No. V of 1908; https://pakistancode.gov.pk/pdffiles/administrator6598dabbad120033d4d42d717dcf9755.pdf",2026-09-23
CPC_1908,"Code of Civil Procedure, 1908",order_rule,XXI,2,CPC_1908_ORD_XXI_R_2,Order XXI Rule 2,EXECUTION OF DECREES AND ORDERS: Payment out of Court to decree holder,"{""federal"": ""in_force"", ""punjab"": ""in_force"", ""sindh"": ""in_force"", ""kp"": ""in_force"", ""balochistan"": ""in_force""}",,"Pakistan Code (pakistancode.gov.pk), Act No. V of 1908; https://pakistancode.gov.pk/pdffiles/administrator6598dabbad120033d4d42d717dcf9755.pdf",2026-09-23
CPC_1908,"Code of Civil Procedure, 1908",order_rule,XXI,3,CPC_1908_ORD_XXI_R_3,Order XXI Rule 3,EXECUTION OF DECREES AND ORDERS: Lands situate in more than one jurisdiction,"{""federal"": ""in_force"", ""punjab"": ""in_force"", ""sindh"": ""in_force"", ""kp"": ""in_force"", ""balochistan"": ""in_force""}",,"Pakistan Code (pakistancode.gov.pk), Act No. V of 1908; https://pakistancode.gov.pk/pdffiles/administrator6598dabbad120033d4d42d717dcf9755.pdf",2026-09-23
CPC_1908,"Code of Civil Procedure, 1908",order_rule,XXI,4,CPC_1908_ORD_XXI_R_4,Order XXI Rule 4,EXECUTION OF DECREES AND ORDERS: [Transfer to Court of Small Causes.] Omitted by the A,"{""federal"": ""in_force"", ""punjab"": ""in_force"", ""sindh"": ""in_force"", ""kp"": ""in_force"", ""balochistan"": ""in_force""}",,"Pakistan Code (pakistancode.gov.pk), Act No. V of 1908; https://pakistancode.gov.pk/pdffiles/administrator6598dabbad120033d4d42d717dcf9755.pdf",2026-09-23
CPC_1908,"Code of Civil Procedure, 1908",order_rule,XXI,5,CPC_1908_ORD_XXI_R_5,Order XXI Rule 5,EXECUTION OF DECREES AND ORDERS: Mode of transfer,"{""federal"": ""in_force"", ""punjab"": ""in_force"", ""sindh"": ""in_force"", ""kp"": ""in_force"", ""balochistan"": ""in_force""}",,"Pakistan Code (pakistancode.gov.pk), Act No. V of 1908; https://pakistancode.gov.pk/pdffiles/administrator6598dabbad120033d4d42d717dcf9755.pdf",2026-09-23
CPC_1908,"Code of Civil Procedure, 1908",order_rule,XXI,6,CPC_1908_ORD_XXI_R_6,Order XXI Rule 6,EXECUTION OF DECREES AND ORDERS: Procedure where Court desires that its own decree shall be executed by another Court,"{""federal"": ""in_force"", ""punjab"": ""in_force"", ""sindh"": ""in_force"", ""kp"": ""in_force"", ""balochistan"": ""in_force""}",,"Pakistan Code (pakistancode.gov.pk), Act No. V of 1908; https://pakistancode.gov.pk/pdffiles/administrator6598dabbad120033d4d42d717dcf9755.pdf",2026-09-23
CPC_1908,"Code of Civil Procedure, 1908",order_rule,XXI,7,CPC_1908_ORD_XXI_R_7,Order XXI Rule 7,"EXECUTION OF DECREES AND ORDERS: Court receiving copies of decree, etc., to file same without proof","{""federal"": ""in_force"", ""punjab"": ""in_force"", ""sindh"": ""in_force"", ""kp"": ""in_force"", ""balochistan"": ""in_force""}",,"Pakistan Code (pakistancode.gov.pk), Act No. V of 1908; https://pakistancode.gov.pk/pdffiles/administrator6598dabbad120033d4d42d717dcf9755.pdf",2026-09-23
CPC_1908,"Code of Civil Procedure, 1908",order_rule,XXI,8,CPC_1908_ORD_XXI_R_8,Order XXI Rule 8,EXECUTION OF DECREES AND ORDERS: Execution of decree or order by Court to which it is sent,"{""federal"": ""in_force"", ""punjab"": ""in_force"", ""sindh"": ""in_force"", ""kp"": ""in_force"", ""balochistan"": ""in_force""}",,"Pakistan Code (pakistancode.gov.pk), Act No. V of 1908; https://pakistancode.gov.pk/pdffiles/administrator6598dabbad120033d4d42d717dcf9755.pdf",2026-09-23
CPC_1908,"Code of Civil Procedure, 1908",order_rule,XXI,9,CPC_1908_ORD_XXI_R_9,Order XXI Rule 9,EXECUTION OF DECREES AND ORDERS: Execution by High Court of decree transferred by other Court,"{""federal"": ""in_force"", ""punjab"": ""in_force"", ""sindh"": ""in_force"", ""kp"": ""in_force"", ""balochistan"": ""in_force""}",,"Pakistan Code (pakistancode.gov.pk), Act No. V of 1908; https://pakistancode.gov.pk/pdffiles/administrator6598dabbad120033d4d42d717dcf9755.pdf",2026-09-23
CPC_1908,"Code of Civil Procedure, 1908",order_rule,XXI,10,CPC_1908_ORD_XXI_R_10,Order XXI Rule 10,EXECUTION OF DECREES AND ORDERS: Application for execution,"{""federal"": ""in_force"", ""punjab"": ""in_force"", ""sindh"": ""in_force"", ""kp"": ""in_force"", ""balochistan"": ""in_force""}",,"Pakistan Code (pakistancode.gov.pk), Act No. V of 1908; https://pakistancode.gov.pk/pdffiles/administrator6598dabbad120033d4d42d717dcf9755.pdf",2026-09-23
CPC_1908,"Code of Civil Procedure, 1908",order_rule,XXI,11,CPC_1908_ORD_XXI_R_11,Order XXI Rule 11,EXECUTION OF DECREES AND ORDERS: Oral application,"{""federal"": ""in_force"", ""punjab"": ""in_force"", ""sindh"": ""in_force"", ""kp"": ""in_force"", ""balochistan"": ""in_force""}",,"Pakistan Code (pakistancode.gov.pk), Act No. V of 1908; https://pakistancode.gov.pk/pdffiles/administrator6598dabbad120033d4d42d717dcf9755.pdf",2026-09-23
CPC_1908,"Code of Civil Procedure, 1908",order_rule,XXI,13,CPC_1908_ORD_XXI_R_13,Order XXI Rule 13,EXECUTION OF DECREES AND ORDERS: Application for attachment of immoveable property to contain particulars,"{""federal"": ""in_force"", ""punjab"": ""in_force"", ""sindh"": ""in_force"", ""kp"": ""in_force"", ""balochistan"": ""in_force""}",,"Pakistan Code (pakistancode.gov.pk), Act No. V of 1908; https://pakistancode.gov.pk/pdffiles/administrator6598dabbad120033d4d42d717dcf9755.pdf",2026-09-23
CPC_1908,"Code of Civil Procedure, 1908",order_rule,XXI,14,CPC_1908_ORD_XXI_R_14,Order XXI Rule 14,EXECUTION OF DECREES AND ORDERS: Power to require certified extract from Collector`s register in certain cases,"{""federal"": ""in_force"", ""punjab"": ""in_force"", ""sindh"": ""in_force"", ""kp"": ""in_force"", ""balochistan"": ""in_force""}",,"Pakistan Code (pakistancode.gov.pk), Act No. V of 1908; https://pakistancode.gov.pk/pdffiles/administrator6598dabbad120033d4d42d717dcf9755.pdf",2026-09-23
CPC_1908,"Code of Civil Procedure, 1908",order_rule,XXI,15,CPC_1908_ORD_XXI_R_15,Order XXI Rule 15,EXECUTION OF DECREES AND ORDERS: Application for execution by joint decree holder.,"{""federal"": ""in_force"", ""punjab"": ""in_force"", ""sindh"": ""in_force"", ""kp"": ""in_force"", ""balochistan"": ""in_force""}",,"Pakistan Code (pakistancode.gov.pk), Act No. V of 1908; https://pakistancode.gov.pk/pdffiles/administrator6598dabbad120033d4d42d717dcf9755.pdf",2026-09-23
CPC_1908,"Code of Civil Procedure, 1908",order_rule,XXI,16,CPC_1908_ORD_XXI_R_16,Order XXI Rule 16,EXECUTION OF DECREES AND ORDERS: Application for execution by transferee of decree,"{""federal"": ""in_force"", ""punjab"": ""in_force"", ""sindh"": ""in_force"", ""kp"": ""in_force"", ""balochistan"": ""in_force""}",,"Pakistan Code (pakistancode.gov.pk), Act No. V of 1908; https://pakistancode.gov.pk/pdffiles/administrator6598dabbad120033d4d42d717dcf9755.pdf",2026-09-23
CPC_1908,"Code of Civil Procedure, 1908",order_rule,XXI,17,CPC_1908_ORD_XXI_R_17,Order XXI Rule 17,EXECUTION OF DECREES AND ORDERS: Procedure on receiving application for execution of decree,"{""federal"": ""in_force"", ""punjab"": ""in_force"", ""sindh"": ""in_force"", ""kp"": ""in_force"", ""balochistan"": ""in_force""}",,"Pakistan Code (pakistancode.gov.pk), Act No. V of 1908; https://pakistancode.gov.pk/pdffiles/administrator6598dabbad120033d4d42d717dcf9755.pdf",2026-09-23
CPC_1908,"Code of Civil Procedure, 1908",order_rule,XXI,18,CPC_1908_ORD_XXI_R_18,Order XXI Rule 18,EXECUTION OF DECREES AND ORDERS: Execution in case of cross­decrees.,"{""federal"": ""in_force"", ""punjab"": ""in_force"", ""sindh"": ""in_force"", ""kp"": ""in_force"", ""balochistan"": ""in_force""}",,"Pakistan Code (pakistancode.gov.pk), Act No. V of 1908; https://pakistancode.gov.pk/pdffiles/administrator6598dabbad120033d4d42d717dcf9755.pdf",2026-09-23
CPC_1908,"Code of Civil Procedure, 1908",order_rule,XXI,19,CPC_1908_ORD_XXI_R_19,Order XXI Rule 19,EXECUTION OF DECREES AND ORDERS: Execution in case of cross­claims under same decree,"{""federal"": ""in_force"", ""punjab"": ""in_force"", ""sindh"": ""in_force"", ""kp"": ""in_force"", ""balochistan"": ""in_force""}",,"Pakistan Code (pakistancode.gov.pk), Act No. V of 1908; https://pakistancode.gov.pk/pdffiles/administrator6598dabbad120033d4d42d717dcf9755.pdf",2026-09-23
CPC_1908,"Code of Civil Procedure, 1908",order_rule,XXI,20,CPC_1908_ORD_XXI_R_20,Order XXI Rule 20,EXECUTION OF DECREES AND ORDERS: Cross­decrees and cross­claims in mortgage suits,"{""federal"": ""in_force"", ""punjab"": ""in_force"", ""sindh"": ""in_force"", ""kp"": ""in_force"", ""balochistan"": ""in_force""}",,"Pakistan Code (pakistancode.gov.pk), Act No. V of 1908; https://pakistancode.gov.pk/pdffiles/administrator6598dabbad120033d4d42d717dcf9755.pdf",2026-09-23
CPC_1908,"Code of Civil Procedure, 1908",order_rule,XXI,21,CPC_1908_ORD_XXI_R_21,Order XXI Rule 21,EXECUTION OF DECREES AND ORDERS: Simultaneous execution,"{""federal"": ""in_force"", ""punjab"": ""in_force"", ""sindh"": ""in_force"", ""kp"": ""in_force"", ""balochistan"": ""in_force""}",,"Pakistan Code (pakistancode.gov.pk), Act No. V of 1908; https://pakistancode.gov.pk/pdffiles/administrator6598dabbad120033d4d42d717dcf9755.pdf",2026-09-23
CPC_1908,"Code of Civil Procedure, 1908",order_rule,XXI,22,CPC_1908_ORD_XXI_R_22,Order XXI Rule 22,EXECUTION OF DECREES AND ORDERS: Notice to show cause against execution in certain cases.,"{""federal"": ""in_force"", ""punjab"": ""in_force"", ""sindh"": ""in_force"", ""kp"": ""in_force"", ""balochistan"": ""in_force""}",,"Pakistan Code (pakistancode.gov.pk), Act No. V of 1908; https://pakistancode.gov.pk/pdffiles/administrator6598dabbad120033d4d42d717dcf9755.pdf",2026-09-23
CPC_1908,"Code of Civil Procedure, 1908",order_rule,XXI,23,CPC_1908_ORD_XXI_R_23,Order XXI Rule 23,EXECUTION OF DECREES AND ORDERS: Procedure after issue of notice,"{""federal"": ""in_force"", ""punjab"": ""in_force"", ""sindh"": ""in_force"", ""kp"": ""in_force"", ""balochistan"": ""in_force""}",,"Pakistan Code (pakistancode.gov.pk), Act No. V of 1908; https://pakistancode.gov.pk/pdffiles/administrator6598dabbad120033d4d42d717dcf9755.pdf",2026-09-23
CPC_1908,"Code of Civil Procedure, 1908",order_rule,XXI,24,CPC_1908_ORD_XXI_R_24,Order XXI Rule 24,EXECUTION OF DECREES AND ORDERS: Process for Execution,"{""federal"": ""in_force"", ""punjab"": ""in_force"", ""sindh"": ""in_force"", ""kp"": ""in_force"", ""balochistan"": ""in_force""}",,"Pakistan Code (pakistancode.gov.pk), Act No. V of 1908; https://pakistancode.gov.pk/pdffiles/administrator6598dabbad120033d4d42d717dcf9755.pdf",2026-09-23
CPC_1908,"Code of Civil Procedure, 1908",order_rule,XXI,25,CPC_1908_ORD_XXI_R_25,Order XXI Rule 25,EXECUTION OF DECREES AND ORDERS: Endorsement on process.,"{""federal"": ""in_force"", ""punjab"": ""in_force"", ""sindh"": ""in_force"", ""kp"": ""in_force"", ""balochistan"": ""in_force""}",,"Pakistan Code (pakistancode.gov.pk), Act No. V of 1908; https://pakistancode.gov.pk/pdffiles/administrator6598dabbad120033d4d42d717dcf9755.pdf",2026-09-23
CPC_1908,"Code of Civil Procedure, 1908",order_rule,XXI,26,CPC_1908_ORD_XXI_R_26,Order XXI Rule 26,EXECUTION OF DECREES AND ORDERS: When   Court   may stay  execution.,"{""federal"": ""in_force"", ""punjab"": ""in_force"", ""sindh"": ""in_force"", ""kp"": ""in_force"", ""balochistan"": ""in_force""}",,"Pakistan Code (pakistancode.gov.pk), Act No. V of 1908; https://pakistancode.gov.pk/pdffiles/administrator6598dabbad120033d4d42d717dcf9755.pdf",2026-09-23
CPC_1908,"Code of Civil Procedure, 1908",order_rule,XXI,27,CPC_1908_ORD_XXI_R_27,Order XXI Rule 27,EXECUTION OF DECREES AND ORDERS: Liability of judgment debtor or disc harged,"{""federal"": ""in_force"", ""punjab"": ""in_force"", ""sindh"": ""in_force"", ""kp"": ""in_force"", ""balochistan"": ""in_force""}",,"Pakistan Code (pakistancode.gov.pk), Act No. V of 1908; https://pakistancode.gov.pk/pdffiles/administrator6598dabbad120033d4d42d717dcf9755.pdf",2026-09-23
CPC_1908,"Code of Civil Procedure, 1908",order_rule,XXI,29,CPC_1908_ORD_XXI_R_29,Order XXI Rule 29,EXECUTION OF DECREES AND ORDERS: Stay of execution pending suit between decree­holder and judgment­debtor,"{""federal"": ""in_force"", ""punjab"": ""in_force"", ""sindh"": ""in_force"", ""kp"": ""in_force"", ""balochistan"": ""in_force""}",,"Pakistan Code (pakistancode.gov.pk), Act No. V of 1908; https://pakistancode.gov.pk/pdffiles/administrator6598dabbad120033d4d42d717dcf9755.pdf",2026-09-23
CPC_1908,"Code of Civil Procedure, 1908",order_rule,XXI,30,CPC_1908_ORD_XXI_R_30,Order XXI Rule 30,EXECUTION OF DECREES AND ORDERS: Decree for payment of money,"{""federal"": ""in_force"", ""punjab"": ""in_force"", ""sindh"": ""in_force"", ""kp"": ""in_force"", ""balochistan"": ""in_force""}",,"Pakistan Code (pakistancode.gov.pk), Act No. V of 1908; https://pakistancode.gov.pk/pdffiles/administrator6598dabbad120033d4d42d717dcf9755.pdf",2026-09-23
CPC_1908,"Code of Civil Procedure, 1908",order_rule,XXI,31,CPC_1908_ORD_XXI_R_31,Order XXI Rule 31,EXECUTION OF DECREES AND ORDERS: Decree for specific moveable property.,"{""federal"": ""in_force"", ""punjab"": ""in_force"", ""sindh"": ""in_force"", ""kp"": ""in_force"", ""balochistan"": ""in_force""}",,"Pakistan Code (pakistancode.gov.pk), Act No. V of 1908; https://pakistancode.gov.pk/pdffiles/administrator6598dabbad120033d4d42d717dcf9755.pdf",2026-09-23
CPC_1908,"Code of Civil Procedure, 1908",order_rule,XXI,32,CPC_1908_ORD_XXI_R_32,Order XXI Rule 32,"EXECUTION OF DECREES AND ORDERS: Decree for specific performance for restitution of conjugal rights, or for an injuction","{""federal"": ""in_force"", ""punjab"": ""in_force"", ""sindh"": ""in_force"", ""kp"": ""in_force"", ""balochistan"": ""in_force""}",,"Pakistan Code (pakistancode.gov.pk), Act No. V of 1908; https://pakistancode.gov.pk/pdffiles/administrator6598dabbad120033d4d42d717dcf9755.pdf",2026-09-23
CPC_1908,"Code of Civil Procedure, 1908",order_rule,XXI,33,CPC_1908_ORD_XXI_R_33,Order XXI Rule 33,EXECUTION OF DECREES AND ORDERS: Discretion of Court in executing decrees for restitution of conjugal rights.,"{""federal"": ""in_force"", ""punjab"": ""in_force"", ""sindh"": ""in_force"", ""kp"": ""in_force"", ""balochistan"": ""in_force""}",,"Pakistan Code (pakistancode.gov.pk), Act No. V of 1908; https://pakistancode.gov.pk/pdffiles/administrator6598dabbad120033d4d42d717dcf9755.pdf",2026-09-23
CPC_1908,"Code of Civil Procedure, 1908",order_rule,XXI,34,CPC_1908_ORD_XXI_R_34,Order XXI Rule 34,"EXECUTION OF DECREES AND ORDERS: Decree for execution of document, or endorsement of negotiable instruments.","{""federal"": ""in_force"", ""punjab"": ""in_force"", ""sindh"": ""in_force"", ""kp"": ""in_force"", ""balochistan"": ""in_force""}",,"Pakistan Code (pakistancode.gov.pk), Act No. V of 1908; https://pakistancode.gov.pk/pdffiles/administrator6598dabbad120033d4d42d717dcf9755.pdf",2026-09-23
CPC_1908,"Code of Civil Procedure, 1908",order_rule,XXI,35,CPC_1908_ORD_XXI_R_35,Order XXI Rule 35,EXECUTION OF DECREES AND ORDERS: Decree for immoveable property.,"{""federal"": ""in_force"", ""punjab"": ""in_force"", ""sindh"": ""in_force"", ""kp"": ""in_force"", ""balochistan"": ""in_force""}",,"Pakistan Code (pakistancode.gov.pk), Act No. V of 1908; https://pakistancode.gov.pk/pdffiles/administrator6598dabbad120033d4d42d717dcf9755.pdf",2026-09-23
CPC_1908,"Code of Civil Procedure, 1908",order_rule,XXI,36,CPC_1908_ORD_XXI_R_36,Order XXI Rule 36,EXECUTION OF DECREES AND ORDERS: Decree for delivery of immoveable property when in occupancy of tenant,"{""federal"": ""in_force"", ""punjab"": ""in_force"", ""sindh"": ""in_force"", ""kp"": ""in_force"", ""balochistan"": ""in_force""}",,"Pakistan Code (pakistancode.gov.pk), Act No. V of 1908; https://pakistancode.gov.pk/pdffiles/administrator6598dabbad120033d4d42d717dcf9755.pdf",2026-09-23
CPC_1908,"Code of Civil Procedure, 1908",order_rule,XXI,38,CPC_1908_ORD_XXI_R_38,Order XXI Rule 38,EXECUTION OF DECREES AND ORDERS: Warrant for arrest to direct judgment­debtor to be brought up,"{""federal"": ""in_force"", ""punjab"": ""in_force"", ""sindh"": ""in_force"", ""kp"": ""in_force"", ""balochistan"": ""in_force""}",,"Pakistan Code (pakistancode.gov.pk), Act No. V of 1908; https://pakistancode.gov.pk/pdffiles/administrator6598dabbad120033d4d42d717dcf9755.pdf",2026-09-23
CPC_1908,"Code of Civil Procedure, 1908",order_rule,XXI,41,CPC_1908_ORD_XXI_R_41,Order XXI Rule 41,EXECUTION OF DECREES AND ORDERS: Examination of judgment­debtor as to his property,"{""federal"": ""in_force"", ""punjab"": ""in_force"", ""sindh"": ""in_force"", ""kp"": ""in_force"", ""balochistan"": ""in_force""}",,"Pakistan Code (pakistancode.gov.pk), Act No. V of 1908; https://pakistancode.gov.pk/pdffiles/administrator6598dabbad120033d4d42d717dcf9755.pdf",2026-09-23
CPC_1908,"Code of Civil Procedure, 1908",order_rule,XXI,44,CPC_1908_ORD_XXI_R_44,Order XXI Rule 44,EXECUTION OF DECREES AND ORDERS: Attachment of agricultural produce,"{""federal"": ""in_force"", ""punjab"": ""in_force"", ""sindh"": ""in_force"", ""kp"": ""in_force"", ""balochistan"": ""in_force""}",,"Pakistan Code (pakistancode.gov.pk), Act No. V of 1908; https://pakistancode.gov.pk/pdffiles/administrator6598dabbad120033d4d42d717dcf9755.pdf",2026-09-23
CPC_1908,"Code of Civil Procedure, 1908",order_rule,XXI,45,CPC_1908_ORD_XXI_R_45,Order XXI Rule 45,EXECUTION OF DECREES AND ORDERS: Provisions as to agricultural produce under attachment,"{""federal"": ""in_force"", ""punjab"": ""in_force"", ""sindh"": ""in_force"", ""kp"": ""in_force"", ""balochistan"": ""in_force""}",,"Pakistan Code (pakistancode.gov.pk), Act No. V of 1908; https://pakistancode.gov.pk/pdffiles/administrator6598dabbad120033d4d42d717dcf9755.pdf",2026-09-23
CPC_1908,"Code of Civil Procedure, 1908",order_rule,XXI,46,CPC_1908_ORD_XXI_R_46,Order XXI Rule 46,"EXECUTION OF DECREES AND ORDERS: Attachment of debt, share and other property not in possession of judgment debtor","{""federal"": ""in_force"", ""punjab"": ""in_force"", ""sindh"": ""in_force"", ""kp"": ""in_force"", ""balochistan"": ""in_force""}",,"Pakistan Code (pakistancode.gov.pk), Act No. V of 1908; https://pakistancode.gov.pk/pdffiles/administrator6598dabbad120033d4d42d717dcf9755.pdf",2026-09-23
CPC_1908,"Code of Civil Procedure, 1908",order_rule,XXI,47,CPC_1908_ORD_XXI_R_47,Order XXI Rule 47,EXECUTION OF DECREES AND ORDERS: Attachment of share in moveables,"{""federal"": ""in_force"", ""punjab"": ""in_force"", ""sindh"": ""in_force"", ""kp"": ""in_force"", ""balochistan"": ""in_force""}",,"Pakistan Code (pakistancode.gov.pk), Act No. V of 1908; https://pakistancode.gov.pk/pdffiles/administrator6598dabbad120033d4d42d717dcf9755.pdf",2026-09-23
CPC_1908,"Code of Civil Procedure, 1908",order_rule,XXI,49,CPC_1908_ORD_XXI_R_49,Order XXI Rule 49,EXECUTION OF DECREES AND ORDERS: Attachment of partnership property.,"{""federal"": ""in_force"", ""punjab"": ""in_force"", ""sindh"": ""in_force"", ""kp"": ""in_force"", ""balochistan"": ""in_force""}",,"Pakistan Code (pakistancode.gov.pk), Act No. V of 1908; https://pakistancode.gov.pk/pdffiles/administrator6598dabbad120033d4d42d717dcf9755.pdf",2026-09-23
CPC_1908,"Code of Civil Procedure, 1908",order_rule,XXI,50,CPC_1908_ORD_XXI_R_50,Order XXI Rule 50,EXECUTION OF DECREES AND ORDERS: Execution of decree against firm.,"{""federal"": ""in_force"", ""punjab"": ""in_force"", ""sindh"": ""in_force"", ""kp"": ""in_force"", ""balochistan"": ""in_force""}",,"Pakistan Code (pakistancode.gov.pk), Act No. V of 1908; https://pakistancode.gov.pk/pdffiles/administrator6598dabbad120033d4d42d717dcf9755.pdf",2026-09-23
CPC_1908,"Code of Civil Procedure, 1908",order_rule,XXI,51,CPC_1908_ORD_XXI_R_51,Order XXI Rule 51,EXECUTION OF DECREES AND ORDERS: Attachment of negotiable instruments,"{""federal"": ""in_force"", ""punjab"": ""in_force"", ""sindh"": ""in_force"", ""kp"": ""in_force"", ""balochistan"": ""in_force""}",,"Pakistan Code (pakistancode.gov.pk), Act No. V of 1908; https://pakistancode.gov.pk/pdffiles/administrator6598dabbad120033d4d42d717dcf9755.pdf",2026-09-23
CPC_1908,"Code of Civil Procedure, 1908",order_rule,XXI,52,CPC_1908_ORD_XXI_R_52,Order XXI Rule 52,EXECUTION OF DECREES AND ORDERS: Attachment of property in custody of Court or public officer,"{""federal"": ""in_force"", ""punjab"": ""in_force"", ""sindh"": ""in_force"", ""kp"": ""in_force"", ""balochistan"": ""in_force""}",,"Pakistan Code (pakistancode.gov.pk), Act No. V of 1908; https://pakistancode.gov.pk/pdffiles/administrator6598dabbad120033d4d42d717dcf9755.pdf",2026-09-23
CPC_1908,"Code of Civil Procedure, 1908",order_rule,XXI,53,CPC_1908_ORD_XXI_R_53,Order XXI Rule 53,EXECUTION OF DECREES AND ORDERS: Attachment of decrees,"{""federal"": ""in_force"", ""punjab"": ""in_force"", ""sindh"": ""in_force"", ""kp"": ""in_force"", ""balochistan"": ""in_force""}",,"Pakistan Code (pakistancode.gov.pk), Act No. V of 1908; https://pakistancode.gov.pk/pdffiles/administrator6598dabbad120033d4d42d717dcf9755.pdf",2026-09-23
CPC_1908,"Code of Civil Procedure, 1908",order_rule,XXI,54,CPC_1908_ORD_XXI_R_54,Order XXI Rule 54,EXECUTION OF DECREES AND ORDERS: Attachment of immoveable  property,"{""federal"": ""in_force"", ""punjab"": ""in_force"", ""sindh"": ""in_force"", ""kp"": ""in_force"", ""balochistan"": ""in_force""}",,"Pakistan Code (pakistancode.gov.pk), Act No. V of 1908; https://pakistancode.gov.pk/pdffiles/administrator6598dabbad120033d4d42d717dcf9755.pdf",2026-09-23
CPC_1908,"Code of Civil Procedure, 1908",order_rule,XXI,55,CPC_1908_ORD_XXI_R_55,Order XXI Rule 55,EXECUTION OF DECREES AND ORDERS: Removal of attachment after satisfaction of decree. Where,"{""federal"": ""in_force"", ""punjab"": ""in_force"", ""sindh"": ""in_force"", ""kp"": ""in_force"", ""balochistan"": ""in_force""}",,"Pakistan Code (pakistancode.gov.pk), Act No. V of 1908; https://pakistancode.gov.pk/pdffiles/administrator6598dabbad120033d4d42d717dcf9755.pdf",2026-09-23
CPC_1908,"Code of Civil Procedure, 1908",order_rule,XXI,56,CPC_1908_ORD_XXI_R_56,Order XXI Rule 56,EXECUTION OF DECREES AND ORDERS: Order for payment of coin or currency notes to party entitled under decree,"{""federal"": ""in_force"", ""punjab"": ""in_force"", ""sindh"": ""in_force"", ""kp"": ""in_force"", ""balochistan"": ""in_force""}",,"Pakistan Code (pakistancode.gov.pk), Act No. V of 1908; https://pakistancode.gov.pk/pdffiles/administrator6598dabbad120033d4d42d717dcf9755.pdf",2026-09-23
CPC_1908,"Code of Civil Procedure, 1908",order_rule,XXI,57,CPC_1908_ORD_XXI_R_57,Order XXI Rule 57,EXECUTION OF DECREES AND ORDERS: Determination of attachment,"{""federal"": ""in_force"", ""punjab"": ""in_force"", ""sindh"": ""in_force"", ""kp"": ""in_force"", ""balochistan"": ""in_force""}",,"Pakistan Code (pakistancode.gov.pk), Act No. V of 1908; https://pakistancode.gov.pk/pdffiles/administrator6598dabbad120033d4d42d717dcf9755.pdf",2026-09-23
CPC_1908,"Code of Civil Procedure, 1908",order_rule,XXI,58,CPC_1908_ORD_XXI_R_58,Order XXI Rule 58,"EXECUTION OF DECREES AND ORDERS: Investigation of claims to, and objections to attachment of, attached property","{""federal"": ""in_force"", ""punjab"": ""in_force"", ""sindh"": ""in_force"", ""kp"": ""in_force"", ""balochistan"": ""in_force""}",,"Pakistan Code (pakistancode.gov.pk), Act No. V of 1908; https://pakistancode.gov.pk/pdffiles/administrator6598dabbad120033d4d42d717dcf9755.pdf",2026-09-23
CPC_1908,"Code of Civil Procedure, 1908",order_rule,XXI,59,CPC_1908_ORD_XXI_R_59,Order XXI Rule 59,EXECUTION OF DECREES AND ORDERS: Evidence to be adduced by claimant,"{""federal"": ""in_force"", ""punjab"": ""in_force"", ""sindh"": ""in_force"", ""kp"": ""in_force"", ""balochistan"": ""in_force""}",,"Pakistan Code (pakistancode.gov.pk), Act No. V of 1908; https://pakistancode.gov.pk/pdffiles/administrator6598dabbad120033d4d42d717dcf9755.pdf",2026-09-23
CPC_1908,"Code of Civil Procedure, 1908",order_rule,XXI,60,CPC_1908_ORD_XXI_R_60,Order XXI Rule 60,EXECUTION OF DECREES AND ORDERS: Release of property from attachment,"{""federal"": ""in_force"", ""punjab"": ""in_force"", ""sindh"": ""in_force"", ""kp"": ""in_force"", ""balochistan"": ""in_force""}",,"Pakistan Code (pakistancode.gov.pk), Act No. V of 1908; https://pakistancode.gov.pk/pdffiles/administrator6598dabbad120033d4d42d717dcf9755.pdf",2026-09-23
CPC_1908,"Code of Civil Procedure, 1908",order_rule,XXI,61,CPC_1908_ORD_XXI_R_61,Order XXI Rule 61,EXECUTION OF DECREES AND ORDERS: Continuance of attachment subject to claim of encumbrancer,"{""federal"": ""in_force"", ""punjab"": ""in_force"", ""sindh"": ""in_force"", ""kp"": ""in_force"", ""balochistan"": ""in_force""}",,"Pakistan Code (pakistancode.gov.pk), Act No. V of 1908; https://pakistancode.gov.pk/pdffiles/administrator6598dabbad120033d4d42d717dcf9755.pdf",2026-09-23
CPC_1908,"Code of Civil Procedure, 1908",order_rule,XXI,62,CPC_1908_ORD_XXI_R_62,Order XXI Rule 62,"EXECUTION OF DECREES AND ORDERS: Questions relating to rights, etc","{""federal"": ""in_force"", ""punjab"": ""in_force"", ""sindh"": ""in_force"", ""kp"": ""in_force"", ""balochistan"": ""in_force""}",,"Pakistan Code (pakistancode.gov.pk), Act No. V of 1908; https://pakistancode.gov.pk/pdffiles/administrator6598dabbad120033d4d42d717dcf9755.pdf",2026-09-23
CPC_1908,"Code of Civil Procedure, 1908",order_rule,XXI,63,CPC_1908_ORD_XXI_R_63,Order XXI Rule 63,EXECUTION OF DECREES AND ORDERS: [Saving of suits to establish right to attached property,"{""federal"": ""in_force"", ""punjab"": ""in_force"", ""sindh"": ""in_force"", ""kp"": ""in_force"", ""balochistan"": ""in_force""}",,"Pakistan Code (pakistancode.gov.pk), Act No. V of 1908; https://pakistancode.gov.pk/pdffiles/administrator6598dabbad120033d4d42d717dcf9755.pdf",2026-09-23
CPC_1908,"Code of Civil Procedure, 1908",order_rule,XXI,64,CPC_1908_ORD_XXI_R_64,Order XXI Rule 64,EXECUTION OF DECREES AND ORDERS: Power to order property attached to be sold and proceeds to be paid to person entitled,"{""federal"": ""in_force"", ""punjab"": ""in_force"", ""sindh"": ""in_force"", ""kp"": ""in_force"", ""balochistan"": ""in_force""}",,"Pakistan Code (pakistancode.gov.pk), Act No. V of 1908; https://pakistancode.gov.pk/pdffiles/administrator6598dabbad120033d4d42d717dcf9755.pdf",2026-09-23
CPC_1908,"Code of Civil Procedure, 1908",order_rule,XXI,65,CPC_1908_ORD_XXI_R_65,Order XXI Rule 65,EXECUTION OF DECREES AND ORDERS: Sales by whom conducted and how made,"{""federal"": ""in_force"", ""punjab"": ""in_force"", ""sindh"": ""in_force"", ""kp"": ""in_force"", ""balochistan"": ""in_force""}",,"Pakistan Code (pakistancode.gov.pk), Act No. V of 1908; https://pakistancode.gov.pk/pdffiles/administrator6598dabbad120033d4d42d717dcf9755.pdf",2026-09-23
CPC_1908,"Code of Civil Procedure, 1908",order_rule,XXI,66,CPC_1908_ORD_XXI_R_66,Order XXI Rule 66,EXECUTION OF DECREES AND ORDERS: Proclamation of sales by public auction.,"{""federal"": ""in_force"", ""punjab"": ""in_force"", ""sindh"": ""in_force"", ""kp"": ""in_force"", ""balochistan"": ""in_force""}",,"Pakistan Code (pakistancode.gov.pk), Act No. V of 1908; https://pakistancode.gov.pk/pdffiles/administrator6598dabbad120033d4d42d717dcf9755.pdf",2026-09-23
CPC_1908,"Code of Civil Procedure, 1908",order_rule,XXI,67,CPC_1908_ORD_XXI_R_67,Order XXI Rule 67,EXECUTION OF DECREES AND ORDERS: Mode of making proclamation,"{""federal"": ""in_force"", ""punjab"": ""in_force"", ""sindh"": ""in_force"", ""kp"": ""in_force"", ""balochistan"": ""in_force""}",,"Pakistan Code (pakistancode.gov.pk), Act No. V of 1908; https://pakistancode.gov.pk/pdffiles/administrator6598dabbad120033d4d42d717dcf9755.pdf",2026-09-23
CPC_1908,"Code of Civil Procedure, 1908",order_rule,XXI,68,CPC_1908_ORD_XXI_R_68,Order XXI Rule 68,EXECUTION OF DECREES AND ORDERS: Time of sale,"{""federal"": ""in_force"", ""punjab"": ""in_force"", ""sindh"": ""in_force"", ""kp"": ""in_force"", ""balochistan"": ""in_force""}",,"Pakistan Code (pakistancode.gov.pk), Act No. V of 1908; https://pakistancode.gov.pk/pdffiles/administrator6598dabbad120033d4d42d717dcf9755.pdf",2026-09-23
CPC_1908,"Code of Civil Procedure, 1908",order_rule,XXI,69,CPC_1908_ORD_XXI_R_69,Order XXI Rule 69,EXECUTION OF DECREES AND ORDERS: Adjournment or stoppage of sale,"{""federal"": ""in_force"", ""punjab"": ""in_force"", ""sindh"": ""in_force"", ""kp"": ""in_force"", ""balochistan"": ""in_force""}",,"Pakistan Code (pakistancode.gov.pk), Act No. V of 1908; https://pakistancode.gov.pk/pdffiles/administrator6598dabbad120033d4d42d717dcf9755.pdf",2026-09-23
CPC_1908,"Code of Civil Procedure, 1908",order_rule,XXI,70,CPC_1908_ORD_XXI_R_70,Order XXI Rule 70,EXECUTION OF DECREES AND ORDERS: Saving of certain sales,"{""federal"": ""in_force"", ""punjab"": ""in_force"", ""sindh"": ""in_force"", ""kp"": ""in_force"", ""balochistan"": ""in_force""}",,"Pakistan Code (pakistancode.gov.pk), Act No. V of 1908; https://pakistancode.gov.pk/pdffiles/administrator6598dabbad120033d4d42d717dcf9755.pdf",2026-09-23
CPC_1908,"Code of Civil Procedure, 1908",order_rule,XXI,71,CPC_1908_ORD_XXI_R_71,Order XXI Rule 71,EXECUTION OF DECREES AND ORDERS: Defaulting purchaser answerable for loss on re­sale,"{""federal"": ""in_force"", ""punjab"": ""in_force"", ""sindh"": ""in_force"", ""kp"": ""in_force"", ""balochistan"": ""in_force""}",,"Pakistan Code (pakistancode.gov.pk), Act No. V of 1908; https://pakistancode.gov.pk/pdffiles/administrator6598dabbad120033d4d42d717dcf9755.pdf",2026-09-23
CPC_1908,"Code of Civil Procedure, 1908",order_rule,XXI,72,CPC_1908_ORD_XXI_R_72,Order XXI Rule 72,EXECUTION OF DECREES AND ORDERS: Decree holder not to bid for or buy property without permission.,"{""federal"": ""in_force"", ""punjab"": ""in_force"", ""sindh"": ""in_force"", ""kp"": ""in_force"", ""balochistan"": ""in_force""}",,"Pakistan Code (pakistancode.gov.pk), Act No. V of 1908; https://pakistancode.gov.pk/pdffiles/administrator6598dabbad120033d4d42d717dcf9755.pdf",2026-09-23
CPC_1908,"Code of Civil Procedure, 1908",order_rule,XXI,73,CPC_1908_ORD_XXI_R_73,Order XXI Rule 73,EXECUTION OF DECREES AND ORDERS: Restriction on bidding or purchase by officers,"{""federal"": ""in_force"", ""punjab"": ""in_force"", ""sindh"": ""in_force"", ""kp"": ""in_force"", ""balochistan"": ""in_force""}",,"Pakistan Code (pakistancode.gov.pk), Act No. V of 1908; https://pakistancode.gov.pk/pdffiles/administrator6598dabbad120033d4d42d717dcf9755.pdf",2026-09-23
CPC_1908,"Code of Civil Procedure, 1908",order_rule,XXI,74,CPC_1908_ORD_XXI_R_74,Order XXI Rule 74,EXECUTION OF DECREES AND ORDERS: Sale of agricultural produce,"{""federal"": ""in_force"", ""punjab"": ""in_force"", ""sindh"": ""in_force"", ""kp"": ""in_force"", ""balochistan"": ""in_force""}",,"Pakistan Code (pakistancode.gov.pk), Act No. V of 1908; https://pakistancode.gov.pk/pdffiles/administrator6598dabbad120033d4d42d717dcf9755.pdf",2026-09-23
CPC_1908,"Code of Civil Procedure, 1908",order_rule,XXI,75,CPC_1908_ORD_XXI_R_75,Order XXI Rule 75,EXECUTION OF DECREES AND ORDERS: Special provision s relating to growing crops,"{""federal"": ""in_force"", ""punjab"": ""in_force"", ""sindh"": ""in_force"", ""kp"": ""in_force"", ""balochistan"": ""in_force""}",,"Pakistan Code (pakistancode.gov.pk), Act No. V of 1908; https://pakistancode.gov.pk/pdffiles/administrator6598dabbad120033d4d42d717dcf9755.pdf",2026-09-23
CPC_1908,"Code of Civil Procedure, 1908",order_rule,XXI,76,CPC_1908_ORD_XXI_R_76,Order XXI Rule 76,EXECUTION OF DECREES AND ORDERS: Negotiable instruments and shares in corporations,"{""federal"": ""in_force"", ""punjab"": ""in_force"", ""sindh"": ""in_force"", ""kp"": ""in_force"", ""balochistan"": ""in_force""}",,"Pakistan Code (pakistancode.gov.pk), Act No. V of 1908; https://pakistancode.gov.pk/pdffiles/administrator6598dabbad120033d4d42d717dcf9755.pdf",2026-09-23
CPC_1908,"Code of Civil Procedure, 1908",order_rule,XXI,77,CPC_1908_ORD_XXI_R_77,Order XXI Rule 77,EXECUTION OF DECREES AND ORDERS: Sale by public auction,"{""federal"": ""in_force"", ""punjab"": ""in_force"", ""sindh"": ""in_force"", ""kp"": ""in_force"", ""balochistan"": ""in_force""}",,"Pakistan Code (pakistancode.gov.pk), Act No. V of 1908; https://pakistancode.gov.pk/pdffiles/administrator6598dabbad120033d4d42d717dcf9755.pdf",2026-09-23
CPC_1908,"Code of Civil Procedure, 1908",order_rule,XXI,78,CPC_1908_ORD_XXI_R_78,Order XXI Rule 78,"EXECUTION OF DECREES AND ORDERS: Irregularity not to vitiate sale, but any person injured may sue","{""federal"": ""in_force"", ""punjab"": ""in_force"", ""sindh"": ""in_force"", ""kp"": ""in_force"", ""balochistan"": ""in_force""}",,"Pakistan Code (pakistancode.gov.pk), Act No. V of 1908; https://pakistancode.gov.pk/pdffiles/administrator6598dabbad120033d4d42d717dcf9755.pdf",2026-09-23
CPC_1908,"Code of Civil Procedure, 1908",order_rule,XXI,79,CPC_1908_ORD_XXI_R_79,Order XXI Rule 79,"EXECUTION OF DECREES AND ORDERS: Delivery of moveable property, debts and shares.","{""federal"": ""in_force"", ""punjab"": ""in_force"", ""sindh"": ""in_force"", ""kp"": ""in_force"", ""balochistan"": ""in_force""}",,"Pakistan Code (pakistancode.gov.pk), Act No. V of 1908; https://pakistancode.gov.pk/pdffiles/administrator6598dabbad120033d4d42d717dcf9755.pdf",2026-09-23
CPC_1908,"Code of Civil Procedure, 1908",order_rule,XXI,80,CPC_1908_ORD_XXI_R_80,Order XXI Rule 80,EXECUTION OF DECREES AND ORDERS: Transfer  of negotiable  instruments and shares.,"{""federal"": ""in_force"", ""punjab"": ""in_force"", ""sindh"": ""in_force"", ""kp"": ""in_force"", ""balochistan"": ""in_force""}",,"Pakistan Code (pakistancode.gov.pk), Act No. V of 1908; https://pakistancode.gov.pk/pdffiles/administrator6598dabbad120033d4d42d717dcf9755.pdf",2026-09-23
CPC_1908,"Code of Civil Procedure, 1908",order_rule,XXI,82,CPC_1908_ORD_XXI_R_82,Order XXI Rule 82,EXECUTION OF DECREES AND ORDERS: What Courts may order sales,"{""federal"": ""in_force"", ""punjab"": ""in_force"", ""sindh"": ""in_force"", ""kp"": ""in_force"", ""balochistan"": ""in_force""}",,"Pakistan Code (pakistancode.gov.pk), Act No. V of 1908; https://pakistancode.gov.pk/pdffiles/administrator6598dabbad120033d4d42d717dcf9755.pdf",2026-09-23
CPC_1908,"Code of Civil Procedure, 1908",order_rule,XXI,83,CPC_1908_ORD_XXI_R_83,Order XXI Rule 83,EXECUTION OF DECREES AND ORDERS: Postponement of sale to enable judgment debtor to raise amount of decree,"{""federal"": ""in_force"", ""punjab"": ""in_force"", ""sindh"": ""in_force"", ""kp"": ""in_force"", ""balochistan"": ""in_force""}",,"Pakistan Code (pakistancode.gov.pk), Act No. V of 1908; https://pakistancode.gov.pk/pdffiles/administrator6598dabbad120033d4d42d717dcf9755.pdf",2026-09-23
CPC_1908,"Code of Civil Procedure, 1908",order_rule,XXI,84,CPC_1908_ORD_XXI_R_84,Order XXI Rule 84,EXECUTION OF DECREES AND ORDERS: Deposit by purchaser and re­sale on default,"{""federal"": ""in_force"", ""punjab"": ""in_force"", ""sindh"": ""in_force"", ""kp"": ""in_force"", ""balochistan"": ""in_force""}",,"Pakistan Code (pakistancode.gov.pk), Act No. V of 1908; https://pakistancode.gov.pk/pdffiles/administrator6598dabbad120033d4d42d717dcf9755.pdf",2026-09-23
CPC_1908,"Code of Civil Procedure, 1908",order_rule,XXI,85,CPC_1908_ORD_XXI_R_85,Order XXI Rule 85,EXECUTION OF DECREES AND ORDERS: Time for payment in full of purchase money,"{""federal"": ""in_force"", ""punjab"": ""in_force"", ""sindh"": ""in_force"", ""kp"": ""in_force"", ""balochistan"": ""in_force""}",,"Pakistan Code (pakistancode.gov.pk), Act No. V of 1908; https://pakistancode.gov.pk/pdffiles/administrator6598dabbad120033d4d42d717dcf9755.pdf",2026-09-23
CPC_1908,"Code of Civil Procedure, 1908",order_rule,XXI,86,CPC_1908_ORD_XXI_R_86,Order XXI Rule 86,EXECUTION OF DECREES AND ORDERS: Procedure in default of payment,"{""federal"": ""in_force"", ""punjab"": ""in_force"", ""sindh"": ""in_force"", ""kp"": ""in_force"", ""balochistan"": ""in_force""}",,"Pakistan Code (pakistancode.gov.pk), Act No. V of 1908; https://pakistancode.gov.pk/pdffiles/administrator6598dabbad120033d4d42d717dcf9755.pdf",2026-09-23
CPC_1908,"Code of Civil Procedure, 1908",order_rule,XXI,87,CPC_1908_ORD_XXI_R_87,Order XXI Rule 87,EXECUTION OF DECREES AND ORDERS: Notification on re­sale,"{""federal"": ""in_force"", ""punjab"": ""in_force"", ""sindh"": ""in_force"", ""kp"": ""in_force"", ""balochistan"": ""in_force""}",,"Pakistan Code (pakistancode.gov.pk), Act No. V of 1908; https://pakistancode.gov.pk/pdffiles/administrator6598dabbad120033d4d42d717dcf9755.pdf",2026-09-23
CPC_1908,"Code of Civil Procedure, 1908",order_rule,XXI,88,CPC_1908_ORD_XXI_R_88,Order XXI Rule 88,EXECUTION OF DECREES AND ORDERS: Bid of co­sharer to have preference,"{""federal"": ""in_force"", ""punjab"": ""in_force"", ""sindh"": ""in_force"", ""kp"": ""in_force"", ""balochistan"": ""in_force""}",,"Pakistan Code (pakistancode.gov.pk), Act No. V of 1908; https://pakistancode.gov.pk/pdffiles/administrator6598dabbad120033d4d42d717dcf9755.pdf",2026-09-23
CPC_1908,"Code of Civil Procedure, 1908",order_rule,XXI,89,CPC_1908_ORD_XXI_R_89,Order XXI Rule 89,EXECUTION OF DECREES AND ORDERS: Application to set aside sale on deposit,"{""federal"": ""in_force"", ""punjab"": ""in_force"", ""sindh"": ""in_force"", ""kp"": ""in_force"", ""balochistan"": ""in_force""}",,"Pakistan Code (pakistancode.gov.pk), Act No. V of 1908; https://pakistancode.gov.pk/pdffiles/administrator6598dabbad120033d4d42d717dcf9755.pdf",2026-09-23
CPC_1908,"Code of Civil Procedure, 1908",order_rule,XXI,90,CPC_1908_ORD_XXI_R_90,Order XXI Rule 90,EXECUTION OF DECREES AND ORDERS: Application to set aside sale on ground  of irregularity or fraud,"{""federal"": ""in_force"", ""punjab"": ""in_force"", ""sindh"": ""in_force"", ""kp"": ""in_force"", ""balochistan"": ""in_force""}",,"Pakistan Code (pakistancode.gov.pk), Act No. V of 1908; https://pakistancode.gov.pk/pdffiles/administrator6598dabbad120033d4d42d717dcf9755.pdf",2026-09-23
CPC_1908,"Code of Civil Procedure, 1908",order_rule,XXI,92,CPC_1908_ORD_XXI_R_92,Order XXI Rule 92,EXECUTION OF DECREES AND ORDERS: Sale when to become absolute or be set aside.,"{""federal"": ""in_force"", ""punjab"": ""in_force"", ""sindh"": ""in_force"", ""kp"": ""in_force"", ""balochistan"": ""in_force""}",,"Pakistan Code (pakistancode.gov.pk), Act No. V of 1908; https://pakistancode.gov.pk/pdffiles/administrator6598dabbad120033d4d42d717dcf9755.pdf",2026-09-23
CPC_1908,"Code of Civil Procedure, 1908",order_rule,XXI,93,CPC_1908_ORD_XXI_R_93,Order XXI Rule 93,EXECUTION OF DECREES AND ORDERS: Return of purchase­money in certain cases,"{""federal"": ""in_force"", ""punjab"": ""in_force"", ""sindh"": ""in_force"", ""kp"": ""in_force"", ""balochistan"": ""in_force""}",,"Pakistan Code (pakistancode.gov.pk), Act No. V of 1908; https://pakistancode.gov.pk/pdffiles/administrator6598dabbad120033d4d42d717dcf9755.pdf",2026-09-23
CPC_1908,"Code of Civil Procedure, 1908",order_rule,XXI,94,CPC_1908_ORD_XXI_R_94,Order XXI Rule 94,EXECUTION OF DECREES AND ORDERS: Certificate to purchaser,"{""federal"": ""in_force"", ""punjab"": ""in_force"", ""sindh"": ""in_force"", ""kp"": ""in_force"", ""balochistan"": ""in_force""}",,"Pakistan Code (pakistancode.gov.pk), Act No. V of 1908; https://pakistancode.gov.pk/pdffiles/administrator6598dabbad120033d4d42d717dcf9755.pdf",2026-09-23
CPC_1908,"Code of Civil Procedure, 1908",order_rule,XXI,95,CPC_1908_ORD_XXI_R_95,Order XXI Rule 95,EXECUTION OF DECREES AND ORDERS: Delivery of property in occupancy of judgment­debtor,"{""federal"": ""in_force"", ""punjab"": ""in_force"", ""sindh"": ""in_force"", ""kp"": ""in_force"", ""balochistan"": ""in_force""}",,"Pakistan Code (pakistancode.gov.pk), Act No. V of 1908; https://pakistancode.gov.pk/pdffiles/administrator6598dabbad120033d4d42d717dcf9755.pdf",2026-09-23
CPC_1908,"Code of Civil Procedure, 1908",order_rule,XXI,96,CPC_1908_ORD_XXI_R_96,Order XXI Rule 96,EXECUTION OF DECREES AND ORDERS: Delivery of property in occupancy of tenant,"{""federal"": ""in_force"", ""punjab"": ""in_force"", ""sindh"": ""in_force"", ""kp"": ""in_force"", ""balochistan"": ""in_force""}",,"Pakistan Code (pakistancode.gov.pk), Act No. V of 1908; https://pakistancode.gov.pk/pdffiles/administrator6598dabbad120033d4d42d717dcf9755.pdf",2026-09-23
CPC_1908,"Code of Civil Procedure, 1908",order_rule,XXI,97,CPC_1908_ORD_XXI_R_97,Order XXI Rule 97,EXECUTION OF DECREES AND ORDERS: Resistance or obstruction to possession of immoveable property,"{""federal"": ""in_force"", ""punjab"": ""in_force"", ""sindh"": ""in_force"", ""kp"": ""in_force"", ""balochistan"": ""in_force""}",,"Pakistan Code (pakistancode.gov.pk), Act No. V of 1908; https://pakistancode.gov.pk/pdffiles/administrator6598dabbad120033d4d42d717dcf9755.pdf",2026-09-23
CPC_1908,"Code of Civil Procedure, 1908",order_rule,XXI,98,CPC_1908_ORD_XXI_R_98,Order XXI Rule 98,EXECUTION OF DECREES AND ORDERS: Resistance or obstruction by judgment debtor,"{""federal"": ""in_force"", ""punjab"": ""in_force"", ""sindh"": ""in_force"", ""kp"": ""in_force"", ""balochistan"": ""in_force""}",,"Pakistan Code (pakistancode.gov.pk), Act No. V of 1908; https://pakistancode.gov.pk/pdffiles/administrator6598dabbad120033d4d42d717dcf9755.pdf",2026-09-23
CPC_1908,"Code of Civil Procedure, 1908",order_rule,XXI,99,CPC_1908_ORD_XXI_R_99,Order XXI Rule 99,EXECUTION OF DECREES AND ORDERS: Resistance or obstruction by bona fide claimant,"{""federal"": ""in_force"", ""punjab"": ""in_force"", ""sindh"": ""in_force"", ""kp"": ""in_force"", ""balochistan"": ""in_force""}",,"Pakistan Code (pakistancode.gov.pk), Act No. V of 1908; https://pakistancode.gov.pk/pdffiles/administrator6598dabbad120033d4d42d717dcf9755.pdf",2026-09-23
CPC_1908,"Code of Civil Procedure, 1908",order_rule,XXI,100,CPC_1908_ORD_XXI_R_100,Order XXI Rule 100,EXECUTION OF DECREES AND ORDERS: Dispossession   by   decree­holder or purchaser,"{""federal"": ""in_force"", ""punjab"": ""in_force"", ""sindh"": ""in_force"", ""kp"": ""in_force"", ""balochistan"": ""in_force""}",,"Pakistan Code (pakistancode.gov.pk), Act No. V of 1908; https://pakistancode.gov.pk/pdffiles/administrator6598dabbad120033d4d42d717dcf9755.pdf",2026-09-23
CPC_1908,"Code of Civil Procedure, 1908",order_rule,XXI,101,CPC_1908_ORD_XXI_R_101,Order XXI Rule 101,EXECUTION OF DECREES AND ORDERS: Bona fide claimant to be restored to possession,"{""federal"": ""in_force"", ""punjab"": ""in_force"", ""sindh"": ""in_force"", ""kp"": ""in_force"", ""balochistan"": ""in_force""}",,"Pakistan Code (pakistancode.gov.pk), Act No. V of 1908; https://pakistancode.gov.pk/pdffiles/administrator6598dabbad120033d4d42d717dcf9755.pdf",2026-09-23
CPC_1908,"Code of Civil Procedure, 1908",order_rule,XXI,102,CPC_1908_ORD_XXI_R_102,Order XXI Rule 102,EXECUTION OF DECREES AND ORDERS: Rules not applicable to transferee lite bendente,"{""federal"": ""in_force"", ""punjab"": ""in_force"", ""sindh"": ""in_force"", ""kp"": ""in_force"", ""balochistan"": ""in_force""}",,"Pakistan Code (pakistancode.gov.pk), Act No. V of 1908; https://pakistancode.gov.pk/pdffiles/administrator6598dabbad120033d4d42d717dcf9755.pdf",2026-09-23
CPC_1908,"Code of Civil Procedure, 1908",order_rule,XXI,103,CPC_1908_ORD_XXI_R_103,Order XXI Rule 103,EXECUTION OF DECREES AND ORDERS: Certain orders conclusive and suit barred,"{""federal"": ""in_force"", ""punjab"": ""in_force"", ""sindh"": ""in_force"", ""kp"": ""in_force"", ""balochistan"": ""in_force""}",,"Pakistan Code (pakistancode.gov.pk), Act No. V of 1908; https://pakistancode.gov.pk/pdffiles/administrator6598dabbad120033d4d42d717dcf9755.pdf",2026-09-23
CPC_1908,"Code of Civil Procedure, 1908",order_rule,XXII,1,CPC_1908_ORD_XXII_R_1,Order XXII Rule 1,"DEATH, MARRIAGE AND INSOLVENCY OF PARTIES: No abatement by party ’s death, if right to sue survives","{""federal"": ""in_force"", ""punjab"": ""in_force"", ""sindh"": ""in_force"", ""kp"": ""in_force"", ""balochistan"": ""in_force""}",,"Pakistan Code (pakistancode.gov.pk), Act No. V of 1908; https://pakistancode.gov.pk/pdffiles/administrator6598dabbad120033d4d42d717dcf9755.pdf",2026-09-23
CPC_1908,"Code of Civil Procedure, 1908",order_rule,XXII,2,CPC_1908_ORD_XXII_R_2,Order XXII Rule 2,"DEATH, MARRIAGE AND INSOLVENCY OF PARTIES: Procedure where one of several plaintiffs or defendants dies and right to sue survives","{""federal"": ""in_force"", ""punjab"": ""in_force"", ""sindh"": ""in_force"", ""kp"": ""in_force"", ""balochistan"": ""in_force""}",,"Pakistan Code (pakistancode.gov.pk), Act No. V of 1908; https://pakistancode.gov.pk/pdffiles/administrator6598dabbad120033d4d42d717dcf9755.pdf",2026-09-23
CPC_1908,"Code of Civil Procedure, 1908",order_rule,XXII,3,CPC_1908_ORD_XXII_R_3,Order XXII Rule 3,"DEATH, MARRIAGE AND INSOLVENCY OF PARTIES: Procedure in case of death of one of several plaintiffs or of sole plaintiff.","{""federal"": ""in_force"", ""punjab"": ""in_force"", ""sindh"": ""in_force"", ""kp"": ""in_force"", ""balochistan"": ""in_force""}",,"Pakistan Code (pakistancode.gov.pk), Act No. V of 1908; https://pakistancode.gov.pk/pdffiles/administrator6598dabbad120033d4d42d717dcf9755.pdf",2026-09-23
CPC_1908,"Code of Civil Procedure, 1908",order_rule,XXII,4,CPC_1908_ORD_XXII_R_4,Order XXII Rule 4,"DEATH, MARRIAGE AND INSOLVENCY OF PARTIES: Procedure in case of death of one of several defendants or of sole defendant","{""federal"": ""in_force"", ""punjab"": ""in_force"", ""sindh"": ""in_force"", ""kp"": ""in_force"", ""balochistan"": ""in_force""}",,"Pakistan Code (pakistancode.gov.pk), Act No. V of 1908; https://pakistancode.gov.pk/pdffiles/administrator6598dabbad120033d4d42d717dcf9755.pdf",2026-09-23
CPC_1908,"Code of Civil Procedure, 1908",order_rule,XXII,5,CPC_1908_ORD_XXII_R_5,Order XXII Rule 5,"DEATH, MARRIAGE AND INSOLVENCY OF PARTIES: Determination of question as to  legal representative","{""federal"": ""in_force"", ""punjab"": ""in_force"", ""sindh"": ""in_force"", ""kp"": ""in_force"", ""balochistan"": ""in_force""}",,"Pakistan Code (pakistancode.gov.pk), Act No. V of 1908; https://pakistancode.gov.pk/pdffiles/administrator6598dabbad120033d4d42d717dcf9755.pdf",2026-09-23
CPC_1908,"Code of Civil Procedure, 1908",order_rule,XXII,6,CPC_1908_ORD_XXII_R_6,Order XXII Rule 6,"DEATH, MARRIAGE AND INSOLVENCY OF PARTIES: No abatement by reason of death after hearing","{""federal"": ""in_force"", ""punjab"": ""in_force"", ""sindh"": ""in_force"", ""kp"": ""in_force"", ""balochistan"": ""in_force""}",,"Pakistan Code (pakistancode.gov.pk), Act No. V of 1908; https://pakistancode.gov.pk/pdffiles/administrator6598dabbad120033d4d42d717dcf9755.pdf",2026-09-23
CPC_1908,"Code of Civil Procedure, 1908",order_rule,XXII,7,CPC_1908_ORD_XXII_R_7,Order XXII Rule 7,"DEATH, MARRIAGE AND INSOLVENCY OF PARTIES: Suit not abated by marriage of female party.","{""federal"": ""in_force"", ""punjab"": ""in_force"", ""sindh"": ""in_force"", ""kp"": ""in_force"", ""balochistan"": ""in_force""}",,"Pakistan Code (pakistancode.gov.pk), Act No. V of 1908; https://pakistancode.gov.pk/pdffiles/administrator6598dabbad120033d4d42d717dcf9755.pdf",2026-09-23
CPC_1908,"Code of Civil Procedure, 1908",order_rule,XXII,8,CPC_1908_ORD_XXII_R_8,Order XXII Rule 8,"DEATH, MARRIAGE AND INSOLVENCY OF PARTIES: When plaintiff’s insolvency bars suit","{""federal"": ""in_force"", ""punjab"": ""in_force"", ""sindh"": ""in_force"", ""kp"": ""in_force"", ""balochistan"": ""in_force""}",,"Pakistan Code (pakistancode.gov.pk), Act No. V of 1908; https://pakistancode.gov.pk/pdffiles/administrator6598dabbad120033d4d42d717dcf9755.pdf",2026-09-23
CPC_1908,"Code of Civil Procedure, 1908",order_rule,XXII,9,CPC_1908_ORD_XXII_R_9,Order XXII Rule 9,"DEATH, MARRIAGE AND INSOLVENCY OF PARTIES: Effect of dismissal.","{""federal"": ""in_force"", ""punjab"": ""in_force"", ""sindh"": ""in_force"", ""kp"": ""in_force"", ""balochistan"": ""in_force""}",,"Pakistan Code (pakistancode.gov.pk), Act No. V of 1908; https://pakistancode.gov.pk/pdffiles/administrator6598dabbad120033d4d42d717dcf9755.pdf",2026-09-23
CPC_1908,"Code of Civil Procedure, 1908",order_rule,XXII,10,CPC_1908_ORD_XXII_R_10,Order XXII Rule 10,"DEATH, MARRIAGE AND INSOLVENCY OF PARTIES: Procedure in case of assignment before final order in suit.","{""federal"": ""in_force"", ""punjab"": ""in_force"", ""sindh"": ""in_force"", ""kp"": ""in_force"", ""balochistan"": ""in_force""}",,"Pakistan Code (pakistancode.gov.pk), Act No. V of 1908; https://pakistancode.gov.pk/pdffiles/administrator6598dabbad120033d4d42d717dcf9755.pdf",2026-09-23
CPC_1908,"Code of Civil Procedure, 1908",order_rule,XXII,11,CPC_1908_ORD_XXII_R_11,Order XXII Rule 11,"DEATH, MARRIAGE AND INSOLVENCY OF PARTIES: Application of Order to appeals","{""federal"": ""in_force"", ""punjab"": ""in_force"", ""sindh"": ""in_force"", ""kp"": ""in_force"", ""balochistan"": ""in_force""}",,"Pakistan Code (pakistancode.gov.pk), Act No. V of 1908; https://pakistancode.gov.pk/pdffiles/administrator6598dabbad120033d4d42d717dcf9755.pdf",2026-09-23
CPC_1908,"Code of Civil Procedure, 1908",order_rule,XXII,12,CPC_1908_ORD_XXII_R_12,Order XXII Rule 12,"DEATH, MARRIAGE AND INSOLVENCY OF PARTIES: Application of Order to proceedings","{""federal"": ""in_force"", ""punjab"": ""in_force"", ""sindh"": ""in_force"", ""kp"": ""in_force"", ""balochistan"": ""in_force""}",,"Pakistan Code (pakistancode.gov.pk), Act No. V of 1908; https://pakistancode.gov.pk/pdffiles/administrator6598dabbad120033d4d42d717dcf9755.pdf",2026-09-23
CPC_1908,"Code of Civil Procedure, 1908",order_rule,XXIII,1,CPC_1908_ORD_XXIII_R_1,Order XXIII Rule 1,WITHDRAWAL AND ADJUSTMENT OF SUITS: Withdrawal of suit or abandenment of part of claim,"{""federal"": ""in_force"", ""punjab"": ""in_force"", ""sindh"": ""in_force"", ""kp"": ""in_force"", ""balochistan"": ""in_force""}",,"Pakistan Code (pakistancode.gov.pk), Act No. V of 1908; https://pakistancode.gov.pk/pdffiles/administrator6598dabbad120033d4d42d717dcf9755.pdf",2026-09-23
CPC_1908,"Code of Civil Procedure, 1908",order_rule,XXIII,2,CPC_1908_ORD_XXIII_R_2,Order XXIII Rule 2,WITHDRAWAL AND ADJUSTMENT OF SUITS: Limitation law not affected by first suit,"{""federal"": ""in_force"", ""punjab"": ""in_force"", ""sindh"": ""in_force"", ""kp"": ""in_force"", ""balochistan"": ""in_force""}",,"Pakistan Code (pakistancode.gov.pk), Act No. V of 1908; https://pakistancode.gov.pk/pdffiles/administrator6598dabbad120033d4d42d717dcf9755.pdf",2026-09-23
CPC_1908,"Code of Civil Procedure, 1908",order_rule,XXIII,3,CPC_1908_ORD_XXIII_R_3,Order XXIII Rule 3,WITHDRAWAL AND ADJUSTMENT OF SUITS: Compromise of suit,"{""federal"": ""in_force"", ""punjab"": ""in_force"", ""sindh"": ""in_force"", ""kp"": ""in_force"", ""balochistan"": ""in_force""}",,"Pakistan Code (pakistancode.gov.pk), Act No. V of 1908; https://pakistancode.gov.pk/pdffiles/administrator6598dabbad120033d4d42d717dcf9755.pdf",2026-09-23
CPC_1908,"Code of Civil Procedure, 1908",order_rule,XXIII,4,CPC_1908_ORD_XXIII_R_4,Order XXIII Rule 4,WITHDRAWAL AND ADJUSTMENT OF SUITS: Proceedings in execution of decrees not affected,"{""federal"": ""in_force"", ""punjab"": ""in_force"", ""sindh"": ""in_force"", ""kp"": ""in_force"", ""balochistan"": ""in_force""}",,"Pakistan Code (pakistancode.gov.pk), Act No. V of 1908; https://pakistancode.gov.pk/pdffiles/administrator6598dabbad120033d4d42d717dcf9755.pdf",2026-09-23
CPC_1908,"Code of Civil Procedure, 1908",order_rule,XXIV,1,CPC_1908_ORD_XXIV_R_1,Order XXIV Rule 1,PAYMENT INTO COURT: Deposit by defendant of amount in satisfaction of claim,"{""federal"": ""in_force"", ""punjab"": ""in_force"", ""sindh"": ""in_force"", ""kp"": ""in_force"", ""balochistan"": ""in_force""}",,"Pakistan Code (pakistancode.gov.pk), Act No. V of 1908; https://pakistancode.gov.pk/pdffiles/administrator6598dabbad120033d4d42d717dcf9755.pdf",2026-09-23
CPC_1908,"Code of Civil Procedure, 1908",order_rule,XXIV,2,CPC_1908_ORD_XXIV_R_2,Order XXIV Rule 2,PAYMENT INTO COURT: Notice of deposit,"{""federal"": ""in_force"", ""punjab"": ""in_force"", ""sindh"": ""in_force"", ""kp"": ""in_force"", ""balochistan"": ""in_force""}",,"Pakistan Code (pakistancode.gov.pk), Act No. V of 1908; https://pakistancode.gov.pk/pdffiles/administrator6598dabbad120033d4d42d717dcf9755.pdf",2026-09-23
CPC_1908,"Code of Civil Procedure, 1908",order_rule,XXIV,3,CPC_1908_ORD_XXIV_R_3,Order XXIV Rule 3,PAYMENT INTO COURT: Interest on deposit not allowed to plaintiff after notice,"{""federal"": ""in_force"", ""punjab"": ""in_force"", ""sindh"": ""in_force"", ""kp"": ""in_force"", ""balochistan"": ""in_force""}",,"Pakistan Code (pakistancode.gov.pk), Act No. V of 1908; https://pakistancode.gov.pk/pdffiles/administrator6598dabbad120033d4d42d717dcf9755.pdf",2026-09-23
CPC_1908,"Code of Civil Procedure, 1908",order_rule,XXIV,4,CPC_1908_ORD_XXIV_R_4,Order XXIV Rule 4,PAYMENT INTO COURT: Procedure where plaintiff accepts deposit as satisfaction in part,"{""federal"": ""in_force"", ""punjab"": ""in_force"", ""sindh"": ""in_force"", ""kp"": ""in_force"", ""balochistan"": ""in_force""}",,"Pakistan Code (pakistancode.gov.pk), Act No. V of 1908; https://pakistancode.gov.pk/pdffiles/administrator6598dabbad120033d4d42d717dcf9755.pdf",2026-09-23
CPC_1908,"Code of Civil Procedure, 1908",order_rule,XXV,1,CPC_1908_ORD_XXV_R_1,Order XXV Rule 1,SECURITY FOR COSTS: When security for costs may be required from plaintiff.,"{""federal"": ""in_force"", ""punjab"": ""in_force"", ""sindh"": ""in_force"", ""kp"": ""in_force"", ""balochistan"": ""in_force""}",,"Pakistan Code (pakistancode.gov.pk), Act No. V of 1908; https://pakistancode.gov.pk/pdffiles/administrator6598dabbad120033d4d42d717dcf9755.pdf",2026-09-23
CPC_1908,"Code of Civil Procedure, 1908",order_rule,XXV,2,CPC_1908_ORD_XXV_R_2,Order XXV Rule 2,SECURITY FOR COSTS: Effect of failure to furnish security,"{""federal"": ""in_force"", ""punjab"": ""in_force"", ""sindh"": ""in_force"", ""kp"": ""in_force"", ""balochistan"": ""in_force""}",,"Pakistan Code (pakistancode.gov.pk), Act No. V of 1908; https://pakistancode.gov.pk/pdffiles/administrator6598dabbad120033d4d42d717dcf9755.pdf",2026-09-23
CPC_1908,"Code of Civil Procedure, 1908",order_rule,XXVI,1,CPC_1908_ORD_XXVI_R_1,Order XXVI Rule 1,COMMISSIONS: Cases in which Court may issue commission to examine witness,"{""federal"": ""in_force"", ""punjab"": ""in_force"", ""sindh"": ""in_force"", ""kp"": ""in_force"", ""balochistan"": ""in_force""}",,"Pakistan Code (pakistancode.gov.pk), Act No. V of 1908; https://pakistancode.gov.pk/pdffiles/administrator6598dabbad120033d4d42d717dcf9755.pdf",2026-09-23
CPC_1908,"Code of Civil Procedure, 1908",order_rule,XXVI,2,CPC_1908_ORD_XXVI_R_2,Order XXVI Rule 2,COMMISSIONS: Order for commission,"{""federal"": ""in_force"", ""punjab"": ""in_force"", ""sindh"": ""in_force"", ""kp"": ""in_force"", ""balochistan"": ""in_force""}",,"Pakistan Code (pakistancode.gov.pk), Act No. V of 1908; https://pakistancode.gov.pk/pdffiles/administrator6598dabbad120033d4d42d717dcf9755.pdf",2026-09-23
CPC_1908,"Code of Civil Procedure, 1908",order_rule,XXVI,3,CPC_1908_ORD_XXVI_R_3,Order XXVI Rule 3,COMMISSIONS: Where witness resides within Court’s jurisdiction,"{""federal"": ""in_force"", ""punjab"": ""in_force"", ""sindh"": ""in_force"", ""kp"": ""in_force"", ""balochistan"": ""in_force""}",,"Pakistan Code (pakistancode.gov.pk), Act No. V of 1908; https://pakistancode.gov.pk/pdffiles/administrator6598dabbad120033d4d42d717dcf9755.pdf",2026-09-23
CPC_1908,"Code of Civil Procedure, 1908",order_rule,XXVI,4,CPC_1908_ORD_XXVI_R_4,Order XXVI Rule 4,COMMISSIONS: Persons for whose examination commission may issue.,"{""federal"": ""in_force"", ""punjab"": ""in_force"", ""sindh"": ""in_force"", ""kp"": ""in_force"", ""balochistan"": ""in_force""}",,"Pakistan Code (pakistancode.gov.pk), Act No. V of 1908; https://pakistancode.gov.pk/pdffiles/administrator6598dabbad120033d4d42d717dcf9755.pdf",2026-09-23
CPC_1908,"Code of Civil Procedure, 1908",order_rule,XXVI,5,CPC_1908_ORD_XXVI_R_5,Order XXVI Rule 5,COMMISSIONS: Commission or request to examine witness not within Pakistan,"{""federal"": ""in_force"", ""punjab"": ""in_force"", ""sindh"": ""in_force"", ""kp"": ""in_force"", ""balochistan"": ""in_force""}",,"Pakistan Code (pakistancode.gov.pk), Act No. V of 1908; https://pakistancode.gov.pk/pdffiles/administrator6598dabbad120033d4d42d717dcf9755.pdf",2026-09-23
CPC_1908,"Code of Civil Procedure, 1908",order_rule,XXVI,6,CPC_1908_ORD_XXVI_R_6,Order XXVI Rule 6,COMMISSIONS: Court to examine witness pursuant to commission,"{""federal"": ""in_force"", ""punjab"": ""in_force"", ""sindh"": ""in_force"", ""kp"": ""in_force"", ""balochistan"": ""in_force""}",,"Pakistan Code (pakistancode.gov.pk), Act No. V of 1908; https://pakistancode.gov.pk/pdffiles/administrator6598dabbad120033d4d42d717dcf9755.pdf",2026-09-23
CPC_1908,"Code of Civil Procedure, 1908",order_rule,XXVI,7,CPC_1908_ORD_XXVI_R_7,Order XXVI Rule 7,COMMISSIONS: Return of commission with depositions of witnesses,"{""federal"": ""in_force"", ""punjab"": ""in_force"", ""sindh"": ""in_force"", ""kp"": ""in_force"", ""balochistan"": ""in_force""}",,"Pakistan Code (pakistancode.gov.pk), Act No. V of 1908; https://pakistancode.gov.pk/pdffiles/administrator6598dabbad120033d4d42d717dcf9755.pdf",2026-09-23
CPC_1908,"Code of Civil Procedure, 1908",order_rule,XXVI,8,CPC_1908_ORD_XXVI_R_8,Order XXVI Rule 8,COMMISSIONS: When depositions may be read in evidence,"{""federal"": ""in_force"", ""punjab"": ""in_force"", ""sindh"": ""in_force"", ""kp"": ""in_force"", ""balochistan"": ""in_force""}",,"Pakistan Code (pakistancode.gov.pk), Act No. V of 1908; https://pakistancode.gov.pk/pdffiles/administrator6598dabbad120033d4d42d717dcf9755.pdf",2026-09-23
CPC_1908,"Code of Civil Procedure, 1908",order_rule,XXVI,9,CPC_1908_ORD_XXVI_R_9,Order XXVI Rule 9,COMMISSIONS: Commissions to make local investigations,"{""federal"": ""in_force"", ""punjab"": ""in_force"", ""sindh"": ""in_force"", ""kp"": ""in_force"", ""balochistan"": ""in_force""}",,"Pakistan Code (pakistancode.gov.pk), Act No. V of 1908; https://pakistancode.gov.pk/pdffiles/administrator6598dabbad120033d4d42d717dcf9755.pdf",2026-09-23
CPC_1908,"Code of Civil Procedure, 1908",order_rule,XXVI,10,CPC_1908_ORD_XXVI_R_10,Order XXVI Rule 10,COMMISSIONS: Procedure of Commissioner.,"{""federal"": ""in_force"", ""punjab"": ""in_force"", ""sindh"": ""in_force"", ""kp"": ""in_force"", ""balochistan"": ""in_force""}",,"Pakistan Code (pakistancode.gov.pk), Act No. V of 1908; https://pakistancode.gov.pk/pdffiles/administrator6598dabbad120033d4d42d717dcf9755.pdf",2026-09-23
CPC_1908,"Code of Civil Procedure, 1908",order_rule,XXVI,11,CPC_1908_ORD_XXVI_R_11,Order XXVI Rule 11,COMMISSIONS: Commission to examiner  adjust accounts,"{""federal"": ""in_force"", ""punjab"": ""in_force"", ""sindh"": ""in_force"", ""kp"": ""in_force"", ""balochistan"": ""in_force""}",,"Pakistan Code (pakistancode.gov.pk), Act No. V of 1908; https://pakistancode.gov.pk/pdffiles/administrator6598dabbad120033d4d42d717dcf9755.pdf",2026-09-23
CPC_1908,"Code of Civil Procedure, 1908",order_rule,XXVI,12,CPC_1908_ORD_XXVI_R_12,Order XXVI Rule 12,COMMISSIONS: Courts to   give   Commissioner necessary instructions,"{""federal"": ""in_force"", ""punjab"": ""in_force"", ""sindh"": ""in_force"", ""kp"": ""in_force"", ""balochistan"": ""in_force""}",,"Pakistan Code (pakistancode.gov.pk), Act No. V of 1908; https://pakistancode.gov.pk/pdffiles/administrator6598dabbad120033d4d42d717dcf9755.pdf",2026-09-23
CPC_1908,"Code of Civil Procedure, 1908",order_rule,XXVI,13,CPC_1908_ORD_XXVI_R_13,Order XXVI Rule 13,COMMISSIONS: Commission to make partition of immoveable property,"{""federal"": ""in_force"", ""punjab"": ""in_force"", ""sindh"": ""in_force"", ""kp"": ""in_force"", ""balochistan"": ""in_force""}",,"Pakistan Code (pakistancode.gov.pk), Act No. V of 1908; https://pakistancode.gov.pk/pdffiles/administrator6598dabbad120033d4d42d717dcf9755.pdf",2026-09-23
CPC_1908,"Code of Civil Procedure, 1908",order_rule,XXVI,14,CPC_1908_ORD_XXVI_R_14,Order XXVI Rule 14,COMMISSIONS: Procedure of Commissioner,"{""federal"": ""in_force"", ""punjab"": ""in_force"", ""sindh"": ""in_force"", ""kp"": ""in_force"", ""balochistan"": ""in_force""}",,"Pakistan Code (pakistancode.gov.pk), Act No. V of 1908; https://pakistancode.gov.pk/pdffiles/administrator6598dabbad120033d4d42d717dcf9755.pdf",2026-09-23
CPC_1908,"Code of Civil Procedure, 1908",order_rule,XXVI,15,CPC_1908_ORD_XXVI_R_15,Order XXVI Rule 15,COMMISSIONS: Expenses of Commission to be paid into Co urt,"{""federal"": ""in_force"", ""punjab"": ""in_force"", ""sindh"": ""in_force"", ""kp"": ""in_force"", ""balochistan"": ""in_force""}",,"Pakistan Code (pakistancode.gov.pk), Act No. V of 1908; https://pakistancode.gov.pk/pdffiles/administrator6598dabbad120033d4d42d717dcf9755.pdf",2026-09-23
CPC_1908,"Code of Civil Procedure, 1908",order_rule,XXVI,16,CPC_1908_ORD_XXVI_R_16,Order XXVI Rule 16,COMMISSIONS: Powers of Commissioners,"{""federal"": ""in_force"", ""punjab"": ""in_force"", ""sindh"": ""in_force"", ""kp"": ""in_force"", ""balochistan"": ""in_force""}",,"Pakistan Code (pakistancode.gov.pk), Act No. V of 1908; https://pakistancode.gov.pk/pdffiles/administrator6598dabbad120033d4d42d717dcf9755.pdf",2026-09-23
CPC_1908,"Code of Civil Procedure, 1908",order_rule,XXVI,17,CPC_1908_ORD_XXVI_R_17,Order XXVI Rule 17,COMMISSIONS: Attendance  and examination of witnesses  before Commissioner,"{""federal"": ""in_force"", ""punjab"": ""in_force"", ""sindh"": ""in_force"", ""kp"": ""in_force"", ""balochistan"": ""in_force""}",,"Pakistan Code (pakistancode.gov.pk), Act No. V of 1908; https://pakistancode.gov.pk/pdffiles/administrator6598dabbad120033d4d42d717dcf9755.pdf",2026-09-23
CPC_1908,"Code of Civil Procedure, 1908",order_rule,XXVI,18,CPC_1908_ORD_XXVI_R_18,Order XXVI Rule 18,COMMISSIONS: Parties to appear before Commissioner.,"{""federal"": ""in_force"", ""punjab"": ""in_force"", ""sindh"": ""in_force"", ""kp"": ""in_force"", ""balochistan"": ""in_force""}",,"Pakistan Code (pakistancode.gov.pk), Act No. V of 1908; https://pakistancode.gov.pk/pdffiles/administrator6598dabbad120033d4d42d717dcf9755.pdf",2026-09-23
CPC_1908,"Code of Civil Procedure, 1908",order_rule,XXVI,19,CPC_1908_ORD_XXVI_R_19,Order XXVI Rule 19,COMMISSIONS: Cases in which High Court may issue commission to examine witness.,"{""federal"": ""in_force"", ""punjab"": ""in_force"", ""sindh"": ""in_force"", ""kp"": ""in_force"", ""balochistan"": ""in_force""}",,"Pakistan Code (pakistancode.gov.pk), Act No. V of 1908; https://pakistancode.gov.pk/pdffiles/administrator6598dabbad120033d4d42d717dcf9755.pdf",2026-09-23
CPC_1908,"Code of Civil Procedure, 1908",order_rule,XXVI,20,CPC_1908_ORD_XXVI_R_20,Order XXVI Rule 20,COMMISSIONS: Application for commission. The High Court may issue a commission under rule 19,"{""federal"": ""in_force"", ""punjab"": ""in_force"", ""sindh"": ""in_force"", ""kp"": ""in_force"", ""balochistan"": ""in_force""}",,"Pakistan Code (pakistancode.gov.pk), Act No. V of 1908; https://pakistancode.gov.pk/pdffiles/administrator6598dabbad120033d4d42d717dcf9755.pdf",2026-09-23
CPC_1908,"Code of Civil Procedure, 1908",order_rule,XXVI,21,CPC_1908_ORD_XXVI_R_21,Order XXVI Rule 21,COMMISSIONS: To whom commissions may be issued,"{""federal"": ""in_force"", ""punjab"": ""in_force"", ""sindh"": ""in_force"", ""kp"": ""in_force"", ""balochistan"": ""in_force""}",,"Pakistan Code (pakistancode.gov.pk), Act No. V of 1908; https://pakistancode.gov.pk/pdffiles/administrator6598dabbad120033d4d42d717dcf9755.pdf",2026-09-23
CPC_1908,"Code of Civil Procedure, 1908",order_rule,XXVII,1,CPC_1908_ORD_XXVII_R_1,Order XXVII Rule 1,SUITS BY OR AGAINST 2[THE GOVERNMENT] OR PUBLIC OFFICERS IN THEIR: Suits by or against Government,"{""federal"": ""in_force"", ""punjab"": ""in_force"", ""sindh"": ""in_force"", ""kp"": ""in_force"", ""balochistan"": ""in_force""}",,"Pakistan Code (pakistancode.gov.pk), Act No. V of 1908; https://pakistancode.gov.pk/pdffiles/administrator6598dabbad120033d4d42d717dcf9755.pdf",2026-09-23
CPC_1908,"Code of Civil Procedure, 1908",order_rule,XXVII,42,CPC_1908_ORD_XXVII_R_42,Order XXVII Rule 42,SUITS BY OR AGAINST 2[THE GOVERNMENT] OR PUBLIC OFFICERS IN THEIR: Persons authorised to act for Government,"{""federal"": ""in_force"", ""punjab"": ""in_force"", ""sindh"": ""in_force"", ""kp"": ""in_force"", ""balochistan"": ""in_force""}",,"Pakistan Code (pakistancode.gov.pk), Act No. V of 1908; https://pakistancode.gov.pk/pdffiles/administrator6598dabbad120033d4d42d717dcf9755.pdf",2026-09-23
CPC_1908,"Code of Civil Procedure, 1908",order_rule,XXVII,3,CPC_1908_ORD_XXVII_R_3,Order XXVII Rule 3,SUITS BY OR AGAINST 2[THE GOVERNMENT] OR PUBLIC OFFICERS IN THEIR: Plaints in suits by or against Government,"{""federal"": ""in_force"", ""punjab"": ""in_force"", ""sindh"": ""in_force"", ""kp"": ""in_force"", ""balochistan"": ""in_force""}",,"Pakistan Code (pakistancode.gov.pk), Act No. V of 1908; https://pakistancode.gov.pk/pdffiles/administrator6598dabbad120033d4d42d717dcf9755.pdf",2026-09-23
CPC_1908,"Code of Civil Procedure, 1908",order_rule,XXVII,4,CPC_1908_ORD_XXVII_R_4,Order XXVII Rule 4,SUITS BY OR AGAINST 2[THE GOVERNMENT] OR PUBLIC OFFICERS IN THEIR: Agent for Government to receive process,"{""federal"": ""in_force"", ""punjab"": ""in_force"", ""sindh"": ""in_force"", ""kp"": ""in_force"", ""balochistan"": ""in_force""}",,"Pakistan Code (pakistancode.gov.pk), Act No. V of 1908; https://pakistancode.gov.pk/pdffiles/administrator6598dabbad120033d4d42d717dcf9755.pdf",2026-09-23
CPC_1908,"Code of Civil Procedure, 1908",order_rule,XXVII,5,CPC_1908_ORD_XXVII_R_5,Order XXVII Rule 5,SUITS BY OR AGAINST 2[THE GOVERNMENT] OR PUBLIC OFFICERS IN THEIR: Fixing of day for appearance on behalf of Government,"{""federal"": ""in_force"", ""punjab"": ""in_force"", ""sindh"": ""in_force"", ""kp"": ""in_force"", ""balochistan"": ""in_force""}",,"Pakistan Code (pakistancode.gov.pk), Act No. V of 1908; https://pakistancode.gov.pk/pdffiles/administrator6598dabbad120033d4d42d717dcf9755.pdf",2026-09-23
CPC_1908,"Code of Civil Procedure, 1908",order_rule,XXVII,6,CPC_1908_ORD_XXVII_R_6,Order XXVII Rule 6,SUITS BY OR AGAINST 2[THE GOVERNMENT] OR PUBLIC OFFICERS IN THEIR: Attendance of person able to answer questions relating to suit against Government,"{""federal"": ""in_force"", ""punjab"": ""in_force"", ""sindh"": ""in_force"", ""kp"": ""in_force"", ""balochistan"": ""in_force""}",,"Pakistan Code (pakistancode.gov.pk), Act No. V of 1908; https://pakistancode.gov.pk/pdffiles/administrator6598dabbad120033d4d42d717dcf9755.pdf",2026-09-23
CPC_1908,"Code of Civil Procedure, 1908",order_rule,XXVII,7,CPC_1908_ORD_XXVII_R_7,Order XXVII Rule 7,SUITS BY OR AGAINST 2[THE GOVERNMENT] OR PUBLIC OFFICERS IN THEIR: Extension of time to enable public officer to make reference to Government,"{""federal"": ""in_force"", ""punjab"": ""in_force"", ""sindh"": ""in_force"", ""kp"": ""in_force"", ""balochistan"": ""in_force""}",,"Pakistan Code (pakistancode.gov.pk), Act No. V of 1908; https://pakistancode.gov.pk/pdffiles/administrator6598dabbad120033d4d42d717dcf9755.pdf",2026-09-23
CPC_1908,"Code of Civil Procedure, 1908",order_rule,XXVII,48,CPC_1908_ORD_XXVII_R_48,Order XXVII Rule 48,SUITS BY OR AGAINST 2[THE GOVERNMENT] OR PUBLIC OFFICERS IN THEIR: Procedure in suits against public officer,"{""federal"": ""in_force"", ""punjab"": ""in_force"", ""sindh"": ""in_force"", ""kp"": ""in_force"", ""balochistan"": ""in_force""}",,"Pakistan Code (pakistancode.gov.pk), Act No. V of 1908; https://pakistancode.gov.pk/pdffiles/administrator6598dabbad120033d4d42d717dcf9755.pdf",2026-09-23
CPC_1908,"Code of Civil Procedure, 1908",order_rule,XXVII,2,CPC_1908_ORD_XXVII_R_2,Order XXVII Rule 2,SUITS BY OR AGAINST 2[THE GOVERNMENT] OR PUBLIC OFFICERS IN THEIR: Court may add Government as party,"{""federal"": ""in_force"", ""punjab"": ""in_force"", ""sindh"": ""in_force"", ""kp"": ""in_force"", ""balochistan"": ""in_force""}",,"Pakistan Code (pakistancode.gov.pk), Act No. V of 1908; https://pakistancode.gov.pk/pdffiles/administrator6598dabbad120033d4d42d717dcf9755.pdf",2026-09-23
CPC_1908,"Code of Civil Procedure, 1908",order_rule,XXVIII,2,CPC_1908_ORD_XXVIII_R_2,Order XXVIII Rule 2,SUITS BY OR AGAINST MILITARY 4[OR NAVAL] MEN 7[OR AIRMEN]: Person so auhtorised may act personally or appoint pleader,"{""federal"": ""in_force"", ""punjab"": ""in_force"", ""sindh"": ""in_force"", ""kp"": ""in_force"", ""balochistan"": ""in_force""}",,"Pakistan Code (pakistancode.gov.pk), Act No. V of 1908; https://pakistancode.gov.pk/pdffiles/administrator6598dabbad120033d4d42d717dcf9755.pdf",2026-09-23
CPC_1908,"Code of Civil Procedure, 1908",order_rule,XXVIII,3,CPC_1908_ORD_XXVIII_R_3,Order XXVIII Rule 3,"SUITS BY OR AGAINST MILITARY 4[OR NAVAL] MEN 7[OR AIRMEN]: Service on person so authorised, or on his pleader to be good service","{""federal"": ""in_force"", ""punjab"": ""in_force"", ""sindh"": ""in_force"", ""kp"": ""in_force"", ""balochistan"": ""in_force""}",,"Pakistan Code (pakistancode.gov.pk), Act No. V of 1908; https://pakistancode.gov.pk/pdffiles/administrator6598dabbad120033d4d42d717dcf9755.pdf",2026-09-23
CPC_1908,"Code of Civil Procedure, 1908",order_rule,XXIX,1,CPC_1908_ORD_XXIX_R_1,Order XXIX Rule 1,SUITS BY OR AGAINST CORPORATIONS: Subscription and verification of pleading,"{""federal"": ""in_force"", ""punjab"": ""in_force"", ""sindh"": ""in_force"", ""kp"": ""in_force"", ""balochistan"": ""in_force""}",,"Pakistan Code (pakistancode.gov.pk), Act No. V of 1908; https://pakistancode.gov.pk/pdffiles/administrator6598dabbad120033d4d42d717dcf9755.pdf",2026-09-23
CPC_1908,"Code of Civil Procedure, 1908",order_rule,XXIX,2,CPC_1908_ORD_XXIX_R_2,Order XXIX Rule 2,SUITS BY OR AGAINST CORPORATIONS: Service on corporation,"{""federal"": ""in_force"", ""punjab"": ""in_force"", ""sindh"": ""in_force"", ""kp"": ""in_force"", ""balochistan"": ""in_force""}",,"Pakistan Code (pakistancode.gov.pk), Act No. V of 1908; https://pakistancode.gov.pk/pdffiles/administrator6598dabbad120033d4d42d717dcf9755.pdf",2026-09-23
CPC_1908,"Code of Civil Procedure, 1908",order_rule,XXIX,3,CPC_1908_ORD_XXIX_R_3,Order XXIX Rule 3,SUITS BY OR AGAINST CORPORATIONS: Power to require personal attendance of officer of corporation,"{""federal"": ""in_force"", ""punjab"": ""in_force"", ""sindh"": ""in_force"", ""kp"": ""in_force"", ""balochistan"": ""in_force""}",,"Pakistan Code (pakistancode.gov.pk), Act No. V of 1908; https://pakistancode.gov.pk/pdffiles/administrator6598dabbad120033d4d42d717dcf9755.pdf",2026-09-23
CPC_1908,"Code of Civil Procedure, 1908",order_rule,XXX,1,CPC_1908_ORD_XXX_R_1,Order XXX Rule 1,SUITS BY OR AGAINST FIRMS AND PERSONS CARRYING ON BUSINESS IN NAMES: Suing of partners in  name  of firm,"{""federal"": ""in_force"", ""punjab"": ""in_force"", ""sindh"": ""in_force"", ""kp"": ""in_force"", ""balochistan"": ""in_force""}",,"Pakistan Code (pakistancode.gov.pk), Act No. V of 1908; https://pakistancode.gov.pk/pdffiles/administrator6598dabbad120033d4d42d717dcf9755.pdf",2026-09-23
CPC_1908,"Code of Civil Procedure, 1908",order_rule,XXX,2,CPC_1908_ORD_XXX_R_2,Order XXX Rule 2,SUITS BY OR AGAINST FIRMS AND PERSONS CARRYING ON BUSINESS IN NAMES: Disclosure of partner’s names,"{""federal"": ""in_force"", ""punjab"": ""in_force"", ""sindh"": ""in_force"", ""kp"": ""in_force"", ""balochistan"": ""in_force""}",,"Pakistan Code (pakistancode.gov.pk), Act No. V of 1908; https://pakistancode.gov.pk/pdffiles/administrator6598dabbad120033d4d42d717dcf9755.pdf",2026-09-23
CPC_1908,"Code of Civil Procedure, 1908",order_rule,XXX,3,CPC_1908_ORD_XXX_R_3,Order XXX Rule 3,SUITS BY OR AGAINST FIRMS AND PERSONS CARRYING ON BUSINESS IN NAMES: Service,"{""federal"": ""in_force"", ""punjab"": ""in_force"", ""sindh"": ""in_force"", ""kp"": ""in_force"", ""balochistan"": ""in_force""}",,"Pakistan Code (pakistancode.gov.pk), Act No. V of 1908; https://pakistancode.gov.pk/pdffiles/administrator6598dabbad120033d4d42d717dcf9755.pdf",2026-09-23
CPC_1908,"Code of Civil Procedure, 1908",order_rule,XXX,4,CPC_1908_ORD_XXX_R_4,Order XXX Rule 4,SUITS BY OR AGAINST FIRMS AND PERSONS CARRYING ON BUSINESS IN NAMES: Right of suit on death of partner.,"{""federal"": ""in_force"", ""punjab"": ""in_force"", ""sindh"": ""in_force"", ""kp"": ""in_force"", ""balochistan"": ""in_force""}",,"Pakistan Code (pakistancode.gov.pk), Act No. V of 1908; https://pakistancode.gov.pk/pdffiles/administrator6598dabbad120033d4d42d717dcf9755.pdf",2026-09-23
CPC_1908,"Code of Civil Procedure, 1908",order_rule,XXX,5,CPC_1908_ORD_XXX_R_5,Order XXX Rule 5,SUITS BY OR AGAINST FIRMS AND PERSONS CARRYING ON BUSINESS IN NAMES: Notice in what capacity served,"{""federal"": ""in_force"", ""punjab"": ""in_force"", ""sindh"": ""in_force"", ""kp"": ""in_force"", ""balochistan"": ""in_force""}",,"Pakistan Code (pakistancode.gov.pk), Act No. V of 1908; https://pakistancode.gov.pk/pdffiles/administrator6598dabbad120033d4d42d717dcf9755.pdf",2026-09-23
CPC_1908,"Code of Civil Procedure, 1908",order_rule,XXX,6,CPC_1908_ORD_XXX_R_6,Order XXX Rule 6,SUITS BY OR AGAINST FIRMS AND PERSONS CARRYING ON BUSINESS IN NAMES: Appearance of partners,"{""federal"": ""in_force"", ""punjab"": ""in_force"", ""sindh"": ""in_force"", ""kp"": ""in_force"", ""balochistan"": ""in_force""}",,"Pakistan Code (pakistancode.gov.pk), Act No. V of 1908; https://pakistancode.gov.pk/pdffiles/administrator6598dabbad120033d4d42d717dcf9755.pdf",2026-09-23
CPC_1908,"Code of Civil Procedure, 1908",order_rule,XXX,7,CPC_1908_ORD_XXX_R_7,Order XXX Rule 7,SUITS BY OR AGAINST FIRMS AND PERSONS CARRYING ON BUSINESS IN NAMES: No appearance except by partners,"{""federal"": ""in_force"", ""punjab"": ""in_force"", ""sindh"": ""in_force"", ""kp"": ""in_force"", ""balochistan"": ""in_force""}",,"Pakistan Code (pakistancode.gov.pk), Act No. V of 1908; https://pakistancode.gov.pk/pdffiles/administrator6598dabbad120033d4d42d717dcf9755.pdf",2026-09-23
CPC_1908,"Code of Civil Procedure, 1908",order_rule,XXX,8,CPC_1908_ORD_XXX_R_8,Order XXX Rule 8,SUITS BY OR AGAINST FIRMS AND PERSONS CARRYING ON BUSINESS IN NAMES: Appearance under protest,"{""federal"": ""in_force"", ""punjab"": ""in_force"", ""sindh"": ""in_force"", ""kp"": ""in_force"", ""balochistan"": ""in_force""}",,"Pakistan Code (pakistancode.gov.pk), Act No. V of 1908; https://pakistancode.gov.pk/pdffiles/administrator6598dabbad120033d4d42d717dcf9755.pdf",2026-09-23
CPC_1908,"Code of Civil Procedure, 1908",order_rule,XXX,9,CPC_1908_ORD_XXX_R_9,Order XXX Rule 9,SUITS BY OR AGAINST FIRMS AND PERSONS CARRYING ON BUSINESS IN NAMES: Suits between co­partners,"{""federal"": ""in_force"", ""punjab"": ""in_force"", ""sindh"": ""in_force"", ""kp"": ""in_force"", ""balochistan"": ""in_force""}",,"Pakistan Code (pakistancode.gov.pk), Act No. V of 1908; https://pakistancode.gov.pk/pdffiles/administrator6598dabbad120033d4d42d717dcf9755.pdf",2026-09-23
CPC_1908,"Code of Civil Procedure, 1908",order_rule,XXX,10,CPC_1908_ORD_XXX_R_10,Order XXX Rule 10,SUITS BY OR AGAINST FIRMS AND PERSONS CARRYING ON BUSINESS IN NAMES: Suit against person carrying on business in name other than his own,"{""federal"": ""in_force"", ""punjab"": ""in_force"", ""sindh"": ""in_force"", ""kp"": ""in_force"", ""balochistan"": ""in_force""}",,"Pakistan Code (pakistancode.gov.pk), Act No. V of 1908; https://pakistancode.gov.pk/pdffiles/administrator6598dabbad120033d4d42d717dcf9755.pdf",2026-09-23
CPC_1908,"Code of Civil Procedure, 1908",order_rule,XXXI,1,CPC_1908_ORD_XXXI_R_1,Order XXXI Rule 1,"SUITS BY OR AGAINST TRUSTEES, EXECUTORS AND ADMINISTRATORS: Representation of beneficiaries in suits concerning property vested in trustees etc","{""federal"": ""in_force"", ""punjab"": ""in_force"", ""sindh"": ""in_force"", ""kp"": ""in_force"", ""balochistan"": ""in_force""}",,"Pakistan Code (pakistancode.gov.pk), Act No. V of 1908; https://pakistancode.gov.pk/pdffiles/administrator6598dabbad120033d4d42d717dcf9755.pdf",2026-09-23
CPC_1908,"Code of Civil Procedure, 1908",order_rule,XXXI,2,CPC_1908_ORD_XXXI_R_2,Order XXXI Rule 2,"SUITS BY OR AGAINST TRUSTEES, EXECUTORS AND ADMINISTRATORS: Joinder of trustees, executors and administrators","{""federal"": ""in_force"", ""punjab"": ""in_force"", ""sindh"": ""in_force"", ""kp"": ""in_force"", ""balochistan"": ""in_force""}",,"Pakistan Code (pakistancode.gov.pk), Act No. V of 1908; https://pakistancode.gov.pk/pdffiles/administrator6598dabbad120033d4d42d717dcf9755.pdf",2026-09-23
CPC_1908,"Code of Civil Procedure, 1908",order_rule,XXXI,3,CPC_1908_ORD_XXXI_R_3,Order XXXI Rule 3,"SUITS BY OR AGAINST TRUSTEES, EXECUTORS AND ADMINISTRATORS: Husband of married executrix not to join","{""federal"": ""in_force"", ""punjab"": ""in_force"", ""sindh"": ""in_force"", ""kp"": ""in_force"", ""balochistan"": ""in_force""}",,"Pakistan Code (pakistancode.gov.pk), Act No. V of 1908; https://pakistancode.gov.pk/pdffiles/administrator6598dabbad120033d4d42d717dcf9755.pdf",2026-09-23
CPC_1908,"Code of Civil Procedure, 1908",order_rule,XXXII,1,CPC_1908_ORD_XXXII_R_1,Order XXXII Rule 1,SUITS BY OR AGAINST MINORS AND PERSONS OF UNSOUND MIND: Minor to sue by next friend,"{""federal"": ""in_force"", ""punjab"": ""in_force"", ""sindh"": ""in_force"", ""kp"": ""in_force"", ""balochistan"": ""in_force""}",,"Pakistan Code (pakistancode.gov.pk), Act No. V of 1908; https://pakistancode.gov.pk/pdffiles/administrator6598dabbad120033d4d42d717dcf9755.pdf",2026-09-23
CPC_1908,"Code of Civil Procedure, 1908",order_rule,XXXII,2,CPC_1908_ORD_XXXII_R_2,Order XXXII Rule 2,"SUITS BY OR AGAINST MINORS AND PERSONS OF UNSOUND MIND: Where suit is instituted without next friend, plaint to be taken off the file","{""federal"": ""in_force"", ""punjab"": ""in_force"", ""sindh"": ""in_force"", ""kp"": ""in_force"", ""balochistan"": ""in_force""}",,"Pakistan Code (pakistancode.gov.pk), Act No. V of 1908; https://pakistancode.gov.pk/pdffiles/administrator6598dabbad120033d4d42d717dcf9755.pdf",2026-09-23
CPC_1908,"Code of Civil Procedure, 1908",order_rule,XXXII,3,CPC_1908_ORD_XXXII_R_3,Order XXXII Rule 3,SUITS BY OR AGAINST MINORS AND PERSONS OF UNSOUND MIND: Guardian for the suit to be appointed by Court for minor defendant.,"{""federal"": ""in_force"", ""punjab"": ""in_force"", ""sindh"": ""in_force"", ""kp"": ""in_force"", ""balochistan"": ""in_force""}",,"Pakistan Code (pakistancode.gov.pk), Act No. V of 1908; https://pakistancode.gov.pk/pdffiles/administrator6598dabbad120033d4d42d717dcf9755.pdf",2026-09-23
CPC_1908,"Code of Civil Procedure, 1908",order_rule,XXXII,4,CPC_1908_ORD_XXXII_R_4,Order XXXII Rule 4,SUITS BY OR AGAINST MINORS AND PERSONS OF UNSOUND MIND: Who may act as next friend or be appointed guardian for the suit,"{""federal"": ""in_force"", ""punjab"": ""in_force"", ""sindh"": ""in_force"", ""kp"": ""in_force"", ""balochistan"": ""in_force""}",,"Pakistan Code (pakistancode.gov.pk), Act No. V of 1908; https://pakistancode.gov.pk/pdffiles/administrator6598dabbad120033d4d42d717dcf9755.pdf",2026-09-23
CPC_1908,"Code of Civil Procedure, 1908",order_rule,XXXII,5,CPC_1908_ORD_XXXII_R_5,Order XXXII Rule 5,SUITS BY OR AGAINST MINORS AND PERSONS OF UNSOUND MIND: Representation of minor by next friend or guardian for the suit.,"{""federal"": ""in_force"", ""punjab"": ""in_force"", ""sindh"": ""in_force"", ""kp"": ""in_force"", ""balochistan"": ""in_force""}",,"Pakistan Code (pakistancode.gov.pk), Act No. V of 1908; https://pakistancode.gov.pk/pdffiles/administrator6598dabbad120033d4d42d717dcf9755.pdf",2026-09-23
CPC_1908,"Code of Civil Procedure, 1908",order_rule,XXXII,6,CPC_1908_ORD_XXXII_R_6,Order XXXII Rule 6,SUITS BY OR AGAINST MINORS AND PERSONS OF UNSOUND MIND: Receipt by next friend or guardian for the suit of property under decree for minor,"{""federal"": ""in_force"", ""punjab"": ""in_force"", ""sindh"": ""in_force"", ""kp"": ""in_force"", ""balochistan"": ""in_force""}",,"Pakistan Code (pakistancode.gov.pk), Act No. V of 1908; https://pakistancode.gov.pk/pdffiles/administrator6598dabbad120033d4d42d717dcf9755.pdf",2026-09-23
CPC_1908,"Code of Civil Procedure, 1908",order_rule,XXXII,7,CPC_1908_ORD_XXXII_R_7,Order XXXII Rule 7,SUITS BY OR AGAINST MINORS AND PERSONS OF UNSOUND MIND: Agreement or compromise by next friend or guardian for the suit,"{""federal"": ""in_force"", ""punjab"": ""in_force"", ""sindh"": ""in_force"", ""kp"": ""in_force"", ""balochistan"": ""in_force""}",,"Pakistan Code (pakistancode.gov.pk), Act No. V of 1908; https://pakistancode.gov.pk/pdffiles/administrator6598dabbad120033d4d42d717dcf9755.pdf",2026-09-23
CPC_1908,"Code of Civil Procedure, 1908",order_rule,XXXII,8,CPC_1908_ORD_XXXII_R_8,Order XXXII Rule 8,SUITS BY OR AGAINST MINORS AND PERSONS OF UNSOUND MIND: Retirement of next friend,"{""federal"": ""in_force"", ""punjab"": ""in_force"", ""sindh"": ""in_force"", ""kp"": ""in_force"", ""balochistan"": ""in_force""}",,"Pakistan Code (pakistancode.gov.pk), Act No. V of 1908; https://pakistancode.gov.pk/pdffiles/administrator6598dabbad120033d4d42d717dcf9755.pdf",2026-09-23
CPC_1908,"Code of Civil Procedure, 1908",order_rule,XXXII,9,CPC_1908_ORD_XXXII_R_9,Order XXXII Rule 9,SUITS BY OR AGAINST MINORS AND PERSONS OF UNSOUND MIND: Removal of next friend,"{""federal"": ""in_force"", ""punjab"": ""in_force"", ""sindh"": ""in_force"", ""kp"": ""in_force"", ""balochistan"": ""in_force""}",,"Pakistan Code (pakistancode.gov.pk), Act No. V of 1908; https://pakistancode.gov.pk/pdffiles/administrator6598dabbad120033d4d42d717dcf9755.pdf",2026-09-23
CPC_1908,"Code of Civil Procedure, 1908",order_rule,XXXII,10,CPC_1908_ORD_XXXII_R_10,Order XXXII Rule 10,"SUITS BY OR AGAINST MINORS AND PERSONS OF UNSOUND MIND: Stay of proceedings on removal, etc., of next friend","{""federal"": ""in_force"", ""punjab"": ""in_force"", ""sindh"": ""in_force"", ""kp"": ""in_force"", ""balochistan"": ""in_force""}",,"Pakistan Code (pakistancode.gov.pk), Act No. V of 1908; https://pakistancode.gov.pk/pdffiles/administrator6598dabbad120033d4d42d717dcf9755.pdf",2026-09-23
CPC_1908,"Code of Civil Procedure, 1908",order_rule,XXXII,11,CPC_1908_ORD_XXXII_R_11,Order XXXII Rule 11,"SUITS BY OR AGAINST MINORS AND PERSONS OF UNSOUND MIND: Retirement, removal or death of guardian for the suit","{""federal"": ""in_force"", ""punjab"": ""in_force"", ""sindh"": ""in_force"", ""kp"": ""in_force"", ""balochistan"": ""in_force""}",,"Pakistan Code (pakistancode.gov.pk), Act No. V of 1908; https://pakistancode.gov.pk/pdffiles/administrator6598dabbad120033d4d42d717dcf9755.pdf",2026-09-23
CPC_1908,"Code of Civil Procedure, 1908",order_rule,XXXII,12,CPC_1908_ORD_XXXII_R_12,Order XXXII Rule 12,SUITS BY OR AGAINST MINORS AND PERSONS OF UNSOUND MIND: Course  to be  followed by minor  plaintiff or  applicant on attaining majority,"{""federal"": ""in_force"", ""punjab"": ""in_force"", ""sindh"": ""in_force"", ""kp"": ""in_force"", ""balochistan"": ""in_force""}",,"Pakistan Code (pakistancode.gov.pk), Act No. V of 1908; https://pakistancode.gov.pk/pdffiles/administrator6598dabbad120033d4d42d717dcf9755.pdf",2026-09-23
CPC_1908,"Code of Civil Procedure, 1908",order_rule,XXXII,13,CPC_1908_ORD_XXXII_R_13,Order XXXII Rule 13,SUITS BY OR AGAINST MINORS AND PERSONS OF UNSOUND MIND: Where minor co­plaintiff attainig majority desires to repudiate suit,"{""federal"": ""in_force"", ""punjab"": ""in_force"", ""sindh"": ""in_force"", ""kp"": ""in_force"", ""balochistan"": ""in_force""}",,"Pakistan Code (pakistancode.gov.pk), Act No. V of 1908; https://pakistancode.gov.pk/pdffiles/administrator6598dabbad120033d4d42d717dcf9755.pdf",2026-09-23
CPC_1908,"Code of Civil Procedure, 1908",order_rule,XXXII,14,CPC_1908_ORD_XXXII_R_14,Order XXXII Rule 14,SUITS BY OR AGAINST MINORS AND PERSONS OF UNSOUND MIND: Unreasonable or improper suit,"{""federal"": ""in_force"", ""punjab"": ""in_force"", ""sindh"": ""in_force"", ""kp"": ""in_force"", ""balochistan"": ""in_force""}",,"Pakistan Code (pakistancode.gov.pk), Act No. V of 1908; https://pakistancode.gov.pk/pdffiles/administrator6598dabbad120033d4d42d717dcf9755.pdf",2026-09-23
CPC_1908,"Code of Civil Procedure, 1908",order_rule,XXXII,15,CPC_1908_ORD_XXXII_R_15,Order XXXII Rule 15,SUITS BY OR AGAINST MINORS AND PERSONS OF UNSOUND MIND: Application of rules to persons of unsound mind,"{""federal"": ""in_force"", ""punjab"": ""in_force"", ""sindh"": ""in_force"", ""kp"": ""in_force"", ""balochistan"": ""in_force""}",,"Pakistan Code (pakistancode.gov.pk), Act No. V of 1908; https://pakistancode.gov.pk/pdffiles/administrator6598dabbad120033d4d42d717dcf9755.pdf",2026-09-23
CPC_1908,"Code of Civil Procedure, 1908",order_rule,XXXII,16,CPC_1908_ORD_XXXII_R_16,Order XXXII Rule 16,SUITS BY OR AGAINST MINORS AND PERSONS OF UNSOUND MIND: Certain laws not to be affected,"{""federal"": ""in_force"", ""punjab"": ""in_force"", ""sindh"": ""in_force"", ""kp"": ""in_force"", ""balochistan"": ""in_force""}",,"Pakistan Code (pakistancode.gov.pk), Act No. V of 1908; https://pakistancode.gov.pk/pdffiles/administrator6598dabbad120033d4d42d717dcf9755.pdf",2026-09-23
CPC_1908,"Code of Civil Procedure, 1908",order_rule,XXXIII,1,CPC_1908_ORD_XXXIII_R_1,Order XXXIII Rule 1,SUITS BY PAUPERS: Suits may be instituted in forma pauperis,"{""federal"": ""in_force"", ""punjab"": ""in_force"", ""sindh"": ""in_force"", ""kp"": ""in_force"", ""balochistan"": ""in_force""}",,"Pakistan Code (pakistancode.gov.pk), Act No. V of 1908; https://pakistancode.gov.pk/pdffiles/administrator6598dabbad120033d4d42d717dcf9755.pdf",2026-09-23
CPC_1908,"Code of Civil Procedure, 1908",order_rule,XXXIII,2,CPC_1908_ORD_XXXIII_R_2,Order XXXIII Rule 2,SUITS BY PAUPERS: Contents of application,"{""federal"": ""in_force"", ""punjab"": ""in_force"", ""sindh"": ""in_force"", ""kp"": ""in_force"", ""balochistan"": ""in_force""}",,"Pakistan Code (pakistancode.gov.pk), Act No. V of 1908; https://pakistancode.gov.pk/pdffiles/administrator6598dabbad120033d4d42d717dcf9755.pdf",2026-09-23
CPC_1908,"Code of Civil Procedure, 1908",order_rule,XXXIII,3,CPC_1908_ORD_XXXIII_R_3,Order XXXIII Rule 3,SUITS BY PAUPERS: Presentation of application,"{""federal"": ""in_force"", ""punjab"": ""in_force"", ""sindh"": ""in_force"", ""kp"": ""in_force"", ""balochistan"": ""in_force""}",,"Pakistan Code (pakistancode.gov.pk), Act No. V of 1908; https://pakistancode.gov.pk/pdffiles/administrator6598dabbad120033d4d42d717dcf9755.pdf",2026-09-23
CPC_1908,"Code of Civil Procedure, 1908",order_rule,XXXIII,4,CPC_1908_ORD_XXXIII_R_4,Order XXXIII Rule 4,SUITS BY PAUPERS: Examination of applicant,"{""federal"": ""in_force"", ""punjab"": ""in_force"", ""sindh"": ""in_force"", ""kp"": ""in_force"", ""balochistan"": ""in_force""}",,"Pakistan Code (pakistancode.gov.pk), Act No. V of 1908; https://pakistancode.gov.pk/pdffiles/administrator6598dabbad120033d4d42d717dcf9755.pdf",2026-09-23
CPC_1908,"Code of Civil Procedure, 1908",order_rule,XXXIII,5,CPC_1908_ORD_XXXIII_R_5,Order XXXIII Rule 5,SUITS BY PAUPERS: Rejection of applications,"{""federal"": ""in_force"", ""punjab"": ""in_force"", ""sindh"": ""in_force"", ""kp"": ""in_force"", ""balochistan"": ""in_force""}",,"Pakistan Code (pakistancode.gov.pk), Act No. V of 1908; https://pakistancode.gov.pk/pdffiles/administrator6598dabbad120033d4d42d717dcf9755.pdf",2026-09-23
CPC_1908,"Code of Civil Procedure, 1908",order_rule,XXXIII,6,CPC_1908_ORD_XXXIII_R_6,Order XXXIII Rule 6,SUITS BY PAUPERS: Notice of day for receiving evidence of applicants pauperism,"{""federal"": ""in_force"", ""punjab"": ""in_force"", ""sindh"": ""in_force"", ""kp"": ""in_force"", ""balochistan"": ""in_force""}",,"Pakistan Code (pakistancode.gov.pk), Act No. V of 1908; https://pakistancode.gov.pk/pdffiles/administrator6598dabbad120033d4d42d717dcf9755.pdf",2026-09-23
CPC_1908,"Code of Civil Procedure, 1908",order_rule,XXXIII,7,CPC_1908_ORD_XXXIII_R_7,Order XXXIII Rule 7,SUITS BY PAUPERS: Procedure at hearing,"{""federal"": ""in_force"", ""punjab"": ""in_force"", ""sindh"": ""in_force"", ""kp"": ""in_force"", ""balochistan"": ""in_force""}",,"Pakistan Code (pakistancode.gov.pk), Act No. V of 1908; https://pakistancode.gov.pk/pdffiles/administrator6598dabbad120033d4d42d717dcf9755.pdf",2026-09-23
CPC_1908,"Code of Civil Procedure, 1908",order_rule,XXXIII,8,CPC_1908_ORD_XXXIII_R_8,Order XXXIII Rule 8,SUITS BY PAUPERS: Procedure if application admitted,"{""federal"": ""in_force"", ""punjab"": ""in_force"", ""sindh"": ""in_force"", ""kp"": ""in_force"", ""balochistan"": ""in_force""}",,"Pakistan Code (pakistancode.gov.pk), Act No. V of 1908; https://pakistancode.gov.pk/pdffiles/administrator6598dabbad120033d4d42d717dcf9755.pdf",2026-09-23
CPC_1908,"Code of Civil Procedure, 1908",order_rule,XXXIII,9,CPC_1908_ORD_XXXIII_R_9,Order XXXIII Rule 9,SUITS BY PAUPERS: Dispaupering,"{""federal"": ""in_force"", ""punjab"": ""in_force"", ""sindh"": ""in_force"", ""kp"": ""in_force"", ""balochistan"": ""in_force""}",,"Pakistan Code (pakistancode.gov.pk), Act No. V of 1908; https://pakistancode.gov.pk/pdffiles/administrator6598dabbad120033d4d42d717dcf9755.pdf",2026-09-23
CPC_1908,"Code of Civil Procedure, 1908",order_rule,XXXIII,10,CPC_1908_ORD_XXXIII_R_10,Order XXXIII Rule 10,SUITS BY PAUPERS: Costs where pauper succeeds,"{""federal"": ""in_force"", ""punjab"": ""in_force"", ""sindh"": ""in_force"", ""kp"": ""in_force"", ""balochistan"": ""in_force""}",,"Pakistan Code (pakistancode.gov.pk), Act No. V of 1908; https://pakistancode.gov.pk/pdffiles/administrator6598dabbad120033d4d42d717dcf9755.pdf",2026-09-23
CPC_1908,"Code of Civil Procedure, 1908",order_rule,XXXIII,11,CPC_1908_ORD_XXXIII_R_11,Order XXXIII Rule 11,SUITS BY PAUPERS: Procedure where pauper fails,"{""federal"": ""in_force"", ""punjab"": ""in_force"", ""sindh"": ""in_force"", ""kp"": ""in_force"", ""balochistan"": ""in_force""}",,"Pakistan Code (pakistancode.gov.pk), Act No. V of 1908; https://pakistancode.gov.pk/pdffiles/administrator6598dabbad120033d4d42d717dcf9755.pdf",2026-09-23
CPC_1908,"Code of Civil Procedure, 1908",order_rule,XXXIII,12,CPC_1908_ORD_XXXIII_R_12,Order XXXIII Rule 12,SUITS BY PAUPERS: Provincial Government may apply for payment or court­fees,"{""federal"": ""in_force"", ""punjab"": ""in_force"", ""sindh"": ""in_force"", ""kp"": ""in_force"", ""balochistan"": ""in_force""}",,"Pakistan Code (pakistancode.gov.pk), Act No. V of 1908; https://pakistancode.gov.pk/pdffiles/administrator6598dabbad120033d4d42d717dcf9755.pdf",2026-09-23
CPC_1908,"Code of Civil Procedure, 1908",order_rule,XXXIII,13,CPC_1908_ORD_XXXIII_R_13,Order XXXIII Rule 13,SUITS BY PAUPERS: Provincial Government to be deemed a party,"{""federal"": ""in_force"", ""punjab"": ""in_force"", ""sindh"": ""in_force"", ""kp"": ""in_force"", ""balochistan"": ""in_force""}",,"Pakistan Code (pakistancode.gov.pk), Act No. V of 1908; https://pakistancode.gov.pk/pdffiles/administrator6598dabbad120033d4d42d717dcf9755.pdf",2026-09-23
CPC_1908,"Code of Civil Procedure, 1908",order_rule,XXXIII,14,CPC_1908_ORD_XXXIII_R_14,Order XXXIII Rule 14,SUITS BY PAUPERS: Recovery of amount of court­fees,"{""federal"": ""in_force"", ""punjab"": ""in_force"", ""sindh"": ""in_force"", ""kp"": ""in_force"", ""balochistan"": ""in_force""}",,"Pakistan Code (pakistancode.gov.pk), Act No. V of 1908; https://pakistancode.gov.pk/pdffiles/administrator6598dabbad120033d4d42d717dcf9755.pdf",2026-09-23
CPC_1908,"Code of Civil Procedure, 1908",order_rule,XXXIII,16,CPC_1908_ORD_XXXIII_R_16,Order XXXIII Rule 16,SUITS BY PAUPERS: Costs,"{""federal"": ""in_force"", ""punjab"": ""in_force"", ""sindh"": ""in_force"", ""kp"": ""in_force"", ""balochistan"": ""in_force""}",,"Pakistan Code (pakistancode.gov.pk), Act No. V of 1908; https://pakistancode.gov.pk/pdffiles/administrator6598dabbad120033d4d42d717dcf9755.pdf",2026-09-23
CPC_1908,"Code of Civil Procedure, 1908",order_rule,XXXIV,1,CPC_1908_ORD_XXXIV_R_1,Order XXXIV Rule 1,"SUITS RELATING TO MORTGAGES OF IMMOVEABLE PROPERTY: Parties to suits for foreclosure, sale and redemption","{""federal"": ""in_force"", ""punjab"": ""in_force"", ""sindh"": ""in_force"", ""kp"": ""in_force"", ""balochistan"": ""in_force""}",,"Pakistan Code (pakistancode.gov.pk), Act No. V of 1908; https://pakistancode.gov.pk/pdffiles/administrator6598dabbad120033d4d42d717dcf9755.pdf",2026-09-23
CPC_1908,"Code of Civil Procedure, 1908",order_rule,XXXIV,2,CPC_1908_ORD_XXXIV_R_2,Order XXXIV Rule 2,SUITS RELATING TO MORTGAGES OF IMMOVEABLE PROPERTY: Preliminary decree in foreclosure suit,"{""federal"": ""in_force"", ""punjab"": ""in_force"", ""sindh"": ""in_force"", ""kp"": ""in_force"", ""balochistan"": ""in_force""}",,"Pakistan Code (pakistancode.gov.pk), Act No. V of 1908; https://pakistancode.gov.pk/pdffiles/administrator6598dabbad120033d4d42d717dcf9755.pdf",2026-09-23
CPC_1908,"Code of Civil Procedure, 1908",order_rule,XXXIV,3,CPC_1908_ORD_XXXIV_R_3,Order XXXIV Rule 3,SUITS RELATING TO MORTGAGES OF IMMOVEABLE PROPERTY: Final decree in foreclosure suit,"{""federal"": ""in_force"", ""punjab"": ""in_force"", ""sindh"": ""in_force"", ""kp"": ""in_force"", ""balochistan"": ""in_force""}",,"Pakistan Code (pakistancode.gov.pk), Act No. V of 1908; https://pakistancode.gov.pk/pdffiles/administrator6598dabbad120033d4d42d717dcf9755.pdf",2026-09-23
CPC_1908,"Code of Civil Procedure, 1908",order_rule,XXXIV,4,CPC_1908_ORD_XXXIV_R_4,Order XXXIV Rule 4,SUITS RELATING TO MORTGAGES OF IMMOVEABLE PROPERTY: Preliminary  decree  in suit for sale.,"{""federal"": ""in_force"", ""punjab"": ""in_force"", ""sindh"": ""in_force"", ""kp"": ""in_force"", ""balochistan"": ""in_force""}",,"Pakistan Code (pakistancode.gov.pk), Act No. V of 1908; https://pakistancode.gov.pk/pdffiles/administrator6598dabbad120033d4d42d717dcf9755.pdf",2026-09-23
CPC_1908,"Code of Civil Procedure, 1908",order_rule,XXXIV,5,CPC_1908_ORD_XXXIV_R_5,Order XXXIV Rule 5,SUITS RELATING TO MORTGAGES OF IMMOVEABLE PROPERTY: Final decree in suit for sale.,"{""federal"": ""in_force"", ""punjab"": ""in_force"", ""sindh"": ""in_force"", ""kp"": ""in_force"", ""balochistan"": ""in_force""}",,"Pakistan Code (pakistancode.gov.pk), Act No. V of 1908; https://pakistancode.gov.pk/pdffiles/administrator6598dabbad120033d4d42d717dcf9755.pdf",2026-09-23
CPC_1908,"Code of Civil Procedure, 1908",order_rule,XXXIV,6,CPC_1908_ORD_XXXIV_R_6,Order XXXIV Rule 6,SUITS RELATING TO MORTGAGES OF IMMOVEABLE PROPERTY: Recovery of balance due on mortgage in suit for sale,"{""federal"": ""in_force"", ""punjab"": ""in_force"", ""sindh"": ""in_force"", ""kp"": ""in_force"", ""balochistan"": ""in_force""}",,"Pakistan Code (pakistancode.gov.pk), Act No. V of 1908; https://pakistancode.gov.pk/pdffiles/administrator6598dabbad120033d4d42d717dcf9755.pdf",2026-09-23
CPC_1908,"Code of Civil Procedure, 1908",order_rule,XXXIV,7,CPC_1908_ORD_XXXIV_R_7,Order XXXIV Rule 7,SUITS RELATING TO MORTGAGES OF IMMOVEABLE PROPERTY: Preliminary decree in redemption suit,"{""federal"": ""in_force"", ""punjab"": ""in_force"", ""sindh"": ""in_force"", ""kp"": ""in_force"", ""balochistan"": ""in_force""}",,"Pakistan Code (pakistancode.gov.pk), Act No. V of 1908; https://pakistancode.gov.pk/pdffiles/administrator6598dabbad120033d4d42d717dcf9755.pdf",2026-09-23
CPC_1908,"Code of Civil Procedure, 1908",order_rule,XXXIV,8,CPC_1908_ORD_XXXIV_R_8,Order XXXIV Rule 8,SUITS RELATING TO MORTGAGES OF IMMOVEABLE PROPERTY: Final decree in redemption suit,"{""federal"": ""in_force"", ""punjab"": ""in_force"", ""sindh"": ""in_force"", ""kp"": ""in_force"", ""balochistan"": ""in_force""}",,"Pakistan Code (pakistancode.gov.pk), Act No. V of 1908; https://pakistancode.gov.pk/pdffiles/administrator6598dabbad120033d4d42d717dcf9755.pdf",2026-09-23
CPC_1908,"Code of Civil Procedure, 1908",order_rule,XXXIV,9,CPC_1908_ORD_XXXIV_R_9,Order XXXIV Rule 9,SUITS RELATING TO MORTGAGES OF IMMOVEABLE PROPERTY: Decree where nothing is found due or where  mortgagee has been over paid,"{""federal"": ""in_force"", ""punjab"": ""in_force"", ""sindh"": ""in_force"", ""kp"": ""in_force"", ""balochistan"": ""in_force""}",,"Pakistan Code (pakistancode.gov.pk), Act No. V of 1908; https://pakistancode.gov.pk/pdffiles/administrator6598dabbad120033d4d42d717dcf9755.pdf",2026-09-23
CPC_1908,"Code of Civil Procedure, 1908",order_rule,XXXIV,10,CPC_1908_ORD_XXXIV_R_10,Order XXXIV Rule 10,SUITS RELATING TO MORTGAGES OF IMMOVEABLE PROPERTY: Costs of mortgagee subsequent to decree,"{""federal"": ""in_force"", ""punjab"": ""in_force"", ""sindh"": ""in_force"", ""kp"": ""in_force"", ""balochistan"": ""in_force""}",,"Pakistan Code (pakistancode.gov.pk), Act No. V of 1908; https://pakistancode.gov.pk/pdffiles/administrator6598dabbad120033d4d42d717dcf9755.pdf",2026-09-23
CPC_1908,"Code of Civil Procedure, 1908",order_rule,XXXIV,11,CPC_1908_ORD_XXXIV_R_11,Order XXXIV Rule 11,SUITS RELATING TO MORTGAGES OF IMMOVEABLE PROPERTY: Payment of interest,"{""federal"": ""in_force"", ""punjab"": ""in_force"", ""sindh"": ""in_force"", ""kp"": ""in_force"", ""balochistan"": ""in_force""}",,"Pakistan Code (pakistancode.gov.pk), Act No. V of 1908; https://pakistancode.gov.pk/pdffiles/administrator6598dabbad120033d4d42d717dcf9755.pdf",2026-09-23
CPC_1908,"Code of Civil Procedure, 1908",order_rule,XXXIV,12,CPC_1908_ORD_XXXIV_R_12,Order XXXIV Rule 12,SUITS RELATING TO MORTGAGES OF IMMOVEABLE PROPERTY: Sale of property subject to prior mortgage,"{""federal"": ""in_force"", ""punjab"": ""in_force"", ""sindh"": ""in_force"", ""kp"": ""in_force"", ""balochistan"": ""in_force""}",,"Pakistan Code (pakistancode.gov.pk), Act No. V of 1908; https://pakistancode.gov.pk/pdffiles/administrator6598dabbad120033d4d42d717dcf9755.pdf",2026-09-23
CPC_1908,"Code of Civil Procedure, 1908",order_rule,XXXIV,13,CPC_1908_ORD_XXXIV_R_13,Order XXXIV Rule 13,SUITS RELATING TO MORTGAGES OF IMMOVEABLE PROPERTY: Application of proceeds,"{""federal"": ""in_force"", ""punjab"": ""in_force"", ""sindh"": ""in_force"", ""kp"": ""in_force"", ""balochistan"": ""in_force""}",,"Pakistan Code (pakistancode.gov.pk), Act No. V of 1908; https://pakistancode.gov.pk/pdffiles/administrator6598dabbad120033d4d42d717dcf9755.pdf",2026-09-23
CPC_1908,"Code of Civil Procedure, 1908",order_rule,XXXIV,14,CPC_1908_ORD_XXXIV_R_14,Order XXXIV Rule 14,SUITS RELATING TO MORTGAGES OF IMMOVEABLE PROPERTY: Suit for sale necessary for bringing mortgaged property to sale.,"{""federal"": ""in_force"", ""punjab"": ""in_force"", ""sindh"": ""in_force"", ""kp"": ""in_force"", ""balochistan"": ""in_force""}",,"Pakistan Code (pakistancode.gov.pk), Act No. V of 1908; https://pakistancode.gov.pk/pdffiles/administrator6598dabbad120033d4d42d717dcf9755.pdf",2026-09-23
CPC_1908,"Code of Civil Procedure, 1908",order_rule,XXXIV,15,CPC_1908_ORD_XXXIV_R_15,Order XXXIV Rule 15,SUITS RELATING TO MORTGAGES OF IMMOVEABLE PROPERTY: Mortgages by the deposit of title­deeds and charges,"{""federal"": ""in_force"", ""punjab"": ""in_force"", ""sindh"": ""in_force"", ""kp"": ""in_force"", ""balochistan"": ""in_force""}",,"Pakistan Code (pakistancode.gov.pk), Act No. V of 1908; https://pakistancode.gov.pk/pdffiles/administrator6598dabbad120033d4d42d717dcf9755.pdf",2026-09-23
CPC_1908,"Code of Civil Procedure, 1908",order_rule,XXXV,1,CPC_1908_ORD_XXXV_R_1,Order XXXV Rule 1,INTERPLEADER: Plaint in interpleader­suits,"{""federal"": ""in_force"", ""punjab"": ""in_force"", ""sindh"": ""in_force"", ""kp"": ""in_force"", ""balochistan"": ""in_force""}",,"Pakistan Code (pakistancode.gov.pk), Act No. V of 1908; https://pakistancode.gov.pk/pdffiles/administrator6598dabbad120033d4d42d717dcf9755.pdf",2026-09-23
CPC_1908,"Code of Civil Procedure, 1908",order_rule,XXXV,2,CPC_1908_ORD_XXXV_R_2,Order XXXV Rule 2,INTERPLEADER: Payment of thing claimed into Court,"{""federal"": ""in_force"", ""punjab"": ""in_force"", ""sindh"": ""in_force"", ""kp"": ""in_force"", ""balochistan"": ""in_force""}",,"Pakistan Code (pakistancode.gov.pk), Act No. V of 1908; https://pakistancode.gov.pk/pdffiles/administrator6598dabbad120033d4d42d717dcf9755.pdf",2026-09-23
CPC_1908,"Code of Civil Procedure, 1908",order_rule,XXXV,3,CPC_1908_ORD_XXXV_R_3,Order XXXV Rule 3,INTERPLEADER: Procedure where defen dant issuing plaintiff,"{""federal"": ""in_force"", ""punjab"": ""in_force"", ""sindh"": ""in_force"", ""kp"": ""in_force"", ""balochistan"": ""in_force""}",,"Pakistan Code (pakistancode.gov.pk), Act No. V of 1908; https://pakistancode.gov.pk/pdffiles/administrator6598dabbad120033d4d42d717dcf9755.pdf",2026-09-23
CPC_1908,"Code of Civil Procedure, 1908",order_rule,XXXV,4,CPC_1908_ORD_XXXV_R_4,Order XXXV Rule 4,INTERPLEADER: Procedure at first hearing,"{""federal"": ""in_force"", ""punjab"": ""in_force"", ""sindh"": ""in_force"", ""kp"": ""in_force"", ""balochistan"": ""in_force""}",,"Pakistan Code (pakistancode.gov.pk), Act No. V of 1908; https://pakistancode.gov.pk/pdffiles/administrator6598dabbad120033d4d42d717dcf9755.pdf",2026-09-23
CPC_1908,"Code of Civil Procedure, 1908",order_rule,XXXV,5,CPC_1908_ORD_XXXV_R_5,Order XXXV Rule 5,INTERPLEADER: Agents and tenants may not institute interpleader suits,"{""federal"": ""in_force"", ""punjab"": ""in_force"", ""sindh"": ""in_force"", ""kp"": ""in_force"", ""balochistan"": ""in_force""}",,"Pakistan Code (pakistancode.gov.pk), Act No. V of 1908; https://pakistancode.gov.pk/pdffiles/administrator6598dabbad120033d4d42d717dcf9755.pdf",2026-09-23
CPC_1908,"Code of Civil Procedure, 1908",order_rule,XXXV,6,CPC_1908_ORD_XXXV_R_6,Order XXXV Rule 6,INTERPLEADER: Charge for plaintiff's costs,"{""federal"": ""in_force"", ""punjab"": ""in_force"", ""sindh"": ""in_force"", ""kp"": ""in_force"", ""balochistan"": ""in_force""}",,"Pakistan Code (pakistancode.gov.pk), Act No. V of 1908; https://pakistancode.gov.pk/pdffiles/administrator6598dabbad120033d4d42d717dcf9755.pdf",2026-09-23
CPC_1908,"Code of Civil Procedure, 1908",order_rule,XXXVI,1,CPC_1908_ORD_XXXVI_R_1,Order XXXVI Rule 1,SPECIAL CASE: Power to state case for Court opinion.,"{""federal"": ""in_force"", ""punjab"": ""in_force"", ""sindh"": ""in_force"", ""kp"": ""in_force"", ""balochistan"": ""in_force""}",,"Pakistan Code (pakistancode.gov.pk), Act No. V of 1908; https://pakistancode.gov.pk/pdffiles/administrator6598dabbad120033d4d42d717dcf9755.pdf",2026-09-23
CPC_1908,"Code of Civil Procedure, 1908",order_rule,XXXVI,2,CPC_1908_ORD_XXXVI_R_2,Order XXXVI Rule 2,SPECIAL CASE: Where value of subject­matter must be stated,"{""federal"": ""in_force"", ""punjab"": ""in_force"", ""sindh"": ""in_force"", ""kp"": ""in_force"", ""balochistan"": ""in_force""}",,"Pakistan Code (pakistancode.gov.pk), Act No. V of 1908; https://pakistancode.gov.pk/pdffiles/administrator6598dabbad120033d4d42d717dcf9755.pdf",2026-09-23
CPC_1908,"Code of Civil Procedure, 1908",order_rule,XXXVI,3,CPC_1908_ORD_XXXVI_R_3,Order XXXVI Rule 3,SPECIAL CASE: Agreement to be filed and regietered as suit,"{""federal"": ""in_force"", ""punjab"": ""in_force"", ""sindh"": ""in_force"", ""kp"": ""in_force"", ""balochistan"": ""in_force""}",,"Pakistan Code (pakistancode.gov.pk), Act No. V of 1908; https://pakistancode.gov.pk/pdffiles/administrator6598dabbad120033d4d42d717dcf9755.pdf",2026-09-23
CPC_1908,"Code of Civil Procedure, 1908",order_rule,XXXVI,4,CPC_1908_ORD_XXXVI_R_4,Order XXXVI Rule 4,SPECIAL CASE: Parties to be subject to Court ’s jurisdiction,"{""federal"": ""in_force"", ""punjab"": ""in_force"", ""sindh"": ""in_force"", ""kp"": ""in_force"", ""balochistan"": ""in_force""}",,"Pakistan Code (pakistancode.gov.pk), Act No. V of 1908; https://pakistancode.gov.pk/pdffiles/administrator6598dabbad120033d4d42d717dcf9755.pdf",2026-09-23
CPC_1908,"Code of Civil Procedure, 1908",order_rule,XXXVI,5,CPC_1908_ORD_XXXVI_R_5,Order XXXVI Rule 5,SPECIAL CASE: Hearing and disposal of case,"{""federal"": ""in_force"", ""punjab"": ""in_force"", ""sindh"": ""in_force"", ""kp"": ""in_force"", ""balochistan"": ""in_force""}",,"Pakistan Code (pakistancode.gov.pk), Act No. V of 1908; https://pakistancode.gov.pk/pdffiles/administrator6598dabbad120033d4d42d717dcf9755.pdf",2026-09-23
CPC_1908,"Code of Civil Procedure, 1908",order_rule,XXXVII,1,CPC_1908_ORD_XXXVII_R_1,Order XXXVII Rule 1,SUMMARY PROCEDURE ON NEGOTIABLE INSTRUMENTS: Application of Order,"{""federal"": ""in_force"", ""punjab"": ""in_force"", ""sindh"": ""in_force"", ""kp"": ""in_force"", ""balochistan"": ""in_force""}",,"Pakistan Code (pakistancode.gov.pk), Act No. V of 1908; https://pakistancode.gov.pk/pdffiles/administrator6598dabbad120033d4d42d717dcf9755.pdf",2026-09-23
CPC_1908,"Code of Civil Procedure, 1908",order_rule,XXXVII,2,CPC_1908_ORD_XXXVII_R_2,Order XXXVII Rule 2,"SUMMARY PROCEDURE ON NEGOTIABLE INSTRUMENTS: Institution of summary suits upon bills of   exchange, etc.","{""federal"": ""in_force"", ""punjab"": ""in_force"", ""sindh"": ""in_force"", ""kp"": ""in_force"", ""balochistan"": ""in_force""}",,"Pakistan Code (pakistancode.gov.pk), Act No. V of 1908; https://pakistancode.gov.pk/pdffiles/administrator6598dabbad120033d4d42d717dcf9755.pdf",2026-09-23
CPC_1908,"Code of Civil Procedure, 1908",order_rule,XXXVII,3,CPC_1908_ORD_XXXVII_R_3,Order XXXVII Rule 3,SUMMARY PROCEDURE ON NEGOTIABLE INSTRUMENTS: Defendant showing defence on merit to have leave to appear,"{""federal"": ""in_force"", ""punjab"": ""in_force"", ""sindh"": ""in_force"", ""kp"": ""in_force"", ""balochistan"": ""in_force""}",,"Pakistan Code (pakistancode.gov.pk), Act No. V of 1908; https://pakistancode.gov.pk/pdffiles/administrator6598dabbad120033d4d42d717dcf9755.pdf",2026-09-23
CPC_1908,"Code of Civil Procedure, 1908",order_rule,XXXVII,4,CPC_1908_ORD_XXXVII_R_4,Order XXXVII Rule 4,SUMMARY PROCEDURE ON NEGOTIABLE INSTRUMENTS: Power to set aside decree,"{""federal"": ""in_force"", ""punjab"": ""in_force"", ""sindh"": ""in_force"", ""kp"": ""in_force"", ""balochistan"": ""in_force""}",,"Pakistan Code (pakistancode.gov.pk), Act No. V of 1908; https://pakistancode.gov.pk/pdffiles/administrator6598dabbad120033d4d42d717dcf9755.pdf",2026-09-23
CPC_1908,"Code of Civil Procedure, 1908",order_rule,XXXVII,5,CPC_1908_ORD_XXXVII_R_5,Order XXXVII Rule 5,"SUMMARY PROCEDURE ON NEGOTIABLE INSTRUMENTS: Power to order bill, etc., to be deposited with officer Court","{""federal"": ""in_force"", ""punjab"": ""in_force"", ""sindh"": ""in_force"", ""kp"": ""in_force"", ""balochistan"": ""in_force""}",,"Pakistan Code (pakistancode.gov.pk), Act No. V of 1908; https://pakistancode.gov.pk/pdffiles/administrator6598dabbad120033d4d42d717dcf9755.pdf",2026-09-23
CPC_1908,"Code of Civil Procedure, 1908",order_rule,XXXVII,6,CPC_1908_ORD_XXXVII_R_6,Order XXXVII Rule 6,SUMMARY PROCEDURE ON NEGOTIABLE INSTRUMENTS: Recovery of cost of nothing non­acceptance of dishonoured bill or note,"{""federal"": ""in_force"", ""punjab"": ""in_force"", ""sindh"": ""in_force"", ""kp"": ""in_force"", ""balochistan"": ""in_force""}",,"Pakistan Code (pakistancode.gov.pk), Act No. V of 1908; https://pakistancode.gov.pk/pdffiles/administrator6598dabbad120033d4d42d717dcf9755.pdf",2026-09-23
CPC_1908,"Code of Civil Procedure, 1908",order_rule,XXXVII,7,CPC_1908_ORD_XXXVII_R_7,Order XXXVII Rule 7,SUMMARY PROCEDURE ON NEGOTIABLE INSTRUMENTS: Procedure suits,"{""federal"": ""in_force"", ""punjab"": ""in_force"", ""sindh"": ""in_force"", ""kp"": ""in_force"", ""balochistan"": ""in_force""}",,"Pakistan Code (pakistancode.gov.pk), Act No. V of 1908; https://pakistancode.gov.pk/pdffiles/administrator6598dabbad120033d4d42d717dcf9755.pdf",2026-09-23
CPC_1908,"Code of Civil Procedure, 1908",order_rule,XXXVIII,1,CPC_1908_ORD_XXXVIII_R_1,Order XXXVIII Rule 1,ARREST AND ATTACHMENT BEFORE JUDGMENT: Where defendant may be called upon to furnish security for appearnce,"{""federal"": ""in_force"", ""punjab"": ""in_force"", ""sindh"": ""in_force"", ""kp"": ""in_force"", ""balochistan"": ""in_force""}",,"Pakistan Code (pakistancode.gov.pk), Act No. V of 1908; https://pakistancode.gov.pk/pdffiles/administrator6598dabbad120033d4d42d717dcf9755.pdf",2026-09-23
CPC_1908,"Code of Civil Procedure, 1908",order_rule,XXXVIII,2,CPC_1908_ORD_XXXVIII_R_2,Order XXXVIII Rule 2,ARREST AND ATTACHMENT BEFORE JUDGMENT: Security,"{""federal"": ""in_force"", ""punjab"": ""in_force"", ""sindh"": ""in_force"", ""kp"": ""in_force"", ""balochistan"": ""in_force""}",,"Pakistan Code (pakistancode.gov.pk), Act No. V of 1908; https://pakistancode.gov.pk/pdffiles/administrator6598dabbad120033d4d42d717dcf9755.pdf",2026-09-23
CPC_1908,"Code of Civil Procedure, 1908",order_rule,XXXVIII,3,CPC_1908_ORD_XXXVIII_R_3,Order XXXVIII Rule 3,ARREST AND ATTACHMENT BEFORE JUDGMENT: Procedure on application by surety to be discharged,"{""federal"": ""in_force"", ""punjab"": ""in_force"", ""sindh"": ""in_force"", ""kp"": ""in_force"", ""balochistan"": ""in_force""}",,"Pakistan Code (pakistancode.gov.pk), Act No. V of 1908; https://pakistancode.gov.pk/pdffiles/administrator6598dabbad120033d4d42d717dcf9755.pdf",2026-09-23
CPC_1908,"Code of Civil Procedure, 1908",order_rule,XXXVIII,4,CPC_1908_ORD_XXXVIII_R_4,Order XXXVIII Rule 4,ARREST AND ATTACHMENT BEFORE JUDGMENT: Procedure where defendant fails to furnish security or find fresh security,"{""federal"": ""in_force"", ""punjab"": ""in_force"", ""sindh"": ""in_force"", ""kp"": ""in_force"", ""balochistan"": ""in_force""}",,"Pakistan Code (pakistancode.gov.pk), Act No. V of 1908; https://pakistancode.gov.pk/pdffiles/administrator6598dabbad120033d4d42d717dcf9755.pdf",2026-09-23
CPC_1908,"Code of Civil Procedure, 1908",order_rule,XXXVIII,5,CPC_1908_ORD_XXXVIII_R_5,Order XXXVIII Rule 5,ARREST AND ATTACHMENT BEFORE JUDGMENT: Where defendant may be called upon to furnish security for production of property.,"{""federal"": ""in_force"", ""punjab"": ""in_force"", ""sindh"": ""in_force"", ""kp"": ""in_force"", ""balochistan"": ""in_force""}",,"Pakistan Code (pakistancode.gov.pk), Act No. V of 1908; https://pakistancode.gov.pk/pdffiles/administrator6598dabbad120033d4d42d717dcf9755.pdf",2026-09-23
CPC_1908,"Code of Civil Procedure, 1908",order_rule,XXXVIII,6,CPC_1908_ORD_XXXVIII_R_6,Order XXXVIII Rule 6,ARREST AND ATTACHMENT BEFORE JUDGMENT: Attachment where cause not shown or security not furnished,"{""federal"": ""in_force"", ""punjab"": ""in_force"", ""sindh"": ""in_force"", ""kp"": ""in_force"", ""balochistan"": ""in_force""}",,"Pakistan Code (pakistancode.gov.pk), Act No. V of 1908; https://pakistancode.gov.pk/pdffiles/administrator6598dabbad120033d4d42d717dcf9755.pdf",2026-09-23
CPC_1908,"Code of Civil Procedure, 1908",order_rule,XXXVIII,7,CPC_1908_ORD_XXXVIII_R_7,Order XXXVIII Rule 7,ARREST AND ATTACHMENT BEFORE JUDGMENT: Mode of making attachment,"{""federal"": ""in_force"", ""punjab"": ""in_force"", ""sindh"": ""in_force"", ""kp"": ""in_force"", ""balochistan"": ""in_force""}",,"Pakistan Code (pakistancode.gov.pk), Act No. V of 1908; https://pakistancode.gov.pk/pdffiles/administrator6598dabbad120033d4d42d717dcf9755.pdf",2026-09-23
CPC_1908,"Code of Civil Procedure, 1908",order_rule,XXXVIII,8,CPC_1908_ORD_XXXVIII_R_8,Order XXXVIII Rule 8,ARREST AND ATTACHMENT BEFORE JUDGMENT: Investigation of claim to property attached before judgment,"{""federal"": ""in_force"", ""punjab"": ""in_force"", ""sindh"": ""in_force"", ""kp"": ""in_force"", ""balochistan"": ""in_force""}",,"Pakistan Code (pakistancode.gov.pk), Act No. V of 1908; https://pakistancode.gov.pk/pdffiles/administrator6598dabbad120033d4d42d717dcf9755.pdf",2026-09-23
CPC_1908,"Code of Civil Procedure, 1908",order_rule,XXXVIII,9,CPC_1908_ORD_XXXVIII_R_9,Order XXXVIII Rule 9,ARREST AND ATTACHMENT BEFORE JUDGMENT: Removal of attachemnt when security furnished or suit dismissed,"{""federal"": ""in_force"", ""punjab"": ""in_force"", ""sindh"": ""in_force"", ""kp"": ""in_force"", ""balochistan"": ""in_force""}",,"Pakistan Code (pakistancode.gov.pk), Act No. V of 1908; https://pakistancode.gov.pk/pdffiles/administrator6598dabbad120033d4d42d717dcf9755.pdf",2026-09-23
CPC_1908,"Code of Civil Procedure, 1908",order_rule,XXXVIII,11,CPC_1908_ORD_XXXVIII_R_11,Order XXXVIII Rule 11,ARREST AND ATTACHMENT BEFORE JUDGMENT: Property attached before judgment not to be re­attached in execution of decree,"{""federal"": ""in_force"", ""punjab"": ""in_force"", ""sindh"": ""in_force"", ""kp"": ""in_force"", ""balochistan"": ""in_force""}",,"Pakistan Code (pakistancode.gov.pk), Act No. V of 1908; https://pakistancode.gov.pk/pdffiles/administrator6598dabbad120033d4d42d717dcf9755.pdf",2026-09-23
CPC_1908,"Code of Civil Procedure, 1908",order_rule,XXXVIII,12,CPC_1908_ORD_XXXVIII_R_12,Order XXXVIII Rule 12,ARREST AND ATTACHMENT BEFORE JUDGMENT: Agricultural produce not attachable before judgment,"{""federal"": ""in_force"", ""punjab"": ""in_force"", ""sindh"": ""in_force"", ""kp"": ""in_force"", ""balochistan"": ""in_force""}",,"Pakistan Code (pakistancode.gov.pk), Act No. V of 1908; https://pakistancode.gov.pk/pdffiles/administrator6598dabbad120033d4d42d717dcf9755.pdf",2026-09-23
CPC_1908,"Code of Civil Procedure, 1908",order_rule,XXXVIII,13,CPC_1908_ORD_XXXVIII_R_13,Order XXXVIII Rule 13,ARREST AND ATTACHMENT BEFORE JUDGMENT: Small Cause Court not to attach immoveable property,"{""federal"": ""in_force"", ""punjab"": ""in_force"", ""sindh"": ""in_force"", ""kp"": ""in_force"", ""balochistan"": ""in_force""}",,"Pakistan Code (pakistancode.gov.pk), Act No. V of 1908; https://pakistancode.gov.pk/pdffiles/administrator6598dabbad120033d4d42d717dcf9755.pdf",2026-09-23
CPC_1908,"Code of Civil Procedure, 1908",order_rule,XXXIX,1,CPC_1908_ORD_XXXIX_R_1,Order XXXIX Rule 1,TEMPORARY INJUNCTIONS AND INTERLOCUTORY ORDERS: Cases in which temporary injunction may be granted,"{""federal"": ""in_force"", ""punjab"": ""in_force"", ""sindh"": ""in_force"", ""kp"": ""in_force"", ""balochistan"": ""in_force""}",,"Pakistan Code (pakistancode.gov.pk), Act No. V of 1908; https://pakistancode.gov.pk/pdffiles/administrator6598dabbad120033d4d42d717dcf9755.pdf",2026-09-23
CPC_1908,"Code of Civil Procedure, 1908",order_rule,XXXIX,2,CPC_1908_ORD_XXXIX_R_2,Order XXXIX Rule 2,TEMPORARY INJUNCTIONS AND INTERLOCUTORY ORDERS: Injunction to restrain repetition or continuance of breach,"{""federal"": ""in_force"", ""punjab"": ""in_force"", ""sindh"": ""in_force"", ""kp"": ""in_force"", ""balochistan"": ""in_force""}",,"Pakistan Code (pakistancode.gov.pk), Act No. V of 1908; https://pakistancode.gov.pk/pdffiles/administrator6598dabbad120033d4d42d717dcf9755.pdf",2026-09-23
CPC_1908,"Code of Civil Procedure, 1908",order_rule,XXXIX,3,CPC_1908_ORD_XXXIX_R_3,Order XXXIX Rule 3,TEMPORARY INJUNCTIONS AND INTERLOCUTORY ORDERS: Before granting injunction Court to direct notice to opposite party,"{""federal"": ""in_force"", ""punjab"": ""in_force"", ""sindh"": ""in_force"", ""kp"": ""in_force"", ""balochistan"": ""in_force""}",,"Pakistan Code (pakistancode.gov.pk), Act No. V of 1908; https://pakistancode.gov.pk/pdffiles/administrator6598dabbad120033d4d42d717dcf9755.pdf",2026-09-23
CPC_1908,"Code of Civil Procedure, 1908",order_rule,XXXIX,4,CPC_1908_ORD_XXXIX_R_4,Order XXXIX Rule 4,"TEMPORARY INJUNCTIONS AND INTERLOCUTORY ORDERS: Order for injunction may  be discharged,  varied or set aside","{""federal"": ""in_force"", ""punjab"": ""in_force"", ""sindh"": ""in_force"", ""kp"": ""in_force"", ""balochistan"": ""in_force""}",,"Pakistan Code (pakistancode.gov.pk), Act No. V of 1908; https://pakistancode.gov.pk/pdffiles/administrator6598dabbad120033d4d42d717dcf9755.pdf",2026-09-23
CPC_1908,"Code of Civil Procedure, 1908",order_rule,XXXIX,5,CPC_1908_ORD_XXXIX_R_5,Order XXXIX Rule 5,TEMPORARY INJUNCTIONS AND INTERLOCUTORY ORDERS: Injuction to corporation binding on its officers,"{""federal"": ""in_force"", ""punjab"": ""in_force"", ""sindh"": ""in_force"", ""kp"": ""in_force"", ""balochistan"": ""in_force""}",,"Pakistan Code (pakistancode.gov.pk), Act No. V of 1908; https://pakistancode.gov.pk/pdffiles/administrator6598dabbad120033d4d42d717dcf9755.pdf",2026-09-23
CPC_1908,"Code of Civil Procedure, 1908",order_rule,XXXIX,6,CPC_1908_ORD_XXXIX_R_6,Order XXXIX Rule 6,TEMPORARY INJUNCTIONS AND INTERLOCUTORY ORDERS: Power to order interim sale,"{""federal"": ""in_force"", ""punjab"": ""in_force"", ""sindh"": ""in_force"", ""kp"": ""in_force"", ""balochistan"": ""in_force""}",,"Pakistan Code (pakistancode.gov.pk), Act No. V of 1908; https://pakistancode.gov.pk/pdffiles/administrator6598dabbad120033d4d42d717dcf9755.pdf",2026-09-23
CPC_1908,"Code of Civil Procedure, 1908",order_rule,XXXIX,7,CPC_1908_ORD_XXXIX_R_7,Order XXXIX Rule 7,"TEMPORARY INJUNCTIONS AND INTERLOCUTORY ORDERS: Detention, preservation, inspection, etc., of subject­matter of suit","{""federal"": ""in_force"", ""punjab"": ""in_force"", ""sindh"": ""in_force"", ""kp"": ""in_force"", ""balochistan"": ""in_force""}",,"Pakistan Code (pakistancode.gov.pk), Act No. V of 1908; https://pakistancode.gov.pk/pdffiles/administrator6598dabbad120033d4d42d717dcf9755.pdf",2026-09-23
CPC_1908,"Code of Civil Procedure, 1908",order_rule,XXXIX,8,CPC_1908_ORD_XXXIX_R_8,Order XXXIX Rule 8,TEMPORARY INJUNCTIONS AND INTERLOCUTORY ORDERS: Application for such orders to be after notice,"{""federal"": ""in_force"", ""punjab"": ""in_force"", ""sindh"": ""in_force"", ""kp"": ""in_force"", ""balochistan"": ""in_force""}",,"Pakistan Code (pakistancode.gov.pk), Act No. V of 1908; https://pakistancode.gov.pk/pdffiles/administrator6598dabbad120033d4d42d717dcf9755.pdf",2026-09-23
CPC_1908,"Code of Civil Procedure, 1908",order_rule,XXXIX,9,CPC_1908_ORD_XXXIX_R_9,Order XXXIX Rule 9,TEMPORARY INJUNCTIONS AND INTERLOCUTORY ORDERS: When party may be put in immediate possession of land the subject­matter of suit,"{""federal"": ""in_force"", ""punjab"": ""in_force"", ""sindh"": ""in_force"", ""kp"": ""in_force"", ""balochistan"": ""in_force""}",,"Pakistan Code (pakistancode.gov.pk), Act No. V of 1908; https://pakistancode.gov.pk/pdffiles/administrator6598dabbad120033d4d42d717dcf9755.pdf",2026-09-23
CPC_1908,"Code of Civil Procedure, 1908",order_rule,XXXIX,10,CPC_1908_ORD_XXXIX_R_10,Order XXXIX Rule 10,"TEMPORARY INJUNCTIONS AND INTERLOCUTORY ORDERS: Deposit of money, etc., in Court","{""federal"": ""in_force"", ""punjab"": ""in_force"", ""sindh"": ""in_force"", ""kp"": ""in_force"", ""balochistan"": ""in_force""}",,"Pakistan Code (pakistancode.gov.pk), Act No. V of 1908; https://pakistancode.gov.pk/pdffiles/administrator6598dabbad120033d4d42d717dcf9755.pdf",2026-09-23
CPC_1908,"Code of Civil Procedure, 1908",order_rule,XL,1,CPC_1908_ORD_XL_R_1,Order XL Rule 1,APPOINTMENT OF RECEIVERS: Appointment of recievers,"{""federal"": ""in_force"", ""punjab"": ""in_force"", ""sindh"": ""in_force"", ""kp"": ""in_force"", ""balochistan"": ""in_force""}",,"Pakistan Code (pakistancode.gov.pk), Act No. V of 1908; https://pakistancode.gov.pk/pdffiles/administrator6598dabbad120033d4d42d717dcf9755.pdf",2026-09-23
CPC_1908,"Code of Civil Procedure, 1908",order_rule,XL,2,CPC_1908_ORD_XL_R_2,Order XL Rule 2,APPOINTMENT OF RECEIVERS: Remuneration,"{""federal"": ""in_force"", ""punjab"": ""in_force"", ""sindh"": ""in_force"", ""kp"": ""in_force"", ""balochistan"": ""in_force""}",,"Pakistan Code (pakistancode.gov.pk), Act No. V of 1908; https://pakistancode.gov.pk/pdffiles/administrator6598dabbad120033d4d42d717dcf9755.pdf",2026-09-23
CPC_1908,"Code of Civil Procedure, 1908",order_rule,XL,3,CPC_1908_ORD_XL_R_3,Order XL Rule 3,APPOINTMENT OF RECEIVERS: Duties. Every receiver so appointed shall,"{""federal"": ""in_force"", ""punjab"": ""in_force"", ""sindh"": ""in_force"", ""kp"": ""in_force"", ""balochistan"": ""in_force""}",,"Pakistan Code (pakistancode.gov.pk), Act No. V of 1908; https://pakistancode.gov.pk/pdffiles/administrator6598dabbad120033d4d42d717dcf9755.pdf",2026-09-23
CPC_1908,"Code of Civil Procedure, 1908",order_rule,XL,4,CPC_1908_ORD_XL_R_4,Order XL Rule 4,APPOINTMENT OF RECEIVERS: Enforcement of receiver’s duties. Where a receiver,"{""federal"": ""in_force"", ""punjab"": ""in_force"", ""sindh"": ""in_force"", ""kp"": ""in_force"", ""balochistan"": ""in_force""}",,"Pakistan Code (pakistancode.gov.pk), Act No. V of 1908; https://pakistancode.gov.pk/pdffiles/administrator6598dabbad120033d4d42d717dcf9755.pdf",2026-09-23
CPC_1908,"Code of Civil Procedure, 1908",order_rule,XL,5,CPC_1908_ORD_XL_R_5,Order XL Rule 5,APPOINTMENT OF RECEIVERS: When Collector may be appointed receiver,"{""federal"": ""in_force"", ""punjab"": ""in_force"", ""sindh"": ""in_force"", ""kp"": ""in_force"", ""balochistan"": ""in_force""}",,"Pakistan Code (pakistancode.gov.pk), Act No. V of 1908; https://pakistancode.gov.pk/pdffiles/administrator6598dabbad120033d4d42d717dcf9755.pdf",2026-09-23
CPC_1908,"Code of Civil Procedure, 1908",order_rule,XLI,1,CPC_1908_ORD_XLI_R_1,Order XLI Rule 1,APPEALS FROM ORIGINAL DECREES: Form of appeal. What to accompany memorandum,"{""federal"": ""in_force"", ""punjab"": ""in_force"", ""sindh"": ""in_force"", ""kp"": ""in_force"", ""balochistan"": ""in_force""}",,"Pakistan Code (pakistancode.gov.pk), Act No. V of 1908; https://pakistancode.gov.pk/pdffiles/administrator6598dabbad120033d4d42d717dcf9755.pdf",2026-09-23
CPC_1908,"Code of Civil Procedure, 1908",order_rule,XLI,2,CPC_1908_ORD_XLI_R_2,Order XLI Rule 2,APPEALS FROM ORIGINAL DECREES: Grounds which may be taken in appeal,"{""federal"": ""in_force"", ""punjab"": ""in_force"", ""sindh"": ""in_force"", ""kp"": ""in_force"", ""balochistan"": ""in_force""}",,"Pakistan Code (pakistancode.gov.pk), Act No. V of 1908; https://pakistancode.gov.pk/pdffiles/administrator6598dabbad120033d4d42d717dcf9755.pdf",2026-09-23
CPC_1908,"Code of Civil Procedure, 1908",order_rule,XLI,3,CPC_1908_ORD_XLI_R_3,Order XLI Rule 3,APPEALS FROM ORIGINAL DECREES: Rejection or amendment of memorandum,"{""federal"": ""in_force"", ""punjab"": ""in_force"", ""sindh"": ""in_force"", ""kp"": ""in_force"", ""balochistan"": ""in_force""}",,"Pakistan Code (pakistancode.gov.pk), Act No. V of 1908; https://pakistancode.gov.pk/pdffiles/administrator6598dabbad120033d4d42d717dcf9755.pdf",2026-09-23
CPC_1908,"Code of Civil Procedure, 1908",order_rule,XLI,5,CPC_1908_ORD_XLI_R_5,Order XLI Rule 5,APPEALS FROM ORIGINAL DECREES: Stay by Appellate Court,"{""federal"": ""in_force"", ""punjab"": ""in_force"", ""sindh"": ""in_force"", ""kp"": ""in_force"", ""balochistan"": ""in_force""}",,"Pakistan Code (pakistancode.gov.pk), Act No. V of 1908; https://pakistancode.gov.pk/pdffiles/administrator6598dabbad120033d4d42d717dcf9755.pdf",2026-09-23
CPC_1908,"Code of Civil Procedure, 1908",order_rule,XLI,6,CPC_1908_ORD_XLI_R_6,Order XLI Rule 6,APPEALS FROM ORIGINAL DECREES: Security in case of order for execution of decree appealed from,"{""federal"": ""in_force"", ""punjab"": ""in_force"", ""sindh"": ""in_force"", ""kp"": ""in_force"", ""balochistan"": ""in_force""}",,"Pakistan Code (pakistancode.gov.pk), Act No. V of 1908; https://pakistancode.gov.pk/pdffiles/administrator6598dabbad120033d4d42d717dcf9755.pdf",2026-09-23
CPC_1908,"Code of Civil Procedure, 1908",order_rule,XLI,17,CPC_1908_ORD_XLI_R_17,Order XLI Rule 17,APPEALS FROM ORIGINAL DECREES: [No security to be required from the Government or a public officer in certain cases.] Rep,"{""federal"": ""in_force"", ""punjab"": ""in_force"", ""sindh"": ""in_force"", ""kp"": ""in_force"", ""balochistan"": ""in_force""}",,"Pakistan Code (pakistancode.gov.pk), Act No. V of 1908; https://pakistancode.gov.pk/pdffiles/administrator6598dabbad120033d4d42d717dcf9755.pdf",2026-09-23
CPC_1908,"Code of Civil Procedure, 1908",order_rule,XLI,8,CPC_1908_ORD_XLI_R_8,Order XLI Rule 8,APPEALS FROM ORIGINAL DECREES: Exercise of powers in appeal from order made in execution of decree,"{""federal"": ""in_force"", ""punjab"": ""in_force"", ""sindh"": ""in_force"", ""kp"": ""in_force"", ""balochistan"": ""in_force""}",,"Pakistan Code (pakistancode.gov.pk), Act No. V of 1908; https://pakistancode.gov.pk/pdffiles/administrator6598dabbad120033d4d42d717dcf9755.pdf",2026-09-23
CPC_1908,"Code of Civil Procedure, 1908",order_rule,XLI,9,CPC_1908_ORD_XLI_R_9,Order XLI Rule 9,APPEALS FROM ORIGINAL DECREES: Registry of memorandum of appeal.,"{""federal"": ""in_force"", ""punjab"": ""in_force"", ""sindh"": ""in_force"", ""kp"": ""in_force"", ""balochistan"": ""in_force""}",,"Pakistan Code (pakistancode.gov.pk), Act No. V of 1908; https://pakistancode.gov.pk/pdffiles/administrator6598dabbad120033d4d42d717dcf9755.pdf",2026-09-23
CPC_1908,"Code of Civil Procedure, 1908",order_rule,XLI,10,CPC_1908_ORD_XLI_R_10,Order XLI Rule 10,APPEALS FROM ORIGINAL DECREES: Appellate Court may require appellant to furnish security for costs.,"{""federal"": ""in_force"", ""punjab"": ""in_force"", ""sindh"": ""in_force"", ""kp"": ""in_force"", ""balochistan"": ""in_force""}",,"Pakistan Code (pakistancode.gov.pk), Act No. V of 1908; https://pakistancode.gov.pk/pdffiles/administrator6598dabbad120033d4d42d717dcf9755.pdf",2026-09-23
CPC_1908,"Code of Civil Procedure, 1908",order_rule,XLI,11,CPC_1908_ORD_XLI_R_11,Order XLI Rule 11,APPEALS FROM ORIGINAL DECREES: Power to dismiss appeal without sending notice to Lower Court,"{""federal"": ""in_force"", ""punjab"": ""in_force"", ""sindh"": ""in_force"", ""kp"": ""in_force"", ""balochistan"": ""in_force""}",,"Pakistan Code (pakistancode.gov.pk), Act No. V of 1908; https://pakistancode.gov.pk/pdffiles/administrator6598dabbad120033d4d42d717dcf9755.pdf",2026-09-23
CPC_1908,"Code of Civil Procedure, 1908",order_rule,XLI,12,CPC_1908_ORD_XLI_R_12,Order XLI Rule 12,APPEALS FROM ORIGINAL DECREES: Day for hearing appeal,"{""federal"": ""in_force"", ""punjab"": ""in_force"", ""sindh"": ""in_force"", ""kp"": ""in_force"", ""balochistan"": ""in_force""}",,"Pakistan Code (pakistancode.gov.pk), Act No. V of 1908; https://pakistancode.gov.pk/pdffiles/administrator6598dabbad120033d4d42d717dcf9755.pdf",2026-09-23
CPC_1908,"Code of Civil Procedure, 1908",order_rule,XLI,13,CPC_1908_ORD_XLI_R_13,Order XLI Rule 13,APPEALS FROM ORIGINAL DECREES: Appellate Court to give notice to Court whose decree appealed from,"{""federal"": ""in_force"", ""punjab"": ""in_force"", ""sindh"": ""in_force"", ""kp"": ""in_force"", ""balochistan"": ""in_force""}",,"Pakistan Code (pakistancode.gov.pk), Act No. V of 1908; https://pakistancode.gov.pk/pdffiles/administrator6598dabbad120033d4d42d717dcf9755.pdf",2026-09-23
CPC_1908,"Code of Civil Procedure, 1908",order_rule,XLI,14,CPC_1908_ORD_XLI_R_14,Order XLI Rule 14,APPEALS FROM ORIGINAL DECREES: Publication and service of notice of day for hearing appeal,"{""federal"": ""in_force"", ""punjab"": ""in_force"", ""sindh"": ""in_force"", ""kp"": ""in_force"", ""balochistan"": ""in_force""}",,"Pakistan Code (pakistancode.gov.pk), Act No. V of 1908; https://pakistancode.gov.pk/pdffiles/administrator6598dabbad120033d4d42d717dcf9755.pdf",2026-09-23
CPC_1908,"Code of Civil Procedure, 1908",order_rule,XLI,15,CPC_1908_ORD_XLI_R_15,Order XLI Rule 15,APPEALS FROM ORIGINAL DECREES: Contents of notice,"{""federal"": ""in_force"", ""punjab"": ""in_force"", ""sindh"": ""in_force"", ""kp"": ""in_force"", ""balochistan"": ""in_force""}",,"Pakistan Code (pakistancode.gov.pk), Act No. V of 1908; https://pakistancode.gov.pk/pdffiles/administrator6598dabbad120033d4d42d717dcf9755.pdf",2026-09-23
CPC_1908,"Code of Civil Procedure, 1908",order_rule,XLI,16,CPC_1908_ORD_XLI_R_16,Order XLI Rule 16,APPEALS FROM ORIGINAL DECREES: Right to begin,"{""federal"": ""in_force"", ""punjab"": ""in_force"", ""sindh"": ""in_force"", ""kp"": ""in_force"", ""balochistan"": ""in_force""}",,"Pakistan Code (pakistancode.gov.pk), Act No. V of 1908; https://pakistancode.gov.pk/pdffiles/administrator6598dabbad120033d4d42d717dcf9755.pdf",2026-09-23
CPC_1908,"Code of Civil Procedure, 1908",order_rule,XLI,19,CPC_1908_ORD_XLI_R_19,Order XLI Rule 19,APPEALS FROM ORIGINAL DECREES: Readmission of appeal dismissed for default,"{""federal"": ""in_force"", ""punjab"": ""in_force"", ""sindh"": ""in_force"", ""kp"": ""in_force"", ""balochistan"": ""in_force""}",,"Pakistan Code (pakistancode.gov.pk), Act No. V of 1908; https://pakistancode.gov.pk/pdffiles/administrator6598dabbad120033d4d42d717dcf9755.pdf",2026-09-23
CPC_1908,"Code of Civil Procedure, 1908",order_rule,XLI,21,CPC_1908_ORD_XLI_R_21,Order XLI Rule 21,APPEALS FROM ORIGINAL DECREES: Rehearing on application of respondent against whom ex­parte decree made,"{""federal"": ""in_force"", ""punjab"": ""in_force"", ""sindh"": ""in_force"", ""kp"": ""in_force"", ""balochistan"": ""in_force""}",,"Pakistan Code (pakistancode.gov.pk), Act No. V of 1908; https://pakistancode.gov.pk/pdffiles/administrator6598dabbad120033d4d42d717dcf9755.pdf",2026-09-23
CPC_1908,"Code of Civil Procedure, 1908",order_rule,XLI,23,CPC_1908_ORD_XLI_R_23,Order XLI Rule 23,APPEALS FROM ORIGINAL DECREES: Remand of case by Appellate Court,"{""federal"": ""in_force"", ""punjab"": ""in_force"", ""sindh"": ""in_force"", ""kp"": ""in_force"", ""balochistan"": ""in_force""}",,"Pakistan Code (pakistancode.gov.pk), Act No. V of 1908; https://pakistancode.gov.pk/pdffiles/administrator6598dabbad120033d4d42d717dcf9755.pdf",2026-09-23
CPC_1908,"Code of Civil Procedure, 1908",order_rule,XLI,24,CPC_1908_ORD_XLI_R_24,Order XLI Rule 24,APPEALS FROM ORIGINAL DECREES: Where evidence on record sufficient.  Appellate Court may determine case finally,"{""federal"": ""in_force"", ""punjab"": ""in_force"", ""sindh"": ""in_force"", ""kp"": ""in_force"", ""balochistan"": ""in_force""}",,"Pakistan Code (pakistancode.gov.pk), Act No. V of 1908; https://pakistancode.gov.pk/pdffiles/administrator6598dabbad120033d4d42d717dcf9755.pdf",2026-09-23
CPC_1908,"Code of Civil Procedure, 1908",order_rule,XLI,26,CPC_1908_ORD_XLI_R_26,Order XLI Rule 26,APPEALS FROM ORIGINAL DECREES: Findings and evidence to be put on record. Objections to findings,"{""federal"": ""in_force"", ""punjab"": ""in_force"", ""sindh"": ""in_force"", ""kp"": ""in_force"", ""balochistan"": ""in_force""}",,"Pakistan Code (pakistancode.gov.pk), Act No. V of 1908; https://pakistancode.gov.pk/pdffiles/administrator6598dabbad120033d4d42d717dcf9755.pdf",2026-09-23
CPC_1908,"Code of Civil Procedure, 1908",order_rule,XLI,27,CPC_1908_ORD_XLI_R_27,Order XLI Rule 27,APPEALS FROM ORIGINAL DECREES: Production of additional evidence in Appellate Court,"{""federal"": ""in_force"", ""punjab"": ""in_force"", ""sindh"": ""in_force"", ""kp"": ""in_force"", ""balochistan"": ""in_force""}",,"Pakistan Code (pakistancode.gov.pk), Act No. V of 1908; https://pakistancode.gov.pk/pdffiles/administrator6598dabbad120033d4d42d717dcf9755.pdf",2026-09-23
CPC_1908,"Code of Civil Procedure, 1908",order_rule,XLI,28,CPC_1908_ORD_XLI_R_28,Order XLI Rule 28,APPEALS FROM ORIGINAL DECREES: Mode of taking additional evidence,"{""federal"": ""in_force"", ""punjab"": ""in_force"", ""sindh"": ""in_force"", ""kp"": ""in_force"", ""balochistan"": ""in_force""}",,"Pakistan Code (pakistancode.gov.pk), Act No. V of 1908; https://pakistancode.gov.pk/pdffiles/administrator6598dabbad120033d4d42d717dcf9755.pdf",2026-09-23
CPC_1908,"Code of Civil Procedure, 1908",order_rule,XLI,29,CPC_1908_ORD_XLI_R_29,Order XLI Rule 29,APPEALS FROM ORIGINAL DECREES: Points to be defined and recorded,"{""federal"": ""in_force"", ""punjab"": ""in_force"", ""sindh"": ""in_force"", ""kp"": ""in_force"", ""balochistan"": ""in_force""}",,"Pakistan Code (pakistancode.gov.pk), Act No. V of 1908; https://pakistancode.gov.pk/pdffiles/administrator6598dabbad120033d4d42d717dcf9755.pdf",2026-09-23
CPC_1908,"Code of Civil Procedure, 1908",order_rule,XLI,30,CPC_1908_ORD_XLI_R_30,Order XLI Rule 30,APPEALS FROM ORIGINAL DECREES: Judgment when and where pronounced,"{""federal"": ""in_force"", ""punjab"": ""in_force"", ""sindh"": ""in_force"", ""kp"": ""in_force"", ""balochistan"": ""in_force""}",,"Pakistan Code (pakistancode.gov.pk), Act No. V of 1908; https://pakistancode.gov.pk/pdffiles/administrator6598dabbad120033d4d42d717dcf9755.pdf",2026-09-23
CPC_1908,"Code of Civil Procedure, 1908",order_rule,XLI,31,CPC_1908_ORD_XLI_R_31,Order XLI Rule 31,"APPEALS FROM ORIGINAL DECREES: Contents, date and signature of judgment","{""federal"": ""in_force"", ""punjab"": ""in_force"", ""sindh"": ""in_force"", ""kp"": ""in_force"", ""balochistan"": ""in_force""}",,"Pakistan Code (pakistancode.gov.pk), Act No. V of 1908; https://pakistancode.gov.pk/pdffiles/administrator6598dabbad120033d4d42d717dcf9755.pdf",2026-09-23
CPC_1908,"Code of Civil Procedure, 1908",order_rule,XLI,32,CPC_1908_ORD_XLI_R_32,Order XLI Rule 32,APPEALS FROM ORIGINAL DECREES: What judgment may direct,"{""federal"": ""in_force"", ""punjab"": ""in_force"", ""sindh"": ""in_force"", ""kp"": ""in_force"", ""balochistan"": ""in_force""}",,"Pakistan Code (pakistancode.gov.pk), Act No. V of 1908; https://pakistancode.gov.pk/pdffiles/administrator6598dabbad120033d4d42d717dcf9755.pdf",2026-09-23
CPC_1908,"Code of Civil Procedure, 1908",order_rule,XLI,33,CPC_1908_ORD_XLI_R_33,Order XLI Rule 33,APPEALS FROM ORIGINAL DECREES: Power of Court of Appeal,"{""federal"": ""in_force"", ""punjab"": ""in_force"", ""sindh"": ""in_force"", ""kp"": ""in_force"", ""balochistan"": ""in_force""}",,"Pakistan Code (pakistancode.gov.pk), Act No. V of 1908; https://pakistancode.gov.pk/pdffiles/administrator6598dabbad120033d4d42d717dcf9755.pdf",2026-09-23
CPC_1908,"Code of Civil Procedure, 1908",order_rule,XLI,34,CPC_1908_ORD_XLI_R_34,Order XLI Rule 34,APPEALS FROM ORIGINAL DECREES: Dissent to be recorded,"{""federal"": ""in_force"", ""punjab"": ""in_force"", ""sindh"": ""in_force"", ""kp"": ""in_force"", ""balochistan"": ""in_force""}",,"Pakistan Code (pakistancode.gov.pk), Act No. V of 1908; https://pakistancode.gov.pk/pdffiles/administrator6598dabbad120033d4d42d717dcf9755.pdf",2026-09-23
CPC_1908,"Code of Civil Procedure, 1908",order_rule,XLI,35,CPC_1908_ORD_XLI_R_35,Order XLI Rule 35,APPEALS FROM ORIGINAL DECREES: Date and contents of decree,"{""federal"": ""in_force"", ""punjab"": ""in_force"", ""sindh"": ""in_force"", ""kp"": ""in_force"", ""balochistan"": ""in_force""}",,"Pakistan Code (pakistancode.gov.pk), Act No. V of 1908; https://pakistancode.gov.pk/pdffiles/administrator6598dabbad120033d4d42d717dcf9755.pdf",2026-09-23
CPC_1908,"Code of Civil Procedure, 1908",order_rule,XLI,36,CPC_1908_ORD_XLI_R_36,Order XLI Rule 36,APPEALS FROM ORIGINAL DECREES: Copies of judgment and decree to be furnished parties,"{""federal"": ""in_force"", ""punjab"": ""in_force"", ""sindh"": ""in_force"", ""kp"": ""in_force"", ""balochistan"": ""in_force""}",,"Pakistan Code (pakistancode.gov.pk), Act No. V of 1908; https://pakistancode.gov.pk/pdffiles/administrator6598dabbad120033d4d42d717dcf9755.pdf",2026-09-23
CPC_1908,"Code of Civil Procedure, 1908",order_rule,XLI,37,CPC_1908_ORD_XLI_R_37,Order XLI Rule 37,APPEALS FROM ORIGINAL DECREES: Certified copy of decree to be sent to Court whose decree appealed from,"{""federal"": ""in_force"", ""punjab"": ""in_force"", ""sindh"": ""in_force"", ""kp"": ""in_force"", ""balochistan"": ""in_force""}",,"Pakistan Code (pakistancode.gov.pk), Act No. V of 1908; https://pakistancode.gov.pk/pdffiles/administrator6598dabbad120033d4d42d717dcf9755.pdf",2026-09-23
CPC_1908,"Code of Civil Procedure, 1908",order_rule,XLII,1,CPC_1908_ORD_XLII_R_1,Order XLII Rule 1,APPEALS FROM APPELLATE DECREES: Procedure,"{""federal"": ""in_force"", ""punjab"": ""in_force"", ""sindh"": ""in_force"", ""kp"": ""in_force"", ""balochistan"": ""in_force""}",,"Pakistan Code (pakistancode.gov.pk), Act No. V of 1908; https://pakistancode.gov.pk/pdffiles/administrator6598dabbad120033d4d42d717dcf9755.pdf",2026-09-23
CPC_1908,"Code of Civil Procedure, 1908",order_rule,XLIII,1,CPC_1908_ORD_XLIII_R_1,Order XLIII Rule 1,APPEALS FROM ORDERS: Appeals from Orders,"{""federal"": ""in_force"", ""punjab"": ""in_force"", ""sindh"": ""in_force"", ""kp"": ""in_force"", ""balochistan"": ""in_force""}",,"Pakistan Code (pakistancode.gov.pk), Act No. V of 1908; https://pakistancode.gov.pk/pdffiles/administrator6598dabbad120033d4d42d717dcf9755.pdf",2026-09-23
CPC_1908,"Code of Civil Procedure, 1908",order_rule,XLIII,2,CPC_1908_ORD_XLIII_R_2,Order XLIII Rule 2,"APPEALS FROM ORDERS: Procedure. The rules of Order XLI shall apply, so far as may be, to appeals from orders","{""federal"": ""in_force"", ""punjab"": ""in_force"", ""sindh"": ""in_force"", ""kp"": ""in_force"", ""balochistan"": ""in_force""}",,"Pakistan Code (pakistancode.gov.pk), Act No. V of 1908; https://pakistancode.gov.pk/pdffiles/administrator6598dabbad120033d4d42d717dcf9755.pdf",2026-09-23
CPC_1908,"Code of Civil Procedure, 1908",order_rule,XLIII,13,CPC_1908_ORD_XLIII_R_13,Order XLIII Rule 13,APPEALS FROM ORDERS: Notice before presentation of appeal,"{""federal"": ""in_force"", ""punjab"": ""in_force"", ""sindh"": ""in_force"", ""kp"": ""in_force"", ""balochistan"": ""in_force""}",,"Pakistan Code (pakistancode.gov.pk), Act No. V of 1908; https://pakistancode.gov.pk/pdffiles/administrator6598dabbad120033d4d42d717dcf9755.pdf",2026-09-23
CPC_1908,"Code of Civil Procedure, 1908",order_rule,XLIII,4,CPC_1908_ORD_XLIII_R_4,Order XLIII Rule 4,APPEALS FROM ORDERS: Application of Rule  3,"{""federal"": ""in_force"", ""punjab"": ""in_force"", ""sindh"": ""in_force"", ""kp"": ""in_force"", ""balochistan"": ""in_force""}",,"Pakistan Code (pakistancode.gov.pk), Act No. V of 1908; https://pakistancode.gov.pk/pdffiles/administrator6598dabbad120033d4d42d717dcf9755.pdf",2026-09-23
CPC_1908,"Code of Civil Procedure, 1908",order_rule,XLIV,1,CPC_1908_ORD_XLIV_R_1,Order XLIV Rule 1,PAUPER APPEALS: Who may appeal as pauper,"{""federal"": ""in_force"", ""punjab"": ""in_force"", ""sindh"": ""in_force"", ""kp"": ""in_force"", ""balochistan"": ""in_force""}",,"Pakistan Code (pakistancode.gov.pk), Act No. V of 1908; https://pakistancode.gov.pk/pdffiles/administrator6598dabbad120033d4d42d717dcf9755.pdf",2026-09-23
CPC_1908,"Code of Civil Procedure, 1908",order_rule,XLIV,2,CPC_1908_ORD_XLIV_R_2,Order XLIV Rule 2,PAUPER APPEALS: Inquiry into pauperism,"{""federal"": ""in_force"", ""punjab"": ""in_force"", ""sindh"": ""in_force"", ""kp"": ""in_force"", ""balochistan"": ""in_force""}",,"Pakistan Code (pakistancode.gov.pk), Act No. V of 1908; https://pakistancode.gov.pk/pdffiles/administrator6598dabbad120033d4d42d717dcf9755.pdf",2026-09-23
CPC_1908,"Code of Civil Procedure, 1908",order_rule,XLV,1,CPC_1908_ORD_XLV_R_1,Order XLV Rule 1,APPEALS TO THE 1[SUPREME COURT]: “Decree” defined,"{""federal"": ""in_force"", ""punjab"": ""in_force"", ""sindh"": ""in_force"", ""kp"": ""in_force"", ""balochistan"": ""in_force""}",,"Pakistan Code (pakistancode.gov.pk), Act No. V of 1908; https://pakistancode.gov.pk/pdffiles/administrator6598dabbad120033d4d42d717dcf9755.pdf",2026-09-23
CPC_1908,"Code of Civil Procedure, 1908",order_rule,XLV,2,CPC_1908_ORD_XLV_R_2,Order XLV Rule 2,APPEALS TO THE 1[SUPREME COURT]: Application to Court whose decree complained of,"{""federal"": ""in_force"", ""punjab"": ""in_force"", ""sindh"": ""in_force"", ""kp"": ""in_force"", ""balochistan"": ""in_force""}",,"Pakistan Code (pakistancode.gov.pk), Act No. V of 1908; https://pakistancode.gov.pk/pdffiles/administrator6598dabbad120033d4d42d717dcf9755.pdf",2026-09-23
CPC_1908,"Code of Civil Procedure, 1908",order_rule,XLV,3,CPC_1908_ORD_XLV_R_3,Order XLV Rule 3,APPEALS TO THE 1[SUPREME COURT]: Certificate as to value or fitness,"{""federal"": ""in_force"", ""punjab"": ""in_force"", ""sindh"": ""in_force"", ""kp"": ""in_force"", ""balochistan"": ""in_force""}",,"Pakistan Code (pakistancode.gov.pk), Act No. V of 1908; https://pakistancode.gov.pk/pdffiles/administrator6598dabbad120033d4d42d717dcf9755.pdf",2026-09-23
CPC_1908,"Code of Civil Procedure, 1908",order_rule,XLV,4,CPC_1908_ORD_XLV_R_4,Order XLV Rule 4,APPEALS TO THE 1[SUPREME COURT]: Consolidation of suits,"{""federal"": ""in_force"", ""punjab"": ""in_force"", ""sindh"": ""in_force"", ""kp"": ""in_force"", ""balochistan"": ""in_force""}",,"Pakistan Code (pakistancode.gov.pk), Act No. V of 1908; https://pakistancode.gov.pk/pdffiles/administrator6598dabbad120033d4d42d717dcf9755.pdf",2026-09-23
CPC_1908,"Code of Civil Procedure, 1908",order_rule,XLV,5,CPC_1908_ORD_XLV_R_5,Order XLV Rule 5,APPEALS TO THE 1[SUPREME COURT]: Remission of dispute to Court of first instance,"{""federal"": ""in_force"", ""punjab"": ""in_force"", ""sindh"": ""in_force"", ""kp"": ""in_force"", ""balochistan"": ""in_force""}",,"Pakistan Code (pakistancode.gov.pk), Act No. V of 1908; https://pakistancode.gov.pk/pdffiles/administrator6598dabbad120033d4d42d717dcf9755.pdf",2026-09-23
CPC_1908,"Code of Civil Procedure, 1908",order_rule,XLV,6,CPC_1908_ORD_XLV_R_6,Order XLV Rule 6,APPEALS TO THE 1[SUPREME COURT]: [Effect of refusal of certificate.] Omitted by F,"{""federal"": ""in_force"", ""punjab"": ""in_force"", ""sindh"": ""in_force"", ""kp"": ""in_force"", ""balochistan"": ""in_force""}",,"Pakistan Code (pakistancode.gov.pk), Act No. V of 1908; https://pakistancode.gov.pk/pdffiles/administrator6598dabbad120033d4d42d717dcf9755.pdf",2026-09-23
CPC_1908,"Code of Civil Procedure, 1908",order_rule,XLV,7,CPC_1908_ORD_XLV_R_7,Order XLV Rule 7,APPEALS TO THE 1[SUPREME COURT]: Security and deposit required on grant of certificate,"{""federal"": ""in_force"", ""punjab"": ""in_force"", ""sindh"": ""in_force"", ""kp"": ""in_force"", ""balochistan"": ""in_force""}",,"Pakistan Code (pakistancode.gov.pk), Act No. V of 1908; https://pakistancode.gov.pk/pdffiles/administrator6598dabbad120033d4d42d717dcf9755.pdf",2026-09-23
CPC_1908,"Code of Civil Procedure, 1908",order_rule,XLV,8,CPC_1908_ORD_XLV_R_8,Order XLV Rule 8,APPEALS TO THE 1[SUPREME COURT]: Admission of appeal and procedure thereon,"{""federal"": ""in_force"", ""punjab"": ""in_force"", ""sindh"": ""in_force"", ""kp"": ""in_force"", ""balochistan"": ""in_force""}",,"Pakistan Code (pakistancode.gov.pk), Act No. V of 1908; https://pakistancode.gov.pk/pdffiles/administrator6598dabbad120033d4d42d717dcf9755.pdf",2026-09-23
CPC_1908,"Code of Civil Procedure, 1908",order_rule,XLV,9,CPC_1908_ORD_XLV_R_9,Order XLV Rule 9,APPEALS TO THE 1[SUPREME COURT]: Revocation of acceptance of security,"{""federal"": ""in_force"", ""punjab"": ""in_force"", ""sindh"": ""in_force"", ""kp"": ""in_force"", ""balochistan"": ""in_force""}",,"Pakistan Code (pakistancode.gov.pk), Act No. V of 1908; https://pakistancode.gov.pk/pdffiles/administrator6598dabbad120033d4d42d717dcf9755.pdf",2026-09-23
CPC_1908,"Code of Civil Procedure, 1908",order_rule,XLV,10,CPC_1908_ORD_XLV_R_10,Order XLV Rule 10,APPEALS TO THE 1[SUPREME COURT]: Power to order further security or payment,"{""federal"": ""in_force"", ""punjab"": ""in_force"", ""sindh"": ""in_force"", ""kp"": ""in_force"", ""balochistan"": ""in_force""}",,"Pakistan Code (pakistancode.gov.pk), Act No. V of 1908; https://pakistancode.gov.pk/pdffiles/administrator6598dabbad120033d4d42d717dcf9755.pdf",2026-09-23
CPC_1908,"Code of Civil Procedure, 1908",order_rule,XLV,11,CPC_1908_ORD_XLV_R_11,Order XLV Rule 11,APPEALS TO THE 1[SUPREME COURT]: Effect of failure to comply with order,"{""federal"": ""in_force"", ""punjab"": ""in_force"", ""sindh"": ""in_force"", ""kp"": ""in_force"", ""balochistan"": ""in_force""}",,"Pakistan Code (pakistancode.gov.pk), Act No. V of 1908; https://pakistancode.gov.pk/pdffiles/administrator6598dabbad120033d4d42d717dcf9755.pdf",2026-09-23
CPC_1908,"Code of Civil Procedure, 1908",order_rule,XLV,12,CPC_1908_ORD_XLV_R_12,Order XLV Rule 12,APPEALS TO THE 1[SUPREME COURT]: Refund of balance deposit,"{""federal"": ""in_force"", ""punjab"": ""in_force"", ""sindh"": ""in_force"", ""kp"": ""in_force"", ""balochistan"": ""in_force""}",,"Pakistan Code (pakistancode.gov.pk), Act No. V of 1908; https://pakistancode.gov.pk/pdffiles/administrator6598dabbad120033d4d42d717dcf9755.pdf",2026-09-23
CPC_1908,"Code of Civil Procedure, 1908",order_rule,XLV,13,CPC_1908_ORD_XLV_R_13,Order XLV Rule 13,APPEALS TO THE 1[SUPREME COURT]: Powers of Court of pending appeal,"{""federal"": ""in_force"", ""punjab"": ""in_force"", ""sindh"": ""in_force"", ""kp"": ""in_force"", ""balochistan"": ""in_force""}",,"Pakistan Code (pakistancode.gov.pk), Act No. V of 1908; https://pakistancode.gov.pk/pdffiles/administrator6598dabbad120033d4d42d717dcf9755.pdf",2026-09-23
CPC_1908,"Code of Civil Procedure, 1908",order_rule,XLV,14,CPC_1908_ORD_XLV_R_14,Order XLV Rule 14,APPEALS TO THE 1[SUPREME COURT]: Increase of security found Inadequate.,"{""federal"": ""in_force"", ""punjab"": ""in_force"", ""sindh"": ""in_force"", ""kp"": ""in_force"", ""balochistan"": ""in_force""}",,"Pakistan Code (pakistancode.gov.pk), Act No. V of 1908; https://pakistancode.gov.pk/pdffiles/administrator6598dabbad120033d4d42d717dcf9755.pdf",2026-09-23
CPC_1908,"Code of Civil Procedure, 1908",order_rule,XLV,15,CPC_1908_ORD_XLV_R_15,Order XLV Rule 15,APPEALS TO THE 1[SUPREME COURT]: Procedure to enforce orders of the Supreme Court.,"{""federal"": ""in_force"", ""punjab"": ""in_force"", ""sindh"": ""in_force"", ""kp"": ""in_force"", ""balochistan"": ""in_force""}",,"Pakistan Code (pakistancode.gov.pk), Act No. V of 1908; https://pakistancode.gov.pk/pdffiles/administrator6598dabbad120033d4d42d717dcf9755.pdf",2026-09-23
CPC_1908,"Code of Civil Procedure, 1908",order_rule,XLV,16,CPC_1908_ORD_XLV_R_16,Order XLV Rule 16,APPEALS TO THE 1[SUPREME COURT]: Appeal from order relating to execution,"{""federal"": ""in_force"", ""punjab"": ""in_force"", ""sindh"": ""in_force"", ""kp"": ""in_force"", ""balochistan"": ""in_force""}",,"Pakistan Code (pakistancode.gov.pk), Act No. V of 1908; https://pakistancode.gov.pk/pdffiles/administrator6598dabbad120033d4d42d717dcf9755.pdf",2026-09-23
CPC_1908,"Code of Civil Procedure, 1908",order_rule,XLV,417,CPC_1908_ORD_XLV_R_417,Order XLV Rule 417,"APPEALS TO THE 1[SUPREME COURT]: [Appeals to the Federal Court]. Omitted by the Federal Court Act 1941 (XXI of 1941), S","{""federal"": ""in_force"", ""punjab"": ""in_force"", ""sindh"": ""in_force"", ""kp"": ""in_force"", ""balochistan"": ""in_force""}",,"Pakistan Code (pakistancode.gov.pk), Act No. V of 1908; https://pakistancode.gov.pk/pdffiles/administrator6598dabbad120033d4d42d717dcf9755.pdf",2026-09-23
CPC_1908,"Code of Civil Procedure, 1908",order_rule,XLVI,1,CPC_1908_ORD_XLVI_R_1,Order XLVI Rule 1,REFERENCE: Reference of question to High Court,"{""federal"": ""in_force"", ""punjab"": ""in_force"", ""sindh"": ""in_force"", ""kp"": ""in_force"", ""balochistan"": ""in_force""}",,"Pakistan Code (pakistancode.gov.pk), Act No. V of 1908; https://pakistancode.gov.pk/pdffiles/administrator6598dabbad120033d4d42d717dcf9755.pdf",2026-09-23
CPC_1908,"Code of Civil Procedure, 1908",order_rule,XLVI,2,CPC_1908_ORD_XLVI_R_2,Order XLVI Rule 2,REFERENCE: Court may pass decree contingent upon decision of High Court,"{""federal"": ""in_force"", ""punjab"": ""in_force"", ""sindh"": ""in_force"", ""kp"": ""in_force"", ""balochistan"": ""in_force""}",,"Pakistan Code (pakistancode.gov.pk), Act No. V of 1908; https://pakistancode.gov.pk/pdffiles/administrator6598dabbad120033d4d42d717dcf9755.pdf",2026-09-23
CPC_1908,"Code of Civil Procedure, 1908",order_rule,XLVI,3,CPC_1908_ORD_XLVI_R_3,Order XLVI Rule 3,"REFERENCE: Judgment of High Court to be transmitted, and case disposed of accordingly","{""federal"": ""in_force"", ""punjab"": ""in_force"", ""sindh"": ""in_force"", ""kp"": ""in_force"", ""balochistan"": ""in_force""}",,"Pakistan Code (pakistancode.gov.pk), Act No. V of 1908; https://pakistancode.gov.pk/pdffiles/administrator6598dabbad120033d4d42d717dcf9755.pdf",2026-09-23
CPC_1908,"Code of Civil Procedure, 1908",order_rule,XLVI,4,CPC_1908_ORD_XLVI_R_4,Order XLVI Rule 4,REFERENCE: Costs of reference to High Court,"{""federal"": ""in_force"", ""punjab"": ""in_force"", ""sindh"": ""in_force"", ""kp"": ""in_force"", ""balochistan"": ""in_force""}",,"Pakistan Code (pakistancode.gov.pk), Act No. V of 1908; https://pakistancode.gov.pk/pdffiles/administrator6598dabbad120033d4d42d717dcf9755.pdf",2026-09-23
CPC_1908,"Code of Civil Procedure, 1908",order_rule,XLVI,5,CPC_1908_ORD_XLVI_R_5,Order XLVI Rule 5,"REFERENCE: Power to alter etc., decree , of Court making reference","{""federal"": ""in_force"", ""punjab"": ""in_force"", ""sindh"": ""in_force"", ""kp"": ""in_force"", ""balochistan"": ""in_force""}",,"Pakistan Code (pakistancode.gov.pk), Act No. V of 1908; https://pakistancode.gov.pk/pdffiles/administrator6598dabbad120033d4d42d717dcf9755.pdf",2026-09-23
CPC_1908,"Code of Civil Procedure, 1908",order_rule,XLVI,6,CPC_1908_ORD_XLVI_R_6,Order XLVI Rule 6,REFERENCE: Power to refer to High Court questions as jurisdiction in small causes.,"{""federal"": ""in_force"", ""punjab"": ""in_force"", ""sindh"": ""in_force"", ""kp"": ""in_force"", ""balochistan"": ""in_force""}",,"Pakistan Code (pakistancode.gov.pk), Act No. V of 1908; https://pakistancode.gov.pk/pdffiles/administrator6598dabbad120033d4d42d717dcf9755.pdf",2026-09-23
CPC_1908,"Code of Civil Procedure, 1908",order_rule,XLVII,1,CPC_1908_ORD_XLVII_R_1,Order XLVII Rule 1,REVIEW: Application for review of judgment,"{""federal"": ""in_force"", ""punjab"": ""in_force"", ""sindh"": ""in_force"", ""kp"": ""in_force"", ""balochistan"": ""in_force""}",,"Pakistan Code (pakistancode.gov.pk), Act No. V of 1908; https://pakistancode.gov.pk/pdffiles/administrator6598dabbad120033d4d42d717dcf9755.pdf",2026-09-23
CPC_1908,"Code of Civil Procedure, 1908",order_rule,XLVII,2,CPC_1908_ORD_XLVII_R_2,Order XLVII Rule 2,REVIEW: To whom applications for review may be made,"{""federal"": ""in_force"", ""punjab"": ""in_force"", ""sindh"": ""in_force"", ""kp"": ""in_force"", ""balochistan"": ""in_force""}",,"Pakistan Code (pakistancode.gov.pk), Act No. V of 1908; https://pakistancode.gov.pk/pdffiles/administrator6598dabbad120033d4d42d717dcf9755.pdf",2026-09-23
CPC_1908,"Code of Civil Procedure, 1908",order_rule,XLVII,3,CPC_1908_ORD_XLVII_R_3,Order XLVII Rule 3,REVIEW: Form of applications for review,"{""federal"": ""in_force"", ""punjab"": ""in_force"", ""sindh"": ""in_force"", ""kp"": ""in_force"", ""balochistan"": ""in_force""}",,"Pakistan Code (pakistancode.gov.pk), Act No. V of 1908; https://pakistancode.gov.pk/pdffiles/administrator6598dabbad120033d4d42d717dcf9755.pdf",2026-09-23
CPC_1908,"Code of Civil Procedure, 1908",order_rule,XLVII,4,CPC_1908_ORD_XLVII_R_4,Order XLVII Rule 4,REVIEW: Application where rejected,"{""federal"": ""in_force"", ""punjab"": ""in_force"", ""sindh"": ""in_force"", ""kp"": ""in_force"", ""balochistan"": ""in_force""}",,"Pakistan Code (pakistancode.gov.pk), Act No. V of 1908; https://pakistancode.gov.pk/pdffiles/administrator6598dabbad120033d4d42d717dcf9755.pdf",2026-09-23
CPC_1908,"Code of Civil Procedure, 1908",order_rule,XLVII,5,CPC_1908_ORD_XLVII_R_5,Order XLVII Rule 5,REVIEW: Application for review in Court consisting of two or more Judges,"{""federal"": ""in_force"", ""punjab"": ""in_force"", ""sindh"": ""in_force"", ""kp"": ""in_force"", ""balochistan"": ""in_force""}",,"Pakistan Code (pakistancode.gov.pk), Act No. V of 1908; https://pakistancode.gov.pk/pdffiles/administrator6598dabbad120033d4d42d717dcf9755.pdf",2026-09-23
CPC_1908,"Code of Civil Procedure, 1908",order_rule,XLVII,6,CPC_1908_ORD_XLVII_R_6,Order XLVII Rule 6,REVIEW: Application where rejected,"{""federal"": ""in_force"", ""punjab"": ""in_force"", ""sindh"": ""in_force"", ""kp"": ""in_force"", ""balochistan"": ""in_force""}",,"Pakistan Code (pakistancode.gov.pk), Act No. V of 1908; https://pakistancode.gov.pk/pdffiles/administrator6598dabbad120033d4d42d717dcf9755.pdf",2026-09-23
CPC_1908,"Code of Civil Procedure, 1908",order_rule,XLVII,7,CPC_1908_ORD_XLVII_R_7,Order XLVII Rule 7,REVIEW: Oder of rejection not appealable. Objections to order granting application,"{""federal"": ""in_force"", ""punjab"": ""in_force"", ""sindh"": ""in_force"", ""kp"": ""in_force"", ""balochistan"": ""in_force""}",,"Pakistan Code (pakistancode.gov.pk), Act No. V of 1908; https://pakistancode.gov.pk/pdffiles/administrator6598dabbad120033d4d42d717dcf9755.pdf",2026-09-23
CPC_1908,"Code of Civil Procedure, 1908",order_rule,XLVII,8,CPC_1908_ORD_XLVII_R_8,Order XLVII Rule 8,"REVIEW: Registry of application garnted, and order for re­hearing","{""federal"": ""in_force"", ""punjab"": ""in_force"", ""sindh"": ""in_force"", ""kp"": ""in_force"", ""balochistan"": ""in_force""}",,"Pakistan Code (pakistancode.gov.pk), Act No. V of 1908; https://pakistancode.gov.pk/pdffiles/administrator6598dabbad120033d4d42d717dcf9755.pdf",2026-09-23
CPC_1908,"Code of Civil Procedure, 1908",order_rule,XLVII,9,CPC_1908_ORD_XLVII_R_9,Order XLVII Rule 9,REVIEW: Bar of certain applications,"{""federal"": ""in_force"", ""punjab"": ""in_force"", ""sindh"": ""in_force"", ""kp"": ""in_force"", ""balochistan"": ""in_force""}",,"Pakistan Code (pakistancode.gov.pk), Act No. V of 1908; https://pakistancode.gov.pk/pdffiles/administrator6598dabbad120033d4d42d717dcf9755.pdf",2026-09-23
CPC_1908,"Code of Civil Procedure, 1908",order_rule,XLVIII,1,CPC_1908_ORD_XLVIII_R_1,Order XLVIII Rule 1,MISCELLANEOUS: Process to be served at expense of party issuing.,"{""federal"": ""in_force"", ""punjab"": ""in_force"", ""sindh"": ""in_force"", ""kp"": ""in_force"", ""balochistan"": ""in_force""}",,"Pakistan Code (pakistancode.gov.pk), Act No. V of 1908; https://pakistancode.gov.pk/pdffiles/administrator6598dabbad120033d4d42d717dcf9755.pdf",2026-09-23
CPC_1908,"Code of Civil Procedure, 1908",order_rule,XLVIII,2,CPC_1908_ORD_XLVIII_R_2,Order XLVIII Rule 2,MISCELLANEOUS: Orders and notices how served,"{""federal"": ""in_force"", ""punjab"": ""in_force"", ""sindh"": ""in_force"", ""kp"": ""in_force"", ""balochistan"": ""in_force""}",,"Pakistan Code (pakistancode.gov.pk), Act No. V of 1908; https://pakistancode.gov.pk/pdffiles/administrator6598dabbad120033d4d42d717dcf9755.pdf",2026-09-23
CPC_1908,"Code of Civil Procedure, 1908",order_rule,XLVIII,3,CPC_1908_ORD_XLVIII_R_3,Order XLVIII Rule 3,MISCELLANEOUS: Use of forms in appendices,"{""federal"": ""in_force"", ""punjab"": ""in_force"", ""sindh"": ""in_force"", ""kp"": ""in_force"", ""balochistan"": ""in_force""}",,"Pakistan Code (pakistancode.gov.pk), Act No. V of 1908; https://pakistancode.gov.pk/pdffiles/administrator6598dabbad120033d4d42d717dcf9755.pdf",2026-09-23
CPC_1908,"Code of Civil Procedure, 1908",order_rule,XLIX,1,CPC_1908_ORD_XLIX_R_1,Order XLIX Rule 1,2*HIGH COURTS: Who may serve processes of High Court,"{""federal"": ""in_force"", ""punjab"": ""in_force"", ""sindh"": ""in_force"", ""kp"": ""in_force"", ""balochistan"": ""in_force""}",,"Pakistan Code (pakistancode.gov.pk), Act No. V of 1908; https://pakistancode.gov.pk/pdffiles/administrator6598dabbad120033d4d42d717dcf9755.pdf",2026-09-23
CPC_1908,"Code of Civil Procedure, 1908",order_rule,XLIX,2,CPC_1908_ORD_XLIX_R_2,Order XLIX Rule 2,2*HIGH COURTS: Saving in respect of High Courts,"{""federal"": ""in_force"", ""punjab"": ""in_force"", ""sindh"": ""in_force"", ""kp"": ""in_force"", ""balochistan"": ""in_force""}",,"Pakistan Code (pakistancode.gov.pk), Act No. V of 1908; https://pakistancode.gov.pk/pdffiles/administrator6598dabbad120033d4d42d717dcf9755.pdf",2026-09-23
CPC_1908,"Code of Civil Procedure, 1908",order_rule,XLIX,3,CPC_1908_ORD_XLIX_R_3,Order XLIX Rule 3,2*HIGH COURTS: Application of rules,"{""federal"": ""in_force"", ""punjab"": ""in_force"", ""sindh"": ""in_force"", ""kp"": ""in_force"", ""balochistan"": ""in_force""}",,"Pakistan Code (pakistancode.gov.pk), Act No. V of 1908; https://pakistancode.gov.pk/pdffiles/administrator6598dabbad120033d4d42d717dcf9755.pdf",2026-09-23
CPC_1908,"Code of Civil Procedure, 1908",order_rule,L,1,CPC_1908_ORD_L_R_1,Order L Rule 1,PROVINCIAL SMALL CAUSE COURTS: Provincial Small Cause Courts,"{""federal"": ""in_force"", ""punjab"": ""in_force"", ""sindh"": ""in_force"", ""kp"": ""in_force"", ""balochistan"": ""in_force""}",,"Pakistan Code (pakistancode.gov.pk), Act No. V of 1908; https://pakistancode.gov.pk/pdffiles/administrator6598dabbad120033d4d42d717dcf9755.pdf",2026-09-23
CPC_1908,"Code of Civil Procedure, 1908",order_rule,XXXIX,1(2),CPC_1908_ORD_XXXIX_R_1_SR_2,Order XXXIX Rule 1(2),"Temporary Injunctions: Power of Court to grant temporary injunction or make other order for purpose of staying and preventing wasting, damaging, alienation or sale","{""federal"": ""in_force"", ""punjab"": ""in_force"", ""sindh"": ""in_force"", ""kp"": ""in_force"", ""balochistan"": ""in_force""}",,"Pakistan Code (pakistancode.gov.pk), Act No. V of 1908; https://pakistancode.gov.pk/pdffiles/administrator6598dabbad120033d4d42d717dcf9755.pdf",2026-09-23
