act_code,act_name,provision_type,primary_num,secondary_num,canonical_id,display_name,title,status,superseded_reference,source_citation,source_verified_date
CRPC_1898,"Code of Criminal Procedure, 1898",section,1,,CRPC_1898_SEC_1,Section 1,Short title,"{""federal"": ""in_force"", ""punjab"": ""in_force"", ""sindh"": ""in_force"", ""kp"": ""in_force"", ""balochistan"": ""in_force""}",,"Pakistan Code (pakistancode.gov.pk), Act No. V of 1898; https://pakistancode.gov.pk/pdffiles/administrator7db1e56f0f1d39a6e67573ec6b0944e2.pdf",2026-09-23
CRPC_1898,"Code of Criminal Procedure, 1898",section,2,,CRPC_1898_SEC_2,Section 2,[Repealed],"{""federal"": ""repealed"", ""punjab"": ""repealed"", ""sindh"": ""repealed"", ""kp"": ""repealed"", ""balochistan"": ""repealed""}",,"Pakistan Code (pakistancode.gov.pk), Act No. V of 1898; https://pakistancode.gov.pk/pdffiles/administrator7db1e56f0f1d39a6e67573ec6b0944e2.pdf",2026-09-23
CRPC_1898,"Code of Criminal Procedure, 1898",section,3,,CRPC_1898_SEC_3,Section 3,References to Code of Criminal Procedure and other repealed enactments,"{""federal"": ""in_force"", ""punjab"": ""in_force"", ""sindh"": ""in_force"", ""kp"": ""in_force"", ""balochistan"": ""in_force""}",,"Pakistan Code (pakistancode.gov.pk), Act No. V of 1898; https://pakistancode.gov.pk/pdffiles/administrator7db1e56f0f1d39a6e67573ec6b0944e2.pdf",2026-09-23
CRPC_1898,"Code of Criminal Procedure, 1898",section,4,,CRPC_1898_SEC_4,Section 4,Definitions,"{""federal"": ""in_force"", ""punjab"": ""in_force"", ""sindh"": ""in_force"", ""kp"": ""in_force"", ""balochistan"": ""in_force""}",,"Pakistan Code (pakistancode.gov.pk), Act No. V of 1898; https://pakistancode.gov.pk/pdffiles/administrator7db1e56f0f1d39a6e67573ec6b0944e2.pdf",2026-09-23
CRPC_1898,"Code of Criminal Procedure, 1898",section,5,,CRPC_1898_SEC_5,Section 5,Trial of offences under Penal Code,"{""federal"": ""in_force"", ""punjab"": ""in_force"", ""sindh"": ""in_force"", ""kp"": ""in_force"", ""balochistan"": ""in_force""}",,"Pakistan Code (pakistancode.gov.pk), Act No. V of 1898; https://pakistancode.gov.pk/pdffiles/administrator7db1e56f0f1d39a6e67573ec6b0944e2.pdf",2026-09-23
CRPC_1898,"Code of Criminal Procedure, 1898",section,6,,CRPC_1898_SEC_6,Section 6,Classes of Criminal Courts and Magistrates,"{""federal"": ""in_force"", ""punjab"": ""in_force"", ""sindh"": ""in_force"", ""kp"": ""in_force"", ""balochistan"": ""in_force""}",,"Pakistan Code (pakistancode.gov.pk), Act No. V of 1898; https://pakistancode.gov.pk/pdffiles/administrator7db1e56f0f1d39a6e67573ec6b0944e2.pdf",2026-09-23
CRPC_1898,"Code of Criminal Procedure, 1898",section,7,,CRPC_1898_SEC_7,Section 7,Sessions divisions and districts,"{""federal"": ""in_force"", ""punjab"": ""in_force"", ""sindh"": ""in_force"", ""kp"": ""in_force"", ""balochistan"": ""in_force""}",,"Pakistan Code (pakistancode.gov.pk), Act No. V of 1898; https://pakistancode.gov.pk/pdffiles/administrator7db1e56f0f1d39a6e67573ec6b0944e2.pdf",2026-09-23
CRPC_1898,"Code of Criminal Procedure, 1898",section,8,,CRPC_1898_SEC_8,Section 8,Power to divide districts into sub-divisions,"{""federal"": ""in_force"", ""punjab"": ""in_force"", ""sindh"": ""in_force"", ""kp"": ""in_force"", ""balochistan"": ""in_force""}",,"Pakistan Code (pakistancode.gov.pk), Act No. V of 1898; https://pakistancode.gov.pk/pdffiles/administrator7db1e56f0f1d39a6e67573ec6b0944e2.pdf",2026-09-23
CRPC_1898,"Code of Criminal Procedure, 1898",section,9,,CRPC_1898_SEC_9,Section 9,Court of Session,"{""federal"": ""in_force"", ""punjab"": ""in_force"", ""sindh"": ""in_force"", ""kp"": ""in_force"", ""balochistan"": ""in_force""}",,"Pakistan Code (pakistancode.gov.pk), Act No. V of 1898; https://pakistancode.gov.pk/pdffiles/administrator7db1e56f0f1d39a6e67573ec6b0944e2.pdf",2026-09-23
CRPC_1898,"Code of Criminal Procedure, 1898",section,10,,CRPC_1898_SEC_10,Section 10,[Omitted],"{""federal"": ""omitted"", ""punjab"": ""omitted"", ""sindh"": ""omitted"", ""kp"": ""omitted"", ""balochistan"": ""omitted""}",,"Pakistan Code (pakistancode.gov.pk), Act No. V of 1898; https://pakistancode.gov.pk/pdffiles/administrator7db1e56f0f1d39a6e67573ec6b0944e2.pdf",2026-09-23
CRPC_1898,"Code of Criminal Procedure, 1898",section,11,,CRPC_1898_SEC_11,Section 11,[Omitted],"{""federal"": ""omitted"", ""punjab"": ""omitted"", ""sindh"": ""omitted"", ""kp"": ""omitted"", ""balochistan"": ""omitted""}",,"Pakistan Code (pakistancode.gov.pk), Act No. V of 1898; https://pakistancode.gov.pk/pdffiles/administrator7db1e56f0f1d39a6e67573ec6b0944e2.pdf",2026-09-23
CRPC_1898,"Code of Criminal Procedure, 1898",section,12,,CRPC_1898_SEC_12,Section 12,Sub-ordinate Magistrates,"{""federal"": ""in_force"", ""punjab"": ""in_force"", ""sindh"": ""in_force"", ""kp"": ""in_force"", ""balochistan"": ""in_force""}",,"Pakistan Code (pakistancode.gov.pk), Act No. V of 1898; https://pakistancode.gov.pk/pdffiles/administrator7db1e56f0f1d39a6e67573ec6b0944e2.pdf",2026-09-23
CRPC_1898,"Code of Criminal Procedure, 1898",section,13,,CRPC_1898_SEC_13,Section 13,[Omitted],"{""federal"": ""omitted"", ""punjab"": ""omitted"", ""sindh"": ""omitted"", ""kp"": ""omitted"", ""balochistan"": ""omitted""}",,"Pakistan Code (pakistancode.gov.pk), Act No. V of 1898; https://pakistancode.gov.pk/pdffiles/administrator7db1e56f0f1d39a6e67573ec6b0944e2.pdf",2026-09-23
CRPC_1898,"Code of Criminal Procedure, 1898",section,14,,CRPC_1898_SEC_14,Section 14,Special Judicial Magistrates,"{""federal"": ""in_force"", ""punjab"": ""in_force"", ""sindh"": ""in_force"", ""kp"": ""in_force"", ""balochistan"": ""in_force""}",,"Pakistan Code (pakistancode.gov.pk), Act No. V of 1898; https://pakistancode.gov.pk/pdffiles/administrator7db1e56f0f1d39a6e67573ec6b0944e2.pdf",2026-09-23
CRPC_1898,"Code of Criminal Procedure, 1898",section,14A,,CRPC_1898_SEC_14A,Section 14A,Appointment of Special Magistrate,"{""federal"": ""in_force"", ""punjab"": ""in_force"", ""sindh"": ""in_force"", ""kp"": ""in_force"", ""balochistan"": ""in_force""}",,"Pakistan Code (pakistancode.gov.pk), Act No. V of 1898; https://pakistancode.gov.pk/pdffiles/administrator7db1e56f0f1d39a6e67573ec6b0944e2.pdf",2026-09-23
CRPC_1898,"Code of Criminal Procedure, 1898",section,15,,CRPC_1898_SEC_15,Section 15,Benches of Magistrates.,"{""federal"": ""in_force"", ""punjab"": ""in_force"", ""sindh"": ""in_force"", ""kp"": ""in_force"", ""balochistan"": ""in_force""}",,"Pakistan Code (pakistancode.gov.pk), Act No. V of 1898; https://pakistancode.gov.pk/pdffiles/administrator7db1e56f0f1d39a6e67573ec6b0944e2.pdf",2026-09-23
CRPC_1898,"Code of Criminal Procedure, 1898",section,16,,CRPC_1898_SEC_16,Section 16,Power to frame rules for guidance of Magistrates and Benches,"{""federal"": ""in_force"", ""punjab"": ""in_force"", ""sindh"": ""in_force"", ""kp"": ""in_force"", ""balochistan"": ""in_force""}",,"Pakistan Code (pakistancode.gov.pk), Act No. V of 1898; https://pakistancode.gov.pk/pdffiles/administrator7db1e56f0f1d39a6e67573ec6b0944e2.pdf",2026-09-23
CRPC_1898,"Code of Criminal Procedure, 1898",section,17,,CRPC_1898_SEC_17,Section 17,Subordination of Magistrates and Benches to Session Judge,"{""federal"": ""in_force"", ""punjab"": ""in_force"", ""sindh"": ""in_force"", ""kp"": ""in_force"", ""balochistan"": ""in_force""}",,"Pakistan Code (pakistancode.gov.pk), Act No. V of 1898; https://pakistancode.gov.pk/pdffiles/administrator7db1e56f0f1d39a6e67573ec6b0944e2.pdf",2026-09-23
CRPC_1898,"Code of Criminal Procedure, 1898",section,22,,CRPC_1898_SEC_22,Section 22,Appointment of Justices of the peace,"{""federal"": ""in_force"", ""punjab"": ""in_force"", ""sindh"": ""in_force"", ""kp"": ""in_force"", ""balochistan"": ""in_force""}",,"Pakistan Code (pakistancode.gov.pk), Act No. V of 1898; https://pakistancode.gov.pk/pdffiles/administrator7db1e56f0f1d39a6e67573ec6b0944e2.pdf",2026-09-23
CRPC_1898,"Code of Criminal Procedure, 1898",section,22A,,CRPC_1898_SEC_22A,Section 22A,Powers of Justices of the peace,"{""federal"": ""in_force"", ""punjab"": ""in_force"", ""sindh"": ""in_force"", ""kp"": ""in_force"", ""balochistan"": ""in_force""}",,"Pakistan Code (pakistancode.gov.pk), Act No. V of 1898; https://pakistancode.gov.pk/pdffiles/administrator7db1e56f0f1d39a6e67573ec6b0944e2.pdf",2026-09-23
CRPC_1898,"Code of Criminal Procedure, 1898",section,22B,,CRPC_1898_SEC_22B,Section 22B,Duties of Justices of the peace,"{""federal"": ""in_force"", ""punjab"": ""in_force"", ""sindh"": ""in_force"", ""kp"": ""in_force"", ""balochistan"": ""in_force""}",,"Pakistan Code (pakistancode.gov.pk), Act No. V of 1898; https://pakistancode.gov.pk/pdffiles/administrator7db1e56f0f1d39a6e67573ec6b0944e2.pdf",2026-09-23
CRPC_1898,"Code of Criminal Procedure, 1898",section,25,,CRPC_1898_SEC_25,Section 25,Ex-officio Justices of the peace,"{""federal"": ""in_force"", ""punjab"": ""in_force"", ""sindh"": ""in_force"", ""kp"": ""in_force"", ""balochistan"": ""in_force""}",,"Pakistan Code (pakistancode.gov.pk), Act No. V of 1898; https://pakistancode.gov.pk/pdffiles/administrator7db1e56f0f1d39a6e67573ec6b0944e2.pdf",2026-09-23
CRPC_1898,"Code of Criminal Procedure, 1898",section,28,,CRPC_1898_SEC_28,Section 28,Offences under Penal Code,"{""federal"": ""in_force"", ""punjab"": ""in_force"", ""sindh"": ""in_force"", ""kp"": ""in_force"", ""balochistan"": ""in_force""}",,"Pakistan Code (pakistancode.gov.pk), Act No. V of 1898; https://pakistancode.gov.pk/pdffiles/administrator7db1e56f0f1d39a6e67573ec6b0944e2.pdf",2026-09-23
CRPC_1898,"Code of Criminal Procedure, 1898",section,29,,CRPC_1898_SEC_29,Section 29,Offences under other laws,"{""federal"": ""in_force"", ""punjab"": ""in_force"", ""sindh"": ""in_force"", ""kp"": ""in_force"", ""balochistan"": ""in_force""}",,"Pakistan Code (pakistancode.gov.pk), Act No. V of 1898; https://pakistancode.gov.pk/pdffiles/administrator7db1e56f0f1d39a6e67573ec6b0944e2.pdf",2026-09-23
CRPC_1898,"Code of Criminal Procedure, 1898",section,29A,,CRPC_1898_SEC_29A,Section 29A,[Omitted],"{""federal"": ""omitted"", ""punjab"": ""omitted"", ""sindh"": ""omitted"", ""kp"": ""omitted"", ""balochistan"": ""omitted""}",,"Pakistan Code (pakistancode.gov.pk), Act No. V of 1898; https://pakistancode.gov.pk/pdffiles/administrator7db1e56f0f1d39a6e67573ec6b0944e2.pdf",2026-09-23
CRPC_1898,"Code of Criminal Procedure, 1898",section,29B,,CRPC_1898_SEC_29B,Section 29B,Jurisdiction in the case of Juveniles,"{""federal"": ""in_force"", ""punjab"": ""in_force"", ""sindh"": ""in_force"", ""kp"": ""in_force"", ""balochistan"": ""in_force""}",,"Pakistan Code (pakistancode.gov.pk), Act No. V of 1898; https://pakistancode.gov.pk/pdffiles/administrator7db1e56f0f1d39a6e67573ec6b0944e2.pdf",2026-09-23
CRPC_1898,"Code of Criminal Procedure, 1898",section,30,,CRPC_1898_SEC_30,Section 30,Offences not punishable with death,"{""federal"": ""in_force"", ""punjab"": ""in_force"", ""sindh"": ""in_force"", ""kp"": ""in_force"", ""balochistan"": ""in_force""}",,"Pakistan Code (pakistancode.gov.pk), Act No. V of 1898; https://pakistancode.gov.pk/pdffiles/administrator7db1e56f0f1d39a6e67573ec6b0944e2.pdf",2026-09-23
CRPC_1898,"Code of Criminal Procedure, 1898",section,31,,CRPC_1898_SEC_31,Section 31,Sentences which High Courts and Sessions Judges may pass,"{""federal"": ""in_force"", ""punjab"": ""in_force"", ""sindh"": ""in_force"", ""kp"": ""in_force"", ""balochistan"": ""in_force""}",,"Pakistan Code (pakistancode.gov.pk), Act No. V of 1898; https://pakistancode.gov.pk/pdffiles/administrator7db1e56f0f1d39a6e67573ec6b0944e2.pdf",2026-09-23
CRPC_1898,"Code of Criminal Procedure, 1898",section,32,,CRPC_1898_SEC_32,Section 32,Sentences which Magistrates may pass,"{""federal"": ""in_force"", ""punjab"": ""in_force"", ""sindh"": ""in_force"", ""kp"": ""in_force"", ""balochistan"": ""in_force""}",,"Pakistan Code (pakistancode.gov.pk), Act No. V of 1898; https://pakistancode.gov.pk/pdffiles/administrator7db1e56f0f1d39a6e67573ec6b0944e2.pdf",2026-09-23
CRPC_1898,"Code of Criminal Procedure, 1898",section,33,,CRPC_1898_SEC_33,Section 33,Power of Magistrate to sentence to imprisonment in default of fine,"{""federal"": ""in_force"", ""punjab"": ""in_force"", ""sindh"": ""in_force"", ""kp"": ""in_force"", ""balochistan"": ""in_force""}",,"Pakistan Code (pakistancode.gov.pk), Act No. V of 1898; https://pakistancode.gov.pk/pdffiles/administrator7db1e56f0f1d39a6e67573ec6b0944e2.pdf",2026-09-23
CRPC_1898,"Code of Criminal Procedure, 1898",section,34,,CRPC_1898_SEC_34,Section 34,Higher powers of certain Magistrates,"{""federal"": ""in_force"", ""punjab"": ""in_force"", ""sindh"": ""in_force"", ""kp"": ""in_force"", ""balochistan"": ""in_force""}",,"Pakistan Code (pakistancode.gov.pk), Act No. V of 1898; https://pakistancode.gov.pk/pdffiles/administrator7db1e56f0f1d39a6e67573ec6b0944e2.pdf",2026-09-23
CRPC_1898,"Code of Criminal Procedure, 1898",section,34A,,CRPC_1898_SEC_34A,Section 34A,[Omitted],"{""federal"": ""omitted"", ""punjab"": ""omitted"", ""sindh"": ""omitted"", ""kp"": ""omitted"", ""balochistan"": ""omitted""}",,"Pakistan Code (pakistancode.gov.pk), Act No. V of 1898; https://pakistancode.gov.pk/pdffiles/administrator7db1e56f0f1d39a6e67573ec6b0944e2.pdf",2026-09-23
CRPC_1898,"Code of Criminal Procedure, 1898",section,35,,CRPC_1898_SEC_35,Section 35,Sentence in cases of conviction of several offences at one trial,"{""federal"": ""in_force"", ""punjab"": ""in_force"", ""sindh"": ""in_force"", ""kp"": ""in_force"", ""balochistan"": ""in_force""}",,"Pakistan Code (pakistancode.gov.pk), Act No. V of 1898; https://pakistancode.gov.pk/pdffiles/administrator7db1e56f0f1d39a6e67573ec6b0944e2.pdf",2026-09-23
CRPC_1898,"Code of Criminal Procedure, 1898",section,36,,CRPC_1898_SEC_36,Section 36,Ordinary powers of Magistrates,"{""federal"": ""in_force"", ""punjab"": ""in_force"", ""sindh"": ""in_force"", ""kp"": ""in_force"", ""balochistan"": ""in_force""}",,"Pakistan Code (pakistancode.gov.pk), Act No. V of 1898; https://pakistancode.gov.pk/pdffiles/administrator7db1e56f0f1d39a6e67573ec6b0944e2.pdf",2026-09-23
CRPC_1898,"Code of Criminal Procedure, 1898",section,37,,CRPC_1898_SEC_37,Section 37,Additional powers conferrable on Magistrates,"{""federal"": ""in_force"", ""punjab"": ""in_force"", ""sindh"": ""in_force"", ""kp"": ""in_force"", ""balochistan"": ""in_force""}",,"Pakistan Code (pakistancode.gov.pk), Act No. V of 1898; https://pakistancode.gov.pk/pdffiles/administrator7db1e56f0f1d39a6e67573ec6b0944e2.pdf",2026-09-23
CRPC_1898,"Code of Criminal Procedure, 1898",section,38,,CRPC_1898_SEC_38,Section 38,[Omitted],"{""federal"": ""omitted"", ""punjab"": ""omitted"", ""sindh"": ""omitted"", ""kp"": ""omitted"", ""balochistan"": ""omitted""}",,"Pakistan Code (pakistancode.gov.pk), Act No. V of 1898; https://pakistancode.gov.pk/pdffiles/administrator7db1e56f0f1d39a6e67573ec6b0944e2.pdf",2026-09-23
CRPC_1898,"Code of Criminal Procedure, 1898",section,39,,CRPC_1898_SEC_39,Section 39,Mode of conferring powers,"{""federal"": ""in_force"", ""punjab"": ""in_force"", ""sindh"": ""in_force"", ""kp"": ""in_force"", ""balochistan"": ""in_force""}",,"Pakistan Code (pakistancode.gov.pk), Act No. V of 1898; https://pakistancode.gov.pk/pdffiles/administrator7db1e56f0f1d39a6e67573ec6b0944e2.pdf",2026-09-23
CRPC_1898,"Code of Criminal Procedure, 1898",section,40,,CRPC_1898_SEC_40,Section 40,Powers of officers appointed,"{""federal"": ""in_force"", ""punjab"": ""in_force"", ""sindh"": ""in_force"", ""kp"": ""in_force"", ""balochistan"": ""in_force""}",,"Pakistan Code (pakistancode.gov.pk), Act No. V of 1898; https://pakistancode.gov.pk/pdffiles/administrator7db1e56f0f1d39a6e67573ec6b0944e2.pdf",2026-09-23
CRPC_1898,"Code of Criminal Procedure, 1898",section,41,,CRPC_1898_SEC_41,Section 41,Withdrawal of powers,"{""federal"": ""in_force"", ""punjab"": ""in_force"", ""sindh"": ""in_force"", ""kp"": ""in_force"", ""balochistan"": ""in_force""}",,"Pakistan Code (pakistancode.gov.pk), Act No. V of 1898; https://pakistancode.gov.pk/pdffiles/administrator7db1e56f0f1d39a6e67573ec6b0944e2.pdf",2026-09-23
CRPC_1898,"Code of Criminal Procedure, 1898",section,42,,CRPC_1898_SEC_42,Section 42,Public when to assist Magistrate and Police,"{""federal"": ""in_force"", ""punjab"": ""in_force"", ""sindh"": ""in_force"", ""kp"": ""in_force"", ""balochistan"": ""in_force""}",,"Pakistan Code (pakistancode.gov.pk), Act No. V of 1898; https://pakistancode.gov.pk/pdffiles/administrator7db1e56f0f1d39a6e67573ec6b0944e2.pdf",2026-09-23
CRPC_1898,"Code of Criminal Procedure, 1898",section,43,,CRPC_1898_SEC_43,Section 43,"Aid to person other than police-officer, executing warrant","{""federal"": ""in_force"", ""punjab"": ""in_force"", ""sindh"": ""in_force"", ""kp"": ""in_force"", ""balochistan"": ""in_force""}",,"Pakistan Code (pakistancode.gov.pk), Act No. V of 1898; https://pakistancode.gov.pk/pdffiles/administrator7db1e56f0f1d39a6e67573ec6b0944e2.pdf",2026-09-23
CRPC_1898,"Code of Criminal Procedure, 1898",section,44,,CRPC_1898_SEC_44,Section 44,Public to give information of certain offences,"{""federal"": ""in_force"", ""punjab"": ""in_force"", ""sindh"": ""in_force"", ""kp"": ""in_force"", ""balochistan"": ""in_force""}",,"Pakistan Code (pakistancode.gov.pk), Act No. V of 1898; https://pakistancode.gov.pk/pdffiles/administrator7db1e56f0f1d39a6e67573ec6b0944e2.pdf",2026-09-23
CRPC_1898,"Code of Criminal Procedure, 1898",section,45,,CRPC_1898_SEC_45,Section 45,"Village-headmen, accountants, landholders and others bound to report certain matters","{""federal"": ""in_force"", ""punjab"": ""in_force"", ""sindh"": ""in_force"", ""kp"": ""in_force"", ""balochistan"": ""in_force""}",,"Pakistan Code (pakistancode.gov.pk), Act No. V of 1898; https://pakistancode.gov.pk/pdffiles/administrator7db1e56f0f1d39a6e67573ec6b0944e2.pdf",2026-09-23
CRPC_1898,"Code of Criminal Procedure, 1898",section,46,,CRPC_1898_SEC_46,Section 46,Arrest how made,"{""federal"": ""in_force"", ""punjab"": ""in_force"", ""sindh"": ""in_force"", ""kp"": ""in_force"", ""balochistan"": ""in_force""}",,"Pakistan Code (pakistancode.gov.pk), Act No. V of 1898; https://pakistancode.gov.pk/pdffiles/administrator7db1e56f0f1d39a6e67573ec6b0944e2.pdf",2026-09-23
CRPC_1898,"Code of Criminal Procedure, 1898",section,47,,CRPC_1898_SEC_47,Section 47,Search of place entered by person sought to be arrested,"{""federal"": ""in_force"", ""punjab"": ""in_force"", ""sindh"": ""in_force"", ""kp"": ""in_force"", ""balochistan"": ""in_force""}",,"Pakistan Code (pakistancode.gov.pk), Act No. V of 1898; https://pakistancode.gov.pk/pdffiles/administrator7db1e56f0f1d39a6e67573ec6b0944e2.pdf",2026-09-23
CRPC_1898,"Code of Criminal Procedure, 1898",section,48,,CRPC_1898_SEC_48,Section 48,Procedure where ingress not obtainable,"{""federal"": ""in_force"", ""punjab"": ""in_force"", ""sindh"": ""in_force"", ""kp"": ""in_force"", ""balochistan"": ""in_force""}",,"Pakistan Code (pakistancode.gov.pk), Act No. V of 1898; https://pakistancode.gov.pk/pdffiles/administrator7db1e56f0f1d39a6e67573ec6b0944e2.pdf",2026-09-23
CRPC_1898,"Code of Criminal Procedure, 1898",section,49,,CRPC_1898_SEC_49,Section 49,Power to break open doors and windows for purposes of liberation,"{""federal"": ""in_force"", ""punjab"": ""in_force"", ""sindh"": ""in_force"", ""kp"": ""in_force"", ""balochistan"": ""in_force""}",,"Pakistan Code (pakistancode.gov.pk), Act No. V of 1898; https://pakistancode.gov.pk/pdffiles/administrator7db1e56f0f1d39a6e67573ec6b0944e2.pdf",2026-09-23
CRPC_1898,"Code of Criminal Procedure, 1898",section,50,,CRPC_1898_SEC_50,Section 50,No unnecessary restraint,"{""federal"": ""in_force"", ""punjab"": ""in_force"", ""sindh"": ""in_force"", ""kp"": ""in_force"", ""balochistan"": ""in_force""}",,"Pakistan Code (pakistancode.gov.pk), Act No. V of 1898; https://pakistancode.gov.pk/pdffiles/administrator7db1e56f0f1d39a6e67573ec6b0944e2.pdf",2026-09-23
CRPC_1898,"Code of Criminal Procedure, 1898",section,51,,CRPC_1898_SEC_51,Section 51,Search of arrested persons,"{""federal"": ""in_force"", ""punjab"": ""in_force"", ""sindh"": ""in_force"", ""kp"": ""in_force"", ""balochistan"": ""in_force""}",,"Pakistan Code (pakistancode.gov.pk), Act No. V of 1898; https://pakistancode.gov.pk/pdffiles/administrator7db1e56f0f1d39a6e67573ec6b0944e2.pdf",2026-09-23
CRPC_1898,"Code of Criminal Procedure, 1898",section,52,,CRPC_1898_SEC_52,Section 52,Mode of searching women,"{""federal"": ""in_force"", ""punjab"": ""in_force"", ""sindh"": ""in_force"", ""kp"": ""in_force"", ""balochistan"": ""in_force""}",,"Pakistan Code (pakistancode.gov.pk), Act No. V of 1898; https://pakistancode.gov.pk/pdffiles/administrator7db1e56f0f1d39a6e67573ec6b0944e2.pdf",2026-09-23
CRPC_1898,"Code of Criminal Procedure, 1898",section,53,,CRPC_1898_SEC_53,Section 53,Power to seize offensive weapons,"{""federal"": ""in_force"", ""punjab"": ""in_force"", ""sindh"": ""in_force"", ""kp"": ""in_force"", ""balochistan"": ""in_force""}",,"Pakistan Code (pakistancode.gov.pk), Act No. V of 1898; https://pakistancode.gov.pk/pdffiles/administrator7db1e56f0f1d39a6e67573ec6b0944e2.pdf",2026-09-23
CRPC_1898,"Code of Criminal Procedure, 1898",section,53A,,CRPC_1898_SEC_53A,Section 53A,"Examination of person accused of rape, etc. by medical practitioner","{""federal"": ""in_force"", ""punjab"": ""in_force"", ""sindh"": ""in_force"", ""kp"": ""in_force"", ""balochistan"": ""in_force""}",,"Pakistan Code (pakistancode.gov.pk), Act No. V of 1898; https://pakistancode.gov.pk/pdffiles/administrator7db1e56f0f1d39a6e67573ec6b0944e2.pdf",2026-09-23
CRPC_1898,"Code of Criminal Procedure, 1898",section,54,,CRPC_1898_SEC_54,Section 54,When police may arrest without warrant,"{""federal"": ""in_force"", ""punjab"": ""in_force"", ""sindh"": ""in_force"", ""kp"": ""in_force"", ""balochistan"": ""in_force""}",,"Pakistan Code (pakistancode.gov.pk), Act No. V of 1898; https://pakistancode.gov.pk/pdffiles/administrator7db1e56f0f1d39a6e67573ec6b0944e2.pdf",2026-09-23
CRPC_1898,"Code of Criminal Procedure, 1898",section,55,,CRPC_1898_SEC_55,Section 55,"Arrest of vagabonds, habitual robbers, etc","{""federal"": ""in_force"", ""punjab"": ""in_force"", ""sindh"": ""in_force"", ""kp"": ""in_force"", ""balochistan"": ""in_force""}",,"Pakistan Code (pakistancode.gov.pk), Act No. V of 1898; https://pakistancode.gov.pk/pdffiles/administrator7db1e56f0f1d39a6e67573ec6b0944e2.pdf",2026-09-23
CRPC_1898,"Code of Criminal Procedure, 1898",section,56,,CRPC_1898_SEC_56,Section 56,Procedure when police officer deputes subordinate to arrest without warrant,"{""federal"": ""in_force"", ""punjab"": ""in_force"", ""sindh"": ""in_force"", ""kp"": ""in_force"", ""balochistan"": ""in_force""}",,"Pakistan Code (pakistancode.gov.pk), Act No. V of 1898; https://pakistancode.gov.pk/pdffiles/administrator7db1e56f0f1d39a6e67573ec6b0944e2.pdf",2026-09-23
CRPC_1898,"Code of Criminal Procedure, 1898",section,57,,CRPC_1898_SEC_57,Section 57,Refusal to give name and residence,"{""federal"": ""in_force"", ""punjab"": ""in_force"", ""sindh"": ""in_force"", ""kp"": ""in_force"", ""balochistan"": ""in_force""}",,"Pakistan Code (pakistancode.gov.pk), Act No. V of 1898; https://pakistancode.gov.pk/pdffiles/administrator7db1e56f0f1d39a6e67573ec6b0944e2.pdf",2026-09-23
CRPC_1898,"Code of Criminal Procedure, 1898",section,58,,CRPC_1898_SEC_58,Section 58,Pursuit of offenders into other jurisdictions,"{""federal"": ""in_force"", ""punjab"": ""in_force"", ""sindh"": ""in_force"", ""kp"": ""in_force"", ""balochistan"": ""in_force""}",,"Pakistan Code (pakistancode.gov.pk), Act No. V of 1898; https://pakistancode.gov.pk/pdffiles/administrator7db1e56f0f1d39a6e67573ec6b0944e2.pdf",2026-09-23
CRPC_1898,"Code of Criminal Procedure, 1898",section,59,,CRPC_1898_SEC_59,Section 59,Arrest by private persons and procedure on such arrest,"{""federal"": ""in_force"", ""punjab"": ""in_force"", ""sindh"": ""in_force"", ""kp"": ""in_force"", ""balochistan"": ""in_force""}",,"Pakistan Code (pakistancode.gov.pk), Act No. V of 1898; https://pakistancode.gov.pk/pdffiles/administrator7db1e56f0f1d39a6e67573ec6b0944e2.pdf",2026-09-23
CRPC_1898,"Code of Criminal Procedure, 1898",section,60,,CRPC_1898_SEC_60,Section 60,Person arrested to be taken before Magistrate or officer in charge of police-station,"{""federal"": ""in_force"", ""punjab"": ""in_force"", ""sindh"": ""in_force"", ""kp"": ""in_force"", ""balochistan"": ""in_force""}",,"Pakistan Code (pakistancode.gov.pk), Act No. V of 1898; https://pakistancode.gov.pk/pdffiles/administrator7db1e56f0f1d39a6e67573ec6b0944e2.pdf",2026-09-23
CRPC_1898,"Code of Criminal Procedure, 1898",section,61,,CRPC_1898_SEC_61,Section 61,Person arrested not to be detained more than twenty-four hours,"{""federal"": ""in_force"", ""punjab"": ""in_force"", ""sindh"": ""in_force"", ""kp"": ""in_force"", ""balochistan"": ""in_force""}",,"Pakistan Code (pakistancode.gov.pk), Act No. V of 1898; https://pakistancode.gov.pk/pdffiles/administrator7db1e56f0f1d39a6e67573ec6b0944e2.pdf",2026-09-23
CRPC_1898,"Code of Criminal Procedure, 1898",section,62,,CRPC_1898_SEC_62,Section 62,Police to report apprehensions,"{""federal"": ""in_force"", ""punjab"": ""in_force"", ""sindh"": ""in_force"", ""kp"": ""in_force"", ""balochistan"": ""in_force""}",,"Pakistan Code (pakistancode.gov.pk), Act No. V of 1898; https://pakistancode.gov.pk/pdffiles/administrator7db1e56f0f1d39a6e67573ec6b0944e2.pdf",2026-09-23
CRPC_1898,"Code of Criminal Procedure, 1898",section,63,,CRPC_1898_SEC_63,Section 63,Discharge of person apprehended,"{""federal"": ""in_force"", ""punjab"": ""in_force"", ""sindh"": ""in_force"", ""kp"": ""in_force"", ""balochistan"": ""in_force""}",,"Pakistan Code (pakistancode.gov.pk), Act No. V of 1898; https://pakistancode.gov.pk/pdffiles/administrator7db1e56f0f1d39a6e67573ec6b0944e2.pdf",2026-09-23
CRPC_1898,"Code of Criminal Procedure, 1898",section,64,,CRPC_1898_SEC_64,Section 64,Offence committed in Magistrate's presence,"{""federal"": ""in_force"", ""punjab"": ""in_force"", ""sindh"": ""in_force"", ""kp"": ""in_force"", ""balochistan"": ""in_force""}",,"Pakistan Code (pakistancode.gov.pk), Act No. V of 1898; https://pakistancode.gov.pk/pdffiles/administrator7db1e56f0f1d39a6e67573ec6b0944e2.pdf",2026-09-23
CRPC_1898,"Code of Criminal Procedure, 1898",section,65,,CRPC_1898_SEC_65,Section 65,Arrest by or in presence of Magistrate,"{""federal"": ""in_force"", ""punjab"": ""in_force"", ""sindh"": ""in_force"", ""kp"": ""in_force"", ""balochistan"": ""in_force""}",,"Pakistan Code (pakistancode.gov.pk), Act No. V of 1898; https://pakistancode.gov.pk/pdffiles/administrator7db1e56f0f1d39a6e67573ec6b0944e2.pdf",2026-09-23
CRPC_1898,"Code of Criminal Procedure, 1898",section,66,,CRPC_1898_SEC_66,Section 66,"Power, on escape, to pursue and retake","{""federal"": ""in_force"", ""punjab"": ""in_force"", ""sindh"": ""in_force"", ""kp"": ""in_force"", ""balochistan"": ""in_force""}",,"Pakistan Code (pakistancode.gov.pk), Act No. V of 1898; https://pakistancode.gov.pk/pdffiles/administrator7db1e56f0f1d39a6e67573ec6b0944e2.pdf",2026-09-23
CRPC_1898,"Code of Criminal Procedure, 1898",section,67,,CRPC_1898_SEC_67,Section 67,"Provisions of sections 47, 48 and 49 to apply to arrests under section 66","{""federal"": ""in_force"", ""punjab"": ""in_force"", ""sindh"": ""in_force"", ""kp"": ""in_force"", ""balochistan"": ""in_force""}",,"Pakistan Code (pakistancode.gov.pk), Act No. V of 1898; https://pakistancode.gov.pk/pdffiles/administrator7db1e56f0f1d39a6e67573ec6b0944e2.pdf",2026-09-23
CRPC_1898,"Code of Criminal Procedure, 1898",section,68,,CRPC_1898_SEC_68,Section 68,Form of summons,"{""federal"": ""in_force"", ""punjab"": ""in_force"", ""sindh"": ""in_force"", ""kp"": ""in_force"", ""balochistan"": ""in_force""}",,"Pakistan Code (pakistancode.gov.pk), Act No. V of 1898; https://pakistancode.gov.pk/pdffiles/administrator7db1e56f0f1d39a6e67573ec6b0944e2.pdf",2026-09-23
CRPC_1898,"Code of Criminal Procedure, 1898",section,69,,CRPC_1898_SEC_69,Section 69,Summons how served,"{""federal"": ""in_force"", ""punjab"": ""in_force"", ""sindh"": ""in_force"", ""kp"": ""in_force"", ""balochistan"": ""in_force""}",,"Pakistan Code (pakistancode.gov.pk), Act No. V of 1898; https://pakistancode.gov.pk/pdffiles/administrator7db1e56f0f1d39a6e67573ec6b0944e2.pdf",2026-09-23
CRPC_1898,"Code of Criminal Procedure, 1898",section,70,,CRPC_1898_SEC_70,Section 70,Service when person summoned cannot be found,"{""federal"": ""in_force"", ""punjab"": ""in_force"", ""sindh"": ""in_force"", ""kp"": ""in_force"", ""balochistan"": ""in_force""}",,"Pakistan Code (pakistancode.gov.pk), Act No. V of 1898; https://pakistancode.gov.pk/pdffiles/administrator7db1e56f0f1d39a6e67573ec6b0944e2.pdf",2026-09-23
CRPC_1898,"Code of Criminal Procedure, 1898",section,71,,CRPC_1898_SEC_71,Section 71,Procedure when service cannot be effected as before provided,"{""federal"": ""in_force"", ""punjab"": ""in_force"", ""sindh"": ""in_force"", ""kp"": ""in_force"", ""balochistan"": ""in_force""}",,"Pakistan Code (pakistancode.gov.pk), Act No. V of 1898; https://pakistancode.gov.pk/pdffiles/administrator7db1e56f0f1d39a6e67573ec6b0944e2.pdf",2026-09-23
CRPC_1898,"Code of Criminal Procedure, 1898",section,72,,CRPC_1898_SEC_72,Section 72,"Service on servant of State, Statutory body or Company","{""federal"": ""in_force"", ""punjab"": ""in_force"", ""sindh"": ""in_force"", ""kp"": ""in_force"", ""balochistan"": ""in_force""}",,"Pakistan Code (pakistancode.gov.pk), Act No. V of 1898; https://pakistancode.gov.pk/pdffiles/administrator7db1e56f0f1d39a6e67573ec6b0944e2.pdf",2026-09-23
CRPC_1898,"Code of Criminal Procedure, 1898",section,73,,CRPC_1898_SEC_73,Section 73,Service of summons outside local limits,"{""federal"": ""in_force"", ""punjab"": ""in_force"", ""sindh"": ""in_force"", ""kp"": ""in_force"", ""balochistan"": ""in_force""}",,"Pakistan Code (pakistancode.gov.pk), Act No. V of 1898; https://pakistancode.gov.pk/pdffiles/administrator7db1e56f0f1d39a6e67573ec6b0944e2.pdf",2026-09-23
CRPC_1898,"Code of Criminal Procedure, 1898",section,74,,CRPC_1898_SEC_74,Section 74,Proof of service in such cases and when serving [person] not present,"{""federal"": ""in_force"", ""punjab"": ""in_force"", ""sindh"": ""in_force"", ""kp"": ""in_force"", ""balochistan"": ""in_force""}",,"Pakistan Code (pakistancode.gov.pk), Act No. V of 1898; https://pakistancode.gov.pk/pdffiles/administrator7db1e56f0f1d39a6e67573ec6b0944e2.pdf",2026-09-23
CRPC_1898,"Code of Criminal Procedure, 1898",section,75,,CRPC_1898_SEC_75,Section 75,Form of warrant of arrest,"{""federal"": ""in_force"", ""punjab"": ""in_force"", ""sindh"": ""in_force"", ""kp"": ""in_force"", ""balochistan"": ""in_force""}",,"Pakistan Code (pakistancode.gov.pk), Act No. V of 1898; https://pakistancode.gov.pk/pdffiles/administrator7db1e56f0f1d39a6e67573ec6b0944e2.pdf",2026-09-23
CRPC_1898,"Code of Criminal Procedure, 1898",section,76,,CRPC_1898_SEC_76,Section 76,Court may direct security to be taken,"{""federal"": ""in_force"", ""punjab"": ""in_force"", ""sindh"": ""in_force"", ""kp"": ""in_force"", ""balochistan"": ""in_force""}",,"Pakistan Code (pakistancode.gov.pk), Act No. V of 1898; https://pakistancode.gov.pk/pdffiles/administrator7db1e56f0f1d39a6e67573ec6b0944e2.pdf",2026-09-23
CRPC_1898,"Code of Criminal Procedure, 1898",section,77,,CRPC_1898_SEC_77,Section 77,Warrants to whom directed,"{""federal"": ""in_force"", ""punjab"": ""in_force"", ""sindh"": ""in_force"", ""kp"": ""in_force"", ""balochistan"": ""in_force""}",,"Pakistan Code (pakistancode.gov.pk), Act No. V of 1898; https://pakistancode.gov.pk/pdffiles/administrator7db1e56f0f1d39a6e67573ec6b0944e2.pdf",2026-09-23
CRPC_1898,"Code of Criminal Procedure, 1898",section,78,,CRPC_1898_SEC_78,Section 78,"Warrant may be directed to land-holders, etc","{""federal"": ""in_force"", ""punjab"": ""in_force"", ""sindh"": ""in_force"", ""kp"": ""in_force"", ""balochistan"": ""in_force""}",,"Pakistan Code (pakistancode.gov.pk), Act No. V of 1898; https://pakistancode.gov.pk/pdffiles/administrator7db1e56f0f1d39a6e67573ec6b0944e2.pdf",2026-09-23
CRPC_1898,"Code of Criminal Procedure, 1898",section,79,,CRPC_1898_SEC_79,Section 79,Warrant directed to police-officer,"{""federal"": ""in_force"", ""punjab"": ""in_force"", ""sindh"": ""in_force"", ""kp"": ""in_force"", ""balochistan"": ""in_force""}",,"Pakistan Code (pakistancode.gov.pk), Act No. V of 1898; https://pakistancode.gov.pk/pdffiles/administrator7db1e56f0f1d39a6e67573ec6b0944e2.pdf",2026-09-23
CRPC_1898,"Code of Criminal Procedure, 1898",section,80,,CRPC_1898_SEC_80,Section 80,Notification of substance of warrant,"{""federal"": ""in_force"", ""punjab"": ""in_force"", ""sindh"": ""in_force"", ""kp"": ""in_force"", ""balochistan"": ""in_force""}",,"Pakistan Code (pakistancode.gov.pk), Act No. V of 1898; https://pakistancode.gov.pk/pdffiles/administrator7db1e56f0f1d39a6e67573ec6b0944e2.pdf",2026-09-23
CRPC_1898,"Code of Criminal Procedure, 1898",section,81,,CRPC_1898_SEC_81,Section 81,Person arrested to be brought before Court without delay,"{""federal"": ""in_force"", ""punjab"": ""in_force"", ""sindh"": ""in_force"", ""kp"": ""in_force"", ""balochistan"": ""in_force""}",,"Pakistan Code (pakistancode.gov.pk), Act No. V of 1898; https://pakistancode.gov.pk/pdffiles/administrator7db1e56f0f1d39a6e67573ec6b0944e2.pdf",2026-09-23
CRPC_1898,"Code of Criminal Procedure, 1898",section,82,,CRPC_1898_SEC_82,Section 82,Where warrant may be executed,"{""federal"": ""in_force"", ""punjab"": ""in_force"", ""sindh"": ""in_force"", ""kp"": ""in_force"", ""balochistan"": ""in_force""}",,"Pakistan Code (pakistancode.gov.pk), Act No. V of 1898; https://pakistancode.gov.pk/pdffiles/administrator7db1e56f0f1d39a6e67573ec6b0944e2.pdf",2026-09-23
CRPC_1898,"Code of Criminal Procedure, 1898",section,83,,CRPC_1898_SEC_83,Section 83,Warrant forwarded for execution outside jurisdiction,"{""federal"": ""in_force"", ""punjab"": ""in_force"", ""sindh"": ""in_force"", ""kp"": ""in_force"", ""balochistan"": ""in_force""}",,"Pakistan Code (pakistancode.gov.pk), Act No. V of 1898; https://pakistancode.gov.pk/pdffiles/administrator7db1e56f0f1d39a6e67573ec6b0944e2.pdf",2026-09-23
CRPC_1898,"Code of Criminal Procedure, 1898",section,84,,CRPC_1898_SEC_84,Section 84,Warrant directed to police-officer for execution outside jurisdiction,"{""federal"": ""in_force"", ""punjab"": ""in_force"", ""sindh"": ""in_force"", ""kp"": ""in_force"", ""balochistan"": ""in_force""}",,"Pakistan Code (pakistancode.gov.pk), Act No. V of 1898; https://pakistancode.gov.pk/pdffiles/administrator7db1e56f0f1d39a6e67573ec6b0944e2.pdf",2026-09-23
CRPC_1898,"Code of Criminal Procedure, 1898",section,85,,CRPC_1898_SEC_85,Section 85,Procedure on arrest of person against to whom warrant issued,"{""federal"": ""in_force"", ""punjab"": ""in_force"", ""sindh"": ""in_force"", ""kp"": ""in_force"", ""balochistan"": ""in_force""}",,"Pakistan Code (pakistancode.gov.pk), Act No. V of 1898; https://pakistancode.gov.pk/pdffiles/administrator7db1e56f0f1d39a6e67573ec6b0944e2.pdf",2026-09-23
CRPC_1898,"Code of Criminal Procedure, 1898",section,86,,CRPC_1898_SEC_86,Section 86,Procedure by Magistrate before whom person arrested is brought,"{""federal"": ""in_force"", ""punjab"": ""in_force"", ""sindh"": ""in_force"", ""kp"": ""in_force"", ""balochistan"": ""in_force""}",,"Pakistan Code (pakistancode.gov.pk), Act No. V of 1898; https://pakistancode.gov.pk/pdffiles/administrator7db1e56f0f1d39a6e67573ec6b0944e2.pdf",2026-09-23
CRPC_1898,"Code of Criminal Procedure, 1898",section,86A,,CRPC_1898_SEC_86A,Section 86A,Procedure for removal in custody to Tribal Area,"{""federal"": ""in_force"", ""punjab"": ""in_force"", ""sindh"": ""in_force"", ""kp"": ""in_force"", ""balochistan"": ""in_force""}",,"Pakistan Code (pakistancode.gov.pk), Act No. V of 1898; https://pakistancode.gov.pk/pdffiles/administrator7db1e56f0f1d39a6e67573ec6b0944e2.pdf",2026-09-23
CRPC_1898,"Code of Criminal Procedure, 1898",section,87,,CRPC_1898_SEC_87,Section 87,Proclamation for person absconding,"{""federal"": ""in_force"", ""punjab"": ""in_force"", ""sindh"": ""in_force"", ""kp"": ""in_force"", ""balochistan"": ""in_force""}",,"Pakistan Code (pakistancode.gov.pk), Act No. V of 1898; https://pakistancode.gov.pk/pdffiles/administrator7db1e56f0f1d39a6e67573ec6b0944e2.pdf",2026-09-23
CRPC_1898,"Code of Criminal Procedure, 1898",section,88,,CRPC_1898_SEC_88,Section 88,Attachment of property of person absconding,"{""federal"": ""in_force"", ""punjab"": ""in_force"", ""sindh"": ""in_force"", ""kp"": ""in_force"", ""balochistan"": ""in_force""}",,"Pakistan Code (pakistancode.gov.pk), Act No. V of 1898; https://pakistancode.gov.pk/pdffiles/administrator7db1e56f0f1d39a6e67573ec6b0944e2.pdf",2026-09-23
CRPC_1898,"Code of Criminal Procedure, 1898",section,89,,CRPC_1898_SEC_89,Section 89,Restoration of attached property,"{""federal"": ""in_force"", ""punjab"": ""in_force"", ""sindh"": ""in_force"", ""kp"": ""in_force"", ""balochistan"": ""in_force""}",,"Pakistan Code (pakistancode.gov.pk), Act No. V of 1898; https://pakistancode.gov.pk/pdffiles/administrator7db1e56f0f1d39a6e67573ec6b0944e2.pdf",2026-09-23
CRPC_1898,"Code of Criminal Procedure, 1898",section,90,,CRPC_1898_SEC_90,Section 90,"Issue of warrant in lieu of, or in addition to summons","{""federal"": ""in_force"", ""punjab"": ""in_force"", ""sindh"": ""in_force"", ""kp"": ""in_force"", ""balochistan"": ""in_force""}",,"Pakistan Code (pakistancode.gov.pk), Act No. V of 1898; https://pakistancode.gov.pk/pdffiles/administrator7db1e56f0f1d39a6e67573ec6b0944e2.pdf",2026-09-23
CRPC_1898,"Code of Criminal Procedure, 1898",section,91,,CRPC_1898_SEC_91,Section 91,Power to take bond for appearance,"{""federal"": ""in_force"", ""punjab"": ""in_force"", ""sindh"": ""in_force"", ""kp"": ""in_force"", ""balochistan"": ""in_force""}",,"Pakistan Code (pakistancode.gov.pk), Act No. V of 1898; https://pakistancode.gov.pk/pdffiles/administrator7db1e56f0f1d39a6e67573ec6b0944e2.pdf",2026-09-23
CRPC_1898,"Code of Criminal Procedure, 1898",section,92,,CRPC_1898_SEC_92,Section 92,Arrest on breach of bond for appearance,"{""federal"": ""in_force"", ""punjab"": ""in_force"", ""sindh"": ""in_force"", ""kp"": ""in_force"", ""balochistan"": ""in_force""}",,"Pakistan Code (pakistancode.gov.pk), Act No. V of 1898; https://pakistancode.gov.pk/pdffiles/administrator7db1e56f0f1d39a6e67573ec6b0944e2.pdf",2026-09-23
CRPC_1898,"Code of Criminal Procedure, 1898",section,93,,CRPC_1898_SEC_93,Section 93,Provisions of this Chapter generally applicable to summonses and warrants of arrest,"{""federal"": ""in_force"", ""punjab"": ""in_force"", ""sindh"": ""in_force"", ""kp"": ""in_force"", ""balochistan"": ""in_force""}",,"Pakistan Code (pakistancode.gov.pk), Act No. V of 1898; https://pakistancode.gov.pk/pdffiles/administrator7db1e56f0f1d39a6e67573ec6b0944e2.pdf",2026-09-23
CRPC_1898,"Code of Criminal Procedure, 1898",section,93A,,CRPC_1898_SEC_93A,Section 93A,Sending of summons for service outside Pakistan,"{""federal"": ""in_force"", ""punjab"": ""in_force"", ""sindh"": ""in_force"", ""kp"": ""in_force"", ""balochistan"": ""in_force""}",,"Pakistan Code (pakistancode.gov.pk), Act No. V of 1898; https://pakistancode.gov.pk/pdffiles/administrator7db1e56f0f1d39a6e67573ec6b0944e2.pdf",2026-09-23
CRPC_1898,"Code of Criminal Procedure, 1898",section,93B,,CRPC_1898_SEC_93B,Section 93B,Sending of warrants for execution outside Pakistan,"{""federal"": ""in_force"", ""punjab"": ""in_force"", ""sindh"": ""in_force"", ""kp"": ""in_force"", ""balochistan"": ""in_force""}",,"Pakistan Code (pakistancode.gov.pk), Act No. V of 1898; https://pakistancode.gov.pk/pdffiles/administrator7db1e56f0f1d39a6e67573ec6b0944e2.pdf",2026-09-23
CRPC_1898,"Code of Criminal Procedure, 1898",section,93C,,CRPC_1898_SEC_93C,Section 93C,Service and execution in Pakistan of processes received from outside Pakistan,"{""federal"": ""in_force"", ""punjab"": ""in_force"", ""sindh"": ""in_force"", ""kp"": ""in_force"", ""balochistan"": ""in_force""}",,"Pakistan Code (pakistancode.gov.pk), Act No. V of 1898; https://pakistancode.gov.pk/pdffiles/administrator7db1e56f0f1d39a6e67573ec6b0944e2.pdf",2026-09-23
CRPC_1898,"Code of Criminal Procedure, 1898",section,94,,CRPC_1898_SEC_94,Section 94,Summons to produce document or other thing,"{""federal"": ""in_force"", ""punjab"": ""in_force"", ""sindh"": ""in_force"", ""kp"": ""in_force"", ""balochistan"": ""in_force""}",,"Pakistan Code (pakistancode.gov.pk), Act No. V of 1898; https://pakistancode.gov.pk/pdffiles/administrator7db1e56f0f1d39a6e67573ec6b0944e2.pdf",2026-09-23
CRPC_1898,"Code of Criminal Procedure, 1898",section,95,,CRPC_1898_SEC_95,Section 95,Procedure as to letters and telegrams,"{""federal"": ""in_force"", ""punjab"": ""in_force"", ""sindh"": ""in_force"", ""kp"": ""in_force"", ""balochistan"": ""in_force""}",,"Pakistan Code (pakistancode.gov.pk), Act No. V of 1898; https://pakistancode.gov.pk/pdffiles/administrator7db1e56f0f1d39a6e67573ec6b0944e2.pdf",2026-09-23
CRPC_1898,"Code of Criminal Procedure, 1898",section,96,,CRPC_1898_SEC_96,Section 96,When search-warrant may be issued,"{""federal"": ""in_force"", ""punjab"": ""in_force"", ""sindh"": ""in_force"", ""kp"": ""in_force"", ""balochistan"": ""in_force""}",,"Pakistan Code (pakistancode.gov.pk), Act No. V of 1898; https://pakistancode.gov.pk/pdffiles/administrator7db1e56f0f1d39a6e67573ec6b0944e2.pdf",2026-09-23
CRPC_1898,"Code of Criminal Procedure, 1898",section,97,,CRPC_1898_SEC_97,Section 97,Power to restrict warrant,"{""federal"": ""in_force"", ""punjab"": ""in_force"", ""sindh"": ""in_force"", ""kp"": ""in_force"", ""balochistan"": ""in_force""}",,"Pakistan Code (pakistancode.gov.pk), Act No. V of 1898; https://pakistancode.gov.pk/pdffiles/administrator7db1e56f0f1d39a6e67573ec6b0944e2.pdf",2026-09-23
CRPC_1898,"Code of Criminal Procedure, 1898",section,98,,CRPC_1898_SEC_98,Section 98,"Search of house suspected to contain stolen property, forged documents, etc","{""federal"": ""in_force"", ""punjab"": ""in_force"", ""sindh"": ""in_force"", ""kp"": ""in_force"", ""balochistan"": ""in_force""}",,"Pakistan Code (pakistancode.gov.pk), Act No. V of 1898; https://pakistancode.gov.pk/pdffiles/administrator7db1e56f0f1d39a6e67573ec6b0944e2.pdf",2026-09-23
CRPC_1898,"Code of Criminal Procedure, 1898",section,99,,CRPC_1898_SEC_99,Section 99,Disposal of things found in search beyond jurisdiction,"{""federal"": ""in_force"", ""punjab"": ""in_force"", ""sindh"": ""in_force"", ""kp"": ""in_force"", ""balochistan"": ""in_force""}",,"Pakistan Code (pakistancode.gov.pk), Act No. V of 1898; https://pakistancode.gov.pk/pdffiles/administrator7db1e56f0f1d39a6e67573ec6b0944e2.pdf",2026-09-23
CRPC_1898,"Code of Criminal Procedure, 1898",section,99A,,CRPC_1898_SEC_99A,Section 99A,Power to declare certain publications forfeited and to issue search-warrants for the same,"{""federal"": ""in_force"", ""punjab"": ""in_force"", ""sindh"": ""in_force"", ""kp"": ""in_force"", ""balochistan"": ""in_force""}",,"Pakistan Code (pakistancode.gov.pk), Act No. V of 1898; https://pakistancode.gov.pk/pdffiles/administrator7db1e56f0f1d39a6e67573ec6b0944e2.pdf",2026-09-23
CRPC_1898,"Code of Criminal Procedure, 1898",section,99B,,CRPC_1898_SEC_99B,Section 99B,Application to High Court to set aside order of forfeiture,"{""federal"": ""in_force"", ""punjab"": ""in_force"", ""sindh"": ""in_force"", ""kp"": ""in_force"", ""balochistan"": ""in_force""}",,"Pakistan Code (pakistancode.gov.pk), Act No. V of 1898; https://pakistancode.gov.pk/pdffiles/administrator7db1e56f0f1d39a6e67573ec6b0944e2.pdf",2026-09-23
CRPC_1898,"Code of Criminal Procedure, 1898",section,99C,,CRPC_1898_SEC_99C,Section 99C,[Omitted],"{""federal"": ""omitted"", ""punjab"": ""omitted"", ""sindh"": ""omitted"", ""kp"": ""omitted"", ""balochistan"": ""omitted""}",,"Pakistan Code (pakistancode.gov.pk), Act No. V of 1898; https://pakistancode.gov.pk/pdffiles/administrator7db1e56f0f1d39a6e67573ec6b0944e2.pdf",2026-09-23
CRPC_1898,"Code of Criminal Procedure, 1898",section,99D,,CRPC_1898_SEC_99D,Section 99D,Order of High Court setting aside forfeiture,"{""federal"": ""in_force"", ""punjab"": ""in_force"", ""sindh"": ""in_force"", ""kp"": ""in_force"", ""balochistan"": ""in_force""}",,"Pakistan Code (pakistancode.gov.pk), Act No. V of 1898; https://pakistancode.gov.pk/pdffiles/administrator7db1e56f0f1d39a6e67573ec6b0944e2.pdf",2026-09-23
CRPC_1898,"Code of Criminal Procedure, 1898",section,99E,,CRPC_1898_SEC_99E,Section 99E,Evidence to prove nature or tendency of newspapers,"{""federal"": ""in_force"", ""punjab"": ""in_force"", ""sindh"": ""in_force"", ""kp"": ""in_force"", ""balochistan"": ""in_force""}",,"Pakistan Code (pakistancode.gov.pk), Act No. V of 1898; https://pakistancode.gov.pk/pdffiles/administrator7db1e56f0f1d39a6e67573ec6b0944e2.pdf",2026-09-23
CRPC_1898,"Code of Criminal Procedure, 1898",section,99F,,CRPC_1898_SEC_99F,Section 99F,Procedure in High Court,"{""federal"": ""in_force"", ""punjab"": ""in_force"", ""sindh"": ""in_force"", ""kp"": ""in_force"", ""balochistan"": ""in_force""}",,"Pakistan Code (pakistancode.gov.pk), Act No. V of 1898; https://pakistancode.gov.pk/pdffiles/administrator7db1e56f0f1d39a6e67573ec6b0944e2.pdf",2026-09-23
CRPC_1898,"Code of Criminal Procedure, 1898",section,99G,,CRPC_1898_SEC_99G,Section 99G,Jurisdiction barred,"{""federal"": ""in_force"", ""punjab"": ""in_force"", ""sindh"": ""in_force"", ""kp"": ""in_force"", ""balochistan"": ""in_force""}",,"Pakistan Code (pakistancode.gov.pk), Act No. V of 1898; https://pakistancode.gov.pk/pdffiles/administrator7db1e56f0f1d39a6e67573ec6b0944e2.pdf",2026-09-23
CRPC_1898,"Code of Criminal Procedure, 1898",section,100,,CRPC_1898_SEC_100,Section 100,Search for persons wrongfully confined,"{""federal"": ""in_force"", ""punjab"": ""in_force"", ""sindh"": ""in_force"", ""kp"": ""in_force"", ""balochistan"": ""in_force""}",,"Pakistan Code (pakistancode.gov.pk), Act No. V of 1898; https://pakistancode.gov.pk/pdffiles/administrator7db1e56f0f1d39a6e67573ec6b0944e2.pdf",2026-09-23
CRPC_1898,"Code of Criminal Procedure, 1898",section,101,,CRPC_1898_SEC_101,Section 101,"Direction, etc., of search-warrants","{""federal"": ""in_force"", ""punjab"": ""in_force"", ""sindh"": ""in_force"", ""kp"": ""in_force"", ""balochistan"": ""in_force""}",,"Pakistan Code (pakistancode.gov.pk), Act No. V of 1898; https://pakistancode.gov.pk/pdffiles/administrator7db1e56f0f1d39a6e67573ec6b0944e2.pdf",2026-09-23
CRPC_1898,"Code of Criminal Procedure, 1898",section,102,,CRPC_1898_SEC_102,Section 102,Persons in charge of closed place to allow search,"{""federal"": ""in_force"", ""punjab"": ""in_force"", ""sindh"": ""in_force"", ""kp"": ""in_force"", ""balochistan"": ""in_force""}",,"Pakistan Code (pakistancode.gov.pk), Act No. V of 1898; https://pakistancode.gov.pk/pdffiles/administrator7db1e56f0f1d39a6e67573ec6b0944e2.pdf",2026-09-23
CRPC_1898,"Code of Criminal Procedure, 1898",section,103,,CRPC_1898_SEC_103,Section 103,Search to be made in presence of witnesses,"{""federal"": ""in_force"", ""punjab"": ""in_force"", ""sindh"": ""in_force"", ""kp"": ""in_force"", ""balochistan"": ""in_force""}",,"Pakistan Code (pakistancode.gov.pk), Act No. V of 1898; https://pakistancode.gov.pk/pdffiles/administrator7db1e56f0f1d39a6e67573ec6b0944e2.pdf",2026-09-23
CRPC_1898,"Code of Criminal Procedure, 1898",section,104,,CRPC_1898_SEC_104,Section 104,"Power to impound document, etc., produced","{""federal"": ""in_force"", ""punjab"": ""in_force"", ""sindh"": ""in_force"", ""kp"": ""in_force"", ""balochistan"": ""in_force""}",,"Pakistan Code (pakistancode.gov.pk), Act No. V of 1898; https://pakistancode.gov.pk/pdffiles/administrator7db1e56f0f1d39a6e67573ec6b0944e2.pdf",2026-09-23
CRPC_1898,"Code of Criminal Procedure, 1898",section,105,,CRPC_1898_SEC_105,Section 105,Magistrate may direct search in his presence,"{""federal"": ""in_force"", ""punjab"": ""in_force"", ""sindh"": ""in_force"", ""kp"": ""in_force"", ""balochistan"": ""in_force""}",,"Pakistan Code (pakistancode.gov.pk), Act No. V of 1898; https://pakistancode.gov.pk/pdffiles/administrator7db1e56f0f1d39a6e67573ec6b0944e2.pdf",2026-09-23
CRPC_1898,"Code of Criminal Procedure, 1898",section,106,,CRPC_1898_SEC_106,Section 106,Security for keeping the peace on conviction,"{""federal"": ""in_force"", ""punjab"": ""in_force"", ""sindh"": ""in_force"", ""kp"": ""in_force"", ""balochistan"": ""in_force""}",,"Pakistan Code (pakistancode.gov.pk), Act No. V of 1898; https://pakistancode.gov.pk/pdffiles/administrator7db1e56f0f1d39a6e67573ec6b0944e2.pdf",2026-09-23
CRPC_1898,"Code of Criminal Procedure, 1898",section,107,,CRPC_1898_SEC_107,Section 107,Security for keeping the peace in other cases,"{""federal"": ""in_force"", ""punjab"": ""in_force"", ""sindh"": ""in_force"", ""kp"": ""in_force"", ""balochistan"": ""in_force""}",,"Pakistan Code (pakistancode.gov.pk), Act No. V of 1898; https://pakistancode.gov.pk/pdffiles/administrator7db1e56f0f1d39a6e67573ec6b0944e2.pdf",2026-09-23
CRPC_1898,"Code of Criminal Procedure, 1898",section,108,,CRPC_1898_SEC_108,Section 108,Security for good behaviour from persons disseminating seditious matter,"{""federal"": ""in_force"", ""punjab"": ""in_force"", ""sindh"": ""in_force"", ""kp"": ""in_force"", ""balochistan"": ""in_force""}",,"Pakistan Code (pakistancode.gov.pk), Act No. V of 1898; https://pakistancode.gov.pk/pdffiles/administrator7db1e56f0f1d39a6e67573ec6b0944e2.pdf",2026-09-23
CRPC_1898,"Code of Criminal Procedure, 1898",section,109,,CRPC_1898_SEC_109,Section 109,Security for good behaviour from vagrants and suspected persons,"{""federal"": ""in_force"", ""punjab"": ""in_force"", ""sindh"": ""in_force"", ""kp"": ""in_force"", ""balochistan"": ""in_force""}",,"Pakistan Code (pakistancode.gov.pk), Act No. V of 1898; https://pakistancode.gov.pk/pdffiles/administrator7db1e56f0f1d39a6e67573ec6b0944e2.pdf",2026-09-23
CRPC_1898,"Code of Criminal Procedure, 1898",section,110,,CRPC_1898_SEC_110,Section 110,Security for good behaviour from habitual offenders,"{""federal"": ""in_force"", ""punjab"": ""in_force"", ""sindh"": ""in_force"", ""kp"": ""in_force"", ""balochistan"": ""in_force""}",,"Pakistan Code (pakistancode.gov.pk), Act No. V of 1898; https://pakistancode.gov.pk/pdffiles/administrator7db1e56f0f1d39a6e67573ec6b0944e2.pdf",2026-09-23
CRPC_1898,"Code of Criminal Procedure, 1898",section,111,,CRPC_1898_SEC_111,Section 111,[Repealed],"{""federal"": ""repealed"", ""punjab"": ""repealed"", ""sindh"": ""repealed"", ""kp"": ""repealed"", ""balochistan"": ""repealed""}",,"Pakistan Code (pakistancode.gov.pk), Act No. V of 1898; https://pakistancode.gov.pk/pdffiles/administrator7db1e56f0f1d39a6e67573ec6b0944e2.pdf",2026-09-23
CRPC_1898,"Code of Criminal Procedure, 1898",section,112,,CRPC_1898_SEC_112,Section 112,Order to be made,"{""federal"": ""in_force"", ""punjab"": ""in_force"", ""sindh"": ""in_force"", ""kp"": ""in_force"", ""balochistan"": ""in_force""}",,"Pakistan Code (pakistancode.gov.pk), Act No. V of 1898; https://pakistancode.gov.pk/pdffiles/administrator7db1e56f0f1d39a6e67573ec6b0944e2.pdf",2026-09-23
CRPC_1898,"Code of Criminal Procedure, 1898",section,113,,CRPC_1898_SEC_113,Section 113,Procedure in respect of person present in court,"{""federal"": ""in_force"", ""punjab"": ""in_force"", ""sindh"": ""in_force"", ""kp"": ""in_force"", ""balochistan"": ""in_force""}",,"Pakistan Code (pakistancode.gov.pk), Act No. V of 1898; https://pakistancode.gov.pk/pdffiles/administrator7db1e56f0f1d39a6e67573ec6b0944e2.pdf",2026-09-23
CRPC_1898,"Code of Criminal Procedure, 1898",section,114,,CRPC_1898_SEC_114,Section 114,Summons or warrant in case of person not so present,"{""federal"": ""in_force"", ""punjab"": ""in_force"", ""sindh"": ""in_force"", ""kp"": ""in_force"", ""balochistan"": ""in_force""}",,"Pakistan Code (pakistancode.gov.pk), Act No. V of 1898; https://pakistancode.gov.pk/pdffiles/administrator7db1e56f0f1d39a6e67573ec6b0944e2.pdf",2026-09-23
CRPC_1898,"Code of Criminal Procedure, 1898",section,115,,CRPC_1898_SEC_115,Section 115,Copy of order under section 112 to accompany summons or warrant,"{""federal"": ""in_force"", ""punjab"": ""in_force"", ""sindh"": ""in_force"", ""kp"": ""in_force"", ""balochistan"": ""in_force""}",,"Pakistan Code (pakistancode.gov.pk), Act No. V of 1898; https://pakistancode.gov.pk/pdffiles/administrator7db1e56f0f1d39a6e67573ec6b0944e2.pdf",2026-09-23
CRPC_1898,"Code of Criminal Procedure, 1898",section,116,,CRPC_1898_SEC_116,Section 116,Power to dispense with personal attendance,"{""federal"": ""in_force"", ""punjab"": ""in_force"", ""sindh"": ""in_force"", ""kp"": ""in_force"", ""balochistan"": ""in_force""}",,"Pakistan Code (pakistancode.gov.pk), Act No. V of 1898; https://pakistancode.gov.pk/pdffiles/administrator7db1e56f0f1d39a6e67573ec6b0944e2.pdf",2026-09-23
CRPC_1898,"Code of Criminal Procedure, 1898",section,117,,CRPC_1898_SEC_117,Section 117,Inquiry as to truth of information,"{""federal"": ""in_force"", ""punjab"": ""in_force"", ""sindh"": ""in_force"", ""kp"": ""in_force"", ""balochistan"": ""in_force""}",,"Pakistan Code (pakistancode.gov.pk), Act No. V of 1898; https://pakistancode.gov.pk/pdffiles/administrator7db1e56f0f1d39a6e67573ec6b0944e2.pdf",2026-09-23
CRPC_1898,"Code of Criminal Procedure, 1898",section,118,,CRPC_1898_SEC_118,Section 118,Order to give security,"{""federal"": ""in_force"", ""punjab"": ""in_force"", ""sindh"": ""in_force"", ""kp"": ""in_force"", ""balochistan"": ""in_force""}",,"Pakistan Code (pakistancode.gov.pk), Act No. V of 1898; https://pakistancode.gov.pk/pdffiles/administrator7db1e56f0f1d39a6e67573ec6b0944e2.pdf",2026-09-23
CRPC_1898,"Code of Criminal Procedure, 1898",section,119,,CRPC_1898_SEC_119,Section 119,Discharge of person informed against,"{""federal"": ""in_force"", ""punjab"": ""in_force"", ""sindh"": ""in_force"", ""kp"": ""in_force"", ""balochistan"": ""in_force""}",,"Pakistan Code (pakistancode.gov.pk), Act No. V of 1898; https://pakistancode.gov.pk/pdffiles/administrator7db1e56f0f1d39a6e67573ec6b0944e2.pdf",2026-09-23
CRPC_1898,"Code of Criminal Procedure, 1898",section,120,,CRPC_1898_SEC_120,Section 120,Commencement of period for which security is required,"{""federal"": ""in_force"", ""punjab"": ""in_force"", ""sindh"": ""in_force"", ""kp"": ""in_force"", ""balochistan"": ""in_force""}",,"Pakistan Code (pakistancode.gov.pk), Act No. V of 1898; https://pakistancode.gov.pk/pdffiles/administrator7db1e56f0f1d39a6e67573ec6b0944e2.pdf",2026-09-23
CRPC_1898,"Code of Criminal Procedure, 1898",section,121,,CRPC_1898_SEC_121,Section 121,Contents of bond,"{""federal"": ""in_force"", ""punjab"": ""in_force"", ""sindh"": ""in_force"", ""kp"": ""in_force"", ""balochistan"": ""in_force""}",,"Pakistan Code (pakistancode.gov.pk), Act No. V of 1898; https://pakistancode.gov.pk/pdffiles/administrator7db1e56f0f1d39a6e67573ec6b0944e2.pdf",2026-09-23
CRPC_1898,"Code of Criminal Procedure, 1898",section,122,,CRPC_1898_SEC_122,Section 122,Power to reject sureties,"{""federal"": ""in_force"", ""punjab"": ""in_force"", ""sindh"": ""in_force"", ""kp"": ""in_force"", ""balochistan"": ""in_force""}",,"Pakistan Code (pakistancode.gov.pk), Act No. V of 1898; https://pakistancode.gov.pk/pdffiles/administrator7db1e56f0f1d39a6e67573ec6b0944e2.pdf",2026-09-23
CRPC_1898,"Code of Criminal Procedure, 1898",section,123,,CRPC_1898_SEC_123,Section 123,Imprisonment in default of security,"{""federal"": ""in_force"", ""punjab"": ""in_force"", ""sindh"": ""in_force"", ""kp"": ""in_force"", ""balochistan"": ""in_force""}",,"Pakistan Code (pakistancode.gov.pk), Act No. V of 1898; https://pakistancode.gov.pk/pdffiles/administrator7db1e56f0f1d39a6e67573ec6b0944e2.pdf",2026-09-23
CRPC_1898,"Code of Criminal Procedure, 1898",section,124,,CRPC_1898_SEC_124,Section 124,Power to release persons imprisoned for failing to give security,"{""federal"": ""in_force"", ""punjab"": ""in_force"", ""sindh"": ""in_force"", ""kp"": ""in_force"", ""balochistan"": ""in_force""}",,"Pakistan Code (pakistancode.gov.pk), Act No. V of 1898; https://pakistancode.gov.pk/pdffiles/administrator7db1e56f0f1d39a6e67573ec6b0944e2.pdf",2026-09-23
CRPC_1898,"Code of Criminal Procedure, 1898",section,125,,CRPC_1898_SEC_125,Section 125,Power to District Magistrate to cancel any bond for keeping the peace or good behaviour,"{""federal"": ""in_force"", ""punjab"": ""in_force"", ""sindh"": ""in_force"", ""kp"": ""in_force"", ""balochistan"": ""in_force""}",,"Pakistan Code (pakistancode.gov.pk), Act No. V of 1898; https://pakistancode.gov.pk/pdffiles/administrator7db1e56f0f1d39a6e67573ec6b0944e2.pdf",2026-09-23
CRPC_1898,"Code of Criminal Procedure, 1898",section,126,,CRPC_1898_SEC_126,Section 126,Discharge of sureties,"{""federal"": ""in_force"", ""punjab"": ""in_force"", ""sindh"": ""in_force"", ""kp"": ""in_force"", ""balochistan"": ""in_force""}",,"Pakistan Code (pakistancode.gov.pk), Act No. V of 1898; https://pakistancode.gov.pk/pdffiles/administrator7db1e56f0f1d39a6e67573ec6b0944e2.pdf",2026-09-23
CRPC_1898,"Code of Criminal Procedure, 1898",section,126A,,CRPC_1898_SEC_126A,Section 126A,Security for unexpired period of bond,"{""federal"": ""in_force"", ""punjab"": ""in_force"", ""sindh"": ""in_force"", ""kp"": ""in_force"", ""balochistan"": ""in_force""}",,"Pakistan Code (pakistancode.gov.pk), Act No. V of 1898; https://pakistancode.gov.pk/pdffiles/administrator7db1e56f0f1d39a6e67573ec6b0944e2.pdf",2026-09-23
CRPC_1898,"Code of Criminal Procedure, 1898",section,127,,CRPC_1898_SEC_127,Section 127,Assembly to disperse on command of Magistrate or police­officer,"{""federal"": ""in_force"", ""punjab"": ""in_force"", ""sindh"": ""in_force"", ""kp"": ""in_force"", ""balochistan"": ""in_force""}",,"Pakistan Code (pakistancode.gov.pk), Act No. V of 1898; https://pakistancode.gov.pk/pdffiles/administrator7db1e56f0f1d39a6e67573ec6b0944e2.pdf",2026-09-23
CRPC_1898,"Code of Criminal Procedure, 1898",section,128,,CRPC_1898_SEC_128,Section 128,Use of civil force to disperse,"{""federal"": ""in_force"", ""punjab"": ""in_force"", ""sindh"": ""in_force"", ""kp"": ""in_force"", ""balochistan"": ""in_force""}",,"Pakistan Code (pakistancode.gov.pk), Act No. V of 1898; https://pakistancode.gov.pk/pdffiles/administrator7db1e56f0f1d39a6e67573ec6b0944e2.pdf",2026-09-23
CRPC_1898,"Code of Criminal Procedure, 1898",section,129,,CRPC_1898_SEC_129,Section 129,Use of military force,"{""federal"": ""in_force"", ""punjab"": ""in_force"", ""sindh"": ""in_force"", ""kp"": ""in_force"", ""balochistan"": ""in_force""}",,"Pakistan Code (pakistancode.gov.pk), Act No. V of 1898; https://pakistancode.gov.pk/pdffiles/administrator7db1e56f0f1d39a6e67573ec6b0944e2.pdf",2026-09-23
CRPC_1898,"Code of Criminal Procedure, 1898",section,130,,CRPC_1898_SEC_130,Section 130,Duty of Officer Commanding troops required by Magistrate to disperse assembly,"{""federal"": ""in_force"", ""punjab"": ""in_force"", ""sindh"": ""in_force"", ""kp"": ""in_force"", ""balochistan"": ""in_force""}",,"Pakistan Code (pakistancode.gov.pk), Act No. V of 1898; https://pakistancode.gov.pk/pdffiles/administrator7db1e56f0f1d39a6e67573ec6b0944e2.pdf",2026-09-23
CRPC_1898,"Code of Criminal Procedure, 1898",section,131,,CRPC_1898_SEC_131,Section 131,Power of commissioned military officers to disperse assembly,"{""federal"": ""in_force"", ""punjab"": ""in_force"", ""sindh"": ""in_force"", ""kp"": ""in_force"", ""balochistan"": ""in_force""}",,"Pakistan Code (pakistancode.gov.pk), Act No. V of 1898; https://pakistancode.gov.pk/pdffiles/administrator7db1e56f0f1d39a6e67573ec6b0944e2.pdf",2026-09-23
CRPC_1898,"Code of Criminal Procedure, 1898",section,131A,,CRPC_1898_SEC_131A,Section 131A,Power to use military force for public security and maintenance of law and order,"{""federal"": ""in_force"", ""punjab"": ""in_force"", ""sindh"": ""in_force"", ""kp"": ""in_force"", ""balochistan"": ""in_force""}",,"Pakistan Code (pakistancode.gov.pk), Act No. V of 1898; https://pakistancode.gov.pk/pdffiles/administrator7db1e56f0f1d39a6e67573ec6b0944e2.pdf",2026-09-23
CRPC_1898,"Code of Criminal Procedure, 1898",section,132,,CRPC_1898_SEC_132,Section 132,Protection against prosecution for acts done under the chapter,"{""federal"": ""in_force"", ""punjab"": ""in_force"", ""sindh"": ""in_force"", ""kp"": ""in_force"", ""balochistan"": ""in_force""}",,"Pakistan Code (pakistancode.gov.pk), Act No. V of 1898; https://pakistancode.gov.pk/pdffiles/administrator7db1e56f0f1d39a6e67573ec6b0944e2.pdf",2026-09-23
CRPC_1898,"Code of Criminal Procedure, 1898",section,132A,,CRPC_1898_SEC_132A,Section 132A,Definitions,"{""federal"": ""in_force"", ""punjab"": ""in_force"", ""sindh"": ""in_force"", ""kp"": ""in_force"", ""balochistan"": ""in_force""}",,"Pakistan Code (pakistancode.gov.pk), Act No. V of 1898; https://pakistancode.gov.pk/pdffiles/administrator7db1e56f0f1d39a6e67573ec6b0944e2.pdf",2026-09-23
CRPC_1898,"Code of Criminal Procedure, 1898",section,133,,CRPC_1898_SEC_133,Section 133,Conditional order for removal of nuisance,"{""federal"": ""in_force"", ""punjab"": ""in_force"", ""sindh"": ""in_force"", ""kp"": ""in_force"", ""balochistan"": ""in_force""}",,"Pakistan Code (pakistancode.gov.pk), Act No. V of 1898; https://pakistancode.gov.pk/pdffiles/administrator7db1e56f0f1d39a6e67573ec6b0944e2.pdf",2026-09-23
CRPC_1898,"Code of Criminal Procedure, 1898",section,134,,CRPC_1898_SEC_134,Section 134,Service or notification of order,"{""federal"": ""in_force"", ""punjab"": ""in_force"", ""sindh"": ""in_force"", ""kp"": ""in_force"", ""balochistan"": ""in_force""}",,"Pakistan Code (pakistancode.gov.pk), Act No. V of 1898; https://pakistancode.gov.pk/pdffiles/administrator7db1e56f0f1d39a6e67573ec6b0944e2.pdf",2026-09-23
CRPC_1898,"Code of Criminal Procedure, 1898",section,135,,CRPC_1898_SEC_135,Section 135,Person to whom order is addressed to obey or show cause or claim jury,"{""federal"": ""in_force"", ""punjab"": ""in_force"", ""sindh"": ""in_force"", ""kp"": ""in_force"", ""balochistan"": ""in_force""}",,"Pakistan Code (pakistancode.gov.pk), Act No. V of 1898; https://pakistancode.gov.pk/pdffiles/administrator7db1e56f0f1d39a6e67573ec6b0944e2.pdf",2026-09-23
CRPC_1898,"Code of Criminal Procedure, 1898",section,136,,CRPC_1898_SEC_136,Section 136,Consequence of his failing to do so,"{""federal"": ""in_force"", ""punjab"": ""in_force"", ""sindh"": ""in_force"", ""kp"": ""in_force"", ""balochistan"": ""in_force""}",,"Pakistan Code (pakistancode.gov.pk), Act No. V of 1898; https://pakistancode.gov.pk/pdffiles/administrator7db1e56f0f1d39a6e67573ec6b0944e2.pdf",2026-09-23
CRPC_1898,"Code of Criminal Procedure, 1898",section,137,,CRPC_1898_SEC_137,Section 137,Procedure where he appears to show cause,"{""federal"": ""in_force"", ""punjab"": ""in_force"", ""sindh"": ""in_force"", ""kp"": ""in_force"", ""balochistan"": ""in_force""}",,"Pakistan Code (pakistancode.gov.pk), Act No. V of 1898; https://pakistancode.gov.pk/pdffiles/administrator7db1e56f0f1d39a6e67573ec6b0944e2.pdf",2026-09-23
CRPC_1898,"Code of Criminal Procedure, 1898",section,138,,CRPC_1898_SEC_138,Section 138,Procedure where he claims jury,"{""federal"": ""in_force"", ""punjab"": ""in_force"", ""sindh"": ""in_force"", ""kp"": ""in_force"", ""balochistan"": ""in_force""}",,"Pakistan Code (pakistancode.gov.pk), Act No. V of 1898; https://pakistancode.gov.pk/pdffiles/administrator7db1e56f0f1d39a6e67573ec6b0944e2.pdf",2026-09-23
CRPC_1898,"Code of Criminal Procedure, 1898",section,139,,CRPC_1898_SEC_139,Section 139,Procedure where jury finds Magistrate's order to be reasonable,"{""federal"": ""in_force"", ""punjab"": ""in_force"", ""sindh"": ""in_force"", ""kp"": ""in_force"", ""balochistan"": ""in_force""}",,"Pakistan Code (pakistancode.gov.pk), Act No. V of 1898; https://pakistancode.gov.pk/pdffiles/administrator7db1e56f0f1d39a6e67573ec6b0944e2.pdf",2026-09-23
CRPC_1898,"Code of Criminal Procedure, 1898",section,139A,,CRPC_1898_SEC_139A,Section 139A,Procedure where existence of public right is denied,"{""federal"": ""in_force"", ""punjab"": ""in_force"", ""sindh"": ""in_force"", ""kp"": ""in_force"", ""balochistan"": ""in_force""}",,"Pakistan Code (pakistancode.gov.pk), Act No. V of 1898; https://pakistancode.gov.pk/pdffiles/administrator7db1e56f0f1d39a6e67573ec6b0944e2.pdf",2026-09-23
CRPC_1898,"Code of Criminal Procedure, 1898",section,140,,CRPC_1898_SEC_140,Section 140,Procedure on order being made absolute,"{""federal"": ""in_force"", ""punjab"": ""in_force"", ""sindh"": ""in_force"", ""kp"": ""in_force"", ""balochistan"": ""in_force""}",,"Pakistan Code (pakistancode.gov.pk), Act No. V of 1898; https://pakistancode.gov.pk/pdffiles/administrator7db1e56f0f1d39a6e67573ec6b0944e2.pdf",2026-09-23
CRPC_1898,"Code of Criminal Procedure, 1898",section,141,,CRPC_1898_SEC_141,Section 141,Procedure on failure to appoint jury or omission to return verdict,"{""federal"": ""in_force"", ""punjab"": ""in_force"", ""sindh"": ""in_force"", ""kp"": ""in_force"", ""balochistan"": ""in_force""}",,"Pakistan Code (pakistancode.gov.pk), Act No. V of 1898; https://pakistancode.gov.pk/pdffiles/administrator7db1e56f0f1d39a6e67573ec6b0944e2.pdf",2026-09-23
CRPC_1898,"Code of Criminal Procedure, 1898",section,142,,CRPC_1898_SEC_142,Section 142,Injunction pending inquiry,"{""federal"": ""in_force"", ""punjab"": ""in_force"", ""sindh"": ""in_force"", ""kp"": ""in_force"", ""balochistan"": ""in_force""}",,"Pakistan Code (pakistancode.gov.pk), Act No. V of 1898; https://pakistancode.gov.pk/pdffiles/administrator7db1e56f0f1d39a6e67573ec6b0944e2.pdf",2026-09-23
CRPC_1898,"Code of Criminal Procedure, 1898",section,143,,CRPC_1898_SEC_143,Section 143,Magistrate may prohibit repetition or continuance of public nuisance,"{""federal"": ""in_force"", ""punjab"": ""in_force"", ""sindh"": ""in_force"", ""kp"": ""in_force"", ""balochistan"": ""in_force""}",,"Pakistan Code (pakistancode.gov.pk), Act No. V of 1898; https://pakistancode.gov.pk/pdffiles/administrator7db1e56f0f1d39a6e67573ec6b0944e2.pdf",2026-09-23
CRPC_1898,"Code of Criminal Procedure, 1898",section,144,,CRPC_1898_SEC_144,Section 144,Power to issue order absolute at once in urgent cases of nuisance or apprehended danger,"{""federal"": ""in_force"", ""punjab"": ""in_force"", ""sindh"": ""in_force"", ""kp"": ""in_force"", ""balochistan"": ""in_force""}",,"Pakistan Code (pakistancode.gov.pk), Act No. V of 1898; https://pakistancode.gov.pk/pdffiles/administrator7db1e56f0f1d39a6e67573ec6b0944e2.pdf",2026-09-23
CRPC_1898,"Code of Criminal Procedure, 1898",section,145,,CRPC_1898_SEC_145,Section 145,"Procedure where dispute concerning land, etc, is likely to cause breach of peace","{""federal"": ""in_force"", ""punjab"": ""in_force"", ""sindh"": ""in_force"", ""kp"": ""in_force"", ""balochistan"": ""in_force""}",,"Pakistan Code (pakistancode.gov.pk), Act No. V of 1898; https://pakistancode.gov.pk/pdffiles/administrator7db1e56f0f1d39a6e67573ec6b0944e2.pdf",2026-09-23
CRPC_1898,"Code of Criminal Procedure, 1898",section,146,,CRPC_1898_SEC_146,Section 146,Power to attach subject of dispute,"{""federal"": ""in_force"", ""punjab"": ""in_force"", ""sindh"": ""in_force"", ""kp"": ""in_force"", ""balochistan"": ""in_force""}",,"Pakistan Code (pakistancode.gov.pk), Act No. V of 1898; https://pakistancode.gov.pk/pdffiles/administrator7db1e56f0f1d39a6e67573ec6b0944e2.pdf",2026-09-23
CRPC_1898,"Code of Criminal Procedure, 1898",section,147,,CRPC_1898_SEC_147,Section 147,"Disputes concerning rights of use of immovable property, etc","{""federal"": ""in_force"", ""punjab"": ""in_force"", ""sindh"": ""in_force"", ""kp"": ""in_force"", ""balochistan"": ""in_force""}",,"Pakistan Code (pakistancode.gov.pk), Act No. V of 1898; https://pakistancode.gov.pk/pdffiles/administrator7db1e56f0f1d39a6e67573ec6b0944e2.pdf",2026-09-23
CRPC_1898,"Code of Criminal Procedure, 1898",section,148,,CRPC_1898_SEC_148,Section 148,Local inquiry,"{""federal"": ""in_force"", ""punjab"": ""in_force"", ""sindh"": ""in_force"", ""kp"": ""in_force"", ""balochistan"": ""in_force""}",,"Pakistan Code (pakistancode.gov.pk), Act No. V of 1898; https://pakistancode.gov.pk/pdffiles/administrator7db1e56f0f1d39a6e67573ec6b0944e2.pdf",2026-09-23
CRPC_1898,"Code of Criminal Procedure, 1898",section,149,,CRPC_1898_SEC_149,Section 149,Police to prevent cognizable offences,"{""federal"": ""in_force"", ""punjab"": ""in_force"", ""sindh"": ""in_force"", ""kp"": ""in_force"", ""balochistan"": ""in_force""}",,"Pakistan Code (pakistancode.gov.pk), Act No. V of 1898; https://pakistancode.gov.pk/pdffiles/administrator7db1e56f0f1d39a6e67573ec6b0944e2.pdf",2026-09-23
CRPC_1898,"Code of Criminal Procedure, 1898",section,150,,CRPC_1898_SEC_150,Section 150,Information of design to commit such offences,"{""federal"": ""in_force"", ""punjab"": ""in_force"", ""sindh"": ""in_force"", ""kp"": ""in_force"", ""balochistan"": ""in_force""}",,"Pakistan Code (pakistancode.gov.pk), Act No. V of 1898; https://pakistancode.gov.pk/pdffiles/administrator7db1e56f0f1d39a6e67573ec6b0944e2.pdf",2026-09-23
CRPC_1898,"Code of Criminal Procedure, 1898",section,151,,CRPC_1898_SEC_151,Section 151,Arrest to prevent such offences,"{""federal"": ""in_force"", ""punjab"": ""in_force"", ""sindh"": ""in_force"", ""kp"": ""in_force"", ""balochistan"": ""in_force""}",,"Pakistan Code (pakistancode.gov.pk), Act No. V of 1898; https://pakistancode.gov.pk/pdffiles/administrator7db1e56f0f1d39a6e67573ec6b0944e2.pdf",2026-09-23
CRPC_1898,"Code of Criminal Procedure, 1898",section,152,,CRPC_1898_SEC_152,Section 152,Prevention of injury to public property,"{""federal"": ""in_force"", ""punjab"": ""in_force"", ""sindh"": ""in_force"", ""kp"": ""in_force"", ""balochistan"": ""in_force""}",,"Pakistan Code (pakistancode.gov.pk), Act No. V of 1898; https://pakistancode.gov.pk/pdffiles/administrator7db1e56f0f1d39a6e67573ec6b0944e2.pdf",2026-09-23
CRPC_1898,"Code of Criminal Procedure, 1898",section,153,,CRPC_1898_SEC_153,Section 153,Inspection of weights and measures,"{""federal"": ""in_force"", ""punjab"": ""in_force"", ""sindh"": ""in_force"", ""kp"": ""in_force"", ""balochistan"": ""in_force""}",,"Pakistan Code (pakistancode.gov.pk), Act No. V of 1898; https://pakistancode.gov.pk/pdffiles/administrator7db1e56f0f1d39a6e67573ec6b0944e2.pdf",2026-09-23
CRPC_1898,"Code of Criminal Procedure, 1898",section,154,,CRPC_1898_SEC_154,Section 154,Information in cognizable cases,"{""federal"": ""in_force"", ""punjab"": ""in_force"", ""sindh"": ""in_force"", ""kp"": ""in_force"", ""balochistan"": ""in_force""}",,"Pakistan Code (pakistancode.gov.pk), Act No. V of 1898; https://pakistancode.gov.pk/pdffiles/administrator7db1e56f0f1d39a6e67573ec6b0944e2.pdf",2026-09-23
CRPC_1898,"Code of Criminal Procedure, 1898",section,155,,CRPC_1898_SEC_155,Section 155,Information in non-cognizable cases,"{""federal"": ""in_force"", ""punjab"": ""in_force"", ""sindh"": ""in_force"", ""kp"": ""in_force"", ""balochistan"": ""in_force""}",,"Pakistan Code (pakistancode.gov.pk), Act No. V of 1898; https://pakistancode.gov.pk/pdffiles/administrator7db1e56f0f1d39a6e67573ec6b0944e2.pdf",2026-09-23
CRPC_1898,"Code of Criminal Procedure, 1898",section,156,,CRPC_1898_SEC_156,Section 156,Investigation into cognizable cases,"{""federal"": ""in_force"", ""punjab"": ""in_force"", ""sindh"": ""in_force"", ""kp"": ""in_force"", ""balochistan"": ""in_force""}",,"Pakistan Code (pakistancode.gov.pk), Act No. V of 1898; https://pakistancode.gov.pk/pdffiles/administrator7db1e56f0f1d39a6e67573ec6b0944e2.pdf",2026-09-23
CRPC_1898,"Code of Criminal Procedure, 1898",section,156A,,CRPC_1898_SEC_156A,Section 156A,"Investigation of offence under section 295C, Pakistan Penal Code","{""federal"": ""in_force"", ""punjab"": ""in_force"", ""sindh"": ""in_force"", ""kp"": ""in_force"", ""balochistan"": ""in_force""}",,"Pakistan Code (pakistancode.gov.pk), Act No. V of 1898; https://pakistancode.gov.pk/pdffiles/administrator7db1e56f0f1d39a6e67573ec6b0944e2.pdf",2026-09-23
CRPC_1898,"Code of Criminal Procedure, 1898",section,156B,,CRPC_1898_SEC_156B,Section 156B,Investigation against a women accused of the offence of zina,"{""federal"": ""in_force"", ""punjab"": ""in_force"", ""sindh"": ""in_force"", ""kp"": ""in_force"", ""balochistan"": ""in_force""}",,"Pakistan Code (pakistancode.gov.pk), Act No. V of 1898; https://pakistancode.gov.pk/pdffiles/administrator7db1e56f0f1d39a6e67573ec6b0944e2.pdf",2026-09-23
CRPC_1898,"Code of Criminal Procedure, 1898",section,157,,CRPC_1898_SEC_157,Section 157,Procedure where cognizable offence suspected,"{""federal"": ""in_force"", ""punjab"": ""in_force"", ""sindh"": ""in_force"", ""kp"": ""in_force"", ""balochistan"": ""in_force""}",,"Pakistan Code (pakistancode.gov.pk), Act No. V of 1898; https://pakistancode.gov.pk/pdffiles/administrator7db1e56f0f1d39a6e67573ec6b0944e2.pdf",2026-09-23
CRPC_1898,"Code of Criminal Procedure, 1898",section,158,,CRPC_1898_SEC_158,Section 158,Reports under section 157 how submitted,"{""federal"": ""in_force"", ""punjab"": ""in_force"", ""sindh"": ""in_force"", ""kp"": ""in_force"", ""balochistan"": ""in_force""}",,"Pakistan Code (pakistancode.gov.pk), Act No. V of 1898; https://pakistancode.gov.pk/pdffiles/administrator7db1e56f0f1d39a6e67573ec6b0944e2.pdf",2026-09-23
CRPC_1898,"Code of Criminal Procedure, 1898",section,159,,CRPC_1898_SEC_159,Section 159,Power to hold investigation of preliminary inquiry,"{""federal"": ""in_force"", ""punjab"": ""in_force"", ""sindh"": ""in_force"", ""kp"": ""in_force"", ""balochistan"": ""in_force""}",,"Pakistan Code (pakistancode.gov.pk), Act No. V of 1898; https://pakistancode.gov.pk/pdffiles/administrator7db1e56f0f1d39a6e67573ec6b0944e2.pdf",2026-09-23
CRPC_1898,"Code of Criminal Procedure, 1898",section,160,,CRPC_1898_SEC_160,Section 160,Police-officer's power to require attendance of witnesses,"{""federal"": ""in_force"", ""punjab"": ""in_force"", ""sindh"": ""in_force"", ""kp"": ""in_force"", ""balochistan"": ""in_force""}",,"Pakistan Code (pakistancode.gov.pk), Act No. V of 1898; https://pakistancode.gov.pk/pdffiles/administrator7db1e56f0f1d39a6e67573ec6b0944e2.pdf",2026-09-23
CRPC_1898,"Code of Criminal Procedure, 1898",section,161,,CRPC_1898_SEC_161,Section 161,Examination of witnesses by police,"{""federal"": ""in_force"", ""punjab"": ""in_force"", ""sindh"": ""in_force"", ""kp"": ""in_force"", ""balochistan"": ""in_force""}",,"Pakistan Code (pakistancode.gov.pk), Act No. V of 1898; https://pakistancode.gov.pk/pdffiles/administrator7db1e56f0f1d39a6e67573ec6b0944e2.pdf",2026-09-23
CRPC_1898,"Code of Criminal Procedure, 1898",section,161A,,CRPC_1898_SEC_161A,Section 161A,"Legal representation of victim of rape, etc.","{""federal"": ""in_force"", ""punjab"": ""in_force"", ""sindh"": ""in_force"", ""kp"": ""in_force"", ""balochistan"": ""in_force""}",,"Pakistan Code (pakistancode.gov.pk), Act No. V of 1898; https://pakistancode.gov.pk/pdffiles/administrator7db1e56f0f1d39a6e67573ec6b0944e2.pdf",2026-09-23
CRPC_1898,"Code of Criminal Procedure, 1898",section,162,,CRPC_1898_SEC_162,Section 162,Statement to police not to be signed; use of such statements in evidence,"{""federal"": ""in_force"", ""punjab"": ""in_force"", ""sindh"": ""in_force"", ""kp"": ""in_force"", ""balochistan"": ""in_force""}",,"Pakistan Code (pakistancode.gov.pk), Act No. V of 1898; https://pakistancode.gov.pk/pdffiles/administrator7db1e56f0f1d39a6e67573ec6b0944e2.pdf",2026-09-23
CRPC_1898,"Code of Criminal Procedure, 1898",section,163,,CRPC_1898_SEC_163,Section 163,No inducement to be offered,"{""federal"": ""in_force"", ""punjab"": ""in_force"", ""sindh"": ""in_force"", ""kp"": ""in_force"", ""balochistan"": ""in_force""}",,"Pakistan Code (pakistancode.gov.pk), Act No. V of 1898; https://pakistancode.gov.pk/pdffiles/administrator7db1e56f0f1d39a6e67573ec6b0944e2.pdf",2026-09-23
CRPC_1898,"Code of Criminal Procedure, 1898",section,164,,CRPC_1898_SEC_164,Section 164,Power to record statements and confessions,"{""federal"": ""in_force"", ""punjab"": ""in_force"", ""sindh"": ""in_force"", ""kp"": ""in_force"", ""balochistan"": ""in_force""}",,"Pakistan Code (pakistancode.gov.pk), Act No. V of 1898; https://pakistancode.gov.pk/pdffiles/administrator7db1e56f0f1d39a6e67573ec6b0944e2.pdf",2026-09-23
CRPC_1898,"Code of Criminal Procedure, 1898",section,164A,,CRPC_1898_SEC_164A,Section 164A,"Medical examination of victim of rape, etc.","{""federal"": ""in_force"", ""punjab"": ""in_force"", ""sindh"": ""in_force"", ""kp"": ""in_force"", ""balochistan"": ""in_force""}",,"Pakistan Code (pakistancode.gov.pk), Act No. V of 1898; https://pakistancode.gov.pk/pdffiles/administrator7db1e56f0f1d39a6e67573ec6b0944e2.pdf",2026-09-23
CRPC_1898,"Code of Criminal Procedure, 1898",section,164B,,CRPC_1898_SEC_164B,Section 164B,DNA test,"{""federal"": ""in_force"", ""punjab"": ""in_force"", ""sindh"": ""in_force"", ""kp"": ""in_force"", ""balochistan"": ""in_force""}",,"Pakistan Code (pakistancode.gov.pk), Act No. V of 1898; https://pakistancode.gov.pk/pdffiles/administrator7db1e56f0f1d39a6e67573ec6b0944e2.pdf",2026-09-23
CRPC_1898,"Code of Criminal Procedure, 1898",section,165,,CRPC_1898_SEC_165,Section 165,Search by police-officer,"{""federal"": ""in_force"", ""punjab"": ""in_force"", ""sindh"": ""in_force"", ""kp"": ""in_force"", ""balochistan"": ""in_force""}",,"Pakistan Code (pakistancode.gov.pk), Act No. V of 1898; https://pakistancode.gov.pk/pdffiles/administrator7db1e56f0f1d39a6e67573ec6b0944e2.pdf",2026-09-23
CRPC_1898,"Code of Criminal Procedure, 1898",section,166,,CRPC_1898_SEC_166,Section 166,When officer incharge of police-station may require another to issue search warrant,"{""federal"": ""in_force"", ""punjab"": ""in_force"", ""sindh"": ""in_force"", ""kp"": ""in_force"", ""balochistan"": ""in_force""}",,"Pakistan Code (pakistancode.gov.pk), Act No. V of 1898; https://pakistancode.gov.pk/pdffiles/administrator7db1e56f0f1d39a6e67573ec6b0944e2.pdf",2026-09-23
CRPC_1898,"Code of Criminal Procedure, 1898",section,167,,CRPC_1898_SEC_167,Section 167,Procedure when investigation cannot be completed in twenty-four hours,"{""federal"": ""in_force"", ""punjab"": ""in_force"", ""sindh"": ""in_force"", ""kp"": ""in_force"", ""balochistan"": ""in_force""}",,"Pakistan Code (pakistancode.gov.pk), Act No. V of 1898; https://pakistancode.gov.pk/pdffiles/administrator7db1e56f0f1d39a6e67573ec6b0944e2.pdf",2026-09-23
CRPC_1898,"Code of Criminal Procedure, 1898",section,168,,CRPC_1898_SEC_168,Section 168,Report of investigation by sub-ordinate police-officer,"{""federal"": ""in_force"", ""punjab"": ""in_force"", ""sindh"": ""in_force"", ""kp"": ""in_force"", ""balochistan"": ""in_force""}",,"Pakistan Code (pakistancode.gov.pk), Act No. V of 1898; https://pakistancode.gov.pk/pdffiles/administrator7db1e56f0f1d39a6e67573ec6b0944e2.pdf",2026-09-23
CRPC_1898,"Code of Criminal Procedure, 1898",section,169,,CRPC_1898_SEC_169,Section 169,Release of accused when evidence deficient,"{""federal"": ""in_force"", ""punjab"": ""in_force"", ""sindh"": ""in_force"", ""kp"": ""in_force"", ""balochistan"": ""in_force""}",,"Pakistan Code (pakistancode.gov.pk), Act No. V of 1898; https://pakistancode.gov.pk/pdffiles/administrator7db1e56f0f1d39a6e67573ec6b0944e2.pdf",2026-09-23
CRPC_1898,"Code of Criminal Procedure, 1898",section,170,,CRPC_1898_SEC_170,Section 170,Case to be sent to magistrate when evidence is sufficient,"{""federal"": ""in_force"", ""punjab"": ""in_force"", ""sindh"": ""in_force"", ""kp"": ""in_force"", ""balochistan"": ""in_force""}",,"Pakistan Code (pakistancode.gov.pk), Act No. V of 1898; https://pakistancode.gov.pk/pdffiles/administrator7db1e56f0f1d39a6e67573ec6b0944e2.pdf",2026-09-23
CRPC_1898,"Code of Criminal Procedure, 1898",section,171,,CRPC_1898_SEC_171,Section 171,Complaints and witnesses not to be required to accompany police-officer,"{""federal"": ""in_force"", ""punjab"": ""in_force"", ""sindh"": ""in_force"", ""kp"": ""in_force"", ""balochistan"": ""in_force""}",,"Pakistan Code (pakistancode.gov.pk), Act No. V of 1898; https://pakistancode.gov.pk/pdffiles/administrator7db1e56f0f1d39a6e67573ec6b0944e2.pdf",2026-09-23
CRPC_1898,"Code of Criminal Procedure, 1898",section,172,,CRPC_1898_SEC_172,Section 172,Diary of proceedings in investigation,"{""federal"": ""in_force"", ""punjab"": ""in_force"", ""sindh"": ""in_force"", ""kp"": ""in_force"", ""balochistan"": ""in_force""}",,"Pakistan Code (pakistancode.gov.pk), Act No. V of 1898; https://pakistancode.gov.pk/pdffiles/administrator7db1e56f0f1d39a6e67573ec6b0944e2.pdf",2026-09-23
CRPC_1898,"Code of Criminal Procedure, 1898",section,173,,CRPC_1898_SEC_173,Section 173,Report of police-officer,"{""federal"": ""in_force"", ""punjab"": ""in_force"", ""sindh"": ""in_force"", ""kp"": ""in_force"", ""balochistan"": ""in_force""}",,"Pakistan Code (pakistancode.gov.pk), Act No. V of 1898; https://pakistancode.gov.pk/pdffiles/administrator7db1e56f0f1d39a6e67573ec6b0944e2.pdf",2026-09-23
CRPC_1898,"Code of Criminal Procedure, 1898",section,174,,CRPC_1898_SEC_174,Section 174,"Police to inquire and report on suicide, etc","{""federal"": ""in_force"", ""punjab"": ""in_force"", ""sindh"": ""in_force"", ""kp"": ""in_force"", ""balochistan"": ""in_force""}",,"Pakistan Code (pakistancode.gov.pk), Act No. V of 1898; https://pakistancode.gov.pk/pdffiles/administrator7db1e56f0f1d39a6e67573ec6b0944e2.pdf",2026-09-23
CRPC_1898,"Code of Criminal Procedure, 1898",section,174A,,CRPC_1898_SEC_174A,Section 174A,Grievous injury by burns,"{""federal"": ""in_force"", ""punjab"": ""in_force"", ""sindh"": ""in_force"", ""kp"": ""in_force"", ""balochistan"": ""in_force""}",,"Pakistan Code (pakistancode.gov.pk), Act No. V of 1898; https://pakistancode.gov.pk/pdffiles/administrator7db1e56f0f1d39a6e67573ec6b0944e2.pdf",2026-09-23
CRPC_1898,"Code of Criminal Procedure, 1898",section,175,,CRPC_1898_SEC_175,Section 175,Power to summon persons,"{""federal"": ""in_force"", ""punjab"": ""in_force"", ""sindh"": ""in_force"", ""kp"": ""in_force"", ""balochistan"": ""in_force""}",,"Pakistan Code (pakistancode.gov.pk), Act No. V of 1898; https://pakistancode.gov.pk/pdffiles/administrator7db1e56f0f1d39a6e67573ec6b0944e2.pdf",2026-09-23
CRPC_1898,"Code of Criminal Procedure, 1898",section,176,,CRPC_1898_SEC_176,Section 176,Inquiry by magistrate into cause of death,"{""federal"": ""in_force"", ""punjab"": ""in_force"", ""sindh"": ""in_force"", ""kp"": ""in_force"", ""balochistan"": ""in_force""}",,"Pakistan Code (pakistancode.gov.pk), Act No. V of 1898; https://pakistancode.gov.pk/pdffiles/administrator7db1e56f0f1d39a6e67573ec6b0944e2.pdf",2026-09-23
CRPC_1898,"Code of Criminal Procedure, 1898",section,177,,CRPC_1898_SEC_177,Section 177,Ordinary place of inquiry and trial,"{""federal"": ""in_force"", ""punjab"": ""in_force"", ""sindh"": ""in_force"", ""kp"": ""in_force"", ""balochistan"": ""in_force""}",,"Pakistan Code (pakistancode.gov.pk), Act No. V of 1898; https://pakistancode.gov.pk/pdffiles/administrator7db1e56f0f1d39a6e67573ec6b0944e2.pdf",2026-09-23
CRPC_1898,"Code of Criminal Procedure, 1898",section,178,,CRPC_1898_SEC_178,Section 178,Power to order cases to be tried in different sessions divisions,"{""federal"": ""in_force"", ""punjab"": ""in_force"", ""sindh"": ""in_force"", ""kp"": ""in_force"", ""balochistan"": ""in_force""}",,"Pakistan Code (pakistancode.gov.pk), Act No. V of 1898; https://pakistancode.gov.pk/pdffiles/administrator7db1e56f0f1d39a6e67573ec6b0944e2.pdf",2026-09-23
CRPC_1898,"Code of Criminal Procedure, 1898",section,179,,CRPC_1898_SEC_179,Section 179,"Accused triable in, district where act is done or where consequence ensues","{""federal"": ""in_force"", ""punjab"": ""in_force"", ""sindh"": ""in_force"", ""kp"": ""in_force"", ""balochistan"": ""in_force""}",,"Pakistan Code (pakistancode.gov.pk), Act No. V of 1898; https://pakistancode.gov.pk/pdffiles/administrator7db1e56f0f1d39a6e67573ec6b0944e2.pdf",2026-09-23
CRPC_1898,"Code of Criminal Procedure, 1898",section,180,,CRPC_1898_SEC_180,Section 180,Place of trial where act is offence by reason of relation to other offence,"{""federal"": ""in_force"", ""punjab"": ""in_force"", ""sindh"": ""in_force"", ""kp"": ""in_force"", ""balochistan"": ""in_force""}",,"Pakistan Code (pakistancode.gov.pk), Act No. V of 1898; https://pakistancode.gov.pk/pdffiles/administrator7db1e56f0f1d39a6e67573ec6b0944e2.pdf",2026-09-23
CRPC_1898,"Code of Criminal Procedure, 1898",section,181,,CRPC_1898_SEC_181,Section 181,"Being a thug or belonging to a gang of dacoits, escape from custody, etc.","{""federal"": ""in_force"", ""punjab"": ""in_force"", ""sindh"": ""in_force"", ""kp"": ""in_force"", ""balochistan"": ""in_force""}",,"Pakistan Code (pakistancode.gov.pk), Act No. V of 1898; https://pakistancode.gov.pk/pdffiles/administrator7db1e56f0f1d39a6e67573ec6b0944e2.pdf",2026-09-23
CRPC_1898,"Code of Criminal Procedure, 1898",section,182,,CRPC_1898_SEC_182,Section 182,Place of inquiry or trial where scene of offence is uncertain or not in one district only or,"{""federal"": ""in_force"", ""punjab"": ""in_force"", ""sindh"": ""in_force"", ""kp"": ""in_force"", ""balochistan"": ""in_force""}",,"Pakistan Code (pakistancode.gov.pk), Act No. V of 1898; https://pakistancode.gov.pk/pdffiles/administrator7db1e56f0f1d39a6e67573ec6b0944e2.pdf",2026-09-23
CRPC_1898,"Code of Criminal Procedure, 1898",section,183,,CRPC_1898_SEC_183,Section 183,Offence committed on a journey,"{""federal"": ""in_force"", ""punjab"": ""in_force"", ""sindh"": ""in_force"", ""kp"": ""in_force"", ""balochistan"": ""in_force""}",,"Pakistan Code (pakistancode.gov.pk), Act No. V of 1898; https://pakistancode.gov.pk/pdffiles/administrator7db1e56f0f1d39a6e67573ec6b0944e2.pdf",2026-09-23
CRPC_1898,"Code of Criminal Procedure, 1898",section,184,,CRPC_1898_SEC_184,Section 184,[Repealed],"{""federal"": ""repealed"", ""punjab"": ""repealed"", ""sindh"": ""repealed"", ""kp"": ""repealed"", ""balochistan"": ""repealed""}",,"Pakistan Code (pakistancode.gov.pk), Act No. V of 1898; https://pakistancode.gov.pk/pdffiles/administrator7db1e56f0f1d39a6e67573ec6b0944e2.pdf",2026-09-23
CRPC_1898,"Code of Criminal Procedure, 1898",section,185,,CRPC_1898_SEC_185,Section 185,"High Court to decide, in case of doubt, district where inquiry or trial shall take place","{""federal"": ""in_force"", ""punjab"": ""in_force"", ""sindh"": ""in_force"", ""kp"": ""in_force"", ""balochistan"": ""in_force""}",,"Pakistan Code (pakistancode.gov.pk), Act No. V of 1898; https://pakistancode.gov.pk/pdffiles/administrator7db1e56f0f1d39a6e67573ec6b0944e2.pdf",2026-09-23
CRPC_1898,"Code of Criminal Procedure, 1898",section,186,,CRPC_1898_SEC_186,Section 186,Power to issue summons or warrant for offence committed beyond local jurisdiction,"{""federal"": ""in_force"", ""punjab"": ""in_force"", ""sindh"": ""in_force"", ""kp"": ""in_force"", ""balochistan"": ""in_force""}",,"Pakistan Code (pakistancode.gov.pk), Act No. V of 1898; https://pakistancode.gov.pk/pdffiles/administrator7db1e56f0f1d39a6e67573ec6b0944e2.pdf",2026-09-23
CRPC_1898,"Code of Criminal Procedure, 1898",section,187,,CRPC_1898_SEC_187,Section 187,Procedure where warrant issued by subordinate Magistrate,"{""federal"": ""in_force"", ""punjab"": ""in_force"", ""sindh"": ""in_force"", ""kp"": ""in_force"", ""balochistan"": ""in_force""}",,"Pakistan Code (pakistancode.gov.pk), Act No. V of 1898; https://pakistancode.gov.pk/pdffiles/administrator7db1e56f0f1d39a6e67573ec6b0944e2.pdf",2026-09-23
CRPC_1898,"Code of Criminal Procedure, 1898",section,188,,CRPC_1898_SEC_188,Section 188,Liability for offences committed outside Pakistan,"{""federal"": ""in_force"", ""punjab"": ""in_force"", ""sindh"": ""in_force"", ""kp"": ""in_force"", ""balochistan"": ""in_force""}",,"Pakistan Code (pakistancode.gov.pk), Act No. V of 1898; https://pakistancode.gov.pk/pdffiles/administrator7db1e56f0f1d39a6e67573ec6b0944e2.pdf",2026-09-23
CRPC_1898,"Code of Criminal Procedure, 1898",section,189,,CRPC_1898_SEC_189,Section 189,Power to direct copies of depositions and exhibits to be received in evidence,"{""federal"": ""in_force"", ""punjab"": ""in_force"", ""sindh"": ""in_force"", ""kp"": ""in_force"", ""balochistan"": ""in_force""}",,"Pakistan Code (pakistancode.gov.pk), Act No. V of 1898; https://pakistancode.gov.pk/pdffiles/administrator7db1e56f0f1d39a6e67573ec6b0944e2.pdf",2026-09-23
CRPC_1898,"Code of Criminal Procedure, 1898",section,190,,CRPC_1898_SEC_190,Section 190,Cognizance of offences by Magistrates,"{""federal"": ""in_force"", ""punjab"": ""in_force"", ""sindh"": ""in_force"", ""kp"": ""in_force"", ""balochistan"": ""in_force""}",,"Pakistan Code (pakistancode.gov.pk), Act No. V of 1898; https://pakistancode.gov.pk/pdffiles/administrator7db1e56f0f1d39a6e67573ec6b0944e2.pdf",2026-09-23
CRPC_1898,"Code of Criminal Procedure, 1898",section,191,,CRPC_1898_SEC_191,Section 191,Transfer or commitment on application of accused,"{""federal"": ""in_force"", ""punjab"": ""in_force"", ""sindh"": ""in_force"", ""kp"": ""in_force"", ""balochistan"": ""in_force""}",,"Pakistan Code (pakistancode.gov.pk), Act No. V of 1898; https://pakistancode.gov.pk/pdffiles/administrator7db1e56f0f1d39a6e67573ec6b0944e2.pdf",2026-09-23
CRPC_1898,"Code of Criminal Procedure, 1898",section,192,,CRPC_1898_SEC_192,Section 192,Transfer of cases,"{""federal"": ""in_force"", ""punjab"": ""in_force"", ""sindh"": ""in_force"", ""kp"": ""in_force"", ""balochistan"": ""in_force""}",,"Pakistan Code (pakistancode.gov.pk), Act No. V of 1898; https://pakistancode.gov.pk/pdffiles/administrator7db1e56f0f1d39a6e67573ec6b0944e2.pdf",2026-09-23
CRPC_1898,"Code of Criminal Procedure, 1898",section,193,,CRPC_1898_SEC_193,Section 193,Cognizance of offences by Courts of Session,"{""federal"": ""in_force"", ""punjab"": ""in_force"", ""sindh"": ""in_force"", ""kp"": ""in_force"", ""balochistan"": ""in_force""}",,"Pakistan Code (pakistancode.gov.pk), Act No. V of 1898; https://pakistancode.gov.pk/pdffiles/administrator7db1e56f0f1d39a6e67573ec6b0944e2.pdf",2026-09-23
CRPC_1898,"Code of Criminal Procedure, 1898",section,194,,CRPC_1898_SEC_194,Section 194,Cognizance of offences by High Court,"{""federal"": ""in_force"", ""punjab"": ""in_force"", ""sindh"": ""in_force"", ""kp"": ""in_force"", ""balochistan"": ""in_force""}",,"Pakistan Code (pakistancode.gov.pk), Act No. V of 1898; https://pakistancode.gov.pk/pdffiles/administrator7db1e56f0f1d39a6e67573ec6b0944e2.pdf",2026-09-23
CRPC_1898,"Code of Criminal Procedure, 1898",section,195,,CRPC_1898_SEC_195,Section 195,Prosecution for contempt of lawful authority of public servants,"{""federal"": ""in_force"", ""punjab"": ""in_force"", ""sindh"": ""in_force"", ""kp"": ""in_force"", ""balochistan"": ""in_force""}",,"Pakistan Code (pakistancode.gov.pk), Act No. V of 1898; https://pakistancode.gov.pk/pdffiles/administrator7db1e56f0f1d39a6e67573ec6b0944e2.pdf",2026-09-23
CRPC_1898,"Code of Criminal Procedure, 1898",section,196,,CRPC_1898_SEC_196,Section 196,Prosecution for offences against the state,"{""federal"": ""in_force"", ""punjab"": ""in_force"", ""sindh"": ""in_force"", ""kp"": ""in_force"", ""balochistan"": ""in_force""}",,"Pakistan Code (pakistancode.gov.pk), Act No. V of 1898; https://pakistancode.gov.pk/pdffiles/administrator7db1e56f0f1d39a6e67573ec6b0944e2.pdf",2026-09-23
CRPC_1898,"Code of Criminal Procedure, 1898",section,196A,,CRPC_1898_SEC_196A,Section 196A,Prosecution for certain classes of criminal conspiracy,"{""federal"": ""in_force"", ""punjab"": ""in_force"", ""sindh"": ""in_force"", ""kp"": ""in_force"", ""balochistan"": ""in_force""}",,"Pakistan Code (pakistancode.gov.pk), Act No. V of 1898; https://pakistancode.gov.pk/pdffiles/administrator7db1e56f0f1d39a6e67573ec6b0944e2.pdf",2026-09-23
CRPC_1898,"Code of Criminal Procedure, 1898",section,196B,,CRPC_1898_SEC_196B,Section 196B,Preliminary inquiry in certain cases,"{""federal"": ""in_force"", ""punjab"": ""in_force"", ""sindh"": ""in_force"", ""kp"": ""in_force"", ""balochistan"": ""in_force""}",,"Pakistan Code (pakistancode.gov.pk), Act No. V of 1898; https://pakistancode.gov.pk/pdffiles/administrator7db1e56f0f1d39a6e67573ec6b0944e2.pdf",2026-09-23
CRPC_1898,"Code of Criminal Procedure, 1898",section,197,,CRPC_1898_SEC_197,Section 197,Prosecution of Judges and public servants,"{""federal"": ""in_force"", ""punjab"": ""in_force"", ""sindh"": ""in_force"", ""kp"": ""in_force"", ""balochistan"": ""in_force""}",,"Pakistan Code (pakistancode.gov.pk), Act No. V of 1898; https://pakistancode.gov.pk/pdffiles/administrator7db1e56f0f1d39a6e67573ec6b0944e2.pdf",2026-09-23
CRPC_1898,"Code of Criminal Procedure, 1898",section,198,,CRPC_1898_SEC_198,Section 198,"Prosecution for breach of contract, defamation and offences against marriage","{""federal"": ""in_force"", ""punjab"": ""in_force"", ""sindh"": ""in_force"", ""kp"": ""in_force"", ""balochistan"": ""in_force""}",,"Pakistan Code (pakistancode.gov.pk), Act No. V of 1898; https://pakistancode.gov.pk/pdffiles/administrator7db1e56f0f1d39a6e67573ec6b0944e2.pdf",2026-09-23
CRPC_1898,"Code of Criminal Procedure, 1898",section,198A,,CRPC_1898_SEC_198A,Section 198A,Prosecution for defamation against public servants in respect of their conduct in the discharge,"{""federal"": ""in_force"", ""punjab"": ""in_force"", ""sindh"": ""in_force"", ""kp"": ""in_force"", ""balochistan"": ""in_force""}",,"Pakistan Code (pakistancode.gov.pk), Act No. V of 1898; https://pakistancode.gov.pk/pdffiles/administrator7db1e56f0f1d39a6e67573ec6b0944e2.pdf",2026-09-23
CRPC_1898,"Code of Criminal Procedure, 1898",section,199,,CRPC_1898_SEC_199,Section 199,Prosecution for adultery or enticing a married woman,"{""federal"": ""in_force"", ""punjab"": ""in_force"", ""sindh"": ""in_force"", ""kp"": ""in_force"", ""balochistan"": ""in_force""}",,"Pakistan Code (pakistancode.gov.pk), Act No. V of 1898; https://pakistancode.gov.pk/pdffiles/administrator7db1e56f0f1d39a6e67573ec6b0944e2.pdf",2026-09-23
CRPC_1898,"Code of Criminal Procedure, 1898",section,199A,,CRPC_1898_SEC_199A,Section 199A,Objection by lawful guardian to complaint by person other than person aggrieved,"{""federal"": ""in_force"", ""punjab"": ""in_force"", ""sindh"": ""in_force"", ""kp"": ""in_force"", ""balochistan"": ""in_force""}",,"Pakistan Code (pakistancode.gov.pk), Act No. V of 1898; https://pakistancode.gov.pk/pdffiles/administrator7db1e56f0f1d39a6e67573ec6b0944e2.pdf",2026-09-23
CRPC_1898,"Code of Criminal Procedure, 1898",section,199B,,CRPC_1898_SEC_199B,Section 199B,Form of authorisation under second proviso to section 198 or 199,"{""federal"": ""in_force"", ""punjab"": ""in_force"", ""sindh"": ""in_force"", ""kp"": ""in_force"", ""balochistan"": ""in_force""}",,"Pakistan Code (pakistancode.gov.pk), Act No. V of 1898; https://pakistancode.gov.pk/pdffiles/administrator7db1e56f0f1d39a6e67573ec6b0944e2.pdf",2026-09-23
CRPC_1898,"Code of Criminal Procedure, 1898",section,200,,CRPC_1898_SEC_200,Section 200,Examination of complainant,"{""federal"": ""in_force"", ""punjab"": ""in_force"", ""sindh"": ""in_force"", ""kp"": ""in_force"", ""balochistan"": ""in_force""}",,"Pakistan Code (pakistancode.gov.pk), Act No. V of 1898; https://pakistancode.gov.pk/pdffiles/administrator7db1e56f0f1d39a6e67573ec6b0944e2.pdf",2026-09-23
CRPC_1898,"Code of Criminal Procedure, 1898",section,201,,CRPC_1898_SEC_201,Section 201,Procedure by Magistrate not competent to take cognizance of the case,"{""federal"": ""in_force"", ""punjab"": ""in_force"", ""sindh"": ""in_force"", ""kp"": ""in_force"", ""balochistan"": ""in_force""}",,"Pakistan Code (pakistancode.gov.pk), Act No. V of 1898; https://pakistancode.gov.pk/pdffiles/administrator7db1e56f0f1d39a6e67573ec6b0944e2.pdf",2026-09-23
CRPC_1898,"Code of Criminal Procedure, 1898",section,202,,CRPC_1898_SEC_202,Section 202,Postponement of issue of process,"{""federal"": ""in_force"", ""punjab"": ""in_force"", ""sindh"": ""in_force"", ""kp"": ""in_force"", ""balochistan"": ""in_force""}",,"Pakistan Code (pakistancode.gov.pk), Act No. V of 1898; https://pakistancode.gov.pk/pdffiles/administrator7db1e56f0f1d39a6e67573ec6b0944e2.pdf",2026-09-23
CRPC_1898,"Code of Criminal Procedure, 1898",section,203,,CRPC_1898_SEC_203,Section 203,Dismissal of complaint,"{""federal"": ""in_force"", ""punjab"": ""in_force"", ""sindh"": ""in_force"", ""kp"": ""in_force"", ""balochistan"": ""in_force""}",,"Pakistan Code (pakistancode.gov.pk), Act No. V of 1898; https://pakistancode.gov.pk/pdffiles/administrator7db1e56f0f1d39a6e67573ec6b0944e2.pdf",2026-09-23
CRPC_1898,"Code of Criminal Procedure, 1898",section,203A,,CRPC_1898_SEC_203A,Section 203A,Complaint in case of Zina,"{""federal"": ""in_force"", ""punjab"": ""in_force"", ""sindh"": ""in_force"", ""kp"": ""in_force"", ""balochistan"": ""in_force""}",,"Pakistan Code (pakistancode.gov.pk), Act No. V of 1898; https://pakistancode.gov.pk/pdffiles/administrator7db1e56f0f1d39a6e67573ec6b0944e2.pdf",2026-09-23
CRPC_1898,"Code of Criminal Procedure, 1898",section,203C,,CRPC_1898_SEC_203C,Section 203C,Complaint in case of fornication,"{""federal"": ""in_force"", ""punjab"": ""in_force"", ""sindh"": ""in_force"", ""kp"": ""in_force"", ""balochistan"": ""in_force""}",,"Pakistan Code (pakistancode.gov.pk), Act No. V of 1898; https://pakistancode.gov.pk/pdffiles/administrator7db1e56f0f1d39a6e67573ec6b0944e2.pdf",2026-09-23
CRPC_1898,"Code of Criminal Procedure, 1898",section,204,,CRPC_1898_SEC_204,Section 204,Issues of process,"{""federal"": ""in_force"", ""punjab"": ""in_force"", ""sindh"": ""in_force"", ""kp"": ""in_force"", ""balochistan"": ""in_force""}",,"Pakistan Code (pakistancode.gov.pk), Act No. V of 1898; https://pakistancode.gov.pk/pdffiles/administrator7db1e56f0f1d39a6e67573ec6b0944e2.pdf",2026-09-23
CRPC_1898,"Code of Criminal Procedure, 1898",section,205,,CRPC_1898_SEC_205,Section 205,Magistrate may dispense with personal attendance of accused,"{""federal"": ""in_force"", ""punjab"": ""in_force"", ""sindh"": ""in_force"", ""kp"": ""in_force"", ""balochistan"": ""in_force""}",,"Pakistan Code (pakistancode.gov.pk), Act No. V of 1898; https://pakistancode.gov.pk/pdffiles/administrator7db1e56f0f1d39a6e67573ec6b0944e2.pdf",2026-09-23
CRPC_1898,"Code of Criminal Procedure, 1898",section,221,,CRPC_1898_SEC_221,Section 221,Charge to state offence,"{""federal"": ""in_force"", ""punjab"": ""in_force"", ""sindh"": ""in_force"", ""kp"": ""in_force"", ""balochistan"": ""in_force""}",,"Pakistan Code (pakistancode.gov.pk), Act No. V of 1898; https://pakistancode.gov.pk/pdffiles/administrator7db1e56f0f1d39a6e67573ec6b0944e2.pdf",2026-09-23
CRPC_1898,"Code of Criminal Procedure, 1898",section,222,,CRPC_1898_SEC_222,Section 222,Particulars as to time place and person,"{""federal"": ""in_force"", ""punjab"": ""in_force"", ""sindh"": ""in_force"", ""kp"": ""in_force"", ""balochistan"": ""in_force""}",,"Pakistan Code (pakistancode.gov.pk), Act No. V of 1898; https://pakistancode.gov.pk/pdffiles/administrator7db1e56f0f1d39a6e67573ec6b0944e2.pdf",2026-09-23
CRPC_1898,"Code of Criminal Procedure, 1898",section,223,,CRPC_1898_SEC_223,Section 223,When manner of committing offence must be stated,"{""federal"": ""in_force"", ""punjab"": ""in_force"", ""sindh"": ""in_force"", ""kp"": ""in_force"", ""balochistan"": ""in_force""}",,"Pakistan Code (pakistancode.gov.pk), Act No. V of 1898; https://pakistancode.gov.pk/pdffiles/administrator7db1e56f0f1d39a6e67573ec6b0944e2.pdf",2026-09-23
CRPC_1898,"Code of Criminal Procedure, 1898",section,224,,CRPC_1898_SEC_224,Section 224,Words in charge taken in sense of law under which offence is punishable,"{""federal"": ""in_force"", ""punjab"": ""in_force"", ""sindh"": ""in_force"", ""kp"": ""in_force"", ""balochistan"": ""in_force""}",,"Pakistan Code (pakistancode.gov.pk), Act No. V of 1898; https://pakistancode.gov.pk/pdffiles/administrator7db1e56f0f1d39a6e67573ec6b0944e2.pdf",2026-09-23
CRPC_1898,"Code of Criminal Procedure, 1898",section,225,,CRPC_1898_SEC_225,Section 225,Effect of errors,"{""federal"": ""in_force"", ""punjab"": ""in_force"", ""sindh"": ""in_force"", ""kp"": ""in_force"", ""balochistan"": ""in_force""}",,"Pakistan Code (pakistancode.gov.pk), Act No. V of 1898; https://pakistancode.gov.pk/pdffiles/administrator7db1e56f0f1d39a6e67573ec6b0944e2.pdf",2026-09-23
CRPC_1898,"Code of Criminal Procedure, 1898",section,226,,CRPC_1898_SEC_226,Section 226,[Omitted],"{""federal"": ""omitted"", ""punjab"": ""omitted"", ""sindh"": ""omitted"", ""kp"": ""omitted"", ""balochistan"": ""omitted""}",,"Pakistan Code (pakistancode.gov.pk), Act No. V of 1898; https://pakistancode.gov.pk/pdffiles/administrator7db1e56f0f1d39a6e67573ec6b0944e2.pdf",2026-09-23
CRPC_1898,"Code of Criminal Procedure, 1898",section,227,,CRPC_1898_SEC_227,Section 227,Court may alter charge,"{""federal"": ""in_force"", ""punjab"": ""in_force"", ""sindh"": ""in_force"", ""kp"": ""in_force"", ""balochistan"": ""in_force""}",,"Pakistan Code (pakistancode.gov.pk), Act No. V of 1898; https://pakistancode.gov.pk/pdffiles/administrator7db1e56f0f1d39a6e67573ec6b0944e2.pdf",2026-09-23
CRPC_1898,"Code of Criminal Procedure, 1898",section,228,,CRPC_1898_SEC_228,Section 228,When trial may proceed immediately after alteration,"{""federal"": ""in_force"", ""punjab"": ""in_force"", ""sindh"": ""in_force"", ""kp"": ""in_force"", ""balochistan"": ""in_force""}",,"Pakistan Code (pakistancode.gov.pk), Act No. V of 1898; https://pakistancode.gov.pk/pdffiles/administrator7db1e56f0f1d39a6e67573ec6b0944e2.pdf",2026-09-23
CRPC_1898,"Code of Criminal Procedure, 1898",section,229,,CRPC_1898_SEC_229,Section 229,"When new trial may be directed, or trial suspended","{""federal"": ""in_force"", ""punjab"": ""in_force"", ""sindh"": ""in_force"", ""kp"": ""in_force"", ""balochistan"": ""in_force""}",,"Pakistan Code (pakistancode.gov.pk), Act No. V of 1898; https://pakistancode.gov.pk/pdffiles/administrator7db1e56f0f1d39a6e67573ec6b0944e2.pdf",2026-09-23
CRPC_1898,"Code of Criminal Procedure, 1898",section,230,,CRPC_1898_SEC_230,Section 230,Stay of proceedings if prosecution of offence in altered charge require previous sanction,"{""federal"": ""in_force"", ""punjab"": ""in_force"", ""sindh"": ""in_force"", ""kp"": ""in_force"", ""balochistan"": ""in_force""}",,"Pakistan Code (pakistancode.gov.pk), Act No. V of 1898; https://pakistancode.gov.pk/pdffiles/administrator7db1e56f0f1d39a6e67573ec6b0944e2.pdf",2026-09-23
CRPC_1898,"Code of Criminal Procedure, 1898",section,231,,CRPC_1898_SEC_231,Section 231,Re-call of witnesses which charge altered,"{""federal"": ""in_force"", ""punjab"": ""in_force"", ""sindh"": ""in_force"", ""kp"": ""in_force"", ""balochistan"": ""in_force""}",,"Pakistan Code (pakistancode.gov.pk), Act No. V of 1898; https://pakistancode.gov.pk/pdffiles/administrator7db1e56f0f1d39a6e67573ec6b0944e2.pdf",2026-09-23
CRPC_1898,"Code of Criminal Procedure, 1898",section,232,,CRPC_1898_SEC_232,Section 232,Effect of material error,"{""federal"": ""in_force"", ""punjab"": ""in_force"", ""sindh"": ""in_force"", ""kp"": ""in_force"", ""balochistan"": ""in_force""}",,"Pakistan Code (pakistancode.gov.pk), Act No. V of 1898; https://pakistancode.gov.pk/pdffiles/administrator7db1e56f0f1d39a6e67573ec6b0944e2.pdf",2026-09-23
CRPC_1898,"Code of Criminal Procedure, 1898",section,233,,CRPC_1898_SEC_233,Section 233,Separate charged for distinct offences,"{""federal"": ""in_force"", ""punjab"": ""in_force"", ""sindh"": ""in_force"", ""kp"": ""in_force"", ""balochistan"": ""in_force""}",,"Pakistan Code (pakistancode.gov.pk), Act No. V of 1898; https://pakistancode.gov.pk/pdffiles/administrator7db1e56f0f1d39a6e67573ec6b0944e2.pdf",2026-09-23
CRPC_1898,"Code of Criminal Procedure, 1898",section,234,,CRPC_1898_SEC_234,Section 234,Three offences of same kind within year may be charged together,"{""federal"": ""in_force"", ""punjab"": ""in_force"", ""sindh"": ""in_force"", ""kp"": ""in_force"", ""balochistan"": ""in_force""}",,"Pakistan Code (pakistancode.gov.pk), Act No. V of 1898; https://pakistancode.gov.pk/pdffiles/administrator7db1e56f0f1d39a6e67573ec6b0944e2.pdf",2026-09-23
CRPC_1898,"Code of Criminal Procedure, 1898",section,235,,CRPC_1898_SEC_235,Section 235,Trial for more than one offence,"{""federal"": ""in_force"", ""punjab"": ""in_force"", ""sindh"": ""in_force"", ""kp"": ""in_force"", ""balochistan"": ""in_force""}",,"Pakistan Code (pakistancode.gov.pk), Act No. V of 1898; https://pakistancode.gov.pk/pdffiles/administrator7db1e56f0f1d39a6e67573ec6b0944e2.pdf",2026-09-23
CRPC_1898,"Code of Criminal Procedure, 1898",section,236,,CRPC_1898_SEC_236,Section 236,When it is doubtful what offence has been committed,"{""federal"": ""in_force"", ""punjab"": ""in_force"", ""sindh"": ""in_force"", ""kp"": ""in_force"", ""balochistan"": ""in_force""}",,"Pakistan Code (pakistancode.gov.pk), Act No. V of 1898; https://pakistancode.gov.pk/pdffiles/administrator7db1e56f0f1d39a6e67573ec6b0944e2.pdf",2026-09-23
CRPC_1898,"Code of Criminal Procedure, 1898",section,237,,CRPC_1898_SEC_237,Section 237,"When a person is charged with one offence, he can be convicted of another","{""federal"": ""in_force"", ""punjab"": ""in_force"", ""sindh"": ""in_force"", ""kp"": ""in_force"", ""balochistan"": ""in_force""}",,"Pakistan Code (pakistancode.gov.pk), Act No. V of 1898; https://pakistancode.gov.pk/pdffiles/administrator7db1e56f0f1d39a6e67573ec6b0944e2.pdf",2026-09-23
CRPC_1898,"Code of Criminal Procedure, 1898",section,238,,CRPC_1898_SEC_238,Section 238,When offence proved included in offence charged,"{""federal"": ""in_force"", ""punjab"": ""in_force"", ""sindh"": ""in_force"", ""kp"": ""in_force"", ""balochistan"": ""in_force""}",,"Pakistan Code (pakistancode.gov.pk), Act No. V of 1898; https://pakistancode.gov.pk/pdffiles/administrator7db1e56f0f1d39a6e67573ec6b0944e2.pdf",2026-09-23
CRPC_1898,"Code of Criminal Procedure, 1898",section,239,,CRPC_1898_SEC_239,Section 239,What persons may be charged jointly,"{""federal"": ""in_force"", ""punjab"": ""in_force"", ""sindh"": ""in_force"", ""kp"": ""in_force"", ""balochistan"": ""in_force""}",,"Pakistan Code (pakistancode.gov.pk), Act No. V of 1898; https://pakistancode.gov.pk/pdffiles/administrator7db1e56f0f1d39a6e67573ec6b0944e2.pdf",2026-09-23
CRPC_1898,"Code of Criminal Procedure, 1898",section,240,,CRPC_1898_SEC_240,Section 240,Withdrawal of remaining charges on conviction on one of several charges,"{""federal"": ""in_force"", ""punjab"": ""in_force"", ""sindh"": ""in_force"", ""kp"": ""in_force"", ""balochistan"": ""in_force""}",,"Pakistan Code (pakistancode.gov.pk), Act No. V of 1898; https://pakistancode.gov.pk/pdffiles/administrator7db1e56f0f1d39a6e67573ec6b0944e2.pdf",2026-09-23
CRPC_1898,"Code of Criminal Procedure, 1898",section,241,,CRPC_1898_SEC_241,Section 241,Procedure in trial of cases,"{""federal"": ""in_force"", ""punjab"": ""in_force"", ""sindh"": ""in_force"", ""kp"": ""in_force"", ""balochistan"": ""in_force""}",,"Pakistan Code (pakistancode.gov.pk), Act No. V of 1898; https://pakistancode.gov.pk/pdffiles/administrator7db1e56f0f1d39a6e67573ec6b0944e2.pdf",2026-09-23
CRPC_1898,"Code of Criminal Procedure, 1898",section,241A,,CRPC_1898_SEC_241A,Section 241A,Supply of statements and documents to the accused,"{""federal"": ""in_force"", ""punjab"": ""in_force"", ""sindh"": ""in_force"", ""kp"": ""in_force"", ""balochistan"": ""in_force""}",,"Pakistan Code (pakistancode.gov.pk), Act No. V of 1898; https://pakistancode.gov.pk/pdffiles/administrator7db1e56f0f1d39a6e67573ec6b0944e2.pdf",2026-09-23
CRPC_1898,"Code of Criminal Procedure, 1898",section,242,,CRPC_1898_SEC_242,Section 242,Charge to be framed,"{""federal"": ""in_force"", ""punjab"": ""in_force"", ""sindh"": ""in_force"", ""kp"": ""in_force"", ""balochistan"": ""in_force""}",,"Pakistan Code (pakistancode.gov.pk), Act No. V of 1898; https://pakistancode.gov.pk/pdffiles/administrator7db1e56f0f1d39a6e67573ec6b0944e2.pdf",2026-09-23
CRPC_1898,"Code of Criminal Procedure, 1898",section,243,,CRPC_1898_SEC_243,Section 243,Conviction on admission of truth of accusation,"{""federal"": ""in_force"", ""punjab"": ""in_force"", ""sindh"": ""in_force"", ""kp"": ""in_force"", ""balochistan"": ""in_force""}",,"Pakistan Code (pakistancode.gov.pk), Act No. V of 1898; https://pakistancode.gov.pk/pdffiles/administrator7db1e56f0f1d39a6e67573ec6b0944e2.pdf",2026-09-23
CRPC_1898,"Code of Criminal Procedure, 1898",section,244,,CRPC_1898_SEC_244,Section 244,Procedure when no such admission is made,"{""federal"": ""in_force"", ""punjab"": ""in_force"", ""sindh"": ""in_force"", ""kp"": ""in_force"", ""balochistan"": ""in_force""}",,"Pakistan Code (pakistancode.gov.pk), Act No. V of 1898; https://pakistancode.gov.pk/pdffiles/administrator7db1e56f0f1d39a6e67573ec6b0944e2.pdf",2026-09-23
CRPC_1898,"Code of Criminal Procedure, 1898",section,244A,,CRPC_1898_SEC_244A,Section 244A,Statement made under section 164,"{""federal"": ""in_force"", ""punjab"": ""in_force"", ""sindh"": ""in_force"", ""kp"": ""in_force"", ""balochistan"": ""in_force""}",,"Pakistan Code (pakistancode.gov.pk), Act No. V of 1898; https://pakistancode.gov.pk/pdffiles/administrator7db1e56f0f1d39a6e67573ec6b0944e2.pdf",2026-09-23
CRPC_1898,"Code of Criminal Procedure, 1898",section,245,,CRPC_1898_SEC_245,Section 245,Acquittal,"{""federal"": ""in_force"", ""punjab"": ""in_force"", ""sindh"": ""in_force"", ""kp"": ""in_force"", ""balochistan"": ""in_force""}",,"Pakistan Code (pakistancode.gov.pk), Act No. V of 1898; https://pakistancode.gov.pk/pdffiles/administrator7db1e56f0f1d39a6e67573ec6b0944e2.pdf",2026-09-23
CRPC_1898,"Code of Criminal Procedure, 1898",section,245A,,CRPC_1898_SEC_245A,Section 245A,Procedure in case of previous convictions,"{""federal"": ""in_force"", ""punjab"": ""in_force"", ""sindh"": ""in_force"", ""kp"": ""in_force"", ""balochistan"": ""in_force""}",,"Pakistan Code (pakistancode.gov.pk), Act No. V of 1898; https://pakistancode.gov.pk/pdffiles/administrator7db1e56f0f1d39a6e67573ec6b0944e2.pdf",2026-09-23
CRPC_1898,"Code of Criminal Procedure, 1898",section,246,,CRPC_1898_SEC_246,Section 246,[Omitted],"{""federal"": ""omitted"", ""punjab"": ""omitted"", ""sindh"": ""omitted"", ""kp"": ""omitted"", ""balochistan"": ""omitted""}",,"Pakistan Code (pakistancode.gov.pk), Act No. V of 1898; https://pakistancode.gov.pk/pdffiles/administrator7db1e56f0f1d39a6e67573ec6b0944e2.pdf",2026-09-23
CRPC_1898,"Code of Criminal Procedure, 1898",section,247,,CRPC_1898_SEC_247,Section 247,Non-appearance of complainant,"{""federal"": ""in_force"", ""punjab"": ""in_force"", ""sindh"": ""in_force"", ""kp"": ""in_force"", ""balochistan"": ""in_force""}",,"Pakistan Code (pakistancode.gov.pk), Act No. V of 1898; https://pakistancode.gov.pk/pdffiles/administrator7db1e56f0f1d39a6e67573ec6b0944e2.pdf",2026-09-23
CRPC_1898,"Code of Criminal Procedure, 1898",section,248,,CRPC_1898_SEC_248,Section 248,Withdrawal of complaint,"{""federal"": ""in_force"", ""punjab"": ""in_force"", ""sindh"": ""in_force"", ""kp"": ""in_force"", ""balochistan"": ""in_force""}",,"Pakistan Code (pakistancode.gov.pk), Act No. V of 1898; https://pakistancode.gov.pk/pdffiles/administrator7db1e56f0f1d39a6e67573ec6b0944e2.pdf",2026-09-23
CRPC_1898,"Code of Criminal Procedure, 1898",section,249,,CRPC_1898_SEC_249,Section 249,Power to stop proceeding when no complaint,"{""federal"": ""in_force"", ""punjab"": ""in_force"", ""sindh"": ""in_force"", ""kp"": ""in_force"", ""balochistan"": ""in_force""}",,"Pakistan Code (pakistancode.gov.pk), Act No. V of 1898; https://pakistancode.gov.pk/pdffiles/administrator7db1e56f0f1d39a6e67573ec6b0944e2.pdf",2026-09-23
CRPC_1898,"Code of Criminal Procedure, 1898",section,249A,,CRPC_1898_SEC_249A,Section 249A,Power of magistrate to acquit accused at any stage,"{""federal"": ""in_force"", ""punjab"": ""in_force"", ""sindh"": ""in_force"", ""kp"": ""in_force"", ""balochistan"": ""in_force""}",,"Pakistan Code (pakistancode.gov.pk), Act No. V of 1898; https://pakistancode.gov.pk/pdffiles/administrator7db1e56f0f1d39a6e67573ec6b0944e2.pdf",2026-09-23
CRPC_1898,"Code of Criminal Procedure, 1898",section,250,,CRPC_1898_SEC_250,Section 250,"False, frivolous or vexatious accusations","{""federal"": ""in_force"", ""punjab"": ""in_force"", ""sindh"": ""in_force"", ""kp"": ""in_force"", ""balochistan"": ""in_force""}",,"Pakistan Code (pakistancode.gov.pk), Act No. V of 1898; https://pakistancode.gov.pk/pdffiles/administrator7db1e56f0f1d39a6e67573ec6b0944e2.pdf",2026-09-23
CRPC_1898,"Code of Criminal Procedure, 1898",section,250A,,CRPC_1898_SEC_250A,Section 250A,Special Summons in case of petty offences,"{""federal"": ""in_force"", ""punjab"": ""in_force"", ""sindh"": ""in_force"", ""kp"": ""in_force"", ""balochistan"": ""in_force""}",,"Pakistan Code (pakistancode.gov.pk), Act No. V of 1898; https://pakistancode.gov.pk/pdffiles/administrator7db1e56f0f1d39a6e67573ec6b0944e2.pdf",2026-09-23
CRPC_1898,"Code of Criminal Procedure, 1898",section,260,,CRPC_1898_SEC_260,Section 260,Power to try summarily,"{""federal"": ""in_force"", ""punjab"": ""in_force"", ""sindh"": ""in_force"", ""kp"": ""in_force"", ""balochistan"": ""in_force""}",,"Pakistan Code (pakistancode.gov.pk), Act No. V of 1898; https://pakistancode.gov.pk/pdffiles/administrator7db1e56f0f1d39a6e67573ec6b0944e2.pdf",2026-09-23
CRPC_1898,"Code of Criminal Procedure, 1898",section,261,,CRPC_1898_SEC_261,Section 261,Power to invest Bench of Magistrates invested with less powers,"{""federal"": ""in_force"", ""punjab"": ""in_force"", ""sindh"": ""in_force"", ""kp"": ""in_force"", ""balochistan"": ""in_force""}",,"Pakistan Code (pakistancode.gov.pk), Act No. V of 1898; https://pakistancode.gov.pk/pdffiles/administrator7db1e56f0f1d39a6e67573ec6b0944e2.pdf",2026-09-23
CRPC_1898,"Code of Criminal Procedure, 1898",section,262,,CRPC_1898_SEC_262,Section 262,Procedure [prescribed in Chapter XX] applicable,"{""federal"": ""in_force"", ""punjab"": ""in_force"", ""sindh"": ""in_force"", ""kp"": ""in_force"", ""balochistan"": ""in_force""}",,"Pakistan Code (pakistancode.gov.pk), Act No. V of 1898; https://pakistancode.gov.pk/pdffiles/administrator7db1e56f0f1d39a6e67573ec6b0944e2.pdf",2026-09-23
CRPC_1898,"Code of Criminal Procedure, 1898",section,263,,CRPC_1898_SEC_263,Section 263,Record in cases where there is no appeal,"{""federal"": ""in_force"", ""punjab"": ""in_force"", ""sindh"": ""in_force"", ""kp"": ""in_force"", ""balochistan"": ""in_force""}",,"Pakistan Code (pakistancode.gov.pk), Act No. V of 1898; https://pakistancode.gov.pk/pdffiles/administrator7db1e56f0f1d39a6e67573ec6b0944e2.pdf",2026-09-23
CRPC_1898,"Code of Criminal Procedure, 1898",section,264,,CRPC_1898_SEC_264,Section 264,Record in appealable cases,"{""federal"": ""in_force"", ""punjab"": ""in_force"", ""sindh"": ""in_force"", ""kp"": ""in_force"", ""balochistan"": ""in_force""}",,"Pakistan Code (pakistancode.gov.pk), Act No. V of 1898; https://pakistancode.gov.pk/pdffiles/administrator7db1e56f0f1d39a6e67573ec6b0944e2.pdf",2026-09-23
CRPC_1898,"Code of Criminal Procedure, 1898",section,265,,CRPC_1898_SEC_265,Section 265,Language of record and Judgment,"{""federal"": ""in_force"", ""punjab"": ""in_force"", ""sindh"": ""in_force"", ""kp"": ""in_force"", ""balochistan"": ""in_force""}",,"Pakistan Code (pakistancode.gov.pk), Act No. V of 1898; https://pakistancode.gov.pk/pdffiles/administrator7db1e56f0f1d39a6e67573ec6b0944e2.pdf",2026-09-23
CRPC_1898,"Code of Criminal Procedure, 1898",section,265A,,CRPC_1898_SEC_265A,Section 265A,Trial before Court of Session to be conducted by Public Prosecutor,"{""federal"": ""in_force"", ""punjab"": ""in_force"", ""sindh"": ""in_force"", ""kp"": ""in_force"", ""balochistan"": ""in_force""}",,"Pakistan Code (pakistancode.gov.pk), Act No. V of 1898; https://pakistancode.gov.pk/pdffiles/administrator7db1e56f0f1d39a6e67573ec6b0944e2.pdf",2026-09-23
CRPC_1898,"Code of Criminal Procedure, 1898",section,265B,,CRPC_1898_SEC_265B,Section 265B,Procedure in cases triable by High Courts and Courts of Session,"{""federal"": ""in_force"", ""punjab"": ""in_force"", ""sindh"": ""in_force"", ""kp"": ""in_force"", ""balochistan"": ""in_force""}",,"Pakistan Code (pakistancode.gov.pk), Act No. V of 1898; https://pakistancode.gov.pk/pdffiles/administrator7db1e56f0f1d39a6e67573ec6b0944e2.pdf",2026-09-23
CRPC_1898,"Code of Criminal Procedure, 1898",section,265C,,CRPC_1898_SEC_265C,Section 265C,Supply of Statements and documents to the accused,"{""federal"": ""in_force"", ""punjab"": ""in_force"", ""sindh"": ""in_force"", ""kp"": ""in_force"", ""balochistan"": ""in_force""}",,"Pakistan Code (pakistancode.gov.pk), Act No. V of 1898; https://pakistancode.gov.pk/pdffiles/administrator7db1e56f0f1d39a6e67573ec6b0944e2.pdf",2026-09-23
CRPC_1898,"Code of Criminal Procedure, 1898",section,265D,,CRPC_1898_SEC_265D,Section 265D,When charge is to be framed,"{""federal"": ""in_force"", ""punjab"": ""in_force"", ""sindh"": ""in_force"", ""kp"": ""in_force"", ""balochistan"": ""in_force""}",,"Pakistan Code (pakistancode.gov.pk), Act No. V of 1898; https://pakistancode.gov.pk/pdffiles/administrator7db1e56f0f1d39a6e67573ec6b0944e2.pdf",2026-09-23
CRPC_1898,"Code of Criminal Procedure, 1898",section,265E,,CRPC_1898_SEC_265E,Section 265E,Plea,"{""federal"": ""in_force"", ""punjab"": ""in_force"", ""sindh"": ""in_force"", ""kp"": ""in_force"", ""balochistan"": ""in_force""}",,"Pakistan Code (pakistancode.gov.pk), Act No. V of 1898; https://pakistancode.gov.pk/pdffiles/administrator7db1e56f0f1d39a6e67573ec6b0944e2.pdf",2026-09-23
CRPC_1898,"Code of Criminal Procedure, 1898",section,265F,,CRPC_1898_SEC_265F,Section 265F,Evidence for prosecution,"{""federal"": ""in_force"", ""punjab"": ""in_force"", ""sindh"": ""in_force"", ""kp"": ""in_force"", ""balochistan"": ""in_force""}",,"Pakistan Code (pakistancode.gov.pk), Act No. V of 1898; https://pakistancode.gov.pk/pdffiles/administrator7db1e56f0f1d39a6e67573ec6b0944e2.pdf",2026-09-23
CRPC_1898,"Code of Criminal Procedure, 1898",section,265G,,CRPC_1898_SEC_265G,Section 265G,Summing up by prosecutor and defence,"{""federal"": ""in_force"", ""punjab"": ""in_force"", ""sindh"": ""in_force"", ""kp"": ""in_force"", ""balochistan"": ""in_force""}",,"Pakistan Code (pakistancode.gov.pk), Act No. V of 1898; https://pakistancode.gov.pk/pdffiles/administrator7db1e56f0f1d39a6e67573ec6b0944e2.pdf",2026-09-23
CRPC_1898,"Code of Criminal Procedure, 1898",section,265H,,CRPC_1898_SEC_265H,Section 265H,Acquittal or conviction,"{""federal"": ""in_force"", ""punjab"": ""in_force"", ""sindh"": ""in_force"", ""kp"": ""in_force"", ""balochistan"": ""in_force""}",,"Pakistan Code (pakistancode.gov.pk), Act No. V of 1898; https://pakistancode.gov.pk/pdffiles/administrator7db1e56f0f1d39a6e67573ec6b0944e2.pdf",2026-09-23
CRPC_1898,"Code of Criminal Procedure, 1898",section,265I,,CRPC_1898_SEC_265I,Section 265I,Procedure in case of previous conviction,"{""federal"": ""in_force"", ""punjab"": ""in_force"", ""sindh"": ""in_force"", ""kp"": ""in_force"", ""balochistan"": ""in_force""}",,"Pakistan Code (pakistancode.gov.pk), Act No. V of 1898; https://pakistancode.gov.pk/pdffiles/administrator7db1e56f0f1d39a6e67573ec6b0944e2.pdf",2026-09-23
CRPC_1898,"Code of Criminal Procedure, 1898",section,265J,,CRPC_1898_SEC_265J,Section 265J,Statement under section 164 admissible,"{""federal"": ""in_force"", ""punjab"": ""in_force"", ""sindh"": ""in_force"", ""kp"": ""in_force"", ""balochistan"": ""in_force""}",,"Pakistan Code (pakistancode.gov.pk), Act No. V of 1898; https://pakistancode.gov.pk/pdffiles/administrator7db1e56f0f1d39a6e67573ec6b0944e2.pdf",2026-09-23
CRPC_1898,"Code of Criminal Procedure, 1898",section,265K,,CRPC_1898_SEC_265K,Section 265K,Power of Court to acquit accused at any stage,"{""federal"": ""in_force"", ""punjab"": ""in_force"", ""sindh"": ""in_force"", ""kp"": ""in_force"", ""balochistan"": ""in_force""}",,"Pakistan Code (pakistancode.gov.pk), Act No. V of 1898; https://pakistancode.gov.pk/pdffiles/administrator7db1e56f0f1d39a6e67573ec6b0944e2.pdf",2026-09-23
CRPC_1898,"Code of Criminal Procedure, 1898",section,265L,,CRPC_1898_SEC_265L,Section 265L,Power of Advocate General to stay prosecution,"{""federal"": ""in_force"", ""punjab"": ""in_force"", ""sindh"": ""in_force"", ""kp"": ""in_force"", ""balochistan"": ""in_force""}",,"Pakistan Code (pakistancode.gov.pk), Act No. V of 1898; https://pakistancode.gov.pk/pdffiles/administrator7db1e56f0f1d39a6e67573ec6b0944e2.pdf",2026-09-23
CRPC_1898,"Code of Criminal Procedure, 1898",section,265M,,CRPC_1898_SEC_265M,Section 265M,Time of holding sittings,"{""federal"": ""in_force"", ""punjab"": ""in_force"", ""sindh"": ""in_force"", ""kp"": ""in_force"", ""balochistan"": ""in_force""}",,"Pakistan Code (pakistancode.gov.pk), Act No. V of 1898; https://pakistancode.gov.pk/pdffiles/administrator7db1e56f0f1d39a6e67573ec6b0944e2.pdf",2026-09-23
CRPC_1898,"Code of Criminal Procedure, 1898",section,265N,,CRPC_1898_SEC_265N,Section 265N,Place of holding sittings,"{""federal"": ""in_force"", ""punjab"": ""in_force"", ""sindh"": ""in_force"", ""kp"": ""in_force"", ""balochistan"": ""in_force""}",,"Pakistan Code (pakistancode.gov.pk), Act No. V of 1898; https://pakistancode.gov.pk/pdffiles/administrator7db1e56f0f1d39a6e67573ec6b0944e2.pdf",2026-09-23
CRPC_1898,"Code of Criminal Procedure, 1898",section,337,,CRPC_1898_SEC_337,Section 337,Tender of pardon to accomplice,"{""federal"": ""in_force"", ""punjab"": ""in_force"", ""sindh"": ""in_force"", ""kp"": ""in_force"", ""balochistan"": ""in_force""}",,"Pakistan Code (pakistancode.gov.pk), Act No. V of 1898; https://pakistancode.gov.pk/pdffiles/administrator7db1e56f0f1d39a6e67573ec6b0944e2.pdf",2026-09-23
CRPC_1898,"Code of Criminal Procedure, 1898",section,338,,CRPC_1898_SEC_338,Section 338,Power to grant or tender pardon,"{""federal"": ""in_force"", ""punjab"": ""in_force"", ""sindh"": ""in_force"", ""kp"": ""in_force"", ""balochistan"": ""in_force""}",,"Pakistan Code (pakistancode.gov.pk), Act No. V of 1898; https://pakistancode.gov.pk/pdffiles/administrator7db1e56f0f1d39a6e67573ec6b0944e2.pdf",2026-09-23
CRPC_1898,"Code of Criminal Procedure, 1898",section,339,,CRPC_1898_SEC_339,Section 339,Commitment of person to whom pardon has been tendered,"{""federal"": ""in_force"", ""punjab"": ""in_force"", ""sindh"": ""in_force"", ""kp"": ""in_force"", ""balochistan"": ""in_force""}",,"Pakistan Code (pakistancode.gov.pk), Act No. V of 1898; https://pakistancode.gov.pk/pdffiles/administrator7db1e56f0f1d39a6e67573ec6b0944e2.pdf",2026-09-23
CRPC_1898,"Code of Criminal Procedure, 1898",section,339A,,CRPC_1898_SEC_339A,Section 339A,Procedure in trial of person under section 339,"{""federal"": ""in_force"", ""punjab"": ""in_force"", ""sindh"": ""in_force"", ""kp"": ""in_force"", ""balochistan"": ""in_force""}",,"Pakistan Code (pakistancode.gov.pk), Act No. V of 1898; https://pakistancode.gov.pk/pdffiles/administrator7db1e56f0f1d39a6e67573ec6b0944e2.pdf",2026-09-23
CRPC_1898,"Code of Criminal Procedure, 1898",section,340,,CRPC_1898_SEC_340,Section 340,Right of person against whom proceedings are instituted to be defended and his competency,"{""federal"": ""in_force"", ""punjab"": ""in_force"", ""sindh"": ""in_force"", ""kp"": ""in_force"", ""balochistan"": ""in_force""}",,"Pakistan Code (pakistancode.gov.pk), Act No. V of 1898; https://pakistancode.gov.pk/pdffiles/administrator7db1e56f0f1d39a6e67573ec6b0944e2.pdf",2026-09-23
CRPC_1898,"Code of Criminal Procedure, 1898",section,341,,CRPC_1898_SEC_341,Section 341,Procedure where accused does not understand proceedings,"{""federal"": ""in_force"", ""punjab"": ""in_force"", ""sindh"": ""in_force"", ""kp"": ""in_force"", ""balochistan"": ""in_force""}",,"Pakistan Code (pakistancode.gov.pk), Act No. V of 1898; https://pakistancode.gov.pk/pdffiles/administrator7db1e56f0f1d39a6e67573ec6b0944e2.pdf",2026-09-23
CRPC_1898,"Code of Criminal Procedure, 1898",section,342,,CRPC_1898_SEC_342,Section 342,Power to examine the accused,"{""federal"": ""in_force"", ""punjab"": ""in_force"", ""sindh"": ""in_force"", ""kp"": ""in_force"", ""balochistan"": ""in_force""}",,"Pakistan Code (pakistancode.gov.pk), Act No. V of 1898; https://pakistancode.gov.pk/pdffiles/administrator7db1e56f0f1d39a6e67573ec6b0944e2.pdf",2026-09-23
CRPC_1898,"Code of Criminal Procedure, 1898",section,343,,CRPC_1898_SEC_343,Section 343,No influence to be used to induce disclosures,"{""federal"": ""in_force"", ""punjab"": ""in_force"", ""sindh"": ""in_force"", ""kp"": ""in_force"", ""balochistan"": ""in_force""}",,"Pakistan Code (pakistancode.gov.pk), Act No. V of 1898; https://pakistancode.gov.pk/pdffiles/administrator7db1e56f0f1d39a6e67573ec6b0944e2.pdf",2026-09-23
CRPC_1898,"Code of Criminal Procedure, 1898",section,344,,CRPC_1898_SEC_344,Section 344,Power to postpone or adjourn proceedings,"{""federal"": ""in_force"", ""punjab"": ""in_force"", ""sindh"": ""in_force"", ""kp"": ""in_force"", ""balochistan"": ""in_force""}",,"Pakistan Code (pakistancode.gov.pk), Act No. V of 1898; https://pakistancode.gov.pk/pdffiles/administrator7db1e56f0f1d39a6e67573ec6b0944e2.pdf",2026-09-23
CRPC_1898,"Code of Criminal Procedure, 1898",section,344A,,CRPC_1898_SEC_344A,Section 344A,Conclusion of trial,"{""federal"": ""in_force"", ""punjab"": ""in_force"", ""sindh"": ""in_force"", ""kp"": ""in_force"", ""balochistan"": ""in_force""}",,"Pakistan Code (pakistancode.gov.pk), Act No. V of 1898; https://pakistancode.gov.pk/pdffiles/administrator7db1e56f0f1d39a6e67573ec6b0944e2.pdf",2026-09-23
CRPC_1898,"Code of Criminal Procedure, 1898",section,345,,CRPC_1898_SEC_345,Section 345,Compounding offences,"{""federal"": ""in_force"", ""punjab"": ""in_force"", ""sindh"": ""in_force"", ""kp"": ""in_force"", ""balochistan"": ""in_force""}",,"Pakistan Code (pakistancode.gov.pk), Act No. V of 1898; https://pakistancode.gov.pk/pdffiles/administrator7db1e56f0f1d39a6e67573ec6b0944e2.pdf",2026-09-23
CRPC_1898,"Code of Criminal Procedure, 1898",section,346,,CRPC_1898_SEC_346,Section 346,Procedure of magistrate in cases which he cannot dispose of,"{""federal"": ""in_force"", ""punjab"": ""in_force"", ""sindh"": ""in_force"", ""kp"": ""in_force"", ""balochistan"": ""in_force""}",,"Pakistan Code (pakistancode.gov.pk), Act No. V of 1898; https://pakistancode.gov.pk/pdffiles/administrator7db1e56f0f1d39a6e67573ec6b0944e2.pdf",2026-09-23
CRPC_1898,"Code of Criminal Procedure, 1898",section,347,,CRPC_1898_SEC_347,Section 347,"Procedure when after commencement of trial, Magistrate finds case should be tried by Court","{""federal"": ""in_force"", ""punjab"": ""in_force"", ""sindh"": ""in_force"", ""kp"": ""in_force"", ""balochistan"": ""in_force""}",,"Pakistan Code (pakistancode.gov.pk), Act No. V of 1898; https://pakistancode.gov.pk/pdffiles/administrator7db1e56f0f1d39a6e67573ec6b0944e2.pdf",2026-09-23
CRPC_1898,"Code of Criminal Procedure, 1898",section,348,,CRPC_1898_SEC_348,Section 348,"Trial of persons previously convicted of offences against coinage, stamp-law or property","{""federal"": ""in_force"", ""punjab"": ""in_force"", ""sindh"": ""in_force"", ""kp"": ""in_force"", ""balochistan"": ""in_force""}",,"Pakistan Code (pakistancode.gov.pk), Act No. V of 1898; https://pakistancode.gov.pk/pdffiles/administrator7db1e56f0f1d39a6e67573ec6b0944e2.pdf",2026-09-23
CRPC_1898,"Code of Criminal Procedure, 1898",section,349,,CRPC_1898_SEC_349,Section 349,Procedure when magistrate cannot pass sentence sufficiently severe,"{""federal"": ""in_force"", ""punjab"": ""in_force"", ""sindh"": ""in_force"", ""kp"": ""in_force"", ""balochistan"": ""in_force""}",,"Pakistan Code (pakistancode.gov.pk), Act No. V of 1898; https://pakistancode.gov.pk/pdffiles/administrator7db1e56f0f1d39a6e67573ec6b0944e2.pdf",2026-09-23
CRPC_1898,"Code of Criminal Procedure, 1898",section,350,,CRPC_1898_SEC_350,Section 350,Conviction on evidence partly recorded by one presiding officer and partly by another,"{""federal"": ""in_force"", ""punjab"": ""in_force"", ""sindh"": ""in_force"", ""kp"": ""in_force"", ""balochistan"": ""in_force""}",,"Pakistan Code (pakistancode.gov.pk), Act No. V of 1898; https://pakistancode.gov.pk/pdffiles/administrator7db1e56f0f1d39a6e67573ec6b0944e2.pdf",2026-09-23
CRPC_1898,"Code of Criminal Procedure, 1898",section,350A,,CRPC_1898_SEC_350A,Section 350A,Changes in constitution of Benches,"{""federal"": ""in_force"", ""punjab"": ""in_force"", ""sindh"": ""in_force"", ""kp"": ""in_force"", ""balochistan"": ""in_force""}",,"Pakistan Code (pakistancode.gov.pk), Act No. V of 1898; https://pakistancode.gov.pk/pdffiles/administrator7db1e56f0f1d39a6e67573ec6b0944e2.pdf",2026-09-23
CRPC_1898,"Code of Criminal Procedure, 1898",section,351,,CRPC_1898_SEC_351,Section 351,Detention of offenders attending Court,"{""federal"": ""in_force"", ""punjab"": ""in_force"", ""sindh"": ""in_force"", ""kp"": ""in_force"", ""balochistan"": ""in_force""}",,"Pakistan Code (pakistancode.gov.pk), Act No. V of 1898; https://pakistancode.gov.pk/pdffiles/administrator7db1e56f0f1d39a6e67573ec6b0944e2.pdf",2026-09-23
CRPC_1898,"Code of Criminal Procedure, 1898",section,352,,CRPC_1898_SEC_352,Section 352,Courts to be open,"{""federal"": ""in_force"", ""punjab"": ""in_force"", ""sindh"": ""in_force"", ""kp"": ""in_force"", ""balochistan"": ""in_force""}",,"Pakistan Code (pakistancode.gov.pk), Act No. V of 1898; https://pakistancode.gov.pk/pdffiles/administrator7db1e56f0f1d39a6e67573ec6b0944e2.pdf",2026-09-23
CRPC_1898,"Code of Criminal Procedure, 1898",section,353,,CRPC_1898_SEC_353,Section 353,Evidence to be taken in presence of accused,"{""federal"": ""in_force"", ""punjab"": ""in_force"", ""sindh"": ""in_force"", ""kp"": ""in_force"", ""balochistan"": ""in_force""}",,"Pakistan Code (pakistancode.gov.pk), Act No. V of 1898; https://pakistancode.gov.pk/pdffiles/administrator7db1e56f0f1d39a6e67573ec6b0944e2.pdf",2026-09-23
CRPC_1898,"Code of Criminal Procedure, 1898",section,354,,CRPC_1898_SEC_354,Section 354,Manner of recording evidence,"{""federal"": ""in_force"", ""punjab"": ""in_force"", ""sindh"": ""in_force"", ""kp"": ""in_force"", ""balochistan"": ""in_force""}",,"Pakistan Code (pakistancode.gov.pk), Act No. V of 1898; https://pakistancode.gov.pk/pdffiles/administrator7db1e56f0f1d39a6e67573ec6b0944e2.pdf",2026-09-23
CRPC_1898,"Code of Criminal Procedure, 1898",section,355,,CRPC_1898_SEC_355,Section 355,Record in trials of certain cases by first and Second class Magistrates,"{""federal"": ""in_force"", ""punjab"": ""in_force"", ""sindh"": ""in_force"", ""kp"": ""in_force"", ""balochistan"": ""in_force""}",,"Pakistan Code (pakistancode.gov.pk), Act No. V of 1898; https://pakistancode.gov.pk/pdffiles/administrator7db1e56f0f1d39a6e67573ec6b0944e2.pdf",2026-09-23
CRPC_1898,"Code of Criminal Procedure, 1898",section,356,,CRPC_1898_SEC_356,Section 356,Record in other cases,"{""federal"": ""in_force"", ""punjab"": ""in_force"", ""sindh"": ""in_force"", ""kp"": ""in_force"", ""balochistan"": ""in_force""}",,"Pakistan Code (pakistancode.gov.pk), Act No. V of 1898; https://pakistancode.gov.pk/pdffiles/administrator7db1e56f0f1d39a6e67573ec6b0944e2.pdf",2026-09-23
CRPC_1898,"Code of Criminal Procedure, 1898",section,357,,CRPC_1898_SEC_357,Section 357,Language of record of evidence,"{""federal"": ""in_force"", ""punjab"": ""in_force"", ""sindh"": ""in_force"", ""kp"": ""in_force"", ""balochistan"": ""in_force""}",,"Pakistan Code (pakistancode.gov.pk), Act No. V of 1898; https://pakistancode.gov.pk/pdffiles/administrator7db1e56f0f1d39a6e67573ec6b0944e2.pdf",2026-09-23
CRPC_1898,"Code of Criminal Procedure, 1898",section,358,,CRPC_1898_SEC_358,Section 358,Option to Magistrate in cases under section 355,"{""federal"": ""in_force"", ""punjab"": ""in_force"", ""sindh"": ""in_force"", ""kp"": ""in_force"", ""balochistan"": ""in_force""}",,"Pakistan Code (pakistancode.gov.pk), Act No. V of 1898; https://pakistancode.gov.pk/pdffiles/administrator7db1e56f0f1d39a6e67573ec6b0944e2.pdf",2026-09-23
CRPC_1898,"Code of Criminal Procedure, 1898",section,359,,CRPC_1898_SEC_359,Section 359,Mode of recording evidence under section 356 or section 357,"{""federal"": ""in_force"", ""punjab"": ""in_force"", ""sindh"": ""in_force"", ""kp"": ""in_force"", ""balochistan"": ""in_force""}",,"Pakistan Code (pakistancode.gov.pk), Act No. V of 1898; https://pakistancode.gov.pk/pdffiles/administrator7db1e56f0f1d39a6e67573ec6b0944e2.pdf",2026-09-23
CRPC_1898,"Code of Criminal Procedure, 1898",section,360,,CRPC_1898_SEC_360,Section 360,Procedure in regard to such evidence when completed,"{""federal"": ""in_force"", ""punjab"": ""in_force"", ""sindh"": ""in_force"", ""kp"": ""in_force"", ""balochistan"": ""in_force""}",,"Pakistan Code (pakistancode.gov.pk), Act No. V of 1898; https://pakistancode.gov.pk/pdffiles/administrator7db1e56f0f1d39a6e67573ec6b0944e2.pdf",2026-09-23
CRPC_1898,"Code of Criminal Procedure, 1898",section,361,,CRPC_1898_SEC_361,Section 361,Interpretation of evidence to accused or his pleader,"{""federal"": ""in_force"", ""punjab"": ""in_force"", ""sindh"": ""in_force"", ""kp"": ""in_force"", ""balochistan"": ""in_force""}",,"Pakistan Code (pakistancode.gov.pk), Act No. V of 1898; https://pakistancode.gov.pk/pdffiles/administrator7db1e56f0f1d39a6e67573ec6b0944e2.pdf",2026-09-23
CRPC_1898,"Code of Criminal Procedure, 1898",section,362,,CRPC_1898_SEC_362,Section 362,[Omitted],"{""federal"": ""omitted"", ""punjab"": ""omitted"", ""sindh"": ""omitted"", ""kp"": ""omitted"", ""balochistan"": ""omitted""}",,"Pakistan Code (pakistancode.gov.pk), Act No. V of 1898; https://pakistancode.gov.pk/pdffiles/administrator7db1e56f0f1d39a6e67573ec6b0944e2.pdf",2026-09-23
CRPC_1898,"Code of Criminal Procedure, 1898",section,363,,CRPC_1898_SEC_363,Section 363,Remarks respecting demeanour of witness,"{""federal"": ""in_force"", ""punjab"": ""in_force"", ""sindh"": ""in_force"", ""kp"": ""in_force"", ""balochistan"": ""in_force""}",,"Pakistan Code (pakistancode.gov.pk), Act No. V of 1898; https://pakistancode.gov.pk/pdffiles/administrator7db1e56f0f1d39a6e67573ec6b0944e2.pdf",2026-09-23
CRPC_1898,"Code of Criminal Procedure, 1898",section,364,,CRPC_1898_SEC_364,Section 364,Examination of accused how recorded,"{""federal"": ""in_force"", ""punjab"": ""in_force"", ""sindh"": ""in_force"", ""kp"": ""in_force"", ""balochistan"": ""in_force""}",,"Pakistan Code (pakistancode.gov.pk), Act No. V of 1898; https://pakistancode.gov.pk/pdffiles/administrator7db1e56f0f1d39a6e67573ec6b0944e2.pdf",2026-09-23
CRPC_1898,"Code of Criminal Procedure, 1898",section,365,,CRPC_1898_SEC_365,Section 365,Record of evidence in High Court,"{""federal"": ""in_force"", ""punjab"": ""in_force"", ""sindh"": ""in_force"", ""kp"": ""in_force"", ""balochistan"": ""in_force""}",,"Pakistan Code (pakistancode.gov.pk), Act No. V of 1898; https://pakistancode.gov.pk/pdffiles/administrator7db1e56f0f1d39a6e67573ec6b0944e2.pdf",2026-09-23
CRPC_1898,"Code of Criminal Procedure, 1898",section,366,,CRPC_1898_SEC_366,Section 366,Mode of delivering judgment,"{""federal"": ""in_force"", ""punjab"": ""in_force"", ""sindh"": ""in_force"", ""kp"": ""in_force"", ""balochistan"": ""in_force""}",,"Pakistan Code (pakistancode.gov.pk), Act No. V of 1898; https://pakistancode.gov.pk/pdffiles/administrator7db1e56f0f1d39a6e67573ec6b0944e2.pdf",2026-09-23
CRPC_1898,"Code of Criminal Procedure, 1898",section,367,,CRPC_1898_SEC_367,Section 367,Language of judgment,"{""federal"": ""in_force"", ""punjab"": ""in_force"", ""sindh"": ""in_force"", ""kp"": ""in_force"", ""balochistan"": ""in_force""}",,"Pakistan Code (pakistancode.gov.pk), Act No. V of 1898; https://pakistancode.gov.pk/pdffiles/administrator7db1e56f0f1d39a6e67573ec6b0944e2.pdf",2026-09-23
CRPC_1898,"Code of Criminal Procedure, 1898",section,368,,CRPC_1898_SEC_368,Section 368,Sentence of death,"{""federal"": ""in_force"", ""punjab"": ""in_force"", ""sindh"": ""in_force"", ""kp"": ""in_force"", ""balochistan"": ""in_force""}",,"Pakistan Code (pakistancode.gov.pk), Act No. V of 1898; https://pakistancode.gov.pk/pdffiles/administrator7db1e56f0f1d39a6e67573ec6b0944e2.pdf",2026-09-23
CRPC_1898,"Code of Criminal Procedure, 1898",section,369,,CRPC_1898_SEC_369,Section 369,Court not to alter judgment,"{""federal"": ""in_force"", ""punjab"": ""in_force"", ""sindh"": ""in_force"", ""kp"": ""in_force"", ""balochistan"": ""in_force""}",,"Pakistan Code (pakistancode.gov.pk), Act No. V of 1898; https://pakistancode.gov.pk/pdffiles/administrator7db1e56f0f1d39a6e67573ec6b0944e2.pdf",2026-09-23
CRPC_1898,"Code of Criminal Procedure, 1898",section,370,,CRPC_1898_SEC_370,Section 370,[Omitted],"{""federal"": ""omitted"", ""punjab"": ""omitted"", ""sindh"": ""omitted"", ""kp"": ""omitted"", ""balochistan"": ""omitted""}",,"Pakistan Code (pakistancode.gov.pk), Act No. V of 1898; https://pakistancode.gov.pk/pdffiles/administrator7db1e56f0f1d39a6e67573ec6b0944e2.pdf",2026-09-23
CRPC_1898,"Code of Criminal Procedure, 1898",section,371,,CRPC_1898_SEC_371,Section 371,"Copy of judgment, etc, to be given to accused","{""federal"": ""in_force"", ""punjab"": ""in_force"", ""sindh"": ""in_force"", ""kp"": ""in_force"", ""balochistan"": ""in_force""}",,"Pakistan Code (pakistancode.gov.pk), Act No. V of 1898; https://pakistancode.gov.pk/pdffiles/administrator7db1e56f0f1d39a6e67573ec6b0944e2.pdf",2026-09-23
CRPC_1898,"Code of Criminal Procedure, 1898",section,372,,CRPC_1898_SEC_372,Section 372,Judgment when to be translated,"{""federal"": ""in_force"", ""punjab"": ""in_force"", ""sindh"": ""in_force"", ""kp"": ""in_force"", ""balochistan"": ""in_force""}",,"Pakistan Code (pakistancode.gov.pk), Act No. V of 1898; https://pakistancode.gov.pk/pdffiles/administrator7db1e56f0f1d39a6e67573ec6b0944e2.pdf",2026-09-23
CRPC_1898,"Code of Criminal Procedure, 1898",section,373,,CRPC_1898_SEC_373,Section 373,Court of Session to send copy of finding and sentence to officer-in-charge of prosecution,"{""federal"": ""in_force"", ""punjab"": ""in_force"", ""sindh"": ""in_force"", ""kp"": ""in_force"", ""balochistan"": ""in_force""}",,"Pakistan Code (pakistancode.gov.pk), Act No. V of 1898; https://pakistancode.gov.pk/pdffiles/administrator7db1e56f0f1d39a6e67573ec6b0944e2.pdf",2026-09-23
CRPC_1898,"Code of Criminal Procedure, 1898",section,374,,CRPC_1898_SEC_374,Section 374,Sentence of death to be submitted by Court of Session,"{""federal"": ""in_force"", ""punjab"": ""in_force"", ""sindh"": ""in_force"", ""kp"": ""in_force"", ""balochistan"": ""in_force""}",,"Pakistan Code (pakistancode.gov.pk), Act No. V of 1898; https://pakistancode.gov.pk/pdffiles/administrator7db1e56f0f1d39a6e67573ec6b0944e2.pdf",2026-09-23
CRPC_1898,"Code of Criminal Procedure, 1898",section,375,,CRPC_1898_SEC_375,Section 375,Power to direct further inquiry to be made or additional evidence to be taken,"{""federal"": ""in_force"", ""punjab"": ""in_force"", ""sindh"": ""in_force"", ""kp"": ""in_force"", ""balochistan"": ""in_force""}",,"Pakistan Code (pakistancode.gov.pk), Act No. V of 1898; https://pakistancode.gov.pk/pdffiles/administrator7db1e56f0f1d39a6e67573ec6b0944e2.pdf",2026-09-23
CRPC_1898,"Code of Criminal Procedure, 1898",section,376,,CRPC_1898_SEC_376,Section 376,Power to High Court to confirm sentence or annul conviction,"{""federal"": ""in_force"", ""punjab"": ""in_force"", ""sindh"": ""in_force"", ""kp"": ""in_force"", ""balochistan"": ""in_force""}",,"Pakistan Code (pakistancode.gov.pk), Act No. V of 1898; https://pakistancode.gov.pk/pdffiles/administrator7db1e56f0f1d39a6e67573ec6b0944e2.pdf",2026-09-23
CRPC_1898,"Code of Criminal Procedure, 1898",section,377,,CRPC_1898_SEC_377,Section 377,Confirmation of new sentence to be signed by two Judges,"{""federal"": ""in_force"", ""punjab"": ""in_force"", ""sindh"": ""in_force"", ""kp"": ""in_force"", ""balochistan"": ""in_force""}",,"Pakistan Code (pakistancode.gov.pk), Act No. V of 1898; https://pakistancode.gov.pk/pdffiles/administrator7db1e56f0f1d39a6e67573ec6b0944e2.pdf",2026-09-23
CRPC_1898,"Code of Criminal Procedure, 1898",section,378,,CRPC_1898_SEC_378,Section 378,Procedure in case of difference of opinion,"{""federal"": ""in_force"", ""punjab"": ""in_force"", ""sindh"": ""in_force"", ""kp"": ""in_force"", ""balochistan"": ""in_force""}",,"Pakistan Code (pakistancode.gov.pk), Act No. V of 1898; https://pakistancode.gov.pk/pdffiles/administrator7db1e56f0f1d39a6e67573ec6b0944e2.pdf",2026-09-23
CRPC_1898,"Code of Criminal Procedure, 1898",section,379,,CRPC_1898_SEC_379,Section 379,Procedure in cases submitted to High Court for confirmation,"{""federal"": ""in_force"", ""punjab"": ""in_force"", ""sindh"": ""in_force"", ""kp"": ""in_force"", ""balochistan"": ""in_force""}",,"Pakistan Code (pakistancode.gov.pk), Act No. V of 1898; https://pakistancode.gov.pk/pdffiles/administrator7db1e56f0f1d39a6e67573ec6b0944e2.pdf",2026-09-23
CRPC_1898,"Code of Criminal Procedure, 1898",section,380,,CRPC_1898_SEC_380,Section 380,Procedure in cases submitted by Magistrate not empowered to act under section 562,"{""federal"": ""in_force"", ""punjab"": ""in_force"", ""sindh"": ""in_force"", ""kp"": ""in_force"", ""balochistan"": ""in_force""}",,"Pakistan Code (pakistancode.gov.pk), Act No. V of 1898; https://pakistancode.gov.pk/pdffiles/administrator7db1e56f0f1d39a6e67573ec6b0944e2.pdf",2026-09-23
CRPC_1898,"Code of Criminal Procedure, 1898",section,381,,CRPC_1898_SEC_381,Section 381,Execution of order passed under section 376,"{""federal"": ""in_force"", ""punjab"": ""in_force"", ""sindh"": ""in_force"", ""kp"": ""in_force"", ""balochistan"": ""in_force""}",,"Pakistan Code (pakistancode.gov.pk), Act No. V of 1898; https://pakistancode.gov.pk/pdffiles/administrator7db1e56f0f1d39a6e67573ec6b0944e2.pdf",2026-09-23
CRPC_1898,"Code of Criminal Procedure, 1898",section,382,,CRPC_1898_SEC_382,Section 382,Postponement of capital sentence on pregnant woman,"{""federal"": ""in_force"", ""punjab"": ""in_force"", ""sindh"": ""in_force"", ""kp"": ""in_force"", ""balochistan"": ""in_force""}",,"Pakistan Code (pakistancode.gov.pk), Act No. V of 1898; https://pakistancode.gov.pk/pdffiles/administrator7db1e56f0f1d39a6e67573ec6b0944e2.pdf",2026-09-23
CRPC_1898,"Code of Criminal Procedure, 1898",section,382A,,CRPC_1898_SEC_382A,Section 382A,Postponement of execution of sentences of imprisonment under section 476 or for a period of,"{""federal"": ""in_force"", ""punjab"": ""in_force"", ""sindh"": ""in_force"", ""kp"": ""in_force"", ""balochistan"": ""in_force""}",,"Pakistan Code (pakistancode.gov.pk), Act No. V of 1898; https://pakistancode.gov.pk/pdffiles/administrator7db1e56f0f1d39a6e67573ec6b0944e2.pdf",2026-09-23
CRPC_1898,"Code of Criminal Procedure, 1898",section,382B,,CRPC_1898_SEC_382B,Section 382B,Period of detention to be considered while awarding sentence of imprisonment,"{""federal"": ""in_force"", ""punjab"": ""in_force"", ""sindh"": ""in_force"", ""kp"": ""in_force"", ""balochistan"": ""in_force""}",,"Pakistan Code (pakistancode.gov.pk), Act No. V of 1898; https://pakistancode.gov.pk/pdffiles/administrator7db1e56f0f1d39a6e67573ec6b0944e2.pdf",2026-09-23
CRPC_1898,"Code of Criminal Procedure, 1898",section,382C,,CRPC_1898_SEC_382C,Section 382C,Scandalous or false and frivolous pleas to be considered in passing sentence,"{""federal"": ""in_force"", ""punjab"": ""in_force"", ""sindh"": ""in_force"", ""kp"": ""in_force"", ""balochistan"": ""in_force""}",,"Pakistan Code (pakistancode.gov.pk), Act No. V of 1898; https://pakistancode.gov.pk/pdffiles/administrator7db1e56f0f1d39a6e67573ec6b0944e2.pdf",2026-09-23
CRPC_1898,"Code of Criminal Procedure, 1898",section,383,,CRPC_1898_SEC_383,Section 383,Execution of sentences of imprisonment for life or imprisonment in other cases,"{""federal"": ""in_force"", ""punjab"": ""in_force"", ""sindh"": ""in_force"", ""kp"": ""in_force"", ""balochistan"": ""in_force""}",,"Pakistan Code (pakistancode.gov.pk), Act No. V of 1898; https://pakistancode.gov.pk/pdffiles/administrator7db1e56f0f1d39a6e67573ec6b0944e2.pdf",2026-09-23
CRPC_1898,"Code of Criminal Procedure, 1898",section,384,,CRPC_1898_SEC_384,Section 384,Direction of warrant for execution,"{""federal"": ""in_force"", ""punjab"": ""in_force"", ""sindh"": ""in_force"", ""kp"": ""in_force"", ""balochistan"": ""in_force""}",,"Pakistan Code (pakistancode.gov.pk), Act No. V of 1898; https://pakistancode.gov.pk/pdffiles/administrator7db1e56f0f1d39a6e67573ec6b0944e2.pdf",2026-09-23
CRPC_1898,"Code of Criminal Procedure, 1898",section,385,,CRPC_1898_SEC_385,Section 385,Warrant with whom to be lodged,"{""federal"": ""in_force"", ""punjab"": ""in_force"", ""sindh"": ""in_force"", ""kp"": ""in_force"", ""balochistan"": ""in_force""}",,"Pakistan Code (pakistancode.gov.pk), Act No. V of 1898; https://pakistancode.gov.pk/pdffiles/administrator7db1e56f0f1d39a6e67573ec6b0944e2.pdf",2026-09-23
CRPC_1898,"Code of Criminal Procedure, 1898",section,386,,CRPC_1898_SEC_386,Section 386,Warrant for levy of fine,"{""federal"": ""in_force"", ""punjab"": ""in_force"", ""sindh"": ""in_force"", ""kp"": ""in_force"", ""balochistan"": ""in_force""}",,"Pakistan Code (pakistancode.gov.pk), Act No. V of 1898; https://pakistancode.gov.pk/pdffiles/administrator7db1e56f0f1d39a6e67573ec6b0944e2.pdf",2026-09-23
CRPC_1898,"Code of Criminal Procedure, 1898",section,387,,CRPC_1898_SEC_387,Section 387,Effect of such warrant,"{""federal"": ""in_force"", ""punjab"": ""in_force"", ""sindh"": ""in_force"", ""kp"": ""in_force"", ""balochistan"": ""in_force""}",,"Pakistan Code (pakistancode.gov.pk), Act No. V of 1898; https://pakistancode.gov.pk/pdffiles/administrator7db1e56f0f1d39a6e67573ec6b0944e2.pdf",2026-09-23
CRPC_1898,"Code of Criminal Procedure, 1898",section,388,,CRPC_1898_SEC_388,Section 388,Suspension of execution of sentence of imprisonment,"{""federal"": ""in_force"", ""punjab"": ""in_force"", ""sindh"": ""in_force"", ""kp"": ""in_force"", ""balochistan"": ""in_force""}",,"Pakistan Code (pakistancode.gov.pk), Act No. V of 1898; https://pakistancode.gov.pk/pdffiles/administrator7db1e56f0f1d39a6e67573ec6b0944e2.pdf",2026-09-23
CRPC_1898,"Code of Criminal Procedure, 1898",section,389,,CRPC_1898_SEC_389,Section 389,Who may issue warrant,"{""federal"": ""in_force"", ""punjab"": ""in_force"", ""sindh"": ""in_force"", ""kp"": ""in_force"", ""balochistan"": ""in_force""}",,"Pakistan Code (pakistancode.gov.pk), Act No. V of 1898; https://pakistancode.gov.pk/pdffiles/administrator7db1e56f0f1d39a6e67573ec6b0944e2.pdf",2026-09-23
CRPC_1898,"Code of Criminal Procedure, 1898",section,390,,CRPC_1898_SEC_390,Section 390,Execution of sentence of whipping only,"{""federal"": ""in_force"", ""punjab"": ""in_force"", ""sindh"": ""in_force"", ""kp"": ""in_force"", ""balochistan"": ""in_force""}",,"Pakistan Code (pakistancode.gov.pk), Act No. V of 1898; https://pakistancode.gov.pk/pdffiles/administrator7db1e56f0f1d39a6e67573ec6b0944e2.pdf",2026-09-23
CRPC_1898,"Code of Criminal Procedure, 1898",section,391,,CRPC_1898_SEC_391,Section 391,"Execution of sentence of whipping, in addition to imprisonment","{""federal"": ""in_force"", ""punjab"": ""in_force"", ""sindh"": ""in_force"", ""kp"": ""in_force"", ""balochistan"": ""in_force""}",,"Pakistan Code (pakistancode.gov.pk), Act No. V of 1898; https://pakistancode.gov.pk/pdffiles/administrator7db1e56f0f1d39a6e67573ec6b0944e2.pdf",2026-09-23
CRPC_1898,"Code of Criminal Procedure, 1898",section,392,,CRPC_1898_SEC_392,Section 392,Mode of inflicting punishment,"{""federal"": ""in_force"", ""punjab"": ""in_force"", ""sindh"": ""in_force"", ""kp"": ""in_force"", ""balochistan"": ""in_force""}",,"Pakistan Code (pakistancode.gov.pk), Act No. V of 1898; https://pakistancode.gov.pk/pdffiles/administrator7db1e56f0f1d39a6e67573ec6b0944e2.pdf",2026-09-23
CRPC_1898,"Code of Criminal Procedure, 1898",section,393,,CRPC_1898_SEC_393,Section 393,"Not to be executed by instalments, Exemptions","{""federal"": ""in_force"", ""punjab"": ""in_force"", ""sindh"": ""in_force"", ""kp"": ""in_force"", ""balochistan"": ""in_force""}",,"Pakistan Code (pakistancode.gov.pk), Act No. V of 1898; https://pakistancode.gov.pk/pdffiles/administrator7db1e56f0f1d39a6e67573ec6b0944e2.pdf",2026-09-23
CRPC_1898,"Code of Criminal Procedure, 1898",section,394,,CRPC_1898_SEC_394,Section 394,Whipping not to be inflicted if offender not in fit state of health,"{""federal"": ""in_force"", ""punjab"": ""in_force"", ""sindh"": ""in_force"", ""kp"": ""in_force"", ""balochistan"": ""in_force""}",,"Pakistan Code (pakistancode.gov.pk), Act No. V of 1898; https://pakistancode.gov.pk/pdffiles/administrator7db1e56f0f1d39a6e67573ec6b0944e2.pdf",2026-09-23
CRPC_1898,"Code of Criminal Procedure, 1898",section,395,,CRPC_1898_SEC_395,Section 395,Procedure if punishment cannot be inflicted under section 394,"{""federal"": ""in_force"", ""punjab"": ""in_force"", ""sindh"": ""in_force"", ""kp"": ""in_force"", ""balochistan"": ""in_force""}",,"Pakistan Code (pakistancode.gov.pk), Act No. V of 1898; https://pakistancode.gov.pk/pdffiles/administrator7db1e56f0f1d39a6e67573ec6b0944e2.pdf",2026-09-23
CRPC_1898,"Code of Criminal Procedure, 1898",section,396,,CRPC_1898_SEC_396,Section 396,Execution of sentences on escaped convicts,"{""federal"": ""in_force"", ""punjab"": ""in_force"", ""sindh"": ""in_force"", ""kp"": ""in_force"", ""balochistan"": ""in_force""}",,"Pakistan Code (pakistancode.gov.pk), Act No. V of 1898; https://pakistancode.gov.pk/pdffiles/administrator7db1e56f0f1d39a6e67573ec6b0944e2.pdf",2026-09-23
CRPC_1898,"Code of Criminal Procedure, 1898",section,397,,CRPC_1898_SEC_397,Section 397,Sentence on offender already sentenced for another offence,"{""federal"": ""in_force"", ""punjab"": ""in_force"", ""sindh"": ""in_force"", ""kp"": ""in_force"", ""balochistan"": ""in_force""}",,"Pakistan Code (pakistancode.gov.pk), Act No. V of 1898; https://pakistancode.gov.pk/pdffiles/administrator7db1e56f0f1d39a6e67573ec6b0944e2.pdf",2026-09-23
CRPC_1898,"Code of Criminal Procedure, 1898",section,398,,CRPC_1898_SEC_398,Section 398,Saving as to sections 396 and 397,"{""federal"": ""in_force"", ""punjab"": ""in_force"", ""sindh"": ""in_force"", ""kp"": ""in_force"", ""balochistan"": ""in_force""}",,"Pakistan Code (pakistancode.gov.pk), Act No. V of 1898; https://pakistancode.gov.pk/pdffiles/administrator7db1e56f0f1d39a6e67573ec6b0944e2.pdf",2026-09-23
CRPC_1898,"Code of Criminal Procedure, 1898",section,399,,CRPC_1898_SEC_399,Section 399,Confinement of youthful offenders in reformatories,"{""federal"": ""in_force"", ""punjab"": ""in_force"", ""sindh"": ""in_force"", ""kp"": ""in_force"", ""balochistan"": ""in_force""}",,"Pakistan Code (pakistancode.gov.pk), Act No. V of 1898; https://pakistancode.gov.pk/pdffiles/administrator7db1e56f0f1d39a6e67573ec6b0944e2.pdf",2026-09-23
CRPC_1898,"Code of Criminal Procedure, 1898",section,400,,CRPC_1898_SEC_400,Section 400,Return of warrant on execution of sentence,"{""federal"": ""in_force"", ""punjab"": ""in_force"", ""sindh"": ""in_force"", ""kp"": ""in_force"", ""balochistan"": ""in_force""}",,"Pakistan Code (pakistancode.gov.pk), Act No. V of 1898; https://pakistancode.gov.pk/pdffiles/administrator7db1e56f0f1d39a6e67573ec6b0944e2.pdf",2026-09-23
CRPC_1898,"Code of Criminal Procedure, 1898",section,401,,CRPC_1898_SEC_401,Section 401,Power to suspend or remit sentences,"{""federal"": ""in_force"", ""punjab"": ""in_force"", ""sindh"": ""in_force"", ""kp"": ""in_force"", ""balochistan"": ""in_force""}",,"Pakistan Code (pakistancode.gov.pk), Act No. V of 1898; https://pakistancode.gov.pk/pdffiles/administrator7db1e56f0f1d39a6e67573ec6b0944e2.pdf",2026-09-23
CRPC_1898,"Code of Criminal Procedure, 1898",section,402,,CRPC_1898_SEC_402,Section 402,Power to commute punishment,"{""federal"": ""in_force"", ""punjab"": ""in_force"", ""sindh"": ""in_force"", ""kp"": ""in_force"", ""balochistan"": ""in_force""}",,"Pakistan Code (pakistancode.gov.pk), Act No. V of 1898; https://pakistancode.gov.pk/pdffiles/administrator7db1e56f0f1d39a6e67573ec6b0944e2.pdf",2026-09-23
CRPC_1898,"Code of Criminal Procedure, 1898",section,402A,,CRPC_1898_SEC_402A,Section 402A,Sentence of death,"{""federal"": ""in_force"", ""punjab"": ""in_force"", ""sindh"": ""in_force"", ""kp"": ""in_force"", ""balochistan"": ""in_force""}",,"Pakistan Code (pakistancode.gov.pk), Act No. V of 1898; https://pakistancode.gov.pk/pdffiles/administrator7db1e56f0f1d39a6e67573ec6b0944e2.pdf",2026-09-23
CRPC_1898,"Code of Criminal Procedure, 1898",section,402B,,CRPC_1898_SEC_402B,Section 402B,Certain restrictions on the exercise of powers by Provincial Government,"{""federal"": ""in_force"", ""punjab"": ""in_force"", ""sindh"": ""in_force"", ""kp"": ""in_force"", ""balochistan"": ""in_force""}",,"Pakistan Code (pakistancode.gov.pk), Act No. V of 1898; https://pakistancode.gov.pk/pdffiles/administrator7db1e56f0f1d39a6e67573ec6b0944e2.pdf",2026-09-23
CRPC_1898,"Code of Criminal Procedure, 1898",section,402C,,CRPC_1898_SEC_402C,Section 402C,Remission or commutation of certain sentences not to be without consent,"{""federal"": ""in_force"", ""punjab"": ""in_force"", ""sindh"": ""in_force"", ""kp"": ""in_force"", ""balochistan"": ""in_force""}",,"Pakistan Code (pakistancode.gov.pk), Act No. V of 1898; https://pakistancode.gov.pk/pdffiles/administrator7db1e56f0f1d39a6e67573ec6b0944e2.pdf",2026-09-23
CRPC_1898,"Code of Criminal Procedure, 1898",section,402D,,CRPC_1898_SEC_402D,Section 402D,Provincial Government not to interfere in sentences of rape,"{""federal"": ""in_force"", ""punjab"": ""in_force"", ""sindh"": ""in_force"", ""kp"": ""in_force"", ""balochistan"": ""in_force""}",,"Pakistan Code (pakistancode.gov.pk), Act No. V of 1898; https://pakistancode.gov.pk/pdffiles/administrator7db1e56f0f1d39a6e67573ec6b0944e2.pdf",2026-09-23
CRPC_1898,"Code of Criminal Procedure, 1898",section,403,,CRPC_1898_SEC_403,Section 403,Person once convicted or acquitted not to be tried for same offence,"{""federal"": ""in_force"", ""punjab"": ""in_force"", ""sindh"": ""in_force"", ""kp"": ""in_force"", ""balochistan"": ""in_force""}",,"Pakistan Code (pakistancode.gov.pk), Act No. V of 1898; https://pakistancode.gov.pk/pdffiles/administrator7db1e56f0f1d39a6e67573ec6b0944e2.pdf",2026-09-23
CRPC_1898,"Code of Criminal Procedure, 1898",section,404,,CRPC_1898_SEC_404,Section 404,"Unless otherwise provided, no appeal to lie","{""federal"": ""in_force"", ""punjab"": ""in_force"", ""sindh"": ""in_force"", ""kp"": ""in_force"", ""balochistan"": ""in_force""}",,"Pakistan Code (pakistancode.gov.pk), Act No. V of 1898; https://pakistancode.gov.pk/pdffiles/administrator7db1e56f0f1d39a6e67573ec6b0944e2.pdf",2026-09-23
CRPC_1898,"Code of Criminal Procedure, 1898",section,405,,CRPC_1898_SEC_405,Section 405,Appeal from order rejecting application for restoration of attached property,"{""federal"": ""in_force"", ""punjab"": ""in_force"", ""sindh"": ""in_force"", ""kp"": ""in_force"", ""balochistan"": ""in_force""}",,"Pakistan Code (pakistancode.gov.pk), Act No. V of 1898; https://pakistancode.gov.pk/pdffiles/administrator7db1e56f0f1d39a6e67573ec6b0944e2.pdf",2026-09-23
CRPC_1898,"Code of Criminal Procedure, 1898",section,406,,CRPC_1898_SEC_406,Section 406,Appeal from order requiring security for keeping the peace or for good behaviour,"{""federal"": ""in_force"", ""punjab"": ""in_force"", ""sindh"": ""in_force"", ""kp"": ""in_force"", ""balochistan"": ""in_force""}",,"Pakistan Code (pakistancode.gov.pk), Act No. V of 1898; https://pakistancode.gov.pk/pdffiles/administrator7db1e56f0f1d39a6e67573ec6b0944e2.pdf",2026-09-23
CRPC_1898,"Code of Criminal Procedure, 1898",section,406A,,CRPC_1898_SEC_406A,Section 406A,Appeal from order refusing to accept or rejecting a surety,"{""federal"": ""in_force"", ""punjab"": ""in_force"", ""sindh"": ""in_force"", ""kp"": ""in_force"", ""balochistan"": ""in_force""}",,"Pakistan Code (pakistancode.gov.pk), Act No. V of 1898; https://pakistancode.gov.pk/pdffiles/administrator7db1e56f0f1d39a6e67573ec6b0944e2.pdf",2026-09-23
CRPC_1898,"Code of Criminal Procedure, 1898",section,407,,CRPC_1898_SEC_407,Section 407,[Omitted],"{""federal"": ""omitted"", ""punjab"": ""omitted"", ""sindh"": ""omitted"", ""kp"": ""omitted"", ""balochistan"": ""omitted""}",,"Pakistan Code (pakistancode.gov.pk), Act No. V of 1898; https://pakistancode.gov.pk/pdffiles/administrator7db1e56f0f1d39a6e67573ec6b0944e2.pdf",2026-09-23
CRPC_1898,"Code of Criminal Procedure, 1898",section,408,,CRPC_1898_SEC_408,Section 408,Appeal from sentence of Assistant Sessions Judge or [Judicial Magistrate],"{""federal"": ""in_force"", ""punjab"": ""in_force"", ""sindh"": ""in_force"", ""kp"": ""in_force"", ""balochistan"": ""in_force""}",,"Pakistan Code (pakistancode.gov.pk), Act No. V of 1898; https://pakistancode.gov.pk/pdffiles/administrator7db1e56f0f1d39a6e67573ec6b0944e2.pdf",2026-09-23
CRPC_1898,"Code of Criminal Procedure, 1898",section,409,,CRPC_1898_SEC_409,Section 409,Appeals to Court of Session how heard,"{""federal"": ""in_force"", ""punjab"": ""in_force"", ""sindh"": ""in_force"", ""kp"": ""in_force"", ""balochistan"": ""in_force""}",,"Pakistan Code (pakistancode.gov.pk), Act No. V of 1898; https://pakistancode.gov.pk/pdffiles/administrator7db1e56f0f1d39a6e67573ec6b0944e2.pdf",2026-09-23
CRPC_1898,"Code of Criminal Procedure, 1898",section,410,,CRPC_1898_SEC_410,Section 410,Appeal from sentence of Court of Session,"{""federal"": ""in_force"", ""punjab"": ""in_force"", ""sindh"": ""in_force"", ""kp"": ""in_force"", ""balochistan"": ""in_force""}",,"Pakistan Code (pakistancode.gov.pk), Act No. V of 1898; https://pakistancode.gov.pk/pdffiles/administrator7db1e56f0f1d39a6e67573ec6b0944e2.pdf",2026-09-23
CRPC_1898,"Code of Criminal Procedure, 1898",section,411,,CRPC_1898_SEC_411,Section 411,[Omitted],"{""federal"": ""omitted"", ""punjab"": ""omitted"", ""sindh"": ""omitted"", ""kp"": ""omitted"", ""balochistan"": ""omitted""}",,"Pakistan Code (pakistancode.gov.pk), Act No. V of 1898; https://pakistancode.gov.pk/pdffiles/administrator7db1e56f0f1d39a6e67573ec6b0944e2.pdf",2026-09-23
CRPC_1898,"Code of Criminal Procedure, 1898",section,411A,,CRPC_1898_SEC_411A,Section 411A,Appeal from sentence of High Court,"{""federal"": ""in_force"", ""punjab"": ""in_force"", ""sindh"": ""in_force"", ""kp"": ""in_force"", ""balochistan"": ""in_force""}",,"Pakistan Code (pakistancode.gov.pk), Act No. V of 1898; https://pakistancode.gov.pk/pdffiles/administrator7db1e56f0f1d39a6e67573ec6b0944e2.pdf",2026-09-23
CRPC_1898,"Code of Criminal Procedure, 1898",section,412,,CRPC_1898_SEC_412,Section 412,No appeal in certain cases when accused pleads guilty,"{""federal"": ""in_force"", ""punjab"": ""in_force"", ""sindh"": ""in_force"", ""kp"": ""in_force"", ""balochistan"": ""in_force""}",,"Pakistan Code (pakistancode.gov.pk), Act No. V of 1898; https://pakistancode.gov.pk/pdffiles/administrator7db1e56f0f1d39a6e67573ec6b0944e2.pdf",2026-09-23
CRPC_1898,"Code of Criminal Procedure, 1898",section,413,,CRPC_1898_SEC_413,Section 413,No appeal in petty cases,"{""federal"": ""in_force"", ""punjab"": ""in_force"", ""sindh"": ""in_force"", ""kp"": ""in_force"", ""balochistan"": ""in_force""}",,"Pakistan Code (pakistancode.gov.pk), Act No. V of 1898; https://pakistancode.gov.pk/pdffiles/administrator7db1e56f0f1d39a6e67573ec6b0944e2.pdf",2026-09-23
CRPC_1898,"Code of Criminal Procedure, 1898",section,414,,CRPC_1898_SEC_414,Section 414,No appeal from certain summary convictions,"{""federal"": ""in_force"", ""punjab"": ""in_force"", ""sindh"": ""in_force"", ""kp"": ""in_force"", ""balochistan"": ""in_force""}",,"Pakistan Code (pakistancode.gov.pk), Act No. V of 1898; https://pakistancode.gov.pk/pdffiles/administrator7db1e56f0f1d39a6e67573ec6b0944e2.pdf",2026-09-23
CRPC_1898,"Code of Criminal Procedure, 1898",section,414A,,CRPC_1898_SEC_414A,Section 414A,No appeal from certain summary convictions under the law relating to price control,"{""federal"": ""in_force"", ""punjab"": ""in_force"", ""sindh"": ""in_force"", ""kp"": ""in_force"", ""balochistan"": ""in_force""}",,"Pakistan Code (pakistancode.gov.pk), Act No. V of 1898; https://pakistancode.gov.pk/pdffiles/administrator7db1e56f0f1d39a6e67573ec6b0944e2.pdf",2026-09-23
CRPC_1898,"Code of Criminal Procedure, 1898",section,415,,CRPC_1898_SEC_415,Section 415,Proviso to sections 413 and 414,"{""federal"": ""in_force"", ""punjab"": ""in_force"", ""sindh"": ""in_force"", ""kp"": ""in_force"", ""balochistan"": ""in_force""}",,"Pakistan Code (pakistancode.gov.pk), Act No. V of 1898; https://pakistancode.gov.pk/pdffiles/administrator7db1e56f0f1d39a6e67573ec6b0944e2.pdf",2026-09-23
CRPC_1898,"Code of Criminal Procedure, 1898",section,415A,,CRPC_1898_SEC_415A,Section 415A,Special right of appeal in certain cases,"{""federal"": ""in_force"", ""punjab"": ""in_force"", ""sindh"": ""in_force"", ""kp"": ""in_force"", ""balochistan"": ""in_force""}",,"Pakistan Code (pakistancode.gov.pk), Act No. V of 1898; https://pakistancode.gov.pk/pdffiles/administrator7db1e56f0f1d39a6e67573ec6b0944e2.pdf",2026-09-23
CRPC_1898,"Code of Criminal Procedure, 1898",section,416,,CRPC_1898_SEC_416,Section 416,[Repealed],"{""federal"": ""repealed"", ""punjab"": ""repealed"", ""sindh"": ""repealed"", ""kp"": ""repealed"", ""balochistan"": ""repealed""}",,"Pakistan Code (pakistancode.gov.pk), Act No. V of 1898; https://pakistancode.gov.pk/pdffiles/administrator7db1e56f0f1d39a6e67573ec6b0944e2.pdf",2026-09-23
CRPC_1898,"Code of Criminal Procedure, 1898",section,417,,CRPC_1898_SEC_417,Section 417,Appeal in case of acquittal,"{""federal"": ""in_force"", ""punjab"": ""in_force"", ""sindh"": ""in_force"", ""kp"": ""in_force"", ""balochistan"": ""in_force""}",,"Pakistan Code (pakistancode.gov.pk), Act No. V of 1898; https://pakistancode.gov.pk/pdffiles/administrator7db1e56f0f1d39a6e67573ec6b0944e2.pdf",2026-09-23
CRPC_1898,"Code of Criminal Procedure, 1898",section,418,,CRPC_1898_SEC_418,Section 418,Appeal on what matters admissible,"{""federal"": ""in_force"", ""punjab"": ""in_force"", ""sindh"": ""in_force"", ""kp"": ""in_force"", ""balochistan"": ""in_force""}",,"Pakistan Code (pakistancode.gov.pk), Act No. V of 1898; https://pakistancode.gov.pk/pdffiles/administrator7db1e56f0f1d39a6e67573ec6b0944e2.pdf",2026-09-23
CRPC_1898,"Code of Criminal Procedure, 1898",section,419,,CRPC_1898_SEC_419,Section 419,Petition of appeal,"{""federal"": ""in_force"", ""punjab"": ""in_force"", ""sindh"": ""in_force"", ""kp"": ""in_force"", ""balochistan"": ""in_force""}",,"Pakistan Code (pakistancode.gov.pk), Act No. V of 1898; https://pakistancode.gov.pk/pdffiles/administrator7db1e56f0f1d39a6e67573ec6b0944e2.pdf",2026-09-23
CRPC_1898,"Code of Criminal Procedure, 1898",section,420,,CRPC_1898_SEC_420,Section 420,Procedure when appellant in jail,"{""federal"": ""in_force"", ""punjab"": ""in_force"", ""sindh"": ""in_force"", ""kp"": ""in_force"", ""balochistan"": ""in_force""}",,"Pakistan Code (pakistancode.gov.pk), Act No. V of 1898; https://pakistancode.gov.pk/pdffiles/administrator7db1e56f0f1d39a6e67573ec6b0944e2.pdf",2026-09-23
CRPC_1898,"Code of Criminal Procedure, 1898",section,421,,CRPC_1898_SEC_421,Section 421,Summary dismissal of appeal,"{""federal"": ""in_force"", ""punjab"": ""in_force"", ""sindh"": ""in_force"", ""kp"": ""in_force"", ""balochistan"": ""in_force""}",,"Pakistan Code (pakistancode.gov.pk), Act No. V of 1898; https://pakistancode.gov.pk/pdffiles/administrator7db1e56f0f1d39a6e67573ec6b0944e2.pdf",2026-09-23
CRPC_1898,"Code of Criminal Procedure, 1898",section,422,,CRPC_1898_SEC_422,Section 422,Notice of appeal,"{""federal"": ""in_force"", ""punjab"": ""in_force"", ""sindh"": ""in_force"", ""kp"": ""in_force"", ""balochistan"": ""in_force""}",,"Pakistan Code (pakistancode.gov.pk), Act No. V of 1898; https://pakistancode.gov.pk/pdffiles/administrator7db1e56f0f1d39a6e67573ec6b0944e2.pdf",2026-09-23
CRPC_1898,"Code of Criminal Procedure, 1898",section,423,,CRPC_1898_SEC_423,Section 423,Powers of Appellate Court in disposing of appeal,"{""federal"": ""in_force"", ""punjab"": ""in_force"", ""sindh"": ""in_force"", ""kp"": ""in_force"", ""balochistan"": ""in_force""}",,"Pakistan Code (pakistancode.gov.pk), Act No. V of 1898; https://pakistancode.gov.pk/pdffiles/administrator7db1e56f0f1d39a6e67573ec6b0944e2.pdf",2026-09-23
CRPC_1898,"Code of Criminal Procedure, 1898",section,424,,CRPC_1898_SEC_424,Section 424,Judgments of subordinate Appellate Courts,"{""federal"": ""in_force"", ""punjab"": ""in_force"", ""sindh"": ""in_force"", ""kp"": ""in_force"", ""balochistan"": ""in_force""}",,"Pakistan Code (pakistancode.gov.pk), Act No. V of 1898; https://pakistancode.gov.pk/pdffiles/administrator7db1e56f0f1d39a6e67573ec6b0944e2.pdf",2026-09-23
CRPC_1898,"Code of Criminal Procedure, 1898",section,425,,CRPC_1898_SEC_425,Section 425,Order by High Court on appeal to be certified to lower Court,"{""federal"": ""in_force"", ""punjab"": ""in_force"", ""sindh"": ""in_force"", ""kp"": ""in_force"", ""balochistan"": ""in_force""}",,"Pakistan Code (pakistancode.gov.pk), Act No. V of 1898; https://pakistancode.gov.pk/pdffiles/administrator7db1e56f0f1d39a6e67573ec6b0944e2.pdf",2026-09-23
CRPC_1898,"Code of Criminal Procedure, 1898",section,426,,CRPC_1898_SEC_426,Section 426,Suspension of sentence pending appeals. Release of appellant on bail,"{""federal"": ""in_force"", ""punjab"": ""in_force"", ""sindh"": ""in_force"", ""kp"": ""in_force"", ""balochistan"": ""in_force""}",,"Pakistan Code (pakistancode.gov.pk), Act No. V of 1898; https://pakistancode.gov.pk/pdffiles/administrator7db1e56f0f1d39a6e67573ec6b0944e2.pdf",2026-09-23
CRPC_1898,"Code of Criminal Procedure, 1898",section,427,,CRPC_1898_SEC_427,Section 427,Arrest of accused in appeal from acquittal,"{""federal"": ""in_force"", ""punjab"": ""in_force"", ""sindh"": ""in_force"", ""kp"": ""in_force"", ""balochistan"": ""in_force""}",,"Pakistan Code (pakistancode.gov.pk), Act No. V of 1898; https://pakistancode.gov.pk/pdffiles/administrator7db1e56f0f1d39a6e67573ec6b0944e2.pdf",2026-09-23
CRPC_1898,"Code of Criminal Procedure, 1898",section,428,,CRPC_1898_SEC_428,Section 428,Appellate court may take further evidence or direct it to be taken,"{""federal"": ""in_force"", ""punjab"": ""in_force"", ""sindh"": ""in_force"", ""kp"": ""in_force"", ""balochistan"": ""in_force""}",,"Pakistan Code (pakistancode.gov.pk), Act No. V of 1898; https://pakistancode.gov.pk/pdffiles/administrator7db1e56f0f1d39a6e67573ec6b0944e2.pdf",2026-09-23
CRPC_1898,"Code of Criminal Procedure, 1898",section,429,,CRPC_1898_SEC_429,Section 429,Procedure where Judges of Court of Appeal are equally divided,"{""federal"": ""in_force"", ""punjab"": ""in_force"", ""sindh"": ""in_force"", ""kp"": ""in_force"", ""balochistan"": ""in_force""}",,"Pakistan Code (pakistancode.gov.pk), Act No. V of 1898; https://pakistancode.gov.pk/pdffiles/administrator7db1e56f0f1d39a6e67573ec6b0944e2.pdf",2026-09-23
CRPC_1898,"Code of Criminal Procedure, 1898",section,430,,CRPC_1898_SEC_430,Section 430,Finality of orders on appeal,"{""federal"": ""in_force"", ""punjab"": ""in_force"", ""sindh"": ""in_force"", ""kp"": ""in_force"", ""balochistan"": ""in_force""}",,"Pakistan Code (pakistancode.gov.pk), Act No. V of 1898; https://pakistancode.gov.pk/pdffiles/administrator7db1e56f0f1d39a6e67573ec6b0944e2.pdf",2026-09-23
CRPC_1898,"Code of Criminal Procedure, 1898",section,431,,CRPC_1898_SEC_431,Section 431,Abatement of appeals,"{""federal"": ""in_force"", ""punjab"": ""in_force"", ""sindh"": ""in_force"", ""kp"": ""in_force"", ""balochistan"": ""in_force""}",,"Pakistan Code (pakistancode.gov.pk), Act No. V of 1898; https://pakistancode.gov.pk/pdffiles/administrator7db1e56f0f1d39a6e67573ec6b0944e2.pdf",2026-09-23
CRPC_1898,"Code of Criminal Procedure, 1898",section,435,,CRPC_1898_SEC_435,Section 435,Power to call for records of inferior Courts,"{""federal"": ""in_force"", ""punjab"": ""in_force"", ""sindh"": ""in_force"", ""kp"": ""in_force"", ""balochistan"": ""in_force""}",,"Pakistan Code (pakistancode.gov.pk), Act No. V of 1898; https://pakistancode.gov.pk/pdffiles/administrator7db1e56f0f1d39a6e67573ec6b0944e2.pdf",2026-09-23
CRPC_1898,"Code of Criminal Procedure, 1898",section,436,,CRPC_1898_SEC_436,Section 436,Power to order further inquiry,"{""federal"": ""in_force"", ""punjab"": ""in_force"", ""sindh"": ""in_force"", ""kp"": ""in_force"", ""balochistan"": ""in_force""}",,"Pakistan Code (pakistancode.gov.pk), Act No. V of 1898; https://pakistancode.gov.pk/pdffiles/administrator7db1e56f0f1d39a6e67573ec6b0944e2.pdf",2026-09-23
CRPC_1898,"Code of Criminal Procedure, 1898",section,437,,CRPC_1898_SEC_437,Section 437,[Omitted],"{""federal"": ""omitted"", ""punjab"": ""omitted"", ""sindh"": ""omitted"", ""kp"": ""omitted"", ""balochistan"": ""omitted""}",,"Pakistan Code (pakistancode.gov.pk), Act No. V of 1898; https://pakistancode.gov.pk/pdffiles/administrator7db1e56f0f1d39a6e67573ec6b0944e2.pdf",2026-09-23
CRPC_1898,"Code of Criminal Procedure, 1898",section,438,,CRPC_1898_SEC_438,Section 438,[Omitted],"{""federal"": ""omitted"", ""punjab"": ""omitted"", ""sindh"": ""omitted"", ""kp"": ""omitted"", ""balochistan"": ""omitted""}",,"Pakistan Code (pakistancode.gov.pk), Act No. V of 1898; https://pakistancode.gov.pk/pdffiles/administrator7db1e56f0f1d39a6e67573ec6b0944e2.pdf",2026-09-23
CRPC_1898,"Code of Criminal Procedure, 1898",section,439,,CRPC_1898_SEC_439,Section 439,High Court's powers of revision,"{""federal"": ""in_force"", ""punjab"": ""in_force"", ""sindh"": ""in_force"", ""kp"": ""in_force"", ""balochistan"": ""in_force""}",,"Pakistan Code (pakistancode.gov.pk), Act No. V of 1898; https://pakistancode.gov.pk/pdffiles/administrator7db1e56f0f1d39a6e67573ec6b0944e2.pdf",2026-09-23
CRPC_1898,"Code of Criminal Procedure, 1898",section,439A,,CRPC_1898_SEC_439A,Section 439A,Sessions Judges powers of revision,"{""federal"": ""in_force"", ""punjab"": ""in_force"", ""sindh"": ""in_force"", ""kp"": ""in_force"", ""balochistan"": ""in_force""}",,"Pakistan Code (pakistancode.gov.pk), Act No. V of 1898; https://pakistancode.gov.pk/pdffiles/administrator7db1e56f0f1d39a6e67573ec6b0944e2.pdf",2026-09-23
CRPC_1898,"Code of Criminal Procedure, 1898",section,440,,CRPC_1898_SEC_440,Section 440,Optional with Court to hear parties,"{""federal"": ""in_force"", ""punjab"": ""in_force"", ""sindh"": ""in_force"", ""kp"": ""in_force"", ""balochistan"": ""in_force""}",,"Pakistan Code (pakistancode.gov.pk), Act No. V of 1898; https://pakistancode.gov.pk/pdffiles/administrator7db1e56f0f1d39a6e67573ec6b0944e2.pdf",2026-09-23
CRPC_1898,"Code of Criminal Procedure, 1898",section,441,,CRPC_1898_SEC_441,Section 441,[Omitted],"{""federal"": ""omitted"", ""punjab"": ""omitted"", ""sindh"": ""omitted"", ""kp"": ""omitted"", ""balochistan"": ""omitted""}",,"Pakistan Code (pakistancode.gov.pk), Act No. V of 1898; https://pakistancode.gov.pk/pdffiles/administrator7db1e56f0f1d39a6e67573ec6b0944e2.pdf",2026-09-23
CRPC_1898,"Code of Criminal Procedure, 1898",section,442,,CRPC_1898_SEC_442,Section 442,High Court's order to be certified to lower Court or Magistrate,"{""federal"": ""in_force"", ""punjab"": ""in_force"", ""sindh"": ""in_force"", ""kp"": ""in_force"", ""balochistan"": ""in_force""}",,"Pakistan Code (pakistancode.gov.pk), Act No. V of 1898; https://pakistancode.gov.pk/pdffiles/administrator7db1e56f0f1d39a6e67573ec6b0944e2.pdf",2026-09-23
CRPC_1898,"Code of Criminal Procedure, 1898",section,464,,CRPC_1898_SEC_464,Section 464,Procedure in case of accused being lunatic,"{""federal"": ""in_force"", ""punjab"": ""in_force"", ""sindh"": ""in_force"", ""kp"": ""in_force"", ""balochistan"": ""in_force""}",,"Pakistan Code (pakistancode.gov.pk), Act No. V of 1898; https://pakistancode.gov.pk/pdffiles/administrator7db1e56f0f1d39a6e67573ec6b0944e2.pdf",2026-09-23
CRPC_1898,"Code of Criminal Procedure, 1898",section,465,,CRPC_1898_SEC_465,Section 465,Procedure in case of person [sent for trial] Court of Session or High Court being lunatic,"{""federal"": ""in_force"", ""punjab"": ""in_force"", ""sindh"": ""in_force"", ""kp"": ""in_force"", ""balochistan"": ""in_force""}",,"Pakistan Code (pakistancode.gov.pk), Act No. V of 1898; https://pakistancode.gov.pk/pdffiles/administrator7db1e56f0f1d39a6e67573ec6b0944e2.pdf",2026-09-23
CRPC_1898,"Code of Criminal Procedure, 1898",section,466,,CRPC_1898_SEC_466,Section 466,Release of lunatic pending investigation or trial,"{""federal"": ""in_force"", ""punjab"": ""in_force"", ""sindh"": ""in_force"", ""kp"": ""in_force"", ""balochistan"": ""in_force""}",,"Pakistan Code (pakistancode.gov.pk), Act No. V of 1898; https://pakistancode.gov.pk/pdffiles/administrator7db1e56f0f1d39a6e67573ec6b0944e2.pdf",2026-09-23
CRPC_1898,"Code of Criminal Procedure, 1898",section,467,,CRPC_1898_SEC_467,Section 467,Resumption of inquiry or trial,"{""federal"": ""in_force"", ""punjab"": ""in_force"", ""sindh"": ""in_force"", ""kp"": ""in_force"", ""balochistan"": ""in_force""}",,"Pakistan Code (pakistancode.gov.pk), Act No. V of 1898; https://pakistancode.gov.pk/pdffiles/administrator7db1e56f0f1d39a6e67573ec6b0944e2.pdf",2026-09-23
CRPC_1898,"Code of Criminal Procedure, 1898",section,468,,CRPC_1898_SEC_468,Section 468,Procedure on accused appearing before Magistrate or Court,"{""federal"": ""in_force"", ""punjab"": ""in_force"", ""sindh"": ""in_force"", ""kp"": ""in_force"", ""balochistan"": ""in_force""}",,"Pakistan Code (pakistancode.gov.pk), Act No. V of 1898; https://pakistancode.gov.pk/pdffiles/administrator7db1e56f0f1d39a6e67573ec6b0944e2.pdf",2026-09-23
CRPC_1898,"Code of Criminal Procedure, 1898",section,469,,CRPC_1898_SEC_469,Section 469,When accused appears to have been insane,"{""federal"": ""in_force"", ""punjab"": ""in_force"", ""sindh"": ""in_force"", ""kp"": ""in_force"", ""balochistan"": ""in_force""}",,"Pakistan Code (pakistancode.gov.pk), Act No. V of 1898; https://pakistancode.gov.pk/pdffiles/administrator7db1e56f0f1d39a6e67573ec6b0944e2.pdf",2026-09-23
CRPC_1898,"Code of Criminal Procedure, 1898",section,470,,CRPC_1898_SEC_470,Section 470,Judgment of acquittal on ground of lunacy,"{""federal"": ""in_force"", ""punjab"": ""in_force"", ""sindh"": ""in_force"", ""kp"": ""in_force"", ""balochistan"": ""in_force""}",,"Pakistan Code (pakistancode.gov.pk), Act No. V of 1898; https://pakistancode.gov.pk/pdffiles/administrator7db1e56f0f1d39a6e67573ec6b0944e2.pdf",2026-09-23
CRPC_1898,"Code of Criminal Procedure, 1898",section,471,,CRPC_1898_SEC_471,Section 471,Person acquitted on such ground to be detained in safe custody,"{""federal"": ""in_force"", ""punjab"": ""in_force"", ""sindh"": ""in_force"", ""kp"": ""in_force"", ""balochistan"": ""in_force""}",,"Pakistan Code (pakistancode.gov.pk), Act No. V of 1898; https://pakistancode.gov.pk/pdffiles/administrator7db1e56f0f1d39a6e67573ec6b0944e2.pdf",2026-09-23
CRPC_1898,"Code of Criminal Procedure, 1898",section,472,,CRPC_1898_SEC_472,Section 472,[Repealed],"{""federal"": ""repealed"", ""punjab"": ""repealed"", ""sindh"": ""repealed"", ""kp"": ""repealed"", ""balochistan"": ""repealed""}",,"Pakistan Code (pakistancode.gov.pk), Act No. V of 1898; https://pakistancode.gov.pk/pdffiles/administrator7db1e56f0f1d39a6e67573ec6b0944e2.pdf",2026-09-23
CRPC_1898,"Code of Criminal Procedure, 1898",section,473,,CRPC_1898_SEC_473,Section 473,Procedure where lunatic prisoner is reported capable of making his defence,"{""federal"": ""in_force"", ""punjab"": ""in_force"", ""sindh"": ""in_force"", ""kp"": ""in_force"", ""balochistan"": ""in_force""}",,"Pakistan Code (pakistancode.gov.pk), Act No. V of 1898; https://pakistancode.gov.pk/pdffiles/administrator7db1e56f0f1d39a6e67573ec6b0944e2.pdf",2026-09-23
CRPC_1898,"Code of Criminal Procedure, 1898",section,474,,CRPC_1898_SEC_474,Section 474,Procedure where lunatic detained under section 466 or 471 is declared fit to be released,"{""federal"": ""in_force"", ""punjab"": ""in_force"", ""sindh"": ""in_force"", ""kp"": ""in_force"", ""balochistan"": ""in_force""}",,"Pakistan Code (pakistancode.gov.pk), Act No. V of 1898; https://pakistancode.gov.pk/pdffiles/administrator7db1e56f0f1d39a6e67573ec6b0944e2.pdf",2026-09-23
CRPC_1898,"Code of Criminal Procedure, 1898",section,475,,CRPC_1898_SEC_475,Section 475,Delivery of lunatic to care of relative or friend,"{""federal"": ""in_force"", ""punjab"": ""in_force"", ""sindh"": ""in_force"", ""kp"": ""in_force"", ""balochistan"": ""in_force""}",,"Pakistan Code (pakistancode.gov.pk), Act No. V of 1898; https://pakistancode.gov.pk/pdffiles/administrator7db1e56f0f1d39a6e67573ec6b0944e2.pdf",2026-09-23
CRPC_1898,"Code of Criminal Procedure, 1898",section,476,,CRPC_1898_SEC_476,Section 476,Procedure in cases mentioned in section 195,"{""federal"": ""in_force"", ""punjab"": ""in_force"", ""sindh"": ""in_force"", ""kp"": ""in_force"", ""balochistan"": ""in_force""}",,"Pakistan Code (pakistancode.gov.pk), Act No. V of 1898; https://pakistancode.gov.pk/pdffiles/administrator7db1e56f0f1d39a6e67573ec6b0944e2.pdf",2026-09-23
CRPC_1898,"Code of Criminal Procedure, 1898",section,476A,,CRPC_1898_SEC_476A,Section 476A,Forwarding of cases for trial by Courts having jurisdiction.,"{""federal"": ""in_force"", ""punjab"": ""in_force"", ""sindh"": ""in_force"", ""kp"": ""in_force"", ""balochistan"": ""in_force""}",,"Pakistan Code (pakistancode.gov.pk), Act No. V of 1898; https://pakistancode.gov.pk/pdffiles/administrator7db1e56f0f1d39a6e67573ec6b0944e2.pdf",2026-09-23
CRPC_1898,"Code of Criminal Procedure, 1898",section,476B,,CRPC_1898_SEC_476B,Section 476B,[Omitted],"{""federal"": ""omitted"", ""punjab"": ""omitted"", ""sindh"": ""omitted"", ""kp"": ""omitted"", ""balochistan"": ""omitted""}",,"Pakistan Code (pakistancode.gov.pk), Act No. V of 1898; https://pakistancode.gov.pk/pdffiles/administrator7db1e56f0f1d39a6e67573ec6b0944e2.pdf",2026-09-23
CRPC_1898,"Code of Criminal Procedure, 1898",section,477,,CRPC_1898_SEC_477,Section 477,[Repealed],"{""federal"": ""repealed"", ""punjab"": ""repealed"", ""sindh"": ""repealed"", ""kp"": ""repealed"", ""balochistan"": ""repealed""}",,"Pakistan Code (pakistancode.gov.pk), Act No. V of 1898; https://pakistancode.gov.pk/pdffiles/administrator7db1e56f0f1d39a6e67573ec6b0944e2.pdf",2026-09-23
CRPC_1898,"Code of Criminal Procedure, 1898",section,478,,CRPC_1898_SEC_478,Section 478,[Omitted],"{""federal"": ""omitted"", ""punjab"": ""omitted"", ""sindh"": ""omitted"", ""kp"": ""omitted"", ""balochistan"": ""omitted""}",,"Pakistan Code (pakistancode.gov.pk), Act No. V of 1898; https://pakistancode.gov.pk/pdffiles/administrator7db1e56f0f1d39a6e67573ec6b0944e2.pdf",2026-09-23
CRPC_1898,"Code of Criminal Procedure, 1898",section,479,,CRPC_1898_SEC_479,Section 479,[Omitted],"{""federal"": ""omitted"", ""punjab"": ""omitted"", ""sindh"": ""omitted"", ""kp"": ""omitted"", ""balochistan"": ""omitted""}",,"Pakistan Code (pakistancode.gov.pk), Act No. V of 1898; https://pakistancode.gov.pk/pdffiles/administrator7db1e56f0f1d39a6e67573ec6b0944e2.pdf",2026-09-23
CRPC_1898,"Code of Criminal Procedure, 1898",section,480,,CRPC_1898_SEC_480,Section 480,Procedure in certain cases of contempt,"{""federal"": ""in_force"", ""punjab"": ""in_force"", ""sindh"": ""in_force"", ""kp"": ""in_force"", ""balochistan"": ""in_force""}",,"Pakistan Code (pakistancode.gov.pk), Act No. V of 1898; https://pakistancode.gov.pk/pdffiles/administrator7db1e56f0f1d39a6e67573ec6b0944e2.pdf",2026-09-23
CRPC_1898,"Code of Criminal Procedure, 1898",section,481,,CRPC_1898_SEC_481,Section 481,Record in such cases,"{""federal"": ""in_force"", ""punjab"": ""in_force"", ""sindh"": ""in_force"", ""kp"": ""in_force"", ""balochistan"": ""in_force""}",,"Pakistan Code (pakistancode.gov.pk), Act No. V of 1898; https://pakistancode.gov.pk/pdffiles/administrator7db1e56f0f1d39a6e67573ec6b0944e2.pdf",2026-09-23
CRPC_1898,"Code of Criminal Procedure, 1898",section,482,,CRPC_1898_SEC_482,Section 482,Procedure where Court considers that case should not be dealt with under section 480,"{""federal"": ""in_force"", ""punjab"": ""in_force"", ""sindh"": ""in_force"", ""kp"": ""in_force"", ""balochistan"": ""in_force""}",,"Pakistan Code (pakistancode.gov.pk), Act No. V of 1898; https://pakistancode.gov.pk/pdffiles/administrator7db1e56f0f1d39a6e67573ec6b0944e2.pdf",2026-09-23
CRPC_1898,"Code of Criminal Procedure, 1898",section,483,,CRPC_1898_SEC_483,Section 483,When Registrar or Sub-Registrar to be deemed a Civil Court within sections 480 and 482,"{""federal"": ""in_force"", ""punjab"": ""in_force"", ""sindh"": ""in_force"", ""kp"": ""in_force"", ""balochistan"": ""in_force""}",,"Pakistan Code (pakistancode.gov.pk), Act No. V of 1898; https://pakistancode.gov.pk/pdffiles/administrator7db1e56f0f1d39a6e67573ec6b0944e2.pdf",2026-09-23
CRPC_1898,"Code of Criminal Procedure, 1898",section,484,,CRPC_1898_SEC_484,Section 484,Discharge of offender on submission of apology,"{""federal"": ""in_force"", ""punjab"": ""in_force"", ""sindh"": ""in_force"", ""kp"": ""in_force"", ""balochistan"": ""in_force""}",,"Pakistan Code (pakistancode.gov.pk), Act No. V of 1898; https://pakistancode.gov.pk/pdffiles/administrator7db1e56f0f1d39a6e67573ec6b0944e2.pdf",2026-09-23
CRPC_1898,"Code of Criminal Procedure, 1898",section,485,,CRPC_1898_SEC_485,Section 485,Imprisonment or committal of person refusing to answer or produce document,"{""federal"": ""in_force"", ""punjab"": ""in_force"", ""sindh"": ""in_force"", ""kp"": ""in_force"", ""balochistan"": ""in_force""}",,"Pakistan Code (pakistancode.gov.pk), Act No. V of 1898; https://pakistancode.gov.pk/pdffiles/administrator7db1e56f0f1d39a6e67573ec6b0944e2.pdf",2026-09-23
CRPC_1898,"Code of Criminal Procedure, 1898",section,486,,CRPC_1898_SEC_486,Section 486,Appeals from convictions in contempt cases,"{""federal"": ""in_force"", ""punjab"": ""in_force"", ""sindh"": ""in_force"", ""kp"": ""in_force"", ""balochistan"": ""in_force""}",,"Pakistan Code (pakistancode.gov.pk), Act No. V of 1898; https://pakistancode.gov.pk/pdffiles/administrator7db1e56f0f1d39a6e67573ec6b0944e2.pdf",2026-09-23
CRPC_1898,"Code of Criminal Procedure, 1898",section,487,,CRPC_1898_SEC_487,Section 487,Certain Judges and Magistrates not to try offences referred to in section 195 when committed,"{""federal"": ""in_force"", ""punjab"": ""in_force"", ""sindh"": ""in_force"", ""kp"": ""in_force"", ""balochistan"": ""in_force""}",,"Pakistan Code (pakistancode.gov.pk), Act No. V of 1898; https://pakistancode.gov.pk/pdffiles/administrator7db1e56f0f1d39a6e67573ec6b0944e2.pdf",2026-09-23
CRPC_1898,"Code of Criminal Procedure, 1898",section,491,,CRPC_1898_SEC_491,Section 491,Power to issue directions of the nature of a habeas carpus,"{""federal"": ""in_force"", ""punjab"": ""in_force"", ""sindh"": ""in_force"", ""kp"": ""in_force"", ""balochistan"": ""in_force""}",,"Pakistan Code (pakistancode.gov.pk), Act No. V of 1898; https://pakistancode.gov.pk/pdffiles/administrator7db1e56f0f1d39a6e67573ec6b0944e2.pdf",2026-09-23
CRPC_1898,"Code of Criminal Procedure, 1898",section,491A,,CRPC_1898_SEC_491A,Section 491A,[Omitted],"{""federal"": ""omitted"", ""punjab"": ""omitted"", ""sindh"": ""omitted"", ""kp"": ""omitted"", ""balochistan"": ""omitted""}",,"Pakistan Code (pakistancode.gov.pk), Act No. V of 1898; https://pakistancode.gov.pk/pdffiles/administrator7db1e56f0f1d39a6e67573ec6b0944e2.pdf",2026-09-23
CRPC_1898,"Code of Criminal Procedure, 1898",section,492,,CRPC_1898_SEC_492,Section 492,Power to appoint Public Prosecutors,"{""federal"": ""in_force"", ""punjab"": ""in_force"", ""sindh"": ""in_force"", ""kp"": ""in_force"", ""balochistan"": ""in_force""}",,"Pakistan Code (pakistancode.gov.pk), Act No. V of 1898; https://pakistancode.gov.pk/pdffiles/administrator7db1e56f0f1d39a6e67573ec6b0944e2.pdf",2026-09-23
CRPC_1898,"Code of Criminal Procedure, 1898",section,493,,CRPC_1898_SEC_493,Section 493,Public Prosecutor may plead in all Courts in cases under his charge.,"{""federal"": ""in_force"", ""punjab"": ""in_force"", ""sindh"": ""in_force"", ""kp"": ""in_force"", ""balochistan"": ""in_force""}",,"Pakistan Code (pakistancode.gov.pk), Act No. V of 1898; https://pakistancode.gov.pk/pdffiles/administrator7db1e56f0f1d39a6e67573ec6b0944e2.pdf",2026-09-23
CRPC_1898,"Code of Criminal Procedure, 1898",section,494,,CRPC_1898_SEC_494,Section 494,Effect of withdrawal from prosecution,"{""federal"": ""in_force"", ""punjab"": ""in_force"", ""sindh"": ""in_force"", ""kp"": ""in_force"", ""balochistan"": ""in_force""}",,"Pakistan Code (pakistancode.gov.pk), Act No. V of 1898; https://pakistancode.gov.pk/pdffiles/administrator7db1e56f0f1d39a6e67573ec6b0944e2.pdf",2026-09-23
CRPC_1898,"Code of Criminal Procedure, 1898",section,495,,CRPC_1898_SEC_495,Section 495,Permission to conduct prosecutions,"{""federal"": ""in_force"", ""punjab"": ""in_force"", ""sindh"": ""in_force"", ""kp"": ""in_force"", ""balochistan"": ""in_force""}",,"Pakistan Code (pakistancode.gov.pk), Act No. V of 1898; https://pakistancode.gov.pk/pdffiles/administrator7db1e56f0f1d39a6e67573ec6b0944e2.pdf",2026-09-23
CRPC_1898,"Code of Criminal Procedure, 1898",section,496,,CRPC_1898_SEC_496,Section 496,In what cases bail to be taken,"{""federal"": ""in_force"", ""punjab"": ""in_force"", ""sindh"": ""in_force"", ""kp"": ""in_force"", ""balochistan"": ""in_force""}",,"Pakistan Code (pakistancode.gov.pk), Act No. V of 1898; https://pakistancode.gov.pk/pdffiles/administrator7db1e56f0f1d39a6e67573ec6b0944e2.pdf",2026-09-23
CRPC_1898,"Code of Criminal Procedure, 1898",section,497,,CRPC_1898_SEC_497,Section 497,When bail may be taken in case of non-bailable offence,"{""federal"": ""in_force"", ""punjab"": ""in_force"", ""sindh"": ""in_force"", ""kp"": ""in_force"", ""balochistan"": ""in_force""}",,"Pakistan Code (pakistancode.gov.pk), Act No. V of 1898; https://pakistancode.gov.pk/pdffiles/administrator7db1e56f0f1d39a6e67573ec6b0944e2.pdf",2026-09-23
CRPC_1898,"Code of Criminal Procedure, 1898",section,498,,CRPC_1898_SEC_498,Section 498,Power to direct admission to bail or reduction of bail,"{""federal"": ""in_force"", ""punjab"": ""in_force"", ""sindh"": ""in_force"", ""kp"": ""in_force"", ""balochistan"": ""in_force""}",,"Pakistan Code (pakistancode.gov.pk), Act No. V of 1898; https://pakistancode.gov.pk/pdffiles/administrator7db1e56f0f1d39a6e67573ec6b0944e2.pdf",2026-09-23
CRPC_1898,"Code of Criminal Procedure, 1898",section,498A,,CRPC_1898_SEC_498A,Section 498A,"No bail to be granted to a person not in custody, in court or against whom no case is","{""federal"": ""in_force"", ""punjab"": ""in_force"", ""sindh"": ""in_force"", ""kp"": ""in_force"", ""balochistan"": ""in_force""}",,"Pakistan Code (pakistancode.gov.pk), Act No. V of 1898; https://pakistancode.gov.pk/pdffiles/administrator7db1e56f0f1d39a6e67573ec6b0944e2.pdf",2026-09-23
CRPC_1898,"Code of Criminal Procedure, 1898",section,499,,CRPC_1898_SEC_499,Section 499,Bond of accused and sureties,"{""federal"": ""in_force"", ""punjab"": ""in_force"", ""sindh"": ""in_force"", ""kp"": ""in_force"", ""balochistan"": ""in_force""}",,"Pakistan Code (pakistancode.gov.pk), Act No. V of 1898; https://pakistancode.gov.pk/pdffiles/administrator7db1e56f0f1d39a6e67573ec6b0944e2.pdf",2026-09-23
CRPC_1898,"Code of Criminal Procedure, 1898",section,500,,CRPC_1898_SEC_500,Section 500,Discharge from custody,"{""federal"": ""in_force"", ""punjab"": ""in_force"", ""sindh"": ""in_force"", ""kp"": ""in_force"", ""balochistan"": ""in_force""}",,"Pakistan Code (pakistancode.gov.pk), Act No. V of 1898; https://pakistancode.gov.pk/pdffiles/administrator7db1e56f0f1d39a6e67573ec6b0944e2.pdf",2026-09-23
CRPC_1898,"Code of Criminal Procedure, 1898",section,501,,CRPC_1898_SEC_501,Section 501,Power to order sufficient bail when that first taken is insufficient,"{""federal"": ""in_force"", ""punjab"": ""in_force"", ""sindh"": ""in_force"", ""kp"": ""in_force"", ""balochistan"": ""in_force""}",,"Pakistan Code (pakistancode.gov.pk), Act No. V of 1898; https://pakistancode.gov.pk/pdffiles/administrator7db1e56f0f1d39a6e67573ec6b0944e2.pdf",2026-09-23
CRPC_1898,"Code of Criminal Procedure, 1898",section,502,,CRPC_1898_SEC_502,Section 502,Discharge of sureties,"{""federal"": ""in_force"", ""punjab"": ""in_force"", ""sindh"": ""in_force"", ""kp"": ""in_force"", ""balochistan"": ""in_force""}",,"Pakistan Code (pakistancode.gov.pk), Act No. V of 1898; https://pakistancode.gov.pk/pdffiles/administrator7db1e56f0f1d39a6e67573ec6b0944e2.pdf",2026-09-23
CRPC_1898,"Code of Criminal Procedure, 1898",section,503,,CRPC_1898_SEC_503,Section 503,When attendance of witness may be dispensed with,"{""federal"": ""in_force"", ""punjab"": ""in_force"", ""sindh"": ""in_force"", ""kp"": ""in_force"", ""balochistan"": ""in_force""}",,"Pakistan Code (pakistancode.gov.pk), Act No. V of 1898; https://pakistancode.gov.pk/pdffiles/administrator7db1e56f0f1d39a6e67573ec6b0944e2.pdf",2026-09-23
CRPC_1898,"Code of Criminal Procedure, 1898",section,504,,CRPC_1898_SEC_504,Section 504,[Omitted],"{""federal"": ""omitted"", ""punjab"": ""omitted"", ""sindh"": ""omitted"", ""kp"": ""omitted"", ""balochistan"": ""omitted""}",,"Pakistan Code (pakistancode.gov.pk), Act No. V of 1898; https://pakistancode.gov.pk/pdffiles/administrator7db1e56f0f1d39a6e67573ec6b0944e2.pdf",2026-09-23
CRPC_1898,"Code of Criminal Procedure, 1898",section,505,,CRPC_1898_SEC_505,Section 505,Parties may examine witnesses,"{""federal"": ""in_force"", ""punjab"": ""in_force"", ""sindh"": ""in_force"", ""kp"": ""in_force"", ""balochistan"": ""in_force""}",,"Pakistan Code (pakistancode.gov.pk), Act No. V of 1898; https://pakistancode.gov.pk/pdffiles/administrator7db1e56f0f1d39a6e67573ec6b0944e2.pdf",2026-09-23
CRPC_1898,"Code of Criminal Procedure, 1898",section,506,,CRPC_1898_SEC_506,Section 506,Power of Magistrate to apply for issue of commission,"{""federal"": ""in_force"", ""punjab"": ""in_force"", ""sindh"": ""in_force"", ""kp"": ""in_force"", ""balochistan"": ""in_force""}",,"Pakistan Code (pakistancode.gov.pk), Act No. V of 1898; https://pakistancode.gov.pk/pdffiles/administrator7db1e56f0f1d39a6e67573ec6b0944e2.pdf",2026-09-23
CRPC_1898,"Code of Criminal Procedure, 1898",section,507,,CRPC_1898_SEC_507,Section 507,Return of commission,"{""federal"": ""in_force"", ""punjab"": ""in_force"", ""sindh"": ""in_force"", ""kp"": ""in_force"", ""balochistan"": ""in_force""}",,"Pakistan Code (pakistancode.gov.pk), Act No. V of 1898; https://pakistancode.gov.pk/pdffiles/administrator7db1e56f0f1d39a6e67573ec6b0944e2.pdf",2026-09-23
CRPC_1898,"Code of Criminal Procedure, 1898",section,508,,CRPC_1898_SEC_508,Section 508,Adjournment of inquiry or trial,"{""federal"": ""in_force"", ""punjab"": ""in_force"", ""sindh"": ""in_force"", ""kp"": ""in_force"", ""balochistan"": ""in_force""}",,"Pakistan Code (pakistancode.gov.pk), Act No. V of 1898; https://pakistancode.gov.pk/pdffiles/administrator7db1e56f0f1d39a6e67573ec6b0944e2.pdf",2026-09-23
CRPC_1898,"Code of Criminal Procedure, 1898",section,508A,,CRPC_1898_SEC_508A,Section 508A,Application of this Chapter to Commissions issued in Burma,"{""federal"": ""in_force"", ""punjab"": ""in_force"", ""sindh"": ""in_force"", ""kp"": ""in_force"", ""balochistan"": ""in_force""}",,"Pakistan Code (pakistancode.gov.pk), Act No. V of 1898; https://pakistancode.gov.pk/pdffiles/administrator7db1e56f0f1d39a6e67573ec6b0944e2.pdf",2026-09-23
CRPC_1898,"Code of Criminal Procedure, 1898",section,509,,CRPC_1898_SEC_509,Section 509,Deposition of medical witness.,"{""federal"": ""in_force"", ""punjab"": ""in_force"", ""sindh"": ""in_force"", ""kp"": ""in_force"", ""balochistan"": ""in_force""}",,"Pakistan Code (pakistancode.gov.pk), Act No. V of 1898; https://pakistancode.gov.pk/pdffiles/administrator7db1e56f0f1d39a6e67573ec6b0944e2.pdf",2026-09-23
CRPC_1898,"Code of Criminal Procedure, 1898",section,510,,CRPC_1898_SEC_510,Section 510,"Report of Chemical Examiner, Serologist, etc.","{""federal"": ""in_force"", ""punjab"": ""in_force"", ""sindh"": ""in_force"", ""kp"": ""in_force"", ""balochistan"": ""in_force""}",,"Pakistan Code (pakistancode.gov.pk), Act No. V of 1898; https://pakistancode.gov.pk/pdffiles/administrator7db1e56f0f1d39a6e67573ec6b0944e2.pdf",2026-09-23
CRPC_1898,"Code of Criminal Procedure, 1898",section,511,,CRPC_1898_SEC_511,Section 511,Previous conviction or acquittal how proved,"{""federal"": ""in_force"", ""punjab"": ""in_force"", ""sindh"": ""in_force"", ""kp"": ""in_force"", ""balochistan"": ""in_force""}",,"Pakistan Code (pakistancode.gov.pk), Act No. V of 1898; https://pakistancode.gov.pk/pdffiles/administrator7db1e56f0f1d39a6e67573ec6b0944e2.pdf",2026-09-23
CRPC_1898,"Code of Criminal Procedure, 1898",section,512,,CRPC_1898_SEC_512,Section 512,Record of evidence in absence of accused,"{""federal"": ""in_force"", ""punjab"": ""in_force"", ""sindh"": ""in_force"", ""kp"": ""in_force"", ""balochistan"": ""in_force""}",,"Pakistan Code (pakistancode.gov.pk), Act No. V of 1898; https://pakistancode.gov.pk/pdffiles/administrator7db1e56f0f1d39a6e67573ec6b0944e2.pdf",2026-09-23
CRPC_1898,"Code of Criminal Procedure, 1898",section,513,,CRPC_1898_SEC_513,Section 513,Deposit instead of recognizance,"{""federal"": ""in_force"", ""punjab"": ""in_force"", ""sindh"": ""in_force"", ""kp"": ""in_force"", ""balochistan"": ""in_force""}",,"Pakistan Code (pakistancode.gov.pk), Act No. V of 1898; https://pakistancode.gov.pk/pdffiles/administrator7db1e56f0f1d39a6e67573ec6b0944e2.pdf",2026-09-23
CRPC_1898,"Code of Criminal Procedure, 1898",section,514,,CRPC_1898_SEC_514,Section 514,Procedure on forfeiture of bond,"{""federal"": ""in_force"", ""punjab"": ""in_force"", ""sindh"": ""in_force"", ""kp"": ""in_force"", ""balochistan"": ""in_force""}",,"Pakistan Code (pakistancode.gov.pk), Act No. V of 1898; https://pakistancode.gov.pk/pdffiles/administrator7db1e56f0f1d39a6e67573ec6b0944e2.pdf",2026-09-23
CRPC_1898,"Code of Criminal Procedure, 1898",section,514A,,CRPC_1898_SEC_514A,Section 514A,Procedure in case of insolvency or death of surety or when a bond is forfeited,"{""federal"": ""in_force"", ""punjab"": ""in_force"", ""sindh"": ""in_force"", ""kp"": ""in_force"", ""balochistan"": ""in_force""}",,"Pakistan Code (pakistancode.gov.pk), Act No. V of 1898; https://pakistancode.gov.pk/pdffiles/administrator7db1e56f0f1d39a6e67573ec6b0944e2.pdf",2026-09-23
CRPC_1898,"Code of Criminal Procedure, 1898",section,514B,,CRPC_1898_SEC_514B,Section 514B,Bond required from a minor,"{""federal"": ""in_force"", ""punjab"": ""in_force"", ""sindh"": ""in_force"", ""kp"": ""in_force"", ""balochistan"": ""in_force""}",,"Pakistan Code (pakistancode.gov.pk), Act No. V of 1898; https://pakistancode.gov.pk/pdffiles/administrator7db1e56f0f1d39a6e67573ec6b0944e2.pdf",2026-09-23
CRPC_1898,"Code of Criminal Procedure, 1898",section,515,,CRPC_1898_SEC_515,Section 515,"Appeal from, and revision of, orders under section 514","{""federal"": ""in_force"", ""punjab"": ""in_force"", ""sindh"": ""in_force"", ""kp"": ""in_force"", ""balochistan"": ""in_force""}",,"Pakistan Code (pakistancode.gov.pk), Act No. V of 1898; https://pakistancode.gov.pk/pdffiles/administrator7db1e56f0f1d39a6e67573ec6b0944e2.pdf",2026-09-23
CRPC_1898,"Code of Criminal Procedure, 1898",section,516,,CRPC_1898_SEC_516,Section 516,Power to direct levy of amount due on certain recognizances,"{""federal"": ""in_force"", ""punjab"": ""in_force"", ""sindh"": ""in_force"", ""kp"": ""in_force"", ""balochistan"": ""in_force""}",,"Pakistan Code (pakistancode.gov.pk), Act No. V of 1898; https://pakistancode.gov.pk/pdffiles/administrator7db1e56f0f1d39a6e67573ec6b0944e2.pdf",2026-09-23
CRPC_1898,"Code of Criminal Procedure, 1898",section,516A,,CRPC_1898_SEC_516A,Section 516A,Order for custody and disposal of property pending trial in certain cases,"{""federal"": ""in_force"", ""punjab"": ""in_force"", ""sindh"": ""in_force"", ""kp"": ""in_force"", ""balochistan"": ""in_force""}",,"Pakistan Code (pakistancode.gov.pk), Act No. V of 1898; https://pakistancode.gov.pk/pdffiles/administrator7db1e56f0f1d39a6e67573ec6b0944e2.pdf",2026-09-23
CRPC_1898,"Code of Criminal Procedure, 1898",section,517,,CRPC_1898_SEC_517,Section 517,Order for disposal of property regarding which offence committed,"{""federal"": ""in_force"", ""punjab"": ""in_force"", ""sindh"": ""in_force"", ""kp"": ""in_force"", ""balochistan"": ""in_force""}",,"Pakistan Code (pakistancode.gov.pk), Act No. V of 1898; https://pakistancode.gov.pk/pdffiles/administrator7db1e56f0f1d39a6e67573ec6b0944e2.pdf",2026-09-23
CRPC_1898,"Code of Criminal Procedure, 1898",section,518,,CRPC_1898_SEC_518,Section 518,Order may take form of reference,"{""federal"": ""in_force"", ""punjab"": ""in_force"", ""sindh"": ""in_force"", ""kp"": ""in_force"", ""balochistan"": ""in_force""}",,"Pakistan Code (pakistancode.gov.pk), Act No. V of 1898; https://pakistancode.gov.pk/pdffiles/administrator7db1e56f0f1d39a6e67573ec6b0944e2.pdf",2026-09-23
CRPC_1898,"Code of Criminal Procedure, 1898",section,519,,CRPC_1898_SEC_519,Section 519,Payment to innocent purchaser of money found on accused,"{""federal"": ""in_force"", ""punjab"": ""in_force"", ""sindh"": ""in_force"", ""kp"": ""in_force"", ""balochistan"": ""in_force""}",,"Pakistan Code (pakistancode.gov.pk), Act No. V of 1898; https://pakistancode.gov.pk/pdffiles/administrator7db1e56f0f1d39a6e67573ec6b0944e2.pdf",2026-09-23
CRPC_1898,"Code of Criminal Procedure, 1898",section,520,,CRPC_1898_SEC_520,Section 520,"Stay of order under section 517, 518 or 519","{""federal"": ""in_force"", ""punjab"": ""in_force"", ""sindh"": ""in_force"", ""kp"": ""in_force"", ""balochistan"": ""in_force""}",,"Pakistan Code (pakistancode.gov.pk), Act No. V of 1898; https://pakistancode.gov.pk/pdffiles/administrator7db1e56f0f1d39a6e67573ec6b0944e2.pdf",2026-09-23
CRPC_1898,"Code of Criminal Procedure, 1898",section,521,,CRPC_1898_SEC_521,Section 521,Destruction of libellous and other matter,"{""federal"": ""in_force"", ""punjab"": ""in_force"", ""sindh"": ""in_force"", ""kp"": ""in_force"", ""balochistan"": ""in_force""}",,"Pakistan Code (pakistancode.gov.pk), Act No. V of 1898; https://pakistancode.gov.pk/pdffiles/administrator7db1e56f0f1d39a6e67573ec6b0944e2.pdf",2026-09-23
CRPC_1898,"Code of Criminal Procedure, 1898",section,522,,CRPC_1898_SEC_522,Section 522,Power to restore possession of immoveable property,"{""federal"": ""in_force"", ""punjab"": ""in_force"", ""sindh"": ""in_force"", ""kp"": ""in_force"", ""balochistan"": ""in_force""}",,"Pakistan Code (pakistancode.gov.pk), Act No. V of 1898; https://pakistancode.gov.pk/pdffiles/administrator7db1e56f0f1d39a6e67573ec6b0944e2.pdf",2026-09-23
CRPC_1898,"Code of Criminal Procedure, 1898",section,522A,,CRPC_1898_SEC_522A,Section 522A,Power to restore possession of moveable property,"{""federal"": ""in_force"", ""punjab"": ""in_force"", ""sindh"": ""in_force"", ""kp"": ""in_force"", ""balochistan"": ""in_force""}",,"Pakistan Code (pakistancode.gov.pk), Act No. V of 1898; https://pakistancode.gov.pk/pdffiles/administrator7db1e56f0f1d39a6e67573ec6b0944e2.pdf",2026-09-23
CRPC_1898,"Code of Criminal Procedure, 1898",section,523,,CRPC_1898_SEC_523,Section 523,Procedure by police upon seizure of property taken under section 51 or stolen.,"{""federal"": ""in_force"", ""punjab"": ""in_force"", ""sindh"": ""in_force"", ""kp"": ""in_force"", ""balochistan"": ""in_force""}",,"Pakistan Code (pakistancode.gov.pk), Act No. V of 1898; https://pakistancode.gov.pk/pdffiles/administrator7db1e56f0f1d39a6e67573ec6b0944e2.pdf",2026-09-23
CRPC_1898,"Code of Criminal Procedure, 1898",section,524,,CRPC_1898_SEC_524,Section 524,Procedure where no claimant appears within six months,"{""federal"": ""in_force"", ""punjab"": ""in_force"", ""sindh"": ""in_force"", ""kp"": ""in_force"", ""balochistan"": ""in_force""}",,"Pakistan Code (pakistancode.gov.pk), Act No. V of 1898; https://pakistancode.gov.pk/pdffiles/administrator7db1e56f0f1d39a6e67573ec6b0944e2.pdf",2026-09-23
CRPC_1898,"Code of Criminal Procedure, 1898",section,525,,CRPC_1898_SEC_525,Section 525,Power to sell perishable property,"{""federal"": ""in_force"", ""punjab"": ""in_force"", ""sindh"": ""in_force"", ""kp"": ""in_force"", ""balochistan"": ""in_force""}",,"Pakistan Code (pakistancode.gov.pk), Act No. V of 1898; https://pakistancode.gov.pk/pdffiles/administrator7db1e56f0f1d39a6e67573ec6b0944e2.pdf",2026-09-23
CRPC_1898,"Code of Criminal Procedure, 1898",section,526,,CRPC_1898_SEC_526,Section 526,High Court may transfer case or itself try it,"{""federal"": ""in_force"", ""punjab"": ""in_force"", ""sindh"": ""in_force"", ""kp"": ""in_force"", ""balochistan"": ""in_force""}",,"Pakistan Code (pakistancode.gov.pk), Act No. V of 1898; https://pakistancode.gov.pk/pdffiles/administrator7db1e56f0f1d39a6e67573ec6b0944e2.pdf",2026-09-23
CRPC_1898,"Code of Criminal Procedure, 1898",section,526A,,CRPC_1898_SEC_526A,Section 526A,[Omitted],"{""federal"": ""omitted"", ""punjab"": ""omitted"", ""sindh"": ""omitted"", ""kp"": ""omitted"", ""balochistan"": ""omitted""}",,"Pakistan Code (pakistancode.gov.pk), Act No. V of 1898; https://pakistancode.gov.pk/pdffiles/administrator7db1e56f0f1d39a6e67573ec6b0944e2.pdf",2026-09-23
CRPC_1898,"Code of Criminal Procedure, 1898",section,527,,CRPC_1898_SEC_527,Section 527,Power of Provincial Government to transfer cases and appeals,"{""federal"": ""in_force"", ""punjab"": ""in_force"", ""sindh"": ""in_force"", ""kp"": ""in_force"", ""balochistan"": ""in_force""}",,"Pakistan Code (pakistancode.gov.pk), Act No. V of 1898; https://pakistancode.gov.pk/pdffiles/administrator7db1e56f0f1d39a6e67573ec6b0944e2.pdf",2026-09-23
CRPC_1898,"Code of Criminal Procedure, 1898",section,528,,CRPC_1898_SEC_528,Section 528,Sessions Judge may withdraw cases from Assistant Sessions Judge,"{""federal"": ""in_force"", ""punjab"": ""in_force"", ""sindh"": ""in_force"", ""kp"": ""in_force"", ""balochistan"": ""in_force""}",,"Pakistan Code (pakistancode.gov.pk), Act No. V of 1898; https://pakistancode.gov.pk/pdffiles/administrator7db1e56f0f1d39a6e67573ec6b0944e2.pdf",2026-09-23
CRPC_1898,"Code of Criminal Procedure, 1898",section,529,,CRPC_1898_SEC_529,Section 529,Irregularities which do not vitiate proceedings,"{""federal"": ""in_force"", ""punjab"": ""in_force"", ""sindh"": ""in_force"", ""kp"": ""in_force"", ""balochistan"": ""in_force""}",,"Pakistan Code (pakistancode.gov.pk), Act No. V of 1898; https://pakistancode.gov.pk/pdffiles/administrator7db1e56f0f1d39a6e67573ec6b0944e2.pdf",2026-09-23
CRPC_1898,"Code of Criminal Procedure, 1898",section,530,,CRPC_1898_SEC_530,Section 530,Irregularities which vitiate proceedings,"{""federal"": ""in_force"", ""punjab"": ""in_force"", ""sindh"": ""in_force"", ""kp"": ""in_force"", ""balochistan"": ""in_force""}",,"Pakistan Code (pakistancode.gov.pk), Act No. V of 1898; https://pakistancode.gov.pk/pdffiles/administrator7db1e56f0f1d39a6e67573ec6b0944e2.pdf",2026-09-23
CRPC_1898,"Code of Criminal Procedure, 1898",section,531,,CRPC_1898_SEC_531,Section 531,Proceedings in wrong place,"{""federal"": ""in_force"", ""punjab"": ""in_force"", ""sindh"": ""in_force"", ""kp"": ""in_force"", ""balochistan"": ""in_force""}",,"Pakistan Code (pakistancode.gov.pk), Act No. V of 1898; https://pakistancode.gov.pk/pdffiles/administrator7db1e56f0f1d39a6e67573ec6b0944e2.pdf",2026-09-23
CRPC_1898,"Code of Criminal Procedure, 1898",section,532,,CRPC_1898_SEC_532,Section 532,[Omitted],"{""federal"": ""omitted"", ""punjab"": ""omitted"", ""sindh"": ""omitted"", ""kp"": ""omitted"", ""balochistan"": ""omitted""}",,"Pakistan Code (pakistancode.gov.pk), Act No. V of 1898; https://pakistancode.gov.pk/pdffiles/administrator7db1e56f0f1d39a6e67573ec6b0944e2.pdf",2026-09-23
CRPC_1898,"Code of Criminal Procedure, 1898",section,533,,CRPC_1898_SEC_533,Section 533,Non­compliance with provisions of section 164 or 364,"{""federal"": ""in_force"", ""punjab"": ""in_force"", ""sindh"": ""in_force"", ""kp"": ""in_force"", ""balochistan"": ""in_force""}",,"Pakistan Code (pakistancode.gov.pk), Act No. V of 1898; https://pakistancode.gov.pk/pdffiles/administrator7db1e56f0f1d39a6e67573ec6b0944e2.pdf",2026-09-23
CRPC_1898,"Code of Criminal Procedure, 1898",section,534,,CRPC_1898_SEC_534,Section 534,[Omitted],"{""federal"": ""omitted"", ""punjab"": ""omitted"", ""sindh"": ""omitted"", ""kp"": ""omitted"", ""balochistan"": ""omitted""}",,"Pakistan Code (pakistancode.gov.pk), Act No. V of 1898; https://pakistancode.gov.pk/pdffiles/administrator7db1e56f0f1d39a6e67573ec6b0944e2.pdf",2026-09-23
CRPC_1898,"Code of Criminal Procedure, 1898",section,535,,CRPC_1898_SEC_535,Section 535,Effect of omission to prepare charge,"{""federal"": ""in_force"", ""punjab"": ""in_force"", ""sindh"": ""in_force"", ""kp"": ""in_force"", ""balochistan"": ""in_force""}",,"Pakistan Code (pakistancode.gov.pk), Act No. V of 1898; https://pakistancode.gov.pk/pdffiles/administrator7db1e56f0f1d39a6e67573ec6b0944e2.pdf",2026-09-23
CRPC_1898,"Code of Criminal Procedure, 1898",section,536,,CRPC_1898_SEC_536,Section 536,[Omitted],"{""federal"": ""omitted"", ""punjab"": ""omitted"", ""sindh"": ""omitted"", ""kp"": ""omitted"", ""balochistan"": ""omitted""}",,"Pakistan Code (pakistancode.gov.pk), Act No. V of 1898; https://pakistancode.gov.pk/pdffiles/administrator7db1e56f0f1d39a6e67573ec6b0944e2.pdf",2026-09-23
CRPC_1898,"Code of Criminal Procedure, 1898",section,537,,CRPC_1898_SEC_537,Section 537,Finding or sentence when reversible by reason of error or omission in charge or other,"{""federal"": ""in_force"", ""punjab"": ""in_force"", ""sindh"": ""in_force"", ""kp"": ""in_force"", ""balochistan"": ""in_force""}",,"Pakistan Code (pakistancode.gov.pk), Act No. V of 1898; https://pakistancode.gov.pk/pdffiles/administrator7db1e56f0f1d39a6e67573ec6b0944e2.pdf",2026-09-23
CRPC_1898,"Code of Criminal Procedure, 1898",section,538,,CRPC_1898_SEC_538,Section 538,"Attachment not illegal, person making same not trespasser for defect or want of form in","{""federal"": ""in_force"", ""punjab"": ""in_force"", ""sindh"": ""in_force"", ""kp"": ""in_force"", ""balochistan"": ""in_force""}",,"Pakistan Code (pakistancode.gov.pk), Act No. V of 1898; https://pakistancode.gov.pk/pdffiles/administrator7db1e56f0f1d39a6e67573ec6b0944e2.pdf",2026-09-23
CRPC_1898,"Code of Criminal Procedure, 1898",section,539,,CRPC_1898_SEC_539,Section 539,Courts and persons before whom affidavits may be sworn,"{""federal"": ""in_force"", ""punjab"": ""in_force"", ""sindh"": ""in_force"", ""kp"": ""in_force"", ""balochistan"": ""in_force""}",,"Pakistan Code (pakistancode.gov.pk), Act No. V of 1898; https://pakistancode.gov.pk/pdffiles/administrator7db1e56f0f1d39a6e67573ec6b0944e2.pdf",2026-09-23
CRPC_1898,"Code of Criminal Procedure, 1898",section,539A,,CRPC_1898_SEC_539A,Section 539A,Affidavit in proof of conduct of public servant,"{""federal"": ""in_force"", ""punjab"": ""in_force"", ""sindh"": ""in_force"", ""kp"": ""in_force"", ""balochistan"": ""in_force""}",,"Pakistan Code (pakistancode.gov.pk), Act No. V of 1898; https://pakistancode.gov.pk/pdffiles/administrator7db1e56f0f1d39a6e67573ec6b0944e2.pdf",2026-09-23
CRPC_1898,"Code of Criminal Procedure, 1898",section,539B,,CRPC_1898_SEC_539B,Section 539B,Local inspection,"{""federal"": ""in_force"", ""punjab"": ""in_force"", ""sindh"": ""in_force"", ""kp"": ""in_force"", ""balochistan"": ""in_force""}",,"Pakistan Code (pakistancode.gov.pk), Act No. V of 1898; https://pakistancode.gov.pk/pdffiles/administrator7db1e56f0f1d39a6e67573ec6b0944e2.pdf",2026-09-23
CRPC_1898,"Code of Criminal Procedure, 1898",section,540,,CRPC_1898_SEC_540,Section 540,Power to summon material witness or examine person present,"{""federal"": ""in_force"", ""punjab"": ""in_force"", ""sindh"": ""in_force"", ""kp"": ""in_force"", ""balochistan"": ""in_force""}",,"Pakistan Code (pakistancode.gov.pk), Act No. V of 1898; https://pakistancode.gov.pk/pdffiles/administrator7db1e56f0f1d39a6e67573ec6b0944e2.pdf",2026-09-23
CRPC_1898,"Code of Criminal Procedure, 1898",section,540A,,CRPC_1898_SEC_540A,Section 540A,Provision for inquiries and trial being held in the absence of accused in certain cases,"{""federal"": ""in_force"", ""punjab"": ""in_force"", ""sindh"": ""in_force"", ""kp"": ""in_force"", ""balochistan"": ""in_force""}",,"Pakistan Code (pakistancode.gov.pk), Act No. V of 1898; https://pakistancode.gov.pk/pdffiles/administrator7db1e56f0f1d39a6e67573ec6b0944e2.pdf",2026-09-23
CRPC_1898,"Code of Criminal Procedure, 1898",section,541,,CRPC_1898_SEC_541,Section 541,Power to appoint place of imprisonment,"{""federal"": ""in_force"", ""punjab"": ""in_force"", ""sindh"": ""in_force"", ""kp"": ""in_force"", ""balochistan"": ""in_force""}",,"Pakistan Code (pakistancode.gov.pk), Act No. V of 1898; https://pakistancode.gov.pk/pdffiles/administrator7db1e56f0f1d39a6e67573ec6b0944e2.pdf",2026-09-23
CRPC_1898,"Code of Criminal Procedure, 1898",section,542,,CRPC_1898_SEC_542,Section 542,[Repealed],"{""federal"": ""repealed"", ""punjab"": ""repealed"", ""sindh"": ""repealed"", ""kp"": ""repealed"", ""balochistan"": ""repealed""}",,"Pakistan Code (pakistancode.gov.pk), Act No. V of 1898; https://pakistancode.gov.pk/pdffiles/administrator7db1e56f0f1d39a6e67573ec6b0944e2.pdf",2026-09-23
CRPC_1898,"Code of Criminal Procedure, 1898",section,543,,CRPC_1898_SEC_543,Section 543,Interpreter to be bound to interpret truthfully,"{""federal"": ""in_force"", ""punjab"": ""in_force"", ""sindh"": ""in_force"", ""kp"": ""in_force"", ""balochistan"": ""in_force""}",,"Pakistan Code (pakistancode.gov.pk), Act No. V of 1898; https://pakistancode.gov.pk/pdffiles/administrator7db1e56f0f1d39a6e67573ec6b0944e2.pdf",2026-09-23
CRPC_1898,"Code of Criminal Procedure, 1898",section,544,,CRPC_1898_SEC_544,Section 544,Expenses of complainants and witnesses,"{""federal"": ""in_force"", ""punjab"": ""in_force"", ""sindh"": ""in_force"", ""kp"": ""in_force"", ""balochistan"": ""in_force""}",,"Pakistan Code (pakistancode.gov.pk), Act No. V of 1898; https://pakistancode.gov.pk/pdffiles/administrator7db1e56f0f1d39a6e67573ec6b0944e2.pdf",2026-09-23
CRPC_1898,"Code of Criminal Procedure, 1898",section,544A,,CRPC_1898_SEC_544A,Section 544A,"Compensation to the heirs of the person killed, etc.","{""federal"": ""in_force"", ""punjab"": ""in_force"", ""sindh"": ""in_force"", ""kp"": ""in_force"", ""balochistan"": ""in_force""}",,"Pakistan Code (pakistancode.gov.pk), Act No. V of 1898; https://pakistancode.gov.pk/pdffiles/administrator7db1e56f0f1d39a6e67573ec6b0944e2.pdf",2026-09-23
CRPC_1898,"Code of Criminal Procedure, 1898",section,545,,CRPC_1898_SEC_545,Section 545,Power of Court to pay expenses or compensation out of fine,"{""federal"": ""in_force"", ""punjab"": ""in_force"", ""sindh"": ""in_force"", ""kp"": ""in_force"", ""balochistan"": ""in_force""}",,"Pakistan Code (pakistancode.gov.pk), Act No. V of 1898; https://pakistancode.gov.pk/pdffiles/administrator7db1e56f0f1d39a6e67573ec6b0944e2.pdf",2026-09-23
CRPC_1898,"Code of Criminal Procedure, 1898",section,546,,CRPC_1898_SEC_546,Section 546,Payments to be taken into account in subsequent suit,"{""federal"": ""in_force"", ""punjab"": ""in_force"", ""sindh"": ""in_force"", ""kp"": ""in_force"", ""balochistan"": ""in_force""}",,"Pakistan Code (pakistancode.gov.pk), Act No. V of 1898; https://pakistancode.gov.pk/pdffiles/administrator7db1e56f0f1d39a6e67573ec6b0944e2.pdf",2026-09-23
CRPC_1898,"Code of Criminal Procedure, 1898",section,546A,,CRPC_1898_SEC_546A,Section 546A,Order of payment of certain fees paid by complainant in non­cognizable cases,"{""federal"": ""in_force"", ""punjab"": ""in_force"", ""sindh"": ""in_force"", ""kp"": ""in_force"", ""balochistan"": ""in_force""}",,"Pakistan Code (pakistancode.gov.pk), Act No. V of 1898; https://pakistancode.gov.pk/pdffiles/administrator7db1e56f0f1d39a6e67573ec6b0944e2.pdf",2026-09-23
CRPC_1898,"Code of Criminal Procedure, 1898",section,547,,CRPC_1898_SEC_547,Section 547,Moneys ordered to be paid recoverable as fines,"{""federal"": ""in_force"", ""punjab"": ""in_force"", ""sindh"": ""in_force"", ""kp"": ""in_force"", ""balochistan"": ""in_force""}",,"Pakistan Code (pakistancode.gov.pk), Act No. V of 1898; https://pakistancode.gov.pk/pdffiles/administrator7db1e56f0f1d39a6e67573ec6b0944e2.pdf",2026-09-23
CRPC_1898,"Code of Criminal Procedure, 1898",section,548,,CRPC_1898_SEC_548,Section 548,Copies of proceedings,"{""federal"": ""in_force"", ""punjab"": ""in_force"", ""sindh"": ""in_force"", ""kp"": ""in_force"", ""balochistan"": ""in_force""}",,"Pakistan Code (pakistancode.gov.pk), Act No. V of 1898; https://pakistancode.gov.pk/pdffiles/administrator7db1e56f0f1d39a6e67573ec6b0944e2.pdf",2026-09-23
CRPC_1898,"Code of Criminal Procedure, 1898",section,549,,CRPC_1898_SEC_549,Section 549,Delivery to military authorities of persons liable to be tried by Court­martial,"{""federal"": ""in_force"", ""punjab"": ""in_force"", ""sindh"": ""in_force"", ""kp"": ""in_force"", ""balochistan"": ""in_force""}",,"Pakistan Code (pakistancode.gov.pk), Act No. V of 1898; https://pakistancode.gov.pk/pdffiles/administrator7db1e56f0f1d39a6e67573ec6b0944e2.pdf",2026-09-23
CRPC_1898,"Code of Criminal Procedure, 1898",section,550,,CRPC_1898_SEC_550,Section 550,Powers to police to seize property suspected to be stolen,"{""federal"": ""in_force"", ""punjab"": ""in_force"", ""sindh"": ""in_force"", ""kp"": ""in_force"", ""balochistan"": ""in_force""}",,"Pakistan Code (pakistancode.gov.pk), Act No. V of 1898; https://pakistancode.gov.pk/pdffiles/administrator7db1e56f0f1d39a6e67573ec6b0944e2.pdf",2026-09-23
CRPC_1898,"Code of Criminal Procedure, 1898",section,551,,CRPC_1898_SEC_551,Section 551,Powers of superior officers of police,"{""federal"": ""in_force"", ""punjab"": ""in_force"", ""sindh"": ""in_force"", ""kp"": ""in_force"", ""balochistan"": ""in_force""}",,"Pakistan Code (pakistancode.gov.pk), Act No. V of 1898; https://pakistancode.gov.pk/pdffiles/administrator7db1e56f0f1d39a6e67573ec6b0944e2.pdf",2026-09-23
CRPC_1898,"Code of Criminal Procedure, 1898",section,552,,CRPC_1898_SEC_552,Section 552,Powers to compel restoration of abducted females,"{""federal"": ""in_force"", ""punjab"": ""in_force"", ""sindh"": ""in_force"", ""kp"": ""in_force"", ""balochistan"": ""in_force""}",,"Pakistan Code (pakistancode.gov.pk), Act No. V of 1898; https://pakistancode.gov.pk/pdffiles/administrator7db1e56f0f1d39a6e67573ec6b0944e2.pdf",2026-09-23
CRPC_1898,"Code of Criminal Procedure, 1898",section,553,,CRPC_1898_SEC_553,Section 553,[Repealed],"{""federal"": ""repealed"", ""punjab"": ""repealed"", ""sindh"": ""repealed"", ""kp"": ""repealed"", ""balochistan"": ""repealed""}",,"Pakistan Code (pakistancode.gov.pk), Act No. V of 1898; https://pakistancode.gov.pk/pdffiles/administrator7db1e56f0f1d39a6e67573ec6b0944e2.pdf",2026-09-23
CRPC_1898,"Code of Criminal Procedure, 1898",section,554,,CRPC_1898_SEC_554,Section 554,Power of High Courts to make rules for inspection of records of subordinate Courts,"{""federal"": ""in_force"", ""punjab"": ""in_force"", ""sindh"": ""in_force"", ""kp"": ""in_force"", ""balochistan"": ""in_force""}",,"Pakistan Code (pakistancode.gov.pk), Act No. V of 1898; https://pakistancode.gov.pk/pdffiles/administrator7db1e56f0f1d39a6e67573ec6b0944e2.pdf",2026-09-23
CRPC_1898,"Code of Criminal Procedure, 1898",section,555,,CRPC_1898_SEC_555,Section 555,Forms,"{""federal"": ""in_force"", ""punjab"": ""in_force"", ""sindh"": ""in_force"", ""kp"": ""in_force"", ""balochistan"": ""in_force""}",,"Pakistan Code (pakistancode.gov.pk), Act No. V of 1898; https://pakistancode.gov.pk/pdffiles/administrator7db1e56f0f1d39a6e67573ec6b0944e2.pdf",2026-09-23
CRPC_1898,"Code of Criminal Procedure, 1898",section,556,,CRPC_1898_SEC_556,Section 556,Case in which Judge or Magistrate is personally interested,"{""federal"": ""in_force"", ""punjab"": ""in_force"", ""sindh"": ""in_force"", ""kp"": ""in_force"", ""balochistan"": ""in_force""}",,"Pakistan Code (pakistancode.gov.pk), Act No. V of 1898; https://pakistancode.gov.pk/pdffiles/administrator7db1e56f0f1d39a6e67573ec6b0944e2.pdf",2026-09-23
CRPC_1898,"Code of Criminal Procedure, 1898",section,557,,CRPC_1898_SEC_557,Section 557,Practising pleader not to sit as Magistrate in certain Courts,"{""federal"": ""in_force"", ""punjab"": ""in_force"", ""sindh"": ""in_force"", ""kp"": ""in_force"", ""balochistan"": ""in_force""}",,"Pakistan Code (pakistancode.gov.pk), Act No. V of 1898; https://pakistancode.gov.pk/pdffiles/administrator7db1e56f0f1d39a6e67573ec6b0944e2.pdf",2026-09-23
CRPC_1898,"Code of Criminal Procedure, 1898",section,558,,CRPC_1898_SEC_558,Section 558,Power to decide language of Courts,"{""federal"": ""in_force"", ""punjab"": ""in_force"", ""sindh"": ""in_force"", ""kp"": ""in_force"", ""balochistan"": ""in_force""}",,"Pakistan Code (pakistancode.gov.pk), Act No. V of 1898; https://pakistancode.gov.pk/pdffiles/administrator7db1e56f0f1d39a6e67573ec6b0944e2.pdf",2026-09-23
CRPC_1898,"Code of Criminal Procedure, 1898",section,559,,CRPC_1898_SEC_559,Section 559,Provision for powers of Judges and Magistrates being exercised by their successors in office,"{""federal"": ""in_force"", ""punjab"": ""in_force"", ""sindh"": ""in_force"", ""kp"": ""in_force"", ""balochistan"": ""in_force""}",,"Pakistan Code (pakistancode.gov.pk), Act No. V of 1898; https://pakistancode.gov.pk/pdffiles/administrator7db1e56f0f1d39a6e67573ec6b0944e2.pdf",2026-09-23
CRPC_1898,"Code of Criminal Procedure, 1898",section,560,,CRPC_1898_SEC_560,Section 560,Officers concerned in sales not to purchase or bid for property,"{""federal"": ""in_force"", ""punjab"": ""in_force"", ""sindh"": ""in_force"", ""kp"": ""in_force"", ""balochistan"": ""in_force""}",,"Pakistan Code (pakistancode.gov.pk), Act No. V of 1898; https://pakistancode.gov.pk/pdffiles/administrator7db1e56f0f1d39a6e67573ec6b0944e2.pdf",2026-09-23
CRPC_1898,"Code of Criminal Procedure, 1898",section,561,,CRPC_1898_SEC_561,Section 561,[Repealed],"{""federal"": ""repealed"", ""punjab"": ""repealed"", ""sindh"": ""repealed"", ""kp"": ""repealed"", ""balochistan"": ""repealed""}",,"Pakistan Code (pakistancode.gov.pk), Act No. V of 1898; https://pakistancode.gov.pk/pdffiles/administrator7db1e56f0f1d39a6e67573ec6b0944e2.pdf",2026-09-23
CRPC_1898,"Code of Criminal Procedure, 1898",section,561A,,CRPC_1898_SEC_561A,Section 561A,Saving of inherent power of High Court,"{""federal"": ""in_force"", ""punjab"": ""in_force"", ""sindh"": ""in_force"", ""kp"": ""in_force"", ""balochistan"": ""in_force""}",,"Pakistan Code (pakistancode.gov.pk), Act No. V of 1898; https://pakistancode.gov.pk/pdffiles/administrator7db1e56f0f1d39a6e67573ec6b0944e2.pdf",2026-09-23
CRPC_1898,"Code of Criminal Procedure, 1898",section,562,,CRPC_1898_SEC_562,Section 562,Power of Court to release certain convicted offenders on probation of good conduct instead of,"{""federal"": ""in_force"", ""punjab"": ""in_force"", ""sindh"": ""in_force"", ""kp"": ""in_force"", ""balochistan"": ""in_force""}",,"Pakistan Code (pakistancode.gov.pk), Act No. V of 1898; https://pakistancode.gov.pk/pdffiles/administrator7db1e56f0f1d39a6e67573ec6b0944e2.pdf",2026-09-23
CRPC_1898,"Code of Criminal Procedure, 1898",section,563,,CRPC_1898_SEC_563,Section 563,Provision in case of offender failing to observe conditions of his recognizances,"{""federal"": ""in_force"", ""punjab"": ""in_force"", ""sindh"": ""in_force"", ""kp"": ""in_force"", ""balochistan"": ""in_force""}",,"Pakistan Code (pakistancode.gov.pk), Act No. V of 1898; https://pakistancode.gov.pk/pdffiles/administrator7db1e56f0f1d39a6e67573ec6b0944e2.pdf",2026-09-23
CRPC_1898,"Code of Criminal Procedure, 1898",section,564,,CRPC_1898_SEC_564,Section 564,Conditions as to abode of offender,"{""federal"": ""in_force"", ""punjab"": ""in_force"", ""sindh"": ""in_force"", ""kp"": ""in_force"", ""balochistan"": ""in_force""}",,"Pakistan Code (pakistancode.gov.pk), Act No. V of 1898; https://pakistancode.gov.pk/pdffiles/administrator7db1e56f0f1d39a6e67573ec6b0944e2.pdf",2026-09-23
CRPC_1898,"Code of Criminal Procedure, 1898",section,565,,CRPC_1898_SEC_565,Section 565,Order for notifying address of previously convicted offender,"{""federal"": ""in_force"", ""punjab"": ""in_force"", ""sindh"": ""in_force"", ""kp"": ""in_force"", ""balochistan"": ""in_force""}",,"Pakistan Code (pakistancode.gov.pk), Act No. V of 1898; https://pakistancode.gov.pk/pdffiles/administrator7db1e56f0f1d39a6e67573ec6b0944e2.pdf",2026-09-23
CRPC_1898,"Code of Criminal Procedure, 1898",section,1951,,CRPC_1898_SEC_1951,Section 1951,"It has been applied to Phulera in the Excluded Area of Upper Tanawal to the extent the Act is applicable in the N.­W.F.P., subject to certain","{""federal"": ""in_force"", ""punjab"": ""in_force"", ""sindh"": ""in_force"", ""kp"": ""in_force"", ""balochistan"": ""in_force""}",,"Pakistan Code (pakistancode.gov.pk), Act No. V of 1898; https://pakistancode.gov.pk/pdffiles/administrator7db1e56f0f1d39a6e67573ec6b0944e2.pdf",2026-09-23
CRPC_1898,"Code of Criminal Procedure, 1898",section,22A,6,CRPC_1898_SEC_22A_6,Section 22-A(6),Powers of Ex-officio Justice of the Peace to entertain complaints regarding police non-registration of FIR or transfer of investigation,"{""federal"": ""in_force"", ""punjab"": ""in_force"", ""sindh"": ""in_force"", ""kp"": ""in_force"", ""balochistan"": ""in_force""}",,"Pakistan Code (pakistancode.gov.pk), Act No. V of 1898; https://pakistancode.gov.pk/pdffiles/administrator7db1e56f0f1d39a6e67573ec6b0944e2.pdf",2026-09-23
CRPC_1898,"Code of Criminal Procedure, 1898",section,22A,6(a),CRPC_1898_SEC_22A_6_A,Section 22-A(6)(a),Direction to officer-in-charge of police station to register criminal case upon receiving information of cognizable offence,"{""federal"": ""in_force"", ""punjab"": ""in_force"", ""sindh"": ""in_force"", ""kp"": ""in_force"", ""balochistan"": ""in_force""}",,"Pakistan Code (pakistancode.gov.pk), Act No. V of 1898; https://pakistancode.gov.pk/pdffiles/administrator7db1e56f0f1d39a6e67573ec6b0944e2.pdf",2026-09-23
CRPC_1898,"Code of Criminal Procedure, 1898",section,497,1,CRPC_1898_SEC_497_1,Section 497(1),When bail may be taken in case of non-bailable offence; non-bailable statutory bar and exceptions,"{""federal"": ""in_force"", ""punjab"": ""in_force"", ""sindh"": ""in_force"", ""kp"": ""in_force"", ""balochistan"": ""in_force""}",,"Pakistan Code (pakistancode.gov.pk), Act No. V of 1898; https://pakistancode.gov.pk/pdffiles/administrator7db1e56f0f1d39a6e67573ec6b0944e2.pdf",2026-09-23
CRPC_1898,"Code of Criminal Procedure, 1898",section,497,2,CRPC_1898_SEC_497_2,Section 497(2),Further inquiry bail where reasonable grounds exist for believing that the accused has not committed a non-bailable offence,"{""federal"": ""in_force"", ""punjab"": ""in_force"", ""sindh"": ""in_force"", ""kp"": ""in_force"", ""balochistan"": ""in_force""}",,"Pakistan Code (pakistancode.gov.pk), Act No. V of 1898; https://pakistancode.gov.pk/pdffiles/administrator7db1e56f0f1d39a6e67573ec6b0944e2.pdf",2026-09-23
CRPC_1898,"Code of Criminal Procedure, 1898",section,497,5,CRPC_1898_SEC_497_5,Section 497(5),Cancellation of bail by High Court or Court of Session,"{""federal"": ""in_force"", ""punjab"": ""in_force"", ""sindh"": ""in_force"", ""kp"": ""in_force"", ""balochistan"": ""in_force""}",,"Pakistan Code (pakistancode.gov.pk), Act No. V of 1898; https://pakistancode.gov.pk/pdffiles/administrator7db1e56f0f1d39a6e67573ec6b0944e2.pdf",2026-09-23
CRPC_1898,"Code of Criminal Procedure, 1898",section,498,1,CRPC_1898_SEC_498_1,Section 498,Power to direct admission to bail or reduction of bail (pre-arrest and post-arrest bail by High Court / Court of Session),"{""federal"": ""in_force"", ""punjab"": ""in_force"", ""sindh"": ""in_force"", ""kp"": ""in_force"", ""balochistan"": ""in_force""}",,"Pakistan Code (pakistancode.gov.pk), Act No. V of 1898; https://pakistancode.gov.pk/pdffiles/administrator7db1e56f0f1d39a6e67573ec6b0944e2.pdf",2026-09-23
