act_code,act_name,provision_type,primary_num,secondary_num,canonical_id,display_name,title,status,superseded_reference,source_citation,source_verified_date
CONST_1973,"Constitution of the Islamic Republic of Pakistan, 1973",article,1,,CONST_1973_ART_1,Article 1,The Republic and its territories,"{""federal"": ""in_force"", ""punjab"": ""in_force"", ""sindh"": ""in_force"", ""kp"": ""in_force"", ""balochistan"": ""in_force""}",,"Pakistan Code (pakistancode.gov.pk), Constitution of the Islamic Republic of Pakistan, 1973; https://pakistancode.gov.pk/pdffiles/administrator9d8e2ecc414c6d3371ac41114b61a2c4.pdf",2026-09-23
CONST_1973,"Constitution of the Islamic Republic of Pakistan, 1973",article,2,,CONST_1973_ART_2,Article 2,Islam to be State religion,"{""federal"": ""in_force"", ""punjab"": ""in_force"", ""sindh"": ""in_force"", ""kp"": ""in_force"", ""balochistan"": ""in_force""}",,"Pakistan Code (pakistancode.gov.pk), Constitution of the Islamic Republic of Pakistan, 1973; https://pakistancode.gov.pk/pdffiles/administrator9d8e2ecc414c6d3371ac41114b61a2c4.pdf",2026-09-23
CONST_1973,"Constitution of the Islamic Republic of Pakistan, 1973",article,2A,,CONST_1973_ART_2A,Article 2A,The Objectives Resolution to form part of substantive provisions,"{""federal"": ""in_force"", ""punjab"": ""in_force"", ""sindh"": ""in_force"", ""kp"": ""in_force"", ""balochistan"": ""in_force""}",,"Pakistan Code (pakistancode.gov.pk), Constitution of the Islamic Republic of Pakistan, 1973; https://pakistancode.gov.pk/pdffiles/administrator9d8e2ecc414c6d3371ac41114b61a2c4.pdf",2026-09-23
CONST_1973,"Constitution of the Islamic Republic of Pakistan, 1973",article,3,,CONST_1973_ART_3,Article 3,Elimination of exploitation,"{""federal"": ""in_force"", ""punjab"": ""in_force"", ""sindh"": ""in_force"", ""kp"": ""in_force"", ""balochistan"": ""in_force""}",,"Pakistan Code (pakistancode.gov.pk), Constitution of the Islamic Republic of Pakistan, 1973; https://pakistancode.gov.pk/pdffiles/administrator9d8e2ecc414c6d3371ac41114b61a2c4.pdf",2026-09-23
CONST_1973,"Constitution of the Islamic Republic of Pakistan, 1973",article,4,,CONST_1973_ART_4,Article 4,"Right of individuals to be dealt with in accordance with law, etc.","{""federal"": ""in_force"", ""punjab"": ""in_force"", ""sindh"": ""in_force"", ""kp"": ""in_force"", ""balochistan"": ""in_force""}",,"Pakistan Code (pakistancode.gov.pk), Constitution of the Islamic Republic of Pakistan, 1973; https://pakistancode.gov.pk/pdffiles/administrator9d8e2ecc414c6d3371ac41114b61a2c4.pdf",2026-09-23
CONST_1973,"Constitution of the Islamic Republic of Pakistan, 1973",article,5,,CONST_1973_ART_5,Article 5,Loyalty to State and obedience to Constitution and law,"{""federal"": ""in_force"", ""punjab"": ""in_force"", ""sindh"": ""in_force"", ""kp"": ""in_force"", ""balochistan"": ""in_force""}",,"Pakistan Code (pakistancode.gov.pk), Constitution of the Islamic Republic of Pakistan, 1973; https://pakistancode.gov.pk/pdffiles/administrator9d8e2ecc414c6d3371ac41114b61a2c4.pdf",2026-09-23
CONST_1973,"Constitution of the Islamic Republic of Pakistan, 1973",article,6,,CONST_1973_ART_6,Article 6,High treason,"{""federal"": ""in_force"", ""punjab"": ""in_force"", ""sindh"": ""in_force"", ""kp"": ""in_force"", ""balochistan"": ""in_force""}",,"Pakistan Code (pakistancode.gov.pk), Constitution of the Islamic Republic of Pakistan, 1973; https://pakistancode.gov.pk/pdffiles/administrator9d8e2ecc414c6d3371ac41114b61a2c4.pdf",2026-09-23
CONST_1973,"Constitution of the Islamic Republic of Pakistan, 1973",article,7,,CONST_1973_ART_7,Article 7,Definition of the State,"{""federal"": ""in_force"", ""punjab"": ""in_force"", ""sindh"": ""in_force"", ""kp"": ""in_force"", ""balochistan"": ""in_force""}",,"Pakistan Code (pakistancode.gov.pk), Constitution of the Islamic Republic of Pakistan, 1973; https://pakistancode.gov.pk/pdffiles/administrator9d8e2ecc414c6d3371ac41114b61a2c4.pdf",2026-09-23
CONST_1973,"Constitution of the Islamic Republic of Pakistan, 1973",article,8,,CONST_1973_ART_8,Article 8,Laws inconsistent with or in derogation of Fundamental Rights to be void,"{""federal"": ""in_force"", ""punjab"": ""in_force"", ""sindh"": ""in_force"", ""kp"": ""in_force"", ""balochistan"": ""in_force""}",,"Pakistan Code (pakistancode.gov.pk), Constitution of the Islamic Republic of Pakistan, 1973; https://pakistancode.gov.pk/pdffiles/administrator9d8e2ecc414c6d3371ac41114b61a2c4.pdf",2026-09-23
CONST_1973,"Constitution of the Islamic Republic of Pakistan, 1973",article,9,,CONST_1973_ART_9,Article 9,Security of person,"{""federal"": ""in_force"", ""punjab"": ""in_force"", ""sindh"": ""in_force"", ""kp"": ""in_force"", ""balochistan"": ""in_force""}",,"Pakistan Code (pakistancode.gov.pk), Constitution of the Islamic Republic of Pakistan, 1973; https://pakistancode.gov.pk/pdffiles/administrator9d8e2ecc414c6d3371ac41114b61a2c4.pdf",2026-09-23
CONST_1973,"Constitution of the Islamic Republic of Pakistan, 1973",article,9A,,CONST_1973_ART_9A,Article 9A,Clean and healthy environment,"{""federal"": ""in_force"", ""punjab"": ""in_force"", ""sindh"": ""in_force"", ""kp"": ""in_force"", ""balochistan"": ""in_force""}",,"Pakistan Code (pakistancode.gov.pk), Constitution of the Islamic Republic of Pakistan, 1973; https://pakistancode.gov.pk/pdffiles/administrator9d8e2ecc414c6d3371ac41114b61a2c4.pdf",2026-09-23
CONST_1973,"Constitution of the Islamic Republic of Pakistan, 1973",article,10,,CONST_1973_ART_10,Article 10,Safeguards as to arrest and detention,"{""federal"": ""in_force"", ""punjab"": ""in_force"", ""sindh"": ""in_force"", ""kp"": ""in_force"", ""balochistan"": ""in_force""}",,"Pakistan Code (pakistancode.gov.pk), Constitution of the Islamic Republic of Pakistan, 1973; https://pakistancode.gov.pk/pdffiles/administrator9d8e2ecc414c6d3371ac41114b61a2c4.pdf",2026-09-23
CONST_1973,"Constitution of the Islamic Republic of Pakistan, 1973",article,10A,,CONST_1973_ART_10A,Article 10A,Right to fair trial,"{""federal"": ""in_force"", ""punjab"": ""in_force"", ""sindh"": ""in_force"", ""kp"": ""in_force"", ""balochistan"": ""in_force""}",,"Pakistan Code (pakistancode.gov.pk), Constitution of the Islamic Republic of Pakistan, 1973; https://pakistancode.gov.pk/pdffiles/administrator9d8e2ecc414c6d3371ac41114b61a2c4.pdf",2026-09-23
CONST_1973,"Constitution of the Islamic Republic of Pakistan, 1973",article,11,,CONST_1973_ART_11,Article 11,"Slavery, forced labour, etc., prohibited","{""federal"": ""in_force"", ""punjab"": ""in_force"", ""sindh"": ""in_force"", ""kp"": ""in_force"", ""balochistan"": ""in_force""}",,"Pakistan Code (pakistancode.gov.pk), Constitution of the Islamic Republic of Pakistan, 1973; https://pakistancode.gov.pk/pdffiles/administrator9d8e2ecc414c6d3371ac41114b61a2c4.pdf",2026-09-23
CONST_1973,"Constitution of the Islamic Republic of Pakistan, 1973",article,12,,CONST_1973_ART_12,Article 12,Protection against retrospective punishment,"{""federal"": ""in_force"", ""punjab"": ""in_force"", ""sindh"": ""in_force"", ""kp"": ""in_force"", ""balochistan"": ""in_force""}",,"Pakistan Code (pakistancode.gov.pk), Constitution of the Islamic Republic of Pakistan, 1973; https://pakistancode.gov.pk/pdffiles/administrator9d8e2ecc414c6d3371ac41114b61a2c4.pdf",2026-09-23
CONST_1973,"Constitution of the Islamic Republic of Pakistan, 1973",article,13,,CONST_1973_ART_13,Article 13,Protection against double punishment and self-incrimination,"{""federal"": ""in_force"", ""punjab"": ""in_force"", ""sindh"": ""in_force"", ""kp"": ""in_force"", ""balochistan"": ""in_force""}",,"Pakistan Code (pakistancode.gov.pk), Constitution of the Islamic Republic of Pakistan, 1973; https://pakistancode.gov.pk/pdffiles/administrator9d8e2ecc414c6d3371ac41114b61a2c4.pdf",2026-09-23
CONST_1973,"Constitution of the Islamic Republic of Pakistan, 1973",article,14,,CONST_1973_ART_14,Article 14,"Inviolability of dignity of man, etc.","{""federal"": ""in_force"", ""punjab"": ""in_force"", ""sindh"": ""in_force"", ""kp"": ""in_force"", ""balochistan"": ""in_force""}",,"Pakistan Code (pakistancode.gov.pk), Constitution of the Islamic Republic of Pakistan, 1973; https://pakistancode.gov.pk/pdffiles/administrator9d8e2ecc414c6d3371ac41114b61a2c4.pdf",2026-09-23
CONST_1973,"Constitution of the Islamic Republic of Pakistan, 1973",article,15,,CONST_1973_ART_15,Article 15,"Freedom of movement, etc.","{""federal"": ""in_force"", ""punjab"": ""in_force"", ""sindh"": ""in_force"", ""kp"": ""in_force"", ""balochistan"": ""in_force""}",,"Pakistan Code (pakistancode.gov.pk), Constitution of the Islamic Republic of Pakistan, 1973; https://pakistancode.gov.pk/pdffiles/administrator9d8e2ecc414c6d3371ac41114b61a2c4.pdf",2026-09-23
CONST_1973,"Constitution of the Islamic Republic of Pakistan, 1973",article,16,,CONST_1973_ART_16,Article 16,Freedom of assembly,"{""federal"": ""in_force"", ""punjab"": ""in_force"", ""sindh"": ""in_force"", ""kp"": ""in_force"", ""balochistan"": ""in_force""}",,"Pakistan Code (pakistancode.gov.pk), Constitution of the Islamic Republic of Pakistan, 1973; https://pakistancode.gov.pk/pdffiles/administrator9d8e2ecc414c6d3371ac41114b61a2c4.pdf",2026-09-23
CONST_1973,"Constitution of the Islamic Republic of Pakistan, 1973",article,17,,CONST_1973_ART_17,Article 17,Freedom of association,"{""federal"": ""in_force"", ""punjab"": ""in_force"", ""sindh"": ""in_force"", ""kp"": ""in_force"", ""balochistan"": ""in_force""}",,"Pakistan Code (pakistancode.gov.pk), Constitution of the Islamic Republic of Pakistan, 1973; https://pakistancode.gov.pk/pdffiles/administrator9d8e2ecc414c6d3371ac41114b61a2c4.pdf",2026-09-23
CONST_1973,"Constitution of the Islamic Republic of Pakistan, 1973",article,18,,CONST_1973_ART_18,Article 18,"Freedom of trade, business or profession","{""federal"": ""in_force"", ""punjab"": ""in_force"", ""sindh"": ""in_force"", ""kp"": ""in_force"", ""balochistan"": ""in_force""}",,"Pakistan Code (pakistancode.gov.pk), Constitution of the Islamic Republic of Pakistan, 1973; https://pakistancode.gov.pk/pdffiles/administrator9d8e2ecc414c6d3371ac41114b61a2c4.pdf",2026-09-23
CONST_1973,"Constitution of the Islamic Republic of Pakistan, 1973",article,19,,CONST_1973_ART_19,Article 19,"Freedom of speech, etc.","{""federal"": ""in_force"", ""punjab"": ""in_force"", ""sindh"": ""in_force"", ""kp"": ""in_force"", ""balochistan"": ""in_force""}",,"Pakistan Code (pakistancode.gov.pk), Constitution of the Islamic Republic of Pakistan, 1973; https://pakistancode.gov.pk/pdffiles/administrator9d8e2ecc414c6d3371ac41114b61a2c4.pdf",2026-09-23
CONST_1973,"Constitution of the Islamic Republic of Pakistan, 1973",article,19A,,CONST_1973_ART_19A,Article 19A,Right to information,"{""federal"": ""in_force"", ""punjab"": ""in_force"", ""sindh"": ""in_force"", ""kp"": ""in_force"", ""balochistan"": ""in_force""}",,"Pakistan Code (pakistancode.gov.pk), Constitution of the Islamic Republic of Pakistan, 1973; https://pakistancode.gov.pk/pdffiles/administrator9d8e2ecc414c6d3371ac41114b61a2c4.pdf",2026-09-23
CONST_1973,"Constitution of the Islamic Republic of Pakistan, 1973",article,20,,CONST_1973_ART_20,Article 20,Freedom to profess religion and to manage religious institutions,"{""federal"": ""in_force"", ""punjab"": ""in_force"", ""sindh"": ""in_force"", ""kp"": ""in_force"", ""balochistan"": ""in_force""}",,"Pakistan Code (pakistancode.gov.pk), Constitution of the Islamic Republic of Pakistan, 1973; https://pakistancode.gov.pk/pdffiles/administrator9d8e2ecc414c6d3371ac41114b61a2c4.pdf",2026-09-23
CONST_1973,"Constitution of the Islamic Republic of Pakistan, 1973",article,21,,CONST_1973_ART_21,Article 21,Safeguard against taxation for purposes of any particular religion,"{""federal"": ""in_force"", ""punjab"": ""in_force"", ""sindh"": ""in_force"", ""kp"": ""in_force"", ""balochistan"": ""in_force""}",,"Pakistan Code (pakistancode.gov.pk), Constitution of the Islamic Republic of Pakistan, 1973; https://pakistancode.gov.pk/pdffiles/administrator9d8e2ecc414c6d3371ac41114b61a2c4.pdf",2026-09-23
CONST_1973,"Constitution of the Islamic Republic of Pakistan, 1973",article,22,,CONST_1973_ART_22,Article 22,"Safeguards as to educational institutions in respect of religion, etc.","{""federal"": ""in_force"", ""punjab"": ""in_force"", ""sindh"": ""in_force"", ""kp"": ""in_force"", ""balochistan"": ""in_force""}",,"Pakistan Code (pakistancode.gov.pk), Constitution of the Islamic Republic of Pakistan, 1973; https://pakistancode.gov.pk/pdffiles/administrator9d8e2ecc414c6d3371ac41114b61a2c4.pdf",2026-09-23
CONST_1973,"Constitution of the Islamic Republic of Pakistan, 1973",article,23,,CONST_1973_ART_23,Article 23,Provision as to property,"{""federal"": ""in_force"", ""punjab"": ""in_force"", ""sindh"": ""in_force"", ""kp"": ""in_force"", ""balochistan"": ""in_force""}",,"Pakistan Code (pakistancode.gov.pk), Constitution of the Islamic Republic of Pakistan, 1973; https://pakistancode.gov.pk/pdffiles/administrator9d8e2ecc414c6d3371ac41114b61a2c4.pdf",2026-09-23
CONST_1973,"Constitution of the Islamic Republic of Pakistan, 1973",article,24,,CONST_1973_ART_24,Article 24,Protection of property rights,"{""federal"": ""in_force"", ""punjab"": ""in_force"", ""sindh"": ""in_force"", ""kp"": ""in_force"", ""balochistan"": ""in_force""}",,"Pakistan Code (pakistancode.gov.pk), Constitution of the Islamic Republic of Pakistan, 1973; https://pakistancode.gov.pk/pdffiles/administrator9d8e2ecc414c6d3371ac41114b61a2c4.pdf",2026-09-23
CONST_1973,"Constitution of the Islamic Republic of Pakistan, 1973",article,25,,CONST_1973_ART_25,Article 25,Equality of citizens,"{""federal"": ""in_force"", ""punjab"": ""in_force"", ""sindh"": ""in_force"", ""kp"": ""in_force"", ""balochistan"": ""in_force""}",,"Pakistan Code (pakistancode.gov.pk), Constitution of the Islamic Republic of Pakistan, 1973; https://pakistancode.gov.pk/pdffiles/administrator9d8e2ecc414c6d3371ac41114b61a2c4.pdf",2026-09-23
CONST_1973,"Constitution of the Islamic Republic of Pakistan, 1973",article,25A,,CONST_1973_ART_25A,Article 25A,Right to education,"{""federal"": ""in_force"", ""punjab"": ""in_force"", ""sindh"": ""in_force"", ""kp"": ""in_force"", ""balochistan"": ""in_force""}",,"Pakistan Code (pakistancode.gov.pk), Constitution of the Islamic Republic of Pakistan, 1973; https://pakistancode.gov.pk/pdffiles/administrator9d8e2ecc414c6d3371ac41114b61a2c4.pdf",2026-09-23
CONST_1973,"Constitution of the Islamic Republic of Pakistan, 1973",article,26,,CONST_1973_ART_26,Article 26,Non-discrimination in respect of access to public places,"{""federal"": ""in_force"", ""punjab"": ""in_force"", ""sindh"": ""in_force"", ""kp"": ""in_force"", ""balochistan"": ""in_force""}",,"Pakistan Code (pakistancode.gov.pk), Constitution of the Islamic Republic of Pakistan, 1973; https://pakistancode.gov.pk/pdffiles/administrator9d8e2ecc414c6d3371ac41114b61a2c4.pdf",2026-09-23
CONST_1973,"Constitution of the Islamic Republic of Pakistan, 1973",article,27,,CONST_1973_ART_27,Article 27,Safeguard against discrimination in services,"{""federal"": ""in_force"", ""punjab"": ""in_force"", ""sindh"": ""in_force"", ""kp"": ""in_force"", ""balochistan"": ""in_force""}",,"Pakistan Code (pakistancode.gov.pk), Constitution of the Islamic Republic of Pakistan, 1973; https://pakistancode.gov.pk/pdffiles/administrator9d8e2ecc414c6d3371ac41114b61a2c4.pdf",2026-09-23
CONST_1973,"Constitution of the Islamic Republic of Pakistan, 1973",article,28,,CONST_1973_ART_28,Article 28,"Preservation of language, script and culture","{""federal"": ""in_force"", ""punjab"": ""in_force"", ""sindh"": ""in_force"", ""kp"": ""in_force"", ""balochistan"": ""in_force""}",,"Pakistan Code (pakistancode.gov.pk), Constitution of the Islamic Republic of Pakistan, 1973; https://pakistancode.gov.pk/pdffiles/administrator9d8e2ecc414c6d3371ac41114b61a2c4.pdf",2026-09-23
CONST_1973,"Constitution of the Islamic Republic of Pakistan, 1973",article,29,,CONST_1973_ART_29,Article 29,Principles of Policy,"{""federal"": ""in_force"", ""punjab"": ""in_force"", ""sindh"": ""in_force"", ""kp"": ""in_force"", ""balochistan"": ""in_force""}",,"Pakistan Code (pakistancode.gov.pk), Constitution of the Islamic Republic of Pakistan, 1973; https://pakistancode.gov.pk/pdffiles/administrator9d8e2ecc414c6d3371ac41114b61a2c4.pdf",2026-09-23
CONST_1973,"Constitution of the Islamic Republic of Pakistan, 1973",article,30,,CONST_1973_ART_30,Article 30,Responsibility with respect to Principles of Policy,"{""federal"": ""in_force"", ""punjab"": ""in_force"", ""sindh"": ""in_force"", ""kp"": ""in_force"", ""balochistan"": ""in_force""}",,"Pakistan Code (pakistancode.gov.pk), Constitution of the Islamic Republic of Pakistan, 1973; https://pakistancode.gov.pk/pdffiles/administrator9d8e2ecc414c6d3371ac41114b61a2c4.pdf",2026-09-23
CONST_1973,"Constitution of the Islamic Republic of Pakistan, 1973",article,31,,CONST_1973_ART_31,Article 31,Islamic way of life,"{""federal"": ""in_force"", ""punjab"": ""in_force"", ""sindh"": ""in_force"", ""kp"": ""in_force"", ""balochistan"": ""in_force""}",,"Pakistan Code (pakistancode.gov.pk), Constitution of the Islamic Republic of Pakistan, 1973; https://pakistancode.gov.pk/pdffiles/administrator9d8e2ecc414c6d3371ac41114b61a2c4.pdf",2026-09-23
CONST_1973,"Constitution of the Islamic Republic of Pakistan, 1973",article,32,,CONST_1973_ART_32,Article 32,Promotion of local Government institutions,"{""federal"": ""in_force"", ""punjab"": ""in_force"", ""sindh"": ""in_force"", ""kp"": ""in_force"", ""balochistan"": ""in_force""}",,"Pakistan Code (pakistancode.gov.pk), Constitution of the Islamic Republic of Pakistan, 1973; https://pakistancode.gov.pk/pdffiles/administrator9d8e2ecc414c6d3371ac41114b61a2c4.pdf",2026-09-23
CONST_1973,"Constitution of the Islamic Republic of Pakistan, 1973",article,33,,CONST_1973_ART_33,Article 33,Parochial and other similar prejudices to be discouraged,"{""federal"": ""in_force"", ""punjab"": ""in_force"", ""sindh"": ""in_force"", ""kp"": ""in_force"", ""balochistan"": ""in_force""}",,"Pakistan Code (pakistancode.gov.pk), Constitution of the Islamic Republic of Pakistan, 1973; https://pakistancode.gov.pk/pdffiles/administrator9d8e2ecc414c6d3371ac41114b61a2c4.pdf",2026-09-23
CONST_1973,"Constitution of the Islamic Republic of Pakistan, 1973",article,34,,CONST_1973_ART_34,Article 34,Full participation of women in national life,"{""federal"": ""in_force"", ""punjab"": ""in_force"", ""sindh"": ""in_force"", ""kp"": ""in_force"", ""balochistan"": ""in_force""}",,"Pakistan Code (pakistancode.gov.pk), Constitution of the Islamic Republic of Pakistan, 1973; https://pakistancode.gov.pk/pdffiles/administrator9d8e2ecc414c6d3371ac41114b61a2c4.pdf",2026-09-23
CONST_1973,"Constitution of the Islamic Republic of Pakistan, 1973",article,35,,CONST_1973_ART_35,Article 35,"Protection of family, etc.","{""federal"": ""in_force"", ""punjab"": ""in_force"", ""sindh"": ""in_force"", ""kp"": ""in_force"", ""balochistan"": ""in_force""}",,"Pakistan Code (pakistancode.gov.pk), Constitution of the Islamic Republic of Pakistan, 1973; https://pakistancode.gov.pk/pdffiles/administrator9d8e2ecc414c6d3371ac41114b61a2c4.pdf",2026-09-23
CONST_1973,"Constitution of the Islamic Republic of Pakistan, 1973",article,36,,CONST_1973_ART_36,Article 36,Protection of minorities,"{""federal"": ""in_force"", ""punjab"": ""in_force"", ""sindh"": ""in_force"", ""kp"": ""in_force"", ""balochistan"": ""in_force""}",,"Pakistan Code (pakistancode.gov.pk), Constitution of the Islamic Republic of Pakistan, 1973; https://pakistancode.gov.pk/pdffiles/administrator9d8e2ecc414c6d3371ac41114b61a2c4.pdf",2026-09-23
CONST_1973,"Constitution of the Islamic Republic of Pakistan, 1973",article,37,,CONST_1973_ART_37,Article 37,Promotion of social justice and eradication of social evils,"{""federal"": ""in_force"", ""punjab"": ""in_force"", ""sindh"": ""in_force"", ""kp"": ""in_force"", ""balochistan"": ""in_force""}",,"Pakistan Code (pakistancode.gov.pk), Constitution of the Islamic Republic of Pakistan, 1973; https://pakistancode.gov.pk/pdffiles/administrator9d8e2ecc414c6d3371ac41114b61a2c4.pdf",2026-09-23
CONST_1973,"Constitution of the Islamic Republic of Pakistan, 1973",article,38,,CONST_1973_ART_38,Article 38,Promotion of social and economic well-being of the people,"{""federal"": ""in_force"", ""punjab"": ""in_force"", ""sindh"": ""in_force"", ""kp"": ""in_force"", ""balochistan"": ""in_force""}",,"Pakistan Code (pakistancode.gov.pk), Constitution of the Islamic Republic of Pakistan, 1973; https://pakistancode.gov.pk/pdffiles/administrator9d8e2ecc414c6d3371ac41114b61a2c4.pdf",2026-09-23
CONST_1973,"Constitution of the Islamic Republic of Pakistan, 1973",article,39,,CONST_1973_ART_39,Article 39,Participation of people in Armed Forces,"{""federal"": ""in_force"", ""punjab"": ""in_force"", ""sindh"": ""in_force"", ""kp"": ""in_force"", ""balochistan"": ""in_force""}",,"Pakistan Code (pakistancode.gov.pk), Constitution of the Islamic Republic of Pakistan, 1973; https://pakistancode.gov.pk/pdffiles/administrator9d8e2ecc414c6d3371ac41114b61a2c4.pdf",2026-09-23
CONST_1973,"Constitution of the Islamic Republic of Pakistan, 1973",article,40,,CONST_1973_ART_40,Article 40,Strengthening bonds with Muslim world and promoting international peace,"{""federal"": ""in_force"", ""punjab"": ""in_force"", ""sindh"": ""in_force"", ""kp"": ""in_force"", ""balochistan"": ""in_force""}",,"Pakistan Code (pakistancode.gov.pk), Constitution of the Islamic Republic of Pakistan, 1973; https://pakistancode.gov.pk/pdffiles/administrator9d8e2ecc414c6d3371ac41114b61a2c4.pdf",2026-09-23
CONST_1973,"Constitution of the Islamic Republic of Pakistan, 1973",article,41,,CONST_1973_ART_41,Article 41,The President,"{""federal"": ""in_force"", ""punjab"": ""in_force"", ""sindh"": ""in_force"", ""kp"": ""in_force"", ""balochistan"": ""in_force""}",,"Pakistan Code (pakistancode.gov.pk), Constitution of the Islamic Republic of Pakistan, 1973; https://pakistancode.gov.pk/pdffiles/administrator9d8e2ecc414c6d3371ac41114b61a2c4.pdf",2026-09-23
CONST_1973,"Constitution of the Islamic Republic of Pakistan, 1973",article,42,,CONST_1973_ART_42,Article 42,Oath of President,"{""federal"": ""in_force"", ""punjab"": ""in_force"", ""sindh"": ""in_force"", ""kp"": ""in_force"", ""balochistan"": ""in_force""}",,"Pakistan Code (pakistancode.gov.pk), Constitution of the Islamic Republic of Pakistan, 1973; https://pakistancode.gov.pk/pdffiles/administrator9d8e2ecc414c6d3371ac41114b61a2c4.pdf",2026-09-23
CONST_1973,"Constitution of the Islamic Republic of Pakistan, 1973",article,43,,CONST_1973_ART_43,Article 43,Conditions of President’s office,"{""federal"": ""in_force"", ""punjab"": ""in_force"", ""sindh"": ""in_force"", ""kp"": ""in_force"", ""balochistan"": ""in_force""}",,"Pakistan Code (pakistancode.gov.pk), Constitution of the Islamic Republic of Pakistan, 1973; https://pakistancode.gov.pk/pdffiles/administrator9d8e2ecc414c6d3371ac41114b61a2c4.pdf",2026-09-23
CONST_1973,"Constitution of the Islamic Republic of Pakistan, 1973",article,44,,CONST_1973_ART_44,Article 44,Term of office of President,"{""federal"": ""in_force"", ""punjab"": ""in_force"", ""sindh"": ""in_force"", ""kp"": ""in_force"", ""balochistan"": ""in_force""}",,"Pakistan Code (pakistancode.gov.pk), Constitution of the Islamic Republic of Pakistan, 1973; https://pakistancode.gov.pk/pdffiles/administrator9d8e2ecc414c6d3371ac41114b61a2c4.pdf",2026-09-23
CONST_1973,"Constitution of the Islamic Republic of Pakistan, 1973",article,45,,CONST_1973_ART_45,Article 45,"President’s power to grant pardon, etc.","{""federal"": ""in_force"", ""punjab"": ""in_force"", ""sindh"": ""in_force"", ""kp"": ""in_force"", ""balochistan"": ""in_force""}",,"Pakistan Code (pakistancode.gov.pk), Constitution of the Islamic Republic of Pakistan, 1973; https://pakistancode.gov.pk/pdffiles/administrator9d8e2ecc414c6d3371ac41114b61a2c4.pdf",2026-09-23
CONST_1973,"Constitution of the Islamic Republic of Pakistan, 1973",article,46,,CONST_1973_ART_46,Article 46,President to be kept informed,"{""federal"": ""in_force"", ""punjab"": ""in_force"", ""sindh"": ""in_force"", ""kp"": ""in_force"", ""balochistan"": ""in_force""}",,"Pakistan Code (pakistancode.gov.pk), Constitution of the Islamic Republic of Pakistan, 1973; https://pakistancode.gov.pk/pdffiles/administrator9d8e2ecc414c6d3371ac41114b61a2c4.pdf",2026-09-23
CONST_1973,"Constitution of the Islamic Republic of Pakistan, 1973",article,47,,CONST_1973_ART_47,Article 47,Removal or impeachment of President,"{""federal"": ""in_force"", ""punjab"": ""in_force"", ""sindh"": ""in_force"", ""kp"": ""in_force"", ""balochistan"": ""in_force""}",,"Pakistan Code (pakistancode.gov.pk), Constitution of the Islamic Republic of Pakistan, 1973; https://pakistancode.gov.pk/pdffiles/administrator9d8e2ecc414c6d3371ac41114b61a2c4.pdf",2026-09-23
CONST_1973,"Constitution of the Islamic Republic of Pakistan, 1973",article,48,,CONST_1973_ART_48,Article 48,"President to act on advice, etc.","{""federal"": ""in_force"", ""punjab"": ""in_force"", ""sindh"": ""in_force"", ""kp"": ""in_force"", ""balochistan"": ""in_force""}",,"Pakistan Code (pakistancode.gov.pk), Constitution of the Islamic Republic of Pakistan, 1973; https://pakistancode.gov.pk/pdffiles/administrator9d8e2ecc414c6d3371ac41114b61a2c4.pdf",2026-09-23
CONST_1973,"Constitution of the Islamic Republic of Pakistan, 1973",article,49,,CONST_1973_ART_49,Article 49,"Chairman or Speaker to act as, or perform functions of, President","{""federal"": ""in_force"", ""punjab"": ""in_force"", ""sindh"": ""in_force"", ""kp"": ""in_force"", ""balochistan"": ""in_force""}",,"Pakistan Code (pakistancode.gov.pk), Constitution of the Islamic Republic of Pakistan, 1973; https://pakistancode.gov.pk/pdffiles/administrator9d8e2ecc414c6d3371ac41114b61a2c4.pdf",2026-09-23
CONST_1973,"Constitution of the Islamic Republic of Pakistan, 1973",article,50,,CONST_1973_ART_50,Article 50,Majlis-e-Shoora (Parliament),"{""federal"": ""in_force"", ""punjab"": ""in_force"", ""sindh"": ""in_force"", ""kp"": ""in_force"", ""balochistan"": ""in_force""}",,"Pakistan Code (pakistancode.gov.pk), Constitution of the Islamic Republic of Pakistan, 1973; https://pakistancode.gov.pk/pdffiles/administrator9d8e2ecc414c6d3371ac41114b61a2c4.pdf",2026-09-23
CONST_1973,"Constitution of the Islamic Republic of Pakistan, 1973",article,51,,CONST_1973_ART_51,Article 51,National Assembly,"{""federal"": ""in_force"", ""punjab"": ""in_force"", ""sindh"": ""in_force"", ""kp"": ""in_force"", ""balochistan"": ""in_force""}",,"Pakistan Code (pakistancode.gov.pk), Constitution of the Islamic Republic of Pakistan, 1973; https://pakistancode.gov.pk/pdffiles/administrator9d8e2ecc414c6d3371ac41114b61a2c4.pdf",2026-09-23
CONST_1973,"Constitution of the Islamic Republic of Pakistan, 1973",article,52,,CONST_1973_ART_52,Article 52,Duration of National Assembly,"{""federal"": ""in_force"", ""punjab"": ""in_force"", ""sindh"": ""in_force"", ""kp"": ""in_force"", ""balochistan"": ""in_force""}",,"Pakistan Code (pakistancode.gov.pk), Constitution of the Islamic Republic of Pakistan, 1973; https://pakistancode.gov.pk/pdffiles/administrator9d8e2ecc414c6d3371ac41114b61a2c4.pdf",2026-09-23
CONST_1973,"Constitution of the Islamic Republic of Pakistan, 1973",article,53,,CONST_1973_ART_53,Article 53,Speaker and Deputy Speaker of National Assembly,"{""federal"": ""in_force"", ""punjab"": ""in_force"", ""sindh"": ""in_force"", ""kp"": ""in_force"", ""balochistan"": ""in_force""}",,"Pakistan Code (pakistancode.gov.pk), Constitution of the Islamic Republic of Pakistan, 1973; https://pakistancode.gov.pk/pdffiles/administrator9d8e2ecc414c6d3371ac41114b61a2c4.pdf",2026-09-23
CONST_1973,"Constitution of the Islamic Republic of Pakistan, 1973",article,54,,CONST_1973_ART_54,Article 54,Summoning and prorogation of Majlis-e-Shoora (Parliament),"{""federal"": ""in_force"", ""punjab"": ""in_force"", ""sindh"": ""in_force"", ""kp"": ""in_force"", ""balochistan"": ""in_force""}",,"Pakistan Code (pakistancode.gov.pk), Constitution of the Islamic Republic of Pakistan, 1973; https://pakistancode.gov.pk/pdffiles/administrator9d8e2ecc414c6d3371ac41114b61a2c4.pdf",2026-09-23
CONST_1973,"Constitution of the Islamic Republic of Pakistan, 1973",article,55,,CONST_1973_ART_55,Article 55,Voting in Assembly and quorum,"{""federal"": ""in_force"", ""punjab"": ""in_force"", ""sindh"": ""in_force"", ""kp"": ""in_force"", ""balochistan"": ""in_force""}",,"Pakistan Code (pakistancode.gov.pk), Constitution of the Islamic Republic of Pakistan, 1973; https://pakistancode.gov.pk/pdffiles/administrator9d8e2ecc414c6d3371ac41114b61a2c4.pdf",2026-09-23
CONST_1973,"Constitution of the Islamic Republic of Pakistan, 1973",article,56,,CONST_1973_ART_56,Article 56,Address by President,"{""federal"": ""in_force"", ""punjab"": ""in_force"", ""sindh"": ""in_force"", ""kp"": ""in_force"", ""balochistan"": ""in_force""}",,"Pakistan Code (pakistancode.gov.pk), Constitution of the Islamic Republic of Pakistan, 1973; https://pakistancode.gov.pk/pdffiles/administrator9d8e2ecc414c6d3371ac41114b61a2c4.pdf",2026-09-23
CONST_1973,"Constitution of the Islamic Republic of Pakistan, 1973",article,57,,CONST_1973_ART_57,Article 57,Right to speak in Majlis-e-Shoora (Parliament),"{""federal"": ""in_force"", ""punjab"": ""in_force"", ""sindh"": ""in_force"", ""kp"": ""in_force"", ""balochistan"": ""in_force""}",,"Pakistan Code (pakistancode.gov.pk), Constitution of the Islamic Republic of Pakistan, 1973; https://pakistancode.gov.pk/pdffiles/administrator9d8e2ecc414c6d3371ac41114b61a2c4.pdf",2026-09-23
CONST_1973,"Constitution of the Islamic Republic of Pakistan, 1973",article,58,,CONST_1973_ART_58,Article 58,Dissolution of the National Assembly,"{""federal"": ""in_force"", ""punjab"": ""in_force"", ""sindh"": ""in_force"", ""kp"": ""in_force"", ""balochistan"": ""in_force""}",,"Pakistan Code (pakistancode.gov.pk), Constitution of the Islamic Republic of Pakistan, 1973; https://pakistancode.gov.pk/pdffiles/administrator9d8e2ecc414c6d3371ac41114b61a2c4.pdf",2026-09-23
CONST_1973,"Constitution of the Islamic Republic of Pakistan, 1973",article,59,,CONST_1973_ART_59,Article 59,The Senate,"{""federal"": ""in_force"", ""punjab"": ""in_force"", ""sindh"": ""in_force"", ""kp"": ""in_force"", ""balochistan"": ""in_force""}",,"Pakistan Code (pakistancode.gov.pk), Constitution of the Islamic Republic of Pakistan, 1973; https://pakistancode.gov.pk/pdffiles/administrator9d8e2ecc414c6d3371ac41114b61a2c4.pdf",2026-09-23
CONST_1973,"Constitution of the Islamic Republic of Pakistan, 1973",article,60,,CONST_1973_ART_60,Article 60,Chairman and Deputy Chairman,"{""federal"": ""in_force"", ""punjab"": ""in_force"", ""sindh"": ""in_force"", ""kp"": ""in_force"", ""balochistan"": ""in_force""}",,"Pakistan Code (pakistancode.gov.pk), Constitution of the Islamic Republic of Pakistan, 1973; https://pakistancode.gov.pk/pdffiles/administrator9d8e2ecc414c6d3371ac41114b61a2c4.pdf",2026-09-23
CONST_1973,"Constitution of the Islamic Republic of Pakistan, 1973",article,61,,CONST_1973_ART_61,Article 61,Other provisions relating to Senate,"{""federal"": ""in_force"", ""punjab"": ""in_force"", ""sindh"": ""in_force"", ""kp"": ""in_force"", ""balochistan"": ""in_force""}",,"Pakistan Code (pakistancode.gov.pk), Constitution of the Islamic Republic of Pakistan, 1973; https://pakistancode.gov.pk/pdffiles/administrator9d8e2ecc414c6d3371ac41114b61a2c4.pdf",2026-09-23
CONST_1973,"Constitution of the Islamic Republic of Pakistan, 1973",article,62,,CONST_1973_ART_62,Article 62,Qualifications for membership of Majlis-e-Shoora (Parliament),"{""federal"": ""in_force"", ""punjab"": ""in_force"", ""sindh"": ""in_force"", ""kp"": ""in_force"", ""balochistan"": ""in_force""}",,"Pakistan Code (pakistancode.gov.pk), Constitution of the Islamic Republic of Pakistan, 1973; https://pakistancode.gov.pk/pdffiles/administrator9d8e2ecc414c6d3371ac41114b61a2c4.pdf",2026-09-23
CONST_1973,"Constitution of the Islamic Republic of Pakistan, 1973",article,63,,CONST_1973_ART_63,Article 63,Disqualifications for membership of Majlis-e-Shoora (Parliament),"{""federal"": ""in_force"", ""punjab"": ""in_force"", ""sindh"": ""in_force"", ""kp"": ""in_force"", ""balochistan"": ""in_force""}",,"Pakistan Code (pakistancode.gov.pk), Constitution of the Islamic Republic of Pakistan, 1973; https://pakistancode.gov.pk/pdffiles/administrator9d8e2ecc414c6d3371ac41114b61a2c4.pdf",2026-09-23
CONST_1973,"Constitution of the Islamic Republic of Pakistan, 1973",article,63A,,CONST_1973_ART_63A,Article 63A,"Disqualification on grounds of defection, etc.","{""federal"": ""in_force"", ""punjab"": ""in_force"", ""sindh"": ""in_force"", ""kp"": ""in_force"", ""balochistan"": ""in_force""}",,"Pakistan Code (pakistancode.gov.pk), Constitution of the Islamic Republic of Pakistan, 1973; https://pakistancode.gov.pk/pdffiles/administrator9d8e2ecc414c6d3371ac41114b61a2c4.pdf",2026-09-23
CONST_1973,"Constitution of the Islamic Republic of Pakistan, 1973",article,64,,CONST_1973_ART_64,Article 64,Vacation of seats,"{""federal"": ""in_force"", ""punjab"": ""in_force"", ""sindh"": ""in_force"", ""kp"": ""in_force"", ""balochistan"": ""in_force""}",,"Pakistan Code (pakistancode.gov.pk), Constitution of the Islamic Republic of Pakistan, 1973; https://pakistancode.gov.pk/pdffiles/administrator9d8e2ecc414c6d3371ac41114b61a2c4.pdf",2026-09-23
CONST_1973,"Constitution of the Islamic Republic of Pakistan, 1973",article,65,,CONST_1973_ART_65,Article 65,Oath of members,"{""federal"": ""in_force"", ""punjab"": ""in_force"", ""sindh"": ""in_force"", ""kp"": ""in_force"", ""balochistan"": ""in_force""}",,"Pakistan Code (pakistancode.gov.pk), Constitution of the Islamic Republic of Pakistan, 1973; https://pakistancode.gov.pk/pdffiles/administrator9d8e2ecc414c6d3371ac41114b61a2c4.pdf",2026-09-23
CONST_1973,"Constitution of the Islamic Republic of Pakistan, 1973",article,66,,CONST_1973_ART_66,Article 66,"Privileges of members, etc.","{""federal"": ""in_force"", ""punjab"": ""in_force"", ""sindh"": ""in_force"", ""kp"": ""in_force"", ""balochistan"": ""in_force""}",,"Pakistan Code (pakistancode.gov.pk), Constitution of the Islamic Republic of Pakistan, 1973; https://pakistancode.gov.pk/pdffiles/administrator9d8e2ecc414c6d3371ac41114b61a2c4.pdf",2026-09-23
CONST_1973,"Constitution of the Islamic Republic of Pakistan, 1973",article,67,,CONST_1973_ART_67,Article 67,"Rules of procedure, etc.","{""federal"": ""in_force"", ""punjab"": ""in_force"", ""sindh"": ""in_force"", ""kp"": ""in_force"", ""balochistan"": ""in_force""}",,"Pakistan Code (pakistancode.gov.pk), Constitution of the Islamic Republic of Pakistan, 1973; https://pakistancode.gov.pk/pdffiles/administrator9d8e2ecc414c6d3371ac41114b61a2c4.pdf",2026-09-23
CONST_1973,"Constitution of the Islamic Republic of Pakistan, 1973",article,68,,CONST_1973_ART_68,Article 68,Restriction on discussion in Majlis-e-Shoora (Parliament),"{""federal"": ""in_force"", ""punjab"": ""in_force"", ""sindh"": ""in_force"", ""kp"": ""in_force"", ""balochistan"": ""in_force""}",,"Pakistan Code (pakistancode.gov.pk), Constitution of the Islamic Republic of Pakistan, 1973; https://pakistancode.gov.pk/pdffiles/administrator9d8e2ecc414c6d3371ac41114b61a2c4.pdf",2026-09-23
CONST_1973,"Constitution of the Islamic Republic of Pakistan, 1973",article,69,,CONST_1973_ART_69,Article 69,Courts not to inquire into proceedings of Majlis-e-Shoora (Parliament),"{""federal"": ""in_force"", ""punjab"": ""in_force"", ""sindh"": ""in_force"", ""kp"": ""in_force"", ""balochistan"": ""in_force""}",,"Pakistan Code (pakistancode.gov.pk), Constitution of the Islamic Republic of Pakistan, 1973; https://pakistancode.gov.pk/pdffiles/administrator9d8e2ecc414c6d3371ac41114b61a2c4.pdf",2026-09-23
CONST_1973,"Constitution of the Islamic Republic of Pakistan, 1973",article,70,,CONST_1973_ART_70,Article 70,Introduction and passing of Bills,"{""federal"": ""in_force"", ""punjab"": ""in_force"", ""sindh"": ""in_force"", ""kp"": ""in_force"", ""balochistan"": ""in_force""}",,"Pakistan Code (pakistancode.gov.pk), Constitution of the Islamic Republic of Pakistan, 1973; https://pakistancode.gov.pk/pdffiles/administrator9d8e2ecc414c6d3371ac41114b61a2c4.pdf",2026-09-23
CONST_1973,"Constitution of the Islamic Republic of Pakistan, 1973",article,71,,CONST_1973_ART_71,Article 71,[Omitted],"{""federal"": ""omitted"", ""punjab"": ""omitted"", ""sindh"": ""omitted"", ""kp"": ""omitted"", ""balochistan"": ""omitted""}",,"Pakistan Code (pakistancode.gov.pk), Constitution of the Islamic Republic of Pakistan, 1973; https://pakistancode.gov.pk/pdffiles/administrator9d8e2ecc414c6d3371ac41114b61a2c4.pdf",2026-09-23
CONST_1973,"Constitution of the Islamic Republic of Pakistan, 1973",article,72,,CONST_1973_ART_72,Article 72,Procedure at joint sittings,"{""federal"": ""in_force"", ""punjab"": ""in_force"", ""sindh"": ""in_force"", ""kp"": ""in_force"", ""balochistan"": ""in_force""}",,"Pakistan Code (pakistancode.gov.pk), Constitution of the Islamic Republic of Pakistan, 1973; https://pakistancode.gov.pk/pdffiles/administrator9d8e2ecc414c6d3371ac41114b61a2c4.pdf",2026-09-23
CONST_1973,"Constitution of the Islamic Republic of Pakistan, 1973",article,73,,CONST_1973_ART_73,Article 73,Procedure with respect to Money Bills,"{""federal"": ""in_force"", ""punjab"": ""in_force"", ""sindh"": ""in_force"", ""kp"": ""in_force"", ""balochistan"": ""in_force""}",,"Pakistan Code (pakistancode.gov.pk), Constitution of the Islamic Republic of Pakistan, 1973; https://pakistancode.gov.pk/pdffiles/administrator9d8e2ecc414c6d3371ac41114b61a2c4.pdf",2026-09-23
CONST_1973,"Constitution of the Islamic Republic of Pakistan, 1973",article,74,,CONST_1973_ART_74,Article 74,Federal Government’s consent required for financial measures,"{""federal"": ""in_force"", ""punjab"": ""in_force"", ""sindh"": ""in_force"", ""kp"": ""in_force"", ""balochistan"": ""in_force""}",,"Pakistan Code (pakistancode.gov.pk), Constitution of the Islamic Republic of Pakistan, 1973; https://pakistancode.gov.pk/pdffiles/administrator9d8e2ecc414c6d3371ac41114b61a2c4.pdf",2026-09-23
CONST_1973,"Constitution of the Islamic Republic of Pakistan, 1973",article,75,,CONST_1973_ART_75,Article 75,President’s assent to Bills,"{""federal"": ""in_force"", ""punjab"": ""in_force"", ""sindh"": ""in_force"", ""kp"": ""in_force"", ""balochistan"": ""in_force""}",,"Pakistan Code (pakistancode.gov.pk), Constitution of the Islamic Republic of Pakistan, 1973; https://pakistancode.gov.pk/pdffiles/administrator9d8e2ecc414c6d3371ac41114b61a2c4.pdf",2026-09-23
CONST_1973,"Constitution of the Islamic Republic of Pakistan, 1973",article,76,,CONST_1973_ART_76,Article 76,"Bill not to lapse on prorogation, etc.","{""federal"": ""in_force"", ""punjab"": ""in_force"", ""sindh"": ""in_force"", ""kp"": ""in_force"", ""balochistan"": ""in_force""}",,"Pakistan Code (pakistancode.gov.pk), Constitution of the Islamic Republic of Pakistan, 1973; https://pakistancode.gov.pk/pdffiles/administrator9d8e2ecc414c6d3371ac41114b61a2c4.pdf",2026-09-23
CONST_1973,"Constitution of the Islamic Republic of Pakistan, 1973",article,77,,CONST_1973_ART_77,Article 77,Tax to be levied by law only,"{""federal"": ""in_force"", ""punjab"": ""in_force"", ""sindh"": ""in_force"", ""kp"": ""in_force"", ""balochistan"": ""in_force""}",,"Pakistan Code (pakistancode.gov.pk), Constitution of the Islamic Republic of Pakistan, 1973; https://pakistancode.gov.pk/pdffiles/administrator9d8e2ecc414c6d3371ac41114b61a2c4.pdf",2026-09-23
CONST_1973,"Constitution of the Islamic Republic of Pakistan, 1973",article,78,,CONST_1973_ART_78,Article 78,Federal Consolidated Fund and Public Account,"{""federal"": ""in_force"", ""punjab"": ""in_force"", ""sindh"": ""in_force"", ""kp"": ""in_force"", ""balochistan"": ""in_force""}",,"Pakistan Code (pakistancode.gov.pk), Constitution of the Islamic Republic of Pakistan, 1973; https://pakistancode.gov.pk/pdffiles/administrator9d8e2ecc414c6d3371ac41114b61a2c4.pdf",2026-09-23
CONST_1973,"Constitution of the Islamic Republic of Pakistan, 1973",article,79,,CONST_1973_ART_79,Article 79,"Custody, etc., of Federal Consolidated Fund and Public Account","{""federal"": ""in_force"", ""punjab"": ""in_force"", ""sindh"": ""in_force"", ""kp"": ""in_force"", ""balochistan"": ""in_force""}",,"Pakistan Code (pakistancode.gov.pk), Constitution of the Islamic Republic of Pakistan, 1973; https://pakistancode.gov.pk/pdffiles/administrator9d8e2ecc414c6d3371ac41114b61a2c4.pdf",2026-09-23
CONST_1973,"Constitution of the Islamic Republic of Pakistan, 1973",article,80,,CONST_1973_ART_80,Article 80,Annual Budget Statement,"{""federal"": ""in_force"", ""punjab"": ""in_force"", ""sindh"": ""in_force"", ""kp"": ""in_force"", ""balochistan"": ""in_force""}",,"Pakistan Code (pakistancode.gov.pk), Constitution of the Islamic Republic of Pakistan, 1973; https://pakistancode.gov.pk/pdffiles/administrator9d8e2ecc414c6d3371ac41114b61a2c4.pdf",2026-09-23
CONST_1973,"Constitution of the Islamic Republic of Pakistan, 1973",article,81,,CONST_1973_ART_81,Article 81,Expenditure charged upon Federal Consolidated Fund,"{""federal"": ""in_force"", ""punjab"": ""in_force"", ""sindh"": ""in_force"", ""kp"": ""in_force"", ""balochistan"": ""in_force""}",,"Pakistan Code (pakistancode.gov.pk), Constitution of the Islamic Republic of Pakistan, 1973; https://pakistancode.gov.pk/pdffiles/administrator9d8e2ecc414c6d3371ac41114b61a2c4.pdf",2026-09-23
CONST_1973,"Constitution of the Islamic Republic of Pakistan, 1973",article,82,,CONST_1973_ART_82,Article 82,Procedure relating to Annual Budget Statement,"{""federal"": ""in_force"", ""punjab"": ""in_force"", ""sindh"": ""in_force"", ""kp"": ""in_force"", ""balochistan"": ""in_force""}",,"Pakistan Code (pakistancode.gov.pk), Constitution of the Islamic Republic of Pakistan, 1973; https://pakistancode.gov.pk/pdffiles/administrator9d8e2ecc414c6d3371ac41114b61a2c4.pdf",2026-09-23
CONST_1973,"Constitution of the Islamic Republic of Pakistan, 1973",article,83,,CONST_1973_ART_83,Article 83,Authentication of schedule of authorised expenditure,"{""federal"": ""in_force"", ""punjab"": ""in_force"", ""sindh"": ""in_force"", ""kp"": ""in_force"", ""balochistan"": ""in_force""}",,"Pakistan Code (pakistancode.gov.pk), Constitution of the Islamic Republic of Pakistan, 1973; https://pakistancode.gov.pk/pdffiles/administrator9d8e2ecc414c6d3371ac41114b61a2c4.pdf",2026-09-23
CONST_1973,"Constitution of the Islamic Republic of Pakistan, 1973",article,84,,CONST_1973_ART_84,Article 84,Supplementary and excess grants,"{""federal"": ""in_force"", ""punjab"": ""in_force"", ""sindh"": ""in_force"", ""kp"": ""in_force"", ""balochistan"": ""in_force""}",,"Pakistan Code (pakistancode.gov.pk), Constitution of the Islamic Republic of Pakistan, 1973; https://pakistancode.gov.pk/pdffiles/administrator9d8e2ecc414c6d3371ac41114b61a2c4.pdf",2026-09-23
CONST_1973,"Constitution of the Islamic Republic of Pakistan, 1973",article,85,,CONST_1973_ART_85,Article 85,Votes on account,"{""federal"": ""in_force"", ""punjab"": ""in_force"", ""sindh"": ""in_force"", ""kp"": ""in_force"", ""balochistan"": ""in_force""}",,"Pakistan Code (pakistancode.gov.pk), Constitution of the Islamic Republic of Pakistan, 1973; https://pakistancode.gov.pk/pdffiles/administrator9d8e2ecc414c6d3371ac41114b61a2c4.pdf",2026-09-23
CONST_1973,"Constitution of the Islamic Republic of Pakistan, 1973",article,86,,CONST_1973_ART_86,Article 86,Power to authorize expenditure when Assembly stands dissolved,"{""federal"": ""in_force"", ""punjab"": ""in_force"", ""sindh"": ""in_force"", ""kp"": ""in_force"", ""balochistan"": ""in_force""}",,"Pakistan Code (pakistancode.gov.pk), Constitution of the Islamic Republic of Pakistan, 1973; https://pakistancode.gov.pk/pdffiles/administrator9d8e2ecc414c6d3371ac41114b61a2c4.pdf",2026-09-23
CONST_1973,"Constitution of the Islamic Republic of Pakistan, 1973",article,87,,CONST_1973_ART_87,Article 87,Secretariats of Majlis-e-Shoora (Parliament),"{""federal"": ""in_force"", ""punjab"": ""in_force"", ""sindh"": ""in_force"", ""kp"": ""in_force"", ""balochistan"": ""in_force""}",,"Pakistan Code (pakistancode.gov.pk), Constitution of the Islamic Republic of Pakistan, 1973; https://pakistancode.gov.pk/pdffiles/administrator9d8e2ecc414c6d3371ac41114b61a2c4.pdf",2026-09-23
CONST_1973,"Constitution of the Islamic Republic of Pakistan, 1973",article,88,,CONST_1973_ART_88,Article 88,Finance Committees,"{""federal"": ""in_force"", ""punjab"": ""in_force"", ""sindh"": ""in_force"", ""kp"": ""in_force"", ""balochistan"": ""in_force""}",,"Pakistan Code (pakistancode.gov.pk), Constitution of the Islamic Republic of Pakistan, 1973; https://pakistancode.gov.pk/pdffiles/administrator9d8e2ecc414c6d3371ac41114b61a2c4.pdf",2026-09-23
CONST_1973,"Constitution of the Islamic Republic of Pakistan, 1973",article,89,,CONST_1973_ART_89,Article 89,Power of President to promulgate Ordinances,"{""federal"": ""in_force"", ""punjab"": ""in_force"", ""sindh"": ""in_force"", ""kp"": ""in_force"", ""balochistan"": ""in_force""}",,"Pakistan Code (pakistancode.gov.pk), Constitution of the Islamic Republic of Pakistan, 1973; https://pakistancode.gov.pk/pdffiles/administrator9d8e2ecc414c6d3371ac41114b61a2c4.pdf",2026-09-23
CONST_1973,"Constitution of the Islamic Republic of Pakistan, 1973",article,90,,CONST_1973_ART_90,Article 90,The Federal Government,"{""federal"": ""in_force"", ""punjab"": ""in_force"", ""sindh"": ""in_force"", ""kp"": ""in_force"", ""balochistan"": ""in_force""}",,"Pakistan Code (pakistancode.gov.pk), Constitution of the Islamic Republic of Pakistan, 1973; https://pakistancode.gov.pk/pdffiles/administrator9d8e2ecc414c6d3371ac41114b61a2c4.pdf",2026-09-23
CONST_1973,"Constitution of the Islamic Republic of Pakistan, 1973",article,91,,CONST_1973_ART_91,Article 91,The Cabinet,"{""federal"": ""in_force"", ""punjab"": ""in_force"", ""sindh"": ""in_force"", ""kp"": ""in_force"", ""balochistan"": ""in_force""}",,"Pakistan Code (pakistancode.gov.pk), Constitution of the Islamic Republic of Pakistan, 1973; https://pakistancode.gov.pk/pdffiles/administrator9d8e2ecc414c6d3371ac41114b61a2c4.pdf",2026-09-23
CONST_1973,"Constitution of the Islamic Republic of Pakistan, 1973",article,92,,CONST_1973_ART_92,Article 92,Federal Ministers and Ministers of State,"{""federal"": ""in_force"", ""punjab"": ""in_force"", ""sindh"": ""in_force"", ""kp"": ""in_force"", ""balochistan"": ""in_force""}",,"Pakistan Code (pakistancode.gov.pk), Constitution of the Islamic Republic of Pakistan, 1973; https://pakistancode.gov.pk/pdffiles/administrator9d8e2ecc414c6d3371ac41114b61a2c4.pdf",2026-09-23
CONST_1973,"Constitution of the Islamic Republic of Pakistan, 1973",article,93,,CONST_1973_ART_93,Article 93,Advisers,"{""federal"": ""in_force"", ""punjab"": ""in_force"", ""sindh"": ""in_force"", ""kp"": ""in_force"", ""balochistan"": ""in_force""}",,"Pakistan Code (pakistancode.gov.pk), Constitution of the Islamic Republic of Pakistan, 1973; https://pakistancode.gov.pk/pdffiles/administrator9d8e2ecc414c6d3371ac41114b61a2c4.pdf",2026-09-23
CONST_1973,"Constitution of the Islamic Republic of Pakistan, 1973",article,94,,CONST_1973_ART_94,Article 94,Prime Minister continuing in office,"{""federal"": ""in_force"", ""punjab"": ""in_force"", ""sindh"": ""in_force"", ""kp"": ""in_force"", ""balochistan"": ""in_force""}",,"Pakistan Code (pakistancode.gov.pk), Constitution of the Islamic Republic of Pakistan, 1973; https://pakistancode.gov.pk/pdffiles/administrator9d8e2ecc414c6d3371ac41114b61a2c4.pdf",2026-09-23
CONST_1973,"Constitution of the Islamic Republic of Pakistan, 1973",article,95,,CONST_1973_ART_95,Article 95,Vote of no-confidence against Prime Minister,"{""federal"": ""in_force"", ""punjab"": ""in_force"", ""sindh"": ""in_force"", ""kp"": ""in_force"", ""balochistan"": ""in_force""}",,"Pakistan Code (pakistancode.gov.pk), Constitution of the Islamic Republic of Pakistan, 1973; https://pakistancode.gov.pk/pdffiles/administrator9d8e2ecc414c6d3371ac41114b61a2c4.pdf",2026-09-23
CONST_1973,"Constitution of the Islamic Republic of Pakistan, 1973",article,96,,CONST_1973_ART_96,Article 96,[Omitted],"{""federal"": ""omitted"", ""punjab"": ""omitted"", ""sindh"": ""omitted"", ""kp"": ""omitted"", ""balochistan"": ""omitted""}",,"Pakistan Code (pakistancode.gov.pk), Constitution of the Islamic Republic of Pakistan, 1973; https://pakistancode.gov.pk/pdffiles/administrator9d8e2ecc414c6d3371ac41114b61a2c4.pdf",2026-09-23
CONST_1973,"Constitution of the Islamic Republic of Pakistan, 1973",article,96A,,CONST_1973_ART_96A,Article 96A,[Omitted],"{""federal"": ""omitted"", ""punjab"": ""omitted"", ""sindh"": ""omitted"", ""kp"": ""omitted"", ""balochistan"": ""omitted""}",,"Pakistan Code (pakistancode.gov.pk), Constitution of the Islamic Republic of Pakistan, 1973; https://pakistancode.gov.pk/pdffiles/administrator9d8e2ecc414c6d3371ac41114b61a2c4.pdf",2026-09-23
CONST_1973,"Constitution of the Islamic Republic of Pakistan, 1973",article,97,,CONST_1973_ART_97,Article 97,Extent of executive authority of Federation,"{""federal"": ""in_force"", ""punjab"": ""in_force"", ""sindh"": ""in_force"", ""kp"": ""in_force"", ""balochistan"": ""in_force""}",,"Pakistan Code (pakistancode.gov.pk), Constitution of the Islamic Republic of Pakistan, 1973; https://pakistancode.gov.pk/pdffiles/administrator9d8e2ecc414c6d3371ac41114b61a2c4.pdf",2026-09-23
CONST_1973,"Constitution of the Islamic Republic of Pakistan, 1973",article,98,,CONST_1973_ART_98,Article 98,Conferring of functions on subordinate authorities,"{""federal"": ""in_force"", ""punjab"": ""in_force"", ""sindh"": ""in_force"", ""kp"": ""in_force"", ""balochistan"": ""in_force""}",,"Pakistan Code (pakistancode.gov.pk), Constitution of the Islamic Republic of Pakistan, 1973; https://pakistancode.gov.pk/pdffiles/administrator9d8e2ecc414c6d3371ac41114b61a2c4.pdf",2026-09-23
CONST_1973,"Constitution of the Islamic Republic of Pakistan, 1973",article,99,,CONST_1973_ART_99,Article 99,Conduct of business of Federal Government,"{""federal"": ""in_force"", ""punjab"": ""in_force"", ""sindh"": ""in_force"", ""kp"": ""in_force"", ""balochistan"": ""in_force""}",,"Pakistan Code (pakistancode.gov.pk), Constitution of the Islamic Republic of Pakistan, 1973; https://pakistancode.gov.pk/pdffiles/administrator9d8e2ecc414c6d3371ac41114b61a2c4.pdf",2026-09-23
CONST_1973,"Constitution of the Islamic Republic of Pakistan, 1973",article,100,,CONST_1973_ART_100,Article 100,Attorney-General for Pakistan,"{""federal"": ""in_force"", ""punjab"": ""in_force"", ""sindh"": ""in_force"", ""kp"": ""in_force"", ""balochistan"": ""in_force""}",,"Pakistan Code (pakistancode.gov.pk), Constitution of the Islamic Republic of Pakistan, 1973; https://pakistancode.gov.pk/pdffiles/administrator9d8e2ecc414c6d3371ac41114b61a2c4.pdf",2026-09-23
CONST_1973,"Constitution of the Islamic Republic of Pakistan, 1973",article,101,,CONST_1973_ART_101,Article 101,Appointment of Governor,"{""federal"": ""in_force"", ""punjab"": ""in_force"", ""sindh"": ""in_force"", ""kp"": ""in_force"", ""balochistan"": ""in_force""}",,"Pakistan Code (pakistancode.gov.pk), Constitution of the Islamic Republic of Pakistan, 1973; https://pakistancode.gov.pk/pdffiles/administrator9d8e2ecc414c6d3371ac41114b61a2c4.pdf",2026-09-23
CONST_1973,"Constitution of the Islamic Republic of Pakistan, 1973",article,102,,CONST_1973_ART_102,Article 102,Oath of Office,"{""federal"": ""in_force"", ""punjab"": ""in_force"", ""sindh"": ""in_force"", ""kp"": ""in_force"", ""balochistan"": ""in_force""}",,"Pakistan Code (pakistancode.gov.pk), Constitution of the Islamic Republic of Pakistan, 1973; https://pakistancode.gov.pk/pdffiles/administrator9d8e2ecc414c6d3371ac41114b61a2c4.pdf",2026-09-23
CONST_1973,"Constitution of the Islamic Republic of Pakistan, 1973",article,103,,CONST_1973_ART_103,Article 103,Conditions of Governor’s office,"{""federal"": ""in_force"", ""punjab"": ""in_force"", ""sindh"": ""in_force"", ""kp"": ""in_force"", ""balochistan"": ""in_force""}",,"Pakistan Code (pakistancode.gov.pk), Constitution of the Islamic Republic of Pakistan, 1973; https://pakistancode.gov.pk/pdffiles/administrator9d8e2ecc414c6d3371ac41114b61a2c4.pdf",2026-09-23
CONST_1973,"Constitution of the Islamic Republic of Pakistan, 1973",article,104,,CONST_1973_ART_104,Article 104,"Speaker Provincial Assembly to act as, or perform functions of Governor in his absence","{""federal"": ""in_force"", ""punjab"": ""in_force"", ""sindh"": ""in_force"", ""kp"": ""in_force"", ""balochistan"": ""in_force""}",,"Pakistan Code (pakistancode.gov.pk), Constitution of the Islamic Republic of Pakistan, 1973; https://pakistancode.gov.pk/pdffiles/administrator9d8e2ecc414c6d3371ac41114b61a2c4.pdf",2026-09-23
CONST_1973,"Constitution of the Islamic Republic of Pakistan, 1973",article,105,,CONST_1973_ART_105,Article 105,"Governor to act on advice, etc.","{""federal"": ""in_force"", ""punjab"": ""in_force"", ""sindh"": ""in_force"", ""kp"": ""in_force"", ""balochistan"": ""in_force""}",,"Pakistan Code (pakistancode.gov.pk), Constitution of the Islamic Republic of Pakistan, 1973; https://pakistancode.gov.pk/pdffiles/administrator9d8e2ecc414c6d3371ac41114b61a2c4.pdf",2026-09-23
CONST_1973,"Constitution of the Islamic Republic of Pakistan, 1973",article,106,,CONST_1973_ART_106,Article 106,Constitution of Provincial Assemblies,"{""federal"": ""in_force"", ""punjab"": ""in_force"", ""sindh"": ""in_force"", ""kp"": ""in_force"", ""balochistan"": ""in_force""}",,"Pakistan Code (pakistancode.gov.pk), Constitution of the Islamic Republic of Pakistan, 1973; https://pakistancode.gov.pk/pdffiles/administrator9d8e2ecc414c6d3371ac41114b61a2c4.pdf",2026-09-23
CONST_1973,"Constitution of the Islamic Republic of Pakistan, 1973",article,107,,CONST_1973_ART_107,Article 107,Duration of Provincial Assembly,"{""federal"": ""in_force"", ""punjab"": ""in_force"", ""sindh"": ""in_force"", ""kp"": ""in_force"", ""balochistan"": ""in_force""}",,"Pakistan Code (pakistancode.gov.pk), Constitution of the Islamic Republic of Pakistan, 1973; https://pakistancode.gov.pk/pdffiles/administrator9d8e2ecc414c6d3371ac41114b61a2c4.pdf",2026-09-23
CONST_1973,"Constitution of the Islamic Republic of Pakistan, 1973",article,108,,CONST_1973_ART_108,Article 108,Speaker and Deputy Speaker,"{""federal"": ""in_force"", ""punjab"": ""in_force"", ""sindh"": ""in_force"", ""kp"": ""in_force"", ""balochistan"": ""in_force""}",,"Pakistan Code (pakistancode.gov.pk), Constitution of the Islamic Republic of Pakistan, 1973; https://pakistancode.gov.pk/pdffiles/administrator9d8e2ecc414c6d3371ac41114b61a2c4.pdf",2026-09-23
CONST_1973,"Constitution of the Islamic Republic of Pakistan, 1973",article,109,,CONST_1973_ART_109,Article 109,Summoning and prorogation of Provincial Assembly,"{""federal"": ""in_force"", ""punjab"": ""in_force"", ""sindh"": ""in_force"", ""kp"": ""in_force"", ""balochistan"": ""in_force""}",,"Pakistan Code (pakistancode.gov.pk), Constitution of the Islamic Republic of Pakistan, 1973; https://pakistancode.gov.pk/pdffiles/administrator9d8e2ecc414c6d3371ac41114b61a2c4.pdf",2026-09-23
CONST_1973,"Constitution of the Islamic Republic of Pakistan, 1973",article,110,,CONST_1973_ART_110,Article 110,Right of Governor to address Provincial Assembly,"{""federal"": ""in_force"", ""punjab"": ""in_force"", ""sindh"": ""in_force"", ""kp"": ""in_force"", ""balochistan"": ""in_force""}",,"Pakistan Code (pakistancode.gov.pk), Constitution of the Islamic Republic of Pakistan, 1973; https://pakistancode.gov.pk/pdffiles/administrator9d8e2ecc414c6d3371ac41114b61a2c4.pdf",2026-09-23
CONST_1973,"Constitution of the Islamic Republic of Pakistan, 1973",article,111,,CONST_1973_ART_111,Article 111,Right to speak in Provincial Assembly,"{""federal"": ""in_force"", ""punjab"": ""in_force"", ""sindh"": ""in_force"", ""kp"": ""in_force"", ""balochistan"": ""in_force""}",,"Pakistan Code (pakistancode.gov.pk), Constitution of the Islamic Republic of Pakistan, 1973; https://pakistancode.gov.pk/pdffiles/administrator9d8e2ecc414c6d3371ac41114b61a2c4.pdf",2026-09-23
CONST_1973,"Constitution of the Islamic Republic of Pakistan, 1973",article,112,,CONST_1973_ART_112,Article 112,Dissolution of Provincial Assembly,"{""federal"": ""in_force"", ""punjab"": ""in_force"", ""sindh"": ""in_force"", ""kp"": ""in_force"", ""balochistan"": ""in_force""}",,"Pakistan Code (pakistancode.gov.pk), Constitution of the Islamic Republic of Pakistan, 1973; https://pakistancode.gov.pk/pdffiles/administrator9d8e2ecc414c6d3371ac41114b61a2c4.pdf",2026-09-23
CONST_1973,"Constitution of the Islamic Republic of Pakistan, 1973",article,113,,CONST_1973_ART_113,Article 113,Qualifications and disqualifications for membership of Provincial Assembly,"{""federal"": ""in_force"", ""punjab"": ""in_force"", ""sindh"": ""in_force"", ""kp"": ""in_force"", ""balochistan"": ""in_force""}",,"Pakistan Code (pakistancode.gov.pk), Constitution of the Islamic Republic of Pakistan, 1973; https://pakistancode.gov.pk/pdffiles/administrator9d8e2ecc414c6d3371ac41114b61a2c4.pdf",2026-09-23
CONST_1973,"Constitution of the Islamic Republic of Pakistan, 1973",article,114,,CONST_1973_ART_114,Article 114,Restriction on discussion in Provincial Assembly,"{""federal"": ""in_force"", ""punjab"": ""in_force"", ""sindh"": ""in_force"", ""kp"": ""in_force"", ""balochistan"": ""in_force""}",,"Pakistan Code (pakistancode.gov.pk), Constitution of the Islamic Republic of Pakistan, 1973; https://pakistancode.gov.pk/pdffiles/administrator9d8e2ecc414c6d3371ac41114b61a2c4.pdf",2026-09-23
CONST_1973,"Constitution of the Islamic Republic of Pakistan, 1973",article,115,,CONST_1973_ART_115,Article 115,Provincial Government’s consent required for financial measures,"{""federal"": ""in_force"", ""punjab"": ""in_force"", ""sindh"": ""in_force"", ""kp"": ""in_force"", ""balochistan"": ""in_force""}",,"Pakistan Code (pakistancode.gov.pk), Constitution of the Islamic Republic of Pakistan, 1973; https://pakistancode.gov.pk/pdffiles/administrator9d8e2ecc414c6d3371ac41114b61a2c4.pdf",2026-09-23
CONST_1973,"Constitution of the Islamic Republic of Pakistan, 1973",article,116,,CONST_1973_ART_116,Article 116,Governor’s assent to Bills,"{""federal"": ""in_force"", ""punjab"": ""in_force"", ""sindh"": ""in_force"", ""kp"": ""in_force"", ""balochistan"": ""in_force""}",,"Pakistan Code (pakistancode.gov.pk), Constitution of the Islamic Republic of Pakistan, 1973; https://pakistancode.gov.pk/pdffiles/administrator9d8e2ecc414c6d3371ac41114b61a2c4.pdf",2026-09-23
CONST_1973,"Constitution of the Islamic Republic of Pakistan, 1973",article,117,,CONST_1973_ART_117,Article 117,"Bill not to lapse on prorogation, etc.","{""federal"": ""in_force"", ""punjab"": ""in_force"", ""sindh"": ""in_force"", ""kp"": ""in_force"", ""balochistan"": ""in_force""}",,"Pakistan Code (pakistancode.gov.pk), Constitution of the Islamic Republic of Pakistan, 1973; https://pakistancode.gov.pk/pdffiles/administrator9d8e2ecc414c6d3371ac41114b61a2c4.pdf",2026-09-23
CONST_1973,"Constitution of the Islamic Republic of Pakistan, 1973",article,118,,CONST_1973_ART_118,Article 118,Provincial Consolidated Fund and Public Account,"{""federal"": ""in_force"", ""punjab"": ""in_force"", ""sindh"": ""in_force"", ""kp"": ""in_force"", ""balochistan"": ""in_force""}",,"Pakistan Code (pakistancode.gov.pk), Constitution of the Islamic Republic of Pakistan, 1973; https://pakistancode.gov.pk/pdffiles/administrator9d8e2ecc414c6d3371ac41114b61a2c4.pdf",2026-09-23
CONST_1973,"Constitution of the Islamic Republic of Pakistan, 1973",article,119,,CONST_1973_ART_119,Article 119,"Custody, etc., of Provincial Consolidated Fund and Public Account","{""federal"": ""in_force"", ""punjab"": ""in_force"", ""sindh"": ""in_force"", ""kp"": ""in_force"", ""balochistan"": ""in_force""}",,"Pakistan Code (pakistancode.gov.pk), Constitution of the Islamic Republic of Pakistan, 1973; https://pakistancode.gov.pk/pdffiles/administrator9d8e2ecc414c6d3371ac41114b61a2c4.pdf",2026-09-23
CONST_1973,"Constitution of the Islamic Republic of Pakistan, 1973",article,120,,CONST_1973_ART_120,Article 120,Annual Budget Statement,"{""federal"": ""in_force"", ""punjab"": ""in_force"", ""sindh"": ""in_force"", ""kp"": ""in_force"", ""balochistan"": ""in_force""}",,"Pakistan Code (pakistancode.gov.pk), Constitution of the Islamic Republic of Pakistan, 1973; https://pakistancode.gov.pk/pdffiles/administrator9d8e2ecc414c6d3371ac41114b61a2c4.pdf",2026-09-23
CONST_1973,"Constitution of the Islamic Republic of Pakistan, 1973",article,121,,CONST_1973_ART_121,Article 121,Expenditure charged upon Provincial Consolidated Fund,"{""federal"": ""in_force"", ""punjab"": ""in_force"", ""sindh"": ""in_force"", ""kp"": ""in_force"", ""balochistan"": ""in_force""}",,"Pakistan Code (pakistancode.gov.pk), Constitution of the Islamic Republic of Pakistan, 1973; https://pakistancode.gov.pk/pdffiles/administrator9d8e2ecc414c6d3371ac41114b61a2c4.pdf",2026-09-23
CONST_1973,"Constitution of the Islamic Republic of Pakistan, 1973",article,122,,CONST_1973_ART_122,Article 122,Procedure relating to Annual Budget Statement,"{""federal"": ""in_force"", ""punjab"": ""in_force"", ""sindh"": ""in_force"", ""kp"": ""in_force"", ""balochistan"": ""in_force""}",,"Pakistan Code (pakistancode.gov.pk), Constitution of the Islamic Republic of Pakistan, 1973; https://pakistancode.gov.pk/pdffiles/administrator9d8e2ecc414c6d3371ac41114b61a2c4.pdf",2026-09-23
CONST_1973,"Constitution of the Islamic Republic of Pakistan, 1973",article,123,,CONST_1973_ART_123,Article 123,Authentication of schedule of authorized expenditure,"{""federal"": ""in_force"", ""punjab"": ""in_force"", ""sindh"": ""in_force"", ""kp"": ""in_force"", ""balochistan"": ""in_force""}",,"Pakistan Code (pakistancode.gov.pk), Constitution of the Islamic Republic of Pakistan, 1973; https://pakistancode.gov.pk/pdffiles/administrator9d8e2ecc414c6d3371ac41114b61a2c4.pdf",2026-09-23
CONST_1973,"Constitution of the Islamic Republic of Pakistan, 1973",article,124,,CONST_1973_ART_124,Article 124,Supplementary and excess grant,"{""federal"": ""in_force"", ""punjab"": ""in_force"", ""sindh"": ""in_force"", ""kp"": ""in_force"", ""balochistan"": ""in_force""}",,"Pakistan Code (pakistancode.gov.pk), Constitution of the Islamic Republic of Pakistan, 1973; https://pakistancode.gov.pk/pdffiles/administrator9d8e2ecc414c6d3371ac41114b61a2c4.pdf",2026-09-23
CONST_1973,"Constitution of the Islamic Republic of Pakistan, 1973",article,125,,CONST_1973_ART_125,Article 125,Votes on account,"{""federal"": ""in_force"", ""punjab"": ""in_force"", ""sindh"": ""in_force"", ""kp"": ""in_force"", ""balochistan"": ""in_force""}",,"Pakistan Code (pakistancode.gov.pk), Constitution of the Islamic Republic of Pakistan, 1973; https://pakistancode.gov.pk/pdffiles/administrator9d8e2ecc414c6d3371ac41114b61a2c4.pdf",2026-09-23
CONST_1973,"Constitution of the Islamic Republic of Pakistan, 1973",article,126,,CONST_1973_ART_126,Article 126,Power to authorize expenditure when Assembly stands dissolved,"{""federal"": ""in_force"", ""punjab"": ""in_force"", ""sindh"": ""in_force"", ""kp"": ""in_force"", ""balochistan"": ""in_force""}",,"Pakistan Code (pakistancode.gov.pk), Constitution of the Islamic Republic of Pakistan, 1973; https://pakistancode.gov.pk/pdffiles/administrator9d8e2ecc414c6d3371ac41114b61a2c4.pdf",2026-09-23
CONST_1973,"Constitution of the Islamic Republic of Pakistan, 1973",article,127,,CONST_1973_ART_127,Article 127,"Provisions relating to National Assembly, etc., to apply to Provincial Assembly, etc.","{""federal"": ""in_force"", ""punjab"": ""in_force"", ""sindh"": ""in_force"", ""kp"": ""in_force"", ""balochistan"": ""in_force""}",,"Pakistan Code (pakistancode.gov.pk), Constitution of the Islamic Republic of Pakistan, 1973; https://pakistancode.gov.pk/pdffiles/administrator9d8e2ecc414c6d3371ac41114b61a2c4.pdf",2026-09-23
CONST_1973,"Constitution of the Islamic Republic of Pakistan, 1973",article,128,,CONST_1973_ART_128,Article 128,Power of Governor to promulgate Ordinances,"{""federal"": ""in_force"", ""punjab"": ""in_force"", ""sindh"": ""in_force"", ""kp"": ""in_force"", ""balochistan"": ""in_force""}",,"Pakistan Code (pakistancode.gov.pk), Constitution of the Islamic Republic of Pakistan, 1973; https://pakistancode.gov.pk/pdffiles/administrator9d8e2ecc414c6d3371ac41114b61a2c4.pdf",2026-09-23
CONST_1973,"Constitution of the Islamic Republic of Pakistan, 1973",article,129,,CONST_1973_ART_129,Article 129,The Provincial Government,"{""federal"": ""in_force"", ""punjab"": ""in_force"", ""sindh"": ""in_force"", ""kp"": ""in_force"", ""balochistan"": ""in_force""}",,"Pakistan Code (pakistancode.gov.pk), Constitution of the Islamic Republic of Pakistan, 1973; https://pakistancode.gov.pk/pdffiles/administrator9d8e2ecc414c6d3371ac41114b61a2c4.pdf",2026-09-23
CONST_1973,"Constitution of the Islamic Republic of Pakistan, 1973",article,130,,CONST_1973_ART_130,Article 130,The Cabinet,"{""federal"": ""in_force"", ""punjab"": ""in_force"", ""sindh"": ""in_force"", ""kp"": ""in_force"", ""balochistan"": ""in_force""}",,"Pakistan Code (pakistancode.gov.pk), Constitution of the Islamic Republic of Pakistan, 1973; https://pakistancode.gov.pk/pdffiles/administrator9d8e2ecc414c6d3371ac41114b61a2c4.pdf",2026-09-23
CONST_1973,"Constitution of the Islamic Republic of Pakistan, 1973",article,131,,CONST_1973_ART_131,Article 131,Governor to be kept informed,"{""federal"": ""in_force"", ""punjab"": ""in_force"", ""sindh"": ""in_force"", ""kp"": ""in_force"", ""balochistan"": ""in_force""}",,"Pakistan Code (pakistancode.gov.pk), Constitution of the Islamic Republic of Pakistan, 1973; https://pakistancode.gov.pk/pdffiles/administrator9d8e2ecc414c6d3371ac41114b61a2c4.pdf",2026-09-23
CONST_1973,"Constitution of the Islamic Republic of Pakistan, 1973",article,132,,CONST_1973_ART_132,Article 132,Provincial Ministers,"{""federal"": ""in_force"", ""punjab"": ""in_force"", ""sindh"": ""in_force"", ""kp"": ""in_force"", ""balochistan"": ""in_force""}",,"Pakistan Code (pakistancode.gov.pk), Constitution of the Islamic Republic of Pakistan, 1973; https://pakistancode.gov.pk/pdffiles/administrator9d8e2ecc414c6d3371ac41114b61a2c4.pdf",2026-09-23
CONST_1973,"Constitution of the Islamic Republic of Pakistan, 1973",article,133,,CONST_1973_ART_133,Article 133,Chief Minister continuing in office,"{""federal"": ""in_force"", ""punjab"": ""in_force"", ""sindh"": ""in_force"", ""kp"": ""in_force"", ""balochistan"": ""in_force""}",,"Pakistan Code (pakistancode.gov.pk), Constitution of the Islamic Republic of Pakistan, 1973; https://pakistancode.gov.pk/pdffiles/administrator9d8e2ecc414c6d3371ac41114b61a2c4.pdf",2026-09-23
CONST_1973,"Constitution of the Islamic Republic of Pakistan, 1973",article,134,,CONST_1973_ART_134,Article 134,[Omitted],"{""federal"": ""omitted"", ""punjab"": ""omitted"", ""sindh"": ""omitted"", ""kp"": ""omitted"", ""balochistan"": ""omitted""}",,"Pakistan Code (pakistancode.gov.pk), Constitution of the Islamic Republic of Pakistan, 1973; https://pakistancode.gov.pk/pdffiles/administrator9d8e2ecc414c6d3371ac41114b61a2c4.pdf",2026-09-23
CONST_1973,"Constitution of the Islamic Republic of Pakistan, 1973",article,135,,CONST_1973_ART_135,Article 135,[Omitted],"{""federal"": ""omitted"", ""punjab"": ""omitted"", ""sindh"": ""omitted"", ""kp"": ""omitted"", ""balochistan"": ""omitted""}",,"Pakistan Code (pakistancode.gov.pk), Constitution of the Islamic Republic of Pakistan, 1973; https://pakistancode.gov.pk/pdffiles/administrator9d8e2ecc414c6d3371ac41114b61a2c4.pdf",2026-09-23
CONST_1973,"Constitution of the Islamic Republic of Pakistan, 1973",article,136,,CONST_1973_ART_136,Article 136,Vote of no-confidence against Chief Minister,"{""federal"": ""in_force"", ""punjab"": ""in_force"", ""sindh"": ""in_force"", ""kp"": ""in_force"", ""balochistan"": ""in_force""}",,"Pakistan Code (pakistancode.gov.pk), Constitution of the Islamic Republic of Pakistan, 1973; https://pakistancode.gov.pk/pdffiles/administrator9d8e2ecc414c6d3371ac41114b61a2c4.pdf",2026-09-23
CONST_1973,"Constitution of the Islamic Republic of Pakistan, 1973",article,137,,CONST_1973_ART_137,Article 137,Extent of executive authority of Province,"{""federal"": ""in_force"", ""punjab"": ""in_force"", ""sindh"": ""in_force"", ""kp"": ""in_force"", ""balochistan"": ""in_force""}",,"Pakistan Code (pakistancode.gov.pk), Constitution of the Islamic Republic of Pakistan, 1973; https://pakistancode.gov.pk/pdffiles/administrator9d8e2ecc414c6d3371ac41114b61a2c4.pdf",2026-09-23
CONST_1973,"Constitution of the Islamic Republic of Pakistan, 1973",article,138,,CONST_1973_ART_138,Article 138,Conferring of functions on subordinate authorities,"{""federal"": ""in_force"", ""punjab"": ""in_force"", ""sindh"": ""in_force"", ""kp"": ""in_force"", ""balochistan"": ""in_force""}",,"Pakistan Code (pakistancode.gov.pk), Constitution of the Islamic Republic of Pakistan, 1973; https://pakistancode.gov.pk/pdffiles/administrator9d8e2ecc414c6d3371ac41114b61a2c4.pdf",2026-09-23
CONST_1973,"Constitution of the Islamic Republic of Pakistan, 1973",article,139,,CONST_1973_ART_139,Article 139,Conduct of business of Provincial Government,"{""federal"": ""in_force"", ""punjab"": ""in_force"", ""sindh"": ""in_force"", ""kp"": ""in_force"", ""balochistan"": ""in_force""}",,"Pakistan Code (pakistancode.gov.pk), Constitution of the Islamic Republic of Pakistan, 1973; https://pakistancode.gov.pk/pdffiles/administrator9d8e2ecc414c6d3371ac41114b61a2c4.pdf",2026-09-23
CONST_1973,"Constitution of the Islamic Republic of Pakistan, 1973",article,140,,CONST_1973_ART_140,Article 140,Advocate General for a Province,"{""federal"": ""in_force"", ""punjab"": ""in_force"", ""sindh"": ""in_force"", ""kp"": ""in_force"", ""balochistan"": ""in_force""}",,"Pakistan Code (pakistancode.gov.pk), Constitution of the Islamic Republic of Pakistan, 1973; https://pakistancode.gov.pk/pdffiles/administrator9d8e2ecc414c6d3371ac41114b61a2c4.pdf",2026-09-23
CONST_1973,"Constitution of the Islamic Republic of Pakistan, 1973",article,140A,,CONST_1973_ART_140A,Article 140A,Local Government,"{""federal"": ""in_force"", ""punjab"": ""in_force"", ""sindh"": ""in_force"", ""kp"": ""in_force"", ""balochistan"": ""in_force""}",,"Pakistan Code (pakistancode.gov.pk), Constitution of the Islamic Republic of Pakistan, 1973; https://pakistancode.gov.pk/pdffiles/administrator9d8e2ecc414c6d3371ac41114b61a2c4.pdf",2026-09-23
CONST_1973,"Constitution of the Islamic Republic of Pakistan, 1973",article,141,,CONST_1973_ART_141,Article 141,Extent of Federal and Provincial laws,"{""federal"": ""in_force"", ""punjab"": ""in_force"", ""sindh"": ""in_force"", ""kp"": ""in_force"", ""balochistan"": ""in_force""}",,"Pakistan Code (pakistancode.gov.pk), Constitution of the Islamic Republic of Pakistan, 1973; https://pakistancode.gov.pk/pdffiles/administrator9d8e2ecc414c6d3371ac41114b61a2c4.pdf",2026-09-23
CONST_1973,"Constitution of the Islamic Republic of Pakistan, 1973",article,142,,CONST_1973_ART_142,Article 142,Subject-matter of Federal and Provincial laws,"{""federal"": ""in_force"", ""punjab"": ""in_force"", ""sindh"": ""in_force"", ""kp"": ""in_force"", ""balochistan"": ""in_force""}",,"Pakistan Code (pakistancode.gov.pk), Constitution of the Islamic Republic of Pakistan, 1973; https://pakistancode.gov.pk/pdffiles/administrator9d8e2ecc414c6d3371ac41114b61a2c4.pdf",2026-09-23
CONST_1973,"Constitution of the Islamic Republic of Pakistan, 1973",article,143,,CONST_1973_ART_143,Article 143,Inconsistency between Federal and Provincial law,"{""federal"": ""in_force"", ""punjab"": ""in_force"", ""sindh"": ""in_force"", ""kp"": ""in_force"", ""balochistan"": ""in_force""}",,"Pakistan Code (pakistancode.gov.pk), Constitution of the Islamic Republic of Pakistan, 1973; https://pakistancode.gov.pk/pdffiles/administrator9d8e2ecc414c6d3371ac41114b61a2c4.pdf",2026-09-23
CONST_1973,"Constitution of the Islamic Republic of Pakistan, 1973",article,144,,CONST_1973_ART_144,Article 144,Power of Majlis-e-Shoora (Parliament) to legislate for one or more Provinces by consent,"{""federal"": ""in_force"", ""punjab"": ""in_force"", ""sindh"": ""in_force"", ""kp"": ""in_force"", ""balochistan"": ""in_force""}",,"Pakistan Code (pakistancode.gov.pk), Constitution of the Islamic Republic of Pakistan, 1973; https://pakistancode.gov.pk/pdffiles/administrator9d8e2ecc414c6d3371ac41114b61a2c4.pdf",2026-09-23
CONST_1973,"Constitution of the Islamic Republic of Pakistan, 1973",article,145,,CONST_1973_ART_145,Article 145,Power of President to direct Governor to discharge certain functions as his Agent,"{""federal"": ""in_force"", ""punjab"": ""in_force"", ""sindh"": ""in_force"", ""kp"": ""in_force"", ""balochistan"": ""in_force""}",,"Pakistan Code (pakistancode.gov.pk), Constitution of the Islamic Republic of Pakistan, 1973; https://pakistancode.gov.pk/pdffiles/administrator9d8e2ecc414c6d3371ac41114b61a2c4.pdf",2026-09-23
CONST_1973,"Constitution of the Islamic Republic of Pakistan, 1973",article,146,,CONST_1973_ART_146,Article 146,"Power of Federation to confer powers, etc., on Provinces, in certain cases","{""federal"": ""in_force"", ""punjab"": ""in_force"", ""sindh"": ""in_force"", ""kp"": ""in_force"", ""balochistan"": ""in_force""}",,"Pakistan Code (pakistancode.gov.pk), Constitution of the Islamic Republic of Pakistan, 1973; https://pakistancode.gov.pk/pdffiles/administrator9d8e2ecc414c6d3371ac41114b61a2c4.pdf",2026-09-23
CONST_1973,"Constitution of the Islamic Republic of Pakistan, 1973",article,147,,CONST_1973_ART_147,Article 147,Power of the Provinces to entrust functions to the Federation,"{""federal"": ""in_force"", ""punjab"": ""in_force"", ""sindh"": ""in_force"", ""kp"": ""in_force"", ""balochistan"": ""in_force""}",,"Pakistan Code (pakistancode.gov.pk), Constitution of the Islamic Republic of Pakistan, 1973; https://pakistancode.gov.pk/pdffiles/administrator9d8e2ecc414c6d3371ac41114b61a2c4.pdf",2026-09-23
CONST_1973,"Constitution of the Islamic Republic of Pakistan, 1973",article,148,,CONST_1973_ART_148,Article 148,Obligation of Provinces and Federation,"{""federal"": ""in_force"", ""punjab"": ""in_force"", ""sindh"": ""in_force"", ""kp"": ""in_force"", ""balochistan"": ""in_force""}",,"Pakistan Code (pakistancode.gov.pk), Constitution of the Islamic Republic of Pakistan, 1973; https://pakistancode.gov.pk/pdffiles/administrator9d8e2ecc414c6d3371ac41114b61a2c4.pdf",2026-09-23
CONST_1973,"Constitution of the Islamic Republic of Pakistan, 1973",article,149,,CONST_1973_ART_149,Article 149,Directions to Provinces in certain cases,"{""federal"": ""in_force"", ""punjab"": ""in_force"", ""sindh"": ""in_force"", ""kp"": ""in_force"", ""balochistan"": ""in_force""}",,"Pakistan Code (pakistancode.gov.pk), Constitution of the Islamic Republic of Pakistan, 1973; https://pakistancode.gov.pk/pdffiles/administrator9d8e2ecc414c6d3371ac41114b61a2c4.pdf",2026-09-23
CONST_1973,"Constitution of the Islamic Republic of Pakistan, 1973",article,150,,CONST_1973_ART_150,Article 150,"Full faith and credit for public acts, etc.","{""federal"": ""in_force"", ""punjab"": ""in_force"", ""sindh"": ""in_force"", ""kp"": ""in_force"", ""balochistan"": ""in_force""}",,"Pakistan Code (pakistancode.gov.pk), Constitution of the Islamic Republic of Pakistan, 1973; https://pakistancode.gov.pk/pdffiles/administrator9d8e2ecc414c6d3371ac41114b61a2c4.pdf",2026-09-23
CONST_1973,"Constitution of the Islamic Republic of Pakistan, 1973",article,151,,CONST_1973_ART_151,Article 151,Inter-Provincial trade,"{""federal"": ""in_force"", ""punjab"": ""in_force"", ""sindh"": ""in_force"", ""kp"": ""in_force"", ""balochistan"": ""in_force""}",,"Pakistan Code (pakistancode.gov.pk), Constitution of the Islamic Republic of Pakistan, 1973; https://pakistancode.gov.pk/pdffiles/administrator9d8e2ecc414c6d3371ac41114b61a2c4.pdf",2026-09-23
CONST_1973,"Constitution of the Islamic Republic of Pakistan, 1973",article,152,,CONST_1973_ART_152,Article 152,Acquisition of land for Federal purposes,"{""federal"": ""in_force"", ""punjab"": ""in_force"", ""sindh"": ""in_force"", ""kp"": ""in_force"", ""balochistan"": ""in_force""}",,"Pakistan Code (pakistancode.gov.pk), Constitution of the Islamic Republic of Pakistan, 1973; https://pakistancode.gov.pk/pdffiles/administrator9d8e2ecc414c6d3371ac41114b61a2c4.pdf",2026-09-23
CONST_1973,"Constitution of the Islamic Republic of Pakistan, 1973",article,152A,,CONST_1973_ART_152A,Article 152A,[Omitted],"{""federal"": ""omitted"", ""punjab"": ""omitted"", ""sindh"": ""omitted"", ""kp"": ""omitted"", ""balochistan"": ""omitted""}",,"Pakistan Code (pakistancode.gov.pk), Constitution of the Islamic Republic of Pakistan, 1973; https://pakistancode.gov.pk/pdffiles/administrator9d8e2ecc414c6d3371ac41114b61a2c4.pdf",2026-09-23
CONST_1973,"Constitution of the Islamic Republic of Pakistan, 1973",article,153,,CONST_1973_ART_153,Article 153,Council of Common Interests,"{""federal"": ""in_force"", ""punjab"": ""in_force"", ""sindh"": ""in_force"", ""kp"": ""in_force"", ""balochistan"": ""in_force""}",,"Pakistan Code (pakistancode.gov.pk), Constitution of the Islamic Republic of Pakistan, 1973; https://pakistancode.gov.pk/pdffiles/administrator9d8e2ecc414c6d3371ac41114b61a2c4.pdf",2026-09-23
CONST_1973,"Constitution of the Islamic Republic of Pakistan, 1973",article,154,,CONST_1973_ART_154,Article 154,Functions and rules of procedure,"{""federal"": ""in_force"", ""punjab"": ""in_force"", ""sindh"": ""in_force"", ""kp"": ""in_force"", ""balochistan"": ""in_force""}",,"Pakistan Code (pakistancode.gov.pk), Constitution of the Islamic Republic of Pakistan, 1973; https://pakistancode.gov.pk/pdffiles/administrator9d8e2ecc414c6d3371ac41114b61a2c4.pdf",2026-09-23
CONST_1973,"Constitution of the Islamic Republic of Pakistan, 1973",article,155,,CONST_1973_ART_155,Article 155,Complaints as to interference with water supplies,"{""federal"": ""in_force"", ""punjab"": ""in_force"", ""sindh"": ""in_force"", ""kp"": ""in_force"", ""balochistan"": ""in_force""}",,"Pakistan Code (pakistancode.gov.pk), Constitution of the Islamic Republic of Pakistan, 1973; https://pakistancode.gov.pk/pdffiles/administrator9d8e2ecc414c6d3371ac41114b61a2c4.pdf",2026-09-23
CONST_1973,"Constitution of the Islamic Republic of Pakistan, 1973",article,156,,CONST_1973_ART_156,Article 156,National Economic Council,"{""federal"": ""in_force"", ""punjab"": ""in_force"", ""sindh"": ""in_force"", ""kp"": ""in_force"", ""balochistan"": ""in_force""}",,"Pakistan Code (pakistancode.gov.pk), Constitution of the Islamic Republic of Pakistan, 1973; https://pakistancode.gov.pk/pdffiles/administrator9d8e2ecc414c6d3371ac41114b61a2c4.pdf",2026-09-23
CONST_1973,"Constitution of the Islamic Republic of Pakistan, 1973",article,157,,CONST_1973_ART_157,Article 157,Electricity,"{""federal"": ""in_force"", ""punjab"": ""in_force"", ""sindh"": ""in_force"", ""kp"": ""in_force"", ""balochistan"": ""in_force""}",,"Pakistan Code (pakistancode.gov.pk), Constitution of the Islamic Republic of Pakistan, 1973; https://pakistancode.gov.pk/pdffiles/administrator9d8e2ecc414c6d3371ac41114b61a2c4.pdf",2026-09-23
CONST_1973,"Constitution of the Islamic Republic of Pakistan, 1973",article,158,,CONST_1973_ART_158,Article 158,Priority of requirements of natural gas,"{""federal"": ""in_force"", ""punjab"": ""in_force"", ""sindh"": ""in_force"", ""kp"": ""in_force"", ""balochistan"": ""in_force""}",,"Pakistan Code (pakistancode.gov.pk), Constitution of the Islamic Republic of Pakistan, 1973; https://pakistancode.gov.pk/pdffiles/administrator9d8e2ecc414c6d3371ac41114b61a2c4.pdf",2026-09-23
CONST_1973,"Constitution of the Islamic Republic of Pakistan, 1973",article,159,,CONST_1973_ART_159,Article 159,Broadcasting and telecasting,"{""federal"": ""in_force"", ""punjab"": ""in_force"", ""sindh"": ""in_force"", ""kp"": ""in_force"", ""balochistan"": ""in_force""}",,"Pakistan Code (pakistancode.gov.pk), Constitution of the Islamic Republic of Pakistan, 1973; https://pakistancode.gov.pk/pdffiles/administrator9d8e2ecc414c6d3371ac41114b61a2c4.pdf",2026-09-23
CONST_1973,"Constitution of the Islamic Republic of Pakistan, 1973",article,160,,CONST_1973_ART_160,Article 160,National Finance Commission,"{""federal"": ""in_force"", ""punjab"": ""in_force"", ""sindh"": ""in_force"", ""kp"": ""in_force"", ""balochistan"": ""in_force""}",,"Pakistan Code (pakistancode.gov.pk), Constitution of the Islamic Republic of Pakistan, 1973; https://pakistancode.gov.pk/pdffiles/administrator9d8e2ecc414c6d3371ac41114b61a2c4.pdf",2026-09-23
CONST_1973,"Constitution of the Islamic Republic of Pakistan, 1973",article,161,,CONST_1973_ART_161,Article 161,Natural gas and hydro-electric power,"{""federal"": ""in_force"", ""punjab"": ""in_force"", ""sindh"": ""in_force"", ""kp"": ""in_force"", ""balochistan"": ""in_force""}",,"Pakistan Code (pakistancode.gov.pk), Constitution of the Islamic Republic of Pakistan, 1973; https://pakistancode.gov.pk/pdffiles/administrator9d8e2ecc414c6d3371ac41114b61a2c4.pdf",2026-09-23
CONST_1973,"Constitution of the Islamic Republic of Pakistan, 1973",article,162,,CONST_1973_ART_162,Article 162,Prior sanction of President required to Bills affecting taxation in which Provinces are interested,"{""federal"": ""in_force"", ""punjab"": ""in_force"", ""sindh"": ""in_force"", ""kp"": ""in_force"", ""balochistan"": ""in_force""}",,"Pakistan Code (pakistancode.gov.pk), Constitution of the Islamic Republic of Pakistan, 1973; https://pakistancode.gov.pk/pdffiles/administrator9d8e2ecc414c6d3371ac41114b61a2c4.pdf",2026-09-23
CONST_1973,"Constitution of the Islamic Republic of Pakistan, 1973",article,163,,CONST_1973_ART_163,Article 163,"Provincial taxes in respect of professions, etc.","{""federal"": ""in_force"", ""punjab"": ""in_force"", ""sindh"": ""in_force"", ""kp"": ""in_force"", ""balochistan"": ""in_force""}",,"Pakistan Code (pakistancode.gov.pk), Constitution of the Islamic Republic of Pakistan, 1973; https://pakistancode.gov.pk/pdffiles/administrator9d8e2ecc414c6d3371ac41114b61a2c4.pdf",2026-09-23
CONST_1973,"Constitution of the Islamic Republic of Pakistan, 1973",article,164,,CONST_1973_ART_164,Article 164,Grants out of Consolidated Fund,"{""federal"": ""in_force"", ""punjab"": ""in_force"", ""sindh"": ""in_force"", ""kp"": ""in_force"", ""balochistan"": ""in_force""}",,"Pakistan Code (pakistancode.gov.pk), Constitution of the Islamic Republic of Pakistan, 1973; https://pakistancode.gov.pk/pdffiles/administrator9d8e2ecc414c6d3371ac41114b61a2c4.pdf",2026-09-23
CONST_1973,"Constitution of the Islamic Republic of Pakistan, 1973",article,165,,CONST_1973_ART_165,Article 165,Exemption of certain public property from taxation,"{""federal"": ""in_force"", ""punjab"": ""in_force"", ""sindh"": ""in_force"", ""kp"": ""in_force"", ""balochistan"": ""in_force""}",,"Pakistan Code (pakistancode.gov.pk), Constitution of the Islamic Republic of Pakistan, 1973; https://pakistancode.gov.pk/pdffiles/administrator9d8e2ecc414c6d3371ac41114b61a2c4.pdf",2026-09-23
CONST_1973,"Constitution of the Islamic Republic of Pakistan, 1973",article,165A,,CONST_1973_ART_165A,Article 165A,"Power of Majlis -e-Shoora (Parliament) to impose tax on the income of certain corporations,","{""federal"": ""in_force"", ""punjab"": ""in_force"", ""sindh"": ""in_force"", ""kp"": ""in_force"", ""balochistan"": ""in_force""}",,"Pakistan Code (pakistancode.gov.pk), Constitution of the Islamic Republic of Pakistan, 1973; https://pakistancode.gov.pk/pdffiles/administrator9d8e2ecc414c6d3371ac41114b61a2c4.pdf",2026-09-23
CONST_1973,"Constitution of the Islamic Republic of Pakistan, 1973",article,166,,CONST_1973_ART_166,Article 166,Borrowing by Federal Government,"{""federal"": ""in_force"", ""punjab"": ""in_force"", ""sindh"": ""in_force"", ""kp"": ""in_force"", ""balochistan"": ""in_force""}",,"Pakistan Code (pakistancode.gov.pk), Constitution of the Islamic Republic of Pakistan, 1973; https://pakistancode.gov.pk/pdffiles/administrator9d8e2ecc414c6d3371ac41114b61a2c4.pdf",2026-09-23
CONST_1973,"Constitution of the Islamic Republic of Pakistan, 1973",article,167,,CONST_1973_ART_167,Article 167,Borrowing by Provincial Government,"{""federal"": ""in_force"", ""punjab"": ""in_force"", ""sindh"": ""in_force"", ""kp"": ""in_force"", ""balochistan"": ""in_force""}",,"Pakistan Code (pakistancode.gov.pk), Constitution of the Islamic Republic of Pakistan, 1973; https://pakistancode.gov.pk/pdffiles/administrator9d8e2ecc414c6d3371ac41114b61a2c4.pdf",2026-09-23
CONST_1973,"Constitution of the Islamic Republic of Pakistan, 1973",article,168,,CONST_1973_ART_168,Article 168,Auditor-General of Pakistan,"{""federal"": ""in_force"", ""punjab"": ""in_force"", ""sindh"": ""in_force"", ""kp"": ""in_force"", ""balochistan"": ""in_force""}",,"Pakistan Code (pakistancode.gov.pk), Constitution of the Islamic Republic of Pakistan, 1973; https://pakistancode.gov.pk/pdffiles/administrator9d8e2ecc414c6d3371ac41114b61a2c4.pdf",2026-09-23
CONST_1973,"Constitution of the Islamic Republic of Pakistan, 1973",article,169,,CONST_1973_ART_169,Article 169,Functions and powers of Auditor-General,"{""federal"": ""in_force"", ""punjab"": ""in_force"", ""sindh"": ""in_force"", ""kp"": ""in_force"", ""balochistan"": ""in_force""}",,"Pakistan Code (pakistancode.gov.pk), Constitution of the Islamic Republic of Pakistan, 1973; https://pakistancode.gov.pk/pdffiles/administrator9d8e2ecc414c6d3371ac41114b61a2c4.pdf",2026-09-23
CONST_1973,"Constitution of the Islamic Republic of Pakistan, 1973",article,170,,CONST_1973_ART_170,Article 170,Power of Auditor-General to give directions as to accounts,"{""federal"": ""in_force"", ""punjab"": ""in_force"", ""sindh"": ""in_force"", ""kp"": ""in_force"", ""balochistan"": ""in_force""}",,"Pakistan Code (pakistancode.gov.pk), Constitution of the Islamic Republic of Pakistan, 1973; https://pakistancode.gov.pk/pdffiles/administrator9d8e2ecc414c6d3371ac41114b61a2c4.pdf",2026-09-23
CONST_1973,"Constitution of the Islamic Republic of Pakistan, 1973",article,171,,CONST_1973_ART_171,Article 171,Reports of Auditor-General,"{""federal"": ""in_force"", ""punjab"": ""in_force"", ""sindh"": ""in_force"", ""kp"": ""in_force"", ""balochistan"": ""in_force""}",,"Pakistan Code (pakistancode.gov.pk), Constitution of the Islamic Republic of Pakistan, 1973; https://pakistancode.gov.pk/pdffiles/administrator9d8e2ecc414c6d3371ac41114b61a2c4.pdf",2026-09-23
CONST_1973,"Constitution of the Islamic Republic of Pakistan, 1973",article,172,,CONST_1973_ART_172,Article 172,Ownerless property,"{""federal"": ""in_force"", ""punjab"": ""in_force"", ""sindh"": ""in_force"", ""kp"": ""in_force"", ""balochistan"": ""in_force""}",,"Pakistan Code (pakistancode.gov.pk), Constitution of the Islamic Republic of Pakistan, 1973; https://pakistancode.gov.pk/pdffiles/administrator9d8e2ecc414c6d3371ac41114b61a2c4.pdf",2026-09-23
CONST_1973,"Constitution of the Islamic Republic of Pakistan, 1973",article,173,,CONST_1973_ART_173,Article 173,"Power to acquire property and to make contracts, etc","{""federal"": ""in_force"", ""punjab"": ""in_force"", ""sindh"": ""in_force"", ""kp"": ""in_force"", ""balochistan"": ""in_force""}",,"Pakistan Code (pakistancode.gov.pk), Constitution of the Islamic Republic of Pakistan, 1973; https://pakistancode.gov.pk/pdffiles/administrator9d8e2ecc414c6d3371ac41114b61a2c4.pdf",2026-09-23
CONST_1973,"Constitution of the Islamic Republic of Pakistan, 1973",article,174,,CONST_1973_ART_174,Article 174,Suits and proceedings,"{""federal"": ""in_force"", ""punjab"": ""in_force"", ""sindh"": ""in_force"", ""kp"": ""in_force"", ""balochistan"": ""in_force""}",,"Pakistan Code (pakistancode.gov.pk), Constitution of the Islamic Republic of Pakistan, 1973; https://pakistancode.gov.pk/pdffiles/administrator9d8e2ecc414c6d3371ac41114b61a2c4.pdf",2026-09-23
CONST_1973,"Constitution of the Islamic Republic of Pakistan, 1973",article,175,,CONST_1973_ART_175,Article 175,Establishment and jurisdiction of courts,"{""federal"": ""in_force"", ""punjab"": ""in_force"", ""sindh"": ""in_force"", ""kp"": ""in_force"", ""balochistan"": ""in_force""}",,"Pakistan Code (pakistancode.gov.pk), Constitution of the Islamic Republic of Pakistan, 1973; https://pakistancode.gov.pk/pdffiles/administrator9d8e2ecc414c6d3371ac41114b61a2c4.pdf",2026-09-23
CONST_1973,"Constitution of the Islamic Republic of Pakistan, 1973",article,175A,,CONST_1973_ART_175A,Article 175A,"Appointment of Judges to the Federal Constitutional Court, the Supreme Court, High Courts","{""federal"": ""in_force"", ""punjab"": ""in_force"", ""sindh"": ""in_force"", ""kp"": ""in_force"", ""balochistan"": ""in_force""}",,"Pakistan Code (pakistancode.gov.pk), Constitution of the Islamic Republic of Pakistan, 1973; https://pakistancode.gov.pk/pdffiles/administrator9d8e2ecc414c6d3371ac41114b61a2c4.pdf",2026-09-23
CONST_1973,"Constitution of the Islamic Republic of Pakistan, 1973",article,175B,,CONST_1973_ART_175B,Article 175B,Constitution of Federal Constitutional Court,"{""federal"": ""in_force"", ""punjab"": ""in_force"", ""sindh"": ""in_force"", ""kp"": ""in_force"", ""balochistan"": ""in_force""}",,"Pakistan Code (pakistancode.gov.pk), Constitution of the Islamic Republic of Pakistan, 1973; https://pakistancode.gov.pk/pdffiles/administrator9d8e2ecc414c6d3371ac41114b61a2c4.pdf",2026-09-23
CONST_1973,"Constitution of the Islamic Republic of Pakistan, 1973",article,175C,,CONST_1973_ART_175C,Article 175C,Appointment of Federal Constitutional Court Judges,"{""federal"": ""in_force"", ""punjab"": ""in_force"", ""sindh"": ""in_force"", ""kp"": ""in_force"", ""balochistan"": ""in_force""}",,"Pakistan Code (pakistancode.gov.pk), Constitution of the Islamic Republic of Pakistan, 1973; https://pakistancode.gov.pk/pdffiles/administrator9d8e2ecc414c6d3371ac41114b61a2c4.pdf",2026-09-23
CONST_1973,"Constitution of the Islamic Republic of Pakistan, 1973",article,175D,,CONST_1973_ART_175D,Article 175D,Oath of Office of the Chief Justice and other Judges of the Federal Constitutional Court,"{""federal"": ""in_force"", ""punjab"": ""in_force"", ""sindh"": ""in_force"", ""kp"": ""in_force"", ""balochistan"": ""in_force""}",,"Pakistan Code (pakistancode.gov.pk), Constitution of the Islamic Republic of Pakistan, 1973; https://pakistancode.gov.pk/pdffiles/administrator9d8e2ecc414c6d3371ac41114b61a2c4.pdf",2026-09-23
CONST_1973,"Constitution of the Islamic Republic of Pakistan, 1973",article,175E,,CONST_1973_ART_175E,Article 175E,Original jurisdiction of Federal Constitutional Court,"{""federal"": ""in_force"", ""punjab"": ""in_force"", ""sindh"": ""in_force"", ""kp"": ""in_force"", ""balochistan"": ""in_force""}",,"Pakistan Code (pakistancode.gov.pk), Constitution of the Islamic Republic of Pakistan, 1973; https://pakistancode.gov.pk/pdffiles/administrator9d8e2ecc414c6d3371ac41114b61a2c4.pdf",2026-09-23
CONST_1973,"Constitution of the Islamic Republic of Pakistan, 1973",article,175F,,CONST_1973_ART_175F,Article 175F,Appellate jurisdiction of the Federal Constitutional Court,"{""federal"": ""in_force"", ""punjab"": ""in_force"", ""sindh"": ""in_force"", ""kp"": ""in_force"", ""balochistan"": ""in_force""}",,"Pakistan Code (pakistancode.gov.pk), Constitution of the Islamic Republic of Pakistan, 1973; https://pakistancode.gov.pk/pdffiles/administrator9d8e2ecc414c6d3371ac41114b61a2c4.pdf",2026-09-23
CONST_1973,"Constitution of the Islamic Republic of Pakistan, 1973",article,175G,,CONST_1973_ART_175G,Article 175G,Review of judgements or orders by the Federal Constitutional Court,"{""federal"": ""in_force"", ""punjab"": ""in_force"", ""sindh"": ""in_force"", ""kp"": ""in_force"", ""balochistan"": ""in_force""}",,"Pakistan Code (pakistancode.gov.pk), Constitution of the Islamic Republic of Pakistan, 1973; https://pakistancode.gov.pk/pdffiles/administrator9d8e2ecc414c6d3371ac41114b61a2c4.pdf",2026-09-23
CONST_1973,"Constitution of the Islamic Republic of Pakistan, 1973",article,175H,,CONST_1973_ART_175H,Article 175H,Advisory jurisdiction,"{""federal"": ""in_force"", ""punjab"": ""in_force"", ""sindh"": ""in_force"", ""kp"": ""in_force"", ""balochistan"": ""in_force""}",,"Pakistan Code (pakistancode.gov.pk), Constitution of the Islamic Republic of Pakistan, 1973; https://pakistancode.gov.pk/pdffiles/administrator9d8e2ecc414c6d3371ac41114b61a2c4.pdf",2026-09-23
CONST_1973,"Constitution of the Islamic Republic of Pakistan, 1973",article,175I,,CONST_1973_ART_175I,Article 175I,Retiring age of the Chief Justice and other Judges of the Federal Constitutional Court,"{""federal"": ""in_force"", ""punjab"": ""in_force"", ""sindh"": ""in_force"", ""kp"": ""in_force"", ""balochistan"": ""in_force""}",,"Pakistan Code (pakistancode.gov.pk), Constitution of the Islamic Republic of Pakistan, 1973; https://pakistancode.gov.pk/pdffiles/administrator9d8e2ecc414c6d3371ac41114b61a2c4.pdf",2026-09-23
CONST_1973,"Constitution of the Islamic Republic of Pakistan, 1973",article,175J,,CONST_1973_ART_175J,Article 175J,Acting Chief Justice of the Federal Constitutional Court,"{""federal"": ""in_force"", ""punjab"": ""in_force"", ""sindh"": ""in_force"", ""kp"": ""in_force"", ""balochistan"": ""in_force""}",,"Pakistan Code (pakistancode.gov.pk), Constitution of the Islamic Republic of Pakistan, 1973; https://pakistancode.gov.pk/pdffiles/administrator9d8e2ecc414c6d3371ac41114b61a2c4.pdf",2026-09-23
CONST_1973,"Constitution of the Islamic Republic of Pakistan, 1973",article,175K,,CONST_1973_ART_175K,Article 175K,Acting Judges of the Federal Constitutional Court,"{""federal"": ""in_force"", ""punjab"": ""in_force"", ""sindh"": ""in_force"", ""kp"": ""in_force"", ""balochistan"": ""in_force""}",,"Pakistan Code (pakistancode.gov.pk), Constitution of the Islamic Republic of Pakistan, 1973; https://pakistancode.gov.pk/pdffiles/administrator9d8e2ecc414c6d3371ac41114b61a2c4.pdf",2026-09-23
CONST_1973,"Constitution of the Islamic Republic of Pakistan, 1973",article,175L,,CONST_1973_ART_175L,Article 175L,Seat of the Federal Constitutional Court,"{""federal"": ""in_force"", ""punjab"": ""in_force"", ""sindh"": ""in_force"", ""kp"": ""in_force"", ""balochistan"": ""in_force""}",,"Pakistan Code (pakistancode.gov.pk), Constitution of the Islamic Republic of Pakistan, 1973; https://pakistancode.gov.pk/pdffiles/administrator9d8e2ecc414c6d3371ac41114b61a2c4.pdf",2026-09-23
CONST_1973,"Constitution of the Islamic Republic of Pakistan, 1973",article,176,,CONST_1973_ART_176,Article 176,Constitution of Supreme Court,"{""federal"": ""in_force"", ""punjab"": ""in_force"", ""sindh"": ""in_force"", ""kp"": ""in_force"", ""balochistan"": ""in_force""}",,"Pakistan Code (pakistancode.gov.pk), Constitution of the Islamic Republic of Pakistan, 1973; https://pakistancode.gov.pk/pdffiles/administrator9d8e2ecc414c6d3371ac41114b61a2c4.pdf",2026-09-23
CONST_1973,"Constitution of the Islamic Republic of Pakistan, 1973",article,177,,CONST_1973_ART_177,Article 177,Appointment of Supreme Court Judges,"{""federal"": ""in_force"", ""punjab"": ""in_force"", ""sindh"": ""in_force"", ""kp"": ""in_force"", ""balochistan"": ""in_force""}",,"Pakistan Code (pakistancode.gov.pk), Constitution of the Islamic Republic of Pakistan, 1973; https://pakistancode.gov.pk/pdffiles/administrator9d8e2ecc414c6d3371ac41114b61a2c4.pdf",2026-09-23
CONST_1973,"Constitution of the Islamic Republic of Pakistan, 1973",article,178,,CONST_1973_ART_178,Article 178,Oath of Office,"{""federal"": ""in_force"", ""punjab"": ""in_force"", ""sindh"": ""in_force"", ""kp"": ""in_force"", ""balochistan"": ""in_force""}",,"Pakistan Code (pakistancode.gov.pk), Constitution of the Islamic Republic of Pakistan, 1973; https://pakistancode.gov.pk/pdffiles/administrator9d8e2ecc414c6d3371ac41114b61a2c4.pdf",2026-09-23
CONST_1973,"Constitution of the Islamic Republic of Pakistan, 1973",article,179,,CONST_1973_ART_179,Article 179,Retiring age,"{""federal"": ""in_force"", ""punjab"": ""in_force"", ""sindh"": ""in_force"", ""kp"": ""in_force"", ""balochistan"": ""in_force""}",,"Pakistan Code (pakistancode.gov.pk), Constitution of the Islamic Republic of Pakistan, 1973; https://pakistancode.gov.pk/pdffiles/administrator9d8e2ecc414c6d3371ac41114b61a2c4.pdf",2026-09-23
CONST_1973,"Constitution of the Islamic Republic of Pakistan, 1973",article,180,,CONST_1973_ART_180,Article 180,Acting Chief Justice,"{""federal"": ""in_force"", ""punjab"": ""in_force"", ""sindh"": ""in_force"", ""kp"": ""in_force"", ""balochistan"": ""in_force""}",,"Pakistan Code (pakistancode.gov.pk), Constitution of the Islamic Republic of Pakistan, 1973; https://pakistancode.gov.pk/pdffiles/administrator9d8e2ecc414c6d3371ac41114b61a2c4.pdf",2026-09-23
CONST_1973,"Constitution of the Islamic Republic of Pakistan, 1973",article,181,,CONST_1973_ART_181,Article 181,Acting Judges,"{""federal"": ""in_force"", ""punjab"": ""in_force"", ""sindh"": ""in_force"", ""kp"": ""in_force"", ""balochistan"": ""in_force""}",,"Pakistan Code (pakistancode.gov.pk), Constitution of the Islamic Republic of Pakistan, 1973; https://pakistancode.gov.pk/pdffiles/administrator9d8e2ecc414c6d3371ac41114b61a2c4.pdf",2026-09-23
CONST_1973,"Constitution of the Islamic Republic of Pakistan, 1973",article,182,,CONST_1973_ART_182,Article 182,Appointment of ad-hoc Judges,"{""federal"": ""in_force"", ""punjab"": ""in_force"", ""sindh"": ""in_force"", ""kp"": ""in_force"", ""balochistan"": ""in_force""}",,"Pakistan Code (pakistancode.gov.pk), Constitution of the Islamic Republic of Pakistan, 1973; https://pakistancode.gov.pk/pdffiles/administrator9d8e2ecc414c6d3371ac41114b61a2c4.pdf",2026-09-23
CONST_1973,"Constitution of the Islamic Republic of Pakistan, 1973",article,183,,CONST_1973_ART_183,Article 183,Seat of the Supreme Court,"{""federal"": ""in_force"", ""punjab"": ""in_force"", ""sindh"": ""in_force"", ""kp"": ""in_force"", ""balochistan"": ""in_force""}",,"Pakistan Code (pakistancode.gov.pk), Constitution of the Islamic Republic of Pakistan, 1973; https://pakistancode.gov.pk/pdffiles/administrator9d8e2ecc414c6d3371ac41114b61a2c4.pdf",2026-09-23
CONST_1973,"Constitution of the Islamic Republic of Pakistan, 1973",article,184,,CONST_1973_ART_184,Article 184,[Omitted],"{""federal"": ""omitted_2025_amendment"", ""punjab"": ""omitted_2025_amendment"", ""sindh"": ""omitted_2025_amendment"", ""kp"": ""omitted_2025_amendment"", ""balochistan"": ""omitted_2025_amendment""}",,"Pakistan Code (pakistancode.gov.pk), Constitution of the Islamic Republic of Pakistan, 1973; https://pakistancode.gov.pk/pdffiles/administrator9d8e2ecc414c6d3371ac41114b61a2c4.pdf",2026-09-23
CONST_1973,"Constitution of the Islamic Republic of Pakistan, 1973",article,185,,CONST_1973_ART_185,Article 185,Appellate jurisdiction of the Supreme Court,"{""federal"": ""in_force"", ""punjab"": ""in_force"", ""sindh"": ""in_force"", ""kp"": ""in_force"", ""balochistan"": ""in_force""}",,"Pakistan Code (pakistancode.gov.pk), Constitution of the Islamic Republic of Pakistan, 1973; https://pakistancode.gov.pk/pdffiles/administrator9d8e2ecc414c6d3371ac41114b61a2c4.pdf",2026-09-23
CONST_1973,"Constitution of the Islamic Republic of Pakistan, 1973",article,186,,CONST_1973_ART_186,Article 186,[Omitted],"{""federal"": ""omitted"", ""punjab"": ""omitted"", ""sindh"": ""omitted"", ""kp"": ""omitted"", ""balochistan"": ""omitted""}",,"Pakistan Code (pakistancode.gov.pk), Constitution of the Islamic Republic of Pakistan, 1973; https://pakistancode.gov.pk/pdffiles/administrator9d8e2ecc414c6d3371ac41114b61a2c4.pdf",2026-09-23
CONST_1973,"Constitution of the Islamic Republic of Pakistan, 1973",article,186A,,CONST_1973_ART_186A,Article 186A,[Omitted],"{""federal"": ""omitted"", ""punjab"": ""omitted"", ""sindh"": ""omitted"", ""kp"": ""omitted"", ""balochistan"": ""omitted""}",,"Pakistan Code (pakistancode.gov.pk), Constitution of the Islamic Republic of Pakistan, 1973; https://pakistancode.gov.pk/pdffiles/administrator9d8e2ecc414c6d3371ac41114b61a2c4.pdf",2026-09-23
CONST_1973,"Constitution of the Islamic Republic of Pakistan, 1973",article,187,,CONST_1973_ART_187,Article 187,Issue and execution of processes of Federal Constitutional Court and Supreme Court,"{""federal"": ""in_force"", ""punjab"": ""in_force"", ""sindh"": ""in_force"", ""kp"": ""in_force"", ""balochistan"": ""in_force""}",,"Pakistan Code (pakistancode.gov.pk), Constitution of the Islamic Republic of Pakistan, 1973; https://pakistancode.gov.pk/pdffiles/administrator9d8e2ecc414c6d3371ac41114b61a2c4.pdf",2026-09-23
CONST_1973,"Constitution of the Islamic Republic of Pakistan, 1973",article,188,,CONST_1973_ART_188,Article 188,Review of judgments or orders by the Supreme Court,"{""federal"": ""in_force"", ""punjab"": ""in_force"", ""sindh"": ""in_force"", ""kp"": ""in_force"", ""balochistan"": ""in_force""}",,"Pakistan Code (pakistancode.gov.pk), Constitution of the Islamic Republic of Pakistan, 1973; https://pakistancode.gov.pk/pdffiles/administrator9d8e2ecc414c6d3371ac41114b61a2c4.pdf",2026-09-23
CONST_1973,"Constitution of the Islamic Republic of Pakistan, 1973",article,189,,CONST_1973_ART_189,Article 189,Decisions of Federal Constitutional Court and Supreme Court binding on other courts,"{""federal"": ""in_force"", ""punjab"": ""in_force"", ""sindh"": ""in_force"", ""kp"": ""in_force"", ""balochistan"": ""in_force""}",,"Pakistan Code (pakistancode.gov.pk), Constitution of the Islamic Republic of Pakistan, 1973; https://pakistancode.gov.pk/pdffiles/administrator9d8e2ecc414c6d3371ac41114b61a2c4.pdf",2026-09-23
CONST_1973,"Constitution of the Islamic Republic of Pakistan, 1973",article,190,,CONST_1973_ART_190,Article 190,Action in aid of Federal Constitutional Court and Supreme Court,"{""federal"": ""in_force"", ""punjab"": ""in_force"", ""sindh"": ""in_force"", ""kp"": ""in_force"", ""balochistan"": ""in_force""}",,"Pakistan Code (pakistancode.gov.pk), Constitution of the Islamic Republic of Pakistan, 1973; https://pakistancode.gov.pk/pdffiles/administrator9d8e2ecc414c6d3371ac41114b61a2c4.pdf",2026-09-23
CONST_1973,"Constitution of the Islamic Republic of Pakistan, 1973",article,191,,CONST_1973_ART_191,Article 191,Rules of procedure,"{""federal"": ""in_force"", ""punjab"": ""in_force"", ""sindh"": ""in_force"", ""kp"": ""in_force"", ""balochistan"": ""in_force""}",,"Pakistan Code (pakistancode.gov.pk), Constitution of the Islamic Republic of Pakistan, 1973; https://pakistancode.gov.pk/pdffiles/administrator9d8e2ecc414c6d3371ac41114b61a2c4.pdf",2026-09-23
CONST_1973,"Constitution of the Islamic Republic of Pakistan, 1973",article,191A,,CONST_1973_ART_191A,Article 191A,[Omitted],"{""federal"": ""omitted"", ""punjab"": ""omitted"", ""sindh"": ""omitted"", ""kp"": ""omitted"", ""balochistan"": ""omitted""}",,"Pakistan Code (pakistancode.gov.pk), Constitution of the Islamic Republic of Pakistan, 1973; https://pakistancode.gov.pk/pdffiles/administrator9d8e2ecc414c6d3371ac41114b61a2c4.pdf",2026-09-23
CONST_1973,"Constitution of the Islamic Republic of Pakistan, 1973",article,192,,CONST_1973_ART_192,Article 192,Constitution of High Court,"{""federal"": ""in_force"", ""punjab"": ""in_force"", ""sindh"": ""in_force"", ""kp"": ""in_force"", ""balochistan"": ""in_force""}",,"Pakistan Code (pakistancode.gov.pk), Constitution of the Islamic Republic of Pakistan, 1973; https://pakistancode.gov.pk/pdffiles/administrator9d8e2ecc414c6d3371ac41114b61a2c4.pdf",2026-09-23
CONST_1973,"Constitution of the Islamic Republic of Pakistan, 1973",article,193,,CONST_1973_ART_193,Article 193,Appointment of High Court Judges,"{""federal"": ""in_force"", ""punjab"": ""in_force"", ""sindh"": ""in_force"", ""kp"": ""in_force"", ""balochistan"": ""in_force""}",,"Pakistan Code (pakistancode.gov.pk), Constitution of the Islamic Republic of Pakistan, 1973; https://pakistancode.gov.pk/pdffiles/administrator9d8e2ecc414c6d3371ac41114b61a2c4.pdf",2026-09-23
CONST_1973,"Constitution of the Islamic Republic of Pakistan, 1973",article,194,,CONST_1973_ART_194,Article 194,Oath of Office,"{""federal"": ""in_force"", ""punjab"": ""in_force"", ""sindh"": ""in_force"", ""kp"": ""in_force"", ""balochistan"": ""in_force""}",,"Pakistan Code (pakistancode.gov.pk), Constitution of the Islamic Republic of Pakistan, 1973; https://pakistancode.gov.pk/pdffiles/administrator9d8e2ecc414c6d3371ac41114b61a2c4.pdf",2026-09-23
CONST_1973,"Constitution of the Islamic Republic of Pakistan, 1973",article,195,,CONST_1973_ART_195,Article 195,Retiring age,"{""federal"": ""in_force"", ""punjab"": ""in_force"", ""sindh"": ""in_force"", ""kp"": ""in_force"", ""balochistan"": ""in_force""}",,"Pakistan Code (pakistancode.gov.pk), Constitution of the Islamic Republic of Pakistan, 1973; https://pakistancode.gov.pk/pdffiles/administrator9d8e2ecc414c6d3371ac41114b61a2c4.pdf",2026-09-23
CONST_1973,"Constitution of the Islamic Republic of Pakistan, 1973",article,196,,CONST_1973_ART_196,Article 196,Acting Chief Justice,"{""federal"": ""in_force"", ""punjab"": ""in_force"", ""sindh"": ""in_force"", ""kp"": ""in_force"", ""balochistan"": ""in_force""}",,"Pakistan Code (pakistancode.gov.pk), Constitution of the Islamic Republic of Pakistan, 1973; https://pakistancode.gov.pk/pdffiles/administrator9d8e2ecc414c6d3371ac41114b61a2c4.pdf",2026-09-23
CONST_1973,"Constitution of the Islamic Republic of Pakistan, 1973",article,197,,CONST_1973_ART_197,Article 197,Additional Judges,"{""federal"": ""in_force"", ""punjab"": ""in_force"", ""sindh"": ""in_force"", ""kp"": ""in_force"", ""balochistan"": ""in_force""}",,"Pakistan Code (pakistancode.gov.pk), Constitution of the Islamic Republic of Pakistan, 1973; https://pakistancode.gov.pk/pdffiles/administrator9d8e2ecc414c6d3371ac41114b61a2c4.pdf",2026-09-23
CONST_1973,"Constitution of the Islamic Republic of Pakistan, 1973",article,198,,CONST_1973_ART_198,Article 198,Seat of the High Court,"{""federal"": ""in_force"", ""punjab"": ""in_force"", ""sindh"": ""in_force"", ""kp"": ""in_force"", ""balochistan"": ""in_force""}",,"Pakistan Code (pakistancode.gov.pk), Constitution of the Islamic Republic of Pakistan, 1973; https://pakistancode.gov.pk/pdffiles/administrator9d8e2ecc414c6d3371ac41114b61a2c4.pdf",2026-09-23
CONST_1973,"Constitution of the Islamic Republic of Pakistan, 1973",article,199,,CONST_1973_ART_199,Article 199,Jurisdiction of High Court,"{""federal"": ""in_force"", ""punjab"": ""in_force"", ""sindh"": ""in_force"", ""kp"": ""in_force"", ""balochistan"": ""in_force""}",,"Pakistan Code (pakistancode.gov.pk), Constitution of the Islamic Republic of Pakistan, 1973; https://pakistancode.gov.pk/pdffiles/administrator9d8e2ecc414c6d3371ac41114b61a2c4.pdf",2026-09-23
CONST_1973,"Constitution of the Islamic Republic of Pakistan, 1973",article,200,,CONST_1973_ART_200,Article 200,Transfer of High Court Judges,"{""federal"": ""in_force"", ""punjab"": ""in_force"", ""sindh"": ""in_force"", ""kp"": ""in_force"", ""balochistan"": ""in_force""}",,"Pakistan Code (pakistancode.gov.pk), Constitution of the Islamic Republic of Pakistan, 1973; https://pakistancode.gov.pk/pdffiles/administrator9d8e2ecc414c6d3371ac41114b61a2c4.pdf",2026-09-23
CONST_1973,"Constitution of the Islamic Republic of Pakistan, 1973",article,201,,CONST_1973_ART_201,Article 201,Decision of High Court binding on subordinate Courts,"{""federal"": ""in_force"", ""punjab"": ""in_force"", ""sindh"": ""in_force"", ""kp"": ""in_force"", ""balochistan"": ""in_force""}",,"Pakistan Code (pakistancode.gov.pk), Constitution of the Islamic Republic of Pakistan, 1973; https://pakistancode.gov.pk/pdffiles/administrator9d8e2ecc414c6d3371ac41114b61a2c4.pdf",2026-09-23
CONST_1973,"Constitution of the Islamic Republic of Pakistan, 1973",article,202,,CONST_1973_ART_202,Article 202,Rules of procedure,"{""federal"": ""in_force"", ""punjab"": ""in_force"", ""sindh"": ""in_force"", ""kp"": ""in_force"", ""balochistan"": ""in_force""}",,"Pakistan Code (pakistancode.gov.pk), Constitution of the Islamic Republic of Pakistan, 1973; https://pakistancode.gov.pk/pdffiles/administrator9d8e2ecc414c6d3371ac41114b61a2c4.pdf",2026-09-23
CONST_1973,"Constitution of the Islamic Republic of Pakistan, 1973",article,202A,,CONST_1973_ART_202A,Article 202A,Constitutional Benches of High Courts,"{""federal"": ""in_force"", ""punjab"": ""in_force"", ""sindh"": ""in_force"", ""kp"": ""in_force"", ""balochistan"": ""in_force""}",,"Pakistan Code (pakistancode.gov.pk), Constitution of the Islamic Republic of Pakistan, 1973; https://pakistancode.gov.pk/pdffiles/administrator9d8e2ecc414c6d3371ac41114b61a2c4.pdf",2026-09-23
CONST_1973,"Constitution of the Islamic Republic of Pakistan, 1973",article,203,,CONST_1973_ART_203,Article 203,High Court to superintend subordinate Courts,"{""federal"": ""in_force"", ""punjab"": ""in_force"", ""sindh"": ""in_force"", ""kp"": ""in_force"", ""balochistan"": ""in_force""}",,"Pakistan Code (pakistancode.gov.pk), Constitution of the Islamic Republic of Pakistan, 1973; https://pakistancode.gov.pk/pdffiles/administrator9d8e2ecc414c6d3371ac41114b61a2c4.pdf",2026-09-23
CONST_1973,"Constitution of the Islamic Republic of Pakistan, 1973",article,203A,,CONST_1973_ART_203A,Article 203A,Provisions of Chapter to override other provisions of Constitution,"{""federal"": ""in_force"", ""punjab"": ""in_force"", ""sindh"": ""in_force"", ""kp"": ""in_force"", ""balochistan"": ""in_force""}",,"Pakistan Code (pakistancode.gov.pk), Constitution of the Islamic Republic of Pakistan, 1973; https://pakistancode.gov.pk/pdffiles/administrator9d8e2ecc414c6d3371ac41114b61a2c4.pdf",2026-09-23
CONST_1973,"Constitution of the Islamic Republic of Pakistan, 1973",article,203B,,CONST_1973_ART_203B,Article 203B,Definitions,"{""federal"": ""in_force"", ""punjab"": ""in_force"", ""sindh"": ""in_force"", ""kp"": ""in_force"", ""balochistan"": ""in_force""}",,"Pakistan Code (pakistancode.gov.pk), Constitution of the Islamic Republic of Pakistan, 1973; https://pakistancode.gov.pk/pdffiles/administrator9d8e2ecc414c6d3371ac41114b61a2c4.pdf",2026-09-23
CONST_1973,"Constitution of the Islamic Republic of Pakistan, 1973",article,203C,,CONST_1973_ART_203C,Article 203C,The Federal Shariat Court,"{""federal"": ""in_force"", ""punjab"": ""in_force"", ""sindh"": ""in_force"", ""kp"": ""in_force"", ""balochistan"": ""in_force""}",,"Pakistan Code (pakistancode.gov.pk), Constitution of the Islamic Republic of Pakistan, 1973; https://pakistancode.gov.pk/pdffiles/administrator9d8e2ecc414c6d3371ac41114b61a2c4.pdf",2026-09-23
CONST_1973,"Constitution of the Islamic Republic of Pakistan, 1973",article,203D,,CONST_1973_ART_203D,Article 203D,"Powers, jurisdiction and functions of the Court","{""federal"": ""in_force"", ""punjab"": ""in_force"", ""sindh"": ""in_force"", ""kp"": ""in_force"", ""balochistan"": ""in_force""}",,"Pakistan Code (pakistancode.gov.pk), Constitution of the Islamic Republic of Pakistan, 1973; https://pakistancode.gov.pk/pdffiles/administrator9d8e2ecc414c6d3371ac41114b61a2c4.pdf",2026-09-23
CONST_1973,"Constitution of the Islamic Republic of Pakistan, 1973",article,203E,,CONST_1973_ART_203E,Article 203E,Powers and procedure of the Court,"{""federal"": ""in_force"", ""punjab"": ""in_force"", ""sindh"": ""in_force"", ""kp"": ""in_force"", ""balochistan"": ""in_force""}",,"Pakistan Code (pakistancode.gov.pk), Constitution of the Islamic Republic of Pakistan, 1973; https://pakistancode.gov.pk/pdffiles/administrator9d8e2ecc414c6d3371ac41114b61a2c4.pdf",2026-09-23
CONST_1973,"Constitution of the Islamic Republic of Pakistan, 1973",article,203F,,CONST_1973_ART_203F,Article 203F,Appeal to Supreme Court,"{""federal"": ""in_force"", ""punjab"": ""in_force"", ""sindh"": ""in_force"", ""kp"": ""in_force"", ""balochistan"": ""in_force""}",,"Pakistan Code (pakistancode.gov.pk), Constitution of the Islamic Republic of Pakistan, 1973; https://pakistancode.gov.pk/pdffiles/administrator9d8e2ecc414c6d3371ac41114b61a2c4.pdf",2026-09-23
CONST_1973,"Constitution of the Islamic Republic of Pakistan, 1973",article,203G,,CONST_1973_ART_203G,Article 203G,Bar of jurisdiction,"{""federal"": ""in_force"", ""punjab"": ""in_force"", ""sindh"": ""in_force"", ""kp"": ""in_force"", ""balochistan"": ""in_force""}",,"Pakistan Code (pakistancode.gov.pk), Constitution of the Islamic Republic of Pakistan, 1973; https://pakistancode.gov.pk/pdffiles/administrator9d8e2ecc414c6d3371ac41114b61a2c4.pdf",2026-09-23
CONST_1973,"Constitution of the Islamic Republic of Pakistan, 1973",article,203H,,CONST_1973_ART_203H,Article 203H,"Pending proceedings to continue, etc.","{""federal"": ""in_force"", ""punjab"": ""in_force"", ""sindh"": ""in_force"", ""kp"": ""in_force"", ""balochistan"": ""in_force""}",,"Pakistan Code (pakistancode.gov.pk), Constitution of the Islamic Republic of Pakistan, 1973; https://pakistancode.gov.pk/pdffiles/administrator9d8e2ecc414c6d3371ac41114b61a2c4.pdf",2026-09-23
CONST_1973,"Constitution of the Islamic Republic of Pakistan, 1973",article,203I,,CONST_1973_ART_203I,Article 203I,[Omitted],"{""federal"": ""omitted"", ""punjab"": ""omitted"", ""sindh"": ""omitted"", ""kp"": ""omitted"", ""balochistan"": ""omitted""}",,"Pakistan Code (pakistancode.gov.pk), Constitution of the Islamic Republic of Pakistan, 1973; https://pakistancode.gov.pk/pdffiles/administrator9d8e2ecc414c6d3371ac41114b61a2c4.pdf",2026-09-23
CONST_1973,"Constitution of the Islamic Republic of Pakistan, 1973",article,203J,,CONST_1973_ART_203J,Article 203J,Power to make rules,"{""federal"": ""in_force"", ""punjab"": ""in_force"", ""sindh"": ""in_force"", ""kp"": ""in_force"", ""balochistan"": ""in_force""}",,"Pakistan Code (pakistancode.gov.pk), Constitution of the Islamic Republic of Pakistan, 1973; https://pakistancode.gov.pk/pdffiles/administrator9d8e2ecc414c6d3371ac41114b61a2c4.pdf",2026-09-23
CONST_1973,"Constitution of the Islamic Republic of Pakistan, 1973",article,204,,CONST_1973_ART_204,Article 204,Contempt of Court,"{""federal"": ""in_force"", ""punjab"": ""in_force"", ""sindh"": ""in_force"", ""kp"": ""in_force"", ""balochistan"": ""in_force""}",,"Pakistan Code (pakistancode.gov.pk), Constitution of the Islamic Republic of Pakistan, 1973; https://pakistancode.gov.pk/pdffiles/administrator9d8e2ecc414c6d3371ac41114b61a2c4.pdf",2026-09-23
CONST_1973,"Constitution of the Islamic Republic of Pakistan, 1973",article,205,,CONST_1973_ART_205,Article 205,"Remuneration etc., of Judges","{""federal"": ""in_force"", ""punjab"": ""in_force"", ""sindh"": ""in_force"", ""kp"": ""in_force"", ""balochistan"": ""in_force""}",,"Pakistan Code (pakistancode.gov.pk), Constitution of the Islamic Republic of Pakistan, 1973; https://pakistancode.gov.pk/pdffiles/administrator9d8e2ecc414c6d3371ac41114b61a2c4.pdf",2026-09-23
CONST_1973,"Constitution of the Islamic Republic of Pakistan, 1973",article,206,,CONST_1973_ART_206,Article 206,Resignation,"{""federal"": ""in_force"", ""punjab"": ""in_force"", ""sindh"": ""in_force"", ""kp"": ""in_force"", ""balochistan"": ""in_force""}",,"Pakistan Code (pakistancode.gov.pk), Constitution of the Islamic Republic of Pakistan, 1973; https://pakistancode.gov.pk/pdffiles/administrator9d8e2ecc414c6d3371ac41114b61a2c4.pdf",2026-09-23
CONST_1973,"Constitution of the Islamic Republic of Pakistan, 1973",article,207,,CONST_1973_ART_207,Article 207,"Judge not to hold office of profit, etc.","{""federal"": ""in_force"", ""punjab"": ""in_force"", ""sindh"": ""in_force"", ""kp"": ""in_force"", ""balochistan"": ""in_force""}",,"Pakistan Code (pakistancode.gov.pk), Constitution of the Islamic Republic of Pakistan, 1973; https://pakistancode.gov.pk/pdffiles/administrator9d8e2ecc414c6d3371ac41114b61a2c4.pdf",2026-09-23
CONST_1973,"Constitution of the Islamic Republic of Pakistan, 1973",article,208,,CONST_1973_ART_208,Article 208,Officers and servants of Courts,"{""federal"": ""in_force"", ""punjab"": ""in_force"", ""sindh"": ""in_force"", ""kp"": ""in_force"", ""balochistan"": ""in_force""}",,"Pakistan Code (pakistancode.gov.pk), Constitution of the Islamic Republic of Pakistan, 1973; https://pakistancode.gov.pk/pdffiles/administrator9d8e2ecc414c6d3371ac41114b61a2c4.pdf",2026-09-23
CONST_1973,"Constitution of the Islamic Republic of Pakistan, 1973",article,209,,CONST_1973_ART_209,Article 209,Supreme Judicial Council,"{""federal"": ""in_force"", ""punjab"": ""in_force"", ""sindh"": ""in_force"", ""kp"": ""in_force"", ""balochistan"": ""in_force""}",,"Pakistan Code (pakistancode.gov.pk), Constitution of the Islamic Republic of Pakistan, 1973; https://pakistancode.gov.pk/pdffiles/administrator9d8e2ecc414c6d3371ac41114b61a2c4.pdf",2026-09-23
CONST_1973,"Constitution of the Islamic Republic of Pakistan, 1973",article,210,,CONST_1973_ART_210,Article 210,"Power of Council to enforce attendance of persons, etc.","{""federal"": ""in_force"", ""punjab"": ""in_force"", ""sindh"": ""in_force"", ""kp"": ""in_force"", ""balochistan"": ""in_force""}",,"Pakistan Code (pakistancode.gov.pk), Constitution of the Islamic Republic of Pakistan, 1973; https://pakistancode.gov.pk/pdffiles/administrator9d8e2ecc414c6d3371ac41114b61a2c4.pdf",2026-09-23
CONST_1973,"Constitution of the Islamic Republic of Pakistan, 1973",article,211,,CONST_1973_ART_211,Article 211,Bar of jurisdiction,"{""federal"": ""in_force"", ""punjab"": ""in_force"", ""sindh"": ""in_force"", ""kp"": ""in_force"", ""balochistan"": ""in_force""}",,"Pakistan Code (pakistancode.gov.pk), Constitution of the Islamic Republic of Pakistan, 1973; https://pakistancode.gov.pk/pdffiles/administrator9d8e2ecc414c6d3371ac41114b61a2c4.pdf",2026-09-23
CONST_1973,"Constitution of the Islamic Republic of Pakistan, 1973",article,212,,CONST_1973_ART_212,Article 212,Administrative Courts and Tribunals,"{""federal"": ""in_force"", ""punjab"": ""in_force"", ""sindh"": ""in_force"", ""kp"": ""in_force"", ""balochistan"": ""in_force""}",,"Pakistan Code (pakistancode.gov.pk), Constitution of the Islamic Republic of Pakistan, 1973; https://pakistancode.gov.pk/pdffiles/administrator9d8e2ecc414c6d3371ac41114b61a2c4.pdf",2026-09-23
CONST_1973,"Constitution of the Islamic Republic of Pakistan, 1973",article,212A,,CONST_1973_ART_212A,Article 212A,[Omitted],"{""federal"": ""omitted"", ""punjab"": ""omitted"", ""sindh"": ""omitted"", ""kp"": ""omitted"", ""balochistan"": ""omitted""}",,"Pakistan Code (pakistancode.gov.pk), Constitution of the Islamic Republic of Pakistan, 1973; https://pakistancode.gov.pk/pdffiles/administrator9d8e2ecc414c6d3371ac41114b61a2c4.pdf",2026-09-23
CONST_1973,"Constitution of the Islamic Republic of Pakistan, 1973",article,212B,,CONST_1973_ART_212B,Article 212B,[Repealed],"{""federal"": ""omitted"", ""punjab"": ""omitted"", ""sindh"": ""omitted"", ""kp"": ""omitted"", ""balochistan"": ""omitted""}",,"Pakistan Code (pakistancode.gov.pk), Constitution of the Islamic Republic of Pakistan, 1973; https://pakistancode.gov.pk/pdffiles/administrator9d8e2ecc414c6d3371ac41114b61a2c4.pdf",2026-09-23
CONST_1973,"Constitution of the Islamic Republic of Pakistan, 1973",article,213,,CONST_1973_ART_213,Article 213,Chief Election Commissioner,"{""federal"": ""in_force"", ""punjab"": ""in_force"", ""sindh"": ""in_force"", ""kp"": ""in_force"", ""balochistan"": ""in_force""}",,"Pakistan Code (pakistancode.gov.pk), Constitution of the Islamic Republic of Pakistan, 1973; https://pakistancode.gov.pk/pdffiles/administrator9d8e2ecc414c6d3371ac41114b61a2c4.pdf",2026-09-23
CONST_1973,"Constitution of the Islamic Republic of Pakistan, 1973",article,214,,CONST_1973_ART_214,Article 214,Oath of Office,"{""federal"": ""in_force"", ""punjab"": ""in_force"", ""sindh"": ""in_force"", ""kp"": ""in_force"", ""balochistan"": ""in_force""}",,"Pakistan Code (pakistancode.gov.pk), Constitution of the Islamic Republic of Pakistan, 1973; https://pakistancode.gov.pk/pdffiles/administrator9d8e2ecc414c6d3371ac41114b61a2c4.pdf",2026-09-23
CONST_1973,"Constitution of the Islamic Republic of Pakistan, 1973",article,215,,CONST_1973_ART_215,Article 215,Term of office of Commissioner [and members],"{""federal"": ""in_force"", ""punjab"": ""in_force"", ""sindh"": ""in_force"", ""kp"": ""in_force"", ""balochistan"": ""in_force""}",,"Pakistan Code (pakistancode.gov.pk), Constitution of the Islamic Republic of Pakistan, 1973; https://pakistancode.gov.pk/pdffiles/administrator9d8e2ecc414c6d3371ac41114b61a2c4.pdf",2026-09-23
CONST_1973,"Constitution of the Islamic Republic of Pakistan, 1973",article,216,,CONST_1973_ART_216,Article 216,Commissioner and members not to hold office of profit,"{""federal"": ""in_force"", ""punjab"": ""in_force"", ""sindh"": ""in_force"", ""kp"": ""in_force"", ""balochistan"": ""in_force""}",,"Pakistan Code (pakistancode.gov.pk), Constitution of the Islamic Republic of Pakistan, 1973; https://pakistancode.gov.pk/pdffiles/administrator9d8e2ecc414c6d3371ac41114b61a2c4.pdf",2026-09-23
CONST_1973,"Constitution of the Islamic Republic of Pakistan, 1973",article,217,,CONST_1973_ART_217,Article 217,Acting Commissioner,"{""federal"": ""in_force"", ""punjab"": ""in_force"", ""sindh"": ""in_force"", ""kp"": ""in_force"", ""balochistan"": ""in_force""}",,"Pakistan Code (pakistancode.gov.pk), Constitution of the Islamic Republic of Pakistan, 1973; https://pakistancode.gov.pk/pdffiles/administrator9d8e2ecc414c6d3371ac41114b61a2c4.pdf",2026-09-23
CONST_1973,"Constitution of the Islamic Republic of Pakistan, 1973",article,218,,CONST_1973_ART_218,Article 218,Election Commission,"{""federal"": ""in_force"", ""punjab"": ""in_force"", ""sindh"": ""in_force"", ""kp"": ""in_force"", ""balochistan"": ""in_force""}",,"Pakistan Code (pakistancode.gov.pk), Constitution of the Islamic Republic of Pakistan, 1973; https://pakistancode.gov.pk/pdffiles/administrator9d8e2ecc414c6d3371ac41114b61a2c4.pdf",2026-09-23
CONST_1973,"Constitution of the Islamic Republic of Pakistan, 1973",article,219,,CONST_1973_ART_219,Article 219,Duties of Commission,"{""federal"": ""in_force"", ""punjab"": ""in_force"", ""sindh"": ""in_force"", ""kp"": ""in_force"", ""balochistan"": ""in_force""}",,"Pakistan Code (pakistancode.gov.pk), Constitution of the Islamic Republic of Pakistan, 1973; https://pakistancode.gov.pk/pdffiles/administrator9d8e2ecc414c6d3371ac41114b61a2c4.pdf",2026-09-23
CONST_1973,"Constitution of the Islamic Republic of Pakistan, 1973",article,220,,CONST_1973_ART_220,Article 220,"Executive authorities to assist Commission, etc.","{""federal"": ""in_force"", ""punjab"": ""in_force"", ""sindh"": ""in_force"", ""kp"": ""in_force"", ""balochistan"": ""in_force""}",,"Pakistan Code (pakistancode.gov.pk), Constitution of the Islamic Republic of Pakistan, 1973; https://pakistancode.gov.pk/pdffiles/administrator9d8e2ecc414c6d3371ac41114b61a2c4.pdf",2026-09-23
CONST_1973,"Constitution of the Islamic Republic of Pakistan, 1973",article,221,,CONST_1973_ART_221,Article 221,Officers and staff,"{""federal"": ""in_force"", ""punjab"": ""in_force"", ""sindh"": ""in_force"", ""kp"": ""in_force"", ""balochistan"": ""in_force""}",,"Pakistan Code (pakistancode.gov.pk), Constitution of the Islamic Republic of Pakistan, 1973; https://pakistancode.gov.pk/pdffiles/administrator9d8e2ecc414c6d3371ac41114b61a2c4.pdf",2026-09-23
CONST_1973,"Constitution of the Islamic Republic of Pakistan, 1973",article,222,,CONST_1973_ART_222,Article 222,Electoral laws,"{""federal"": ""in_force"", ""punjab"": ""in_force"", ""sindh"": ""in_force"", ""kp"": ""in_force"", ""balochistan"": ""in_force""}",,"Pakistan Code (pakistancode.gov.pk), Constitution of the Islamic Republic of Pakistan, 1973; https://pakistancode.gov.pk/pdffiles/administrator9d8e2ecc414c6d3371ac41114b61a2c4.pdf",2026-09-23
CONST_1973,"Constitution of the Islamic Republic of Pakistan, 1973",article,223,,CONST_1973_ART_223,Article 223,Bar against double membership,"{""federal"": ""in_force"", ""punjab"": ""in_force"", ""sindh"": ""in_force"", ""kp"": ""in_force"", ""balochistan"": ""in_force""}",,"Pakistan Code (pakistancode.gov.pk), Constitution of the Islamic Republic of Pakistan, 1973; https://pakistancode.gov.pk/pdffiles/administrator9d8e2ecc414c6d3371ac41114b61a2c4.pdf",2026-09-23
CONST_1973,"Constitution of the Islamic Republic of Pakistan, 1973",article,224,,CONST_1973_ART_224,Article 224,Time of Election and bye-election,"{""federal"": ""in_force"", ""punjab"": ""in_force"", ""sindh"": ""in_force"", ""kp"": ""in_force"", ""balochistan"": ""in_force""}",,"Pakistan Code (pakistancode.gov.pk), Constitution of the Islamic Republic of Pakistan, 1973; https://pakistancode.gov.pk/pdffiles/administrator9d8e2ecc414c6d3371ac41114b61a2c4.pdf",2026-09-23
CONST_1973,"Constitution of the Islamic Republic of Pakistan, 1973",article,224A,,CONST_1973_ART_224A,Article 224A,Resolution by Committee or Election Commission,"{""federal"": ""in_force"", ""punjab"": ""in_force"", ""sindh"": ""in_force"", ""kp"": ""in_force"", ""balochistan"": ""in_force""}",,"Pakistan Code (pakistancode.gov.pk), Constitution of the Islamic Republic of Pakistan, 1973; https://pakistancode.gov.pk/pdffiles/administrator9d8e2ecc414c6d3371ac41114b61a2c4.pdf",2026-09-23
CONST_1973,"Constitution of the Islamic Republic of Pakistan, 1973",article,225,,CONST_1973_ART_225,Article 225,Election dispute,"{""federal"": ""in_force"", ""punjab"": ""in_force"", ""sindh"": ""in_force"", ""kp"": ""in_force"", ""balochistan"": ""in_force""}",,"Pakistan Code (pakistancode.gov.pk), Constitution of the Islamic Republic of Pakistan, 1973; https://pakistancode.gov.pk/pdffiles/administrator9d8e2ecc414c6d3371ac41114b61a2c4.pdf",2026-09-23
CONST_1973,"Constitution of the Islamic Republic of Pakistan, 1973",article,226,,CONST_1973_ART_226,Article 226,Election by secret ballot,"{""federal"": ""in_force"", ""punjab"": ""in_force"", ""sindh"": ""in_force"", ""kp"": ""in_force"", ""balochistan"": ""in_force""}",,"Pakistan Code (pakistancode.gov.pk), Constitution of the Islamic Republic of Pakistan, 1973; https://pakistancode.gov.pk/pdffiles/administrator9d8e2ecc414c6d3371ac41114b61a2c4.pdf",2026-09-23
CONST_1973,"Constitution of the Islamic Republic of Pakistan, 1973",article,227,,CONST_1973_ART_227,Article 227,Provisions relating to the Holy Quran and Sunnah,"{""federal"": ""in_force"", ""punjab"": ""in_force"", ""sindh"": ""in_force"", ""kp"": ""in_force"", ""balochistan"": ""in_force""}",,"Pakistan Code (pakistancode.gov.pk), Constitution of the Islamic Republic of Pakistan, 1973; https://pakistancode.gov.pk/pdffiles/administrator9d8e2ecc414c6d3371ac41114b61a2c4.pdf",2026-09-23
CONST_1973,"Constitution of the Islamic Republic of Pakistan, 1973",article,228,,CONST_1973_ART_228,Article 228,"Composition, etc., of Islamic Council","{""federal"": ""in_force"", ""punjab"": ""in_force"", ""sindh"": ""in_force"", ""kp"": ""in_force"", ""balochistan"": ""in_force""}",,"Pakistan Code (pakistancode.gov.pk), Constitution of the Islamic Republic of Pakistan, 1973; https://pakistancode.gov.pk/pdffiles/administrator9d8e2ecc414c6d3371ac41114b61a2c4.pdf",2026-09-23
CONST_1973,"Constitution of the Islamic Republic of Pakistan, 1973",article,229,,CONST_1973_ART_229,Article 229,"Reference by Majlis-e-Shoora (Parliament), etc., to Islamic Council","{""federal"": ""in_force"", ""punjab"": ""in_force"", ""sindh"": ""in_force"", ""kp"": ""in_force"", ""balochistan"": ""in_force""}",,"Pakistan Code (pakistancode.gov.pk), Constitution of the Islamic Republic of Pakistan, 1973; https://pakistancode.gov.pk/pdffiles/administrator9d8e2ecc414c6d3371ac41114b61a2c4.pdf",2026-09-23
CONST_1973,"Constitution of the Islamic Republic of Pakistan, 1973",article,230,,CONST_1973_ART_230,Article 230,Functions of the Islamic Council,"{""federal"": ""in_force"", ""punjab"": ""in_force"", ""sindh"": ""in_force"", ""kp"": ""in_force"", ""balochistan"": ""in_force""}",,"Pakistan Code (pakistancode.gov.pk), Constitution of the Islamic Republic of Pakistan, 1973; https://pakistancode.gov.pk/pdffiles/administrator9d8e2ecc414c6d3371ac41114b61a2c4.pdf",2026-09-23
CONST_1973,"Constitution of the Islamic Republic of Pakistan, 1973",article,231,,CONST_1973_ART_231,Article 231,Rules of procedure,"{""federal"": ""in_force"", ""punjab"": ""in_force"", ""sindh"": ""in_force"", ""kp"": ""in_force"", ""balochistan"": ""in_force""}",,"Pakistan Code (pakistancode.gov.pk), Constitution of the Islamic Republic of Pakistan, 1973; https://pakistancode.gov.pk/pdffiles/administrator9d8e2ecc414c6d3371ac41114b61a2c4.pdf",2026-09-23
CONST_1973,"Constitution of the Islamic Republic of Pakistan, 1973",article,232,,CONST_1973_ART_232,Article 232,"Proclamation of emergency on account of war, internal disturbance, etc.","{""federal"": ""in_force"", ""punjab"": ""in_force"", ""sindh"": ""in_force"", ""kp"": ""in_force"", ""balochistan"": ""in_force""}",,"Pakistan Code (pakistancode.gov.pk), Constitution of the Islamic Republic of Pakistan, 1973; https://pakistancode.gov.pk/pdffiles/administrator9d8e2ecc414c6d3371ac41114b61a2c4.pdf",2026-09-23
CONST_1973,"Constitution of the Islamic Republic of Pakistan, 1973",article,233,,CONST_1973_ART_233,Article 233,"Power to suspend Fundamental Rights, etc., during emergency period","{""federal"": ""in_force"", ""punjab"": ""in_force"", ""sindh"": ""in_force"", ""kp"": ""in_force"", ""balochistan"": ""in_force""}",,"Pakistan Code (pakistancode.gov.pk), Constitution of the Islamic Republic of Pakistan, 1973; https://pakistancode.gov.pk/pdffiles/administrator9d8e2ecc414c6d3371ac41114b61a2c4.pdf",2026-09-23
CONST_1973,"Constitution of the Islamic Republic of Pakistan, 1973",article,234,,CONST_1973_ART_234,Article 234,Power to issue Proclamation in case of failure of Constitutional machinery in a Province,"{""federal"": ""in_force"", ""punjab"": ""in_force"", ""sindh"": ""in_force"", ""kp"": ""in_force"", ""balochistan"": ""in_force""}",,"Pakistan Code (pakistancode.gov.pk), Constitution of the Islamic Republic of Pakistan, 1973; https://pakistancode.gov.pk/pdffiles/administrator9d8e2ecc414c6d3371ac41114b61a2c4.pdf",2026-09-23
CONST_1973,"Constitution of the Islamic Republic of Pakistan, 1973",article,235,,CONST_1973_ART_235,Article 235,Proclamation in case of financial emergency,"{""federal"": ""in_force"", ""punjab"": ""in_force"", ""sindh"": ""in_force"", ""kp"": ""in_force"", ""balochistan"": ""in_force""}",,"Pakistan Code (pakistancode.gov.pk), Constitution of the Islamic Republic of Pakistan, 1973; https://pakistancode.gov.pk/pdffiles/administrator9d8e2ecc414c6d3371ac41114b61a2c4.pdf",2026-09-23
CONST_1973,"Constitution of the Islamic Republic of Pakistan, 1973",article,236,,CONST_1973_ART_236,Article 236,"Revocation of Proclamation, etc.","{""federal"": ""in_force"", ""punjab"": ""in_force"", ""sindh"": ""in_force"", ""kp"": ""in_force"", ""balochistan"": ""in_force""}",,"Pakistan Code (pakistancode.gov.pk), Constitution of the Islamic Republic of Pakistan, 1973; https://pakistancode.gov.pk/pdffiles/administrator9d8e2ecc414c6d3371ac41114b61a2c4.pdf",2026-09-23
CONST_1973,"Constitution of the Islamic Republic of Pakistan, 1973",article,237,,CONST_1973_ART_237,Article 237,"Majlis-e-Shoora (Parliament) may make laws of indemnity, etc.","{""federal"": ""in_force"", ""punjab"": ""in_force"", ""sindh"": ""in_force"", ""kp"": ""in_force"", ""balochistan"": ""in_force""}",,"Pakistan Code (pakistancode.gov.pk), Constitution of the Islamic Republic of Pakistan, 1973; https://pakistancode.gov.pk/pdffiles/administrator9d8e2ecc414c6d3371ac41114b61a2c4.pdf",2026-09-23
CONST_1973,"Constitution of the Islamic Republic of Pakistan, 1973",article,238,,CONST_1973_ART_238,Article 238,Amendment of Constitution,"{""federal"": ""in_force"", ""punjab"": ""in_force"", ""sindh"": ""in_force"", ""kp"": ""in_force"", ""balochistan"": ""in_force""}",,"Pakistan Code (pakistancode.gov.pk), Constitution of the Islamic Republic of Pakistan, 1973; https://pakistancode.gov.pk/pdffiles/administrator9d8e2ecc414c6d3371ac41114b61a2c4.pdf",2026-09-23
CONST_1973,"Constitution of the Islamic Republic of Pakistan, 1973",article,239,,CONST_1973_ART_239,Article 239,"Constitution, amendment Bill","{""federal"": ""in_force"", ""punjab"": ""in_force"", ""sindh"": ""in_force"", ""kp"": ""in_force"", ""balochistan"": ""in_force""}",,"Pakistan Code (pakistancode.gov.pk), Constitution of the Islamic Republic of Pakistan, 1973; https://pakistancode.gov.pk/pdffiles/administrator9d8e2ecc414c6d3371ac41114b61a2c4.pdf",2026-09-23
CONST_1973,"Constitution of the Islamic Republic of Pakistan, 1973",article,240,,CONST_1973_ART_240,Article 240,Appointments to service of Pakistan and conditions of service,"{""federal"": ""in_force"", ""punjab"": ""in_force"", ""sindh"": ""in_force"", ""kp"": ""in_force"", ""balochistan"": ""in_force""}",,"Pakistan Code (pakistancode.gov.pk), Constitution of the Islamic Republic of Pakistan, 1973; https://pakistancode.gov.pk/pdffiles/administrator9d8e2ecc414c6d3371ac41114b61a2c4.pdf",2026-09-23
CONST_1973,"Constitution of the Islamic Republic of Pakistan, 1973",article,241,,CONST_1973_ART_241,Article 241,"Existing rules, etc., to continue","{""federal"": ""in_force"", ""punjab"": ""in_force"", ""sindh"": ""in_force"", ""kp"": ""in_force"", ""balochistan"": ""in_force""}",,"Pakistan Code (pakistancode.gov.pk), Constitution of the Islamic Republic of Pakistan, 1973; https://pakistancode.gov.pk/pdffiles/administrator9d8e2ecc414c6d3371ac41114b61a2c4.pdf",2026-09-23
CONST_1973,"Constitution of the Islamic Republic of Pakistan, 1973",article,242,,CONST_1973_ART_242,Article 242,Public Service Commission,"{""federal"": ""in_force"", ""punjab"": ""in_force"", ""sindh"": ""in_force"", ""kp"": ""in_force"", ""balochistan"": ""in_force""}",,"Pakistan Code (pakistancode.gov.pk), Constitution of the Islamic Republic of Pakistan, 1973; https://pakistancode.gov.pk/pdffiles/administrator9d8e2ecc414c6d3371ac41114b61a2c4.pdf",2026-09-23
CONST_1973,"Constitution of the Islamic Republic of Pakistan, 1973",article,243,,CONST_1973_ART_243,Article 243,Command of Armed Forces,"{""federal"": ""in_force"", ""punjab"": ""in_force"", ""sindh"": ""in_force"", ""kp"": ""in_force"", ""balochistan"": ""in_force""}",,"Pakistan Code (pakistancode.gov.pk), Constitution of the Islamic Republic of Pakistan, 1973; https://pakistancode.gov.pk/pdffiles/administrator9d8e2ecc414c6d3371ac41114b61a2c4.pdf",2026-09-23
CONST_1973,"Constitution of the Islamic Republic of Pakistan, 1973",article,244,,CONST_1973_ART_244,Article 244,Oath of Armed Forces,"{""federal"": ""in_force"", ""punjab"": ""in_force"", ""sindh"": ""in_force"", ""kp"": ""in_force"", ""balochistan"": ""in_force""}",,"Pakistan Code (pakistancode.gov.pk), Constitution of the Islamic Republic of Pakistan, 1973; https://pakistancode.gov.pk/pdffiles/administrator9d8e2ecc414c6d3371ac41114b61a2c4.pdf",2026-09-23
CONST_1973,"Constitution of the Islamic Republic of Pakistan, 1973",article,245,,CONST_1973_ART_245,Article 245,Functions of Armed Forces,"{""federal"": ""in_force"", ""punjab"": ""in_force"", ""sindh"": ""in_force"", ""kp"": ""in_force"", ""balochistan"": ""in_force""}",,"Pakistan Code (pakistancode.gov.pk), Constitution of the Islamic Republic of Pakistan, 1973; https://pakistancode.gov.pk/pdffiles/administrator9d8e2ecc414c6d3371ac41114b61a2c4.pdf",2026-09-23
CONST_1973,"Constitution of the Islamic Republic of Pakistan, 1973",article,246,,CONST_1973_ART_246,Article 246,Tribal Areas,"{""federal"": ""in_force"", ""punjab"": ""in_force"", ""sindh"": ""in_force"", ""kp"": ""in_force"", ""balochistan"": ""in_force""}",,"Pakistan Code (pakistancode.gov.pk), Constitution of the Islamic Republic of Pakistan, 1973; https://pakistancode.gov.pk/pdffiles/administrator9d8e2ecc414c6d3371ac41114b61a2c4.pdf",2026-09-23
CONST_1973,"Constitution of the Islamic Republic of Pakistan, 1973",article,247,,CONST_1973_ART_247,Article 247,[Omitted],"{""federal"": ""omitted"", ""punjab"": ""omitted"", ""sindh"": ""omitted"", ""kp"": ""omitted"", ""balochistan"": ""omitted""}",,"Pakistan Code (pakistancode.gov.pk), Constitution of the Islamic Republic of Pakistan, 1973; https://pakistancode.gov.pk/pdffiles/administrator9d8e2ecc414c6d3371ac41114b61a2c4.pdf",2026-09-23
CONST_1973,"Constitution of the Islamic Republic of Pakistan, 1973",article,248,,CONST_1973_ART_248,Article 248,"Protection to President, Governor, Minister, etc.","{""federal"": ""in_force"", ""punjab"": ""in_force"", ""sindh"": ""in_force"", ""kp"": ""in_force"", ""balochistan"": ""in_force""}",,"Pakistan Code (pakistancode.gov.pk), Constitution of the Islamic Republic of Pakistan, 1973; https://pakistancode.gov.pk/pdffiles/administrator9d8e2ecc414c6d3371ac41114b61a2c4.pdf",2026-09-23
CONST_1973,"Constitution of the Islamic Republic of Pakistan, 1973",article,249,,CONST_1973_ART_249,Article 249,Legal proceedings,"{""federal"": ""in_force"", ""punjab"": ""in_force"", ""sindh"": ""in_force"", ""kp"": ""in_force"", ""balochistan"": ""in_force""}",,"Pakistan Code (pakistancode.gov.pk), Constitution of the Islamic Republic of Pakistan, 1973; https://pakistancode.gov.pk/pdffiles/administrator9d8e2ecc414c6d3371ac41114b61a2c4.pdf",2026-09-23
CONST_1973,"Constitution of the Islamic Republic of Pakistan, 1973",article,250,,CONST_1973_ART_250,Article 250,"Salaries, allowances, etc., of the President, etc.","{""federal"": ""in_force"", ""punjab"": ""in_force"", ""sindh"": ""in_force"", ""kp"": ""in_force"", ""balochistan"": ""in_force""}",,"Pakistan Code (pakistancode.gov.pk), Constitution of the Islamic Republic of Pakistan, 1973; https://pakistancode.gov.pk/pdffiles/administrator9d8e2ecc414c6d3371ac41114b61a2c4.pdf",2026-09-23
CONST_1973,"Constitution of the Islamic Republic of Pakistan, 1973",article,251,,CONST_1973_ART_251,Article 251,National language,"{""federal"": ""in_force"", ""punjab"": ""in_force"", ""sindh"": ""in_force"", ""kp"": ""in_force"", ""balochistan"": ""in_force""}",,"Pakistan Code (pakistancode.gov.pk), Constitution of the Islamic Republic of Pakistan, 1973; https://pakistancode.gov.pk/pdffiles/administrator9d8e2ecc414c6d3371ac41114b61a2c4.pdf",2026-09-23
CONST_1973,"Constitution of the Islamic Republic of Pakistan, 1973",article,252,,CONST_1973_ART_252,Article 252,Special provisions in relation to major ports and aerodromes,"{""federal"": ""in_force"", ""punjab"": ""in_force"", ""sindh"": ""in_force"", ""kp"": ""in_force"", ""balochistan"": ""in_force""}",,"Pakistan Code (pakistancode.gov.pk), Constitution of the Islamic Republic of Pakistan, 1973; https://pakistancode.gov.pk/pdffiles/administrator9d8e2ecc414c6d3371ac41114b61a2c4.pdf",2026-09-23
CONST_1973,"Constitution of the Islamic Republic of Pakistan, 1973",article,253,,CONST_1973_ART_253,Article 253,"Maximum limits as to property, etc.","{""federal"": ""in_force"", ""punjab"": ""in_force"", ""sindh"": ""in_force"", ""kp"": ""in_force"", ""balochistan"": ""in_force""}",,"Pakistan Code (pakistancode.gov.pk), Constitution of the Islamic Republic of Pakistan, 1973; https://pakistancode.gov.pk/pdffiles/administrator9d8e2ecc414c6d3371ac41114b61a2c4.pdf",2026-09-23
CONST_1973,"Constitution of the Islamic Republic of Pakistan, 1973",article,254,,CONST_1973_ART_254,Article 254,Failure to comply with requirement as to time does not render an act invalid,"{""federal"": ""in_force"", ""punjab"": ""in_force"", ""sindh"": ""in_force"", ""kp"": ""in_force"", ""balochistan"": ""in_force""}",,"Pakistan Code (pakistancode.gov.pk), Constitution of the Islamic Republic of Pakistan, 1973; https://pakistancode.gov.pk/pdffiles/administrator9d8e2ecc414c6d3371ac41114b61a2c4.pdf",2026-09-23
CONST_1973,"Constitution of the Islamic Republic of Pakistan, 1973",article,255,,CONST_1973_ART_255,Article 255,Oath of office,"{""federal"": ""in_force"", ""punjab"": ""in_force"", ""sindh"": ""in_force"", ""kp"": ""in_force"", ""balochistan"": ""in_force""}",,"Pakistan Code (pakistancode.gov.pk), Constitution of the Islamic Republic of Pakistan, 1973; https://pakistancode.gov.pk/pdffiles/administrator9d8e2ecc414c6d3371ac41114b61a2c4.pdf",2026-09-23
CONST_1973,"Constitution of the Islamic Republic of Pakistan, 1973",article,256,,CONST_1973_ART_256,Article 256,Private armies forbidden,"{""federal"": ""in_force"", ""punjab"": ""in_force"", ""sindh"": ""in_force"", ""kp"": ""in_force"", ""balochistan"": ""in_force""}",,"Pakistan Code (pakistancode.gov.pk), Constitution of the Islamic Republic of Pakistan, 1973; https://pakistancode.gov.pk/pdffiles/administrator9d8e2ecc414c6d3371ac41114b61a2c4.pdf",2026-09-23
CONST_1973,"Constitution of the Islamic Republic of Pakistan, 1973",article,257,,CONST_1973_ART_257,Article 257,Provision relating to the State of Jammu and Kashmir,"{""federal"": ""in_force"", ""punjab"": ""in_force"", ""sindh"": ""in_force"", ""kp"": ""in_force"", ""balochistan"": ""in_force""}",,"Pakistan Code (pakistancode.gov.pk), Constitution of the Islamic Republic of Pakistan, 1973; https://pakistancode.gov.pk/pdffiles/administrator9d8e2ecc414c6d3371ac41114b61a2c4.pdf",2026-09-23
CONST_1973,"Constitution of the Islamic Republic of Pakistan, 1973",article,258,,CONST_1973_ART_258,Article 258,Government of territories outside Provinces,"{""federal"": ""in_force"", ""punjab"": ""in_force"", ""sindh"": ""in_force"", ""kp"": ""in_force"", ""balochistan"": ""in_force""}",,"Pakistan Code (pakistancode.gov.pk), Constitution of the Islamic Republic of Pakistan, 1973; https://pakistancode.gov.pk/pdffiles/administrator9d8e2ecc414c6d3371ac41114b61a2c4.pdf",2026-09-23
CONST_1973,"Constitution of the Islamic Republic of Pakistan, 1973",article,259,,CONST_1973_ART_259,Article 259,Awards,"{""federal"": ""in_force"", ""punjab"": ""in_force"", ""sindh"": ""in_force"", ""kp"": ""in_force"", ""balochistan"": ""in_force""}",,"Pakistan Code (pakistancode.gov.pk), Constitution of the Islamic Republic of Pakistan, 1973; https://pakistancode.gov.pk/pdffiles/administrator9d8e2ecc414c6d3371ac41114b61a2c4.pdf",2026-09-23
CONST_1973,"Constitution of the Islamic Republic of Pakistan, 1973",article,260,,CONST_1973_ART_260,Article 260,Definitions,"{""federal"": ""in_force"", ""punjab"": ""in_force"", ""sindh"": ""in_force"", ""kp"": ""in_force"", ""balochistan"": ""in_force""}",,"Pakistan Code (pakistancode.gov.pk), Constitution of the Islamic Republic of Pakistan, 1973; https://pakistancode.gov.pk/pdffiles/administrator9d8e2ecc414c6d3371ac41114b61a2c4.pdf",2026-09-23
CONST_1973,"Constitution of the Islamic Republic of Pakistan, 1973",article,261,,CONST_1973_ART_261,Article 261,"Person acting in office not to be regarded as successor to previous occupant of office, etc.","{""federal"": ""in_force"", ""punjab"": ""in_force"", ""sindh"": ""in_force"", ""kp"": ""in_force"", ""balochistan"": ""in_force""}",,"Pakistan Code (pakistancode.gov.pk), Constitution of the Islamic Republic of Pakistan, 1973; https://pakistancode.gov.pk/pdffiles/administrator9d8e2ecc414c6d3371ac41114b61a2c4.pdf",2026-09-23
CONST_1973,"Constitution of the Islamic Republic of Pakistan, 1973",article,262,,CONST_1973_ART_262,Article 262,Gregorian calendar to be used,"{""federal"": ""in_force"", ""punjab"": ""in_force"", ""sindh"": ""in_force"", ""kp"": ""in_force"", ""balochistan"": ""in_force""}",,"Pakistan Code (pakistancode.gov.pk), Constitution of the Islamic Republic of Pakistan, 1973; https://pakistancode.gov.pk/pdffiles/administrator9d8e2ecc414c6d3371ac41114b61a2c4.pdf",2026-09-23
CONST_1973,"Constitution of the Islamic Republic of Pakistan, 1973",article,263,,CONST_1973_ART_263,Article 263,Gender and number,"{""federal"": ""in_force"", ""punjab"": ""in_force"", ""sindh"": ""in_force"", ""kp"": ""in_force"", ""balochistan"": ""in_force""}",,"Pakistan Code (pakistancode.gov.pk), Constitution of the Islamic Republic of Pakistan, 1973; https://pakistancode.gov.pk/pdffiles/administrator9d8e2ecc414c6d3371ac41114b61a2c4.pdf",2026-09-23
CONST_1973,"Constitution of the Islamic Republic of Pakistan, 1973",article,264,,CONST_1973_ART_264,Article 264,Effect of repeal of laws,"{""federal"": ""in_force"", ""punjab"": ""in_force"", ""sindh"": ""in_force"", ""kp"": ""in_force"", ""balochistan"": ""in_force""}",,"Pakistan Code (pakistancode.gov.pk), Constitution of the Islamic Republic of Pakistan, 1973; https://pakistancode.gov.pk/pdffiles/administrator9d8e2ecc414c6d3371ac41114b61a2c4.pdf",2026-09-23
CONST_1973,"Constitution of the Islamic Republic of Pakistan, 1973",article,265,,CONST_1973_ART_265,Article 265,Title of Constitution and commencement,"{""federal"": ""in_force"", ""punjab"": ""in_force"", ""sindh"": ""in_force"", ""kp"": ""in_force"", ""balochistan"": ""in_force""}",,"Pakistan Code (pakistancode.gov.pk), Constitution of the Islamic Republic of Pakistan, 1973; https://pakistancode.gov.pk/pdffiles/administrator9d8e2ecc414c6d3371ac41114b61a2c4.pdf",2026-09-23
CONST_1973,"Constitution of the Islamic Republic of Pakistan, 1973",article,266,,CONST_1973_ART_266,Article 266,Repeal,"{""federal"": ""in_force"", ""punjab"": ""in_force"", ""sindh"": ""in_force"", ""kp"": ""in_force"", ""balochistan"": ""in_force""}",,"Pakistan Code (pakistancode.gov.pk), Constitution of the Islamic Republic of Pakistan, 1973; https://pakistancode.gov.pk/pdffiles/administrator9d8e2ecc414c6d3371ac41114b61a2c4.pdf",2026-09-23
CONST_1973,"Constitution of the Islamic Republic of Pakistan, 1973",article,267,,CONST_1973_ART_267,Article 267,Power of President to remove difficulties,"{""federal"": ""in_force"", ""punjab"": ""in_force"", ""sindh"": ""in_force"", ""kp"": ""in_force"", ""balochistan"": ""in_force""}",,"Pakistan Code (pakistancode.gov.pk), Constitution of the Islamic Republic of Pakistan, 1973; https://pakistancode.gov.pk/pdffiles/administrator9d8e2ecc414c6d3371ac41114b61a2c4.pdf",2026-09-23
CONST_1973,"Constitution of the Islamic Republic of Pakistan, 1973",article,267A,,CONST_1973_ART_267A,Article 267A,Power to remove difficulties,"{""federal"": ""in_force"", ""punjab"": ""in_force"", ""sindh"": ""in_force"", ""kp"": ""in_force"", ""balochistan"": ""in_force""}",,"Pakistan Code (pakistancode.gov.pk), Constitution of the Islamic Republic of Pakistan, 1973; https://pakistancode.gov.pk/pdffiles/administrator9d8e2ecc414c6d3371ac41114b61a2c4.pdf",2026-09-23
CONST_1973,"Constitution of the Islamic Republic of Pakistan, 1973",article,267B,,CONST_1973_ART_267B,Article 267B,Removal of doubt,"{""federal"": ""in_force"", ""punjab"": ""in_force"", ""sindh"": ""in_force"", ""kp"": ""in_force"", ""balochistan"": ""in_force""}",,"Pakistan Code (pakistancode.gov.pk), Constitution of the Islamic Republic of Pakistan, 1973; https://pakistancode.gov.pk/pdffiles/administrator9d8e2ecc414c6d3371ac41114b61a2c4.pdf",2026-09-23
CONST_1973,"Constitution of the Islamic Republic of Pakistan, 1973",article,268,,CONST_1973_ART_268,Article 268,"Continuance in force, and adaptation of certain laws","{""federal"": ""in_force"", ""punjab"": ""in_force"", ""sindh"": ""in_force"", ""kp"": ""in_force"", ""balochistan"": ""in_force""}",,"Pakistan Code (pakistancode.gov.pk), Constitution of the Islamic Republic of Pakistan, 1973; https://pakistancode.gov.pk/pdffiles/administrator9d8e2ecc414c6d3371ac41114b61a2c4.pdf",2026-09-23
CONST_1973,"Constitution of the Islamic Republic of Pakistan, 1973",article,269,,CONST_1973_ART_269,Article 269,"Validation of law, acts, etc.","{""federal"": ""in_force"", ""punjab"": ""in_force"", ""sindh"": ""in_force"", ""kp"": ""in_force"", ""balochistan"": ""in_force""}",,"Pakistan Code (pakistancode.gov.pk), Constitution of the Islamic Republic of Pakistan, 1973; https://pakistancode.gov.pk/pdffiles/administrator9d8e2ecc414c6d3371ac41114b61a2c4.pdf",2026-09-23
CONST_1973,"Constitution of the Islamic Republic of Pakistan, 1973",article,270,,CONST_1973_ART_270,Article 270,"Temporary validation of certain laws, etc.","{""federal"": ""in_force"", ""punjab"": ""in_force"", ""sindh"": ""in_force"", ""kp"": ""in_force"", ""balochistan"": ""in_force""}",,"Pakistan Code (pakistancode.gov.pk), Constitution of the Islamic Republic of Pakistan, 1973; https://pakistancode.gov.pk/pdffiles/administrator9d8e2ecc414c6d3371ac41114b61a2c4.pdf",2026-09-23
CONST_1973,"Constitution of the Islamic Republic of Pakistan, 1973",article,270A,,CONST_1973_ART_270A,Article 270A,"Affirmation of President’s Orders, etc.","{""federal"": ""in_force"", ""punjab"": ""in_force"", ""sindh"": ""in_force"", ""kp"": ""in_force"", ""balochistan"": ""in_force""}",,"Pakistan Code (pakistancode.gov.pk), Constitution of the Islamic Republic of Pakistan, 1973; https://pakistancode.gov.pk/pdffiles/administrator9d8e2ecc414c6d3371ac41114b61a2c4.pdf",2026-09-23
CONST_1973,"Constitution of the Islamic Republic of Pakistan, 1973",article,270B,,CONST_1973_ART_270B,Article 270B,Elections to be deemed to be held under Constitution,"{""federal"": ""in_force"", ""punjab"": ""in_force"", ""sindh"": ""in_force"", ""kp"": ""in_force"", ""balochistan"": ""in_force""}",,"Pakistan Code (pakistancode.gov.pk), Constitution of the Islamic Republic of Pakistan, 1973; https://pakistancode.gov.pk/pdffiles/administrator9d8e2ecc414c6d3371ac41114b61a2c4.pdf",2026-09-23
CONST_1973,"Constitution of the Islamic Republic of Pakistan, 1973",article,270C,,CONST_1973_ART_270C,Article 270C,[Omitted],"{""federal"": ""omitted"", ""punjab"": ""omitted"", ""sindh"": ""omitted"", ""kp"": ""omitted"", ""balochistan"": ""omitted""}",,"Pakistan Code (pakistancode.gov.pk), Constitution of the Islamic Republic of Pakistan, 1973; https://pakistancode.gov.pk/pdffiles/administrator9d8e2ecc414c6d3371ac41114b61a2c4.pdf",2026-09-23
CONST_1973,"Constitution of the Islamic Republic of Pakistan, 1973",article,271,,CONST_1973_ART_271,Article 271,First National Assembly,"{""federal"": ""in_force"", ""punjab"": ""in_force"", ""sindh"": ""in_force"", ""kp"": ""in_force"", ""balochistan"": ""in_force""}",,"Pakistan Code (pakistancode.gov.pk), Constitution of the Islamic Republic of Pakistan, 1973; https://pakistancode.gov.pk/pdffiles/administrator9d8e2ecc414c6d3371ac41114b61a2c4.pdf",2026-09-23
CONST_1973,"Constitution of the Islamic Republic of Pakistan, 1973",article,272,,CONST_1973_ART_272,Article 272,First constitution of Senate,"{""federal"": ""in_force"", ""punjab"": ""in_force"", ""sindh"": ""in_force"", ""kp"": ""in_force"", ""balochistan"": ""in_force""}",,"Pakistan Code (pakistancode.gov.pk), Constitution of the Islamic Republic of Pakistan, 1973; https://pakistancode.gov.pk/pdffiles/administrator9d8e2ecc414c6d3371ac41114b61a2c4.pdf",2026-09-23
CONST_1973,"Constitution of the Islamic Republic of Pakistan, 1973",article,273,,CONST_1973_ART_273,Article 273,First Provincial Assembly,"{""federal"": ""in_force"", ""punjab"": ""in_force"", ""sindh"": ""in_force"", ""kp"": ""in_force"", ""balochistan"": ""in_force""}",,"Pakistan Code (pakistancode.gov.pk), Constitution of the Islamic Republic of Pakistan, 1973; https://pakistancode.gov.pk/pdffiles/administrator9d8e2ecc414c6d3371ac41114b61a2c4.pdf",2026-09-23
CONST_1973,"Constitution of the Islamic Republic of Pakistan, 1973",article,274,,CONST_1973_ART_274,Article 274,"Vesting of property, assets, rights, liabilities and obligations","{""federal"": ""in_force"", ""punjab"": ""in_force"", ""sindh"": ""in_force"", ""kp"": ""in_force"", ""balochistan"": ""in_force""}",,"Pakistan Code (pakistancode.gov.pk), Constitution of the Islamic Republic of Pakistan, 1973; https://pakistancode.gov.pk/pdffiles/administrator9d8e2ecc414c6d3371ac41114b61a2c4.pdf",2026-09-23
CONST_1973,"Constitution of the Islamic Republic of Pakistan, 1973",article,275,,CONST_1973_ART_275,Article 275,"Continuance in office of persons in service of Pakistan, etc.","{""federal"": ""in_force"", ""punjab"": ""in_force"", ""sindh"": ""in_force"", ""kp"": ""in_force"", ""balochistan"": ""in_force""}",,"Pakistan Code (pakistancode.gov.pk), Constitution of the Islamic Republic of Pakistan, 1973; https://pakistancode.gov.pk/pdffiles/administrator9d8e2ecc414c6d3371ac41114b61a2c4.pdf",2026-09-23
CONST_1973,"Constitution of the Islamic Republic of Pakistan, 1973",article,276,,CONST_1973_ART_276,Article 276,Oath of first President,"{""federal"": ""in_force"", ""punjab"": ""in_force"", ""sindh"": ""in_force"", ""kp"": ""in_force"", ""balochistan"": ""in_force""}",,"Pakistan Code (pakistancode.gov.pk), Constitution of the Islamic Republic of Pakistan, 1973; https://pakistancode.gov.pk/pdffiles/administrator9d8e2ecc414c6d3371ac41114b61a2c4.pdf",2026-09-23
CONST_1973,"Constitution of the Islamic Republic of Pakistan, 1973",article,277,,CONST_1973_ART_277,Article 277,Transitional financial provisions,"{""federal"": ""in_force"", ""punjab"": ""in_force"", ""sindh"": ""in_force"", ""kp"": ""in_force"", ""balochistan"": ""in_force""}",,"Pakistan Code (pakistancode.gov.pk), Constitution of the Islamic Republic of Pakistan, 1973; https://pakistancode.gov.pk/pdffiles/administrator9d8e2ecc414c6d3371ac41114b61a2c4.pdf",2026-09-23
CONST_1973,"Constitution of the Islamic Republic of Pakistan, 1973",article,278,,CONST_1973_ART_278,Article 278,Accounts not audited before commencing day,"{""federal"": ""in_force"", ""punjab"": ""in_force"", ""sindh"": ""in_force"", ""kp"": ""in_force"", ""balochistan"": ""in_force""}",,"Pakistan Code (pakistancode.gov.pk), Constitution of the Islamic Republic of Pakistan, 1973; https://pakistancode.gov.pk/pdffiles/administrator9d8e2ecc414c6d3371ac41114b61a2c4.pdf",2026-09-23
CONST_1973,"Constitution of the Islamic Republic of Pakistan, 1973",article,279,,CONST_1973_ART_279,Article 279,Continuance of taxes,"{""federal"": ""in_force"", ""punjab"": ""in_force"", ""sindh"": ""in_force"", ""kp"": ""in_force"", ""balochistan"": ""in_force""}",,"Pakistan Code (pakistancode.gov.pk), Constitution of the Islamic Republic of Pakistan, 1973; https://pakistancode.gov.pk/pdffiles/administrator9d8e2ecc414c6d3371ac41114b61a2c4.pdf",2026-09-23
CONST_1973,"Constitution of the Islamic Republic of Pakistan, 1973",article,280,,CONST_1973_ART_280,Article 280,Continuance of Proclamation of Emergency,"{""federal"": ""in_force"", ""punjab"": ""in_force"", ""sindh"": ""in_force"", ""kp"": ""in_force"", ""balochistan"": ""in_force""}",,"Pakistan Code (pakistancode.gov.pk), Constitution of the Islamic Republic of Pakistan, 1973; https://pakistancode.gov.pk/pdffiles/administrator9d8e2ecc414c6d3371ac41114b61a2c4.pdf",2026-09-23
CONST_1973,"Constitution of the Islamic Republic of Pakistan, 1973",article,184,3,CONST_1973_ART_184_3,Article 184(3),Original jurisdiction of Supreme Court on questions of public importance with reference to enforcement of Fundamental Rights,"{""federal"": ""omitted_2025_amendment"", ""punjab"": ""omitted_2025_amendment"", ""sindh"": ""omitted_2025_amendment"", ""kp"": ""omitted_2025_amendment"", ""balochistan"": ""omitted_2025_amendment""}",,"Pakistan Code (pakistancode.gov.pk), Constitution of the Islamic Republic of Pakistan, 1973; https://pakistancode.gov.pk/pdffiles/administrator9d8e2ecc414c6d3371ac41114b61a2c4.pdf",2026-09-23
CONST_1973,"Constitution of the Islamic Republic of Pakistan, 1973",article,58,2(b),CONST_1973_ART_58_2_B,Article 58(2)(b),Dissolution of National Assembly by President where situation has arisen in which Government cannot be carried on in accordance with Constitution,"{""federal"": ""omitted_18th_amendment"", ""punjab"": ""omitted_18th_amendment"", ""sindh"": ""omitted_18th_amendment"", ""kp"": ""omitted_18th_amendment"", ""balochistan"": ""omitted_18th_amendment""}",,"Pakistan Code (pakistancode.gov.pk), Constitution of the Islamic Republic of Pakistan, 1973; https://pakistancode.gov.pk/pdffiles/administrator9d8e2ecc414c6d3371ac41114b61a2c4.pdf",2026-09-23
CONST_1973,"Constitution of the Islamic Republic of Pakistan, 1973",article,199,1,CONST_1973_ART_199_1,Article 199(1),"Jurisdiction of High Court to issue writs of prohibition, mandamus, certiorari, habeas corpus and quo warranto","{""federal"": ""in_force"", ""punjab"": ""in_force"", ""sindh"": ""in_force"", ""kp"": ""in_force"", ""balochistan"": ""in_force""}",,"Pakistan Code (pakistancode.gov.pk), Constitution of the Islamic Republic of Pakistan, 1973; https://pakistancode.gov.pk/pdffiles/administrator9d8e2ecc414c6d3371ac41114b61a2c4.pdf",2026-09-23
CONST_1973,"Constitution of the Islamic Republic of Pakistan, 1973",article,62,1(f),CONST_1973_ART_62_1_F,Article 62(1)(f),"Qualifications for membership of Parliament: sagacious, righteous and non-profligate, honest and ameen","{""federal"": ""in_force"", ""punjab"": ""in_force"", ""sindh"": ""in_force"", ""kp"": ""in_force"", ""balochistan"": ""in_force""}",,"Pakistan Code (pakistancode.gov.pk), Constitution of the Islamic Republic of Pakistan, 1973; https://pakistancode.gov.pk/pdffiles/administrator9d8e2ecc414c6d3371ac41114b61a2c4.pdf",2026-09-23
CONST_1973,"Constitution of the Islamic Republic of Pakistan, 1973",article,63,1,CONST_1973_ART_63_1,Article 63(1),Disqualifications for membership of Majlis-e-Shoora (Parliament),"{""federal"": ""in_force"", ""punjab"": ""in_force"", ""sindh"": ""in_force"", ""kp"": ""in_force"", ""balochistan"": ""in_force""}",,"Pakistan Code (pakistancode.gov.pk), Constitution of the Islamic Republic of Pakistan, 1973; https://pakistancode.gov.pk/pdffiles/administrator9d8e2ecc414c6d3371ac41114b61a2c4.pdf",2026-09-23
