act_code,act_name,provision_type,primary_num,secondary_num,canonical_id,display_name,title,status,superseded_reference,source_citation,source_verified_date
PPC_1860,"Pakistan Penal Code, 1860",section,1,,PPC_1860_SEC_1,Section 1,Title and extent of operation of the Code,"{""federal"": ""in_force"", ""punjab"": ""in_force"", ""sindh"": ""in_force"", ""kp"": ""in_force"", ""balochistan"": ""in_force""}",,"Pakistan Code (pakistancode.gov.pk), Act No. XLV of 1860; https://pakistancode.gov.pk/pdffiles/administratord5622ea3f15bfa00b17d2cf7770a8434.pdf",2026-09-23
PPC_1860,"Pakistan Penal Code, 1860",section,2,,PPC_1860_SEC_2,Section 2,Punishment of offences committed within Pakistan,"{""federal"": ""in_force"", ""punjab"": ""in_force"", ""sindh"": ""in_force"", ""kp"": ""in_force"", ""balochistan"": ""in_force""}",,"Pakistan Code (pakistancode.gov.pk), Act No. XLV of 1860; https://pakistancode.gov.pk/pdffiles/administratord5622ea3f15bfa00b17d2cf7770a8434.pdf",2026-09-23
PPC_1860,"Pakistan Penal Code, 1860",section,3,,PPC_1860_SEC_3,Section 3,"Punishment of offences committed beyond, but which by law may be tried within, Pakistan","{""federal"": ""in_force"", ""punjab"": ""in_force"", ""sindh"": ""in_force"", ""kp"": ""in_force"", ""balochistan"": ""in_force""}",,"Pakistan Code (pakistancode.gov.pk), Act No. XLV of 1860; https://pakistancode.gov.pk/pdffiles/administratord5622ea3f15bfa00b17d2cf7770a8434.pdf",2026-09-23
PPC_1860,"Pakistan Penal Code, 1860",section,4,,PPC_1860_SEC_4,Section 4,Extension of Code to extra­territorial offences,"{""federal"": ""in_force"", ""punjab"": ""in_force"", ""sindh"": ""in_force"", ""kp"": ""in_force"", ""balochistan"": ""in_force""}",,"Pakistan Code (pakistancode.gov.pk), Act No. XLV of 1860; https://pakistancode.gov.pk/pdffiles/administratord5622ea3f15bfa00b17d2cf7770a8434.pdf",2026-09-23
PPC_1860,"Pakistan Penal Code, 1860",section,5,,PPC_1860_SEC_5,Section 5,Certain laws not to be affected by this Act,"{""federal"": ""in_force"", ""punjab"": ""in_force"", ""sindh"": ""in_force"", ""kp"": ""in_force"", ""balochistan"": ""in_force""}",,"Pakistan Code (pakistancode.gov.pk), Act No. XLV of 1860; https://pakistancode.gov.pk/pdffiles/administratord5622ea3f15bfa00b17d2cf7770a8434.pdf",2026-09-23
PPC_1860,"Pakistan Penal Code, 1860",section,6,,PPC_1860_SEC_6,Section 6,Definitions in the Code to be understood subject to exceptions,"{""federal"": ""in_force"", ""punjab"": ""in_force"", ""sindh"": ""in_force"", ""kp"": ""in_force"", ""balochistan"": ""in_force""}",,"Pakistan Code (pakistancode.gov.pk), Act No. XLV of 1860; https://pakistancode.gov.pk/pdffiles/administratord5622ea3f15bfa00b17d2cf7770a8434.pdf",2026-09-23
PPC_1860,"Pakistan Penal Code, 1860",section,7,,PPC_1860_SEC_7,Section 7,Sense of expression once explained,"{""federal"": ""in_force"", ""punjab"": ""in_force"", ""sindh"": ""in_force"", ""kp"": ""in_force"", ""balochistan"": ""in_force""}",,"Pakistan Code (pakistancode.gov.pk), Act No. XLV of 1860; https://pakistancode.gov.pk/pdffiles/administratord5622ea3f15bfa00b17d2cf7770a8434.pdf",2026-09-23
PPC_1860,"Pakistan Penal Code, 1860",section,8,,PPC_1860_SEC_8,Section 8,Gender,"{""federal"": ""in_force"", ""punjab"": ""in_force"", ""sindh"": ""in_force"", ""kp"": ""in_force"", ""balochistan"": ""in_force""}",,"Pakistan Code (pakistancode.gov.pk), Act No. XLV of 1860; https://pakistancode.gov.pk/pdffiles/administratord5622ea3f15bfa00b17d2cf7770a8434.pdf",2026-09-23
PPC_1860,"Pakistan Penal Code, 1860",section,9,,PPC_1860_SEC_9,Section 9,Number,"{""federal"": ""in_force"", ""punjab"": ""in_force"", ""sindh"": ""in_force"", ""kp"": ""in_force"", ""balochistan"": ""in_force""}",,"Pakistan Code (pakistancode.gov.pk), Act No. XLV of 1860; https://pakistancode.gov.pk/pdffiles/administratord5622ea3f15bfa00b17d2cf7770a8434.pdf",2026-09-23
PPC_1860,"Pakistan Penal Code, 1860",section,10,,PPC_1860_SEC_10,Section 10,"""Man"" ""Woman""","{""federal"": ""in_force"", ""punjab"": ""in_force"", ""sindh"": ""in_force"", ""kp"": ""in_force"", ""balochistan"": ""in_force""}",,"Pakistan Code (pakistancode.gov.pk), Act No. XLV of 1860; https://pakistancode.gov.pk/pdffiles/administratord5622ea3f15bfa00b17d2cf7770a8434.pdf",2026-09-23
PPC_1860,"Pakistan Penal Code, 1860",section,11,,PPC_1860_SEC_11,Section 11,"""Person""","{""federal"": ""in_force"", ""punjab"": ""in_force"", ""sindh"": ""in_force"", ""kp"": ""in_force"", ""balochistan"": ""in_force""}",,"Pakistan Code (pakistancode.gov.pk), Act No. XLV of 1860; https://pakistancode.gov.pk/pdffiles/administratord5622ea3f15bfa00b17d2cf7770a8434.pdf",2026-09-23
PPC_1860,"Pakistan Penal Code, 1860",section,12,,PPC_1860_SEC_12,Section 12,"""Public""","{""federal"": ""in_force"", ""punjab"": ""in_force"", ""sindh"": ""in_force"", ""kp"": ""in_force"", ""balochistan"": ""in_force""}",,"Pakistan Code (pakistancode.gov.pk), Act No. XLV of 1860; https://pakistancode.gov.pk/pdffiles/administratord5622ea3f15bfa00b17d2cf7770a8434.pdf",2026-09-23
PPC_1860,"Pakistan Penal Code, 1860",section,13,,PPC_1860_SEC_13,Section 13,[Omitted],"{""federal"": ""omitted"", ""punjab"": ""omitted"", ""sindh"": ""omitted"", ""kp"": ""omitted"", ""balochistan"": ""omitted""}",,"Pakistan Code (pakistancode.gov.pk), Act No. XLV of 1860; https://pakistancode.gov.pk/pdffiles/administratord5622ea3f15bfa00b17d2cf7770a8434.pdf",2026-09-23
PPC_1860,"Pakistan Penal Code, 1860",section,14,,PPC_1860_SEC_14,Section 14,"""Servant of the State""","{""federal"": ""in_force"", ""punjab"": ""in_force"", ""sindh"": ""in_force"", ""kp"": ""in_force"", ""balochistan"": ""in_force""}",,"Pakistan Code (pakistancode.gov.pk), Act No. XLV of 1860; https://pakistancode.gov.pk/pdffiles/administratord5622ea3f15bfa00b17d2cf7770a8434.pdf",2026-09-23
PPC_1860,"Pakistan Penal Code, 1860",section,15,,PPC_1860_SEC_15,Section 15,[Repealed],"{""federal"": ""repealed"", ""punjab"": ""repealed"", ""sindh"": ""repealed"", ""kp"": ""repealed"", ""balochistan"": ""repealed""}",,"Pakistan Code (pakistancode.gov.pk), Act No. XLV of 1860; https://pakistancode.gov.pk/pdffiles/administratord5622ea3f15bfa00b17d2cf7770a8434.pdf",2026-09-23
PPC_1860,"Pakistan Penal Code, 1860",section,16,,PPC_1860_SEC_16,Section 16,[Repealed],"{""federal"": ""repealed"", ""punjab"": ""repealed"", ""sindh"": ""repealed"", ""kp"": ""repealed"", ""balochistan"": ""repealed""}",,"Pakistan Code (pakistancode.gov.pk), Act No. XLV of 1860; https://pakistancode.gov.pk/pdffiles/administratord5622ea3f15bfa00b17d2cf7770a8434.pdf",2026-09-23
PPC_1860,"Pakistan Penal Code, 1860",section,17,,PPC_1860_SEC_17,Section 17,"""Government""","{""federal"": ""in_force"", ""punjab"": ""in_force"", ""sindh"": ""in_force"", ""kp"": ""in_force"", ""balochistan"": ""in_force""}",,"Pakistan Code (pakistancode.gov.pk), Act No. XLV of 1860; https://pakistancode.gov.pk/pdffiles/administratord5622ea3f15bfa00b17d2cf7770a8434.pdf",2026-09-23
PPC_1860,"Pakistan Penal Code, 1860",section,18,,PPC_1860_SEC_18,Section 18,[Repealed],"{""federal"": ""repealed"", ""punjab"": ""repealed"", ""sindh"": ""repealed"", ""kp"": ""repealed"", ""balochistan"": ""repealed""}",,"Pakistan Code (pakistancode.gov.pk), Act No. XLV of 1860; https://pakistancode.gov.pk/pdffiles/administratord5622ea3f15bfa00b17d2cf7770a8434.pdf",2026-09-23
PPC_1860,"Pakistan Penal Code, 1860",section,19,,PPC_1860_SEC_19,Section 19,"""Judge""","{""federal"": ""in_force"", ""punjab"": ""in_force"", ""sindh"": ""in_force"", ""kp"": ""in_force"", ""balochistan"": ""in_force""}",,"Pakistan Code (pakistancode.gov.pk), Act No. XLV of 1860; https://pakistancode.gov.pk/pdffiles/administratord5622ea3f15bfa00b17d2cf7770a8434.pdf",2026-09-23
PPC_1860,"Pakistan Penal Code, 1860",section,20,,PPC_1860_SEC_20,Section 20,"""Court of Justice""","{""federal"": ""in_force"", ""punjab"": ""in_force"", ""sindh"": ""in_force"", ""kp"": ""in_force"", ""balochistan"": ""in_force""}",,"Pakistan Code (pakistancode.gov.pk), Act No. XLV of 1860; https://pakistancode.gov.pk/pdffiles/administratord5622ea3f15bfa00b17d2cf7770a8434.pdf",2026-09-23
PPC_1860,"Pakistan Penal Code, 1860",section,21,,PPC_1860_SEC_21,Section 21,"""Public servant""","{""federal"": ""in_force"", ""punjab"": ""in_force"", ""sindh"": ""in_force"", ""kp"": ""in_force"", ""balochistan"": ""in_force""}",,"Pakistan Code (pakistancode.gov.pk), Act No. XLV of 1860; https://pakistancode.gov.pk/pdffiles/administratord5622ea3f15bfa00b17d2cf7770a8434.pdf",2026-09-23
PPC_1860,"Pakistan Penal Code, 1860",section,22,,PPC_1860_SEC_22,Section 22,"""Moveable property""","{""federal"": ""in_force"", ""punjab"": ""in_force"", ""sindh"": ""in_force"", ""kp"": ""in_force"", ""balochistan"": ""in_force""}",,"Pakistan Code (pakistancode.gov.pk), Act No. XLV of 1860; https://pakistancode.gov.pk/pdffiles/administratord5622ea3f15bfa00b17d2cf7770a8434.pdf",2026-09-23
PPC_1860,"Pakistan Penal Code, 1860",section,23,,PPC_1860_SEC_23,Section 23,"""Wrongful gain""","{""federal"": ""in_force"", ""punjab"": ""in_force"", ""sindh"": ""in_force"", ""kp"": ""in_force"", ""balochistan"": ""in_force""}",,"Pakistan Code (pakistancode.gov.pk), Act No. XLV of 1860; https://pakistancode.gov.pk/pdffiles/administratord5622ea3f15bfa00b17d2cf7770a8434.pdf",2026-09-23
PPC_1860,"Pakistan Penal Code, 1860",section,24,,PPC_1860_SEC_24,Section 24,"""Dishonestly""","{""federal"": ""in_force"", ""punjab"": ""in_force"", ""sindh"": ""in_force"", ""kp"": ""in_force"", ""balochistan"": ""in_force""}",,"Pakistan Code (pakistancode.gov.pk), Act No. XLV of 1860; https://pakistancode.gov.pk/pdffiles/administratord5622ea3f15bfa00b17d2cf7770a8434.pdf",2026-09-23
PPC_1860,"Pakistan Penal Code, 1860",section,25,,PPC_1860_SEC_25,Section 25,"""Fraudulently""","{""federal"": ""in_force"", ""punjab"": ""in_force"", ""sindh"": ""in_force"", ""kp"": ""in_force"", ""balochistan"": ""in_force""}",,"Pakistan Code (pakistancode.gov.pk), Act No. XLV of 1860; https://pakistancode.gov.pk/pdffiles/administratord5622ea3f15bfa00b17d2cf7770a8434.pdf",2026-09-23
PPC_1860,"Pakistan Penal Code, 1860",section,26,,PPC_1860_SEC_26,Section 26,"""Reason to believe""","{""federal"": ""in_force"", ""punjab"": ""in_force"", ""sindh"": ""in_force"", ""kp"": ""in_force"", ""balochistan"": ""in_force""}",,"Pakistan Code (pakistancode.gov.pk), Act No. XLV of 1860; https://pakistancode.gov.pk/pdffiles/administratord5622ea3f15bfa00b17d2cf7770a8434.pdf",2026-09-23
PPC_1860,"Pakistan Penal Code, 1860",section,27,,PPC_1860_SEC_27,Section 27,"Property in possession of wife, clerk or servant","{""federal"": ""in_force"", ""punjab"": ""in_force"", ""sindh"": ""in_force"", ""kp"": ""in_force"", ""balochistan"": ""in_force""}",,"Pakistan Code (pakistancode.gov.pk), Act No. XLV of 1860; https://pakistancode.gov.pk/pdffiles/administratord5622ea3f15bfa00b17d2cf7770a8434.pdf",2026-09-23
PPC_1860,"Pakistan Penal Code, 1860",section,28,,PPC_1860_SEC_28,Section 28,"""Counterfeit""","{""federal"": ""in_force"", ""punjab"": ""in_force"", ""sindh"": ""in_force"", ""kp"": ""in_force"", ""balochistan"": ""in_force""}",,"Pakistan Code (pakistancode.gov.pk), Act No. XLV of 1860; https://pakistancode.gov.pk/pdffiles/administratord5622ea3f15bfa00b17d2cf7770a8434.pdf",2026-09-23
PPC_1860,"Pakistan Penal Code, 1860",section,29,,PPC_1860_SEC_29,Section 29,"""Document""","{""federal"": ""in_force"", ""punjab"": ""in_force"", ""sindh"": ""in_force"", ""kp"": ""in_force"", ""balochistan"": ""in_force""}",,"Pakistan Code (pakistancode.gov.pk), Act No. XLV of 1860; https://pakistancode.gov.pk/pdffiles/administratord5622ea3f15bfa00b17d2cf7770a8434.pdf",2026-09-23
PPC_1860,"Pakistan Penal Code, 1860",section,30,,PPC_1860_SEC_30,Section 30,"""Valuable security""","{""federal"": ""in_force"", ""punjab"": ""in_force"", ""sindh"": ""in_force"", ""kp"": ""in_force"", ""balochistan"": ""in_force""}",,"Pakistan Code (pakistancode.gov.pk), Act No. XLV of 1860; https://pakistancode.gov.pk/pdffiles/administratord5622ea3f15bfa00b17d2cf7770a8434.pdf",2026-09-23
PPC_1860,"Pakistan Penal Code, 1860",section,31,,PPC_1860_SEC_31,Section 31,"""A will""","{""federal"": ""in_force"", ""punjab"": ""in_force"", ""sindh"": ""in_force"", ""kp"": ""in_force"", ""balochistan"": ""in_force""}",,"Pakistan Code (pakistancode.gov.pk), Act No. XLV of 1860; https://pakistancode.gov.pk/pdffiles/administratord5622ea3f15bfa00b17d2cf7770a8434.pdf",2026-09-23
PPC_1860,"Pakistan Penal Code, 1860",section,32,,PPC_1860_SEC_32,Section 32,Words referring to acts include illegal omissions,"{""federal"": ""in_force"", ""punjab"": ""in_force"", ""sindh"": ""in_force"", ""kp"": ""in_force"", ""balochistan"": ""in_force""}",,"Pakistan Code (pakistancode.gov.pk), Act No. XLV of 1860; https://pakistancode.gov.pk/pdffiles/administratord5622ea3f15bfa00b17d2cf7770a8434.pdf",2026-09-23
PPC_1860,"Pakistan Penal Code, 1860",section,33,,PPC_1860_SEC_33,Section 33,"""Act""","{""federal"": ""in_force"", ""punjab"": ""in_force"", ""sindh"": ""in_force"", ""kp"": ""in_force"", ""balochistan"": ""in_force""}",,"Pakistan Code (pakistancode.gov.pk), Act No. XLV of 1860; https://pakistancode.gov.pk/pdffiles/administratord5622ea3f15bfa00b17d2cf7770a8434.pdf",2026-09-23
PPC_1860,"Pakistan Penal Code, 1860",section,34,,PPC_1860_SEC_34,Section 34,Acts done by several persons in furtherance of common intention,"{""federal"": ""in_force"", ""punjab"": ""in_force"", ""sindh"": ""in_force"", ""kp"": ""in_force"", ""balochistan"": ""in_force""}",,"Pakistan Code (pakistancode.gov.pk), Act No. XLV of 1860; https://pakistancode.gov.pk/pdffiles/administratord5622ea3f15bfa00b17d2cf7770a8434.pdf",2026-09-23
PPC_1860,"Pakistan Penal Code, 1860",section,35,,PPC_1860_SEC_35,Section 35,When such an act is criminal by reason of its being done with a criminal knowledge or intention,"{""federal"": ""in_force"", ""punjab"": ""in_force"", ""sindh"": ""in_force"", ""kp"": ""in_force"", ""balochistan"": ""in_force""}",,"Pakistan Code (pakistancode.gov.pk), Act No. XLV of 1860; https://pakistancode.gov.pk/pdffiles/administratord5622ea3f15bfa00b17d2cf7770a8434.pdf",2026-09-23
PPC_1860,"Pakistan Penal Code, 1860",section,36,,PPC_1860_SEC_36,Section 36,Effect caused partly by act and partly by omission,"{""federal"": ""in_force"", ""punjab"": ""in_force"", ""sindh"": ""in_force"", ""kp"": ""in_force"", ""balochistan"": ""in_force""}",,"Pakistan Code (pakistancode.gov.pk), Act No. XLV of 1860; https://pakistancode.gov.pk/pdffiles/administratord5622ea3f15bfa00b17d2cf7770a8434.pdf",2026-09-23
PPC_1860,"Pakistan Penal Code, 1860",section,37,,PPC_1860_SEC_37,Section 37,Co­operation by doing one of several acts constituting an offence,"{""federal"": ""in_force"", ""punjab"": ""in_force"", ""sindh"": ""in_force"", ""kp"": ""in_force"", ""balochistan"": ""in_force""}",,"Pakistan Code (pakistancode.gov.pk), Act No. XLV of 1860; https://pakistancode.gov.pk/pdffiles/administratord5622ea3f15bfa00b17d2cf7770a8434.pdf",2026-09-23
PPC_1860,"Pakistan Penal Code, 1860",section,38,,PPC_1860_SEC_38,Section 38,Persons concerned in criminal act may be guilty of different offences,"{""federal"": ""in_force"", ""punjab"": ""in_force"", ""sindh"": ""in_force"", ""kp"": ""in_force"", ""balochistan"": ""in_force""}",,"Pakistan Code (pakistancode.gov.pk), Act No. XLV of 1860; https://pakistancode.gov.pk/pdffiles/administratord5622ea3f15bfa00b17d2cf7770a8434.pdf",2026-09-23
PPC_1860,"Pakistan Penal Code, 1860",section,39,,PPC_1860_SEC_39,Section 39,"""Voluntarily""","{""federal"": ""in_force"", ""punjab"": ""in_force"", ""sindh"": ""in_force"", ""kp"": ""in_force"", ""balochistan"": ""in_force""}",,"Pakistan Code (pakistancode.gov.pk), Act No. XLV of 1860; https://pakistancode.gov.pk/pdffiles/administratord5622ea3f15bfa00b17d2cf7770a8434.pdf",2026-09-23
PPC_1860,"Pakistan Penal Code, 1860",section,40,,PPC_1860_SEC_40,Section 40,"""Offence""","{""federal"": ""in_force"", ""punjab"": ""in_force"", ""sindh"": ""in_force"", ""kp"": ""in_force"", ""balochistan"": ""in_force""}",,"Pakistan Code (pakistancode.gov.pk), Act No. XLV of 1860; https://pakistancode.gov.pk/pdffiles/administratord5622ea3f15bfa00b17d2cf7770a8434.pdf",2026-09-23
PPC_1860,"Pakistan Penal Code, 1860",section,41,,PPC_1860_SEC_41,Section 41,"""Special law""","{""federal"": ""in_force"", ""punjab"": ""in_force"", ""sindh"": ""in_force"", ""kp"": ""in_force"", ""balochistan"": ""in_force""}",,"Pakistan Code (pakistancode.gov.pk), Act No. XLV of 1860; https://pakistancode.gov.pk/pdffiles/administratord5622ea3f15bfa00b17d2cf7770a8434.pdf",2026-09-23
PPC_1860,"Pakistan Penal Code, 1860",section,42,,PPC_1860_SEC_42,Section 42,"""Local law""","{""federal"": ""in_force"", ""punjab"": ""in_force"", ""sindh"": ""in_force"", ""kp"": ""in_force"", ""balochistan"": ""in_force""}",,"Pakistan Code (pakistancode.gov.pk), Act No. XLV of 1860; https://pakistancode.gov.pk/pdffiles/administratord5622ea3f15bfa00b17d2cf7770a8434.pdf",2026-09-23
PPC_1860,"Pakistan Penal Code, 1860",section,43,,PPC_1860_SEC_43,Section 43,"""Illegal""","{""federal"": ""in_force"", ""punjab"": ""in_force"", ""sindh"": ""in_force"", ""kp"": ""in_force"", ""balochistan"": ""in_force""}",,"Pakistan Code (pakistancode.gov.pk), Act No. XLV of 1860; https://pakistancode.gov.pk/pdffiles/administratord5622ea3f15bfa00b17d2cf7770a8434.pdf",2026-09-23
PPC_1860,"Pakistan Penal Code, 1860",section,44,,PPC_1860_SEC_44,Section 44,"""Injury""","{""federal"": ""in_force"", ""punjab"": ""in_force"", ""sindh"": ""in_force"", ""kp"": ""in_force"", ""balochistan"": ""in_force""}",,"Pakistan Code (pakistancode.gov.pk), Act No. XLV of 1860; https://pakistancode.gov.pk/pdffiles/administratord5622ea3f15bfa00b17d2cf7770a8434.pdf",2026-09-23
PPC_1860,"Pakistan Penal Code, 1860",section,45,,PPC_1860_SEC_45,Section 45,"""Life""","{""federal"": ""in_force"", ""punjab"": ""in_force"", ""sindh"": ""in_force"", ""kp"": ""in_force"", ""balochistan"": ""in_force""}",,"Pakistan Code (pakistancode.gov.pk), Act No. XLV of 1860; https://pakistancode.gov.pk/pdffiles/administratord5622ea3f15bfa00b17d2cf7770a8434.pdf",2026-09-23
PPC_1860,"Pakistan Penal Code, 1860",section,46,,PPC_1860_SEC_46,Section 46,"""Death""","{""federal"": ""in_force"", ""punjab"": ""in_force"", ""sindh"": ""in_force"", ""kp"": ""in_force"", ""balochistan"": ""in_force""}",,"Pakistan Code (pakistancode.gov.pk), Act No. XLV of 1860; https://pakistancode.gov.pk/pdffiles/administratord5622ea3f15bfa00b17d2cf7770a8434.pdf",2026-09-23
PPC_1860,"Pakistan Penal Code, 1860",section,47,,PPC_1860_SEC_47,Section 47,"""Animal""","{""federal"": ""in_force"", ""punjab"": ""in_force"", ""sindh"": ""in_force"", ""kp"": ""in_force"", ""balochistan"": ""in_force""}",,"Pakistan Code (pakistancode.gov.pk), Act No. XLV of 1860; https://pakistancode.gov.pk/pdffiles/administratord5622ea3f15bfa00b17d2cf7770a8434.pdf",2026-09-23
PPC_1860,"Pakistan Penal Code, 1860",section,48,,PPC_1860_SEC_48,Section 48,"""Vessel""","{""federal"": ""in_force"", ""punjab"": ""in_force"", ""sindh"": ""in_force"", ""kp"": ""in_force"", ""balochistan"": ""in_force""}",,"Pakistan Code (pakistancode.gov.pk), Act No. XLV of 1860; https://pakistancode.gov.pk/pdffiles/administratord5622ea3f15bfa00b17d2cf7770a8434.pdf",2026-09-23
PPC_1860,"Pakistan Penal Code, 1860",section,49,,PPC_1860_SEC_49,Section 49,"""Year""","{""federal"": ""in_force"", ""punjab"": ""in_force"", ""sindh"": ""in_force"", ""kp"": ""in_force"", ""balochistan"": ""in_force""}",,"Pakistan Code (pakistancode.gov.pk), Act No. XLV of 1860; https://pakistancode.gov.pk/pdffiles/administratord5622ea3f15bfa00b17d2cf7770a8434.pdf",2026-09-23
PPC_1860,"Pakistan Penal Code, 1860",section,50,,PPC_1860_SEC_50,Section 50,"""Section""","{""federal"": ""in_force"", ""punjab"": ""in_force"", ""sindh"": ""in_force"", ""kp"": ""in_force"", ""balochistan"": ""in_force""}",,"Pakistan Code (pakistancode.gov.pk), Act No. XLV of 1860; https://pakistancode.gov.pk/pdffiles/administratord5622ea3f15bfa00b17d2cf7770a8434.pdf",2026-09-23
PPC_1860,"Pakistan Penal Code, 1860",section,51,,PPC_1860_SEC_51,Section 51,"""Oath""","{""federal"": ""in_force"", ""punjab"": ""in_force"", ""sindh"": ""in_force"", ""kp"": ""in_force"", ""balochistan"": ""in_force""}",,"Pakistan Code (pakistancode.gov.pk), Act No. XLV of 1860; https://pakistancode.gov.pk/pdffiles/administratord5622ea3f15bfa00b17d2cf7770a8434.pdf",2026-09-23
PPC_1860,"Pakistan Penal Code, 1860",section,52,,PPC_1860_SEC_52,Section 52,"""Good faith""","{""federal"": ""in_force"", ""punjab"": ""in_force"", ""sindh"": ""in_force"", ""kp"": ""in_force"", ""balochistan"": ""in_force""}",,"Pakistan Code (pakistancode.gov.pk), Act No. XLV of 1860; https://pakistancode.gov.pk/pdffiles/administratord5622ea3f15bfa00b17d2cf7770a8434.pdf",2026-09-23
PPC_1860,"Pakistan Penal Code, 1860",section,52A,,PPC_1860_SEC_52A,Section 52A,"""Harbour""","{""federal"": ""in_force"", ""punjab"": ""in_force"", ""sindh"": ""in_force"", ""kp"": ""in_force"", ""balochistan"": ""in_force""}",,"Pakistan Code (pakistancode.gov.pk), Act No. XLV of 1860; https://pakistancode.gov.pk/pdffiles/administratord5622ea3f15bfa00b17d2cf7770a8434.pdf",2026-09-23
PPC_1860,"Pakistan Penal Code, 1860",section,53,,PPC_1860_SEC_53,Section 53,Punishments,"{""federal"": ""in_force"", ""punjab"": ""in_force"", ""sindh"": ""in_force"", ""kp"": ""in_force"", ""balochistan"": ""in_force""}",,"Pakistan Code (pakistancode.gov.pk), Act No. XLV of 1860; https://pakistancode.gov.pk/pdffiles/administratord5622ea3f15bfa00b17d2cf7770a8434.pdf",2026-09-23
PPC_1860,"Pakistan Penal Code, 1860",section,54,,PPC_1860_SEC_54,Section 54,Commutation of sentence of death,"{""federal"": ""in_force"", ""punjab"": ""in_force"", ""sindh"": ""in_force"", ""kp"": ""in_force"", ""balochistan"": ""in_force""}",,"Pakistan Code (pakistancode.gov.pk), Act No. XLV of 1860; https://pakistancode.gov.pk/pdffiles/administratord5622ea3f15bfa00b17d2cf7770a8434.pdf",2026-09-23
PPC_1860,"Pakistan Penal Code, 1860",section,55,,PPC_1860_SEC_55,Section 55,Commutation of sentence of imprisonment for life,"{""federal"": ""in_force"", ""punjab"": ""in_force"", ""sindh"": ""in_force"", ""kp"": ""in_force"", ""balochistan"": ""in_force""}",,"Pakistan Code (pakistancode.gov.pk), Act No. XLV of 1860; https://pakistancode.gov.pk/pdffiles/administratord5622ea3f15bfa00b17d2cf7770a8434.pdf",2026-09-23
PPC_1860,"Pakistan Penal Code, 1860",section,55A,,PPC_1860_SEC_55A,Section 55A,Saving for President prerogative,"{""federal"": ""in_force"", ""punjab"": ""in_force"", ""sindh"": ""in_force"", ""kp"": ""in_force"", ""balochistan"": ""in_force""}",,"Pakistan Code (pakistancode.gov.pk), Act No. XLV of 1860; https://pakistancode.gov.pk/pdffiles/administratord5622ea3f15bfa00b17d2cf7770a8434.pdf",2026-09-23
PPC_1860,"Pakistan Penal Code, 1860",section,56,,PPC_1860_SEC_56,Section 56,[Repealed],"{""federal"": ""repealed"", ""punjab"": ""repealed"", ""sindh"": ""repealed"", ""kp"": ""repealed"", ""balochistan"": ""repealed""}",,"Pakistan Code (pakistancode.gov.pk), Act No. XLV of 1860; https://pakistancode.gov.pk/pdffiles/administratord5622ea3f15bfa00b17d2cf7770a8434.pdf",2026-09-23
PPC_1860,"Pakistan Penal Code, 1860",section,57,,PPC_1860_SEC_57,Section 57,Fractions of terms of punishment,"{""federal"": ""in_force"", ""punjab"": ""in_force"", ""sindh"": ""in_force"", ""kp"": ""in_force"", ""balochistan"": ""in_force""}",,"Pakistan Code (pakistancode.gov.pk), Act No. XLV of 1860; https://pakistancode.gov.pk/pdffiles/administratord5622ea3f15bfa00b17d2cf7770a8434.pdf",2026-09-23
PPC_1860,"Pakistan Penal Code, 1860",section,58,,PPC_1860_SEC_58,Section 58,[Omitted],"{""federal"": ""omitted"", ""punjab"": ""omitted"", ""sindh"": ""omitted"", ""kp"": ""omitted"", ""balochistan"": ""omitted""}",,"Pakistan Code (pakistancode.gov.pk), Act No. XLV of 1860; https://pakistancode.gov.pk/pdffiles/administratord5622ea3f15bfa00b17d2cf7770a8434.pdf",2026-09-23
PPC_1860,"Pakistan Penal Code, 1860",section,59,,PPC_1860_SEC_59,Section 59,[Omitted],"{""federal"": ""omitted"", ""punjab"": ""omitted"", ""sindh"": ""omitted"", ""kp"": ""omitted"", ""balochistan"": ""omitted""}",,"Pakistan Code (pakistancode.gov.pk), Act No. XLV of 1860; https://pakistancode.gov.pk/pdffiles/administratord5622ea3f15bfa00b17d2cf7770a8434.pdf",2026-09-23
PPC_1860,"Pakistan Penal Code, 1860",section,60,,PPC_1860_SEC_60,Section 60,Sentence may be (in certain cases of imprisonment) wholly or partly rigorous or simple,"{""federal"": ""in_force"", ""punjab"": ""in_force"", ""sindh"": ""in_force"", ""kp"": ""in_force"", ""balochistan"": ""in_force""}",,"Pakistan Code (pakistancode.gov.pk), Act No. XLV of 1860; https://pakistancode.gov.pk/pdffiles/administratord5622ea3f15bfa00b17d2cf7770a8434.pdf",2026-09-23
PPC_1860,"Pakistan Penal Code, 1860",section,61,,PPC_1860_SEC_61,Section 61,[Repealed],"{""federal"": ""repealed"", ""punjab"": ""repealed"", ""sindh"": ""repealed"", ""kp"": ""repealed"", ""balochistan"": ""repealed""}",,"Pakistan Code (pakistancode.gov.pk), Act No. XLV of 1860; https://pakistancode.gov.pk/pdffiles/administratord5622ea3f15bfa00b17d2cf7770a8434.pdf",2026-09-23
PPC_1860,"Pakistan Penal Code, 1860",section,62,,PPC_1860_SEC_62,Section 62,[Repealed],"{""federal"": ""repealed"", ""punjab"": ""repealed"", ""sindh"": ""repealed"", ""kp"": ""repealed"", ""balochistan"": ""repealed""}",,"Pakistan Code (pakistancode.gov.pk), Act No. XLV of 1860; https://pakistancode.gov.pk/pdffiles/administratord5622ea3f15bfa00b17d2cf7770a8434.pdf",2026-09-23
PPC_1860,"Pakistan Penal Code, 1860",section,63,,PPC_1860_SEC_63,Section 63,Amount of fine,"{""federal"": ""in_force"", ""punjab"": ""in_force"", ""sindh"": ""in_force"", ""kp"": ""in_force"", ""balochistan"": ""in_force""}",,"Pakistan Code (pakistancode.gov.pk), Act No. XLV of 1860; https://pakistancode.gov.pk/pdffiles/administratord5622ea3f15bfa00b17d2cf7770a8434.pdf",2026-09-23
PPC_1860,"Pakistan Penal Code, 1860",section,64,,PPC_1860_SEC_64,Section 64,Sentence of imprisonment for non­payment of fine,"{""federal"": ""in_force"", ""punjab"": ""in_force"", ""sindh"": ""in_force"", ""kp"": ""in_force"", ""balochistan"": ""in_force""}",,"Pakistan Code (pakistancode.gov.pk), Act No. XLV of 1860; https://pakistancode.gov.pk/pdffiles/administratord5622ea3f15bfa00b17d2cf7770a8434.pdf",2026-09-23
PPC_1860,"Pakistan Penal Code, 1860",section,65,,PPC_1860_SEC_65,Section 65,"Limit to imprisonment for non­payment of fine, when imprisonment and fine awardable","{""federal"": ""in_force"", ""punjab"": ""in_force"", ""sindh"": ""in_force"", ""kp"": ""in_force"", ""balochistan"": ""in_force""}",,"Pakistan Code (pakistancode.gov.pk), Act No. XLV of 1860; https://pakistancode.gov.pk/pdffiles/administratord5622ea3f15bfa00b17d2cf7770a8434.pdf",2026-09-23
PPC_1860,"Pakistan Penal Code, 1860",section,66,,PPC_1860_SEC_66,Section 66,Description of imprisonment for non­payment of fine,"{""federal"": ""in_force"", ""punjab"": ""in_force"", ""sindh"": ""in_force"", ""kp"": ""in_force"", ""balochistan"": ""in_force""}",,"Pakistan Code (pakistancode.gov.pk), Act No. XLV of 1860; https://pakistancode.gov.pk/pdffiles/administratord5622ea3f15bfa00b17d2cf7770a8434.pdf",2026-09-23
PPC_1860,"Pakistan Penal Code, 1860",section,67,,PPC_1860_SEC_67,Section 67,"Imprisonment for non­payment of fine, when offence punishable with fine only","{""federal"": ""in_force"", ""punjab"": ""in_force"", ""sindh"": ""in_force"", ""kp"": ""in_force"", ""balochistan"": ""in_force""}",,"Pakistan Code (pakistancode.gov.pk), Act No. XLV of 1860; https://pakistancode.gov.pk/pdffiles/administratord5622ea3f15bfa00b17d2cf7770a8434.pdf",2026-09-23
PPC_1860,"Pakistan Penal Code, 1860",section,68,,PPC_1860_SEC_68,Section 68,Imprisonment to terminate on payment of fine,"{""federal"": ""in_force"", ""punjab"": ""in_force"", ""sindh"": ""in_force"", ""kp"": ""in_force"", ""balochistan"": ""in_force""}",,"Pakistan Code (pakistancode.gov.pk), Act No. XLV of 1860; https://pakistancode.gov.pk/pdffiles/administratord5622ea3f15bfa00b17d2cf7770a8434.pdf",2026-09-23
PPC_1860,"Pakistan Penal Code, 1860",section,69,,PPC_1860_SEC_69,Section 69,Termination of imprisonment on payment of proportional part of fine,"{""federal"": ""in_force"", ""punjab"": ""in_force"", ""sindh"": ""in_force"", ""kp"": ""in_force"", ""balochistan"": ""in_force""}",,"Pakistan Code (pakistancode.gov.pk), Act No. XLV of 1860; https://pakistancode.gov.pk/pdffiles/administratord5622ea3f15bfa00b17d2cf7770a8434.pdf",2026-09-23
PPC_1860,"Pakistan Penal Code, 1860",section,70,,PPC_1860_SEC_70,Section 70,"Fine leviable within six years, or during imprisonment. Death not to discharge pr operty from","{""federal"": ""in_force"", ""punjab"": ""in_force"", ""sindh"": ""in_force"", ""kp"": ""in_force"", ""balochistan"": ""in_force""}",,"Pakistan Code (pakistancode.gov.pk), Act No. XLV of 1860; https://pakistancode.gov.pk/pdffiles/administratord5622ea3f15bfa00b17d2cf7770a8434.pdf",2026-09-23
PPC_1860,"Pakistan Penal Code, 1860",section,71,,PPC_1860_SEC_71,Section 71,Limit of punishment of offence made up of several offences,"{""federal"": ""in_force"", ""punjab"": ""in_force"", ""sindh"": ""in_force"", ""kp"": ""in_force"", ""balochistan"": ""in_force""}",,"Pakistan Code (pakistancode.gov.pk), Act No. XLV of 1860; https://pakistancode.gov.pk/pdffiles/administratord5622ea3f15bfa00b17d2cf7770a8434.pdf",2026-09-23
PPC_1860,"Pakistan Penal Code, 1860",section,72,,PPC_1860_SEC_72,Section 72,"Punishment of person guilty of one of several offences, the judgment stating that it is doubtful","{""federal"": ""in_force"", ""punjab"": ""in_force"", ""sindh"": ""in_force"", ""kp"": ""in_force"", ""balochistan"": ""in_force""}",,"Pakistan Code (pakistancode.gov.pk), Act No. XLV of 1860; https://pakistancode.gov.pk/pdffiles/administratord5622ea3f15bfa00b17d2cf7770a8434.pdf",2026-09-23
PPC_1860,"Pakistan Penal Code, 1860",section,73,,PPC_1860_SEC_73,Section 73,Solitary confinement,"{""federal"": ""in_force"", ""punjab"": ""in_force"", ""sindh"": ""in_force"", ""kp"": ""in_force"", ""balochistan"": ""in_force""}",,"Pakistan Code (pakistancode.gov.pk), Act No. XLV of 1860; https://pakistancode.gov.pk/pdffiles/administratord5622ea3f15bfa00b17d2cf7770a8434.pdf",2026-09-23
PPC_1860,"Pakistan Penal Code, 1860",section,74,,PPC_1860_SEC_74,Section 74,Limit of solitary confinement,"{""federal"": ""in_force"", ""punjab"": ""in_force"", ""sindh"": ""in_force"", ""kp"": ""in_force"", ""balochistan"": ""in_force""}",,"Pakistan Code (pakistancode.gov.pk), Act No. XLV of 1860; https://pakistancode.gov.pk/pdffiles/administratord5622ea3f15bfa00b17d2cf7770a8434.pdf",2026-09-23
PPC_1860,"Pakistan Penal Code, 1860",section,75,,PPC_1860_SEC_75,Section 75,Enhanced punishment for certain offences under Chapter XII or Chapter XVII after previous,"{""federal"": ""in_force"", ""punjab"": ""in_force"", ""sindh"": ""in_force"", ""kp"": ""in_force"", ""balochistan"": ""in_force""}",,"Pakistan Code (pakistancode.gov.pk), Act No. XLV of 1860; https://pakistancode.gov.pk/pdffiles/administratord5622ea3f15bfa00b17d2cf7770a8434.pdf",2026-09-23
PPC_1860,"Pakistan Penal Code, 1860",section,76,,PPC_1860_SEC_76,Section 76,"Act done by a person bound, or by mistake of fact believing himself bound, by law","{""federal"": ""in_force"", ""punjab"": ""in_force"", ""sindh"": ""in_force"", ""kp"": ""in_force"", ""balochistan"": ""in_force""}",,"Pakistan Code (pakistancode.gov.pk), Act No. XLV of 1860; https://pakistancode.gov.pk/pdffiles/administratord5622ea3f15bfa00b17d2cf7770a8434.pdf",2026-09-23
PPC_1860,"Pakistan Penal Code, 1860",section,77,,PPC_1860_SEC_77,Section 77,Act of Judge when acting judicially,"{""federal"": ""in_force"", ""punjab"": ""in_force"", ""sindh"": ""in_force"", ""kp"": ""in_force"", ""balochistan"": ""in_force""}",,"Pakistan Code (pakistancode.gov.pk), Act No. XLV of 1860; https://pakistancode.gov.pk/pdffiles/administratord5622ea3f15bfa00b17d2cf7770a8434.pdf",2026-09-23
PPC_1860,"Pakistan Penal Code, 1860",section,78,,PPC_1860_SEC_78,Section 78,Act done pursuant to the judgment or order of Court,"{""federal"": ""in_force"", ""punjab"": ""in_force"", ""sindh"": ""in_force"", ""kp"": ""in_force"", ""balochistan"": ""in_force""}",,"Pakistan Code (pakistancode.gov.pk), Act No. XLV of 1860; https://pakistancode.gov.pk/pdffiles/administratord5622ea3f15bfa00b17d2cf7770a8434.pdf",2026-09-23
PPC_1860,"Pakistan Penal Code, 1860",section,79,,PPC_1860_SEC_79,Section 79,"Act done by a person justified, or by mistake of fact believing himself justified, by law","{""federal"": ""in_force"", ""punjab"": ""in_force"", ""sindh"": ""in_force"", ""kp"": ""in_force"", ""balochistan"": ""in_force""}",,"Pakistan Code (pakistancode.gov.pk), Act No. XLV of 1860; https://pakistancode.gov.pk/pdffiles/administratord5622ea3f15bfa00b17d2cf7770a8434.pdf",2026-09-23
PPC_1860,"Pakistan Penal Code, 1860",section,80,,PPC_1860_SEC_80,Section 80,Accident in doing a lawful act,"{""federal"": ""in_force"", ""punjab"": ""in_force"", ""sindh"": ""in_force"", ""kp"": ""in_force"", ""balochistan"": ""in_force""}",,"Pakistan Code (pakistancode.gov.pk), Act No. XLV of 1860; https://pakistancode.gov.pk/pdffiles/administratord5622ea3f15bfa00b17d2cf7770a8434.pdf",2026-09-23
PPC_1860,"Pakistan Penal Code, 1860",section,81,,PPC_1860_SEC_81,Section 81,"Act likely to cause harm, but done without criminal intent, and to prevent other harm","{""federal"": ""in_force"", ""punjab"": ""in_force"", ""sindh"": ""in_force"", ""kp"": ""in_force"", ""balochistan"": ""in_force""}",,"Pakistan Code (pakistancode.gov.pk), Act No. XLV of 1860; https://pakistancode.gov.pk/pdffiles/administratord5622ea3f15bfa00b17d2cf7770a8434.pdf",2026-09-23
PPC_1860,"Pakistan Penal Code, 1860",section,82,,PPC_1860_SEC_82,Section 82,Act of a child under ten years of age,"{""federal"": ""in_force"", ""punjab"": ""in_force"", ""sindh"": ""in_force"", ""kp"": ""in_force"", ""balochistan"": ""in_force""}",,"Pakistan Code (pakistancode.gov.pk), Act No. XLV of 1860; https://pakistancode.gov.pk/pdffiles/administratord5622ea3f15bfa00b17d2cf7770a8434.pdf",2026-09-23
PPC_1860,"Pakistan Penal Code, 1860",section,83,,PPC_1860_SEC_83,Section 83,Act of a child above ten and under fourteen of immature understanding,"{""federal"": ""in_force"", ""punjab"": ""in_force"", ""sindh"": ""in_force"", ""kp"": ""in_force"", ""balochistan"": ""in_force""}",,"Pakistan Code (pakistancode.gov.pk), Act No. XLV of 1860; https://pakistancode.gov.pk/pdffiles/administratord5622ea3f15bfa00b17d2cf7770a8434.pdf",2026-09-23
PPC_1860,"Pakistan Penal Code, 1860",section,84,,PPC_1860_SEC_84,Section 84,Act of a person of unsound mind,"{""federal"": ""in_force"", ""punjab"": ""in_force"", ""sindh"": ""in_force"", ""kp"": ""in_force"", ""balochistan"": ""in_force""}",,"Pakistan Code (pakistancode.gov.pk), Act No. XLV of 1860; https://pakistancode.gov.pk/pdffiles/administratord5622ea3f15bfa00b17d2cf7770a8434.pdf",2026-09-23
PPC_1860,"Pakistan Penal Code, 1860",section,85,,PPC_1860_SEC_85,Section 85,Act of a person incapable of judgment by reason of intoxication caused against his will,"{""federal"": ""in_force"", ""punjab"": ""in_force"", ""sindh"": ""in_force"", ""kp"": ""in_force"", ""balochistan"": ""in_force""}",,"Pakistan Code (pakistancode.gov.pk), Act No. XLV of 1860; https://pakistancode.gov.pk/pdffiles/administratord5622ea3f15bfa00b17d2cf7770a8434.pdf",2026-09-23
PPC_1860,"Pakistan Penal Code, 1860",section,86,,PPC_1860_SEC_86,Section 86,Offence requiring a particular intent or knowledge committed by one who is intoxicated,"{""federal"": ""in_force"", ""punjab"": ""in_force"", ""sindh"": ""in_force"", ""kp"": ""in_force"", ""balochistan"": ""in_force""}",,"Pakistan Code (pakistancode.gov.pk), Act No. XLV of 1860; https://pakistancode.gov.pk/pdffiles/administratord5622ea3f15bfa00b17d2cf7770a8434.pdf",2026-09-23
PPC_1860,"Pakistan Penal Code, 1860",section,87,,PPC_1860_SEC_87,Section 87,"Act not intended and not known to be likely to cause death or grievous hurt, done by consent","{""federal"": ""in_force"", ""punjab"": ""in_force"", ""sindh"": ""in_force"", ""kp"": ""in_force"", ""balochistan"": ""in_force""}",,"Pakistan Code (pakistancode.gov.pk), Act No. XLV of 1860; https://pakistancode.gov.pk/pdffiles/administratord5622ea3f15bfa00b17d2cf7770a8434.pdf",2026-09-23
PPC_1860,"Pakistan Penal Code, 1860",section,88,,PPC_1860_SEC_88,Section 88,"Act not intended to cause death, done by consent in good faith for person's benefit","{""federal"": ""in_force"", ""punjab"": ""in_force"", ""sindh"": ""in_force"", ""kp"": ""in_force"", ""balochistan"": ""in_force""}",,"Pakistan Code (pakistancode.gov.pk), Act No. XLV of 1860; https://pakistancode.gov.pk/pdffiles/administratord5622ea3f15bfa00b17d2cf7770a8434.pdf",2026-09-23
PPC_1860,"Pakistan Penal Code, 1860",section,89,,PPC_1860_SEC_89,Section 89,"Act done in good faith for benefit of child or insane person, by or by consent of guardian","{""federal"": ""in_force"", ""punjab"": ""in_force"", ""sindh"": ""in_force"", ""kp"": ""in_force"", ""balochistan"": ""in_force""}",,"Pakistan Code (pakistancode.gov.pk), Act No. XLV of 1860; https://pakistancode.gov.pk/pdffiles/administratord5622ea3f15bfa00b17d2cf7770a8434.pdf",2026-09-23
PPC_1860,"Pakistan Penal Code, 1860",section,90,,PPC_1860_SEC_90,Section 90,Consent known to be given under fear or misconception,"{""federal"": ""in_force"", ""punjab"": ""in_force"", ""sindh"": ""in_force"", ""kp"": ""in_force"", ""balochistan"": ""in_force""}",,"Pakistan Code (pakistancode.gov.pk), Act No. XLV of 1860; https://pakistancode.gov.pk/pdffiles/administratord5622ea3f15bfa00b17d2cf7770a8434.pdf",2026-09-23
PPC_1860,"Pakistan Penal Code, 1860",section,91,,PPC_1860_SEC_91,Section 91,Exclusion of acts which are offences independently of harm caused,"{""federal"": ""in_force"", ""punjab"": ""in_force"", ""sindh"": ""in_force"", ""kp"": ""in_force"", ""balochistan"": ""in_force""}",,"Pakistan Code (pakistancode.gov.pk), Act No. XLV of 1860; https://pakistancode.gov.pk/pdffiles/administratord5622ea3f15bfa00b17d2cf7770a8434.pdf",2026-09-23
PPC_1860,"Pakistan Penal Code, 1860",section,92,,PPC_1860_SEC_92,Section 92,Act done in good faith for benefit of a person without consent,"{""federal"": ""in_force"", ""punjab"": ""in_force"", ""sindh"": ""in_force"", ""kp"": ""in_force"", ""balochistan"": ""in_force""}",,"Pakistan Code (pakistancode.gov.pk), Act No. XLV of 1860; https://pakistancode.gov.pk/pdffiles/administratord5622ea3f15bfa00b17d2cf7770a8434.pdf",2026-09-23
PPC_1860,"Pakistan Penal Code, 1860",section,93,,PPC_1860_SEC_93,Section 93,Communication made in good faith,"{""federal"": ""in_force"", ""punjab"": ""in_force"", ""sindh"": ""in_force"", ""kp"": ""in_force"", ""balochistan"": ""in_force""}",,"Pakistan Code (pakistancode.gov.pk), Act No. XLV of 1860; https://pakistancode.gov.pk/pdffiles/administratord5622ea3f15bfa00b17d2cf7770a8434.pdf",2026-09-23
PPC_1860,"Pakistan Penal Code, 1860",section,94,,PPC_1860_SEC_94,Section 94,Act to which a person is compelled by threats,"{""federal"": ""in_force"", ""punjab"": ""in_force"", ""sindh"": ""in_force"", ""kp"": ""in_force"", ""balochistan"": ""in_force""}",,"Pakistan Code (pakistancode.gov.pk), Act No. XLV of 1860; https://pakistancode.gov.pk/pdffiles/administratord5622ea3f15bfa00b17d2cf7770a8434.pdf",2026-09-23
PPC_1860,"Pakistan Penal Code, 1860",section,95,,PPC_1860_SEC_95,Section 95,Act causing slight harm,"{""federal"": ""in_force"", ""punjab"": ""in_force"", ""sindh"": ""in_force"", ""kp"": ""in_force"", ""balochistan"": ""in_force""}",,"Pakistan Code (pakistancode.gov.pk), Act No. XLV of 1860; https://pakistancode.gov.pk/pdffiles/administratord5622ea3f15bfa00b17d2cf7770a8434.pdf",2026-09-23
PPC_1860,"Pakistan Penal Code, 1860",section,96,,PPC_1860_SEC_96,Section 96,Things done in private defence,"{""federal"": ""in_force"", ""punjab"": ""in_force"", ""sindh"": ""in_force"", ""kp"": ""in_force"", ""balochistan"": ""in_force""}",,"Pakistan Code (pakistancode.gov.pk), Act No. XLV of 1860; https://pakistancode.gov.pk/pdffiles/administratord5622ea3f15bfa00b17d2cf7770a8434.pdf",2026-09-23
PPC_1860,"Pakistan Penal Code, 1860",section,97,,PPC_1860_SEC_97,Section 97,Right of private defence of the body and of property,"{""federal"": ""in_force"", ""punjab"": ""in_force"", ""sindh"": ""in_force"", ""kp"": ""in_force"", ""balochistan"": ""in_force""}",,"Pakistan Code (pakistancode.gov.pk), Act No. XLV of 1860; https://pakistancode.gov.pk/pdffiles/administratord5622ea3f15bfa00b17d2cf7770a8434.pdf",2026-09-23
PPC_1860,"Pakistan Penal Code, 1860",section,98,,PPC_1860_SEC_98,Section 98,"Right of private defence against the act of a person of unsound mind, etc","{""federal"": ""in_force"", ""punjab"": ""in_force"", ""sindh"": ""in_force"", ""kp"": ""in_force"", ""balochistan"": ""in_force""}",,"Pakistan Code (pakistancode.gov.pk), Act No. XLV of 1860; https://pakistancode.gov.pk/pdffiles/administratord5622ea3f15bfa00b17d2cf7770a8434.pdf",2026-09-23
PPC_1860,"Pakistan Penal Code, 1860",section,99,,PPC_1860_SEC_99,Section 99,Acts against which there is no right of private defence,"{""federal"": ""in_force"", ""punjab"": ""in_force"", ""sindh"": ""in_force"", ""kp"": ""in_force"", ""balochistan"": ""in_force""}",,"Pakistan Code (pakistancode.gov.pk), Act No. XLV of 1860; https://pakistancode.gov.pk/pdffiles/administratord5622ea3f15bfa00b17d2cf7770a8434.pdf",2026-09-23
PPC_1860,"Pakistan Penal Code, 1860",section,100,,PPC_1860_SEC_100,Section 100,When the right of private defence of the body extends to causing death,"{""federal"": ""in_force"", ""punjab"": ""in_force"", ""sindh"": ""in_force"", ""kp"": ""in_force"", ""balochistan"": ""in_force""}",,"Pakistan Code (pakistancode.gov.pk), Act No. XLV of 1860; https://pakistancode.gov.pk/pdffiles/administratord5622ea3f15bfa00b17d2cf7770a8434.pdf",2026-09-23
PPC_1860,"Pakistan Penal Code, 1860",section,101,,PPC_1860_SEC_101,Section 101,When such right extends to causing any harm other than death,"{""federal"": ""in_force"", ""punjab"": ""in_force"", ""sindh"": ""in_force"", ""kp"": ""in_force"", ""balochistan"": ""in_force""}",,"Pakistan Code (pakistancode.gov.pk), Act No. XLV of 1860; https://pakistancode.gov.pk/pdffiles/administratord5622ea3f15bfa00b17d2cf7770a8434.pdf",2026-09-23
PPC_1860,"Pakistan Penal Code, 1860",section,102,,PPC_1860_SEC_102,Section 102,Commencement and continuance of the right of private defence of the body,"{""federal"": ""in_force"", ""punjab"": ""in_force"", ""sindh"": ""in_force"", ""kp"": ""in_force"", ""balochistan"": ""in_force""}",,"Pakistan Code (pakistancode.gov.pk), Act No. XLV of 1860; https://pakistancode.gov.pk/pdffiles/administratord5622ea3f15bfa00b17d2cf7770a8434.pdf",2026-09-23
PPC_1860,"Pakistan Penal Code, 1860",section,103,,PPC_1860_SEC_103,Section 103,When the right of private defence of property extends to causing death,"{""federal"": ""in_force"", ""punjab"": ""in_force"", ""sindh"": ""in_force"", ""kp"": ""in_force"", ""balochistan"": ""in_force""}",,"Pakistan Code (pakistancode.gov.pk), Act No. XLV of 1860; https://pakistancode.gov.pk/pdffiles/administratord5622ea3f15bfa00b17d2cf7770a8434.pdf",2026-09-23
PPC_1860,"Pakistan Penal Code, 1860",section,104,,PPC_1860_SEC_104,Section 104,When such right extends to causing any harm other than death,"{""federal"": ""in_force"", ""punjab"": ""in_force"", ""sindh"": ""in_force"", ""kp"": ""in_force"", ""balochistan"": ""in_force""}",,"Pakistan Code (pakistancode.gov.pk), Act No. XLV of 1860; https://pakistancode.gov.pk/pdffiles/administratord5622ea3f15bfa00b17d2cf7770a8434.pdf",2026-09-23
PPC_1860,"Pakistan Penal Code, 1860",section,105,,PPC_1860_SEC_105,Section 105,Commencement and continuance of the right of private defence of property,"{""federal"": ""in_force"", ""punjab"": ""in_force"", ""sindh"": ""in_force"", ""kp"": ""in_force"", ""balochistan"": ""in_force""}",,"Pakistan Code (pakistancode.gov.pk), Act No. XLV of 1860; https://pakistancode.gov.pk/pdffiles/administratord5622ea3f15bfa00b17d2cf7770a8434.pdf",2026-09-23
PPC_1860,"Pakistan Penal Code, 1860",section,106,,PPC_1860_SEC_106,Section 106,Right of private defence against deadly assault when there is risk of harm to innocent person,"{""federal"": ""in_force"", ""punjab"": ""in_force"", ""sindh"": ""in_force"", ""kp"": ""in_force"", ""balochistan"": ""in_force""}",,"Pakistan Code (pakistancode.gov.pk), Act No. XLV of 1860; https://pakistancode.gov.pk/pdffiles/administratord5622ea3f15bfa00b17d2cf7770a8434.pdf",2026-09-23
PPC_1860,"Pakistan Penal Code, 1860",section,107,,PPC_1860_SEC_107,Section 107,Abetment of a thing,"{""federal"": ""in_force"", ""punjab"": ""in_force"", ""sindh"": ""in_force"", ""kp"": ""in_force"", ""balochistan"": ""in_force""}",,"Pakistan Code (pakistancode.gov.pk), Act No. XLV of 1860; https://pakistancode.gov.pk/pdffiles/administratord5622ea3f15bfa00b17d2cf7770a8434.pdf",2026-09-23
PPC_1860,"Pakistan Penal Code, 1860",section,108,,PPC_1860_SEC_108,Section 108,Abettor,"{""federal"": ""in_force"", ""punjab"": ""in_force"", ""sindh"": ""in_force"", ""kp"": ""in_force"", ""balochistan"": ""in_force""}",,"Pakistan Code (pakistancode.gov.pk), Act No. XLV of 1860; https://pakistancode.gov.pk/pdffiles/administratord5622ea3f15bfa00b17d2cf7770a8434.pdf",2026-09-23
PPC_1860,"Pakistan Penal Code, 1860",section,108A,,PPC_1860_SEC_108A,Section 108A,Abetment in Pakistan of offences outside it,"{""federal"": ""in_force"", ""punjab"": ""in_force"", ""sindh"": ""in_force"", ""kp"": ""in_force"", ""balochistan"": ""in_force""}",,"Pakistan Code (pakistancode.gov.pk), Act No. XLV of 1860; https://pakistancode.gov.pk/pdffiles/administratord5622ea3f15bfa00b17d2cf7770a8434.pdf",2026-09-23
PPC_1860,"Pakistan Penal Code, 1860",section,109,,PPC_1860_SEC_109,Section 109,Punishment of abetment if the act abetted is committed in consequence and where no express,"{""federal"": ""in_force"", ""punjab"": ""in_force"", ""sindh"": ""in_force"", ""kp"": ""in_force"", ""balochistan"": ""in_force""}",,"Pakistan Code (pakistancode.gov.pk), Act No. XLV of 1860; https://pakistancode.gov.pk/pdffiles/administratord5622ea3f15bfa00b17d2cf7770a8434.pdf",2026-09-23
PPC_1860,"Pakistan Penal Code, 1860",section,110,,PPC_1860_SEC_110,Section 110,Punishment of abetment if person abetted does act with different intention from that of abettor,"{""federal"": ""in_force"", ""punjab"": ""in_force"", ""sindh"": ""in_force"", ""kp"": ""in_force"", ""balochistan"": ""in_force""}",,"Pakistan Code (pakistancode.gov.pk), Act No. XLV of 1860; https://pakistancode.gov.pk/pdffiles/administratord5622ea3f15bfa00b17d2cf7770a8434.pdf",2026-09-23
PPC_1860,"Pakistan Penal Code, 1860",section,111,,PPC_1860_SEC_111,Section 111,Liability of abettor when one act abetted and different act done,"{""federal"": ""in_force"", ""punjab"": ""in_force"", ""sindh"": ""in_force"", ""kp"": ""in_force"", ""balochistan"": ""in_force""}",,"Pakistan Code (pakistancode.gov.pk), Act No. XLV of 1860; https://pakistancode.gov.pk/pdffiles/administratord5622ea3f15bfa00b17d2cf7770a8434.pdf",2026-09-23
PPC_1860,"Pakistan Penal Code, 1860",section,112,,PPC_1860_SEC_112,Section 112,Abettor when liable to cumulative punishment for act abetted and for act done,"{""federal"": ""in_force"", ""punjab"": ""in_force"", ""sindh"": ""in_force"", ""kp"": ""in_force"", ""balochistan"": ""in_force""}",,"Pakistan Code (pakistancode.gov.pk), Act No. XLV of 1860; https://pakistancode.gov.pk/pdffiles/administratord5622ea3f15bfa00b17d2cf7770a8434.pdf",2026-09-23
PPC_1860,"Pakistan Penal Code, 1860",section,113,,PPC_1860_SEC_113,Section 113,Liability of abettor for an effect caused by the act abetted different from that intended by the,"{""federal"": ""in_force"", ""punjab"": ""in_force"", ""sindh"": ""in_force"", ""kp"": ""in_force"", ""balochistan"": ""in_force""}",,"Pakistan Code (pakistancode.gov.pk), Act No. XLV of 1860; https://pakistancode.gov.pk/pdffiles/administratord5622ea3f15bfa00b17d2cf7770a8434.pdf",2026-09-23
PPC_1860,"Pakistan Penal Code, 1860",section,114,,PPC_1860_SEC_114,Section 114,Abettor present when offence is committed,"{""federal"": ""in_force"", ""punjab"": ""in_force"", ""sindh"": ""in_force"", ""kp"": ""in_force"", ""balochistan"": ""in_force""}",,"Pakistan Code (pakistancode.gov.pk), Act No. XLV of 1860; https://pakistancode.gov.pk/pdffiles/administratord5622ea3f15bfa00b17d2cf7770a8434.pdf",2026-09-23
PPC_1860,"Pakistan Penal Code, 1860",section,115,,PPC_1860_SEC_115,Section 115,Abetment of offence punishable with death or imprisonment for life__if offence not committed;,"{""federal"": ""in_force"", ""punjab"": ""in_force"", ""sindh"": ""in_force"", ""kp"": ""in_force"", ""balochistan"": ""in_force""}",,"Pakistan Code (pakistancode.gov.pk), Act No. XLV of 1860; https://pakistancode.gov.pk/pdffiles/administratord5622ea3f15bfa00b17d2cf7770a8434.pdf",2026-09-23
PPC_1860,"Pakistan Penal Code, 1860",section,116,,PPC_1860_SEC_116,Section 116,Abetment of offence punishable with imprisonment__if offence be not committed;,"{""federal"": ""in_force"", ""punjab"": ""in_force"", ""sindh"": ""in_force"", ""kp"": ""in_force"", ""balochistan"": ""in_force""}",,"Pakistan Code (pakistancode.gov.pk), Act No. XLV of 1860; https://pakistancode.gov.pk/pdffiles/administratord5622ea3f15bfa00b17d2cf7770a8434.pdf",2026-09-23
PPC_1860,"Pakistan Penal Code, 1860",section,117,,PPC_1860_SEC_117,Section 117,Abetting commission of offence by the public or by more than ten persons,"{""federal"": ""in_force"", ""punjab"": ""in_force"", ""sindh"": ""in_force"", ""kp"": ""in_force"", ""balochistan"": ""in_force""}",,"Pakistan Code (pakistancode.gov.pk), Act No. XLV of 1860; https://pakistancode.gov.pk/pdffiles/administratord5622ea3f15bfa00b17d2cf7770a8434.pdf",2026-09-23
PPC_1860,"Pakistan Penal Code, 1860",section,118,,PPC_1860_SEC_118,Section 118,Concealing design to commit offence punishable with death or imprisonment for life__,"{""federal"": ""in_force"", ""punjab"": ""in_force"", ""sindh"": ""in_force"", ""kp"": ""in_force"", ""balochistan"": ""in_force""}",,"Pakistan Code (pakistancode.gov.pk), Act No. XLV of 1860; https://pakistancode.gov.pk/pdffiles/administratord5622ea3f15bfa00b17d2cf7770a8434.pdf",2026-09-23
PPC_1860,"Pakistan Penal Code, 1860",section,119,,PPC_1860_SEC_119,Section 119,Public servant concealing design to commit offence which it is his duty to prevent__,"{""federal"": ""in_force"", ""punjab"": ""in_force"", ""sindh"": ""in_force"", ""kp"": ""in_force"", ""balochistan"": ""in_force""}",,"Pakistan Code (pakistancode.gov.pk), Act No. XLV of 1860; https://pakistancode.gov.pk/pdffiles/administratord5622ea3f15bfa00b17d2cf7770a8434.pdf",2026-09-23
PPC_1860,"Pakistan Penal Code, 1860",section,120,,PPC_1860_SEC_120,Section 120,Concealing design to commit offence punishable with imprisonment__,"{""federal"": ""in_force"", ""punjab"": ""in_force"", ""sindh"": ""in_force"", ""kp"": ""in_force"", ""balochistan"": ""in_force""}",,"Pakistan Code (pakistancode.gov.pk), Act No. XLV of 1860; https://pakistancode.gov.pk/pdffiles/administratord5622ea3f15bfa00b17d2cf7770a8434.pdf",2026-09-23
PPC_1860,"Pakistan Penal Code, 1860",section,120A,,PPC_1860_SEC_120A,Section 120A,Definition of criminal conspiracy,"{""federal"": ""in_force"", ""punjab"": ""in_force"", ""sindh"": ""in_force"", ""kp"": ""in_force"", ""balochistan"": ""in_force""}",,"Pakistan Code (pakistancode.gov.pk), Act No. XLV of 1860; https://pakistancode.gov.pk/pdffiles/administratord5622ea3f15bfa00b17d2cf7770a8434.pdf",2026-09-23
PPC_1860,"Pakistan Penal Code, 1860",section,120B,,PPC_1860_SEC_120B,Section 120B,Punishment of criminal conspiracy,"{""federal"": ""in_force"", ""punjab"": ""in_force"", ""sindh"": ""in_force"", ""kp"": ""in_force"", ""balochistan"": ""in_force""}",,"Pakistan Code (pakistancode.gov.pk), Act No. XLV of 1860; https://pakistancode.gov.pk/pdffiles/administratord5622ea3f15bfa00b17d2cf7770a8434.pdf",2026-09-23
PPC_1860,"Pakistan Penal Code, 1860",section,121,,PPC_1860_SEC_121,Section 121,Waging or attempting to wage war or abetting waging of war against Pakistan,"{""federal"": ""in_force"", ""punjab"": ""in_force"", ""sindh"": ""in_force"", ""kp"": ""in_force"", ""balochistan"": ""in_force""}",,"Pakistan Code (pakistancode.gov.pk), Act No. XLV of 1860; https://pakistancode.gov.pk/pdffiles/administratord5622ea3f15bfa00b17d2cf7770a8434.pdf",2026-09-23
PPC_1860,"Pakistan Penal Code, 1860",section,121A,,PPC_1860_SEC_121A,Section 121A,Conspiracy to commit offences punishable by section 121,"{""federal"": ""in_force"", ""punjab"": ""in_force"", ""sindh"": ""in_force"", ""kp"": ""in_force"", ""balochistan"": ""in_force""}",,"Pakistan Code (pakistancode.gov.pk), Act No. XLV of 1860; https://pakistancode.gov.pk/pdffiles/administratord5622ea3f15bfa00b17d2cf7770a8434.pdf",2026-09-23
PPC_1860,"Pakistan Penal Code, 1860",section,122,,PPC_1860_SEC_122,Section 122,"Collecting arms, etc., with intention of waging war against Pakistan","{""federal"": ""in_force"", ""punjab"": ""in_force"", ""sindh"": ""in_force"", ""kp"": ""in_force"", ""balochistan"": ""in_force""}",,"Pakistan Code (pakistancode.gov.pk), Act No. XLV of 1860; https://pakistancode.gov.pk/pdffiles/administratord5622ea3f15bfa00b17d2cf7770a8434.pdf",2026-09-23
PPC_1860,"Pakistan Penal Code, 1860",section,123,,PPC_1860_SEC_123,Section 123,Concealing with intent to facilitate design to wage war,"{""federal"": ""in_force"", ""punjab"": ""in_force"", ""sindh"": ""in_force"", ""kp"": ""in_force"", ""balochistan"": ""in_force""}",,"Pakistan Code (pakistancode.gov.pk), Act No. XLV of 1860; https://pakistancode.gov.pk/pdffiles/administratord5622ea3f15bfa00b17d2cf7770a8434.pdf",2026-09-23
PPC_1860,"Pakistan Penal Code, 1860",section,123A,,PPC_1860_SEC_123A,Section 123A,"Condemnation of the creation of the State, and advocacy of abolition of its sovereignty","{""federal"": ""in_force"", ""punjab"": ""in_force"", ""sindh"": ""in_force"", ""kp"": ""in_force"", ""balochistan"": ""in_force""}",,"Pakistan Code (pakistancode.gov.pk), Act No. XLV of 1860; https://pakistancode.gov.pk/pdffiles/administratord5622ea3f15bfa00b17d2cf7770a8434.pdf",2026-09-23
PPC_1860,"Pakistan Penal Code, 1860",section,123B,,PPC_1860_SEC_123B,Section 123B,"Defiling or unauthorisedly removing the National Flag of Pakistan from Government building,","{""federal"": ""in_force"", ""punjab"": ""in_force"", ""sindh"": ""in_force"", ""kp"": ""in_force"", ""balochistan"": ""in_force""}",,"Pakistan Code (pakistancode.gov.pk), Act No. XLV of 1860; https://pakistancode.gov.pk/pdffiles/administratord5622ea3f15bfa00b17d2cf7770a8434.pdf",2026-09-23
PPC_1860,"Pakistan Penal Code, 1860",section,124,,PPC_1860_SEC_124,Section 124,"Assaulting President, Governor, etc., with intent to compel or restrain the exercise of any lawful","{""federal"": ""in_force"", ""punjab"": ""in_force"", ""sindh"": ""in_force"", ""kp"": ""in_force"", ""balochistan"": ""in_force""}",,"Pakistan Code (pakistancode.gov.pk), Act No. XLV of 1860; https://pakistancode.gov.pk/pdffiles/administratord5622ea3f15bfa00b17d2cf7770a8434.pdf",2026-09-23
PPC_1860,"Pakistan Penal Code, 1860",section,124A,,PPC_1860_SEC_124A,Section 124A,Sedition,"{""federal"": ""in_force"", ""punjab"": ""in_force"", ""sindh"": ""in_force"", ""kp"": ""in_force"", ""balochistan"": ""in_force""}",,"Pakistan Code (pakistancode.gov.pk), Act No. XLV of 1860; https://pakistancode.gov.pk/pdffiles/administratord5622ea3f15bfa00b17d2cf7770a8434.pdf",2026-09-23
PPC_1860,"Pakistan Penal Code, 1860",section,125,,PPC_1860_SEC_125,Section 125,Waging war against any Power in alliance with Pakistan,"{""federal"": ""in_force"", ""punjab"": ""in_force"", ""sindh"": ""in_force"", ""kp"": ""in_force"", ""balochistan"": ""in_force""}",,"Pakistan Code (pakistancode.gov.pk), Act No. XLV of 1860; https://pakistancode.gov.pk/pdffiles/administratord5622ea3f15bfa00b17d2cf7770a8434.pdf",2026-09-23
PPC_1860,"Pakistan Penal Code, 1860",section,126,,PPC_1860_SEC_126,Section 126,Committing depredation on territories of Power at peace with Pakistan,"{""federal"": ""in_force"", ""punjab"": ""in_force"", ""sindh"": ""in_force"", ""kp"": ""in_force"", ""balochistan"": ""in_force""}",,"Pakistan Code (pakistancode.gov.pk), Act No. XLV of 1860; https://pakistancode.gov.pk/pdffiles/administratord5622ea3f15bfa00b17d2cf7770a8434.pdf",2026-09-23
PPC_1860,"Pakistan Penal Code, 1860",section,127,,PPC_1860_SEC_127,Section 127,Receiving property taken by war or depredation mentioned in sections 125 and 126,"{""federal"": ""in_force"", ""punjab"": ""in_force"", ""sindh"": ""in_force"", ""kp"": ""in_force"", ""balochistan"": ""in_force""}",,"Pakistan Code (pakistancode.gov.pk), Act No. XLV of 1860; https://pakistancode.gov.pk/pdffiles/administratord5622ea3f15bfa00b17d2cf7770a8434.pdf",2026-09-23
PPC_1860,"Pakistan Penal Code, 1860",section,128,,PPC_1860_SEC_128,Section 128,Public servant voluntarily allowing prisoner of State or war to escape,"{""federal"": ""in_force"", ""punjab"": ""in_force"", ""sindh"": ""in_force"", ""kp"": ""in_force"", ""balochistan"": ""in_force""}",,"Pakistan Code (pakistancode.gov.pk), Act No. XLV of 1860; https://pakistancode.gov.pk/pdffiles/administratord5622ea3f15bfa00b17d2cf7770a8434.pdf",2026-09-23
PPC_1860,"Pakistan Penal Code, 1860",section,129,,PPC_1860_SEC_129,Section 129,Public servant negligently suffering such prisoner to escape,"{""federal"": ""in_force"", ""punjab"": ""in_force"", ""sindh"": ""in_force"", ""kp"": ""in_force"", ""balochistan"": ""in_force""}",,"Pakistan Code (pakistancode.gov.pk), Act No. XLV of 1860; https://pakistancode.gov.pk/pdffiles/administratord5622ea3f15bfa00b17d2cf7770a8434.pdf",2026-09-23
PPC_1860,"Pakistan Penal Code, 1860",section,130,,PPC_1860_SEC_130,Section 130,"Aiding escape of, rescuing or harbouring such prisoner","{""federal"": ""in_force"", ""punjab"": ""in_force"", ""sindh"": ""in_force"", ""kp"": ""in_force"", ""balochistan"": ""in_force""}",,"Pakistan Code (pakistancode.gov.pk), Act No. XLV of 1860; https://pakistancode.gov.pk/pdffiles/administratord5622ea3f15bfa00b17d2cf7770a8434.pdf",2026-09-23
PPC_1860,"Pakistan Penal Code, 1860",section,131,,PPC_1860_SEC_131,Section 131,"Abetting mutiny, or attempting to seduce a soldier, sailor or airman from his duty","{""federal"": ""in_force"", ""punjab"": ""in_force"", ""sindh"": ""in_force"", ""kp"": ""in_force"", ""balochistan"": ""in_force""}",,"Pakistan Code (pakistancode.gov.pk), Act No. XLV of 1860; https://pakistancode.gov.pk/pdffiles/administratord5622ea3f15bfa00b17d2cf7770a8434.pdf",2026-09-23
PPC_1860,"Pakistan Penal Code, 1860",section,132,,PPC_1860_SEC_132,Section 132,"Abetment of mutiny, if mutiny is committed in consequence thereof","{""federal"": ""in_force"", ""punjab"": ""in_force"", ""sindh"": ""in_force"", ""kp"": ""in_force"", ""balochistan"": ""in_force""}",,"Pakistan Code (pakistancode.gov.pk), Act No. XLV of 1860; https://pakistancode.gov.pk/pdffiles/administratord5622ea3f15bfa00b17d2cf7770a8434.pdf",2026-09-23
PPC_1860,"Pakistan Penal Code, 1860",section,133,,PPC_1860_SEC_133,Section 133,"Abetment of assault by soldier, sailor or airman on his superior officer, when in execution of","{""federal"": ""in_force"", ""punjab"": ""in_force"", ""sindh"": ""in_force"", ""kp"": ""in_force"", ""balochistan"": ""in_force""}",,"Pakistan Code (pakistancode.gov.pk), Act No. XLV of 1860; https://pakistancode.gov.pk/pdffiles/administratord5622ea3f15bfa00b17d2cf7770a8434.pdf",2026-09-23
PPC_1860,"Pakistan Penal Code, 1860",section,134,,PPC_1860_SEC_134,Section 134,"Abetment of such assault, if the assault is committed","{""federal"": ""in_force"", ""punjab"": ""in_force"", ""sindh"": ""in_force"", ""kp"": ""in_force"", ""balochistan"": ""in_force""}",,"Pakistan Code (pakistancode.gov.pk), Act No. XLV of 1860; https://pakistancode.gov.pk/pdffiles/administratord5622ea3f15bfa00b17d2cf7770a8434.pdf",2026-09-23
PPC_1860,"Pakistan Penal Code, 1860",section,135,,PPC_1860_SEC_135,Section 135,"Abetment of desertion of soldier, sailor or airman","{""federal"": ""in_force"", ""punjab"": ""in_force"", ""sindh"": ""in_force"", ""kp"": ""in_force"", ""balochistan"": ""in_force""}",,"Pakistan Code (pakistancode.gov.pk), Act No. XLV of 1860; https://pakistancode.gov.pk/pdffiles/administratord5622ea3f15bfa00b17d2cf7770a8434.pdf",2026-09-23
PPC_1860,"Pakistan Penal Code, 1860",section,136,,PPC_1860_SEC_136,Section 136,Harbouring deserter,"{""federal"": ""in_force"", ""punjab"": ""in_force"", ""sindh"": ""in_force"", ""kp"": ""in_force"", ""balochistan"": ""in_force""}",,"Pakistan Code (pakistancode.gov.pk), Act No. XLV of 1860; https://pakistancode.gov.pk/pdffiles/administratord5622ea3f15bfa00b17d2cf7770a8434.pdf",2026-09-23
PPC_1860,"Pakistan Penal Code, 1860",section,137,,PPC_1860_SEC_137,Section 137,Deserter concealed on board merchant vessel through negligence of master,"{""federal"": ""in_force"", ""punjab"": ""in_force"", ""sindh"": ""in_force"", ""kp"": ""in_force"", ""balochistan"": ""in_force""}",,"Pakistan Code (pakistancode.gov.pk), Act No. XLV of 1860; https://pakistancode.gov.pk/pdffiles/administratord5622ea3f15bfa00b17d2cf7770a8434.pdf",2026-09-23
PPC_1860,"Pakistan Penal Code, 1860",section,138,,PPC_1860_SEC_138,Section 138,"Abetment of act of insubordination by soldier, sailor or airman","{""federal"": ""in_force"", ""punjab"": ""in_force"", ""sindh"": ""in_force"", ""kp"": ""in_force"", ""balochistan"": ""in_force""}",,"Pakistan Code (pakistancode.gov.pk), Act No. XLV of 1860; https://pakistancode.gov.pk/pdffiles/administratord5622ea3f15bfa00b17d2cf7770a8434.pdf",2026-09-23
PPC_1860,"Pakistan Penal Code, 1860",section,138A,,PPC_1860_SEC_138A,Section 138A,[Repealed],"{""federal"": ""repealed"", ""punjab"": ""repealed"", ""sindh"": ""repealed"", ""kp"": ""repealed"", ""balochistan"": ""repealed""}",,"Pakistan Code (pakistancode.gov.pk), Act No. XLV of 1860; https://pakistancode.gov.pk/pdffiles/administratord5622ea3f15bfa00b17d2cf7770a8434.pdf",2026-09-23
PPC_1860,"Pakistan Penal Code, 1860",section,139,,PPC_1860_SEC_139,Section 139,Persons subject to certain Acts,"{""federal"": ""in_force"", ""punjab"": ""in_force"", ""sindh"": ""in_force"", ""kp"": ""in_force"", ""balochistan"": ""in_force""}",,"Pakistan Code (pakistancode.gov.pk), Act No. XLV of 1860; https://pakistancode.gov.pk/pdffiles/administratord5622ea3f15bfa00b17d2cf7770a8434.pdf",2026-09-23
PPC_1860,"Pakistan Penal Code, 1860",section,140,,PPC_1860_SEC_140,Section 140,"Wearing garb or carrying token used by soldier, sailor or airman","{""federal"": ""in_force"", ""punjab"": ""in_force"", ""sindh"": ""in_force"", ""kp"": ""in_force"", ""balochistan"": ""in_force""}",,"Pakistan Code (pakistancode.gov.pk), Act No. XLV of 1860; https://pakistancode.gov.pk/pdffiles/administratord5622ea3f15bfa00b17d2cf7770a8434.pdf",2026-09-23
PPC_1860,"Pakistan Penal Code, 1860",section,141,,PPC_1860_SEC_141,Section 141,Unlawful assembly,"{""federal"": ""in_force"", ""punjab"": ""in_force"", ""sindh"": ""in_force"", ""kp"": ""in_force"", ""balochistan"": ""in_force""}",,"Pakistan Code (pakistancode.gov.pk), Act No. XLV of 1860; https://pakistancode.gov.pk/pdffiles/administratord5622ea3f15bfa00b17d2cf7770a8434.pdf",2026-09-23
PPC_1860,"Pakistan Penal Code, 1860",section,142,,PPC_1860_SEC_142,Section 142,Being member of unlawful assembly,"{""federal"": ""in_force"", ""punjab"": ""in_force"", ""sindh"": ""in_force"", ""kp"": ""in_force"", ""balochistan"": ""in_force""}",,"Pakistan Code (pakistancode.gov.pk), Act No. XLV of 1860; https://pakistancode.gov.pk/pdffiles/administratord5622ea3f15bfa00b17d2cf7770a8434.pdf",2026-09-23
PPC_1860,"Pakistan Penal Code, 1860",section,143,,PPC_1860_SEC_143,Section 143,Punishment,"{""federal"": ""in_force"", ""punjab"": ""in_force"", ""sindh"": ""in_force"", ""kp"": ""in_force"", ""balochistan"": ""in_force""}",,"Pakistan Code (pakistancode.gov.pk), Act No. XLV of 1860; https://pakistancode.gov.pk/pdffiles/administratord5622ea3f15bfa00b17d2cf7770a8434.pdf",2026-09-23
PPC_1860,"Pakistan Penal Code, 1860",section,144,,PPC_1860_SEC_144,Section 144,"Joining unlawful assembly, armed with deadly weapon","{""federal"": ""in_force"", ""punjab"": ""in_force"", ""sindh"": ""in_force"", ""kp"": ""in_force"", ""balochistan"": ""in_force""}",,"Pakistan Code (pakistancode.gov.pk), Act No. XLV of 1860; https://pakistancode.gov.pk/pdffiles/administratord5622ea3f15bfa00b17d2cf7770a8434.pdf",2026-09-23
PPC_1860,"Pakistan Penal Code, 1860",section,145,,PPC_1860_SEC_145,Section 145,"Joining or continuing in unlawful assembly, knowing it has been commanded to disperse","{""federal"": ""in_force"", ""punjab"": ""in_force"", ""sindh"": ""in_force"", ""kp"": ""in_force"", ""balochistan"": ""in_force""}",,"Pakistan Code (pakistancode.gov.pk), Act No. XLV of 1860; https://pakistancode.gov.pk/pdffiles/administratord5622ea3f15bfa00b17d2cf7770a8434.pdf",2026-09-23
PPC_1860,"Pakistan Penal Code, 1860",section,146,,PPC_1860_SEC_146,Section 146,Rioting,"{""federal"": ""in_force"", ""punjab"": ""in_force"", ""sindh"": ""in_force"", ""kp"": ""in_force"", ""balochistan"": ""in_force""}",,"Pakistan Code (pakistancode.gov.pk), Act No. XLV of 1860; https://pakistancode.gov.pk/pdffiles/administratord5622ea3f15bfa00b17d2cf7770a8434.pdf",2026-09-23
PPC_1860,"Pakistan Penal Code, 1860",section,147,,PPC_1860_SEC_147,Section 147,Punishment for rioting,"{""federal"": ""in_force"", ""punjab"": ""in_force"", ""sindh"": ""in_force"", ""kp"": ""in_force"", ""balochistan"": ""in_force""}",,"Pakistan Code (pakistancode.gov.pk), Act No. XLV of 1860; https://pakistancode.gov.pk/pdffiles/administratord5622ea3f15bfa00b17d2cf7770a8434.pdf",2026-09-23
PPC_1860,"Pakistan Penal Code, 1860",section,148,,PPC_1860_SEC_148,Section 148,"Rioting, armed with deadly weapon","{""federal"": ""in_force"", ""punjab"": ""in_force"", ""sindh"": ""in_force"", ""kp"": ""in_force"", ""balochistan"": ""in_force""}",,"Pakistan Code (pakistancode.gov.pk), Act No. XLV of 1860; https://pakistancode.gov.pk/pdffiles/administratord5622ea3f15bfa00b17d2cf7770a8434.pdf",2026-09-23
PPC_1860,"Pakistan Penal Code, 1860",section,149,,PPC_1860_SEC_149,Section 149,Every member of unlawful assembly guilty of offence committed in prosecution of common,"{""federal"": ""in_force"", ""punjab"": ""in_force"", ""sindh"": ""in_force"", ""kp"": ""in_force"", ""balochistan"": ""in_force""}",,"Pakistan Code (pakistancode.gov.pk), Act No. XLV of 1860; https://pakistancode.gov.pk/pdffiles/administratord5622ea3f15bfa00b17d2cf7770a8434.pdf",2026-09-23
PPC_1860,"Pakistan Penal Code, 1860",section,150,,PPC_1860_SEC_150,Section 150,"Hiring, or conniving at hiring, or persons to join unlawful assembly","{""federal"": ""in_force"", ""punjab"": ""in_force"", ""sindh"": ""in_force"", ""kp"": ""in_force"", ""balochistan"": ""in_force""}",,"Pakistan Code (pakistancode.gov.pk), Act No. XLV of 1860; https://pakistancode.gov.pk/pdffiles/administratord5622ea3f15bfa00b17d2cf7770a8434.pdf",2026-09-23
PPC_1860,"Pakistan Penal Code, 1860",section,151,,PPC_1860_SEC_151,Section 151,Knowingly joining or continuing in assembly of five or more persons after it has been,"{""federal"": ""in_force"", ""punjab"": ""in_force"", ""sindh"": ""in_force"", ""kp"": ""in_force"", ""balochistan"": ""in_force""}",,"Pakistan Code (pakistancode.gov.pk), Act No. XLV of 1860; https://pakistancode.gov.pk/pdffiles/administratord5622ea3f15bfa00b17d2cf7770a8434.pdf",2026-09-23
PPC_1860,"Pakistan Penal Code, 1860",section,152,,PPC_1860_SEC_152,Section 152,"Assaulting or obstructing public servant when suppressing riot, etc","{""federal"": ""in_force"", ""punjab"": ""in_force"", ""sindh"": ""in_force"", ""kp"": ""in_force"", ""balochistan"": ""in_force""}",,"Pakistan Code (pakistancode.gov.pk), Act No. XLV of 1860; https://pakistancode.gov.pk/pdffiles/administratord5622ea3f15bfa00b17d2cf7770a8434.pdf",2026-09-23
PPC_1860,"Pakistan Penal Code, 1860",section,153,,PPC_1860_SEC_153,Section 153,Want only giving provocation with intent to cause riot__,"{""federal"": ""in_force"", ""punjab"": ""in_force"", ""sindh"": ""in_force"", ""kp"": ""in_force"", ""balochistan"": ""in_force""}",,"Pakistan Code (pakistancode.gov.pk), Act No. XLV of 1860; https://pakistancode.gov.pk/pdffiles/administratord5622ea3f15bfa00b17d2cf7770a8434.pdf",2026-09-23
PPC_1860,"Pakistan Penal Code, 1860",section,153A,,PPC_1860_SEC_153A,Section 153A,"Promoting enmity between different groups, etc","{""federal"": ""in_force"", ""punjab"": ""in_force"", ""sindh"": ""in_force"", ""kp"": ""in_force"", ""balochistan"": ""in_force""}",,"Pakistan Code (pakistancode.gov.pk), Act No. XLV of 1860; https://pakistancode.gov.pk/pdffiles/administratord5622ea3f15bfa00b17d2cf7770a8434.pdf",2026-09-23
PPC_1860,"Pakistan Penal Code, 1860",section,153B,,PPC_1860_SEC_153B,Section 153B,"Inducing students, etc., to take part in political activity","{""federal"": ""in_force"", ""punjab"": ""in_force"", ""sindh"": ""in_force"", ""kp"": ""in_force"", ""balochistan"": ""in_force""}",,"Pakistan Code (pakistancode.gov.pk), Act No. XLV of 1860; https://pakistancode.gov.pk/pdffiles/administratord5622ea3f15bfa00b17d2cf7770a8434.pdf",2026-09-23
PPC_1860,"Pakistan Penal Code, 1860",section,154,,PPC_1860_SEC_154,Section 154,Owner or occupier of land on which an unlawful assembly is held,"{""federal"": ""in_force"", ""punjab"": ""in_force"", ""sindh"": ""in_force"", ""kp"": ""in_force"", ""balochistan"": ""in_force""}",,"Pakistan Code (pakistancode.gov.pk), Act No. XLV of 1860; https://pakistancode.gov.pk/pdffiles/administratord5622ea3f15bfa00b17d2cf7770a8434.pdf",2026-09-23
PPC_1860,"Pakistan Penal Code, 1860",section,155,,PPC_1860_SEC_155,Section 155,Liability of person for whose benefit riot is committed,"{""federal"": ""in_force"", ""punjab"": ""in_force"", ""sindh"": ""in_force"", ""kp"": ""in_force"", ""balochistan"": ""in_force""}",,"Pakistan Code (pakistancode.gov.pk), Act No. XLV of 1860; https://pakistancode.gov.pk/pdffiles/administratord5622ea3f15bfa00b17d2cf7770a8434.pdf",2026-09-23
PPC_1860,"Pakistan Penal Code, 1860",section,156,,PPC_1860_SEC_156,Section 156,Liability of agent of owner or occupier for whose benefit riot is committed,"{""federal"": ""in_force"", ""punjab"": ""in_force"", ""sindh"": ""in_force"", ""kp"": ""in_force"", ""balochistan"": ""in_force""}",,"Pakistan Code (pakistancode.gov.pk), Act No. XLV of 1860; https://pakistancode.gov.pk/pdffiles/administratord5622ea3f15bfa00b17d2cf7770a8434.pdf",2026-09-23
PPC_1860,"Pakistan Penal Code, 1860",section,157,,PPC_1860_SEC_157,Section 157,Harbouring persons hired for an unlawful assembly,"{""federal"": ""in_force"", ""punjab"": ""in_force"", ""sindh"": ""in_force"", ""kp"": ""in_force"", ""balochistan"": ""in_force""}",,"Pakistan Code (pakistancode.gov.pk), Act No. XLV of 1860; https://pakistancode.gov.pk/pdffiles/administratord5622ea3f15bfa00b17d2cf7770a8434.pdf",2026-09-23
PPC_1860,"Pakistan Penal Code, 1860",section,158,,PPC_1860_SEC_158,Section 158,Being hired to take part in an unlawful assembly or riot; or to go armed,"{""federal"": ""in_force"", ""punjab"": ""in_force"", ""sindh"": ""in_force"", ""kp"": ""in_force"", ""balochistan"": ""in_force""}",,"Pakistan Code (pakistancode.gov.pk), Act No. XLV of 1860; https://pakistancode.gov.pk/pdffiles/administratord5622ea3f15bfa00b17d2cf7770a8434.pdf",2026-09-23
PPC_1860,"Pakistan Penal Code, 1860",section,159,,PPC_1860_SEC_159,Section 159,Affray,"{""federal"": ""in_force"", ""punjab"": ""in_force"", ""sindh"": ""in_force"", ""kp"": ""in_force"", ""balochistan"": ""in_force""}",,"Pakistan Code (pakistancode.gov.pk), Act No. XLV of 1860; https://pakistancode.gov.pk/pdffiles/administratord5622ea3f15bfa00b17d2cf7770a8434.pdf",2026-09-23
PPC_1860,"Pakistan Penal Code, 1860",section,160,,PPC_1860_SEC_160,Section 160,Punishment for committing affray,"{""federal"": ""in_force"", ""punjab"": ""in_force"", ""sindh"": ""in_force"", ""kp"": ""in_force"", ""balochistan"": ""in_force""}",,"Pakistan Code (pakistancode.gov.pk), Act No. XLV of 1860; https://pakistancode.gov.pk/pdffiles/administratord5622ea3f15bfa00b17d2cf7770a8434.pdf",2026-09-23
PPC_1860,"Pakistan Penal Code, 1860",section,161,,PPC_1860_SEC_161,Section 161,Public servant taking gratification other than legal remuneration in respect of an official act,"{""federal"": ""in_force"", ""punjab"": ""in_force"", ""sindh"": ""in_force"", ""kp"": ""in_force"", ""balochistan"": ""in_force""}",,"Pakistan Code (pakistancode.gov.pk), Act No. XLV of 1860; https://pakistancode.gov.pk/pdffiles/administratord5622ea3f15bfa00b17d2cf7770a8434.pdf",2026-09-23
PPC_1860,"Pakistan Penal Code, 1860",section,162,,PPC_1860_SEC_162,Section 162,"Taking gratification, in order, by corrupt or illegal means to influence public servant","{""federal"": ""in_force"", ""punjab"": ""in_force"", ""sindh"": ""in_force"", ""kp"": ""in_force"", ""balochistan"": ""in_force""}",,"Pakistan Code (pakistancode.gov.pk), Act No. XLV of 1860; https://pakistancode.gov.pk/pdffiles/administratord5622ea3f15bfa00b17d2cf7770a8434.pdf",2026-09-23
PPC_1860,"Pakistan Penal Code, 1860",section,163,,PPC_1860_SEC_163,Section 163,"Taking gratification, for exercise of personal influence with public servant","{""federal"": ""in_force"", ""punjab"": ""in_force"", ""sindh"": ""in_force"", ""kp"": ""in_force"", ""balochistan"": ""in_force""}",,"Pakistan Code (pakistancode.gov.pk), Act No. XLV of 1860; https://pakistancode.gov.pk/pdffiles/administratord5622ea3f15bfa00b17d2cf7770a8434.pdf",2026-09-23
PPC_1860,"Pakistan Penal Code, 1860",section,164,,PPC_1860_SEC_164,Section 164,Punishment for abetment by public servant of offences defined in section 162 or 163,"{""federal"": ""in_force"", ""punjab"": ""in_force"", ""sindh"": ""in_force"", ""kp"": ""in_force"", ""balochistan"": ""in_force""}",,"Pakistan Code (pakistancode.gov.pk), Act No. XLV of 1860; https://pakistancode.gov.pk/pdffiles/administratord5622ea3f15bfa00b17d2cf7770a8434.pdf",2026-09-23
PPC_1860,"Pakistan Penal Code, 1860",section,165,,PPC_1860_SEC_165,Section 165,"Public servant obtaining valuable thing, without consideration from person concerned in","{""federal"": ""in_force"", ""punjab"": ""in_force"", ""sindh"": ""in_force"", ""kp"": ""in_force"", ""balochistan"": ""in_force""}",,"Pakistan Code (pakistancode.gov.pk), Act No. XLV of 1860; https://pakistancode.gov.pk/pdffiles/administratord5622ea3f15bfa00b17d2cf7770a8434.pdf",2026-09-23
PPC_1860,"Pakistan Penal Code, 1860",section,165A,,PPC_1860_SEC_165A,Section 165A,Punishment for abetment of offences defined in sections 161 and 165,"{""federal"": ""in_force"", ""punjab"": ""in_force"", ""sindh"": ""in_force"", ""kp"": ""in_force"", ""balochistan"": ""in_force""}",,"Pakistan Code (pakistancode.gov.pk), Act No. XLV of 1860; https://pakistancode.gov.pk/pdffiles/administratord5622ea3f15bfa00b17d2cf7770a8434.pdf",2026-09-23
PPC_1860,"Pakistan Penal Code, 1860",section,165B,,PPC_1860_SEC_165B,Section 165B,Certain abettors excepted,"{""federal"": ""in_force"", ""punjab"": ""in_force"", ""sindh"": ""in_force"", ""kp"": ""in_force"", ""balochistan"": ""in_force""}",,"Pakistan Code (pakistancode.gov.pk), Act No. XLV of 1860; https://pakistancode.gov.pk/pdffiles/administratord5622ea3f15bfa00b17d2cf7770a8434.pdf",2026-09-23
PPC_1860,"Pakistan Penal Code, 1860",section,166,,PPC_1860_SEC_166,Section 166,"Public servant disobeying law, with intent to cause injury to any person","{""federal"": ""in_force"", ""punjab"": ""in_force"", ""sindh"": ""in_force"", ""kp"": ""in_force"", ""balochistan"": ""in_force""}",,"Pakistan Code (pakistancode.gov.pk), Act No. XLV of 1860; https://pakistancode.gov.pk/pdffiles/administratord5622ea3f15bfa00b17d2cf7770a8434.pdf",2026-09-23
PPC_1860,"Pakistan Penal Code, 1860",section,167,,PPC_1860_SEC_167,Section 167,Public servant framing an incorrect document with intent to cause injury,"{""federal"": ""in_force"", ""punjab"": ""in_force"", ""sindh"": ""in_force"", ""kp"": ""in_force"", ""balochistan"": ""in_force""}",,"Pakistan Code (pakistancode.gov.pk), Act No. XLV of 1860; https://pakistancode.gov.pk/pdffiles/administratord5622ea3f15bfa00b17d2cf7770a8434.pdf",2026-09-23
PPC_1860,"Pakistan Penal Code, 1860",section,168,,PPC_1860_SEC_168,Section 168,Public servant unlawfully engaging in trade,"{""federal"": ""in_force"", ""punjab"": ""in_force"", ""sindh"": ""in_force"", ""kp"": ""in_force"", ""balochistan"": ""in_force""}",,"Pakistan Code (pakistancode.gov.pk), Act No. XLV of 1860; https://pakistancode.gov.pk/pdffiles/administratord5622ea3f15bfa00b17d2cf7770a8434.pdf",2026-09-23
PPC_1860,"Pakistan Penal Code, 1860",section,169,,PPC_1860_SEC_169,Section 169,Public servant unlawfully buying or bidding for property,"{""federal"": ""in_force"", ""punjab"": ""in_force"", ""sindh"": ""in_force"", ""kp"": ""in_force"", ""balochistan"": ""in_force""}",,"Pakistan Code (pakistancode.gov.pk), Act No. XLV of 1860; https://pakistancode.gov.pk/pdffiles/administratord5622ea3f15bfa00b17d2cf7770a8434.pdf",2026-09-23
PPC_1860,"Pakistan Penal Code, 1860",section,170,,PPC_1860_SEC_170,Section 170,Personating a public servant,"{""federal"": ""in_force"", ""punjab"": ""in_force"", ""sindh"": ""in_force"", ""kp"": ""in_force"", ""balochistan"": ""in_force""}",,"Pakistan Code (pakistancode.gov.pk), Act No. XLV of 1860; https://pakistancode.gov.pk/pdffiles/administratord5622ea3f15bfa00b17d2cf7770a8434.pdf",2026-09-23
PPC_1860,"Pakistan Penal Code, 1860",section,171,,PPC_1860_SEC_171,Section 171,Wearing garb or carrying token used by public servant with fraudulent intent,"{""federal"": ""in_force"", ""punjab"": ""in_force"", ""sindh"": ""in_force"", ""kp"": ""in_force"", ""balochistan"": ""in_force""}",,"Pakistan Code (pakistancode.gov.pk), Act No. XLV of 1860; https://pakistancode.gov.pk/pdffiles/administratord5622ea3f15bfa00b17d2cf7770a8434.pdf",2026-09-23
PPC_1860,"Pakistan Penal Code, 1860",section,171A,,PPC_1860_SEC_171A,Section 171A,"""Candidates"" ""Electoral right"" defined","{""federal"": ""in_force"", ""punjab"": ""in_force"", ""sindh"": ""in_force"", ""kp"": ""in_force"", ""balochistan"": ""in_force""}",,"Pakistan Code (pakistancode.gov.pk), Act No. XLV of 1860; https://pakistancode.gov.pk/pdffiles/administratord5622ea3f15bfa00b17d2cf7770a8434.pdf",2026-09-23
PPC_1860,"Pakistan Penal Code, 1860",section,171B,,PPC_1860_SEC_171B,Section 171B,Bribery,"{""federal"": ""in_force"", ""punjab"": ""in_force"", ""sindh"": ""in_force"", ""kp"": ""in_force"", ""balochistan"": ""in_force""}",,"Pakistan Code (pakistancode.gov.pk), Act No. XLV of 1860; https://pakistancode.gov.pk/pdffiles/administratord5622ea3f15bfa00b17d2cf7770a8434.pdf",2026-09-23
PPC_1860,"Pakistan Penal Code, 1860",section,171C,,PPC_1860_SEC_171C,Section 171C,Undue influence at elections,"{""federal"": ""in_force"", ""punjab"": ""in_force"", ""sindh"": ""in_force"", ""kp"": ""in_force"", ""balochistan"": ""in_force""}",,"Pakistan Code (pakistancode.gov.pk), Act No. XLV of 1860; https://pakistancode.gov.pk/pdffiles/administratord5622ea3f15bfa00b17d2cf7770a8434.pdf",2026-09-23
PPC_1860,"Pakistan Penal Code, 1860",section,171D,,PPC_1860_SEC_171D,Section 171D,Personation at elections,"{""federal"": ""in_force"", ""punjab"": ""in_force"", ""sindh"": ""in_force"", ""kp"": ""in_force"", ""balochistan"": ""in_force""}",,"Pakistan Code (pakistancode.gov.pk), Act No. XLV of 1860; https://pakistancode.gov.pk/pdffiles/administratord5622ea3f15bfa00b17d2cf7770a8434.pdf",2026-09-23
PPC_1860,"Pakistan Penal Code, 1860",section,171E,,PPC_1860_SEC_171E,Section 171E,Punishment for bribery,"{""federal"": ""in_force"", ""punjab"": ""in_force"", ""sindh"": ""in_force"", ""kp"": ""in_force"", ""balochistan"": ""in_force""}",,"Pakistan Code (pakistancode.gov.pk), Act No. XLV of 1860; https://pakistancode.gov.pk/pdffiles/administratord5622ea3f15bfa00b17d2cf7770a8434.pdf",2026-09-23
PPC_1860,"Pakistan Penal Code, 1860",section,171F,,PPC_1860_SEC_171F,Section 171F,Punishment for undue influence or personation at an election,"{""federal"": ""in_force"", ""punjab"": ""in_force"", ""sindh"": ""in_force"", ""kp"": ""in_force"", ""balochistan"": ""in_force""}",,"Pakistan Code (pakistancode.gov.pk), Act No. XLV of 1860; https://pakistancode.gov.pk/pdffiles/administratord5622ea3f15bfa00b17d2cf7770a8434.pdf",2026-09-23
PPC_1860,"Pakistan Penal Code, 1860",section,171G,,PPC_1860_SEC_171G,Section 171G,False statement in connection with an election,"{""federal"": ""in_force"", ""punjab"": ""in_force"", ""sindh"": ""in_force"", ""kp"": ""in_force"", ""balochistan"": ""in_force""}",,"Pakistan Code (pakistancode.gov.pk), Act No. XLV of 1860; https://pakistancode.gov.pk/pdffiles/administratord5622ea3f15bfa00b17d2cf7770a8434.pdf",2026-09-23
PPC_1860,"Pakistan Penal Code, 1860",section,171H,,PPC_1860_SEC_171H,Section 171H,Illegal payments in connection with an election,"{""federal"": ""in_force"", ""punjab"": ""in_force"", ""sindh"": ""in_force"", ""kp"": ""in_force"", ""balochistan"": ""in_force""}",,"Pakistan Code (pakistancode.gov.pk), Act No. XLV of 1860; https://pakistancode.gov.pk/pdffiles/administratord5622ea3f15bfa00b17d2cf7770a8434.pdf",2026-09-23
PPC_1860,"Pakistan Penal Code, 1860",section,171I,,PPC_1860_SEC_171I,Section 171I,Failure to keep election accounts,"{""federal"": ""in_force"", ""punjab"": ""in_force"", ""sindh"": ""in_force"", ""kp"": ""in_force"", ""balochistan"": ""in_force""}",,"Pakistan Code (pakistancode.gov.pk), Act No. XLV of 1860; https://pakistancode.gov.pk/pdffiles/administratord5622ea3f15bfa00b17d2cf7770a8434.pdf",2026-09-23
PPC_1860,"Pakistan Penal Code, 1860",section,171J,,PPC_1860_SEC_171J,Section 171J,"Inducing any person not to participate in any election or referendum, etc","{""federal"": ""in_force"", ""punjab"": ""in_force"", ""sindh"": ""in_force"", ""kp"": ""in_force"", ""balochistan"": ""in_force""}",,"Pakistan Code (pakistancode.gov.pk), Act No. XLV of 1860; https://pakistancode.gov.pk/pdffiles/administratord5622ea3f15bfa00b17d2cf7770a8434.pdf",2026-09-23
PPC_1860,"Pakistan Penal Code, 1860",section,172,,PPC_1860_SEC_172,Section 172,Absconding to avoid service of summons or other proceeding,"{""federal"": ""in_force"", ""punjab"": ""in_force"", ""sindh"": ""in_force"", ""kp"": ""in_force"", ""balochistan"": ""in_force""}",,"Pakistan Code (pakistancode.gov.pk), Act No. XLV of 1860; https://pakistancode.gov.pk/pdffiles/administratord5622ea3f15bfa00b17d2cf7770a8434.pdf",2026-09-23
PPC_1860,"Pakistan Penal Code, 1860",section,173,,PPC_1860_SEC_173,Section 173,"Preventing service of summons or other proceeding, or preventing publication thereof","{""federal"": ""in_force"", ""punjab"": ""in_force"", ""sindh"": ""in_force"", ""kp"": ""in_force"", ""balochistan"": ""in_force""}",,"Pakistan Code (pakistancode.gov.pk), Act No. XLV of 1860; https://pakistancode.gov.pk/pdffiles/administratord5622ea3f15bfa00b17d2cf7770a8434.pdf",2026-09-23
PPC_1860,"Pakistan Penal Code, 1860",section,174,,PPC_1860_SEC_174,Section 174,Non­attendance in obedience to an order from public servant,"{""federal"": ""in_force"", ""punjab"": ""in_force"", ""sindh"": ""in_force"", ""kp"": ""in_force"", ""balochistan"": ""in_force""}",,"Pakistan Code (pakistancode.gov.pk), Act No. XLV of 1860; https://pakistancode.gov.pk/pdffiles/administratord5622ea3f15bfa00b17d2cf7770a8434.pdf",2026-09-23
PPC_1860,"Pakistan Penal Code, 1860",section,175,,PPC_1860_SEC_175,Section 175,Omission to produce document to public servant by person legally bound to produce it,"{""federal"": ""in_force"", ""punjab"": ""in_force"", ""sindh"": ""in_force"", ""kp"": ""in_force"", ""balochistan"": ""in_force""}",,"Pakistan Code (pakistancode.gov.pk), Act No. XLV of 1860; https://pakistancode.gov.pk/pdffiles/administratord5622ea3f15bfa00b17d2cf7770a8434.pdf",2026-09-23
PPC_1860,"Pakistan Penal Code, 1860",section,176,,PPC_1860_SEC_176,Section 176,Omission to give notice or information to public servant by person legally bound to give it,"{""federal"": ""in_force"", ""punjab"": ""in_force"", ""sindh"": ""in_force"", ""kp"": ""in_force"", ""balochistan"": ""in_force""}",,"Pakistan Code (pakistancode.gov.pk), Act No. XLV of 1860; https://pakistancode.gov.pk/pdffiles/administratord5622ea3f15bfa00b17d2cf7770a8434.pdf",2026-09-23
PPC_1860,"Pakistan Penal Code, 1860",section,177,,PPC_1860_SEC_177,Section 177,Furnishing false information,"{""federal"": ""in_force"", ""punjab"": ""in_force"", ""sindh"": ""in_force"", ""kp"": ""in_force"", ""balochistan"": ""in_force""}",,"Pakistan Code (pakistancode.gov.pk), Act No. XLV of 1860; https://pakistancode.gov.pk/pdffiles/administratord5622ea3f15bfa00b17d2cf7770a8434.pdf",2026-09-23
PPC_1860,"Pakistan Penal Code, 1860",section,178,,PPC_1860_SEC_178,Section 178,Refusing oath or affirmation when duly required by public servant to make it,"{""federal"": ""in_force"", ""punjab"": ""in_force"", ""sindh"": ""in_force"", ""kp"": ""in_force"", ""balochistan"": ""in_force""}",,"Pakistan Code (pakistancode.gov.pk), Act No. XLV of 1860; https://pakistancode.gov.pk/pdffiles/administratord5622ea3f15bfa00b17d2cf7770a8434.pdf",2026-09-23
PPC_1860,"Pakistan Penal Code, 1860",section,179,,PPC_1860_SEC_179,Section 179,Refusing to answer public servant authorised to question,"{""federal"": ""in_force"", ""punjab"": ""in_force"", ""sindh"": ""in_force"", ""kp"": ""in_force"", ""balochistan"": ""in_force""}",,"Pakistan Code (pakistancode.gov.pk), Act No. XLV of 1860; https://pakistancode.gov.pk/pdffiles/administratord5622ea3f15bfa00b17d2cf7770a8434.pdf",2026-09-23
PPC_1860,"Pakistan Penal Code, 1860",section,180,,PPC_1860_SEC_180,Section 180,Refusing to sign statement,"{""federal"": ""in_force"", ""punjab"": ""in_force"", ""sindh"": ""in_force"", ""kp"": ""in_force"", ""balochistan"": ""in_force""}",,"Pakistan Code (pakistancode.gov.pk), Act No. XLV of 1860; https://pakistancode.gov.pk/pdffiles/administratord5622ea3f15bfa00b17d2cf7770a8434.pdf",2026-09-23
PPC_1860,"Pakistan Penal Code, 1860",section,181,,PPC_1860_SEC_181,Section 181,False statement on oath or affirmation to public servant or person authorised to administer an,"{""federal"": ""in_force"", ""punjab"": ""in_force"", ""sindh"": ""in_force"", ""kp"": ""in_force"", ""balochistan"": ""in_force""}",,"Pakistan Code (pakistancode.gov.pk), Act No. XLV of 1860; https://pakistancode.gov.pk/pdffiles/administratord5622ea3f15bfa00b17d2cf7770a8434.pdf",2026-09-23
PPC_1860,"Pakistan Penal Code, 1860",section,182,,PPC_1860_SEC_182,Section 182,False information with intent to cause public servant to use his lawful pow er to the injury of,"{""federal"": ""in_force"", ""punjab"": ""in_force"", ""sindh"": ""in_force"", ""kp"": ""in_force"", ""balochistan"": ""in_force""}",,"Pakistan Code (pakistancode.gov.pk), Act No. XLV of 1860; https://pakistancode.gov.pk/pdffiles/administratord5622ea3f15bfa00b17d2cf7770a8434.pdf",2026-09-23
PPC_1860,"Pakistan Penal Code, 1860",section,183,,PPC_1860_SEC_183,Section 183,Resistance to the taking of property by the lawful authority of a public servant,"{""federal"": ""in_force"", ""punjab"": ""in_force"", ""sindh"": ""in_force"", ""kp"": ""in_force"", ""balochistan"": ""in_force""}",,"Pakistan Code (pakistancode.gov.pk), Act No. XLV of 1860; https://pakistancode.gov.pk/pdffiles/administratord5622ea3f15bfa00b17d2cf7770a8434.pdf",2026-09-23
PPC_1860,"Pakistan Penal Code, 1860",section,184,,PPC_1860_SEC_184,Section 184,Obstructing sale of property offered for sale by authority of public servant,"{""federal"": ""in_force"", ""punjab"": ""in_force"", ""sindh"": ""in_force"", ""kp"": ""in_force"", ""balochistan"": ""in_force""}",,"Pakistan Code (pakistancode.gov.pk), Act No. XLV of 1860; https://pakistancode.gov.pk/pdffiles/administratord5622ea3f15bfa00b17d2cf7770a8434.pdf",2026-09-23
PPC_1860,"Pakistan Penal Code, 1860",section,185,,PPC_1860_SEC_185,Section 185,Illegal Purchase or bid for property offered for sale by authority of public servant,"{""federal"": ""in_force"", ""punjab"": ""in_force"", ""sindh"": ""in_force"", ""kp"": ""in_force"", ""balochistan"": ""in_force""}",,"Pakistan Code (pakistancode.gov.pk), Act No. XLV of 1860; https://pakistancode.gov.pk/pdffiles/administratord5622ea3f15bfa00b17d2cf7770a8434.pdf",2026-09-23
PPC_1860,"Pakistan Penal Code, 1860",section,186,,PPC_1860_SEC_186,Section 186,Obstructing public servant in discharge of public functions,"{""federal"": ""in_force"", ""punjab"": ""in_force"", ""sindh"": ""in_force"", ""kp"": ""in_force"", ""balochistan"": ""in_force""}",,"Pakistan Code (pakistancode.gov.pk), Act No. XLV of 1860; https://pakistancode.gov.pk/pdffiles/administratord5622ea3f15bfa00b17d2cf7770a8434.pdf",2026-09-23
PPC_1860,"Pakistan Penal Code, 1860",section,187,,PPC_1860_SEC_187,Section 187,Omission to assist public servant when bound by law to give assistance,"{""federal"": ""in_force"", ""punjab"": ""in_force"", ""sindh"": ""in_force"", ""kp"": ""in_force"", ""balochistan"": ""in_force""}",,"Pakistan Code (pakistancode.gov.pk), Act No. XLV of 1860; https://pakistancode.gov.pk/pdffiles/administratord5622ea3f15bfa00b17d2cf7770a8434.pdf",2026-09-23
PPC_1860,"Pakistan Penal Code, 1860",section,188,,PPC_1860_SEC_188,Section 188,Disobedience to order duly promulgated by public servant,"{""federal"": ""in_force"", ""punjab"": ""in_force"", ""sindh"": ""in_force"", ""kp"": ""in_force"", ""balochistan"": ""in_force""}",,"Pakistan Code (pakistancode.gov.pk), Act No. XLV of 1860; https://pakistancode.gov.pk/pdffiles/administratord5622ea3f15bfa00b17d2cf7770a8434.pdf",2026-09-23
PPC_1860,"Pakistan Penal Code, 1860",section,189,,PPC_1860_SEC_189,Section 189,Threat of injury to public servant,"{""federal"": ""in_force"", ""punjab"": ""in_force"", ""sindh"": ""in_force"", ""kp"": ""in_force"", ""balochistan"": ""in_force""}",,"Pakistan Code (pakistancode.gov.pk), Act No. XLV of 1860; https://pakistancode.gov.pk/pdffiles/administratord5622ea3f15bfa00b17d2cf7770a8434.pdf",2026-09-23
PPC_1860,"Pakistan Penal Code, 1860",section,190,,PPC_1860_SEC_190,Section 190,Threat of injury to induce person to refrain from applying for protection to public servant,"{""federal"": ""in_force"", ""punjab"": ""in_force"", ""sindh"": ""in_force"", ""kp"": ""in_force"", ""balochistan"": ""in_force""}",,"Pakistan Code (pakistancode.gov.pk), Act No. XLV of 1860; https://pakistancode.gov.pk/pdffiles/administratord5622ea3f15bfa00b17d2cf7770a8434.pdf",2026-09-23
PPC_1860,"Pakistan Penal Code, 1860",section,191,,PPC_1860_SEC_191,Section 191,Giving false evidence,"{""federal"": ""in_force"", ""punjab"": ""in_force"", ""sindh"": ""in_force"", ""kp"": ""in_force"", ""balochistan"": ""in_force""}",,"Pakistan Code (pakistancode.gov.pk), Act No. XLV of 1860; https://pakistancode.gov.pk/pdffiles/administratord5622ea3f15bfa00b17d2cf7770a8434.pdf",2026-09-23
PPC_1860,"Pakistan Penal Code, 1860",section,192,,PPC_1860_SEC_192,Section 192,Fabricating false evidence,"{""federal"": ""in_force"", ""punjab"": ""in_force"", ""sindh"": ""in_force"", ""kp"": ""in_force"", ""balochistan"": ""in_force""}",,"Pakistan Code (pakistancode.gov.pk), Act No. XLV of 1860; https://pakistancode.gov.pk/pdffiles/administratord5622ea3f15bfa00b17d2cf7770a8434.pdf",2026-09-23
PPC_1860,"Pakistan Penal Code, 1860",section,193,,PPC_1860_SEC_193,Section 193,Punishment for false evidence,"{""federal"": ""in_force"", ""punjab"": ""in_force"", ""sindh"": ""in_force"", ""kp"": ""in_force"", ""balochistan"": ""in_force""}",,"Pakistan Code (pakistancode.gov.pk), Act No. XLV of 1860; https://pakistancode.gov.pk/pdffiles/administratord5622ea3f15bfa00b17d2cf7770a8434.pdf",2026-09-23
PPC_1860,"Pakistan Penal Code, 1860",section,194,,PPC_1860_SEC_194,Section 194,Giving or fabricating false evidence with intent to procure conviction of capital offence;,"{""federal"": ""in_force"", ""punjab"": ""in_force"", ""sindh"": ""in_force"", ""kp"": ""in_force"", ""balochistan"": ""in_force""}",,"Pakistan Code (pakistancode.gov.pk), Act No. XLV of 1860; https://pakistancode.gov.pk/pdffiles/administratord5622ea3f15bfa00b17d2cf7770a8434.pdf",2026-09-23
PPC_1860,"Pakistan Penal Code, 1860",section,195,,PPC_1860_SEC_195,Section 195,Giving or fabricating false evidence with intent to procure conviction of offe nce punishable,"{""federal"": ""in_force"", ""punjab"": ""in_force"", ""sindh"": ""in_force"", ""kp"": ""in_force"", ""balochistan"": ""in_force""}",,"Pakistan Code (pakistancode.gov.pk), Act No. XLV of 1860; https://pakistancode.gov.pk/pdffiles/administratord5622ea3f15bfa00b17d2cf7770a8434.pdf",2026-09-23
PPC_1860,"Pakistan Penal Code, 1860",section,196,,PPC_1860_SEC_196,Section 196,Using evidence known to be false,"{""federal"": ""in_force"", ""punjab"": ""in_force"", ""sindh"": ""in_force"", ""kp"": ""in_force"", ""balochistan"": ""in_force""}",,"Pakistan Code (pakistancode.gov.pk), Act No. XLV of 1860; https://pakistancode.gov.pk/pdffiles/administratord5622ea3f15bfa00b17d2cf7770a8434.pdf",2026-09-23
PPC_1860,"Pakistan Penal Code, 1860",section,197,,PPC_1860_SEC_197,Section 197,Issuing or signing false certificate,"{""federal"": ""in_force"", ""punjab"": ""in_force"", ""sindh"": ""in_force"", ""kp"": ""in_force"", ""balochistan"": ""in_force""}",,"Pakistan Code (pakistancode.gov.pk), Act No. XLV of 1860; https://pakistancode.gov.pk/pdffiles/administratord5622ea3f15bfa00b17d2cf7770a8434.pdf",2026-09-23
PPC_1860,"Pakistan Penal Code, 1860",section,198,,PPC_1860_SEC_198,Section 198,Using as true a certificate known to be false,"{""federal"": ""in_force"", ""punjab"": ""in_force"", ""sindh"": ""in_force"", ""kp"": ""in_force"", ""balochistan"": ""in_force""}",,"Pakistan Code (pakistancode.gov.pk), Act No. XLV of 1860; https://pakistancode.gov.pk/pdffiles/administratord5622ea3f15bfa00b17d2cf7770a8434.pdf",2026-09-23
PPC_1860,"Pakistan Penal Code, 1860",section,199,,PPC_1860_SEC_199,Section 199,False statement made in declaration which is by law receivable as evidence,"{""federal"": ""in_force"", ""punjab"": ""in_force"", ""sindh"": ""in_force"", ""kp"": ""in_force"", ""balochistan"": ""in_force""}",,"Pakistan Code (pakistancode.gov.pk), Act No. XLV of 1860; https://pakistancode.gov.pk/pdffiles/administratord5622ea3f15bfa00b17d2cf7770a8434.pdf",2026-09-23
PPC_1860,"Pakistan Penal Code, 1860",section,200,,PPC_1860_SEC_200,Section 200,Using as true such declaration knowing it to be false,"{""federal"": ""in_force"", ""punjab"": ""in_force"", ""sindh"": ""in_force"", ""kp"": ""in_force"", ""balochistan"": ""in_force""}",,"Pakistan Code (pakistancode.gov.pk), Act No. XLV of 1860; https://pakistancode.gov.pk/pdffiles/administratord5622ea3f15bfa00b17d2cf7770a8434.pdf",2026-09-23
PPC_1860,"Pakistan Penal Code, 1860",section,201,,PPC_1860_SEC_201,Section 201,"Causing disappearance of evidence of offence, or giving false information to screen offender__","{""federal"": ""in_force"", ""punjab"": ""in_force"", ""sindh"": ""in_force"", ""kp"": ""in_force"", ""balochistan"": ""in_force""}",,"Pakistan Code (pakistancode.gov.pk), Act No. XLV of 1860; https://pakistancode.gov.pk/pdffiles/administratord5622ea3f15bfa00b17d2cf7770a8434.pdf",2026-09-23
PPC_1860,"Pakistan Penal Code, 1860",section,202,,PPC_1860_SEC_202,Section 202,Intentional omission to give information of offence by person bound to inform,"{""federal"": ""in_force"", ""punjab"": ""in_force"", ""sindh"": ""in_force"", ""kp"": ""in_force"", ""balochistan"": ""in_force""}",,"Pakistan Code (pakistancode.gov.pk), Act No. XLV of 1860; https://pakistancode.gov.pk/pdffiles/administratord5622ea3f15bfa00b17d2cf7770a8434.pdf",2026-09-23
PPC_1860,"Pakistan Penal Code, 1860",section,203,,PPC_1860_SEC_203,Section 203,Giving false information respecting an offence committed,"{""federal"": ""in_force"", ""punjab"": ""in_force"", ""sindh"": ""in_force"", ""kp"": ""in_force"", ""balochistan"": ""in_force""}",,"Pakistan Code (pakistancode.gov.pk), Act No. XLV of 1860; https://pakistancode.gov.pk/pdffiles/administratord5622ea3f15bfa00b17d2cf7770a8434.pdf",2026-09-23
PPC_1860,"Pakistan Penal Code, 1860",section,204,,PPC_1860_SEC_204,Section 204,Destruction of document to prevent its production as evidence,"{""federal"": ""in_force"", ""punjab"": ""in_force"", ""sindh"": ""in_force"", ""kp"": ""in_force"", ""balochistan"": ""in_force""}",,"Pakistan Code (pakistancode.gov.pk), Act No. XLV of 1860; https://pakistancode.gov.pk/pdffiles/administratord5622ea3f15bfa00b17d2cf7770a8434.pdf",2026-09-23
PPC_1860,"Pakistan Penal Code, 1860",section,205,,PPC_1860_SEC_205,Section 205,False personation for purpose of act or proceeding in suit or prosecution,"{""federal"": ""in_force"", ""punjab"": ""in_force"", ""sindh"": ""in_force"", ""kp"": ""in_force"", ""balochistan"": ""in_force""}",,"Pakistan Code (pakistancode.gov.pk), Act No. XLV of 1860; https://pakistancode.gov.pk/pdffiles/administratord5622ea3f15bfa00b17d2cf7770a8434.pdf",2026-09-23
PPC_1860,"Pakistan Penal Code, 1860",section,206,,PPC_1860_SEC_206,Section 206,Fraudulent removal or concealment of property to prevent its seizure as forfeited or in,"{""federal"": ""in_force"", ""punjab"": ""in_force"", ""sindh"": ""in_force"", ""kp"": ""in_force"", ""balochistan"": ""in_force""}",,"Pakistan Code (pakistancode.gov.pk), Act No. XLV of 1860; https://pakistancode.gov.pk/pdffiles/administratord5622ea3f15bfa00b17d2cf7770a8434.pdf",2026-09-23
PPC_1860,"Pakistan Penal Code, 1860",section,207,,PPC_1860_SEC_207,Section 207,Fraudulent claim to property to prevent its seizure as forfeited or in execution,"{""federal"": ""in_force"", ""punjab"": ""in_force"", ""sindh"": ""in_force"", ""kp"": ""in_force"", ""balochistan"": ""in_force""}",,"Pakistan Code (pakistancode.gov.pk), Act No. XLV of 1860; https://pakistancode.gov.pk/pdffiles/administratord5622ea3f15bfa00b17d2cf7770a8434.pdf",2026-09-23
PPC_1860,"Pakistan Penal Code, 1860",section,208,,PPC_1860_SEC_208,Section 208,Fraudulently suffering decree for sum not due,"{""federal"": ""in_force"", ""punjab"": ""in_force"", ""sindh"": ""in_force"", ""kp"": ""in_force"", ""balochistan"": ""in_force""}",,"Pakistan Code (pakistancode.gov.pk), Act No. XLV of 1860; https://pakistancode.gov.pk/pdffiles/administratord5622ea3f15bfa00b17d2cf7770a8434.pdf",2026-09-23
PPC_1860,"Pakistan Penal Code, 1860",section,209,,PPC_1860_SEC_209,Section 209,Dishonestly making false claim in Court,"{""federal"": ""in_force"", ""punjab"": ""in_force"", ""sindh"": ""in_force"", ""kp"": ""in_force"", ""balochistan"": ""in_force""}",,"Pakistan Code (pakistancode.gov.pk), Act No. XLV of 1860; https://pakistancode.gov.pk/pdffiles/administratord5622ea3f15bfa00b17d2cf7770a8434.pdf",2026-09-23
PPC_1860,"Pakistan Penal Code, 1860",section,210,,PPC_1860_SEC_210,Section 210,Fraudulently obtaining decree for sum not due,"{""federal"": ""in_force"", ""punjab"": ""in_force"", ""sindh"": ""in_force"", ""kp"": ""in_force"", ""balochistan"": ""in_force""}",,"Pakistan Code (pakistancode.gov.pk), Act No. XLV of 1860; https://pakistancode.gov.pk/pdffiles/administratord5622ea3f15bfa00b17d2cf7770a8434.pdf",2026-09-23
PPC_1860,"Pakistan Penal Code, 1860",section,211,,PPC_1860_SEC_211,Section 211,False charge of offence made with intent to injure,"{""federal"": ""in_force"", ""punjab"": ""in_force"", ""sindh"": ""in_force"", ""kp"": ""in_force"", ""balochistan"": ""in_force""}",,"Pakistan Code (pakistancode.gov.pk), Act No. XLV of 1860; https://pakistancode.gov.pk/pdffiles/administratord5622ea3f15bfa00b17d2cf7770a8434.pdf",2026-09-23
PPC_1860,"Pakistan Penal Code, 1860",section,212,,PPC_1860_SEC_212,Section 212,Harbouring offender__,"{""federal"": ""in_force"", ""punjab"": ""in_force"", ""sindh"": ""in_force"", ""kp"": ""in_force"", ""balochistan"": ""in_force""}",,"Pakistan Code (pakistancode.gov.pk), Act No. XLV of 1860; https://pakistancode.gov.pk/pdffiles/administratord5622ea3f15bfa00b17d2cf7770a8434.pdf",2026-09-23
PPC_1860,"Pakistan Penal Code, 1860",section,213,,PPC_1860_SEC_213,Section 213,"Taking gift, etc., to screen an offender from punishment__","{""federal"": ""in_force"", ""punjab"": ""in_force"", ""sindh"": ""in_force"", ""kp"": ""in_force"", ""balochistan"": ""in_force""}",,"Pakistan Code (pakistancode.gov.pk), Act No. XLV of 1860; https://pakistancode.gov.pk/pdffiles/administratord5622ea3f15bfa00b17d2cf7770a8434.pdf",2026-09-23
PPC_1860,"Pakistan Penal Code, 1860",section,214,,PPC_1860_SEC_214,Section 214,Offering gift or restoration of property in consideration of screening offender__,"{""federal"": ""in_force"", ""punjab"": ""in_force"", ""sindh"": ""in_force"", ""kp"": ""in_force"", ""balochistan"": ""in_force""}",,"Pakistan Code (pakistancode.gov.pk), Act No. XLV of 1860; https://pakistancode.gov.pk/pdffiles/administratord5622ea3f15bfa00b17d2cf7770a8434.pdf",2026-09-23
PPC_1860,"Pakistan Penal Code, 1860",section,215,,PPC_1860_SEC_215,Section 215,"Taking gift to help to recover stolen property, etc","{""federal"": ""in_force"", ""punjab"": ""in_force"", ""sindh"": ""in_force"", ""kp"": ""in_force"", ""balochistan"": ""in_force""}",,"Pakistan Code (pakistancode.gov.pk), Act No. XLV of 1860; https://pakistancode.gov.pk/pdffiles/administratord5622ea3f15bfa00b17d2cf7770a8434.pdf",2026-09-23
PPC_1860,"Pakistan Penal Code, 1860",section,216,,PPC_1860_SEC_216,Section 216,Harbouring offender who has escaped from custody or whose apprehension has been ordered__,"{""federal"": ""in_force"", ""punjab"": ""in_force"", ""sindh"": ""in_force"", ""kp"": ""in_force"", ""balochistan"": ""in_force""}",,"Pakistan Code (pakistancode.gov.pk), Act No. XLV of 1860; https://pakistancode.gov.pk/pdffiles/administratord5622ea3f15bfa00b17d2cf7770a8434.pdf",2026-09-23
PPC_1860,"Pakistan Penal Code, 1860",section,216A,,PPC_1860_SEC_216A,Section 216A,Penalty for harbouring robbers or dacoits,"{""federal"": ""in_force"", ""punjab"": ""in_force"", ""sindh"": ""in_force"", ""kp"": ""in_force"", ""balochistan"": ""in_force""}",,"Pakistan Code (pakistancode.gov.pk), Act No. XLV of 1860; https://pakistancode.gov.pk/pdffiles/administratord5622ea3f15bfa00b17d2cf7770a8434.pdf",2026-09-23
PPC_1860,"Pakistan Penal Code, 1860",section,216B,,PPC_1860_SEC_216B,Section 216B,[Omitted],"{""federal"": ""omitted"", ""punjab"": ""omitted"", ""sindh"": ""omitted"", ""kp"": ""omitted"", ""balochistan"": ""omitted""}",,"Pakistan Code (pakistancode.gov.pk), Act No. XLV of 1860; https://pakistancode.gov.pk/pdffiles/administratord5622ea3f15bfa00b17d2cf7770a8434.pdf",2026-09-23
PPC_1860,"Pakistan Penal Code, 1860",section,217,,PPC_1860_SEC_217,Section 217,Public servant disobeying direction of law with intent to save person from punishment or,"{""federal"": ""in_force"", ""punjab"": ""in_force"", ""sindh"": ""in_force"", ""kp"": ""in_force"", ""balochistan"": ""in_force""}",,"Pakistan Code (pakistancode.gov.pk), Act No. XLV of 1860; https://pakistancode.gov.pk/pdffiles/administratord5622ea3f15bfa00b17d2cf7770a8434.pdf",2026-09-23
PPC_1860,"Pakistan Penal Code, 1860",section,218,,PPC_1860_SEC_218,Section 218,Public servant framing incorrect record or writing with intent to save person from punishment,"{""federal"": ""in_force"", ""punjab"": ""in_force"", ""sindh"": ""in_force"", ""kp"": ""in_force"", ""balochistan"": ""in_force""}",,"Pakistan Code (pakistancode.gov.pk), Act No. XLV of 1860; https://pakistancode.gov.pk/pdffiles/administratord5622ea3f15bfa00b17d2cf7770a8434.pdf",2026-09-23
PPC_1860,"Pakistan Penal Code, 1860",section,219,,PPC_1860_SEC_219,Section 219,"Public servant in judicial proceeding corruptly making report, etc., contrary to law","{""federal"": ""in_force"", ""punjab"": ""in_force"", ""sindh"": ""in_force"", ""kp"": ""in_force"", ""balochistan"": ""in_force""}",,"Pakistan Code (pakistancode.gov.pk), Act No. XLV of 1860; https://pakistancode.gov.pk/pdffiles/administratord5622ea3f15bfa00b17d2cf7770a8434.pdf",2026-09-23
PPC_1860,"Pakistan Penal Code, 1860",section,220,,PPC_1860_SEC_220,Section 220,Commitment for trial or confinement by person having authority who knows that he is acting,"{""federal"": ""in_force"", ""punjab"": ""in_force"", ""sindh"": ""in_force"", ""kp"": ""in_force"", ""balochistan"": ""in_force""}",,"Pakistan Code (pakistancode.gov.pk), Act No. XLV of 1860; https://pakistancode.gov.pk/pdffiles/administratord5622ea3f15bfa00b17d2cf7770a8434.pdf",2026-09-23
PPC_1860,"Pakistan Penal Code, 1860",section,221,,PPC_1860_SEC_221,Section 221,Intentional omission to apprehend on the part of public servant bound to apprehend,"{""federal"": ""in_force"", ""punjab"": ""in_force"", ""sindh"": ""in_force"", ""kp"": ""in_force"", ""balochistan"": ""in_force""}",,"Pakistan Code (pakistancode.gov.pk), Act No. XLV of 1860; https://pakistancode.gov.pk/pdffiles/administratord5622ea3f15bfa00b17d2cf7770a8434.pdf",2026-09-23
PPC_1860,"Pakistan Penal Code, 1860",section,222,,PPC_1860_SEC_222,Section 222,Intentional omission to apprehend on the part of public servant bound to apprehend person,"{""federal"": ""in_force"", ""punjab"": ""in_force"", ""sindh"": ""in_force"", ""kp"": ""in_force"", ""balochistan"": ""in_force""}",,"Pakistan Code (pakistancode.gov.pk), Act No. XLV of 1860; https://pakistancode.gov.pk/pdffiles/administratord5622ea3f15bfa00b17d2cf7770a8434.pdf",2026-09-23
PPC_1860,"Pakistan Penal Code, 1860",section,223,,PPC_1860_SEC_223,Section 223,Escape from confinement or custody negligently suffered by public servant,"{""federal"": ""in_force"", ""punjab"": ""in_force"", ""sindh"": ""in_force"", ""kp"": ""in_force"", ""balochistan"": ""in_force""}",,"Pakistan Code (pakistancode.gov.pk), Act No. XLV of 1860; https://pakistancode.gov.pk/pdffiles/administratord5622ea3f15bfa00b17d2cf7770a8434.pdf",2026-09-23
PPC_1860,"Pakistan Penal Code, 1860",section,224,,PPC_1860_SEC_224,Section 224,Resistance or obstruction by a person to his lawful apprehension,"{""federal"": ""in_force"", ""punjab"": ""in_force"", ""sindh"": ""in_force"", ""kp"": ""in_force"", ""balochistan"": ""in_force""}",,"Pakistan Code (pakistancode.gov.pk), Act No. XLV of 1860; https://pakistancode.gov.pk/pdffiles/administratord5622ea3f15bfa00b17d2cf7770a8434.pdf",2026-09-23
PPC_1860,"Pakistan Penal Code, 1860",section,225,,PPC_1860_SEC_225,Section 225,Resistance or obstruction to lawful apprehension of another person,"{""federal"": ""in_force"", ""punjab"": ""in_force"", ""sindh"": ""in_force"", ""kp"": ""in_force"", ""balochistan"": ""in_force""}",,"Pakistan Code (pakistancode.gov.pk), Act No. XLV of 1860; https://pakistancode.gov.pk/pdffiles/administratord5622ea3f15bfa00b17d2cf7770a8434.pdf",2026-09-23
PPC_1860,"Pakistan Penal Code, 1860",section,225A,,PPC_1860_SEC_225A,Section 225A,"Omission to apprehend, or sufferance of escape, on part of public servant, in cases not","{""federal"": ""in_force"", ""punjab"": ""in_force"", ""sindh"": ""in_force"", ""kp"": ""in_force"", ""balochistan"": ""in_force""}",,"Pakistan Code (pakistancode.gov.pk), Act No. XLV of 1860; https://pakistancode.gov.pk/pdffiles/administratord5622ea3f15bfa00b17d2cf7770a8434.pdf",2026-09-23
PPC_1860,"Pakistan Penal Code, 1860",section,225B,,PPC_1860_SEC_225B,Section 225B,"Resistance or obstruction to lawful apprehension, or escape or rescue in ca ses not otherwise","{""federal"": ""in_force"", ""punjab"": ""in_force"", ""sindh"": ""in_force"", ""kp"": ""in_force"", ""balochistan"": ""in_force""}",,"Pakistan Code (pakistancode.gov.pk), Act No. XLV of 1860; https://pakistancode.gov.pk/pdffiles/administratord5622ea3f15bfa00b17d2cf7770a8434.pdf",2026-09-23
PPC_1860,"Pakistan Penal Code, 1860",section,226,,PPC_1860_SEC_226,Section 226,[Omitted],"{""federal"": ""omitted"", ""punjab"": ""omitted"", ""sindh"": ""omitted"", ""kp"": ""omitted"", ""balochistan"": ""omitted""}",,"Pakistan Code (pakistancode.gov.pk), Act No. XLV of 1860; https://pakistancode.gov.pk/pdffiles/administratord5622ea3f15bfa00b17d2cf7770a8434.pdf",2026-09-23
PPC_1860,"Pakistan Penal Code, 1860",section,227,,PPC_1860_SEC_227,Section 227,Violation of condition of remission of punishment,"{""federal"": ""in_force"", ""punjab"": ""in_force"", ""sindh"": ""in_force"", ""kp"": ""in_force"", ""balochistan"": ""in_force""}",,"Pakistan Code (pakistancode.gov.pk), Act No. XLV of 1860; https://pakistancode.gov.pk/pdffiles/administratord5622ea3f15bfa00b17d2cf7770a8434.pdf",2026-09-23
PPC_1860,"Pakistan Penal Code, 1860",section,228,,PPC_1860_SEC_228,Section 228,Intentional insult or interruption to public servant sitting in judicial proceeding,"{""federal"": ""in_force"", ""punjab"": ""in_force"", ""sindh"": ""in_force"", ""kp"": ""in_force"", ""balochistan"": ""in_force""}",,"Pakistan Code (pakistancode.gov.pk), Act No. XLV of 1860; https://pakistancode.gov.pk/pdffiles/administratord5622ea3f15bfa00b17d2cf7770a8434.pdf",2026-09-23
PPC_1860,"Pakistan Penal Code, 1860",section,229,,PPC_1860_SEC_229,Section 229,Personation of a juror or assessor,"{""federal"": ""in_force"", ""punjab"": ""in_force"", ""sindh"": ""in_force"", ""kp"": ""in_force"", ""balochistan"": ""in_force""}",,"Pakistan Code (pakistancode.gov.pk), Act No. XLV of 1860; https://pakistancode.gov.pk/pdffiles/administratord5622ea3f15bfa00b17d2cf7770a8434.pdf",2026-09-23
PPC_1860,"Pakistan Penal Code, 1860",section,230,,PPC_1860_SEC_230,Section 230,"""Coin"" defined.","{""federal"": ""in_force"", ""punjab"": ""in_force"", ""sindh"": ""in_force"", ""kp"": ""in_force"", ""balochistan"": ""in_force""}",,"Pakistan Code (pakistancode.gov.pk), Act No. XLV of 1860; https://pakistancode.gov.pk/pdffiles/administratord5622ea3f15bfa00b17d2cf7770a8434.pdf",2026-09-23
PPC_1860,"Pakistan Penal Code, 1860",section,231,,PPC_1860_SEC_231,Section 231,Counterfeiting coin,"{""federal"": ""in_force"", ""punjab"": ""in_force"", ""sindh"": ""in_force"", ""kp"": ""in_force"", ""balochistan"": ""in_force""}",,"Pakistan Code (pakistancode.gov.pk), Act No. XLV of 1860; https://pakistancode.gov.pk/pdffiles/administratord5622ea3f15bfa00b17d2cf7770a8434.pdf",2026-09-23
PPC_1860,"Pakistan Penal Code, 1860",section,232,,PPC_1860_SEC_232,Section 232,Counterfeiting Pakistan coin,"{""federal"": ""in_force"", ""punjab"": ""in_force"", ""sindh"": ""in_force"", ""kp"": ""in_force"", ""balochistan"": ""in_force""}",,"Pakistan Code (pakistancode.gov.pk), Act No. XLV of 1860; https://pakistancode.gov.pk/pdffiles/administratord5622ea3f15bfa00b17d2cf7770a8434.pdf",2026-09-23
PPC_1860,"Pakistan Penal Code, 1860",section,233,,PPC_1860_SEC_233,Section 233,Making or selling instrument for counterfeiting coin,"{""federal"": ""in_force"", ""punjab"": ""in_force"", ""sindh"": ""in_force"", ""kp"": ""in_force"", ""balochistan"": ""in_force""}",,"Pakistan Code (pakistancode.gov.pk), Act No. XLV of 1860; https://pakistancode.gov.pk/pdffiles/administratord5622ea3f15bfa00b17d2cf7770a8434.pdf",2026-09-23
PPC_1860,"Pakistan Penal Code, 1860",section,234,,PPC_1860_SEC_234,Section 234,Making or selling instrument for counterfeiting Pakistan coin,"{""federal"": ""in_force"", ""punjab"": ""in_force"", ""sindh"": ""in_force"", ""kp"": ""in_force"", ""balochistan"": ""in_force""}",,"Pakistan Code (pakistancode.gov.pk), Act No. XLV of 1860; https://pakistancode.gov.pk/pdffiles/administratord5622ea3f15bfa00b17d2cf7770a8434.pdf",2026-09-23
PPC_1860,"Pakistan Penal Code, 1860",section,235,,PPC_1860_SEC_235,Section 235,Possession of instrument or material for the purpose of using the same for counterfeiting coin;,"{""federal"": ""in_force"", ""punjab"": ""in_force"", ""sindh"": ""in_force"", ""kp"": ""in_force"", ""balochistan"": ""in_force""}",,"Pakistan Code (pakistancode.gov.pk), Act No. XLV of 1860; https://pakistancode.gov.pk/pdffiles/administratord5622ea3f15bfa00b17d2cf7770a8434.pdf",2026-09-23
PPC_1860,"Pakistan Penal Code, 1860",section,236,,PPC_1860_SEC_236,Section 236,Abetting in Pakistan the counterfeiting out of Pakistan of coin,"{""federal"": ""in_force"", ""punjab"": ""in_force"", ""sindh"": ""in_force"", ""kp"": ""in_force"", ""balochistan"": ""in_force""}",,"Pakistan Code (pakistancode.gov.pk), Act No. XLV of 1860; https://pakistancode.gov.pk/pdffiles/administratord5622ea3f15bfa00b17d2cf7770a8434.pdf",2026-09-23
PPC_1860,"Pakistan Penal Code, 1860",section,237,,PPC_1860_SEC_237,Section 237,Import or export of counterfeits coin,"{""federal"": ""in_force"", ""punjab"": ""in_force"", ""sindh"": ""in_force"", ""kp"": ""in_force"", ""balochistan"": ""in_force""}",,"Pakistan Code (pakistancode.gov.pk), Act No. XLV of 1860; https://pakistancode.gov.pk/pdffiles/administratord5622ea3f15bfa00b17d2cf7770a8434.pdf",2026-09-23
PPC_1860,"Pakistan Penal Code, 1860",section,238,,PPC_1860_SEC_238,Section 238,Import or export of counterfeits of Pakistan coin,"{""federal"": ""in_force"", ""punjab"": ""in_force"", ""sindh"": ""in_force"", ""kp"": ""in_force"", ""balochistan"": ""in_force""}",,"Pakistan Code (pakistancode.gov.pk), Act No. XLV of 1860; https://pakistancode.gov.pk/pdffiles/administratord5622ea3f15bfa00b17d2cf7770a8434.pdf",2026-09-23
PPC_1860,"Pakistan Penal Code, 1860",section,239,,PPC_1860_SEC_239,Section 239,"Delivery of coin, possessed with knowledge that it is counterfeit","{""federal"": ""in_force"", ""punjab"": ""in_force"", ""sindh"": ""in_force"", ""kp"": ""in_force"", ""balochistan"": ""in_force""}",,"Pakistan Code (pakistancode.gov.pk), Act No. XLV of 1860; https://pakistancode.gov.pk/pdffiles/administratord5622ea3f15bfa00b17d2cf7770a8434.pdf",2026-09-23
PPC_1860,"Pakistan Penal Code, 1860",section,240,,PPC_1860_SEC_240,Section 240,Delivery of Pakistan coin possessed with knowledge that it is counterfeit,"{""federal"": ""in_force"", ""punjab"": ""in_force"", ""sindh"": ""in_force"", ""kp"": ""in_force"", ""balochistan"": ""in_force""}",,"Pakistan Code (pakistancode.gov.pk), Act No. XLV of 1860; https://pakistancode.gov.pk/pdffiles/administratord5622ea3f15bfa00b17d2cf7770a8434.pdf",2026-09-23
PPC_1860,"Pakistan Penal Code, 1860",section,241,,PPC_1860_SEC_241,Section 241,"Delivery of coin as genuine, which, when first possessed, the delivere r did not know to be","{""federal"": ""in_force"", ""punjab"": ""in_force"", ""sindh"": ""in_force"", ""kp"": ""in_force"", ""balochistan"": ""in_force""}",,"Pakistan Code (pakistancode.gov.pk), Act No. XLV of 1860; https://pakistancode.gov.pk/pdffiles/administratord5622ea3f15bfa00b17d2cf7770a8434.pdf",2026-09-23
PPC_1860,"Pakistan Penal Code, 1860",section,242,,PPC_1860_SEC_242,Section 242,Possession of counterfeit coin by person who knew it to be counterfeit when he became,"{""federal"": ""in_force"", ""punjab"": ""in_force"", ""sindh"": ""in_force"", ""kp"": ""in_force"", ""balochistan"": ""in_force""}",,"Pakistan Code (pakistancode.gov.pk), Act No. XLV of 1860; https://pakistancode.gov.pk/pdffiles/administratord5622ea3f15bfa00b17d2cf7770a8434.pdf",2026-09-23
PPC_1860,"Pakistan Penal Code, 1860",section,243,,PPC_1860_SEC_243,Section 243,Possession of Pakistan coin by person who knew it to be counterfeit when he became possessed,"{""federal"": ""in_force"", ""punjab"": ""in_force"", ""sindh"": ""in_force"", ""kp"": ""in_force"", ""balochistan"": ""in_force""}",,"Pakistan Code (pakistancode.gov.pk), Act No. XLV of 1860; https://pakistancode.gov.pk/pdffiles/administratord5622ea3f15bfa00b17d2cf7770a8434.pdf",2026-09-23
PPC_1860,"Pakistan Penal Code, 1860",section,244,,PPC_1860_SEC_244,Section 244,Person employed in mint causing coin to be of different weight or composition from that fixed,"{""federal"": ""in_force"", ""punjab"": ""in_force"", ""sindh"": ""in_force"", ""kp"": ""in_force"", ""balochistan"": ""in_force""}",,"Pakistan Code (pakistancode.gov.pk), Act No. XLV of 1860; https://pakistancode.gov.pk/pdffiles/administratord5622ea3f15bfa00b17d2cf7770a8434.pdf",2026-09-23
PPC_1860,"Pakistan Penal Code, 1860",section,245,,PPC_1860_SEC_245,Section 245,Unlawfully taking coining instrument from mint,"{""federal"": ""in_force"", ""punjab"": ""in_force"", ""sindh"": ""in_force"", ""kp"": ""in_force"", ""balochistan"": ""in_force""}",,"Pakistan Code (pakistancode.gov.pk), Act No. XLV of 1860; https://pakistancode.gov.pk/pdffiles/administratord5622ea3f15bfa00b17d2cf7770a8434.pdf",2026-09-23
PPC_1860,"Pakistan Penal Code, 1860",section,246,,PPC_1860_SEC_246,Section 246,Fraudulently or dishonestly diminishing weight or altering composition of coin,"{""federal"": ""in_force"", ""punjab"": ""in_force"", ""sindh"": ""in_force"", ""kp"": ""in_force"", ""balochistan"": ""in_force""}",,"Pakistan Code (pakistancode.gov.pk), Act No. XLV of 1860; https://pakistancode.gov.pk/pdffiles/administratord5622ea3f15bfa00b17d2cf7770a8434.pdf",2026-09-23
PPC_1860,"Pakistan Penal Code, 1860",section,247,,PPC_1860_SEC_247,Section 247,Fraudulently or dishonestly diminishing weight or altering composition of Pakistan coin,"{""federal"": ""in_force"", ""punjab"": ""in_force"", ""sindh"": ""in_force"", ""kp"": ""in_force"", ""balochistan"": ""in_force""}",,"Pakistan Code (pakistancode.gov.pk), Act No. XLV of 1860; https://pakistancode.gov.pk/pdffiles/administratord5622ea3f15bfa00b17d2cf7770a8434.pdf",2026-09-23
PPC_1860,"Pakistan Penal Code, 1860",section,248,,PPC_1860_SEC_248,Section 248,Altering appearance of coin with intent that it shall pass as coin of different description,"{""federal"": ""in_force"", ""punjab"": ""in_force"", ""sindh"": ""in_force"", ""kp"": ""in_force"", ""balochistan"": ""in_force""}",,"Pakistan Code (pakistancode.gov.pk), Act No. XLV of 1860; https://pakistancode.gov.pk/pdffiles/administratord5622ea3f15bfa00b17d2cf7770a8434.pdf",2026-09-23
PPC_1860,"Pakistan Penal Code, 1860",section,249,,PPC_1860_SEC_249,Section 249,Altering appearance of Pakistan coin with intent that it shall pass as coin of different description,"{""federal"": ""in_force"", ""punjab"": ""in_force"", ""sindh"": ""in_force"", ""kp"": ""in_force"", ""balochistan"": ""in_force""}",,"Pakistan Code (pakistancode.gov.pk), Act No. XLV of 1860; https://pakistancode.gov.pk/pdffiles/administratord5622ea3f15bfa00b17d2cf7770a8434.pdf",2026-09-23
PPC_1860,"Pakistan Penal Code, 1860",section,250,,PPC_1860_SEC_250,Section 250,"Delivery of coin, possessed with knowledge that it is altered","{""federal"": ""in_force"", ""punjab"": ""in_force"", ""sindh"": ""in_force"", ""kp"": ""in_force"", ""balochistan"": ""in_force""}",,"Pakistan Code (pakistancode.gov.pk), Act No. XLV of 1860; https://pakistancode.gov.pk/pdffiles/administratord5622ea3f15bfa00b17d2cf7770a8434.pdf",2026-09-23
PPC_1860,"Pakistan Penal Code, 1860",section,251,,PPC_1860_SEC_251,Section 251,Delivery of Pakistan coin possessed with knowledge that it is altered,"{""federal"": ""in_force"", ""punjab"": ""in_force"", ""sindh"": ""in_force"", ""kp"": ""in_force"", ""balochistan"": ""in_force""}",,"Pakistan Code (pakistancode.gov.pk), Act No. XLV of 1860; https://pakistancode.gov.pk/pdffiles/administratord5622ea3f15bfa00b17d2cf7770a8434.pdf",2026-09-23
PPC_1860,"Pakistan Penal Code, 1860",section,252,,PPC_1860_SEC_252,Section 252,Possession of coin by person who knew it to be altered when he became possessed thereof,"{""federal"": ""in_force"", ""punjab"": ""in_force"", ""sindh"": ""in_force"", ""kp"": ""in_force"", ""balochistan"": ""in_force""}",,"Pakistan Code (pakistancode.gov.pk), Act No. XLV of 1860; https://pakistancode.gov.pk/pdffiles/administratord5622ea3f15bfa00b17d2cf7770a8434.pdf",2026-09-23
PPC_1860,"Pakistan Penal Code, 1860",section,253,,PPC_1860_SEC_253,Section 253,Possession of Pakistan coin by person who knew it to be altered when he became possessed,"{""federal"": ""in_force"", ""punjab"": ""in_force"", ""sindh"": ""in_force"", ""kp"": ""in_force"", ""balochistan"": ""in_force""}",,"Pakistan Code (pakistancode.gov.pk), Act No. XLV of 1860; https://pakistancode.gov.pk/pdffiles/administratord5622ea3f15bfa00b17d2cf7770a8434.pdf",2026-09-23
PPC_1860,"Pakistan Penal Code, 1860",section,254,,PPC_1860_SEC_254,Section 254,"Delivery of coin as genuine which, when first possessed, the deliverer did not know to be","{""federal"": ""in_force"", ""punjab"": ""in_force"", ""sindh"": ""in_force"", ""kp"": ""in_force"", ""balochistan"": ""in_force""}",,"Pakistan Code (pakistancode.gov.pk), Act No. XLV of 1860; https://pakistancode.gov.pk/pdffiles/administratord5622ea3f15bfa00b17d2cf7770a8434.pdf",2026-09-23
PPC_1860,"Pakistan Penal Code, 1860",section,255,,PPC_1860_SEC_255,Section 255,Counterfeiting Government stamp,"{""federal"": ""in_force"", ""punjab"": ""in_force"", ""sindh"": ""in_force"", ""kp"": ""in_force"", ""balochistan"": ""in_force""}",,"Pakistan Code (pakistancode.gov.pk), Act No. XLV of 1860; https://pakistancode.gov.pk/pdffiles/administratord5622ea3f15bfa00b17d2cf7770a8434.pdf",2026-09-23
PPC_1860,"Pakistan Penal Code, 1860",section,256,,PPC_1860_SEC_256,Section 256,Having possession of instrument or material for counterfeiting Government stamp,"{""federal"": ""in_force"", ""punjab"": ""in_force"", ""sindh"": ""in_force"", ""kp"": ""in_force"", ""balochistan"": ""in_force""}",,"Pakistan Code (pakistancode.gov.pk), Act No. XLV of 1860; https://pakistancode.gov.pk/pdffiles/administratord5622ea3f15bfa00b17d2cf7770a8434.pdf",2026-09-23
PPC_1860,"Pakistan Penal Code, 1860",section,257,,PPC_1860_SEC_257,Section 257,Making or selling instrument for counterfeiting Government stamp,"{""federal"": ""in_force"", ""punjab"": ""in_force"", ""sindh"": ""in_force"", ""kp"": ""in_force"", ""balochistan"": ""in_force""}",,"Pakistan Code (pakistancode.gov.pk), Act No. XLV of 1860; https://pakistancode.gov.pk/pdffiles/administratord5622ea3f15bfa00b17d2cf7770a8434.pdf",2026-09-23
PPC_1860,"Pakistan Penal Code, 1860",section,258,,PPC_1860_SEC_258,Section 258,Sale of counterfeit Government stamp,"{""federal"": ""in_force"", ""punjab"": ""in_force"", ""sindh"": ""in_force"", ""kp"": ""in_force"", ""balochistan"": ""in_force""}",,"Pakistan Code (pakistancode.gov.pk), Act No. XLV of 1860; https://pakistancode.gov.pk/pdffiles/administratord5622ea3f15bfa00b17d2cf7770a8434.pdf",2026-09-23
PPC_1860,"Pakistan Penal Code, 1860",section,259,,PPC_1860_SEC_259,Section 259,Having possession of counterfeit Government stamp,"{""federal"": ""in_force"", ""punjab"": ""in_force"", ""sindh"": ""in_force"", ""kp"": ""in_force"", ""balochistan"": ""in_force""}",,"Pakistan Code (pakistancode.gov.pk), Act No. XLV of 1860; https://pakistancode.gov.pk/pdffiles/administratord5622ea3f15bfa00b17d2cf7770a8434.pdf",2026-09-23
PPC_1860,"Pakistan Penal Code, 1860",section,260,,PPC_1860_SEC_260,Section 260,Using as genuine a Government stamp known to be counterfeit,"{""federal"": ""in_force"", ""punjab"": ""in_force"", ""sindh"": ""in_force"", ""kp"": ""in_force"", ""balochistan"": ""in_force""}",,"Pakistan Code (pakistancode.gov.pk), Act No. XLV of 1860; https://pakistancode.gov.pk/pdffiles/administratord5622ea3f15bfa00b17d2cf7770a8434.pdf",2026-09-23
PPC_1860,"Pakistan Penal Code, 1860",section,261,,PPC_1860_SEC_261,Section 261,"Effacing writing from substance bearing Government stamp, or removing from document a","{""federal"": ""in_force"", ""punjab"": ""in_force"", ""sindh"": ""in_force"", ""kp"": ""in_force"", ""balochistan"": ""in_force""}",,"Pakistan Code (pakistancode.gov.pk), Act No. XLV of 1860; https://pakistancode.gov.pk/pdffiles/administratord5622ea3f15bfa00b17d2cf7770a8434.pdf",2026-09-23
PPC_1860,"Pakistan Penal Code, 1860",section,262,,PPC_1860_SEC_262,Section 262,Using Government stamp known to have been before used,"{""federal"": ""in_force"", ""punjab"": ""in_force"", ""sindh"": ""in_force"", ""kp"": ""in_force"", ""balochistan"": ""in_force""}",,"Pakistan Code (pakistancode.gov.pk), Act No. XLV of 1860; https://pakistancode.gov.pk/pdffiles/administratord5622ea3f15bfa00b17d2cf7770a8434.pdf",2026-09-23
PPC_1860,"Pakistan Penal Code, 1860",section,263,,PPC_1860_SEC_263,Section 263,Erasure of mark denoting that stamp has been used,"{""federal"": ""in_force"", ""punjab"": ""in_force"", ""sindh"": ""in_force"", ""kp"": ""in_force"", ""balochistan"": ""in_force""}",,"Pakistan Code (pakistancode.gov.pk), Act No. XLV of 1860; https://pakistancode.gov.pk/pdffiles/administratord5622ea3f15bfa00b17d2cf7770a8434.pdf",2026-09-23
PPC_1860,"Pakistan Penal Code, 1860",section,263A,,PPC_1860_SEC_263A,Section 263A,Prohibition of fictitious stamps,"{""federal"": ""in_force"", ""punjab"": ""in_force"", ""sindh"": ""in_force"", ""kp"": ""in_force"", ""balochistan"": ""in_force""}",,"Pakistan Code (pakistancode.gov.pk), Act No. XLV of 1860; https://pakistancode.gov.pk/pdffiles/administratord5622ea3f15bfa00b17d2cf7770a8434.pdf",2026-09-23
PPC_1860,"Pakistan Penal Code, 1860",section,264,,PPC_1860_SEC_264,Section 264,Fraudulent use of false instrument for weighing,"{""federal"": ""in_force"", ""punjab"": ""in_force"", ""sindh"": ""in_force"", ""kp"": ""in_force"", ""balochistan"": ""in_force""}",,"Pakistan Code (pakistancode.gov.pk), Act No. XLV of 1860; https://pakistancode.gov.pk/pdffiles/administratord5622ea3f15bfa00b17d2cf7770a8434.pdf",2026-09-23
PPC_1860,"Pakistan Penal Code, 1860",section,265,,PPC_1860_SEC_265,Section 265,Fraudulent use of false weight or measure,"{""federal"": ""in_force"", ""punjab"": ""in_force"", ""sindh"": ""in_force"", ""kp"": ""in_force"", ""balochistan"": ""in_force""}",,"Pakistan Code (pakistancode.gov.pk), Act No. XLV of 1860; https://pakistancode.gov.pk/pdffiles/administratord5622ea3f15bfa00b17d2cf7770a8434.pdf",2026-09-23
PPC_1860,"Pakistan Penal Code, 1860",section,266,,PPC_1860_SEC_266,Section 266,Being in possession of false weight or measure,"{""federal"": ""in_force"", ""punjab"": ""in_force"", ""sindh"": ""in_force"", ""kp"": ""in_force"", ""balochistan"": ""in_force""}",,"Pakistan Code (pakistancode.gov.pk), Act No. XLV of 1860; https://pakistancode.gov.pk/pdffiles/administratord5622ea3f15bfa00b17d2cf7770a8434.pdf",2026-09-23
PPC_1860,"Pakistan Penal Code, 1860",section,267,,PPC_1860_SEC_267,Section 267,Making or selling false weight or measure,"{""federal"": ""in_force"", ""punjab"": ""in_force"", ""sindh"": ""in_force"", ""kp"": ""in_force"", ""balochistan"": ""in_force""}",,"Pakistan Code (pakistancode.gov.pk), Act No. XLV of 1860; https://pakistancode.gov.pk/pdffiles/administratord5622ea3f15bfa00b17d2cf7770a8434.pdf",2026-09-23
PPC_1860,"Pakistan Penal Code, 1860",section,268,,PPC_1860_SEC_268,Section 268,Public nuisance,"{""federal"": ""in_force"", ""punjab"": ""in_force"", ""sindh"": ""in_force"", ""kp"": ""in_force"", ""balochistan"": ""in_force""}",,"Pakistan Code (pakistancode.gov.pk), Act No. XLV of 1860; https://pakistancode.gov.pk/pdffiles/administratord5622ea3f15bfa00b17d2cf7770a8434.pdf",2026-09-23
PPC_1860,"Pakistan Penal Code, 1860",section,269,,PPC_1860_SEC_269,Section 269,Negligent act likely to spread infection of disease dangerous to life,"{""federal"": ""in_force"", ""punjab"": ""in_force"", ""sindh"": ""in_force"", ""kp"": ""in_force"", ""balochistan"": ""in_force""}",,"Pakistan Code (pakistancode.gov.pk), Act No. XLV of 1860; https://pakistancode.gov.pk/pdffiles/administratord5622ea3f15bfa00b17d2cf7770a8434.pdf",2026-09-23
PPC_1860,"Pakistan Penal Code, 1860",section,270,,PPC_1860_SEC_270,Section 270,Malignant act likely to spread infection of disease dangerous to life,"{""federal"": ""in_force"", ""punjab"": ""in_force"", ""sindh"": ""in_force"", ""kp"": ""in_force"", ""balochistan"": ""in_force""}",,"Pakistan Code (pakistancode.gov.pk), Act No. XLV of 1860; https://pakistancode.gov.pk/pdffiles/administratord5622ea3f15bfa00b17d2cf7770a8434.pdf",2026-09-23
PPC_1860,"Pakistan Penal Code, 1860",section,271,,PPC_1860_SEC_271,Section 271,Disobedience to quarantine rule,"{""federal"": ""in_force"", ""punjab"": ""in_force"", ""sindh"": ""in_force"", ""kp"": ""in_force"", ""balochistan"": ""in_force""}",,"Pakistan Code (pakistancode.gov.pk), Act No. XLV of 1860; https://pakistancode.gov.pk/pdffiles/administratord5622ea3f15bfa00b17d2cf7770a8434.pdf",2026-09-23
PPC_1860,"Pakistan Penal Code, 1860",section,272,,PPC_1860_SEC_272,Section 272,Adulteration of food or drink intended for sale,"{""federal"": ""in_force"", ""punjab"": ""in_force"", ""sindh"": ""in_force"", ""kp"": ""in_force"", ""balochistan"": ""in_force""}",,"Pakistan Code (pakistancode.gov.pk), Act No. XLV of 1860; https://pakistancode.gov.pk/pdffiles/administratord5622ea3f15bfa00b17d2cf7770a8434.pdf",2026-09-23
PPC_1860,"Pakistan Penal Code, 1860",section,273,,PPC_1860_SEC_273,Section 273,Sale of noxious food or drink,"{""federal"": ""in_force"", ""punjab"": ""in_force"", ""sindh"": ""in_force"", ""kp"": ""in_force"", ""balochistan"": ""in_force""}",,"Pakistan Code (pakistancode.gov.pk), Act No. XLV of 1860; https://pakistancode.gov.pk/pdffiles/administratord5622ea3f15bfa00b17d2cf7770a8434.pdf",2026-09-23
PPC_1860,"Pakistan Penal Code, 1860",section,274,,PPC_1860_SEC_274,Section 274,Adulteration of drugs,"{""federal"": ""in_force"", ""punjab"": ""in_force"", ""sindh"": ""in_force"", ""kp"": ""in_force"", ""balochistan"": ""in_force""}",,"Pakistan Code (pakistancode.gov.pk), Act No. XLV of 1860; https://pakistancode.gov.pk/pdffiles/administratord5622ea3f15bfa00b17d2cf7770a8434.pdf",2026-09-23
PPC_1860,"Pakistan Penal Code, 1860",section,275,,PPC_1860_SEC_275,Section 275,Sale of adulterated drugs,"{""federal"": ""in_force"", ""punjab"": ""in_force"", ""sindh"": ""in_force"", ""kp"": ""in_force"", ""balochistan"": ""in_force""}",,"Pakistan Code (pakistancode.gov.pk), Act No. XLV of 1860; https://pakistancode.gov.pk/pdffiles/administratord5622ea3f15bfa00b17d2cf7770a8434.pdf",2026-09-23
PPC_1860,"Pakistan Penal Code, 1860",section,276,,PPC_1860_SEC_276,Section 276,Sale of drug as a different drug or preparation,"{""federal"": ""in_force"", ""punjab"": ""in_force"", ""sindh"": ""in_force"", ""kp"": ""in_force"", ""balochistan"": ""in_force""}",,"Pakistan Code (pakistancode.gov.pk), Act No. XLV of 1860; https://pakistancode.gov.pk/pdffiles/administratord5622ea3f15bfa00b17d2cf7770a8434.pdf",2026-09-23
PPC_1860,"Pakistan Penal Code, 1860",section,277,,PPC_1860_SEC_277,Section 277,Fouling water of public spring or reservoir,"{""federal"": ""in_force"", ""punjab"": ""in_force"", ""sindh"": ""in_force"", ""kp"": ""in_force"", ""balochistan"": ""in_force""}",,"Pakistan Code (pakistancode.gov.pk), Act No. XLV of 1860; https://pakistancode.gov.pk/pdffiles/administratord5622ea3f15bfa00b17d2cf7770a8434.pdf",2026-09-23
PPC_1860,"Pakistan Penal Code, 1860",section,278,,PPC_1860_SEC_278,Section 278,Making atmosphere noxious to health,"{""federal"": ""in_force"", ""punjab"": ""in_force"", ""sindh"": ""in_force"", ""kp"": ""in_force"", ""balochistan"": ""in_force""}",,"Pakistan Code (pakistancode.gov.pk), Act No. XLV of 1860; https://pakistancode.gov.pk/pdffiles/administratord5622ea3f15bfa00b17d2cf7770a8434.pdf",2026-09-23
PPC_1860,"Pakistan Penal Code, 1860",section,279,,PPC_1860_SEC_279,Section 279,Rash driving or riding on a public way,"{""federal"": ""in_force"", ""punjab"": ""in_force"", ""sindh"": ""in_force"", ""kp"": ""in_force"", ""balochistan"": ""in_force""}",,"Pakistan Code (pakistancode.gov.pk), Act No. XLV of 1860; https://pakistancode.gov.pk/pdffiles/administratord5622ea3f15bfa00b17d2cf7770a8434.pdf",2026-09-23
PPC_1860,"Pakistan Penal Code, 1860",section,280,,PPC_1860_SEC_280,Section 280,Rash navigation of vessel,"{""federal"": ""in_force"", ""punjab"": ""in_force"", ""sindh"": ""in_force"", ""kp"": ""in_force"", ""balochistan"": ""in_force""}",,"Pakistan Code (pakistancode.gov.pk), Act No. XLV of 1860; https://pakistancode.gov.pk/pdffiles/administratord5622ea3f15bfa00b17d2cf7770a8434.pdf",2026-09-23
PPC_1860,"Pakistan Penal Code, 1860",section,281,,PPC_1860_SEC_281,Section 281,"Exhibition of false light, mark or buoy","{""federal"": ""in_force"", ""punjab"": ""in_force"", ""sindh"": ""in_force"", ""kp"": ""in_force"", ""balochistan"": ""in_force""}",,"Pakistan Code (pakistancode.gov.pk), Act No. XLV of 1860; https://pakistancode.gov.pk/pdffiles/administratord5622ea3f15bfa00b17d2cf7770a8434.pdf",2026-09-23
PPC_1860,"Pakistan Penal Code, 1860",section,282,,PPC_1860_SEC_282,Section 282,Conveying person by water for hire in unsafe or overloaded vessel,"{""federal"": ""in_force"", ""punjab"": ""in_force"", ""sindh"": ""in_force"", ""kp"": ""in_force"", ""balochistan"": ""in_force""}",,"Pakistan Code (pakistancode.gov.pk), Act No. XLV of 1860; https://pakistancode.gov.pk/pdffiles/administratord5622ea3f15bfa00b17d2cf7770a8434.pdf",2026-09-23
PPC_1860,"Pakistan Penal Code, 1860",section,283,,PPC_1860_SEC_283,Section 283,Danger or obstruction in public way or line of navigation,"{""federal"": ""in_force"", ""punjab"": ""in_force"", ""sindh"": ""in_force"", ""kp"": ""in_force"", ""balochistan"": ""in_force""}",,"Pakistan Code (pakistancode.gov.pk), Act No. XLV of 1860; https://pakistancode.gov.pk/pdffiles/administratord5622ea3f15bfa00b17d2cf7770a8434.pdf",2026-09-23
PPC_1860,"Pakistan Penal Code, 1860",section,284,,PPC_1860_SEC_284,Section 284,Negligent conduct with respect to poisonous substance,"{""federal"": ""in_force"", ""punjab"": ""in_force"", ""sindh"": ""in_force"", ""kp"": ""in_force"", ""balochistan"": ""in_force""}",,"Pakistan Code (pakistancode.gov.pk), Act No. XLV of 1860; https://pakistancode.gov.pk/pdffiles/administratord5622ea3f15bfa00b17d2cf7770a8434.pdf",2026-09-23
PPC_1860,"Pakistan Penal Code, 1860",section,285,,PPC_1860_SEC_285,Section 285,Negligent conduct with respect to fire or combustible matter,"{""federal"": ""in_force"", ""punjab"": ""in_force"", ""sindh"": ""in_force"", ""kp"": ""in_force"", ""balochistan"": ""in_force""}",,"Pakistan Code (pakistancode.gov.pk), Act No. XLV of 1860; https://pakistancode.gov.pk/pdffiles/administratord5622ea3f15bfa00b17d2cf7770a8434.pdf",2026-09-23
PPC_1860,"Pakistan Penal Code, 1860",section,286,,PPC_1860_SEC_286,Section 286,Negligent conduct with respect to explosive substance,"{""federal"": ""in_force"", ""punjab"": ""in_force"", ""sindh"": ""in_force"", ""kp"": ""in_force"", ""balochistan"": ""in_force""}",,"Pakistan Code (pakistancode.gov.pk), Act No. XLV of 1860; https://pakistancode.gov.pk/pdffiles/administratord5622ea3f15bfa00b17d2cf7770a8434.pdf",2026-09-23
PPC_1860,"Pakistan Penal Code, 1860",section,287,,PPC_1860_SEC_287,Section 287,Negligent conduct with respect to machinery,"{""federal"": ""in_force"", ""punjab"": ""in_force"", ""sindh"": ""in_force"", ""kp"": ""in_force"", ""balochistan"": ""in_force""}",,"Pakistan Code (pakistancode.gov.pk), Act No. XLV of 1860; https://pakistancode.gov.pk/pdffiles/administratord5622ea3f15bfa00b17d2cf7770a8434.pdf",2026-09-23
PPC_1860,"Pakistan Penal Code, 1860",section,288,,PPC_1860_SEC_288,Section 288,Negligent conduct with respect to pulling down or repairing buildings,"{""federal"": ""in_force"", ""punjab"": ""in_force"", ""sindh"": ""in_force"", ""kp"": ""in_force"", ""balochistan"": ""in_force""}",,"Pakistan Code (pakistancode.gov.pk), Act No. XLV of 1860; https://pakistancode.gov.pk/pdffiles/administratord5622ea3f15bfa00b17d2cf7770a8434.pdf",2026-09-23
PPC_1860,"Pakistan Penal Code, 1860",section,289,,PPC_1860_SEC_289,Section 289,Negligent conduct with respect to animal,"{""federal"": ""in_force"", ""punjab"": ""in_force"", ""sindh"": ""in_force"", ""kp"": ""in_force"", ""balochistan"": ""in_force""}",,"Pakistan Code (pakistancode.gov.pk), Act No. XLV of 1860; https://pakistancode.gov.pk/pdffiles/administratord5622ea3f15bfa00b17d2cf7770a8434.pdf",2026-09-23
PPC_1860,"Pakistan Penal Code, 1860",section,290,,PPC_1860_SEC_290,Section 290,Punishment for public nuisance in cases not otherwise provided for,"{""federal"": ""in_force"", ""punjab"": ""in_force"", ""sindh"": ""in_force"", ""kp"": ""in_force"", ""balochistan"": ""in_force""}",,"Pakistan Code (pakistancode.gov.pk), Act No. XLV of 1860; https://pakistancode.gov.pk/pdffiles/administratord5622ea3f15bfa00b17d2cf7770a8434.pdf",2026-09-23
PPC_1860,"Pakistan Penal Code, 1860",section,291,,PPC_1860_SEC_291,Section 291,Continuance of nuisance after injunction to discontinue,"{""federal"": ""in_force"", ""punjab"": ""in_force"", ""sindh"": ""in_force"", ""kp"": ""in_force"", ""balochistan"": ""in_force""}",,"Pakistan Code (pakistancode.gov.pk), Act No. XLV of 1860; https://pakistancode.gov.pk/pdffiles/administratord5622ea3f15bfa00b17d2cf7770a8434.pdf",2026-09-23
PPC_1860,"Pakistan Penal Code, 1860",section,292,,PPC_1860_SEC_292,Section 292,"Sale, etc., of obscene books, etc","{""federal"": ""in_force"", ""punjab"": ""in_force"", ""sindh"": ""in_force"", ""kp"": ""in_force"", ""balochistan"": ""in_force""}",,"Pakistan Code (pakistancode.gov.pk), Act No. XLV of 1860; https://pakistancode.gov.pk/pdffiles/administratord5622ea3f15bfa00b17d2cf7770a8434.pdf",2026-09-23
PPC_1860,"Pakistan Penal Code, 1860",section,292A,,PPC_1860_SEC_292A,Section 292A,Exposure to seduction [omitted],"{""federal"": ""omitted"", ""punjab"": ""omitted"", ""sindh"": ""omitted"", ""kp"": ""omitted"", ""balochistan"": ""omitted""}",,"Pakistan Code (pakistancode.gov.pk), Act No. XLV of 1860; https://pakistancode.gov.pk/pdffiles/administratord5622ea3f15bfa00b17d2cf7770a8434.pdf",2026-09-23
PPC_1860,"Pakistan Penal Code, 1860",section,292B,,PPC_1860_SEC_292B,Section 292B,Child pornography [omitted],"{""federal"": ""omitted"", ""punjab"": ""omitted"", ""sindh"": ""omitted"", ""kp"": ""omitted"", ""balochistan"": ""omitted""}",,"Pakistan Code (pakistancode.gov.pk), Act No. XLV of 1860; https://pakistancode.gov.pk/pdffiles/administratord5622ea3f15bfa00b17d2cf7770a8434.pdf",2026-09-23
PPC_1860,"Pakistan Penal Code, 1860",section,292C,,PPC_1860_SEC_292C,Section 292C,Punishment for child pornography,"{""federal"": ""in_force"", ""punjab"": ""in_force"", ""sindh"": ""in_force"", ""kp"": ""in_force"", ""balochistan"": ""in_force""}",,"Pakistan Code (pakistancode.gov.pk), Act No. XLV of 1860; https://pakistancode.gov.pk/pdffiles/administratord5622ea3f15bfa00b17d2cf7770a8434.pdf",2026-09-23
PPC_1860,"Pakistan Penal Code, 1860",section,293,,PPC_1860_SEC_293,Section 293,"Sale, etc., of obscene objects to young person","{""federal"": ""in_force"", ""punjab"": ""in_force"", ""sindh"": ""in_force"", ""kp"": ""in_force"", ""balochistan"": ""in_force""}",,"Pakistan Code (pakistancode.gov.pk), Act No. XLV of 1860; https://pakistancode.gov.pk/pdffiles/administratord5622ea3f15bfa00b17d2cf7770a8434.pdf",2026-09-23
PPC_1860,"Pakistan Penal Code, 1860",section,294,,PPC_1860_SEC_294,Section 294,Obscene acts and songs,"{""federal"": ""in_force"", ""punjab"": ""in_force"", ""sindh"": ""in_force"", ""kp"": ""in_force"", ""balochistan"": ""in_force""}",,"Pakistan Code (pakistancode.gov.pk), Act No. XLV of 1860; https://pakistancode.gov.pk/pdffiles/administratord5622ea3f15bfa00b17d2cf7770a8434.pdf",2026-09-23
PPC_1860,"Pakistan Penal Code, 1860",section,294A,,PPC_1860_SEC_294A,Section 294A,Keeping lottery office,"{""federal"": ""in_force"", ""punjab"": ""in_force"", ""sindh"": ""in_force"", ""kp"": ""in_force"", ""balochistan"": ""in_force""}",,"Pakistan Code (pakistancode.gov.pk), Act No. XLV of 1860; https://pakistancode.gov.pk/pdffiles/administratord5622ea3f15bfa00b17d2cf7770a8434.pdf",2026-09-23
PPC_1860,"Pakistan Penal Code, 1860",section,294B,,PPC_1860_SEC_294B,Section 294B,"Offering of prize in connection with trade, etc","{""federal"": ""in_force"", ""punjab"": ""in_force"", ""sindh"": ""in_force"", ""kp"": ""in_force"", ""balochistan"": ""in_force""}",,"Pakistan Code (pakistancode.gov.pk), Act No. XLV of 1860; https://pakistancode.gov.pk/pdffiles/administratord5622ea3f15bfa00b17d2cf7770a8434.pdf",2026-09-23
PPC_1860,"Pakistan Penal Code, 1860",section,295,,PPC_1860_SEC_295,Section 295,"Injuring or defiling place of worship, with intent to insult the religion of any class","{""federal"": ""in_force"", ""punjab"": ""in_force"", ""sindh"": ""in_force"", ""kp"": ""in_force"", ""balochistan"": ""in_force""}",,"Pakistan Code (pakistancode.gov.pk), Act No. XLV of 1860; https://pakistancode.gov.pk/pdffiles/administratord5622ea3f15bfa00b17d2cf7770a8434.pdf",2026-09-23
PPC_1860,"Pakistan Penal Code, 1860",section,295A,,PPC_1860_SEC_295A,Section 295A,Deliberate and malicious acts intended to outrage religious feelings of any class by insulting,"{""federal"": ""in_force"", ""punjab"": ""in_force"", ""sindh"": ""in_force"", ""kp"": ""in_force"", ""balochistan"": ""in_force""}",,"Pakistan Code (pakistancode.gov.pk), Act No. XLV of 1860; https://pakistancode.gov.pk/pdffiles/administratord5622ea3f15bfa00b17d2cf7770a8434.pdf",2026-09-23
PPC_1860,"Pakistan Penal Code, 1860",section,295B,,PPC_1860_SEC_295B,Section 295B,"Defiling, etc., of copy of Holy Quran","{""federal"": ""in_force"", ""punjab"": ""in_force"", ""sindh"": ""in_force"", ""kp"": ""in_force"", ""balochistan"": ""in_force""}",,"Pakistan Code (pakistancode.gov.pk), Act No. XLV of 1860; https://pakistancode.gov.pk/pdffiles/administratord5622ea3f15bfa00b17d2cf7770a8434.pdf",2026-09-23
PPC_1860,"Pakistan Penal Code, 1860",section,295C,,PPC_1860_SEC_295C,Section 295C,"Use of derogatory remarks, etc., in respect of the Holy Prophet","{""federal"": ""in_force"", ""punjab"": ""in_force"", ""sindh"": ""in_force"", ""kp"": ""in_force"", ""balochistan"": ""in_force""}",,"Pakistan Code (pakistancode.gov.pk), Act No. XLV of 1860; https://pakistancode.gov.pk/pdffiles/administratord5622ea3f15bfa00b17d2cf7770a8434.pdf",2026-09-23
PPC_1860,"Pakistan Penal Code, 1860",section,296,,PPC_1860_SEC_296,Section 296,Disturbing religious assembly,"{""federal"": ""in_force"", ""punjab"": ""in_force"", ""sindh"": ""in_force"", ""kp"": ""in_force"", ""balochistan"": ""in_force""}",,"Pakistan Code (pakistancode.gov.pk), Act No. XLV of 1860; https://pakistancode.gov.pk/pdffiles/administratord5622ea3f15bfa00b17d2cf7770a8434.pdf",2026-09-23
PPC_1860,"Pakistan Penal Code, 1860",section,297,,PPC_1860_SEC_297,Section 297,"Trespassing on burial places, etc","{""federal"": ""in_force"", ""punjab"": ""in_force"", ""sindh"": ""in_force"", ""kp"": ""in_force"", ""balochistan"": ""in_force""}",,"Pakistan Code (pakistancode.gov.pk), Act No. XLV of 1860; https://pakistancode.gov.pk/pdffiles/administratord5622ea3f15bfa00b17d2cf7770a8434.pdf",2026-09-23
PPC_1860,"Pakistan Penal Code, 1860",section,298,,PPC_1860_SEC_298,Section 298,"Uttering words, etc. with deliberate intent to wound religious feelings","{""federal"": ""in_force"", ""punjab"": ""in_force"", ""sindh"": ""in_force"", ""kp"": ""in_force"", ""balochistan"": ""in_force""}",,"Pakistan Code (pakistancode.gov.pk), Act No. XLV of 1860; https://pakistancode.gov.pk/pdffiles/administratord5622ea3f15bfa00b17d2cf7770a8434.pdf",2026-09-23
PPC_1860,"Pakistan Penal Code, 1860",section,298A,,PPC_1860_SEC_298A,Section 298A,"Use of derogatory remarks, etc., in respect of holy personages","{""federal"": ""in_force"", ""punjab"": ""in_force"", ""sindh"": ""in_force"", ""kp"": ""in_force"", ""balochistan"": ""in_force""}",,"Pakistan Code (pakistancode.gov.pk), Act No. XLV of 1860; https://pakistancode.gov.pk/pdffiles/administratord5622ea3f15bfa00b17d2cf7770a8434.pdf",2026-09-23
PPC_1860,"Pakistan Penal Code, 1860",section,298B,,PPC_1860_SEC_298B,Section 298B,"Misuse of epithets, descriptions and titles, etc., reserved for certain holy personages or places","{""federal"": ""in_force"", ""punjab"": ""in_force"", ""sindh"": ""in_force"", ""kp"": ""in_force"", ""balochistan"": ""in_force""}",,"Pakistan Code (pakistancode.gov.pk), Act No. XLV of 1860; https://pakistancode.gov.pk/pdffiles/administratord5622ea3f15bfa00b17d2cf7770a8434.pdf",2026-09-23
PPC_1860,"Pakistan Penal Code, 1860",section,298C,,PPC_1860_SEC_298C,Section 298C,"Person of Quadiani group, etc., calling himself a Muslim or preaching or propagating his faith","{""federal"": ""in_force"", ""punjab"": ""in_force"", ""sindh"": ""in_force"", ""kp"": ""in_force"", ""balochistan"": ""in_force""}",,"Pakistan Code (pakistancode.gov.pk), Act No. XLV of 1860; https://pakistancode.gov.pk/pdffiles/administratord5622ea3f15bfa00b17d2cf7770a8434.pdf",2026-09-23
PPC_1860,"Pakistan Penal Code, 1860",section,299,,PPC_1860_SEC_299,Section 299,Definitions,"{""federal"": ""in_force"", ""punjab"": ""in_force"", ""sindh"": ""in_force"", ""kp"": ""in_force"", ""balochistan"": ""in_force""}",,"Pakistan Code (pakistancode.gov.pk), Act No. XLV of 1860; https://pakistancode.gov.pk/pdffiles/administratord5622ea3f15bfa00b17d2cf7770a8434.pdf",2026-09-23
PPC_1860,"Pakistan Penal Code, 1860",section,300,,PPC_1860_SEC_300,Section 300,Qatl­i­amd,"{""federal"": ""in_force"", ""punjab"": ""in_force"", ""sindh"": ""in_force"", ""kp"": ""in_force"", ""balochistan"": ""in_force""}",,"Pakistan Code (pakistancode.gov.pk), Act No. XLV of 1860; https://pakistancode.gov.pk/pdffiles/administratord5622ea3f15bfa00b17d2cf7770a8434.pdf",2026-09-23
PPC_1860,"Pakistan Penal Code, 1860",section,301,,PPC_1860_SEC_301,Section 301,Causing death of person other than the person whose death was intended,"{""federal"": ""in_force"", ""punjab"": ""in_force"", ""sindh"": ""in_force"", ""kp"": ""in_force"", ""balochistan"": ""in_force""}",,"Pakistan Code (pakistancode.gov.pk), Act No. XLV of 1860; https://pakistancode.gov.pk/pdffiles/administratord5622ea3f15bfa00b17d2cf7770a8434.pdf",2026-09-23
PPC_1860,"Pakistan Penal Code, 1860",section,302,,PPC_1860_SEC_302,Section 302,Punishment of qatl­i­amd,"{""federal"": ""in_force"", ""punjab"": ""in_force"", ""sindh"": ""in_force"", ""kp"": ""in_force"", ""balochistan"": ""in_force""}",,"Pakistan Code (pakistancode.gov.pk), Act No. XLV of 1860; https://pakistancode.gov.pk/pdffiles/administratord5622ea3f15bfa00b17d2cf7770a8434.pdf",2026-09-23
PPC_1860,"Pakistan Penal Code, 1860",section,303,,PPC_1860_SEC_303,Section 303,Qatl committed under ikrah­i­tam or ikrah­i­naqis,"{""federal"": ""in_force"", ""punjab"": ""in_force"", ""sindh"": ""in_force"", ""kp"": ""in_force"", ""balochistan"": ""in_force""}",,"Pakistan Code (pakistancode.gov.pk), Act No. XLV of 1860; https://pakistancode.gov.pk/pdffiles/administratord5622ea3f15bfa00b17d2cf7770a8434.pdf",2026-09-23
PPC_1860,"Pakistan Penal Code, 1860",section,304,,PPC_1860_SEC_304,Section 304,"Proof of qatl­i­amd liable to qisas, etc","{""federal"": ""in_force"", ""punjab"": ""in_force"", ""sindh"": ""in_force"", ""kp"": ""in_force"", ""balochistan"": ""in_force""}",,"Pakistan Code (pakistancode.gov.pk), Act No. XLV of 1860; https://pakistancode.gov.pk/pdffiles/administratord5622ea3f15bfa00b17d2cf7770a8434.pdf",2026-09-23
PPC_1860,"Pakistan Penal Code, 1860",section,305,,PPC_1860_SEC_305,Section 305,Wali,"{""federal"": ""in_force"", ""punjab"": ""in_force"", ""sindh"": ""in_force"", ""kp"": ""in_force"", ""balochistan"": ""in_force""}",,"Pakistan Code (pakistancode.gov.pk), Act No. XLV of 1860; https://pakistancode.gov.pk/pdffiles/administratord5622ea3f15bfa00b17d2cf7770a8434.pdf",2026-09-23
PPC_1860,"Pakistan Penal Code, 1860",section,306,,PPC_1860_SEC_306,Section 306,Qatl­i­amd not liable to qisas,"{""federal"": ""in_force"", ""punjab"": ""in_force"", ""sindh"": ""in_force"", ""kp"": ""in_force"", ""balochistan"": ""in_force""}",,"Pakistan Code (pakistancode.gov.pk), Act No. XLV of 1860; https://pakistancode.gov.pk/pdffiles/administratord5622ea3f15bfa00b17d2cf7770a8434.pdf",2026-09-23
PPC_1860,"Pakistan Penal Code, 1860",section,307,,PPC_1860_SEC_307,Section 307,Cases in which qisas for qatl­i­amd shall not be enforced,"{""federal"": ""in_force"", ""punjab"": ""in_force"", ""sindh"": ""in_force"", ""kp"": ""in_force"", ""balochistan"": ""in_force""}",,"Pakistan Code (pakistancode.gov.pk), Act No. XLV of 1860; https://pakistancode.gov.pk/pdffiles/administratord5622ea3f15bfa00b17d2cf7770a8434.pdf",2026-09-23
PPC_1860,"Pakistan Penal Code, 1860",section,308,,PPC_1860_SEC_308,Section 308,"Punishment in qatl­i­amd not liable to qisas, etc","{""federal"": ""in_force"", ""punjab"": ""in_force"", ""sindh"": ""in_force"", ""kp"": ""in_force"", ""balochistan"": ""in_force""}",,"Pakistan Code (pakistancode.gov.pk), Act No. XLV of 1860; https://pakistancode.gov.pk/pdffiles/administratord5622ea3f15bfa00b17d2cf7770a8434.pdf",2026-09-23
PPC_1860,"Pakistan Penal Code, 1860",section,309,,PPC_1860_SEC_309,Section 309,Waiver (Afw) (عفو) of qisas in qatl­i­amd,"{""federal"": ""in_force"", ""punjab"": ""in_force"", ""sindh"": ""in_force"", ""kp"": ""in_force"", ""balochistan"": ""in_force""}",,"Pakistan Code (pakistancode.gov.pk), Act No. XLV of 1860; https://pakistancode.gov.pk/pdffiles/administratord5622ea3f15bfa00b17d2cf7770a8434.pdf",2026-09-23
PPC_1860,"Pakistan Penal Code, 1860",section,310,,PPC_1860_SEC_310,Section 310,Compounding of qisas (Sulh) (صلح )in qatl­i­amd,"{""federal"": ""in_force"", ""punjab"": ""in_force"", ""sindh"": ""in_force"", ""kp"": ""in_force"", ""balochistan"": ""in_force""}",,"Pakistan Code (pakistancode.gov.pk), Act No. XLV of 1860; https://pakistancode.gov.pk/pdffiles/administratord5622ea3f15bfa00b17d2cf7770a8434.pdf",2026-09-23
PPC_1860,"Pakistan Penal Code, 1860",section,310A,,PPC_1860_SEC_310A,Section 310A,"Punishment for giving a female in marriage or otherwise in badla­e­sulh, wanni or swara","{""federal"": ""in_force"", ""punjab"": ""in_force"", ""sindh"": ""in_force"", ""kp"": ""in_force"", ""balochistan"": ""in_force""}",,"Pakistan Code (pakistancode.gov.pk), Act No. XLV of 1860; https://pakistancode.gov.pk/pdffiles/administratord5622ea3f15bfa00b17d2cf7770a8434.pdf",2026-09-23
PPC_1860,"Pakistan Penal Code, 1860",section,311,,PPC_1860_SEC_311,Section 311,Ta'zir after waiver or compounding of right of qisas in qatl­i­amd,"{""federal"": ""in_force"", ""punjab"": ""in_force"", ""sindh"": ""in_force"", ""kp"": ""in_force"", ""balochistan"": ""in_force""}",,"Pakistan Code (pakistancode.gov.pk), Act No. XLV of 1860; https://pakistancode.gov.pk/pdffiles/administratord5622ea3f15bfa00b17d2cf7770a8434.pdf",2026-09-23
PPC_1860,"Pakistan Penal Code, 1860",section,312,,PPC_1860_SEC_312,Section 312,Qatl­i­'amd after waiver or compounding of qisas,"{""federal"": ""in_force"", ""punjab"": ""in_force"", ""sindh"": ""in_force"", ""kp"": ""in_force"", ""balochistan"": ""in_force""}",,"Pakistan Code (pakistancode.gov.pk), Act No. XLV of 1860; https://pakistancode.gov.pk/pdffiles/administratord5622ea3f15bfa00b17d2cf7770a8434.pdf",2026-09-23
PPC_1860,"Pakistan Penal Code, 1860",section,313,,PPC_1860_SEC_313,Section 313,Right of qisas in qatl­i­amd,"{""federal"": ""in_force"", ""punjab"": ""in_force"", ""sindh"": ""in_force"", ""kp"": ""in_force"", ""balochistan"": ""in_force""}",,"Pakistan Code (pakistancode.gov.pk), Act No. XLV of 1860; https://pakistancode.gov.pk/pdffiles/administratord5622ea3f15bfa00b17d2cf7770a8434.pdf",2026-09-23
PPC_1860,"Pakistan Penal Code, 1860",section,314,,PPC_1860_SEC_314,Section 314,Execution of qisas in qatl­i­amd,"{""federal"": ""in_force"", ""punjab"": ""in_force"", ""sindh"": ""in_force"", ""kp"": ""in_force"", ""balochistan"": ""in_force""}",,"Pakistan Code (pakistancode.gov.pk), Act No. XLV of 1860; https://pakistancode.gov.pk/pdffiles/administratord5622ea3f15bfa00b17d2cf7770a8434.pdf",2026-09-23
PPC_1860,"Pakistan Penal Code, 1860",section,315,,PPC_1860_SEC_315,Section 315,Qatl shibh­i­'amd,"{""federal"": ""in_force"", ""punjab"": ""in_force"", ""sindh"": ""in_force"", ""kp"": ""in_force"", ""balochistan"": ""in_force""}",,"Pakistan Code (pakistancode.gov.pk), Act No. XLV of 1860; https://pakistancode.gov.pk/pdffiles/administratord5622ea3f15bfa00b17d2cf7770a8434.pdf",2026-09-23
PPC_1860,"Pakistan Penal Code, 1860",section,316,,PPC_1860_SEC_316,Section 316,Punishment for qatl shibh­i­amd,"{""federal"": ""in_force"", ""punjab"": ""in_force"", ""sindh"": ""in_force"", ""kp"": ""in_force"", ""balochistan"": ""in_force""}",,"Pakistan Code (pakistancode.gov.pk), Act No. XLV of 1860; https://pakistancode.gov.pk/pdffiles/administratord5622ea3f15bfa00b17d2cf7770a8434.pdf",2026-09-23
PPC_1860,"Pakistan Penal Code, 1860",section,317,,PPC_1860_SEC_317,Section 317,Person committing qatl debarred from succession,"{""federal"": ""in_force"", ""punjab"": ""in_force"", ""sindh"": ""in_force"", ""kp"": ""in_force"", ""balochistan"": ""in_force""}",,"Pakistan Code (pakistancode.gov.pk), Act No. XLV of 1860; https://pakistancode.gov.pk/pdffiles/administratord5622ea3f15bfa00b17d2cf7770a8434.pdf",2026-09-23
PPC_1860,"Pakistan Penal Code, 1860",section,318,,PPC_1860_SEC_318,Section 318,Qatl­i­khata,"{""federal"": ""in_force"", ""punjab"": ""in_force"", ""sindh"": ""in_force"", ""kp"": ""in_force"", ""balochistan"": ""in_force""}",,"Pakistan Code (pakistancode.gov.pk), Act No. XLV of 1860; https://pakistancode.gov.pk/pdffiles/administratord5622ea3f15bfa00b17d2cf7770a8434.pdf",2026-09-23
PPC_1860,"Pakistan Penal Code, 1860",section,319,,PPC_1860_SEC_319,Section 319,Punishment for qatl­i­khata,"{""federal"": ""in_force"", ""punjab"": ""in_force"", ""sindh"": ""in_force"", ""kp"": ""in_force"", ""balochistan"": ""in_force""}",,"Pakistan Code (pakistancode.gov.pk), Act No. XLV of 1860; https://pakistancode.gov.pk/pdffiles/administratord5622ea3f15bfa00b17d2cf7770a8434.pdf",2026-09-23
PPC_1860,"Pakistan Penal Code, 1860",section,320,,PPC_1860_SEC_320,Section 320,Punishment for qatl­i­khata by rash or negligent driving,"{""federal"": ""in_force"", ""punjab"": ""in_force"", ""sindh"": ""in_force"", ""kp"": ""in_force"", ""balochistan"": ""in_force""}",,"Pakistan Code (pakistancode.gov.pk), Act No. XLV of 1860; https://pakistancode.gov.pk/pdffiles/administratord5622ea3f15bfa00b17d2cf7770a8434.pdf",2026-09-23
PPC_1860,"Pakistan Penal Code, 1860",section,321,,PPC_1860_SEC_321,Section 321,Qatl­bis­sabab,"{""federal"": ""in_force"", ""punjab"": ""in_force"", ""sindh"": ""in_force"", ""kp"": ""in_force"", ""balochistan"": ""in_force""}",,"Pakistan Code (pakistancode.gov.pk), Act No. XLV of 1860; https://pakistancode.gov.pk/pdffiles/administratord5622ea3f15bfa00b17d2cf7770a8434.pdf",2026-09-23
PPC_1860,"Pakistan Penal Code, 1860",section,322,,PPC_1860_SEC_322,Section 322,Punishment for qatl­bis­sabab,"{""federal"": ""in_force"", ""punjab"": ""in_force"", ""sindh"": ""in_force"", ""kp"": ""in_force"", ""balochistan"": ""in_force""}",,"Pakistan Code (pakistancode.gov.pk), Act No. XLV of 1860; https://pakistancode.gov.pk/pdffiles/administratord5622ea3f15bfa00b17d2cf7770a8434.pdf",2026-09-23
PPC_1860,"Pakistan Penal Code, 1860",section,323,,PPC_1860_SEC_323,Section 323,Value of diyat,"{""federal"": ""in_force"", ""punjab"": ""in_force"", ""sindh"": ""in_force"", ""kp"": ""in_force"", ""balochistan"": ""in_force""}",,"Pakistan Code (pakistancode.gov.pk), Act No. XLV of 1860; https://pakistancode.gov.pk/pdffiles/administratord5622ea3f15bfa00b17d2cf7770a8434.pdf",2026-09-23
PPC_1860,"Pakistan Penal Code, 1860",section,324,,PPC_1860_SEC_324,Section 324,Attempt to commit qatl­i­amd,"{""federal"": ""in_force"", ""punjab"": ""in_force"", ""sindh"": ""in_force"", ""kp"": ""in_force"", ""balochistan"": ""in_force""}",,"Pakistan Code (pakistancode.gov.pk), Act No. XLV of 1860; https://pakistancode.gov.pk/pdffiles/administratord5622ea3f15bfa00b17d2cf7770a8434.pdf",2026-09-23
PPC_1860,"Pakistan Penal Code, 1860",section,325,,PPC_1860_SEC_325,Section 325,Attempt to commit suicide [omitted],"{""federal"": ""omitted"", ""punjab"": ""omitted"", ""sindh"": ""omitted"", ""kp"": ""omitted"", ""balochistan"": ""omitted""}",,"Pakistan Code (pakistancode.gov.pk), Act No. XLV of 1860; https://pakistancode.gov.pk/pdffiles/administratord5622ea3f15bfa00b17d2cf7770a8434.pdf",2026-09-23
PPC_1860,"Pakistan Penal Code, 1860",section,326,,PPC_1860_SEC_326,Section 326,Thug,"{""federal"": ""in_force"", ""punjab"": ""in_force"", ""sindh"": ""in_force"", ""kp"": ""in_force"", ""balochistan"": ""in_force""}",,"Pakistan Code (pakistancode.gov.pk), Act No. XLV of 1860; https://pakistancode.gov.pk/pdffiles/administratord5622ea3f15bfa00b17d2cf7770a8434.pdf",2026-09-23
PPC_1860,"Pakistan Penal Code, 1860",section,327,,PPC_1860_SEC_327,Section 327,Punishment,"{""federal"": ""in_force"", ""punjab"": ""in_force"", ""sindh"": ""in_force"", ""kp"": ""in_force"", ""balochistan"": ""in_force""}",,"Pakistan Code (pakistancode.gov.pk), Act No. XLV of 1860; https://pakistancode.gov.pk/pdffiles/administratord5622ea3f15bfa00b17d2cf7770a8434.pdf",2026-09-23
PPC_1860,"Pakistan Penal Code, 1860",section,328,,PPC_1860_SEC_328,Section 328,Exposure and abandonment of child under twelve years by parent or person having care of it,"{""federal"": ""in_force"", ""punjab"": ""in_force"", ""sindh"": ""in_force"", ""kp"": ""in_force"", ""balochistan"": ""in_force""}",,"Pakistan Code (pakistancode.gov.pk), Act No. XLV of 1860; https://pakistancode.gov.pk/pdffiles/administratord5622ea3f15bfa00b17d2cf7770a8434.pdf",2026-09-23
PPC_1860,"Pakistan Penal Code, 1860",section,328A,,PPC_1860_SEC_328A,Section 328A,Cruelty to a child,"{""federal"": ""in_force"", ""punjab"": ""in_force"", ""sindh"": ""in_force"", ""kp"": ""in_force"", ""balochistan"": ""in_force""}",,"Pakistan Code (pakistancode.gov.pk), Act No. XLV of 1860; https://pakistancode.gov.pk/pdffiles/administratord5622ea3f15bfa00b17d2cf7770a8434.pdf",2026-09-23
PPC_1860,"Pakistan Penal Code, 1860",section,329,,PPC_1860_SEC_329,Section 329,Concealment of birth by secret disposal of dead body,"{""federal"": ""in_force"", ""punjab"": ""in_force"", ""sindh"": ""in_force"", ""kp"": ""in_force"", ""balochistan"": ""in_force""}",,"Pakistan Code (pakistancode.gov.pk), Act No. XLV of 1860; https://pakistancode.gov.pk/pdffiles/administratord5622ea3f15bfa00b17d2cf7770a8434.pdf",2026-09-23
PPC_1860,"Pakistan Penal Code, 1860",section,330,,PPC_1860_SEC_330,Section 330,Disbursement of diyat,"{""federal"": ""in_force"", ""punjab"": ""in_force"", ""sindh"": ""in_force"", ""kp"": ""in_force"", ""balochistan"": ""in_force""}",,"Pakistan Code (pakistancode.gov.pk), Act No. XLV of 1860; https://pakistancode.gov.pk/pdffiles/administratord5622ea3f15bfa00b17d2cf7770a8434.pdf",2026-09-23
PPC_1860,"Pakistan Penal Code, 1860",section,331,,PPC_1860_SEC_331,Section 331,Payment of diyat,"{""federal"": ""in_force"", ""punjab"": ""in_force"", ""sindh"": ""in_force"", ""kp"": ""in_force"", ""balochistan"": ""in_force""}",,"Pakistan Code (pakistancode.gov.pk), Act No. XLV of 1860; https://pakistancode.gov.pk/pdffiles/administratord5622ea3f15bfa00b17d2cf7770a8434.pdf",2026-09-23
PPC_1860,"Pakistan Penal Code, 1860",section,332,,PPC_1860_SEC_332,Section 332,Hurt,"{""federal"": ""in_force"", ""punjab"": ""in_force"", ""sindh"": ""in_force"", ""kp"": ""in_force"", ""balochistan"": ""in_force""}",,"Pakistan Code (pakistancode.gov.pk), Act No. XLV of 1860; https://pakistancode.gov.pk/pdffiles/administratord5622ea3f15bfa00b17d2cf7770a8434.pdf",2026-09-23
PPC_1860,"Pakistan Penal Code, 1860",section,333,,PPC_1860_SEC_333,Section 333,Itlaf­i­udw,"{""federal"": ""in_force"", ""punjab"": ""in_force"", ""sindh"": ""in_force"", ""kp"": ""in_force"", ""balochistan"": ""in_force""}",,"Pakistan Code (pakistancode.gov.pk), Act No. XLV of 1860; https://pakistancode.gov.pk/pdffiles/administratord5622ea3f15bfa00b17d2cf7770a8434.pdf",2026-09-23
PPC_1860,"Pakistan Penal Code, 1860",section,334,,PPC_1860_SEC_334,Section 334,Punishment for itlaf­i­udw,"{""federal"": ""in_force"", ""punjab"": ""in_force"", ""sindh"": ""in_force"", ""kp"": ""in_force"", ""balochistan"": ""in_force""}",,"Pakistan Code (pakistancode.gov.pk), Act No. XLV of 1860; https://pakistancode.gov.pk/pdffiles/administratord5622ea3f15bfa00b17d2cf7770a8434.pdf",2026-09-23
PPC_1860,"Pakistan Penal Code, 1860",section,335,,PPC_1860_SEC_335,Section 335,Itlaf­i­salahiyyat­i­udw,"{""federal"": ""in_force"", ""punjab"": ""in_force"", ""sindh"": ""in_force"", ""kp"": ""in_force"", ""balochistan"": ""in_force""}",,"Pakistan Code (pakistancode.gov.pk), Act No. XLV of 1860; https://pakistancode.gov.pk/pdffiles/administratord5622ea3f15bfa00b17d2cf7770a8434.pdf",2026-09-23
PPC_1860,"Pakistan Penal Code, 1860",section,336,,PPC_1860_SEC_336,Section 336,Punishment for itlaf­i­salahiyyat­i­udw,"{""federal"": ""in_force"", ""punjab"": ""in_force"", ""sindh"": ""in_force"", ""kp"": ""in_force"", ""balochistan"": ""in_force""}",,"Pakistan Code (pakistancode.gov.pk), Act No. XLV of 1860; https://pakistancode.gov.pk/pdffiles/administratord5622ea3f15bfa00b17d2cf7770a8434.pdf",2026-09-23
PPC_1860,"Pakistan Penal Code, 1860",section,336A,,PPC_1860_SEC_336A,Section 336A,Hurt caused by corrosive substance,"{""federal"": ""in_force"", ""punjab"": ""in_force"", ""sindh"": ""in_force"", ""kp"": ""in_force"", ""balochistan"": ""in_force""}",,"Pakistan Code (pakistancode.gov.pk), Act No. XLV of 1860; https://pakistancode.gov.pk/pdffiles/administratord5622ea3f15bfa00b17d2cf7770a8434.pdf",2026-09-23
PPC_1860,"Pakistan Penal Code, 1860",section,336B,,PPC_1860_SEC_336B,Section 336B,Punishment for hurt by corrosive substance,"{""federal"": ""in_force"", ""punjab"": ""in_force"", ""sindh"": ""in_force"", ""kp"": ""in_force"", ""balochistan"": ""in_force""}",,"Pakistan Code (pakistancode.gov.pk), Act No. XLV of 1860; https://pakistancode.gov.pk/pdffiles/administratord5622ea3f15bfa00b17d2cf7770a8434.pdf",2026-09-23
PPC_1860,"Pakistan Penal Code, 1860",section,337,,PPC_1860_SEC_337,Section 337,Shajjah,"{""federal"": ""in_force"", ""punjab"": ""in_force"", ""sindh"": ""in_force"", ""kp"": ""in_force"", ""balochistan"": ""in_force""}",,"Pakistan Code (pakistancode.gov.pk), Act No. XLV of 1860; https://pakistancode.gov.pk/pdffiles/administratord5622ea3f15bfa00b17d2cf7770a8434.pdf",2026-09-23
PPC_1860,"Pakistan Penal Code, 1860",section,337A,,PPC_1860_SEC_337A,Section 337A,Punishment of shajjah,"{""federal"": ""in_force"", ""punjab"": ""in_force"", ""sindh"": ""in_force"", ""kp"": ""in_force"", ""balochistan"": ""in_force""}",,"Pakistan Code (pakistancode.gov.pk), Act No. XLV of 1860; https://pakistancode.gov.pk/pdffiles/administratord5622ea3f15bfa00b17d2cf7770a8434.pdf",2026-09-23
PPC_1860,"Pakistan Penal Code, 1860",section,337B,,PPC_1860_SEC_337B,Section 337B,Jurh,"{""federal"": ""in_force"", ""punjab"": ""in_force"", ""sindh"": ""in_force"", ""kp"": ""in_force"", ""balochistan"": ""in_force""}",,"Pakistan Code (pakistancode.gov.pk), Act No. XLV of 1860; https://pakistancode.gov.pk/pdffiles/administratord5622ea3f15bfa00b17d2cf7770a8434.pdf",2026-09-23
PPC_1860,"Pakistan Penal Code, 1860",section,337C,,PPC_1860_SEC_337C,Section 337C,Jaifah,"{""federal"": ""in_force"", ""punjab"": ""in_force"", ""sindh"": ""in_force"", ""kp"": ""in_force"", ""balochistan"": ""in_force""}",,"Pakistan Code (pakistancode.gov.pk), Act No. XLV of 1860; https://pakistancode.gov.pk/pdffiles/administratord5622ea3f15bfa00b17d2cf7770a8434.pdf",2026-09-23
PPC_1860,"Pakistan Penal Code, 1860",section,337D,,PPC_1860_SEC_337D,Section 337D,Punishment for jaifah,"{""federal"": ""in_force"", ""punjab"": ""in_force"", ""sindh"": ""in_force"", ""kp"": ""in_force"", ""balochistan"": ""in_force""}",,"Pakistan Code (pakistancode.gov.pk), Act No. XLV of 1860; https://pakistancode.gov.pk/pdffiles/administratord5622ea3f15bfa00b17d2cf7770a8434.pdf",2026-09-23
PPC_1860,"Pakistan Penal Code, 1860",section,337E,,PPC_1860_SEC_337E,Section 337E,Ghayr­jaifah,"{""federal"": ""in_force"", ""punjab"": ""in_force"", ""sindh"": ""in_force"", ""kp"": ""in_force"", ""balochistan"": ""in_force""}",,"Pakistan Code (pakistancode.gov.pk), Act No. XLV of 1860; https://pakistancode.gov.pk/pdffiles/administratord5622ea3f15bfa00b17d2cf7770a8434.pdf",2026-09-23
PPC_1860,"Pakistan Penal Code, 1860",section,337F,,PPC_1860_SEC_337F,Section 337F,Punishment of ghayr­jaifah,"{""federal"": ""in_force"", ""punjab"": ""in_force"", ""sindh"": ""in_force"", ""kp"": ""in_force"", ""balochistan"": ""in_force""}",,"Pakistan Code (pakistancode.gov.pk), Act No. XLV of 1860; https://pakistancode.gov.pk/pdffiles/administratord5622ea3f15bfa00b17d2cf7770a8434.pdf",2026-09-23
PPC_1860,"Pakistan Penal Code, 1860",section,337G,,PPC_1860_SEC_337G,Section 337G,Punishment for hurt by rash or negligent driving,"{""federal"": ""in_force"", ""punjab"": ""in_force"", ""sindh"": ""in_force"", ""kp"": ""in_force"", ""balochistan"": ""in_force""}",,"Pakistan Code (pakistancode.gov.pk), Act No. XLV of 1860; https://pakistancode.gov.pk/pdffiles/administratord5622ea3f15bfa00b17d2cf7770a8434.pdf",2026-09-23
PPC_1860,"Pakistan Penal Code, 1860",section,337H,,PPC_1860_SEC_337H,Section 337H,Punishment for hurt by rash or negligent act,"{""federal"": ""in_force"", ""punjab"": ""in_force"", ""sindh"": ""in_force"", ""kp"": ""in_force"", ""balochistan"": ""in_force""}",,"Pakistan Code (pakistancode.gov.pk), Act No. XLV of 1860; https://pakistancode.gov.pk/pdffiles/administratord5622ea3f15bfa00b17d2cf7770a8434.pdf",2026-09-23
PPC_1860,"Pakistan Penal Code, 1860",section,337I,,PPC_1860_SEC_337I,Section 337I,Punishment for causing hurt by mistake (khata),"{""federal"": ""in_force"", ""punjab"": ""in_force"", ""sindh"": ""in_force"", ""kp"": ""in_force"", ""balochistan"": ""in_force""}",,"Pakistan Code (pakistancode.gov.pk), Act No. XLV of 1860; https://pakistancode.gov.pk/pdffiles/administratord5622ea3f15bfa00b17d2cf7770a8434.pdf",2026-09-23
PPC_1860,"Pakistan Penal Code, 1860",section,337J,,PPC_1860_SEC_337J,Section 337J,Causing hurt by means of a poison,"{""federal"": ""in_force"", ""punjab"": ""in_force"", ""sindh"": ""in_force"", ""kp"": ""in_force"", ""balochistan"": ""in_force""}",,"Pakistan Code (pakistancode.gov.pk), Act No. XLV of 1860; https://pakistancode.gov.pk/pdffiles/administratord5622ea3f15bfa00b17d2cf7770a8434.pdf",2026-09-23
PPC_1860,"Pakistan Penal Code, 1860",section,337K,,PPC_1860_SEC_337K,Section 337K,"Causing hurt to extort confession, or to compel restoration of property","{""federal"": ""in_force"", ""punjab"": ""in_force"", ""sindh"": ""in_force"", ""kp"": ""in_force"", ""balochistan"": ""in_force""}",,"Pakistan Code (pakistancode.gov.pk), Act No. XLV of 1860; https://pakistancode.gov.pk/pdffiles/administratord5622ea3f15bfa00b17d2cf7770a8434.pdf",2026-09-23
PPC_1860,"Pakistan Penal Code, 1860",section,337L,,PPC_1860_SEC_337L,Section 337L,Punishment for other hurt,"{""federal"": ""in_force"", ""punjab"": ""in_force"", ""sindh"": ""in_force"", ""kp"": ""in_force"", ""balochistan"": ""in_force""}",,"Pakistan Code (pakistancode.gov.pk), Act No. XLV of 1860; https://pakistancode.gov.pk/pdffiles/administratord5622ea3f15bfa00b17d2cf7770a8434.pdf",2026-09-23
PPC_1860,"Pakistan Penal Code, 1860",section,337M,,PPC_1860_SEC_337M,Section 337M,Hurt not liable to qisas,"{""federal"": ""in_force"", ""punjab"": ""in_force"", ""sindh"": ""in_force"", ""kp"": ""in_force"", ""balochistan"": ""in_force""}",,"Pakistan Code (pakistancode.gov.pk), Act No. XLV of 1860; https://pakistancode.gov.pk/pdffiles/administratord5622ea3f15bfa00b17d2cf7770a8434.pdf",2026-09-23
PPC_1860,"Pakistan Penal Code, 1860",section,337N,,PPC_1860_SEC_337N,Section 337N,Cases in which qisas for hurt shall not be enforced,"{""federal"": ""in_force"", ""punjab"": ""in_force"", ""sindh"": ""in_force"", ""kp"": ""in_force"", ""balochistan"": ""in_force""}",,"Pakistan Code (pakistancode.gov.pk), Act No. XLV of 1860; https://pakistancode.gov.pk/pdffiles/administratord5622ea3f15bfa00b17d2cf7770a8434.pdf",2026-09-23
PPC_1860,"Pakistan Penal Code, 1860",section,337O,,PPC_1860_SEC_337O,Section 337O,Wali in case of hurt,"{""federal"": ""in_force"", ""punjab"": ""in_force"", ""sindh"": ""in_force"", ""kp"": ""in_force"", ""balochistan"": ""in_force""}",,"Pakistan Code (pakistancode.gov.pk), Act No. XLV of 1860; https://pakistancode.gov.pk/pdffiles/administratord5622ea3f15bfa00b17d2cf7770a8434.pdf",2026-09-23
PPC_1860,"Pakistan Penal Code, 1860",section,337P,,PPC_1860_SEC_337P,Section 337P,Execution of qisas for hurt,"{""federal"": ""in_force"", ""punjab"": ""in_force"", ""sindh"": ""in_force"", ""kp"": ""in_force"", ""balochistan"": ""in_force""}",,"Pakistan Code (pakistancode.gov.pk), Act No. XLV of 1860; https://pakistancode.gov.pk/pdffiles/administratord5622ea3f15bfa00b17d2cf7770a8434.pdf",2026-09-23
PPC_1860,"Pakistan Penal Code, 1860",section,337Q,,PPC_1860_SEC_337Q,Section 337Q,Arsh for single organs,"{""federal"": ""in_force"", ""punjab"": ""in_force"", ""sindh"": ""in_force"", ""kp"": ""in_force"", ""balochistan"": ""in_force""}",,"Pakistan Code (pakistancode.gov.pk), Act No. XLV of 1860; https://pakistancode.gov.pk/pdffiles/administratord5622ea3f15bfa00b17d2cf7770a8434.pdf",2026-09-23
PPC_1860,"Pakistan Penal Code, 1860",section,337R,,PPC_1860_SEC_337R,Section 337R,Arsh for organs in pairs,"{""federal"": ""in_force"", ""punjab"": ""in_force"", ""sindh"": ""in_force"", ""kp"": ""in_force"", ""balochistan"": ""in_force""}",,"Pakistan Code (pakistancode.gov.pk), Act No. XLV of 1860; https://pakistancode.gov.pk/pdffiles/administratord5622ea3f15bfa00b17d2cf7770a8434.pdf",2026-09-23
PPC_1860,"Pakistan Penal Code, 1860",section,337S,,PPC_1860_SEC_337S,Section 337S,Arsh for organs in quadruplicate,"{""federal"": ""in_force"", ""punjab"": ""in_force"", ""sindh"": ""in_force"", ""kp"": ""in_force"", ""balochistan"": ""in_force""}",,"Pakistan Code (pakistancode.gov.pk), Act No. XLV of 1860; https://pakistancode.gov.pk/pdffiles/administratord5622ea3f15bfa00b17d2cf7770a8434.pdf",2026-09-23
PPC_1860,"Pakistan Penal Code, 1860",section,337T,,PPC_1860_SEC_337T,Section 337T,Arsh for fingers,"{""federal"": ""in_force"", ""punjab"": ""in_force"", ""sindh"": ""in_force"", ""kp"": ""in_force"", ""balochistan"": ""in_force""}",,"Pakistan Code (pakistancode.gov.pk), Act No. XLV of 1860; https://pakistancode.gov.pk/pdffiles/administratord5622ea3f15bfa00b17d2cf7770a8434.pdf",2026-09-23
PPC_1860,"Pakistan Penal Code, 1860",section,337U,,PPC_1860_SEC_337U,Section 337U,Arsh for teeth,"{""federal"": ""in_force"", ""punjab"": ""in_force"", ""sindh"": ""in_force"", ""kp"": ""in_force"", ""balochistan"": ""in_force""}",,"Pakistan Code (pakistancode.gov.pk), Act No. XLV of 1860; https://pakistancode.gov.pk/pdffiles/administratord5622ea3f15bfa00b17d2cf7770a8434.pdf",2026-09-23
PPC_1860,"Pakistan Penal Code, 1860",section,337V,,PPC_1860_SEC_337V,Section 337V,Arsh for hair,"{""federal"": ""in_force"", ""punjab"": ""in_force"", ""sindh"": ""in_force"", ""kp"": ""in_force"", ""balochistan"": ""in_force""}",,"Pakistan Code (pakistancode.gov.pk), Act No. XLV of 1860; https://pakistancode.gov.pk/pdffiles/administratord5622ea3f15bfa00b17d2cf7770a8434.pdf",2026-09-23
PPC_1860,"Pakistan Penal Code, 1860",section,337W,,PPC_1860_SEC_337W,Section 337W,Merger of arsh,"{""federal"": ""in_force"", ""punjab"": ""in_force"", ""sindh"": ""in_force"", ""kp"": ""in_force"", ""balochistan"": ""in_force""}",,"Pakistan Code (pakistancode.gov.pk), Act No. XLV of 1860; https://pakistancode.gov.pk/pdffiles/administratord5622ea3f15bfa00b17d2cf7770a8434.pdf",2026-09-23
PPC_1860,"Pakistan Penal Code, 1860",section,337X,,PPC_1860_SEC_337X,Section 337X,Payment of arsh,"{""federal"": ""in_force"", ""punjab"": ""in_force"", ""sindh"": ""in_force"", ""kp"": ""in_force"", ""balochistan"": ""in_force""}",,"Pakistan Code (pakistancode.gov.pk), Act No. XLV of 1860; https://pakistancode.gov.pk/pdffiles/administratord5622ea3f15bfa00b17d2cf7770a8434.pdf",2026-09-23
PPC_1860,"Pakistan Penal Code, 1860",section,337Y,,PPC_1860_SEC_337Y,Section 337Y,Value of daman,"{""federal"": ""in_force"", ""punjab"": ""in_force"", ""sindh"": ""in_force"", ""kp"": ""in_force"", ""balochistan"": ""in_force""}",,"Pakistan Code (pakistancode.gov.pk), Act No. XLV of 1860; https://pakistancode.gov.pk/pdffiles/administratord5622ea3f15bfa00b17d2cf7770a8434.pdf",2026-09-23
PPC_1860,"Pakistan Penal Code, 1860",section,337Z,,PPC_1860_SEC_337Z,Section 337Z,Disbursement of arsh or daman,"{""federal"": ""in_force"", ""punjab"": ""in_force"", ""sindh"": ""in_force"", ""kp"": ""in_force"", ""balochistan"": ""in_force""}",,"Pakistan Code (pakistancode.gov.pk), Act No. XLV of 1860; https://pakistancode.gov.pk/pdffiles/administratord5622ea3f15bfa00b17d2cf7770a8434.pdf",2026-09-23
PPC_1860,"Pakistan Penal Code, 1860",section,338,,PPC_1860_SEC_338,Section 338,Isqat­i­Haml (اسقاط حمل),"{""federal"": ""in_force"", ""punjab"": ""in_force"", ""sindh"": ""in_force"", ""kp"": ""in_force"", ""balochistan"": ""in_force""}",,"Pakistan Code (pakistancode.gov.pk), Act No. XLV of 1860; https://pakistancode.gov.pk/pdffiles/administratord5622ea3f15bfa00b17d2cf7770a8434.pdf",2026-09-23
PPC_1860,"Pakistan Penal Code, 1860",section,338A,,PPC_1860_SEC_338A,Section 338A,Punishment for  Isqat­i­haml,"{""federal"": ""in_force"", ""punjab"": ""in_force"", ""sindh"": ""in_force"", ""kp"": ""in_force"", ""balochistan"": ""in_force""}",,"Pakistan Code (pakistancode.gov.pk), Act No. XLV of 1860; https://pakistancode.gov.pk/pdffiles/administratord5622ea3f15bfa00b17d2cf7770a8434.pdf",2026-09-23
PPC_1860,"Pakistan Penal Code, 1860",section,338B,,PPC_1860_SEC_338B,Section 338B,Isqat­i­Janin (اسقاط جنین),"{""federal"": ""in_force"", ""punjab"": ""in_force"", ""sindh"": ""in_force"", ""kp"": ""in_force"", ""balochistan"": ""in_force""}",,"Pakistan Code (pakistancode.gov.pk), Act No. XLV of 1860; https://pakistancode.gov.pk/pdffiles/administratord5622ea3f15bfa00b17d2cf7770a8434.pdf",2026-09-23
PPC_1860,"Pakistan Penal Code, 1860",section,338C,,PPC_1860_SEC_338C,Section 338C,Punishment for Isqat­i­janin,"{""federal"": ""in_force"", ""punjab"": ""in_force"", ""sindh"": ""in_force"", ""kp"": ""in_force"", ""balochistan"": ""in_force""}",,"Pakistan Code (pakistancode.gov.pk), Act No. XLV of 1860; https://pakistancode.gov.pk/pdffiles/administratord5622ea3f15bfa00b17d2cf7770a8434.pdf",2026-09-23
PPC_1860,"Pakistan Penal Code, 1860",section,338D,,PPC_1860_SEC_338D,Section 338D,"Confirmation of sentence of death by way of qisas or tazir, etc","{""federal"": ""in_force"", ""punjab"": ""in_force"", ""sindh"": ""in_force"", ""kp"": ""in_force"", ""balochistan"": ""in_force""}",,"Pakistan Code (pakistancode.gov.pk), Act No. XLV of 1860; https://pakistancode.gov.pk/pdffiles/administratord5622ea3f15bfa00b17d2cf7770a8434.pdf",2026-09-23
PPC_1860,"Pakistan Penal Code, 1860",section,338E,,PPC_1860_SEC_338E,Section 338E,Waiver or compounding of offences,"{""federal"": ""in_force"", ""punjab"": ""in_force"", ""sindh"": ""in_force"", ""kp"": ""in_force"", ""balochistan"": ""in_force""}",,"Pakistan Code (pakistancode.gov.pk), Act No. XLV of 1860; https://pakistancode.gov.pk/pdffiles/administratord5622ea3f15bfa00b17d2cf7770a8434.pdf",2026-09-23
PPC_1860,"Pakistan Penal Code, 1860",section,338F,,PPC_1860_SEC_338F,Section 338F,Interpretation,"{""federal"": ""in_force"", ""punjab"": ""in_force"", ""sindh"": ""in_force"", ""kp"": ""in_force"", ""balochistan"": ""in_force""}",,"Pakistan Code (pakistancode.gov.pk), Act No. XLV of 1860; https://pakistancode.gov.pk/pdffiles/administratord5622ea3f15bfa00b17d2cf7770a8434.pdf",2026-09-23
PPC_1860,"Pakistan Penal Code, 1860",section,338G,,PPC_1860_SEC_338G,Section 338G,Rules,"{""federal"": ""in_force"", ""punjab"": ""in_force"", ""sindh"": ""in_force"", ""kp"": ""in_force"", ""balochistan"": ""in_force""}",,"Pakistan Code (pakistancode.gov.pk), Act No. XLV of 1860; https://pakistancode.gov.pk/pdffiles/administratord5622ea3f15bfa00b17d2cf7770a8434.pdf",2026-09-23
PPC_1860,"Pakistan Penal Code, 1860",section,338H,,PPC_1860_SEC_338H,Section 338H,Saving,"{""federal"": ""in_force"", ""punjab"": ""in_force"", ""sindh"": ""in_force"", ""kp"": ""in_force"", ""balochistan"": ""in_force""}",,"Pakistan Code (pakistancode.gov.pk), Act No. XLV of 1860; https://pakistancode.gov.pk/pdffiles/administratord5622ea3f15bfa00b17d2cf7770a8434.pdf",2026-09-23
PPC_1860,"Pakistan Penal Code, 1860",section,339,,PPC_1860_SEC_339,Section 339,Wrongful restraint,"{""federal"": ""in_force"", ""punjab"": ""in_force"", ""sindh"": ""in_force"", ""kp"": ""in_force"", ""balochistan"": ""in_force""}",,"Pakistan Code (pakistancode.gov.pk), Act No. XLV of 1860; https://pakistancode.gov.pk/pdffiles/administratord5622ea3f15bfa00b17d2cf7770a8434.pdf",2026-09-23
PPC_1860,"Pakistan Penal Code, 1860",section,340,,PPC_1860_SEC_340,Section 340,Wrongful confinement,"{""federal"": ""in_force"", ""punjab"": ""in_force"", ""sindh"": ""in_force"", ""kp"": ""in_force"", ""balochistan"": ""in_force""}",,"Pakistan Code (pakistancode.gov.pk), Act No. XLV of 1860; https://pakistancode.gov.pk/pdffiles/administratord5622ea3f15bfa00b17d2cf7770a8434.pdf",2026-09-23
PPC_1860,"Pakistan Penal Code, 1860",section,341,,PPC_1860_SEC_341,Section 341,Punishment for wrongful restraint,"{""federal"": ""in_force"", ""punjab"": ""in_force"", ""sindh"": ""in_force"", ""kp"": ""in_force"", ""balochistan"": ""in_force""}",,"Pakistan Code (pakistancode.gov.pk), Act No. XLV of 1860; https://pakistancode.gov.pk/pdffiles/administratord5622ea3f15bfa00b17d2cf7770a8434.pdf",2026-09-23
PPC_1860,"Pakistan Penal Code, 1860",section,342,,PPC_1860_SEC_342,Section 342,Punishment for wrongful confinement,"{""federal"": ""in_force"", ""punjab"": ""in_force"", ""sindh"": ""in_force"", ""kp"": ""in_force"", ""balochistan"": ""in_force""}",,"Pakistan Code (pakistancode.gov.pk), Act No. XLV of 1860; https://pakistancode.gov.pk/pdffiles/administratord5622ea3f15bfa00b17d2cf7770a8434.pdf",2026-09-23
PPC_1860,"Pakistan Penal Code, 1860",section,343,,PPC_1860_SEC_343,Section 343,Wrongful confinement for three or more days,"{""federal"": ""in_force"", ""punjab"": ""in_force"", ""sindh"": ""in_force"", ""kp"": ""in_force"", ""balochistan"": ""in_force""}",,"Pakistan Code (pakistancode.gov.pk), Act No. XLV of 1860; https://pakistancode.gov.pk/pdffiles/administratord5622ea3f15bfa00b17d2cf7770a8434.pdf",2026-09-23
PPC_1860,"Pakistan Penal Code, 1860",section,344,,PPC_1860_SEC_344,Section 344,Wrongful confinement for ten or more days,"{""federal"": ""in_force"", ""punjab"": ""in_force"", ""sindh"": ""in_force"", ""kp"": ""in_force"", ""balochistan"": ""in_force""}",,"Pakistan Code (pakistancode.gov.pk), Act No. XLV of 1860; https://pakistancode.gov.pk/pdffiles/administratord5622ea3f15bfa00b17d2cf7770a8434.pdf",2026-09-23
PPC_1860,"Pakistan Penal Code, 1860",section,345,,PPC_1860_SEC_345,Section 345,Wrongful confinement of person for whose liberation writ has been issued,"{""federal"": ""in_force"", ""punjab"": ""in_force"", ""sindh"": ""in_force"", ""kp"": ""in_force"", ""balochistan"": ""in_force""}",,"Pakistan Code (pakistancode.gov.pk), Act No. XLV of 1860; https://pakistancode.gov.pk/pdffiles/administratord5622ea3f15bfa00b17d2cf7770a8434.pdf",2026-09-23
PPC_1860,"Pakistan Penal Code, 1860",section,346,,PPC_1860_SEC_346,Section 346,Wrongful confinement in secret,"{""federal"": ""in_force"", ""punjab"": ""in_force"", ""sindh"": ""in_force"", ""kp"": ""in_force"", ""balochistan"": ""in_force""}",,"Pakistan Code (pakistancode.gov.pk), Act No. XLV of 1860; https://pakistancode.gov.pk/pdffiles/administratord5622ea3f15bfa00b17d2cf7770a8434.pdf",2026-09-23
PPC_1860,"Pakistan Penal Code, 1860",section,347,,PPC_1860_SEC_347,Section 347,Wrongful confinement to extort property or constrain to illegal act,"{""federal"": ""in_force"", ""punjab"": ""in_force"", ""sindh"": ""in_force"", ""kp"": ""in_force"", ""balochistan"": ""in_force""}",,"Pakistan Code (pakistancode.gov.pk), Act No. XLV of 1860; https://pakistancode.gov.pk/pdffiles/administratord5622ea3f15bfa00b17d2cf7770a8434.pdf",2026-09-23
PPC_1860,"Pakistan Penal Code, 1860",section,348,,PPC_1860_SEC_348,Section 348,"Wrongful confinement to extort confession, or compel restoration of property","{""federal"": ""in_force"", ""punjab"": ""in_force"", ""sindh"": ""in_force"", ""kp"": ""in_force"", ""balochistan"": ""in_force""}",,"Pakistan Code (pakistancode.gov.pk), Act No. XLV of 1860; https://pakistancode.gov.pk/pdffiles/administratord5622ea3f15bfa00b17d2cf7770a8434.pdf",2026-09-23
PPC_1860,"Pakistan Penal Code, 1860",section,349,,PPC_1860_SEC_349,Section 349,Force,"{""federal"": ""in_force"", ""punjab"": ""in_force"", ""sindh"": ""in_force"", ""kp"": ""in_force"", ""balochistan"": ""in_force""}",,"Pakistan Code (pakistancode.gov.pk), Act No. XLV of 1860; https://pakistancode.gov.pk/pdffiles/administratord5622ea3f15bfa00b17d2cf7770a8434.pdf",2026-09-23
PPC_1860,"Pakistan Penal Code, 1860",section,350,,PPC_1860_SEC_350,Section 350,Criminal force,"{""federal"": ""in_force"", ""punjab"": ""in_force"", ""sindh"": ""in_force"", ""kp"": ""in_force"", ""balochistan"": ""in_force""}",,"Pakistan Code (pakistancode.gov.pk), Act No. XLV of 1860; https://pakistancode.gov.pk/pdffiles/administratord5622ea3f15bfa00b17d2cf7770a8434.pdf",2026-09-23
PPC_1860,"Pakistan Penal Code, 1860",section,351,,PPC_1860_SEC_351,Section 351,Assault,"{""federal"": ""in_force"", ""punjab"": ""in_force"", ""sindh"": ""in_force"", ""kp"": ""in_force"", ""balochistan"": ""in_force""}",,"Pakistan Code (pakistancode.gov.pk), Act No. XLV of 1860; https://pakistancode.gov.pk/pdffiles/administratord5622ea3f15bfa00b17d2cf7770a8434.pdf",2026-09-23
PPC_1860,"Pakistan Penal Code, 1860",section,352,,PPC_1860_SEC_352,Section 352,Punishment for assault or criminal force otherwise than on grave provocation,"{""federal"": ""in_force"", ""punjab"": ""in_force"", ""sindh"": ""in_force"", ""kp"": ""in_force"", ""balochistan"": ""in_force""}",,"Pakistan Code (pakistancode.gov.pk), Act No. XLV of 1860; https://pakistancode.gov.pk/pdffiles/administratord5622ea3f15bfa00b17d2cf7770a8434.pdf",2026-09-23
PPC_1860,"Pakistan Penal Code, 1860",section,353,,PPC_1860_SEC_353,Section 353,Assault or criminal force to deter public servant from discharge of his duty,"{""federal"": ""in_force"", ""punjab"": ""in_force"", ""sindh"": ""in_force"", ""kp"": ""in_force"", ""balochistan"": ""in_force""}",,"Pakistan Code (pakistancode.gov.pk), Act No. XLV of 1860; https://pakistancode.gov.pk/pdffiles/administratord5622ea3f15bfa00b17d2cf7770a8434.pdf",2026-09-23
PPC_1860,"Pakistan Penal Code, 1860",section,354,,PPC_1860_SEC_354,Section 354,Assault or criminal force to woman with intent to outrage her modesty,"{""federal"": ""in_force"", ""punjab"": ""in_force"", ""sindh"": ""in_force"", ""kp"": ""in_force"", ""balochistan"": ""in_force""}",,"Pakistan Code (pakistancode.gov.pk), Act No. XLV of 1860; https://pakistancode.gov.pk/pdffiles/administratord5622ea3f15bfa00b17d2cf7770a8434.pdf",2026-09-23
PPC_1860,"Pakistan Penal Code, 1860",section,354A,,PPC_1860_SEC_354A,Section 354A,Assault or use of criminal force to woman and stripping her of her clothes,"{""federal"": ""in_force"", ""punjab"": ""in_force"", ""sindh"": ""in_force"", ""kp"": ""in_force"", ""balochistan"": ""in_force""}",,"Pakistan Code (pakistancode.gov.pk), Act No. XLV of 1860; https://pakistancode.gov.pk/pdffiles/administratord5622ea3f15bfa00b17d2cf7770a8434.pdf",2026-09-23
PPC_1860,"Pakistan Penal Code, 1860",section,355,,PPC_1860_SEC_355,Section 355,"Assault or criminal force with intent to dishonour person, otherwise than on grave provocation","{""federal"": ""in_force"", ""punjab"": ""in_force"", ""sindh"": ""in_force"", ""kp"": ""in_force"", ""balochistan"": ""in_force""}",,"Pakistan Code (pakistancode.gov.pk), Act No. XLV of 1860; https://pakistancode.gov.pk/pdffiles/administratord5622ea3f15bfa00b17d2cf7770a8434.pdf",2026-09-23
PPC_1860,"Pakistan Penal Code, 1860",section,356,,PPC_1860_SEC_356,Section 356,Assault or criminal force in attempt to commit theft of property carried by a person,"{""federal"": ""in_force"", ""punjab"": ""in_force"", ""sindh"": ""in_force"", ""kp"": ""in_force"", ""balochistan"": ""in_force""}",,"Pakistan Code (pakistancode.gov.pk), Act No. XLV of 1860; https://pakistancode.gov.pk/pdffiles/administratord5622ea3f15bfa00b17d2cf7770a8434.pdf",2026-09-23
PPC_1860,"Pakistan Penal Code, 1860",section,357,,PPC_1860_SEC_357,Section 357,Assault or criminal force in attempt wrongfully to confine a person,"{""federal"": ""in_force"", ""punjab"": ""in_force"", ""sindh"": ""in_force"", ""kp"": ""in_force"", ""balochistan"": ""in_force""}",,"Pakistan Code (pakistancode.gov.pk), Act No. XLV of 1860; https://pakistancode.gov.pk/pdffiles/administratord5622ea3f15bfa00b17d2cf7770a8434.pdf",2026-09-23
PPC_1860,"Pakistan Penal Code, 1860",section,358,,PPC_1860_SEC_358,Section 358,Assault or criminal force on grave provocation,"{""federal"": ""in_force"", ""punjab"": ""in_force"", ""sindh"": ""in_force"", ""kp"": ""in_force"", ""balochistan"": ""in_force""}",,"Pakistan Code (pakistancode.gov.pk), Act No. XLV of 1860; https://pakistancode.gov.pk/pdffiles/administratord5622ea3f15bfa00b17d2cf7770a8434.pdf",2026-09-23
PPC_1860,"Pakistan Penal Code, 1860",section,359,,PPC_1860_SEC_359,Section 359,Kidnapping,"{""federal"": ""in_force"", ""punjab"": ""in_force"", ""sindh"": ""in_force"", ""kp"": ""in_force"", ""balochistan"": ""in_force""}",,"Pakistan Code (pakistancode.gov.pk), Act No. XLV of 1860; https://pakistancode.gov.pk/pdffiles/administratord5622ea3f15bfa00b17d2cf7770a8434.pdf",2026-09-23
PPC_1860,"Pakistan Penal Code, 1860",section,360,,PPC_1860_SEC_360,Section 360,Kidnapping from Pakistan,"{""federal"": ""in_force"", ""punjab"": ""in_force"", ""sindh"": ""in_force"", ""kp"": ""in_force"", ""balochistan"": ""in_force""}",,"Pakistan Code (pakistancode.gov.pk), Act No. XLV of 1860; https://pakistancode.gov.pk/pdffiles/administratord5622ea3f15bfa00b17d2cf7770a8434.pdf",2026-09-23
PPC_1860,"Pakistan Penal Code, 1860",section,361,,PPC_1860_SEC_361,Section 361,Kidnapping from lawful guardianship,"{""federal"": ""in_force"", ""punjab"": ""in_force"", ""sindh"": ""in_force"", ""kp"": ""in_force"", ""balochistan"": ""in_force""}",,"Pakistan Code (pakistancode.gov.pk), Act No. XLV of 1860; https://pakistancode.gov.pk/pdffiles/administratord5622ea3f15bfa00b17d2cf7770a8434.pdf",2026-09-23
PPC_1860,"Pakistan Penal Code, 1860",section,362,,PPC_1860_SEC_362,Section 362,Abduction,"{""federal"": ""in_force"", ""punjab"": ""in_force"", ""sindh"": ""in_force"", ""kp"": ""in_force"", ""balochistan"": ""in_force""}",,"Pakistan Code (pakistancode.gov.pk), Act No. XLV of 1860; https://pakistancode.gov.pk/pdffiles/administratord5622ea3f15bfa00b17d2cf7770a8434.pdf",2026-09-23
PPC_1860,"Pakistan Penal Code, 1860",section,363,,PPC_1860_SEC_363,Section 363,Punishments for kidnapping,"{""federal"": ""in_force"", ""punjab"": ""in_force"", ""sindh"": ""in_force"", ""kp"": ""in_force"", ""balochistan"": ""in_force""}",,"Pakistan Code (pakistancode.gov.pk), Act No. XLV of 1860; https://pakistancode.gov.pk/pdffiles/administratord5622ea3f15bfa00b17d2cf7770a8434.pdf",2026-09-23
PPC_1860,"Pakistan Penal Code, 1860",section,364,,PPC_1860_SEC_364,Section 364,Kidnapping or abducting in order to murder,"{""federal"": ""in_force"", ""punjab"": ""in_force"", ""sindh"": ""in_force"", ""kp"": ""in_force"", ""balochistan"": ""in_force""}",,"Pakistan Code (pakistancode.gov.pk), Act No. XLV of 1860; https://pakistancode.gov.pk/pdffiles/administratord5622ea3f15bfa00b17d2cf7770a8434.pdf",2026-09-23
PPC_1860,"Pakistan Penal Code, 1860",section,364A,,PPC_1860_SEC_364A,Section 364A,Kidnapping or abducting a person under the age of fourteen,"{""federal"": ""in_force"", ""punjab"": ""in_force"", ""sindh"": ""in_force"", ""kp"": ""in_force"", ""balochistan"": ""in_force""}",,"Pakistan Code (pakistancode.gov.pk), Act No. XLV of 1860; https://pakistancode.gov.pk/pdffiles/administratord5622ea3f15bfa00b17d2cf7770a8434.pdf",2026-09-23
PPC_1860,"Pakistan Penal Code, 1860",section,365,,PPC_1860_SEC_365,Section 365,Kidnapping or abducting with intent secretly and wrongfully to confine person,"{""federal"": ""in_force"", ""punjab"": ""in_force"", ""sindh"": ""in_force"", ""kp"": ""in_force"", ""balochistan"": ""in_force""}",,"Pakistan Code (pakistancode.gov.pk), Act No. XLV of 1860; https://pakistancode.gov.pk/pdffiles/administratord5622ea3f15bfa00b17d2cf7770a8434.pdf",2026-09-23
PPC_1860,"Pakistan Penal Code, 1860",section,365A,,PPC_1860_SEC_365A,Section 365A,"Kidnapping or abducting for extorting property, valuable security, etc","{""federal"": ""in_force"", ""punjab"": ""in_force"", ""sindh"": ""in_force"", ""kp"": ""in_force"", ""balochistan"": ""in_force""}",,"Pakistan Code (pakistancode.gov.pk), Act No. XLV of 1860; https://pakistancode.gov.pk/pdffiles/administratord5622ea3f15bfa00b17d2cf7770a8434.pdf",2026-09-23
PPC_1860,"Pakistan Penal Code, 1860",section,365B,,PPC_1860_SEC_365B,Section 365B,"Kidnapping, abducting or inducing woman to compel for marriage etc","{""federal"": ""in_force"", ""punjab"": ""in_force"", ""sindh"": ""in_force"", ""kp"": ""in_force"", ""balochistan"": ""in_force""}",,"Pakistan Code (pakistancode.gov.pk), Act No. XLV of 1860; https://pakistancode.gov.pk/pdffiles/administratord5622ea3f15bfa00b17d2cf7770a8434.pdf",2026-09-23
PPC_1860,"Pakistan Penal Code, 1860",section,366,,PPC_1860_SEC_366,Section 366,[Repealed],"{""federal"": ""repealed"", ""punjab"": ""repealed"", ""sindh"": ""repealed"", ""kp"": ""repealed"", ""balochistan"": ""repealed""}",,"Pakistan Code (pakistancode.gov.pk), Act No. XLV of 1860; https://pakistancode.gov.pk/pdffiles/administratord5622ea3f15bfa00b17d2cf7770a8434.pdf",2026-09-23
PPC_1860,"Pakistan Penal Code, 1860",section,366A,,PPC_1860_SEC_366A,Section 366A,Procuration of minor girl,"{""federal"": ""in_force"", ""punjab"": ""in_force"", ""sindh"": ""in_force"", ""kp"": ""in_force"", ""balochistan"": ""in_force""}",,"Pakistan Code (pakistancode.gov.pk), Act No. XLV of 1860; https://pakistancode.gov.pk/pdffiles/administratord5622ea3f15bfa00b17d2cf7770a8434.pdf",2026-09-23
PPC_1860,"Pakistan Penal Code, 1860",section,366B,,PPC_1860_SEC_366B,Section 366B,Importation of girl from foreign country,"{""federal"": ""in_force"", ""punjab"": ""in_force"", ""sindh"": ""in_force"", ""kp"": ""in_force"", ""balochistan"": ""in_force""}",,"Pakistan Code (pakistancode.gov.pk), Act No. XLV of 1860; https://pakistancode.gov.pk/pdffiles/administratord5622ea3f15bfa00b17d2cf7770a8434.pdf",2026-09-23
PPC_1860,"Pakistan Penal Code, 1860",section,367,,PPC_1860_SEC_367,Section 367,"Kidnapping or abducting in order to subject person to grievous hurt, slavery, etc","{""federal"": ""in_force"", ""punjab"": ""in_force"", ""sindh"": ""in_force"", ""kp"": ""in_force"", ""balochistan"": ""in_force""}",,"Pakistan Code (pakistancode.gov.pk), Act No. XLV of 1860; https://pakistancode.gov.pk/pdffiles/administratord5622ea3f15bfa00b17d2cf7770a8434.pdf",2026-09-23
PPC_1860,"Pakistan Penal Code, 1860",section,367A,,PPC_1860_SEC_367A,Section 367A,Kidnapping or abducting in order to subject person to unnatural lust,"{""federal"": ""in_force"", ""punjab"": ""in_force"", ""sindh"": ""in_force"", ""kp"": ""in_force"", ""balochistan"": ""in_force""}",,"Pakistan Code (pakistancode.gov.pk), Act No. XLV of 1860; https://pakistancode.gov.pk/pdffiles/administratord5622ea3f15bfa00b17d2cf7770a8434.pdf",2026-09-23
PPC_1860,"Pakistan Penal Code, 1860",section,368,,PPC_1860_SEC_368,Section 368,"Wrongfully concealing or keeping in confinement, kidnapped or abducted person","{""federal"": ""in_force"", ""punjab"": ""in_force"", ""sindh"": ""in_force"", ""kp"": ""in_force"", ""balochistan"": ""in_force""}",,"Pakistan Code (pakistancode.gov.pk), Act No. XLV of 1860; https://pakistancode.gov.pk/pdffiles/administratord5622ea3f15bfa00b17d2cf7770a8434.pdf",2026-09-23
PPC_1860,"Pakistan Penal Code, 1860",section,369,,PPC_1860_SEC_369,Section 369,Kidnapping or abducting child under ten years with intent to steal from its persons,"{""federal"": ""in_force"", ""punjab"": ""in_force"", ""sindh"": ""in_force"", ""kp"": ""in_force"", ""balochistan"": ""in_force""}",,"Pakistan Code (pakistancode.gov.pk), Act No. XLV of 1860; https://pakistancode.gov.pk/pdffiles/administratord5622ea3f15bfa00b17d2cf7770a8434.pdf",2026-09-23
PPC_1860,"Pakistan Penal Code, 1860",section,369A,,PPC_1860_SEC_369A,Section 369A,Trafficking of human beings [omitted],"{""federal"": ""omitted"", ""punjab"": ""omitted"", ""sindh"": ""omitted"", ""kp"": ""omitted"", ""balochistan"": ""omitted""}",,"Pakistan Code (pakistancode.gov.pk), Act No. XLV of 1860; https://pakistancode.gov.pk/pdffiles/administratord5622ea3f15bfa00b17d2cf7770a8434.pdf",2026-09-23
PPC_1860,"Pakistan Penal Code, 1860",section,370,,PPC_1860_SEC_370,Section 370,Buying or disposing of any person as a slave,"{""federal"": ""in_force"", ""punjab"": ""in_force"", ""sindh"": ""in_force"", ""kp"": ""in_force"", ""balochistan"": ""in_force""}",,"Pakistan Code (pakistancode.gov.pk), Act No. XLV of 1860; https://pakistancode.gov.pk/pdffiles/administratord5622ea3f15bfa00b17d2cf7770a8434.pdf",2026-09-23
PPC_1860,"Pakistan Penal Code, 1860",section,371,,PPC_1860_SEC_371,Section 371,Habitual dealing in slaves,"{""federal"": ""in_force"", ""punjab"": ""in_force"", ""sindh"": ""in_force"", ""kp"": ""in_force"", ""balochistan"": ""in_force""}",,"Pakistan Code (pakistancode.gov.pk), Act No. XLV of 1860; https://pakistancode.gov.pk/pdffiles/administratord5622ea3f15bfa00b17d2cf7770a8434.pdf",2026-09-23
PPC_1860,"Pakistan Penal Code, 1860",section,371A,,PPC_1860_SEC_371A,Section 371A,"Selling person for purposes of prostitution, etc","{""federal"": ""in_force"", ""punjab"": ""in_force"", ""sindh"": ""in_force"", ""kp"": ""in_force"", ""balochistan"": ""in_force""}",,"Pakistan Code (pakistancode.gov.pk), Act No. XLV of 1860; https://pakistancode.gov.pk/pdffiles/administratord5622ea3f15bfa00b17d2cf7770a8434.pdf",2026-09-23
PPC_1860,"Pakistan Penal Code, 1860",section,371B,,PPC_1860_SEC_371B,Section 371B,"Buying person for purposes of prostitution, etc","{""federal"": ""in_force"", ""punjab"": ""in_force"", ""sindh"": ""in_force"", ""kp"": ""in_force"", ""balochistan"": ""in_force""}",,"Pakistan Code (pakistancode.gov.pk), Act No. XLV of 1860; https://pakistancode.gov.pk/pdffiles/administratord5622ea3f15bfa00b17d2cf7770a8434.pdf",2026-09-23
PPC_1860,"Pakistan Penal Code, 1860",section,372,,PPC_1860_SEC_372,Section 372,[Repealed],"{""federal"": ""repealed"", ""punjab"": ""repealed"", ""sindh"": ""repealed"", ""kp"": ""repealed"", ""balochistan"": ""repealed""}",,"Pakistan Code (pakistancode.gov.pk), Act No. XLV of 1860; https://pakistancode.gov.pk/pdffiles/administratord5622ea3f15bfa00b17d2cf7770a8434.pdf",2026-09-23
PPC_1860,"Pakistan Penal Code, 1860",section,373,,PPC_1860_SEC_373,Section 373,[Repealed],"{""federal"": ""repealed"", ""punjab"": ""repealed"", ""sindh"": ""repealed"", ""kp"": ""repealed"", ""balochistan"": ""repealed""}",,"Pakistan Code (pakistancode.gov.pk), Act No. XLV of 1860; https://pakistancode.gov.pk/pdffiles/administratord5622ea3f15bfa00b17d2cf7770a8434.pdf",2026-09-23
PPC_1860,"Pakistan Penal Code, 1860",section,374,,PPC_1860_SEC_374,Section 374,Unlawful compulsory labour,"{""federal"": ""in_force"", ""punjab"": ""in_force"", ""sindh"": ""in_force"", ""kp"": ""in_force"", ""balochistan"": ""in_force""}",,"Pakistan Code (pakistancode.gov.pk), Act No. XLV of 1860; https://pakistancode.gov.pk/pdffiles/administratord5622ea3f15bfa00b17d2cf7770a8434.pdf",2026-09-23
PPC_1860,"Pakistan Penal Code, 1860",section,375,,PPC_1860_SEC_375,Section 375,Rape,"{""federal"": ""in_force"", ""punjab"": ""in_force"", ""sindh"": ""in_force"", ""kp"": ""in_force"", ""balochistan"": ""in_force""}",,"Pakistan Code (pakistancode.gov.pk), Act No. XLV of 1860; https://pakistancode.gov.pk/pdffiles/administratord5622ea3f15bfa00b17d2cf7770a8434.pdf",2026-09-23
PPC_1860,"Pakistan Penal Code, 1860",section,375A,,PPC_1860_SEC_375A,Section 375A,Gang rape,"{""federal"": ""in_force"", ""punjab"": ""in_force"", ""sindh"": ""in_force"", ""kp"": ""in_force"", ""balochistan"": ""in_force""}",,"Pakistan Code (pakistancode.gov.pk), Act No. XLV of 1860; https://pakistancode.gov.pk/pdffiles/administratord5622ea3f15bfa00b17d2cf7770a8434.pdf",2026-09-23
PPC_1860,"Pakistan Penal Code, 1860",section,376,,PPC_1860_SEC_376,Section 376,Punishment for rape,"{""federal"": ""in_force"", ""punjab"": ""in_force"", ""sindh"": ""in_force"", ""kp"": ""in_force"", ""balochistan"": ""in_force""}",,"Pakistan Code (pakistancode.gov.pk), Act No. XLV of 1860; https://pakistancode.gov.pk/pdffiles/administratord5622ea3f15bfa00b17d2cf7770a8434.pdf",2026-09-23
PPC_1860,"Pakistan Penal Code, 1860",section,376A,,PPC_1860_SEC_376A,Section 376A,"Disclosure of identity of victim of rape, etc","{""federal"": ""in_force"", ""punjab"": ""in_force"", ""sindh"": ""in_force"", ""kp"": ""in_force"", ""balochistan"": ""in_force""}",,"Pakistan Code (pakistancode.gov.pk), Act No. XLV of 1860; https://pakistancode.gov.pk/pdffiles/administratord5622ea3f15bfa00b17d2cf7770a8434.pdf",2026-09-23
PPC_1860,"Pakistan Penal Code, 1860",section,376B,,PPC_1860_SEC_376B,Section 376B,Exceptional first offenders or repeat offenders [omitted],"{""federal"": ""omitted"", ""punjab"": ""omitted"", ""sindh"": ""omitted"", ""kp"": ""omitted"", ""balochistan"": ""omitted""}",,"Pakistan Code (pakistancode.gov.pk), Act No. XLV of 1860; https://pakistancode.gov.pk/pdffiles/administratord5622ea3f15bfa00b17d2cf7770a8434.pdf",2026-09-23
PPC_1860,"Pakistan Penal Code, 1860",section,377,,PPC_1860_SEC_377,Section 377,Unnatural offences,"{""federal"": ""in_force"", ""punjab"": ""in_force"", ""sindh"": ""in_force"", ""kp"": ""in_force"", ""balochistan"": ""in_force""}",,"Pakistan Code (pakistancode.gov.pk), Act No. XLV of 1860; https://pakistancode.gov.pk/pdffiles/administratord5622ea3f15bfa00b17d2cf7770a8434.pdf",2026-09-23
PPC_1860,"Pakistan Penal Code, 1860",section,377A,,PPC_1860_SEC_377A,Section 377A,Sexual abuse,"{""federal"": ""in_force"", ""punjab"": ""in_force"", ""sindh"": ""in_force"", ""kp"": ""in_force"", ""balochistan"": ""in_force""}",,"Pakistan Code (pakistancode.gov.pk), Act No. XLV of 1860; https://pakistancode.gov.pk/pdffiles/administratord5622ea3f15bfa00b17d2cf7770a8434.pdf",2026-09-23
PPC_1860,"Pakistan Penal Code, 1860",section,377B,,PPC_1860_SEC_377B,Section 377B,Punishment,"{""federal"": ""in_force"", ""punjab"": ""in_force"", ""sindh"": ""in_force"", ""kp"": ""in_force"", ""balochistan"": ""in_force""}",,"Pakistan Code (pakistancode.gov.pk), Act No. XLV of 1860; https://pakistancode.gov.pk/pdffiles/administratord5622ea3f15bfa00b17d2cf7770a8434.pdf",2026-09-23
PPC_1860,"Pakistan Penal Code, 1860",section,378,,PPC_1860_SEC_378,Section 378,Theft,"{""federal"": ""in_force"", ""punjab"": ""in_force"", ""sindh"": ""in_force"", ""kp"": ""in_force"", ""balochistan"": ""in_force""}",,"Pakistan Code (pakistancode.gov.pk), Act No. XLV of 1860; https://pakistancode.gov.pk/pdffiles/administratord5622ea3f15bfa00b17d2cf7770a8434.pdf",2026-09-23
PPC_1860,"Pakistan Penal Code, 1860",section,379,,PPC_1860_SEC_379,Section 379,Punishment for theft,"{""federal"": ""in_force"", ""punjab"": ""in_force"", ""sindh"": ""in_force"", ""kp"": ""in_force"", ""balochistan"": ""in_force""}",,"Pakistan Code (pakistancode.gov.pk), Act No. XLV of 1860; https://pakistancode.gov.pk/pdffiles/administratord5622ea3f15bfa00b17d2cf7770a8434.pdf",2026-09-23
PPC_1860,"Pakistan Penal Code, 1860",section,380,,PPC_1860_SEC_380,Section 380,"Theft in dwelling house, etc","{""federal"": ""in_force"", ""punjab"": ""in_force"", ""sindh"": ""in_force"", ""kp"": ""in_force"", ""balochistan"": ""in_force""}",,"Pakistan Code (pakistancode.gov.pk), Act No. XLV of 1860; https://pakistancode.gov.pk/pdffiles/administratord5622ea3f15bfa00b17d2cf7770a8434.pdf",2026-09-23
PPC_1860,"Pakistan Penal Code, 1860",section,381,,PPC_1860_SEC_381,Section 381,Theft by clerk or servant of property in possession of master,"{""federal"": ""in_force"", ""punjab"": ""in_force"", ""sindh"": ""in_force"", ""kp"": ""in_force"", ""balochistan"": ""in_force""}",,"Pakistan Code (pakistancode.gov.pk), Act No. XLV of 1860; https://pakistancode.gov.pk/pdffiles/administratord5622ea3f15bfa00b17d2cf7770a8434.pdf",2026-09-23
PPC_1860,"Pakistan Penal Code, 1860",section,381A,,PPC_1860_SEC_381A,Section 381A,Theft of a car or other motor vehicles,"{""federal"": ""in_force"", ""punjab"": ""in_force"", ""sindh"": ""in_force"", ""kp"": ""in_force"", ""balochistan"": ""in_force""}",,"Pakistan Code (pakistancode.gov.pk), Act No. XLV of 1860; https://pakistancode.gov.pk/pdffiles/administratord5622ea3f15bfa00b17d2cf7770a8434.pdf",2026-09-23
PPC_1860,"Pakistan Penal Code, 1860",section,382,,PPC_1860_SEC_382,Section 382,Theft after preparation made for ca using death hurt or restraint in order to the committing of,"{""federal"": ""in_force"", ""punjab"": ""in_force"", ""sindh"": ""in_force"", ""kp"": ""in_force"", ""balochistan"": ""in_force""}",,"Pakistan Code (pakistancode.gov.pk), Act No. XLV of 1860; https://pakistancode.gov.pk/pdffiles/administratord5622ea3f15bfa00b17d2cf7770a8434.pdf",2026-09-23
PPC_1860,"Pakistan Penal Code, 1860",section,383,,PPC_1860_SEC_383,Section 383,Extortion,"{""federal"": ""in_force"", ""punjab"": ""in_force"", ""sindh"": ""in_force"", ""kp"": ""in_force"", ""balochistan"": ""in_force""}",,"Pakistan Code (pakistancode.gov.pk), Act No. XLV of 1860; https://pakistancode.gov.pk/pdffiles/administratord5622ea3f15bfa00b17d2cf7770a8434.pdf",2026-09-23
PPC_1860,"Pakistan Penal Code, 1860",section,384,,PPC_1860_SEC_384,Section 384,Punishment for extortion,"{""federal"": ""in_force"", ""punjab"": ""in_force"", ""sindh"": ""in_force"", ""kp"": ""in_force"", ""balochistan"": ""in_force""}",,"Pakistan Code (pakistancode.gov.pk), Act No. XLV of 1860; https://pakistancode.gov.pk/pdffiles/administratord5622ea3f15bfa00b17d2cf7770a8434.pdf",2026-09-23
PPC_1860,"Pakistan Penal Code, 1860",section,385,,PPC_1860_SEC_385,Section 385,Putting person in fear of injury in order to commit extortion,"{""federal"": ""in_force"", ""punjab"": ""in_force"", ""sindh"": ""in_force"", ""kp"": ""in_force"", ""balochistan"": ""in_force""}",,"Pakistan Code (pakistancode.gov.pk), Act No. XLV of 1860; https://pakistancode.gov.pk/pdffiles/administratord5622ea3f15bfa00b17d2cf7770a8434.pdf",2026-09-23
PPC_1860,"Pakistan Penal Code, 1860",section,386,,PPC_1860_SEC_386,Section 386,Extortion by putting a person in fear of death or grievous hurt,"{""federal"": ""in_force"", ""punjab"": ""in_force"", ""sindh"": ""in_force"", ""kp"": ""in_force"", ""balochistan"": ""in_force""}",,"Pakistan Code (pakistancode.gov.pk), Act No. XLV of 1860; https://pakistancode.gov.pk/pdffiles/administratord5622ea3f15bfa00b17d2cf7770a8434.pdf",2026-09-23
PPC_1860,"Pakistan Penal Code, 1860",section,387,,PPC_1860_SEC_387,Section 387,"Putting person in fear of death or of grievous hurt, in order to commit extortion","{""federal"": ""in_force"", ""punjab"": ""in_force"", ""sindh"": ""in_force"", ""kp"": ""in_force"", ""balochistan"": ""in_force""}",,"Pakistan Code (pakistancode.gov.pk), Act No. XLV of 1860; https://pakistancode.gov.pk/pdffiles/administratord5622ea3f15bfa00b17d2cf7770a8434.pdf",2026-09-23
PPC_1860,"Pakistan Penal Code, 1860",section,388,,PPC_1860_SEC_388,Section 388,Extortion by threat of accusation of an offence punishable with death or imprisonment for life,"{""federal"": ""in_force"", ""punjab"": ""in_force"", ""sindh"": ""in_force"", ""kp"": ""in_force"", ""balochistan"": ""in_force""}",,"Pakistan Code (pakistancode.gov.pk), Act No. XLV of 1860; https://pakistancode.gov.pk/pdffiles/administratord5622ea3f15bfa00b17d2cf7770a8434.pdf",2026-09-23
PPC_1860,"Pakistan Penal Code, 1860",section,389,,PPC_1860_SEC_389,Section 389,"Putting person in fear of accusation of offence, in order to commit extortion","{""federal"": ""in_force"", ""punjab"": ""in_force"", ""sindh"": ""in_force"", ""kp"": ""in_force"", ""balochistan"": ""in_force""}",,"Pakistan Code (pakistancode.gov.pk), Act No. XLV of 1860; https://pakistancode.gov.pk/pdffiles/administratord5622ea3f15bfa00b17d2cf7770a8434.pdf",2026-09-23
PPC_1860,"Pakistan Penal Code, 1860",section,390,,PPC_1860_SEC_390,Section 390,Robbery,"{""federal"": ""in_force"", ""punjab"": ""in_force"", ""sindh"": ""in_force"", ""kp"": ""in_force"", ""balochistan"": ""in_force""}",,"Pakistan Code (pakistancode.gov.pk), Act No. XLV of 1860; https://pakistancode.gov.pk/pdffiles/administratord5622ea3f15bfa00b17d2cf7770a8434.pdf",2026-09-23
PPC_1860,"Pakistan Penal Code, 1860",section,391,,PPC_1860_SEC_391,Section 391,Dacoity,"{""federal"": ""in_force"", ""punjab"": ""in_force"", ""sindh"": ""in_force"", ""kp"": ""in_force"", ""balochistan"": ""in_force""}",,"Pakistan Code (pakistancode.gov.pk), Act No. XLV of 1860; https://pakistancode.gov.pk/pdffiles/administratord5622ea3f15bfa00b17d2cf7770a8434.pdf",2026-09-23
PPC_1860,"Pakistan Penal Code, 1860",section,392,,PPC_1860_SEC_392,Section 392,Punishment for robbery,"{""federal"": ""in_force"", ""punjab"": ""in_force"", ""sindh"": ""in_force"", ""kp"": ""in_force"", ""balochistan"": ""in_force""}",,"Pakistan Code (pakistancode.gov.pk), Act No. XLV of 1860; https://pakistancode.gov.pk/pdffiles/administratord5622ea3f15bfa00b17d2cf7770a8434.pdf",2026-09-23
PPC_1860,"Pakistan Penal Code, 1860",section,393,,PPC_1860_SEC_393,Section 393,Attempt to commit robbery,"{""federal"": ""in_force"", ""punjab"": ""in_force"", ""sindh"": ""in_force"", ""kp"": ""in_force"", ""balochistan"": ""in_force""}",,"Pakistan Code (pakistancode.gov.pk), Act No. XLV of 1860; https://pakistancode.gov.pk/pdffiles/administratord5622ea3f15bfa00b17d2cf7770a8434.pdf",2026-09-23
PPC_1860,"Pakistan Penal Code, 1860",section,394,,PPC_1860_SEC_394,Section 394,Voluntarily causing hurt in committing robbery,"{""federal"": ""in_force"", ""punjab"": ""in_force"", ""sindh"": ""in_force"", ""kp"": ""in_force"", ""balochistan"": ""in_force""}",,"Pakistan Code (pakistancode.gov.pk), Act No. XLV of 1860; https://pakistancode.gov.pk/pdffiles/administratord5622ea3f15bfa00b17d2cf7770a8434.pdf",2026-09-23
PPC_1860,"Pakistan Penal Code, 1860",section,395,,PPC_1860_SEC_395,Section 395,Punishment for dacoity,"{""federal"": ""in_force"", ""punjab"": ""in_force"", ""sindh"": ""in_force"", ""kp"": ""in_force"", ""balochistan"": ""in_force""}",,"Pakistan Code (pakistancode.gov.pk), Act No. XLV of 1860; https://pakistancode.gov.pk/pdffiles/administratord5622ea3f15bfa00b17d2cf7770a8434.pdf",2026-09-23
PPC_1860,"Pakistan Penal Code, 1860",section,396,,PPC_1860_SEC_396,Section 396,Dacoity with murder,"{""federal"": ""in_force"", ""punjab"": ""in_force"", ""sindh"": ""in_force"", ""kp"": ""in_force"", ""balochistan"": ""in_force""}",,"Pakistan Code (pakistancode.gov.pk), Act No. XLV of 1860; https://pakistancode.gov.pk/pdffiles/administratord5622ea3f15bfa00b17d2cf7770a8434.pdf",2026-09-23
PPC_1860,"Pakistan Penal Code, 1860",section,397,,PPC_1860_SEC_397,Section 397,Robbery or dacoity with attempt to cause death or grievous hurt,"{""federal"": ""in_force"", ""punjab"": ""in_force"", ""sindh"": ""in_force"", ""kp"": ""in_force"", ""balochistan"": ""in_force""}",,"Pakistan Code (pakistancode.gov.pk), Act No. XLV of 1860; https://pakistancode.gov.pk/pdffiles/administratord5622ea3f15bfa00b17d2cf7770a8434.pdf",2026-09-23
PPC_1860,"Pakistan Penal Code, 1860",section,398,,PPC_1860_SEC_398,Section 398,Attempt to commit robbery or dacoity when armed with deadly weapon,"{""federal"": ""in_force"", ""punjab"": ""in_force"", ""sindh"": ""in_force"", ""kp"": ""in_force"", ""balochistan"": ""in_force""}",,"Pakistan Code (pakistancode.gov.pk), Act No. XLV of 1860; https://pakistancode.gov.pk/pdffiles/administratord5622ea3f15bfa00b17d2cf7770a8434.pdf",2026-09-23
PPC_1860,"Pakistan Penal Code, 1860",section,399,,PPC_1860_SEC_399,Section 399,Making preparation to commit dacoity,"{""federal"": ""in_force"", ""punjab"": ""in_force"", ""sindh"": ""in_force"", ""kp"": ""in_force"", ""balochistan"": ""in_force""}",,"Pakistan Code (pakistancode.gov.pk), Act No. XLV of 1860; https://pakistancode.gov.pk/pdffiles/administratord5622ea3f15bfa00b17d2cf7770a8434.pdf",2026-09-23
PPC_1860,"Pakistan Penal Code, 1860",section,400,,PPC_1860_SEC_400,Section 400,Punishment for belonging to gang of dacoits,"{""federal"": ""in_force"", ""punjab"": ""in_force"", ""sindh"": ""in_force"", ""kp"": ""in_force"", ""balochistan"": ""in_force""}",,"Pakistan Code (pakistancode.gov.pk), Act No. XLV of 1860; https://pakistancode.gov.pk/pdffiles/administratord5622ea3f15bfa00b17d2cf7770a8434.pdf",2026-09-23
PPC_1860,"Pakistan Penal Code, 1860",section,401,,PPC_1860_SEC_401,Section 401,Punishment for belonging to gang of thieves,"{""federal"": ""in_force"", ""punjab"": ""in_force"", ""sindh"": ""in_force"", ""kp"": ""in_force"", ""balochistan"": ""in_force""}",,"Pakistan Code (pakistancode.gov.pk), Act No. XLV of 1860; https://pakistancode.gov.pk/pdffiles/administratord5622ea3f15bfa00b17d2cf7770a8434.pdf",2026-09-23
PPC_1860,"Pakistan Penal Code, 1860",section,402,,PPC_1860_SEC_402,Section 402,Assembling for purpose of committing dacoity,"{""federal"": ""in_force"", ""punjab"": ""in_force"", ""sindh"": ""in_force"", ""kp"": ""in_force"", ""balochistan"": ""in_force""}",,"Pakistan Code (pakistancode.gov.pk), Act No. XLV of 1860; https://pakistancode.gov.pk/pdffiles/administratord5622ea3f15bfa00b17d2cf7770a8434.pdf",2026-09-23
PPC_1860,"Pakistan Penal Code, 1860",section,402A,,PPC_1860_SEC_402A,Section 402A,Hijacking,"{""federal"": ""in_force"", ""punjab"": ""in_force"", ""sindh"": ""in_force"", ""kp"": ""in_force"", ""balochistan"": ""in_force""}",,"Pakistan Code (pakistancode.gov.pk), Act No. XLV of 1860; https://pakistancode.gov.pk/pdffiles/administratord5622ea3f15bfa00b17d2cf7770a8434.pdf",2026-09-23
PPC_1860,"Pakistan Penal Code, 1860",section,402B,,PPC_1860_SEC_402B,Section 402B,Punishment for hijacking,"{""federal"": ""in_force"", ""punjab"": ""in_force"", ""sindh"": ""in_force"", ""kp"": ""in_force"", ""balochistan"": ""in_force""}",,"Pakistan Code (pakistancode.gov.pk), Act No. XLV of 1860; https://pakistancode.gov.pk/pdffiles/administratord5622ea3f15bfa00b17d2cf7770a8434.pdf",2026-09-23
PPC_1860,"Pakistan Penal Code, 1860",section,402C,,PPC_1860_SEC_402C,Section 402C,"Punishment for harbouring hijacker, etc","{""federal"": ""in_force"", ""punjab"": ""in_force"", ""sindh"": ""in_force"", ""kp"": ""in_force"", ""balochistan"": ""in_force""}",,"Pakistan Code (pakistancode.gov.pk), Act No. XLV of 1860; https://pakistancode.gov.pk/pdffiles/administratord5622ea3f15bfa00b17d2cf7770a8434.pdf",2026-09-23
PPC_1860,"Pakistan Penal Code, 1860",section,403,,PPC_1860_SEC_403,Section 403,Dishonest misappropriation of property,"{""federal"": ""in_force"", ""punjab"": ""in_force"", ""sindh"": ""in_force"", ""kp"": ""in_force"", ""balochistan"": ""in_force""}",,"Pakistan Code (pakistancode.gov.pk), Act No. XLV of 1860; https://pakistancode.gov.pk/pdffiles/administratord5622ea3f15bfa00b17d2cf7770a8434.pdf",2026-09-23
PPC_1860,"Pakistan Penal Code, 1860",section,404,,PPC_1860_SEC_404,Section 404,Dishonest misappropriation of property possessed by deceased person at the time of his death,"{""federal"": ""in_force"", ""punjab"": ""in_force"", ""sindh"": ""in_force"", ""kp"": ""in_force"", ""balochistan"": ""in_force""}",,"Pakistan Code (pakistancode.gov.pk), Act No. XLV of 1860; https://pakistancode.gov.pk/pdffiles/administratord5622ea3f15bfa00b17d2cf7770a8434.pdf",2026-09-23
PPC_1860,"Pakistan Penal Code, 1860",section,405,,PPC_1860_SEC_405,Section 405,Criminal breach of trust,"{""federal"": ""in_force"", ""punjab"": ""in_force"", ""sindh"": ""in_force"", ""kp"": ""in_force"", ""balochistan"": ""in_force""}",,"Pakistan Code (pakistancode.gov.pk), Act No. XLV of 1860; https://pakistancode.gov.pk/pdffiles/administratord5622ea3f15bfa00b17d2cf7770a8434.pdf",2026-09-23
PPC_1860,"Pakistan Penal Code, 1860",section,406,,PPC_1860_SEC_406,Section 406,Punishment for criminal breach of trust,"{""federal"": ""in_force"", ""punjab"": ""in_force"", ""sindh"": ""in_force"", ""kp"": ""in_force"", ""balochistan"": ""in_force""}",,"Pakistan Code (pakistancode.gov.pk), Act No. XLV of 1860; https://pakistancode.gov.pk/pdffiles/administratord5622ea3f15bfa00b17d2cf7770a8434.pdf",2026-09-23
PPC_1860,"Pakistan Penal Code, 1860",section,407,,PPC_1860_SEC_407,Section 407,"Criminal breach of trust by carrier, etc","{""federal"": ""in_force"", ""punjab"": ""in_force"", ""sindh"": ""in_force"", ""kp"": ""in_force"", ""balochistan"": ""in_force""}",,"Pakistan Code (pakistancode.gov.pk), Act No. XLV of 1860; https://pakistancode.gov.pk/pdffiles/administratord5622ea3f15bfa00b17d2cf7770a8434.pdf",2026-09-23
PPC_1860,"Pakistan Penal Code, 1860",section,408,,PPC_1860_SEC_408,Section 408,Criminal breach of trust by clerk or servant,"{""federal"": ""in_force"", ""punjab"": ""in_force"", ""sindh"": ""in_force"", ""kp"": ""in_force"", ""balochistan"": ""in_force""}",,"Pakistan Code (pakistancode.gov.pk), Act No. XLV of 1860; https://pakistancode.gov.pk/pdffiles/administratord5622ea3f15bfa00b17d2cf7770a8434.pdf",2026-09-23
PPC_1860,"Pakistan Penal Code, 1860",section,409,,PPC_1860_SEC_409,Section 409,"Criminal breach of trust by public servant, or by banker, merchant or agent","{""federal"": ""in_force"", ""punjab"": ""in_force"", ""sindh"": ""in_force"", ""kp"": ""in_force"", ""balochistan"": ""in_force""}",,"Pakistan Code (pakistancode.gov.pk), Act No. XLV of 1860; https://pakistancode.gov.pk/pdffiles/administratord5622ea3f15bfa00b17d2cf7770a8434.pdf",2026-09-23
PPC_1860,"Pakistan Penal Code, 1860",section,410,,PPC_1860_SEC_410,Section 410,Stolen property,"{""federal"": ""in_force"", ""punjab"": ""in_force"", ""sindh"": ""in_force"", ""kp"": ""in_force"", ""balochistan"": ""in_force""}",,"Pakistan Code (pakistancode.gov.pk), Act No. XLV of 1860; https://pakistancode.gov.pk/pdffiles/administratord5622ea3f15bfa00b17d2cf7770a8434.pdf",2026-09-23
PPC_1860,"Pakistan Penal Code, 1860",section,411,,PPC_1860_SEC_411,Section 411,Dishonestly receiving stolen property,"{""federal"": ""in_force"", ""punjab"": ""in_force"", ""sindh"": ""in_force"", ""kp"": ""in_force"", ""balochistan"": ""in_force""}",,"Pakistan Code (pakistancode.gov.pk), Act No. XLV of 1860; https://pakistancode.gov.pk/pdffiles/administratord5622ea3f15bfa00b17d2cf7770a8434.pdf",2026-09-23
PPC_1860,"Pakistan Penal Code, 1860",section,412,,PPC_1860_SEC_412,Section 412,Dishonestly receiving property stolen in the commission of a decoity,"{""federal"": ""in_force"", ""punjab"": ""in_force"", ""sindh"": ""in_force"", ""kp"": ""in_force"", ""balochistan"": ""in_force""}",,"Pakistan Code (pakistancode.gov.pk), Act No. XLV of 1860; https://pakistancode.gov.pk/pdffiles/administratord5622ea3f15bfa00b17d2cf7770a8434.pdf",2026-09-23
PPC_1860,"Pakistan Penal Code, 1860",section,413,,PPC_1860_SEC_413,Section 413,Habitually dealing in stolen property,"{""federal"": ""in_force"", ""punjab"": ""in_force"", ""sindh"": ""in_force"", ""kp"": ""in_force"", ""balochistan"": ""in_force""}",,"Pakistan Code (pakistancode.gov.pk), Act No. XLV of 1860; https://pakistancode.gov.pk/pdffiles/administratord5622ea3f15bfa00b17d2cf7770a8434.pdf",2026-09-23
PPC_1860,"Pakistan Penal Code, 1860",section,414,,PPC_1860_SEC_414,Section 414,Assisting in concealment of stolen property,"{""federal"": ""in_force"", ""punjab"": ""in_force"", ""sindh"": ""in_force"", ""kp"": ""in_force"", ""balochistan"": ""in_force""}",,"Pakistan Code (pakistancode.gov.pk), Act No. XLV of 1860; https://pakistancode.gov.pk/pdffiles/administratord5622ea3f15bfa00b17d2cf7770a8434.pdf",2026-09-23
PPC_1860,"Pakistan Penal Code, 1860",section,415,,PPC_1860_SEC_415,Section 415,Cheating,"{""federal"": ""in_force"", ""punjab"": ""in_force"", ""sindh"": ""in_force"", ""kp"": ""in_force"", ""balochistan"": ""in_force""}",,"Pakistan Code (pakistancode.gov.pk), Act No. XLV of 1860; https://pakistancode.gov.pk/pdffiles/administratord5622ea3f15bfa00b17d2cf7770a8434.pdf",2026-09-23
PPC_1860,"Pakistan Penal Code, 1860",section,416,,PPC_1860_SEC_416,Section 416,Cheating by personation,"{""federal"": ""in_force"", ""punjab"": ""in_force"", ""sindh"": ""in_force"", ""kp"": ""in_force"", ""balochistan"": ""in_force""}",,"Pakistan Code (pakistancode.gov.pk), Act No. XLV of 1860; https://pakistancode.gov.pk/pdffiles/administratord5622ea3f15bfa00b17d2cf7770a8434.pdf",2026-09-23
PPC_1860,"Pakistan Penal Code, 1860",section,417,,PPC_1860_SEC_417,Section 417,Punishment for cheating,"{""federal"": ""in_force"", ""punjab"": ""in_force"", ""sindh"": ""in_force"", ""kp"": ""in_force"", ""balochistan"": ""in_force""}",,"Pakistan Code (pakistancode.gov.pk), Act No. XLV of 1860; https://pakistancode.gov.pk/pdffiles/administratord5622ea3f15bfa00b17d2cf7770a8434.pdf",2026-09-23
PPC_1860,"Pakistan Penal Code, 1860",section,418,,PPC_1860_SEC_418,Section 418,Cheating with knowledge that wrongful loss may ensue to person whose interest offender is,"{""federal"": ""in_force"", ""punjab"": ""in_force"", ""sindh"": ""in_force"", ""kp"": ""in_force"", ""balochistan"": ""in_force""}",,"Pakistan Code (pakistancode.gov.pk), Act No. XLV of 1860; https://pakistancode.gov.pk/pdffiles/administratord5622ea3f15bfa00b17d2cf7770a8434.pdf",2026-09-23
PPC_1860,"Pakistan Penal Code, 1860",section,419,,PPC_1860_SEC_419,Section 419,Punishment for cheating by personation,"{""federal"": ""in_force"", ""punjab"": ""in_force"", ""sindh"": ""in_force"", ""kp"": ""in_force"", ""balochistan"": ""in_force""}",,"Pakistan Code (pakistancode.gov.pk), Act No. XLV of 1860; https://pakistancode.gov.pk/pdffiles/administratord5622ea3f15bfa00b17d2cf7770a8434.pdf",2026-09-23
PPC_1860,"Pakistan Penal Code, 1860",section,420,,PPC_1860_SEC_420,Section 420,Cheating and dishonestly inducing delivery of property,"{""federal"": ""in_force"", ""punjab"": ""in_force"", ""sindh"": ""in_force"", ""kp"": ""in_force"", ""balochistan"": ""in_force""}",,"Pakistan Code (pakistancode.gov.pk), Act No. XLV of 1860; https://pakistancode.gov.pk/pdffiles/administratord5622ea3f15bfa00b17d2cf7770a8434.pdf",2026-09-23
PPC_1860,"Pakistan Penal Code, 1860",section,421,,PPC_1860_SEC_421,Section 421,Dishonest or fraudulent removal or concealment of property to prevent distribution among,"{""federal"": ""in_force"", ""punjab"": ""in_force"", ""sindh"": ""in_force"", ""kp"": ""in_force"", ""balochistan"": ""in_force""}",,"Pakistan Code (pakistancode.gov.pk), Act No. XLV of 1860; https://pakistancode.gov.pk/pdffiles/administratord5622ea3f15bfa00b17d2cf7770a8434.pdf",2026-09-23
PPC_1860,"Pakistan Penal Code, 1860",section,422,,PPC_1860_SEC_422,Section 422,Dishonestly or fraudulently preventing debt being available for creditors,"{""federal"": ""in_force"", ""punjab"": ""in_force"", ""sindh"": ""in_force"", ""kp"": ""in_force"", ""balochistan"": ""in_force""}",,"Pakistan Code (pakistancode.gov.pk), Act No. XLV of 1860; https://pakistancode.gov.pk/pdffiles/administratord5622ea3f15bfa00b17d2cf7770a8434.pdf",2026-09-23
PPC_1860,"Pakistan Penal Code, 1860",section,423,,PPC_1860_SEC_423,Section 423,Dishonest or fraudulent execution of deed of transfer cont aining false statement of,"{""federal"": ""in_force"", ""punjab"": ""in_force"", ""sindh"": ""in_force"", ""kp"": ""in_force"", ""balochistan"": ""in_force""}",,"Pakistan Code (pakistancode.gov.pk), Act No. XLV of 1860; https://pakistancode.gov.pk/pdffiles/administratord5622ea3f15bfa00b17d2cf7770a8434.pdf",2026-09-23
PPC_1860,"Pakistan Penal Code, 1860",section,424,,PPC_1860_SEC_424,Section 424,Dishonest or fraudulent removal or concealment of property,"{""federal"": ""in_force"", ""punjab"": ""in_force"", ""sindh"": ""in_force"", ""kp"": ""in_force"", ""balochistan"": ""in_force""}",,"Pakistan Code (pakistancode.gov.pk), Act No. XLV of 1860; https://pakistancode.gov.pk/pdffiles/administratord5622ea3f15bfa00b17d2cf7770a8434.pdf",2026-09-23
PPC_1860,"Pakistan Penal Code, 1860",section,425,,PPC_1860_SEC_425,Section 425,Mischief,"{""federal"": ""in_force"", ""punjab"": ""in_force"", ""sindh"": ""in_force"", ""kp"": ""in_force"", ""balochistan"": ""in_force""}",,"Pakistan Code (pakistancode.gov.pk), Act No. XLV of 1860; https://pakistancode.gov.pk/pdffiles/administratord5622ea3f15bfa00b17d2cf7770a8434.pdf",2026-09-23
PPC_1860,"Pakistan Penal Code, 1860",section,426,,PPC_1860_SEC_426,Section 426,Punishment for mischief,"{""federal"": ""in_force"", ""punjab"": ""in_force"", ""sindh"": ""in_force"", ""kp"": ""in_force"", ""balochistan"": ""in_force""}",,"Pakistan Code (pakistancode.gov.pk), Act No. XLV of 1860; https://pakistancode.gov.pk/pdffiles/administratord5622ea3f15bfa00b17d2cf7770a8434.pdf",2026-09-23
PPC_1860,"Pakistan Penal Code, 1860",section,427,,PPC_1860_SEC_427,Section 427,Mischief causing damage to the amount of fifty rupees,"{""federal"": ""in_force"", ""punjab"": ""in_force"", ""sindh"": ""in_force"", ""kp"": ""in_force"", ""balochistan"": ""in_force""}",,"Pakistan Code (pakistancode.gov.pk), Act No. XLV of 1860; https://pakistancode.gov.pk/pdffiles/administratord5622ea3f15bfa00b17d2cf7770a8434.pdf",2026-09-23
PPC_1860,"Pakistan Penal Code, 1860",section,428,,PPC_1860_SEC_428,Section 428,Mischief by killing or maiming animal of the value of ten rupees,"{""federal"": ""in_force"", ""punjab"": ""in_force"", ""sindh"": ""in_force"", ""kp"": ""in_force"", ""balochistan"": ""in_force""}",,"Pakistan Code (pakistancode.gov.pk), Act No. XLV of 1860; https://pakistancode.gov.pk/pdffiles/administratord5622ea3f15bfa00b17d2cf7770a8434.pdf",2026-09-23
PPC_1860,"Pakistan Penal Code, 1860",section,429,,PPC_1860_SEC_429,Section 429,"Mischief by killing or maiming cattle, etc., of any value or any animal of the  value of fifty","{""federal"": ""in_force"", ""punjab"": ""in_force"", ""sindh"": ""in_force"", ""kp"": ""in_force"", ""balochistan"": ""in_force""}",,"Pakistan Code (pakistancode.gov.pk), Act No. XLV of 1860; https://pakistancode.gov.pk/pdffiles/administratord5622ea3f15bfa00b17d2cf7770a8434.pdf",2026-09-23
PPC_1860,"Pakistan Penal Code, 1860",section,430,,PPC_1860_SEC_430,Section 430,Mischief by injury to works of irrigation or by wrongfully diverting water,"{""federal"": ""in_force"", ""punjab"": ""in_force"", ""sindh"": ""in_force"", ""kp"": ""in_force"", ""balochistan"": ""in_force""}",,"Pakistan Code (pakistancode.gov.pk), Act No. XLV of 1860; https://pakistancode.gov.pk/pdffiles/administratord5622ea3f15bfa00b17d2cf7770a8434.pdf",2026-09-23
PPC_1860,"Pakistan Penal Code, 1860",section,431,,PPC_1860_SEC_431,Section 431,"Mischief by injury to public road, bridge, river, or channel","{""federal"": ""in_force"", ""punjab"": ""in_force"", ""sindh"": ""in_force"", ""kp"": ""in_force"", ""balochistan"": ""in_force""}",,"Pakistan Code (pakistancode.gov.pk), Act No. XLV of 1860; https://pakistancode.gov.pk/pdffiles/administratord5622ea3f15bfa00b17d2cf7770a8434.pdf",2026-09-23
PPC_1860,"Pakistan Penal Code, 1860",section,432,,PPC_1860_SEC_432,Section 432,Mischief by causing inundation or obstruction to public drainage attended with damage,"{""federal"": ""in_force"", ""punjab"": ""in_force"", ""sindh"": ""in_force"", ""kp"": ""in_force"", ""balochistan"": ""in_force""}",,"Pakistan Code (pakistancode.gov.pk), Act No. XLV of 1860; https://pakistancode.gov.pk/pdffiles/administratord5622ea3f15bfa00b17d2cf7770a8434.pdf",2026-09-23
PPC_1860,"Pakistan Penal Code, 1860",section,433,,PPC_1860_SEC_433,Section 433,"Mischief by destroying, moving or rendering less useful a light­house or sea­ mark","{""federal"": ""in_force"", ""punjab"": ""in_force"", ""sindh"": ""in_force"", ""kp"": ""in_force"", ""balochistan"": ""in_force""}",,"Pakistan Code (pakistancode.gov.pk), Act No. XLV of 1860; https://pakistancode.gov.pk/pdffiles/administratord5622ea3f15bfa00b17d2cf7770a8434.pdf",2026-09-23
PPC_1860,"Pakistan Penal Code, 1860",section,434,,PPC_1860_SEC_434,Section 434,"Mischief by destroying or moving etc., a landmark fixed by public authority","{""federal"": ""in_force"", ""punjab"": ""in_force"", ""sindh"": ""in_force"", ""kp"": ""in_force"", ""balochistan"": ""in_force""}",,"Pakistan Code (pakistancode.gov.pk), Act No. XLV of 1860; https://pakistancode.gov.pk/pdffiles/administratord5622ea3f15bfa00b17d2cf7770a8434.pdf",2026-09-23
PPC_1860,"Pakistan Penal Code, 1860",section,435,,PPC_1860_SEC_435,Section 435,Mischief by fire or explosive substance with intent to cause damage to amount of one hundred,"{""federal"": ""in_force"", ""punjab"": ""in_force"", ""sindh"": ""in_force"", ""kp"": ""in_force"", ""balochistan"": ""in_force""}",,"Pakistan Code (pakistancode.gov.pk), Act No. XLV of 1860; https://pakistancode.gov.pk/pdffiles/administratord5622ea3f15bfa00b17d2cf7770a8434.pdf",2026-09-23
PPC_1860,"Pakistan Penal Code, 1860",section,436,,PPC_1860_SEC_436,Section 436,"Mischief by fire or explosive substance with intent to destroy house, etc","{""federal"": ""in_force"", ""punjab"": ""in_force"", ""sindh"": ""in_force"", ""kp"": ""in_force"", ""balochistan"": ""in_force""}",,"Pakistan Code (pakistancode.gov.pk), Act No. XLV of 1860; https://pakistancode.gov.pk/pdffiles/administratord5622ea3f15bfa00b17d2cf7770a8434.pdf",2026-09-23
PPC_1860,"Pakistan Penal Code, 1860",section,437,,PPC_1860_SEC_437,Section 437,Mischief with intent to destroy or make unsafe a decked vessel or one of twenty tons burden,"{""federal"": ""in_force"", ""punjab"": ""in_force"", ""sindh"": ""in_force"", ""kp"": ""in_force"", ""balochistan"": ""in_force""}",,"Pakistan Code (pakistancode.gov.pk), Act No. XLV of 1860; https://pakistancode.gov.pk/pdffiles/administratord5622ea3f15bfa00b17d2cf7770a8434.pdf",2026-09-23
PPC_1860,"Pakistan Penal Code, 1860",section,438,,PPC_1860_SEC_438,Section 438,Punishment for the mischief described in section 437 committed by fire or explosive substance,"{""federal"": ""in_force"", ""punjab"": ""in_force"", ""sindh"": ""in_force"", ""kp"": ""in_force"", ""balochistan"": ""in_force""}",,"Pakistan Code (pakistancode.gov.pk), Act No. XLV of 1860; https://pakistancode.gov.pk/pdffiles/administratord5622ea3f15bfa00b17d2cf7770a8434.pdf",2026-09-23
PPC_1860,"Pakistan Penal Code, 1860",section,439,,PPC_1860_SEC_439,Section 439,"Punishment for intentionally running vessel aground or ashore with intent to commit theft, etc","{""federal"": ""in_force"", ""punjab"": ""in_force"", ""sindh"": ""in_force"", ""kp"": ""in_force"", ""balochistan"": ""in_force""}",,"Pakistan Code (pakistancode.gov.pk), Act No. XLV of 1860; https://pakistancode.gov.pk/pdffiles/administratord5622ea3f15bfa00b17d2cf7770a8434.pdf",2026-09-23
PPC_1860,"Pakistan Penal Code, 1860",section,440,,PPC_1860_SEC_440,Section 440,Mischief committed after preparation made causing death or hurt,"{""federal"": ""in_force"", ""punjab"": ""in_force"", ""sindh"": ""in_force"", ""kp"": ""in_force"", ""balochistan"": ""in_force""}",,"Pakistan Code (pakistancode.gov.pk), Act No. XLV of 1860; https://pakistancode.gov.pk/pdffiles/administratord5622ea3f15bfa00b17d2cf7770a8434.pdf",2026-09-23
PPC_1860,"Pakistan Penal Code, 1860",section,441,,PPC_1860_SEC_441,Section 441,Criminal trespass,"{""federal"": ""in_force"", ""punjab"": ""in_force"", ""sindh"": ""in_force"", ""kp"": ""in_force"", ""balochistan"": ""in_force""}",,"Pakistan Code (pakistancode.gov.pk), Act No. XLV of 1860; https://pakistancode.gov.pk/pdffiles/administratord5622ea3f15bfa00b17d2cf7770a8434.pdf",2026-09-23
PPC_1860,"Pakistan Penal Code, 1860",section,442,,PPC_1860_SEC_442,Section 442,House­trespass,"{""federal"": ""in_force"", ""punjab"": ""in_force"", ""sindh"": ""in_force"", ""kp"": ""in_force"", ""balochistan"": ""in_force""}",,"Pakistan Code (pakistancode.gov.pk), Act No. XLV of 1860; https://pakistancode.gov.pk/pdffiles/administratord5622ea3f15bfa00b17d2cf7770a8434.pdf",2026-09-23
PPC_1860,"Pakistan Penal Code, 1860",section,443,,PPC_1860_SEC_443,Section 443,Lurking house­trespass,"{""federal"": ""in_force"", ""punjab"": ""in_force"", ""sindh"": ""in_force"", ""kp"": ""in_force"", ""balochistan"": ""in_force""}",,"Pakistan Code (pakistancode.gov.pk), Act No. XLV of 1860; https://pakistancode.gov.pk/pdffiles/administratord5622ea3f15bfa00b17d2cf7770a8434.pdf",2026-09-23
PPC_1860,"Pakistan Penal Code, 1860",section,444,,PPC_1860_SEC_444,Section 444,Lurking house­trespass by night,"{""federal"": ""in_force"", ""punjab"": ""in_force"", ""sindh"": ""in_force"", ""kp"": ""in_force"", ""balochistan"": ""in_force""}",,"Pakistan Code (pakistancode.gov.pk), Act No. XLV of 1860; https://pakistancode.gov.pk/pdffiles/administratord5622ea3f15bfa00b17d2cf7770a8434.pdf",2026-09-23
PPC_1860,"Pakistan Penal Code, 1860",section,445,,PPC_1860_SEC_445,Section 445,House­breaking,"{""federal"": ""in_force"", ""punjab"": ""in_force"", ""sindh"": ""in_force"", ""kp"": ""in_force"", ""balochistan"": ""in_force""}",,"Pakistan Code (pakistancode.gov.pk), Act No. XLV of 1860; https://pakistancode.gov.pk/pdffiles/administratord5622ea3f15bfa00b17d2cf7770a8434.pdf",2026-09-23
PPC_1860,"Pakistan Penal Code, 1860",section,446,,PPC_1860_SEC_446,Section 446,House­breaking by night,"{""federal"": ""in_force"", ""punjab"": ""in_force"", ""sindh"": ""in_force"", ""kp"": ""in_force"", ""balochistan"": ""in_force""}",,"Pakistan Code (pakistancode.gov.pk), Act No. XLV of 1860; https://pakistancode.gov.pk/pdffiles/administratord5622ea3f15bfa00b17d2cf7770a8434.pdf",2026-09-23
PPC_1860,"Pakistan Penal Code, 1860",section,447,,PPC_1860_SEC_447,Section 447,Punishment for criminal trespass,"{""federal"": ""in_force"", ""punjab"": ""in_force"", ""sindh"": ""in_force"", ""kp"": ""in_force"", ""balochistan"": ""in_force""}",,"Pakistan Code (pakistancode.gov.pk), Act No. XLV of 1860; https://pakistancode.gov.pk/pdffiles/administratord5622ea3f15bfa00b17d2cf7770a8434.pdf",2026-09-23
PPC_1860,"Pakistan Penal Code, 1860",section,448,,PPC_1860_SEC_448,Section 448,Punishment for house­trespass,"{""federal"": ""in_force"", ""punjab"": ""in_force"", ""sindh"": ""in_force"", ""kp"": ""in_force"", ""balochistan"": ""in_force""}",,"Pakistan Code (pakistancode.gov.pk), Act No. XLV of 1860; https://pakistancode.gov.pk/pdffiles/administratord5622ea3f15bfa00b17d2cf7770a8434.pdf",2026-09-23
PPC_1860,"Pakistan Penal Code, 1860",section,449,,PPC_1860_SEC_449,Section 449,House­trespass in order to commit offence punishable with death,"{""federal"": ""in_force"", ""punjab"": ""in_force"", ""sindh"": ""in_force"", ""kp"": ""in_force"", ""balochistan"": ""in_force""}",,"Pakistan Code (pakistancode.gov.pk), Act No. XLV of 1860; https://pakistancode.gov.pk/pdffiles/administratord5622ea3f15bfa00b17d2cf7770a8434.pdf",2026-09-23
PPC_1860,"Pakistan Penal Code, 1860",section,450,,PPC_1860_SEC_450,Section 450,House­trespass in order to commit offence punishable with imprisonment for life,"{""federal"": ""in_force"", ""punjab"": ""in_force"", ""sindh"": ""in_force"", ""kp"": ""in_force"", ""balochistan"": ""in_force""}",,"Pakistan Code (pakistancode.gov.pk), Act No. XLV of 1860; https://pakistancode.gov.pk/pdffiles/administratord5622ea3f15bfa00b17d2cf7770a8434.pdf",2026-09-23
PPC_1860,"Pakistan Penal Code, 1860",section,451,,PPC_1860_SEC_451,Section 451,House­trespass in order to commit offence punishable with imprisonment,"{""federal"": ""in_force"", ""punjab"": ""in_force"", ""sindh"": ""in_force"", ""kp"": ""in_force"", ""balochistan"": ""in_force""}",,"Pakistan Code (pakistancode.gov.pk), Act No. XLV of 1860; https://pakistancode.gov.pk/pdffiles/administratord5622ea3f15bfa00b17d2cf7770a8434.pdf",2026-09-23
PPC_1860,"Pakistan Penal Code, 1860",section,452,,PPC_1860_SEC_452,Section 452,"House­trespass after preparation for hurt, assault or wrongful restraint","{""federal"": ""in_force"", ""punjab"": ""in_force"", ""sindh"": ""in_force"", ""kp"": ""in_force"", ""balochistan"": ""in_force""}",,"Pakistan Code (pakistancode.gov.pk), Act No. XLV of 1860; https://pakistancode.gov.pk/pdffiles/administratord5622ea3f15bfa00b17d2cf7770a8434.pdf",2026-09-23
PPC_1860,"Pakistan Penal Code, 1860",section,453,,PPC_1860_SEC_453,Section 453,Punishment for lurking house­trespass or house breaking,"{""federal"": ""in_force"", ""punjab"": ""in_force"", ""sindh"": ""in_force"", ""kp"": ""in_force"", ""balochistan"": ""in_force""}",,"Pakistan Code (pakistancode.gov.pk), Act No. XLV of 1860; https://pakistancode.gov.pk/pdffiles/administratord5622ea3f15bfa00b17d2cf7770a8434.pdf",2026-09-23
PPC_1860,"Pakistan Penal Code, 1860",section,454,,PPC_1860_SEC_454,Section 454,Lurking house­trespass or house­br eaking in order to commit offence punishable with,"{""federal"": ""in_force"", ""punjab"": ""in_force"", ""sindh"": ""in_force"", ""kp"": ""in_force"", ""balochistan"": ""in_force""}",,"Pakistan Code (pakistancode.gov.pk), Act No. XLV of 1860; https://pakistancode.gov.pk/pdffiles/administratord5622ea3f15bfa00b17d2cf7770a8434.pdf",2026-09-23
PPC_1860,"Pakistan Penal Code, 1860",section,455,,PPC_1860_SEC_455,Section 455,"Lurking house­trespass or house­breaking after preparation for hurt, assault or wrongful","{""federal"": ""in_force"", ""punjab"": ""in_force"", ""sindh"": ""in_force"", ""kp"": ""in_force"", ""balochistan"": ""in_force""}",,"Pakistan Code (pakistancode.gov.pk), Act No. XLV of 1860; https://pakistancode.gov.pk/pdffiles/administratord5622ea3f15bfa00b17d2cf7770a8434.pdf",2026-09-23
PPC_1860,"Pakistan Penal Code, 1860",section,456,,PPC_1860_SEC_456,Section 456,Punishment for lurking house­trespass or house breaking by night,"{""federal"": ""in_force"", ""punjab"": ""in_force"", ""sindh"": ""in_force"", ""kp"": ""in_force"", ""balochistan"": ""in_force""}",,"Pakistan Code (pakistancode.gov.pk), Act No. XLV of 1860; https://pakistancode.gov.pk/pdffiles/administratord5622ea3f15bfa00b17d2cf7770a8434.pdf",2026-09-23
PPC_1860,"Pakistan Penal Code, 1860",section,457,,PPC_1860_SEC_457,Section 457,Lurking house­trespass or house­breaking by night in order to commit offence punishable with,"{""federal"": ""in_force"", ""punjab"": ""in_force"", ""sindh"": ""in_force"", ""kp"": ""in_force"", ""balochistan"": ""in_force""}",,"Pakistan Code (pakistancode.gov.pk), Act No. XLV of 1860; https://pakistancode.gov.pk/pdffiles/administratord5622ea3f15bfa00b17d2cf7770a8434.pdf",2026-09-23
PPC_1860,"Pakistan Penal Code, 1860",section,458,,PPC_1860_SEC_458,Section 458,"Lurking house­trespass or house­breaking by night after preparation for hurt, assault or","{""federal"": ""in_force"", ""punjab"": ""in_force"", ""sindh"": ""in_force"", ""kp"": ""in_force"", ""balochistan"": ""in_force""}",,"Pakistan Code (pakistancode.gov.pk), Act No. XLV of 1860; https://pakistancode.gov.pk/pdffiles/administratord5622ea3f15bfa00b17d2cf7770a8434.pdf",2026-09-23
PPC_1860,"Pakistan Penal Code, 1860",section,459,,PPC_1860_SEC_459,Section 459,Hurt caused whilst committing lurking house­trespass or house­breaking,"{""federal"": ""in_force"", ""punjab"": ""in_force"", ""sindh"": ""in_force"", ""kp"": ""in_force"", ""balochistan"": ""in_force""}",,"Pakistan Code (pakistancode.gov.pk), Act No. XLV of 1860; https://pakistancode.gov.pk/pdffiles/administratord5622ea3f15bfa00b17d2cf7770a8434.pdf",2026-09-23
PPC_1860,"Pakistan Penal Code, 1860",section,460,,PPC_1860_SEC_460,Section 460,Persons jointly concerned in lurking house­trespass or house­breaking by night punishable for,"{""federal"": ""in_force"", ""punjab"": ""in_force"", ""sindh"": ""in_force"", ""kp"": ""in_force"", ""balochistan"": ""in_force""}",,"Pakistan Code (pakistancode.gov.pk), Act No. XLV of 1860; https://pakistancode.gov.pk/pdffiles/administratord5622ea3f15bfa00b17d2cf7770a8434.pdf",2026-09-23
PPC_1860,"Pakistan Penal Code, 1860",section,461,,PPC_1860_SEC_461,Section 461,Dishonestly breaking open receptacle containing property,"{""federal"": ""in_force"", ""punjab"": ""in_force"", ""sindh"": ""in_force"", ""kp"": ""in_force"", ""balochistan"": ""in_force""}",,"Pakistan Code (pakistancode.gov.pk), Act No. XLV of 1860; https://pakistancode.gov.pk/pdffiles/administratord5622ea3f15bfa00b17d2cf7770a8434.pdf",2026-09-23
PPC_1860,"Pakistan Penal Code, 1860",section,462,,PPC_1860_SEC_462,Section 462,Punishment for same offence when committed by person entrusted with custody,"{""federal"": ""in_force"", ""punjab"": ""in_force"", ""sindh"": ""in_force"", ""kp"": ""in_force"", ""balochistan"": ""in_force""}",,"Pakistan Code (pakistancode.gov.pk), Act No. XLV of 1860; https://pakistancode.gov.pk/pdffiles/administratord5622ea3f15bfa00b17d2cf7770a8434.pdf",2026-09-23
PPC_1860,"Pakistan Penal Code, 1860",section,462A,,PPC_1860_SEC_462A,Section 462A,Definition,"{""federal"": ""in_force"", ""punjab"": ""in_force"", ""sindh"": ""in_force"", ""kp"": ""in_force"", ""balochistan"": ""in_force""}",,"Pakistan Code (pakistancode.gov.pk), Act No. XLV of 1860; https://pakistancode.gov.pk/pdffiles/administratord5622ea3f15bfa00b17d2cf7770a8434.pdf",2026-09-23
PPC_1860,"Pakistan Penal Code, 1860",section,462B,,PPC_1860_SEC_462B,Section 462B,"Tampering with petroleum pipelines, etc","{""federal"": ""in_force"", ""punjab"": ""in_force"", ""sindh"": ""in_force"", ""kp"": ""in_force"", ""balochistan"": ""in_force""}",,"Pakistan Code (pakistancode.gov.pk), Act No. XLV of 1860; https://pakistancode.gov.pk/pdffiles/administratord5622ea3f15bfa00b17d2cf7770a8434.pdf",2026-09-23
PPC_1860,"Pakistan Penal Code, 1860",section,462C,,PPC_1860_SEC_462C,Section 462C,Tampering with auxiliary or distribution pipelines of petroleum,"{""federal"": ""in_force"", ""punjab"": ""in_force"", ""sindh"": ""in_force"", ""kp"": ""in_force"", ""balochistan"": ""in_force""}",,"Pakistan Code (pakistancode.gov.pk), Act No. XLV of 1860; https://pakistancode.gov.pk/pdffiles/administratord5622ea3f15bfa00b17d2cf7770a8434.pdf",2026-09-23
PPC_1860,"Pakistan Penal Code, 1860",section,462D,,PPC_1860_SEC_462D,Section 462D,"Tampering with gas meter by domestic consumer, etc","{""federal"": ""in_force"", ""punjab"": ""in_force"", ""sindh"": ""in_force"", ""kp"": ""in_force"", ""balochistan"": ""in_force""}",,"Pakistan Code (pakistancode.gov.pk), Act No. XLV of 1860; https://pakistancode.gov.pk/pdffiles/administratord5622ea3f15bfa00b17d2cf7770a8434.pdf",2026-09-23
PPC_1860,"Pakistan Penal Code, 1860",section,462E,,PPC_1860_SEC_462E,Section 462E,"Tampering with gas meter by Industrial or commercial consumer, etc","{""federal"": ""in_force"", ""punjab"": ""in_force"", ""sindh"": ""in_force"", ""kp"": ""in_force"", ""balochistan"": ""in_force""}",,"Pakistan Code (pakistancode.gov.pk), Act No. XLV of 1860; https://pakistancode.gov.pk/pdffiles/administratord5622ea3f15bfa00b17d2cf7770a8434.pdf",2026-09-23
PPC_1860,"Pakistan Penal Code, 1860",section,462F,,PPC_1860_SEC_462F,Section 462F,"Damaging or destructing the transmission or transportation lines, etc","{""federal"": ""in_force"", ""punjab"": ""in_force"", ""sindh"": ""in_force"", ""kp"": ""in_force"", ""balochistan"": ""in_force""}",,"Pakistan Code (pakistancode.gov.pk), Act No. XLV of 1860; https://pakistancode.gov.pk/pdffiles/administratord5622ea3f15bfa00b17d2cf7770a8434.pdf",2026-09-23
PPC_1860,"Pakistan Penal Code, 1860",section,462G,,PPC_1860_SEC_462G,Section 462G,Definitions,"{""federal"": ""in_force"", ""punjab"": ""in_force"", ""sindh"": ""in_force"", ""kp"": ""in_force"", ""balochistan"": ""in_force""}",,"Pakistan Code (pakistancode.gov.pk), Act No. XLV of 1860; https://pakistancode.gov.pk/pdffiles/administratord5622ea3f15bfa00b17d2cf7770a8434.pdf",2026-09-23
PPC_1860,"Pakistan Penal Code, 1860",section,462H,,PPC_1860_SEC_462H,Section 462H,Abstraction or tampering etc. with transmission,"{""federal"": ""in_force"", ""punjab"": ""in_force"", ""sindh"": ""in_force"", ""kp"": ""in_force"", ""balochistan"": ""in_force""}",,"Pakistan Code (pakistancode.gov.pk), Act No. XLV of 1860; https://pakistancode.gov.pk/pdffiles/administratord5622ea3f15bfa00b17d2cf7770a8434.pdf",2026-09-23
PPC_1860,"Pakistan Penal Code, 1860",section,462I,,PPC_1860_SEC_462I,Section 462I,"Abstraction or tampering etc., with distribution or auxiliary","{""federal"": ""in_force"", ""punjab"": ""in_force"", ""sindh"": ""in_force"", ""kp"": ""in_force"", ""balochistan"": ""in_force""}",,"Pakistan Code (pakistancode.gov.pk), Act No. XLV of 1860; https://pakistancode.gov.pk/pdffiles/administratord5622ea3f15bfa00b17d2cf7770a8434.pdf",2026-09-23
PPC_1860,"Pakistan Penal Code, 1860",section,462J,,PPC_1860_SEC_462J,Section 462J,"Interference, improper use or tampering with electric meter by domestic consumer, etc","{""federal"": ""in_force"", ""punjab"": ""in_force"", ""sindh"": ""in_force"", ""kp"": ""in_force"", ""balochistan"": ""in_force""}",,"Pakistan Code (pakistancode.gov.pk), Act No. XLV of 1860; https://pakistancode.gov.pk/pdffiles/administratord5622ea3f15bfa00b17d2cf7770a8434.pdf",2026-09-23
PPC_1860,"Pakistan Penal Code, 1860",section,462K,,PPC_1860_SEC_462K,Section 462K,"Interference, improper use of tampering with electric meter by industrial or commercial, etc","{""federal"": ""in_force"", ""punjab"": ""in_force"", ""sindh"": ""in_force"", ""kp"": ""in_force"", ""balochistan"": ""in_force""}",,"Pakistan Code (pakistancode.gov.pk), Act No. XLV of 1860; https://pakistancode.gov.pk/pdffiles/administratord5622ea3f15bfa00b17d2cf7770a8434.pdf",2026-09-23
PPC_1860,"Pakistan Penal Code, 1860",section,462L,,PPC_1860_SEC_462L,Section 462L,"Interference, improper use or tempering with electric meter by agricultural consumer, etc","{""federal"": ""in_force"", ""punjab"": ""in_force"", ""sindh"": ""in_force"", ""kp"": ""in_force"", ""balochistan"": ""in_force""}",,"Pakistan Code (pakistancode.gov.pk), Act No. XLV of 1860; https://pakistancode.gov.pk/pdffiles/administratord5622ea3f15bfa00b17d2cf7770a8434.pdf",2026-09-23
PPC_1860,"Pakistan Penal Code, 1860",section,462M,,PPC_1860_SEC_462M,Section 462M,"Damaging or destroying or destructing the transmission lines, distribution lines, electric meter","{""federal"": ""in_force"", ""punjab"": ""in_force"", ""sindh"": ""in_force"", ""kp"": ""in_force"", ""balochistan"": ""in_force""}",,"Pakistan Code (pakistancode.gov.pk), Act No. XLV of 1860; https://pakistancode.gov.pk/pdffiles/administratord5622ea3f15bfa00b17d2cf7770a8434.pdf",2026-09-23
PPC_1860,"Pakistan Penal Code, 1860",section,362N,,PPC_1860_SEC_362N,Section 362N,Recovery of outstanding amounts from persons involved in section 462H to 462M offences,"{""federal"": ""in_force"", ""punjab"": ""in_force"", ""sindh"": ""in_force"", ""kp"": ""in_force"", ""balochistan"": ""in_force""}",,"Pakistan Code (pakistancode.gov.pk), Act No. XLV of 1860; https://pakistancode.gov.pk/pdffiles/administratord5622ea3f15bfa00b17d2cf7770a8434.pdf",2026-09-23
PPC_1860,"Pakistan Penal Code, 1860",section,462O,,PPC_1860_SEC_462O,Section 462O,Cognizance,"{""federal"": ""in_force"", ""punjab"": ""in_force"", ""sindh"": ""in_force"", ""kp"": ""in_force"", ""balochistan"": ""in_force""}",,"Pakistan Code (pakistancode.gov.pk), Act No. XLV of 1860; https://pakistancode.gov.pk/pdffiles/administratord5622ea3f15bfa00b17d2cf7770a8434.pdf",2026-09-23
PPC_1860,"Pakistan Penal Code, 1860",section,462P,,PPC_1860_SEC_462P,Section 462P,Overriding effect,"{""federal"": ""in_force"", ""punjab"": ""in_force"", ""sindh"": ""in_force"", ""kp"": ""in_force"", ""balochistan"": ""in_force""}",,"Pakistan Code (pakistancode.gov.pk), Act No. XLV of 1860; https://pakistancode.gov.pk/pdffiles/administratord5622ea3f15bfa00b17d2cf7770a8434.pdf",2026-09-23
PPC_1860,"Pakistan Penal Code, 1860",section,463,,PPC_1860_SEC_463,Section 463,Forgery,"{""federal"": ""in_force"", ""punjab"": ""in_force"", ""sindh"": ""in_force"", ""kp"": ""in_force"", ""balochistan"": ""in_force""}",,"Pakistan Code (pakistancode.gov.pk), Act No. XLV of 1860; https://pakistancode.gov.pk/pdffiles/administratord5622ea3f15bfa00b17d2cf7770a8434.pdf",2026-09-23
PPC_1860,"Pakistan Penal Code, 1860",section,464,,PPC_1860_SEC_464,Section 464,Making a false document,"{""federal"": ""in_force"", ""punjab"": ""in_force"", ""sindh"": ""in_force"", ""kp"": ""in_force"", ""balochistan"": ""in_force""}",,"Pakistan Code (pakistancode.gov.pk), Act No. XLV of 1860; https://pakistancode.gov.pk/pdffiles/administratord5622ea3f15bfa00b17d2cf7770a8434.pdf",2026-09-23
PPC_1860,"Pakistan Penal Code, 1860",section,465,,PPC_1860_SEC_465,Section 465,Punishment for forgery,"{""federal"": ""in_force"", ""punjab"": ""in_force"", ""sindh"": ""in_force"", ""kp"": ""in_force"", ""balochistan"": ""in_force""}",,"Pakistan Code (pakistancode.gov.pk), Act No. XLV of 1860; https://pakistancode.gov.pk/pdffiles/administratord5622ea3f15bfa00b17d2cf7770a8434.pdf",2026-09-23
PPC_1860,"Pakistan Penal Code, 1860",section,466,,PPC_1860_SEC_466,Section 466,"Forgery of record of Court or of public register, etc","{""federal"": ""in_force"", ""punjab"": ""in_force"", ""sindh"": ""in_force"", ""kp"": ""in_force"", ""balochistan"": ""in_force""}",,"Pakistan Code (pakistancode.gov.pk), Act No. XLV of 1860; https://pakistancode.gov.pk/pdffiles/administratord5622ea3f15bfa00b17d2cf7770a8434.pdf",2026-09-23
PPC_1860,"Pakistan Penal Code, 1860",section,467,,PPC_1860_SEC_467,Section 467,"Forgery for valuable security, will, etc","{""federal"": ""in_force"", ""punjab"": ""in_force"", ""sindh"": ""in_force"", ""kp"": ""in_force"", ""balochistan"": ""in_force""}",,"Pakistan Code (pakistancode.gov.pk), Act No. XLV of 1860; https://pakistancode.gov.pk/pdffiles/administratord5622ea3f15bfa00b17d2cf7770a8434.pdf",2026-09-23
PPC_1860,"Pakistan Penal Code, 1860",section,468,,PPC_1860_SEC_468,Section 468,Forgery for purpose of cheating,"{""federal"": ""in_force"", ""punjab"": ""in_force"", ""sindh"": ""in_force"", ""kp"": ""in_force"", ""balochistan"": ""in_force""}",,"Pakistan Code (pakistancode.gov.pk), Act No. XLV of 1860; https://pakistancode.gov.pk/pdffiles/administratord5622ea3f15bfa00b17d2cf7770a8434.pdf",2026-09-23
PPC_1860,"Pakistan Penal Code, 1860",section,469,,PPC_1860_SEC_469,Section 469,Forgery for purpose of harming reputation,"{""federal"": ""in_force"", ""punjab"": ""in_force"", ""sindh"": ""in_force"", ""kp"": ""in_force"", ""balochistan"": ""in_force""}",,"Pakistan Code (pakistancode.gov.pk), Act No. XLV of 1860; https://pakistancode.gov.pk/pdffiles/administratord5622ea3f15bfa00b17d2cf7770a8434.pdf",2026-09-23
PPC_1860,"Pakistan Penal Code, 1860",section,470,,PPC_1860_SEC_470,Section 470,Forged document,"{""federal"": ""in_force"", ""punjab"": ""in_force"", ""sindh"": ""in_force"", ""kp"": ""in_force"", ""balochistan"": ""in_force""}",,"Pakistan Code (pakistancode.gov.pk), Act No. XLV of 1860; https://pakistancode.gov.pk/pdffiles/administratord5622ea3f15bfa00b17d2cf7770a8434.pdf",2026-09-23
PPC_1860,"Pakistan Penal Code, 1860",section,471,,PPC_1860_SEC_471,Section 471,Using as genuine a forged document,"{""federal"": ""in_force"", ""punjab"": ""in_force"", ""sindh"": ""in_force"", ""kp"": ""in_force"", ""balochistan"": ""in_force""}",,"Pakistan Code (pakistancode.gov.pk), Act No. XLV of 1860; https://pakistancode.gov.pk/pdffiles/administratord5622ea3f15bfa00b17d2cf7770a8434.pdf",2026-09-23
PPC_1860,"Pakistan Penal Code, 1860",section,472,,PPC_1860_SEC_472,Section 472,"Making or possessing counterfeit seal, etc., with intent to commit forgery punishable under","{""federal"": ""in_force"", ""punjab"": ""in_force"", ""sindh"": ""in_force"", ""kp"": ""in_force"", ""balochistan"": ""in_force""}",,"Pakistan Code (pakistancode.gov.pk), Act No. XLV of 1860; https://pakistancode.gov.pk/pdffiles/administratord5622ea3f15bfa00b17d2cf7770a8434.pdf",2026-09-23
PPC_1860,"Pakistan Penal Code, 1860",section,473,,PPC_1860_SEC_473,Section 473,"Making or possessing counterfeit seal, etc., with intent to commit forgery punishable otherwise","{""federal"": ""in_force"", ""punjab"": ""in_force"", ""sindh"": ""in_force"", ""kp"": ""in_force"", ""balochistan"": ""in_force""}",,"Pakistan Code (pakistancode.gov.pk), Act No. XLV of 1860; https://pakistancode.gov.pk/pdffiles/administratord5622ea3f15bfa00b17d2cf7770a8434.pdf",2026-09-23
PPC_1860,"Pakistan Penal Code, 1860",section,474,,PPC_1860_SEC_474,Section 474,"Having possession of document described in section 466 or 467, knowing it to be forged and","{""federal"": ""in_force"", ""punjab"": ""in_force"", ""sindh"": ""in_force"", ""kp"": ""in_force"", ""balochistan"": ""in_force""}",,"Pakistan Code (pakistancode.gov.pk), Act No. XLV of 1860; https://pakistancode.gov.pk/pdffiles/administratord5622ea3f15bfa00b17d2cf7770a8434.pdf",2026-09-23
PPC_1860,"Pakistan Penal Code, 1860",section,475,,PPC_1860_SEC_475,Section 475,"Counterfeiting device or mark used for authenticating documents described in section 467, or","{""federal"": ""in_force"", ""punjab"": ""in_force"", ""sindh"": ""in_force"", ""kp"": ""in_force"", ""balochistan"": ""in_force""}",,"Pakistan Code (pakistancode.gov.pk), Act No. XLV of 1860; https://pakistancode.gov.pk/pdffiles/administratord5622ea3f15bfa00b17d2cf7770a8434.pdf",2026-09-23
PPC_1860,"Pakistan Penal Code, 1860",section,476,,PPC_1860_SEC_476,Section 476,"Counterfeiting device or mark used for authenticating, documents other than those described","{""federal"": ""in_force"", ""punjab"": ""in_force"", ""sindh"": ""in_force"", ""kp"": ""in_force"", ""balochistan"": ""in_force""}",,"Pakistan Code (pakistancode.gov.pk), Act No. XLV of 1860; https://pakistancode.gov.pk/pdffiles/administratord5622ea3f15bfa00b17d2cf7770a8434.pdf",2026-09-23
PPC_1860,"Pakistan Penal Code, 1860",section,477,,PPC_1860_SEC_477,Section 477,"Fraudulent cancellation, destruction, etc., of will, authority to adopt, or valuable security","{""federal"": ""in_force"", ""punjab"": ""in_force"", ""sindh"": ""in_force"", ""kp"": ""in_force"", ""balochistan"": ""in_force""}",,"Pakistan Code (pakistancode.gov.pk), Act No. XLV of 1860; https://pakistancode.gov.pk/pdffiles/administratord5622ea3f15bfa00b17d2cf7770a8434.pdf",2026-09-23
PPC_1860,"Pakistan Penal Code, 1860",section,477A,,PPC_1860_SEC_477A,Section 477A,Falsification of accounts,"{""federal"": ""in_force"", ""punjab"": ""in_force"", ""sindh"": ""in_force"", ""kp"": ""in_force"", ""balochistan"": ""in_force""}",,"Pakistan Code (pakistancode.gov.pk), Act No. XLV of 1860; https://pakistancode.gov.pk/pdffiles/administratord5622ea3f15bfa00b17d2cf7770a8434.pdf",2026-09-23
PPC_1860,"Pakistan Penal Code, 1860",section,478,,PPC_1860_SEC_478,Section 478,Trade mark,"{""federal"": ""in_force"", ""punjab"": ""in_force"", ""sindh"": ""in_force"", ""kp"": ""in_force"", ""balochistan"": ""in_force""}",,"Pakistan Code (pakistancode.gov.pk), Act No. XLV of 1860; https://pakistancode.gov.pk/pdffiles/administratord5622ea3f15bfa00b17d2cf7770a8434.pdf",2026-09-23
PPC_1860,"Pakistan Penal Code, 1860",section,479,,PPC_1860_SEC_479,Section 479,Property mark,"{""federal"": ""in_force"", ""punjab"": ""in_force"", ""sindh"": ""in_force"", ""kp"": ""in_force"", ""balochistan"": ""in_force""}",,"Pakistan Code (pakistancode.gov.pk), Act No. XLV of 1860; https://pakistancode.gov.pk/pdffiles/administratord5622ea3f15bfa00b17d2cf7770a8434.pdf",2026-09-23
PPC_1860,"Pakistan Penal Code, 1860",section,480,,PPC_1860_SEC_480,Section 480,Using a false trade mark,"{""federal"": ""in_force"", ""punjab"": ""in_force"", ""sindh"": ""in_force"", ""kp"": ""in_force"", ""balochistan"": ""in_force""}",,"Pakistan Code (pakistancode.gov.pk), Act No. XLV of 1860; https://pakistancode.gov.pk/pdffiles/administratord5622ea3f15bfa00b17d2cf7770a8434.pdf",2026-09-23
PPC_1860,"Pakistan Penal Code, 1860",section,481,,PPC_1860_SEC_481,Section 481,Using a false property mark,"{""federal"": ""in_force"", ""punjab"": ""in_force"", ""sindh"": ""in_force"", ""kp"": ""in_force"", ""balochistan"": ""in_force""}",,"Pakistan Code (pakistancode.gov.pk), Act No. XLV of 1860; https://pakistancode.gov.pk/pdffiles/administratord5622ea3f15bfa00b17d2cf7770a8434.pdf",2026-09-23
PPC_1860,"Pakistan Penal Code, 1860",section,482,,PPC_1860_SEC_482,Section 482,Punishment for using a false trade­mark or property mark,"{""federal"": ""in_force"", ""punjab"": ""in_force"", ""sindh"": ""in_force"", ""kp"": ""in_force"", ""balochistan"": ""in_force""}",,"Pakistan Code (pakistancode.gov.pk), Act No. XLV of 1860; https://pakistancode.gov.pk/pdffiles/administratord5622ea3f15bfa00b17d2cf7770a8434.pdf",2026-09-23
PPC_1860,"Pakistan Penal Code, 1860",section,483,,PPC_1860_SEC_483,Section 483,Counterfeiting a trade mark or property mark used by another,"{""federal"": ""in_force"", ""punjab"": ""in_force"", ""sindh"": ""in_force"", ""kp"": ""in_force"", ""balochistan"": ""in_force""}",,"Pakistan Code (pakistancode.gov.pk), Act No. XLV of 1860; https://pakistancode.gov.pk/pdffiles/administratord5622ea3f15bfa00b17d2cf7770a8434.pdf",2026-09-23
PPC_1860,"Pakistan Penal Code, 1860",section,484,,PPC_1860_SEC_484,Section 484,Counterfeiting a mark used by a public servant,"{""federal"": ""in_force"", ""punjab"": ""in_force"", ""sindh"": ""in_force"", ""kp"": ""in_force"", ""balochistan"": ""in_force""}",,"Pakistan Code (pakistancode.gov.pk), Act No. XLV of 1860; https://pakistancode.gov.pk/pdffiles/administratord5622ea3f15bfa00b17d2cf7770a8434.pdf",2026-09-23
PPC_1860,"Pakistan Penal Code, 1860",section,485,,PPC_1860_SEC_485,Section 485,Making or possession of any instrument for counterfeiting a trade mark or property mark,"{""federal"": ""in_force"", ""punjab"": ""in_force"", ""sindh"": ""in_force"", ""kp"": ""in_force"", ""balochistan"": ""in_force""}",,"Pakistan Code (pakistancode.gov.pk), Act No. XLV of 1860; https://pakistancode.gov.pk/pdffiles/administratord5622ea3f15bfa00b17d2cf7770a8434.pdf",2026-09-23
PPC_1860,"Pakistan Penal Code, 1860",section,486,,PPC_1860_SEC_486,Section 486,Selling goods marked with a counterfeit trade mark or property mark,"{""federal"": ""in_force"", ""punjab"": ""in_force"", ""sindh"": ""in_force"", ""kp"": ""in_force"", ""balochistan"": ""in_force""}",,"Pakistan Code (pakistancode.gov.pk), Act No. XLV of 1860; https://pakistancode.gov.pk/pdffiles/administratord5622ea3f15bfa00b17d2cf7770a8434.pdf",2026-09-23
PPC_1860,"Pakistan Penal Code, 1860",section,487,,PPC_1860_SEC_487,Section 487,Making a false mark upon any receptacle containing goods,"{""federal"": ""in_force"", ""punjab"": ""in_force"", ""sindh"": ""in_force"", ""kp"": ""in_force"", ""balochistan"": ""in_force""}",,"Pakistan Code (pakistancode.gov.pk), Act No. XLV of 1860; https://pakistancode.gov.pk/pdffiles/administratord5622ea3f15bfa00b17d2cf7770a8434.pdf",2026-09-23
PPC_1860,"Pakistan Penal Code, 1860",section,488,,PPC_1860_SEC_488,Section 488,Punishment for making use of any such false mark,"{""federal"": ""in_force"", ""punjab"": ""in_force"", ""sindh"": ""in_force"", ""kp"": ""in_force"", ""balochistan"": ""in_force""}",,"Pakistan Code (pakistancode.gov.pk), Act No. XLV of 1860; https://pakistancode.gov.pk/pdffiles/administratord5622ea3f15bfa00b17d2cf7770a8434.pdf",2026-09-23
PPC_1860,"Pakistan Penal Code, 1860",section,489,,PPC_1860_SEC_489,Section 489,Tampering with property mark with intent to cause injury,"{""federal"": ""in_force"", ""punjab"": ""in_force"", ""sindh"": ""in_force"", ""kp"": ""in_force"", ""balochistan"": ""in_force""}",,"Pakistan Code (pakistancode.gov.pk), Act No. XLV of 1860; https://pakistancode.gov.pk/pdffiles/administratord5622ea3f15bfa00b17d2cf7770a8434.pdf",2026-09-23
PPC_1860,"Pakistan Penal Code, 1860",section,489A,,PPC_1860_SEC_489A,Section 489A,Counterfeiting currency­notes or bank­notes,"{""federal"": ""in_force"", ""punjab"": ""in_force"", ""sindh"": ""in_force"", ""kp"": ""in_force"", ""balochistan"": ""in_force""}",,"Pakistan Code (pakistancode.gov.pk), Act No. XLV of 1860; https://pakistancode.gov.pk/pdffiles/administratord5622ea3f15bfa00b17d2cf7770a8434.pdf",2026-09-23
PPC_1860,"Pakistan Penal Code, 1860",section,489B,,PPC_1860_SEC_489B,Section 489B,"Using as genuine, forged or counterfeit currency­notes or bank­notes","{""federal"": ""in_force"", ""punjab"": ""in_force"", ""sindh"": ""in_force"", ""kp"": ""in_force"", ""balochistan"": ""in_force""}",,"Pakistan Code (pakistancode.gov.pk), Act No. XLV of 1860; https://pakistancode.gov.pk/pdffiles/administratord5622ea3f15bfa00b17d2cf7770a8434.pdf",2026-09-23
PPC_1860,"Pakistan Penal Code, 1860",section,489C,,PPC_1860_SEC_489C,Section 489C,Possession of forged or counterfeit currency­notes or bank­notes,"{""federal"": ""in_force"", ""punjab"": ""in_force"", ""sindh"": ""in_force"", ""kp"": ""in_force"", ""balochistan"": ""in_force""}",,"Pakistan Code (pakistancode.gov.pk), Act No. XLV of 1860; https://pakistancode.gov.pk/pdffiles/administratord5622ea3f15bfa00b17d2cf7770a8434.pdf",2026-09-23
PPC_1860,"Pakistan Penal Code, 1860",section,489D,,PPC_1860_SEC_489D,Section 489D,Making or possessing instruments or materials for forging or counterfeiting currency­notes or,"{""federal"": ""in_force"", ""punjab"": ""in_force"", ""sindh"": ""in_force"", ""kp"": ""in_force"", ""balochistan"": ""in_force""}",,"Pakistan Code (pakistancode.gov.pk), Act No. XLV of 1860; https://pakistancode.gov.pk/pdffiles/administratord5622ea3f15bfa00b17d2cf7770a8434.pdf",2026-09-23
PPC_1860,"Pakistan Penal Code, 1860",section,489E,,PPC_1860_SEC_489E,Section 489E,Making or using documents resembling currency­notes or bank­notes,"{""federal"": ""in_force"", ""punjab"": ""in_force"", ""sindh"": ""in_force"", ""kp"": ""in_force"", ""balochistan"": ""in_force""}",,"Pakistan Code (pakistancode.gov.pk), Act No. XLV of 1860; https://pakistancode.gov.pk/pdffiles/administratord5622ea3f15bfa00b17d2cf7770a8434.pdf",2026-09-23
PPC_1860,"Pakistan Penal Code, 1860",section,489F,,PPC_1860_SEC_489F,Section 489F,Dishonestly issuing a cheque,"{""federal"": ""in_force"", ""punjab"": ""in_force"", ""sindh"": ""in_force"", ""kp"": ""in_force"", ""balochistan"": ""in_force""}",,"Pakistan Code (pakistancode.gov.pk), Act No. XLV of 1860; https://pakistancode.gov.pk/pdffiles/administratord5622ea3f15bfa00b17d2cf7770a8434.pdf",2026-09-23
PPC_1860,"Pakistan Penal Code, 1860",section,489G,,PPC_1860_SEC_489G,Section 489G,Counterfeiting or using documents resembling prize bonds or unauthorized sale thereof,"{""federal"": ""in_force"", ""punjab"": ""in_force"", ""sindh"": ""in_force"", ""kp"": ""in_force"", ""balochistan"": ""in_force""}",,"Pakistan Code (pakistancode.gov.pk), Act No. XLV of 1860; https://pakistancode.gov.pk/pdffiles/administratord5622ea3f15bfa00b17d2cf7770a8434.pdf",2026-09-23
PPC_1860,"Pakistan Penal Code, 1860",section,490,,PPC_1860_SEC_490,Section 490,[Repealed],"{""federal"": ""repealed"", ""punjab"": ""repealed"", ""sindh"": ""repealed"", ""kp"": ""repealed"", ""balochistan"": ""repealed""}",,"Pakistan Code (pakistancode.gov.pk), Act No. XLV of 1860; https://pakistancode.gov.pk/pdffiles/administratord5622ea3f15bfa00b17d2cf7770a8434.pdf",2026-09-23
PPC_1860,"Pakistan Penal Code, 1860",section,491,,PPC_1860_SEC_491,Section 491,Breach of contract to attend on and supply wants of helpless person,"{""federal"": ""in_force"", ""punjab"": ""in_force"", ""sindh"": ""in_force"", ""kp"": ""in_force"", ""balochistan"": ""in_force""}",,"Pakistan Code (pakistancode.gov.pk), Act No. XLV of 1860; https://pakistancode.gov.pk/pdffiles/administratord5622ea3f15bfa00b17d2cf7770a8434.pdf",2026-09-23
PPC_1860,"Pakistan Penal Code, 1860",section,492,,PPC_1860_SEC_492,Section 492,[Repealed],"{""federal"": ""repealed"", ""punjab"": ""repealed"", ""sindh"": ""repealed"", ""kp"": ""repealed"", ""balochistan"": ""repealed""}",,"Pakistan Code (pakistancode.gov.pk), Act No. XLV of 1860; https://pakistancode.gov.pk/pdffiles/administratord5622ea3f15bfa00b17d2cf7770a8434.pdf",2026-09-23
PPC_1860,"Pakistan Penal Code, 1860",section,493,,PPC_1860_SEC_493,Section 493,[Repealed],"{""federal"": ""repealed"", ""punjab"": ""repealed"", ""sindh"": ""repealed"", ""kp"": ""repealed"", ""balochistan"": ""repealed""}",,"Pakistan Code (pakistancode.gov.pk), Act No. XLV of 1860; https://pakistancode.gov.pk/pdffiles/administratord5622ea3f15bfa00b17d2cf7770a8434.pdf",2026-09-23
PPC_1860,"Pakistan Penal Code, 1860",section,493A,,PPC_1860_SEC_493A,Section 493A,Cohabitation caused by a man deceitfully inducing a belief of lawful marriage,"{""federal"": ""in_force"", ""punjab"": ""in_force"", ""sindh"": ""in_force"", ""kp"": ""in_force"", ""balochistan"": ""in_force""}",,"Pakistan Code (pakistancode.gov.pk), Act No. XLV of 1860; https://pakistancode.gov.pk/pdffiles/administratord5622ea3f15bfa00b17d2cf7770a8434.pdf",2026-09-23
PPC_1860,"Pakistan Penal Code, 1860",section,494,,PPC_1860_SEC_494,Section 494,Marrying again during lifetime of husband or wife,"{""federal"": ""in_force"", ""punjab"": ""in_force"", ""sindh"": ""in_force"", ""kp"": ""in_force"", ""balochistan"": ""in_force""}",,"Pakistan Code (pakistancode.gov.pk), Act No. XLV of 1860; https://pakistancode.gov.pk/pdffiles/administratord5622ea3f15bfa00b17d2cf7770a8434.pdf",2026-09-23
PPC_1860,"Pakistan Penal Code, 1860",section,495,,PPC_1860_SEC_495,Section 495,Same offence with concealment of former marriage from person with whom subsequent,"{""federal"": ""in_force"", ""punjab"": ""in_force"", ""sindh"": ""in_force"", ""kp"": ""in_force"", ""balochistan"": ""in_force""}",,"Pakistan Code (pakistancode.gov.pk), Act No. XLV of 1860; https://pakistancode.gov.pk/pdffiles/administratord5622ea3f15bfa00b17d2cf7770a8434.pdf",2026-09-23
PPC_1860,"Pakistan Penal Code, 1860",section,496,,PPC_1860_SEC_496,Section 496,Marriage ceremony fraudulently gone through without lawful marriage,"{""federal"": ""in_force"", ""punjab"": ""in_force"", ""sindh"": ""in_force"", ""kp"": ""in_force"", ""balochistan"": ""in_force""}",,"Pakistan Code (pakistancode.gov.pk), Act No. XLV of 1860; https://pakistancode.gov.pk/pdffiles/administratord5622ea3f15bfa00b17d2cf7770a8434.pdf",2026-09-23
PPC_1860,"Pakistan Penal Code, 1860",section,496A,,PPC_1860_SEC_496A,Section 496A,Enticing or taking away or detaining with criminal intent a woman,"{""federal"": ""in_force"", ""punjab"": ""in_force"", ""sindh"": ""in_force"", ""kp"": ""in_force"", ""balochistan"": ""in_force""}",,"Pakistan Code (pakistancode.gov.pk), Act No. XLV of 1860; https://pakistancode.gov.pk/pdffiles/administratord5622ea3f15bfa00b17d2cf7770a8434.pdf",2026-09-23
PPC_1860,"Pakistan Penal Code, 1860",section,496B,,PPC_1860_SEC_496B,Section 496B,Fornication,"{""federal"": ""in_force"", ""punjab"": ""in_force"", ""sindh"": ""in_force"", ""kp"": ""in_force"", ""balochistan"": ""in_force""}",,"Pakistan Code (pakistancode.gov.pk), Act No. XLV of 1860; https://pakistancode.gov.pk/pdffiles/administratord5622ea3f15bfa00b17d2cf7770a8434.pdf",2026-09-23
PPC_1860,"Pakistan Penal Code, 1860",section,496C,,PPC_1860_SEC_496C,Section 496C,Punishment for false accusation of fornication,"{""federal"": ""in_force"", ""punjab"": ""in_force"", ""sindh"": ""in_force"", ""kp"": ""in_force"", ""balochistan"": ""in_force""}",,"Pakistan Code (pakistancode.gov.pk), Act No. XLV of 1860; https://pakistancode.gov.pk/pdffiles/administratord5622ea3f15bfa00b17d2cf7770a8434.pdf",2026-09-23
PPC_1860,"Pakistan Penal Code, 1860",section,497,,PPC_1860_SEC_497,Section 497,[Repealed],"{""federal"": ""repealed"", ""punjab"": ""repealed"", ""sindh"": ""repealed"", ""kp"": ""repealed"", ""balochistan"": ""repealed""}",,"Pakistan Code (pakistancode.gov.pk), Act No. XLV of 1860; https://pakistancode.gov.pk/pdffiles/administratord5622ea3f15bfa00b17d2cf7770a8434.pdf",2026-09-23
PPC_1860,"Pakistan Penal Code, 1860",section,498,,PPC_1860_SEC_498,Section 498,[Repealed],"{""federal"": ""repealed"", ""punjab"": ""repealed"", ""sindh"": ""repealed"", ""kp"": ""repealed"", ""balochistan"": ""repealed""}",,"Pakistan Code (pakistancode.gov.pk), Act No. XLV of 1860; https://pakistancode.gov.pk/pdffiles/administratord5622ea3f15bfa00b17d2cf7770a8434.pdf",2026-09-23
PPC_1860,"Pakistan Penal Code, 1860",section,498A,,PPC_1860_SEC_498A,Section 498A,Prohibition of depriving women from inheriting property,"{""federal"": ""in_force"", ""punjab"": ""in_force"", ""sindh"": ""in_force"", ""kp"": ""in_force"", ""balochistan"": ""in_force""}",,"Pakistan Code (pakistancode.gov.pk), Act No. XLV of 1860; https://pakistancode.gov.pk/pdffiles/administratord5622ea3f15bfa00b17d2cf7770a8434.pdf",2026-09-23
PPC_1860,"Pakistan Penal Code, 1860",section,498B,,PPC_1860_SEC_498B,Section 498B,Prohibition of forced marriage,"{""federal"": ""in_force"", ""punjab"": ""in_force"", ""sindh"": ""in_force"", ""kp"": ""in_force"", ""balochistan"": ""in_force""}",,"Pakistan Code (pakistancode.gov.pk), Act No. XLV of 1860; https://pakistancode.gov.pk/pdffiles/administratord5622ea3f15bfa00b17d2cf7770a8434.pdf",2026-09-23
PPC_1860,"Pakistan Penal Code, 1860",section,498C,,PPC_1860_SEC_498C,Section 498C,Prohibition of marriage with the Holy Quran,"{""federal"": ""in_force"", ""punjab"": ""in_force"", ""sindh"": ""in_force"", ""kp"": ""in_force"", ""balochistan"": ""in_force""}",,"Pakistan Code (pakistancode.gov.pk), Act No. XLV of 1860; https://pakistancode.gov.pk/pdffiles/administratord5622ea3f15bfa00b17d2cf7770a8434.pdf",2026-09-23
PPC_1860,"Pakistan Penal Code, 1860",section,499,,PPC_1860_SEC_499,Section 499,Defamation,"{""federal"": ""in_force"", ""punjab"": ""in_force"", ""sindh"": ""in_force"", ""kp"": ""in_force"", ""balochistan"": ""in_force""}",,"Pakistan Code (pakistancode.gov.pk), Act No. XLV of 1860; https://pakistancode.gov.pk/pdffiles/administratord5622ea3f15bfa00b17d2cf7770a8434.pdf",2026-09-23
PPC_1860,"Pakistan Penal Code, 1860",section,500,,PPC_1860_SEC_500,Section 500,Punishment for defamation,"{""federal"": ""in_force"", ""punjab"": ""in_force"", ""sindh"": ""in_force"", ""kp"": ""in_force"", ""balochistan"": ""in_force""}",,"Pakistan Code (pakistancode.gov.pk), Act No. XLV of 1860; https://pakistancode.gov.pk/pdffiles/administratord5622ea3f15bfa00b17d2cf7770a8434.pdf",2026-09-23
PPC_1860,"Pakistan Penal Code, 1860",section,501,,PPC_1860_SEC_501,Section 501,Printing or engraving matter known to be defamatory,"{""federal"": ""in_force"", ""punjab"": ""in_force"", ""sindh"": ""in_force"", ""kp"": ""in_force"", ""balochistan"": ""in_force""}",,"Pakistan Code (pakistancode.gov.pk), Act No. XLV of 1860; https://pakistancode.gov.pk/pdffiles/administratord5622ea3f15bfa00b17d2cf7770a8434.pdf",2026-09-23
PPC_1860,"Pakistan Penal Code, 1860",section,502,,PPC_1860_SEC_502,Section 502,Sale of printed or engraved substance containing defamatory matter,"{""federal"": ""in_force"", ""punjab"": ""in_force"", ""sindh"": ""in_force"", ""kp"": ""in_force"", ""balochistan"": ""in_force""}",,"Pakistan Code (pakistancode.gov.pk), Act No. XLV of 1860; https://pakistancode.gov.pk/pdffiles/administratord5622ea3f15bfa00b17d2cf7770a8434.pdf",2026-09-23
PPC_1860,"Pakistan Penal Code, 1860",section,502A,,PPC_1860_SEC_502A,Section 502A,Trial of offences under this Chapter,"{""federal"": ""in_force"", ""punjab"": ""in_force"", ""sindh"": ""in_force"", ""kp"": ""in_force"", ""balochistan"": ""in_force""}",,"Pakistan Code (pakistancode.gov.pk), Act No. XLV of 1860; https://pakistancode.gov.pk/pdffiles/administratord5622ea3f15bfa00b17d2cf7770a8434.pdf",2026-09-23
PPC_1860,"Pakistan Penal Code, 1860",section,503,,PPC_1860_SEC_503,Section 503,Criminal intimidation,"{""federal"": ""in_force"", ""punjab"": ""in_force"", ""sindh"": ""in_force"", ""kp"": ""in_force"", ""balochistan"": ""in_force""}",,"Pakistan Code (pakistancode.gov.pk), Act No. XLV of 1860; https://pakistancode.gov.pk/pdffiles/administratord5622ea3f15bfa00b17d2cf7770a8434.pdf",2026-09-23
PPC_1860,"Pakistan Penal Code, 1860",section,504,,PPC_1860_SEC_504,Section 504,Intentional insult with intent to provoke breach of the peace,"{""federal"": ""in_force"", ""punjab"": ""in_force"", ""sindh"": ""in_force"", ""kp"": ""in_force"", ""balochistan"": ""in_force""}",,"Pakistan Code (pakistancode.gov.pk), Act No. XLV of 1860; https://pakistancode.gov.pk/pdffiles/administratord5622ea3f15bfa00b17d2cf7770a8434.pdf",2026-09-23
PPC_1860,"Pakistan Penal Code, 1860",section,505,,PPC_1860_SEC_505,Section 505,Statement conducing to public mischief,"{""federal"": ""in_force"", ""punjab"": ""in_force"", ""sindh"": ""in_force"", ""kp"": ""in_force"", ""balochistan"": ""in_force""}",,"Pakistan Code (pakistancode.gov.pk), Act No. XLV of 1860; https://pakistancode.gov.pk/pdffiles/administratord5622ea3f15bfa00b17d2cf7770a8434.pdf",2026-09-23
PPC_1860,"Pakistan Penal Code, 1860",section,506,,PPC_1860_SEC_506,Section 506,Punishment for criminal intimidation;,"{""federal"": ""in_force"", ""punjab"": ""in_force"", ""sindh"": ""in_force"", ""kp"": ""in_force"", ""balochistan"": ""in_force""}",,"Pakistan Code (pakistancode.gov.pk), Act No. XLV of 1860; https://pakistancode.gov.pk/pdffiles/administratord5622ea3f15bfa00b17d2cf7770a8434.pdf",2026-09-23
PPC_1860,"Pakistan Penal Code, 1860",section,507,,PPC_1860_SEC_507,Section 507,Criminal intimidation by an anonymous communication,"{""federal"": ""in_force"", ""punjab"": ""in_force"", ""sindh"": ""in_force"", ""kp"": ""in_force"", ""balochistan"": ""in_force""}",,"Pakistan Code (pakistancode.gov.pk), Act No. XLV of 1860; https://pakistancode.gov.pk/pdffiles/administratord5622ea3f15bfa00b17d2cf7770a8434.pdf",2026-09-23
PPC_1860,"Pakistan Penal Code, 1860",section,508,,PPC_1860_SEC_508,Section 508,Act caused by inducing person to believe that he will be rendered an object of the Divine,"{""federal"": ""in_force"", ""punjab"": ""in_force"", ""sindh"": ""in_force"", ""kp"": ""in_force"", ""balochistan"": ""in_force""}",,"Pakistan Code (pakistancode.gov.pk), Act No. XLV of 1860; https://pakistancode.gov.pk/pdffiles/administratord5622ea3f15bfa00b17d2cf7770a8434.pdf",2026-09-23
PPC_1860,"Pakistan Penal Code, 1860",section,509,,PPC_1860_SEC_509,Section 509,Insulting modesty or causing sexual harassment,"{""federal"": ""in_force"", ""punjab"": ""in_force"", ""sindh"": ""in_force"", ""kp"": ""in_force"", ""balochistan"": ""in_force""}",,"Pakistan Code (pakistancode.gov.pk), Act No. XLV of 1860; https://pakistancode.gov.pk/pdffiles/administratord5622ea3f15bfa00b17d2cf7770a8434.pdf",2026-09-23
PPC_1860,"Pakistan Penal Code, 1860",section,510,,PPC_1860_SEC_510,Section 510,Misconduct in public by a drunken person,"{""federal"": ""in_force"", ""punjab"": ""in_force"", ""sindh"": ""in_force"", ""kp"": ""in_force"", ""balochistan"": ""in_force""}",,"Pakistan Code (pakistancode.gov.pk), Act No. XLV of 1860; https://pakistancode.gov.pk/pdffiles/administratord5622ea3f15bfa00b17d2cf7770a8434.pdf",2026-09-23
PPC_1860,"Pakistan Penal Code, 1860",section,511,,PPC_1860_SEC_511,Section 511,Punishment for attempting to commit offences punishable with imprisonment for life or for a,"{""federal"": ""in_force"", ""punjab"": ""in_force"", ""sindh"": ""in_force"", ""kp"": ""in_force"", ""balochistan"": ""in_force""}",,"Pakistan Code (pakistancode.gov.pk), Act No. XLV of 1860; https://pakistancode.gov.pk/pdffiles/administratord5622ea3f15bfa00b17d2cf7770a8434.pdf",2026-09-23
PPC_1860,"Pakistan Penal Code, 1860",section,302,a,PPC_1860_SEC_302_A,Section 302(a),Punishment of qatl-i-amd with death as qisas,"{""federal"": ""in_force"", ""punjab"": ""in_force"", ""sindh"": ""in_force"", ""kp"": ""in_force"", ""balochistan"": ""in_force""}",,"Pakistan Code (pakistancode.gov.pk), Act No. XLV of 1860; https://pakistancode.gov.pk/pdffiles/administratord5622ea3f15bfa00b17d2cf7770a8434.pdf",2026-09-23
PPC_1860,"Pakistan Penal Code, 1860",section,302,b,PPC_1860_SEC_302_B,Section 302(b),Punishment of qatl-i-amd with death or imprisonment for life as ta'zir having regard to facts and circumstances of case,"{""federal"": ""in_force"", ""punjab"": ""in_force"", ""sindh"": ""in_force"", ""kp"": ""in_force"", ""balochistan"": ""in_force""}",,"Pakistan Code (pakistancode.gov.pk), Act No. XLV of 1860; https://pakistancode.gov.pk/pdffiles/administratord5622ea3f15bfa00b17d2cf7770a8434.pdf",2026-09-23
PPC_1860,"Pakistan Penal Code, 1860",section,302,c,PPC_1860_SEC_302_C,Section 302(c),Punishment of qatl-i-amd with imprisonment for a term which may extend to twenty-five years where according to the Injunctions of Islam punishment of qisas is not applicable,"{""federal"": ""in_force"", ""punjab"": ""in_force"", ""sindh"": ""in_force"", ""kp"": ""in_force"", ""balochistan"": ""in_force""}",,"Pakistan Code (pakistancode.gov.pk), Act No. XLV of 1860; https://pakistancode.gov.pk/pdffiles/administratord5622ea3f15bfa00b17d2cf7770a8434.pdf",2026-09-23
PPC_1860,"Pakistan Penal Code, 1860",section,22A,,PPC_1860_SEC_22A,Section 22A,Powers of Justices of the Peace,"{""federal"": ""in_force"", ""punjab"": ""in_force"", ""sindh"": ""in_force"", ""kp"": ""in_force"", ""balochistan"": ""in_force""}",,"Pakistan Code (pakistancode.gov.pk), Act No. XLV of 1860; https://pakistancode.gov.pk/pdffiles/administratord5622ea3f15bfa00b17d2cf7770a8434.pdf",2026-09-23
PPC_1860,"Pakistan Penal Code, 1860",section,22A,6,PPC_1860_SEC_22A_6,Section 22-A(6),Ex-officio Justice of Peace complaints against police non-registration of FIR or negligence,"{""federal"": ""in_force"", ""punjab"": ""in_force"", ""sindh"": ""in_force"", ""kp"": ""in_force"", ""balochistan"": ""in_force""}",,"Pakistan Code (pakistancode.gov.pk), Act No. XLV of 1860; https://pakistancode.gov.pk/pdffiles/administratord5622ea3f15bfa00b17d2cf7770a8434.pdf",2026-09-23
PPC_1860,"Pakistan Penal Code, 1860",section,22A,6(a),PPC_1860_SEC_22A_6_A,Section 22-A(6)(a),Direction to police authority to register criminal case under Section 154 CrPC,"{""federal"": ""in_force"", ""punjab"": ""in_force"", ""sindh"": ""in_force"", ""kp"": ""in_force"", ""balochistan"": ""in_force""}",,"Pakistan Code (pakistancode.gov.pk), Act No. XLV of 1860; https://pakistancode.gov.pk/pdffiles/administratord5622ea3f15bfa00b17d2cf7770a8434.pdf",2026-09-23
